day,IRRAD,TMIN,TMAX,VAP,WIND,RAIN,E0,ES0,ET0
2015-01-01,9670000.0,-2.5,0.5,3.5226190882501833,14.734662902967491,0.0,0.30521030538076543,0.29006453039868585,0.17259780323693982
2015-01-02,9450000.0,-6.8,3.8,3.6286466874773073,10.113432043292129,0.010000000000000002,0.19359744982758803,0.1790919304037952,0.162287899667801
2015-01-03,10870000.0,-4.7,2.8,4.48873215936358,3.6634628058566343,0.0,0.06821058516865562,0.05115122221147382,0.08689117930739973
2015-01-04,10210000.0,-3.4,9.6,6.430140555005693,4.8906031248118795,0.0,0.09017014913623202,0.07153702835082962,0.1187692536612343
2015-01-05,9570000.0,1.0,12.0,8.98530743021922,10.679113800078817,0.66,0.09741070150660516,0.07790547007362432,0.10468857091958535
2015-01-06,10880000.0,-2.6,1.8,3.1915522644276546,15.851061290699946,0.0,0.40358692167481947,0.3861361018634622,0.22126483489826415
2015-01-07,9110000.0,-1.9,1.6,3.559182056367176,12.852050072180054,0.0,0.3060306580089046,0.29127549915786494,0.1918290364337178
2015-01-08,9000000.0,-1.0,3.0,4.474650357111268,10.643197498060614,0.0,0.22042081317077913,0.20519087234135674,0.158558092048899
2015-01-09,8310000.000000001,-1.4,5.8,5.005461083876151,9.634548016382766,0.0,0.20507574025705194,0.19038288556231614,0.16721898934226925
2015-01-10,11510000.0,-2.1,6.4,5.153345927403837,7.40474426608604,0.0,0.15761035682327687,0.1372960017520631,0.15328076409361618
2015-01-11,10760000.0,-2.3,5.5,4.277519707666944,12.861029147684604,0.0,0.30903959234089134,0.2904232244904883,0.2113351541669862
2015-01-12,12300000.0,-4.5,2.9,3.3349958773388533,6.255422601503567,0.0,0.16830321346834545,0.1488838824284494,0.16692144526710173
2015-01-13,10030000.0,-1.3,8.8,5.59986201414332,4.6571471616935645,0.0,0.13177118859663978,0.11305508647858234,0.15896831903419542
2015-01-14,3410000.0,-2.7,7.0,5.823255359318597,4.453621450257085,0.04000000000000001,0.08341665959982143,0.07739824510869729,0.10109553348297592
2015-01-15,11900000.0,-2.0,8.0,5.5503158399015575,7.611263002690703,0.0,0.16859247052832577,0.14695030077933738,0.16612040608427064
2015-01-16,6060000.0,-0.6,5.7,5.354339067899816,13.109450236643838,0.06,0.2490200689494923,0.23817129683779834,0.16397475675768697
2015-01-17,10790000.0,-5.3,2.2,3.6286466874773073,10.535448592006006,0.0,0.2099318963509956,0.19340320647688083,0.15290742644701835
2015-01-18,11740000.0,-2.6,4.7,5.339520797089885,9.212531467668889,0.020000000000000004,0.14197717683189054,0.12207347261300168,0.11435071164674737
2015-01-19,11200000.0,-3.5,6.1,4.588409342932568,9.81712255164196,0.0,0.2189500603175944,0.19978488044039663,0.1800278121139057
2015-01-20,12050000.0,-1.5,6.8,4.780230234459634,4.776868168420905,0.0,0.15213084703239343,0.1304824338424224,0.16815745187574765
2015-01-21,2740000.0,2.1,8.0,7.904145207424529,5.237794044321168,0.5,0.06970326448656944,0.06436642846795954,0.07378065246389862
2015-01-22,10020000.0,-1.1,6.2,5.848160844479189,9.026963907241509,0.0,0.1591404177134486,0.141202348974311,0.12953207839513942
2015-01-23,11310000.0,-2.1,5.9,5.097836507893427,3.60958835282933,0.0,0.11076359804852327,0.09098106209076924,0.12648463059179704
2015-01-24,12170000.0,-1.8,8.3,5.7210720098045735,5.363501101384876,0.0,0.1443681020500298,0.12204271043171896,0.15499063529605123
2015-01-25,6320000.0,4.7,13.5,10.1889649877975,7.722004933913493,0.77,0.13019587562568896,0.1163092024580965,0.12815753467921748
2015-01-26,3360000.0,-0.4,8.2,7.048002157629426,11.382474714601944,0.0,0.13005738562729333,0.12375581492342162,0.10571433638926835
2015-01-27,11510000.0,-3.3,1.5,3.372012953915301,13.88464375520337,0.0,0.3364533934267707,0.3183535275799564,0.19308917683971033
2015-01-28,12030000.0,-4.3,2.0,3.244027367559681,6.758250829758398,0.0,0.1959136037018528,0.17718449566275585,0.17063821444961788
2015-01-29,2900000.0,-0.8,3.8,5.853509975064121,7.1353720009495225,0.6900000000000001,0.09203744200416485,0.08703835797841794,0.07901300891137648
2015-01-30,10090000.0,-2.7,3.6,3.774822485558231,13.312975948080318,0.010000000000000002,0.3413207077280999,0.3245966804024069,0.20856380879288688
2015-01-31,12970000.0,-6.1,0.7,3.01377691062812,9.212531467668889,0.0,0.22412057076949696,0.20517957180638707,0.1626594564056458
2015-02-01,14830000.0,-4.5,3.4,3.4404550392632127,6.2614086518399334,0.0,0.19836153455434005,0.17471500503184337,0.17947072650376533
2015-02-02,13910000.0,-4.1,5.8,3.7796626467456975,6.237464450494466,0.0,0.2118001876696219,0.18839328686536172,0.2018375760893866
2015-02-03,11770000.0,-2.0,6.2,4.512761374220775,5.755587398416918,0.0,0.19165127423233413,0.17091525788465411,0.1835194262351009
2015-02-04,11370000.0,-2.7,5.5,4.808633417618042,8.93418012702782,0.0,0.21192166838187113,0.19239370410957463,0.16546570323367896
2015-02-05,12380000.0,-1.4,4.4,4.526949393894661,9.628561966046398,0.0,0.25311853365873516,0.2317776163350293,0.18171850970189873
2015-02-06,12410000.0,-0.7,5.1,4.838692905955602,5.707698995725981,0.0,0.1841183109915744,0.16217627407681245,0.1653288114574522
2015-02-07,9310000.0,-3.9,6.7,4.611466200006287,11.705721432765765,0.0,0.272695384227265,0.25670546801133887,0.19751129342494464
2015-02-08,8400000.0,-4.2,-2.5,2.2686358197984715,19.239165781083695,0.0,0.49946603089945574,0.4875354631829231,0.21226229612422126
2015-02-09,11720000.0,-3.5,1.5,3.217694789694837,10.825772033319808,0.0,0.30266594015073955,0.28430932352302785,0.1961462782859235
2015-02-10,13600000.0,-1.0,7.7,5.47084029226776,9.212531467668889,0.0,0.25605518719663445,0.23102064743054185,0.19659537963690127
2015-02-11,13240000.0,-1.6,9.8,6.109852424892113,8.628891559873102,0.010000000000000002,0.23150033868369344,0.2065023430973215,0.19678132259697717
2015-02-12,13970000.0,-2.9,4.1,3.396159176088465,12.630566209734473,0.0,0.4005350115128189,0.3772476881605574,0.24675657670640297
2015-02-13,15270000.0,-3.9,4.6,3.8076005924971352,7.479569895290628,0.0,0.24629903827965888,0.22108557295493375,0.19819357159672962
2015-02-14,16239999.999999998,0.2,9.5,5.930657810948904,6.189576047803529,0.0,0.24079560089946933,0.20936779109552517,0.21402259491679604
2015-02-15,3620000.0,5.7,11.0,9.66587584618555,14.459304587494607,1.4300000000000002,0.18551536466363747,0.17772569141537925,0.11887304025236989
2015-02-16,3910000.0,3.0,10.7,8.418378564648181,10.828765058487992,0.05,0.17257247879607618,0.16451853552548634,0.13542583459550075
2015-02-17,9320000.0,1.3,5.9,5.524841032058505,12.852050072180054,0.0,0.3197665263412003,0.3024634623329412,0.19419437715332788
2015-02-18,8250000.0,-1.8,4.6,4.876501241490257,11.660826055243012,0.0,0.25272229837424887,0.23855293115820264,0.16186358820005758
2015-02-19,17140000.0,-3.8,7.8,4.952903728308125,5.1180730375938275,0.0,0.2039507799961152,0.17386247305810584,0.1881984958460773
2015-02-20,13870000.0,2.5,10.3,6.840555856011857,10.816792957815256,0.18000000000000002,0.3355616452938682,0.30737834443952616,0.23466186332545674
2015-02-21,2580000.0,5.0,11.7,11.039071212996237,10.439671786624134,0.55,0.03304299353342845,0.027491237461465402,0.03544667781211311
2015-02-22,9410000.0,0.8,6.3,5.410648215788848,10.96345119105625,0.0,0.2987361350562022,0.2812956646807444,0.19853014356187415
2015-02-23,16079999.999999998,-0.9,7.2,4.899311624591945,7.796830563118081,0.0,0.29169023349996576,0.26229365169063634,0.22470992822604918
2015-02-24,17170000.0,-2.0,8.4,4.687111606675051,6.653494948871976,0.0,0.286498190984576,0.2550547088684571,0.24324376114086804
2015-02-25,12040000.0,2.2,11.1,6.360696431400957,6.243450500830832,0.0,0.2719730498812537,0.2473216467729135,0.2453410278024223
2015-02-26,14550000.0,-0.9,6.2,3.9689828491004695,14.160002070676256,0.0,0.5005940600061594,0.47445427478507407,0.28763812506604747
2015-02-27,15170000.0,-4.1,2.4,3.083802297066871,8.853368447486867,0.0,0.3119459086398148,0.288042991336241,0.21516438052142478
2015-02-28,6470000.0,1.1,6.7,5.932462595191463,7.144351076454073,0.34,0.19596754462583066,0.1838332700859348,0.15988707651839945
2015-03-01,12890000.0,-2.1,6.6,4.760882203162216,10.948486065215333,0.0,0.3238586941289533,0.3010272114603345,0.21524451029115138
2015-03-02,19360000.0,-0.3,9.4,4.7223941357309425,4.450628425088901,0.03,0.285359035884575,0.24825804815164448,0.263440112639057
2015-03-03,8289999.999999999,-0.7,9.6,5.275726876249485,12.504859152670766,0.18000000000000002,0.38954558626827834,0.3737109568528768,0.2692658138966722
2015-03-04,17600000.0,-2.7,3.5,3.083802297066871,14.884314161376668,0.0,0.5312834181901286,0.5021671981420285,0.27660933815827565
2015-03-05,17590000.0,-3.1,6.2,3.6076820337205304,5.827420002453322,0.0,0.2930202607712231,0.262642615273131,0.24670741337855065
2015-03-06,17520000.0,0.3,10.9,5.430646792312417,4.645175061020829,0.0,0.2881467999144136,0.25341941648708344,0.26656897577526584
2015-03-07,18480000.0,-3.2,10.8,4.5999249710685,5.845378153462424,0.0,0.3633101157943935,0.3287679556399161,0.2877580452024023
2015-03-08,18470000.0,3.4,14.2,6.3664580142643965,6.132708569608042,0.06999999999999999,0.3935674082014499,0.3533186200379608,0.3535576014866747
2015-03-09,19630000.0,-3.1,8.6,3.4038741980467777,20.412431647011637,0.0,0.8100589678845246,0.7746686226965808,0.3863455821294438
2015-03-10,19520000.0,-1.3,2.2,2.9529383753641616,16.6412199351004,0.0,0.618303398086363,0.5859492837754089,0.2886929877063093
2015-03-11,18960000.0,-2.4,8.2,4.495787776886289,11.909247144202244,0.0,0.44802783407774466,0.41366566232638513,0.2828551236974928
2015-03-12,21270000.0,3.0,9.3,5.038169142723842,7.470590819786078,0.13999999999999999,0.44074406186313375,0.3978545810347534,0.3299566019597543
2015-03-13,10860000.0,-3.1,11.3,7.209357642889314,7.237134856667764,0.73,0.1904144174900047,0.16991001929755764,0.1560730996695012
2015-03-14,20520000.0,-3.0,10.1,4.452200897938433,4.1573119586069165,0.0,0.3139861181718056,0.2759544016888732,0.27252353292435033
2015-03-15,19840000.0,1.9,13.9,4.762368046494723,4.7529239670754375,0.0,0.395962111710072,0.3538140920125065,0.3824009569117699
2015-03-16,20150000.0,1.9,19.4,6.985192593844077,5.408396478907628,0.0,0.5569453971587656,0.5108088033703712,0.4442518201591025
2015-03-17,14930000.0,10.5,20.6,12.276198022715528,5.947141009180664,0.9,0.3980184255266127,0.35970980318516277,0.36349569513355895
2015-03-18,1570000.0,9.8,13.0,12.549630967280724,9.577680538187279,2.74,0.07230420632381315,0.06864047673862869,0.08098290464342857
2015-03-19,17160000.0,7.0,19.8,10.093355514537436,4.283019015670623,0.0,0.3838032119368123,0.34179656416609727,0.35734656462005054
2015-03-20,15250000.0,4.8,17.8,9.145410194640338,4.357844644875212,0.0,0.33660586119074865,0.3011075224883807,0.3100782074412763
2015-03-21,22540000.0,2.9,17.8,8.233328260241523,6.252429576335383,0.0,0.5201680459930755,0.46895856434985694,0.38736098985028244
2015-03-22,22970000.0,0.4,15.6,5.063216449289972,10.652176573565164,0.0,0.8658127057017646,0.8168749418471835,0.4990260331671319
2015-03-23,23500000.0,-0.7,10.0,4.166667381663488,10.463615987969604,0.0,0.5733108980406117,0.5281284932494125,0.37766909525982123
2015-03-24,23650000.0,-2.6,10.4,4.425671858054512,7.476576870122444,0.0,0.47471092765788525,0.43035612195950257,0.3325150891819749
2015-03-25,23770000.0,-3.3,13.1,4.93753897829564,4.121395656588713,0.0,0.4317275923023248,0.3856530979629046,0.3275929850932601
2015-03-26,23860000.0,-1.6,14.9,4.928340403351714,5.758580423585102,0.0,0.5815130739613341,0.532660708665238,0.4094667584073183
2015-03-27,21550000.0,-0.4,17.1,6.320494237001641,3.8220931397703612,0.0,0.4464642803322204,0.4000920542272578,0.3703531776882835
2015-03-28,19060000.0,4.4,16.8,6.789544811523228,4.297984141511542,0.0,0.41595624417241195,0.3723715557350663,0.38888363912004525
2015-03-29,22720000.0,3.6,18.8,9.64367972314156,5.561040762484989,0.0,0.4856150566588925,0.43286093587089985,0.3653031070270762
2015-03-30,22800000.0,6.9,21.2,11.435441025113665,7.2820302341905165,0.0,0.5838277466863566,0.5271887474980601,0.42887345789223696
2015-03-31,3700000.0,13.1,17.1,15.20371713797638,6.851034609972087,0.13999999999999999,0.1482187636811501,0.13881465704575727,0.14008777469676664
2015-04-01,13150000.0,10.2,23.2,12.183954956847245,11.732658659279416,0.0,0.7001992030792695,0.6656584849104996,0.5307317138487129
2015-04-02,18050000.0,8.3,19.1,14.718434962555547,18.083858066164858,1.77,0.3746595218380499,0.33017133403196874,0.19407176120293107
2015-04-03,14340000.0,7.0,12.7,9.811250940739514,9.658492217728234,0.0,0.34509054452610133,0.31293701988584965,0.21885741583745796
2015-04-04,11650000.0,10.7,16.0,11.924230422833173,12.343235793588855,2.44,0.4304147689232412,0.40192896474319423,0.2769568652993429
2015-04-05,7930000.0,10.7,16.3,13.265941004844887,5.432340680253097,1.22,0.21215866033718161,0.19270205374773852,0.17641559350564498
2015-04-06,4590000.0,5.5,13.2,8.499864965067145,8.548079880332146,0.0,0.2717690827034827,0.2616146290944259,0.23463542200264711
2015-04-07,10990000.0,4.3,11.7,7.413435485102533,5.1150800124256435,0.0,0.27444468076000295,0.2510304001870013,0.2362839235247641
2015-04-08,14090000.0,4.8,12.5,8.482522079272293,3.217502055797289,0.0,0.2537215237325404,0.22314536977281457,0.21767863030426718
2015-04-09,21460000.0,3.6,15.5,7.66323790845196,3.9986816246931887,0.0,0.3905149923635503,0.34278161713242783,0.3389154864855263
2015-04-10,24730000.0,3.2,17.9,7.84618820737705,6.602613521012855,0.0,0.6139649215457844,0.5574875368798411,0.4376226695552847
2015-04-11,24460000.0,6.7,20.1,9.386219177097201,4.525454054293489,0.0,0.5424328018273419,0.4825561931751456,0.4504903752535153
2015-04-12,13940000.0,9.5,17.7,8.452864016325305,9.865010954332897,0.1,0.6246658815534905,0.5903855035636476,0.4911144851748309
2015-04-13,10380000.0,6.6,15.0,10.133820173171035,5.8543572289669745,1.5,0.2707633892781322,0.24690510725964088,0.22707904084192693
2015-04-14,21880000.0,6.6,12.8,8.75360209613506,6.599620495844672,0.42000000000000004,0.43341971354930087,0.3845557597521671,0.29857562113449887
2015-04-15,24570000.0,9.7,17.8,10.920996229454332,9.38313390225535,0.0,0.6224680207819144,0.5618413917017087,0.41858420428184634
2015-04-16,19920000.0,3.5,18.7,9.155996035901667,9.407078103600817,0.12,0.6398707086816569,0.5937344141086107,0.4100265268984075
2015-04-17,26080000.0,4.4,17.6,6.887784742267989,5.977071260862498,0.0,0.6219084572179107,0.5616578118051562,0.4864495010544996
2015-04-18,15050000.0,14.1,18.4,12.452111654291583,12.190591510011497,0.29,0.6449431672525344,0.6057667979678684,0.43646775562398465
2015-04-19,4810000.0,12.6,18.3,16.467773536314763,6.916881163672125,0.12,0.1405344243464415,0.12821832913600872,0.11695937937021265
2015-04-20,3760000.0,6.1,14.1,12.76795940885548,4.052556077720492,0.48,0.06057299783960677,0.052086265401085616,0.05373017700104439
2015-04-21,25200000.0,8.0,19.8,8.39627492850151,4.306963217016092,0.0,0.5554460198843147,0.49305461632317604,0.49571736580606884
2015-04-22,25970000.0,3.8,18.5,9.235734702591412,6.087813192085289,0.0,0.5805562190931959,0.5203317138953574,0.41095438134111734
2015-04-23,20430000.0,7.8,19.7,8.322965383185684,5.519138410130419,0.0,0.5474503079119142,0.49703915479394095,0.49287639616362844
2015-04-24,23540000.0,5.1,21.2,9.93007186848444,6.2165132743171805,0.0,0.6617867741003265,0.6044932425883043,0.47185607396546814
2015-04-25,27160000.0,7.4,24.5,8.291373654455866,4.1483328831023645,0.0,0.7673868377450649,0.6971181265251046,0.6212142073971852
2015-04-26,27100000.0,8.1,24.3,9.329536184071742,5.453291856430381,0.0,0.8475614770530161,0.7770894392045922,0.6374396168482681
2015-04-27,25790000.0,13.6,24.5,11.042193562089802,7.398758215749672,0.27,0.8226603595340611,0.7518509692264436,0.7069541572998602
2015-04-28,13500000.0,15.5,20.9,17.080929536503028,15.387142389631501,2.9600000000000004,0.5477969352556505,0.5113006738674165,0.3248174752401292
2015-04-29,7840000.0,14.8,19.9,17.535084690740355,9.320280373723495,1.17,0.27173954910971393,0.25088288255676316,0.1955093675424132
2015-04-30,16690000.000000002,12.5,23.6,16.31753521102691,3.2324671816382065,0.19,0.38926576364426374,0.3442714787698666,0.33992776705516103
2015-05-01,22580000.0,12.5,25.0,17.140574951635923,3.678427931697552,0.0,0.5110259226055436,0.449363692452658,0.41776460940399246
2015-05-02,18110000.0,17.3,23.3,18.445833448755028,11.744630759952148,1.9800000000000002,0.6465107823168349,0.5956959121686018,0.4297510920511636
2015-05-03,10450000.0,12.2,23.8,17.469564177192236,8.419379798100255,0.15000000000000002,0.345660416088864,0.3175147867911072,0.2974565801738963
2015-05-04,26410000.0,5.9,19.2,8.413462215176612,11.122081524969978,0.0,0.8719309921642809,0.8085507839250654,0.5522608636647838
2015-05-05,28000000.0,5.9,19.0,8.288947908596432,4.699049514048133,0.0,0.6118095101982757,0.5447733605238196,0.4882969677999448
2015-05-06,19700000.0,5.7,20.5,9.688116966214682,3.5676860004747613,0.0,0.47790842436972286,0.43001655142719947,0.39910226378546715
2015-05-07,27800000.0,6.7,22.7,9.607706792518494,4.63619598551628,0.0,0.7335799501517858,0.6635265708455332,0.552902164287062
2015-05-08,22000000.0,12.4,23.5,11.967735311910573,3.64251162967935,0.0,0.5499816831272668,0.49078326521897725,0.5017946406162366
2015-05-09,26540000.0,9.6,23.4,12.272770693623015,6.668460074712892,0.0,0.7381430643113653,0.6687086405726774,0.5493492219028684
2015-05-10,25830000.0,13.9,24.6,13.81509670353525,8.23680526284106,0.0,0.7990833610982041,0.7279113519331688,0.6285397965386312
2015-05-11,10170000.0,11.4,20.7,15.775473084117797,17.452329755678132,5.13,0.4234888393649875,0.3971229620473612,0.2594194220116219
2015-05-12,27080000.0,14.3,18.9,12.289915756706533,14.186939297189907,0.0,0.9375896249471479,0.8666007428595041,0.5421615828533886
2015-05-13,27060000.0,15.4,22.1,13.724097334979893,12.573698731538986,0.0,0.9580454774494946,0.8841491112875334,0.6197955661831491
2015-05-14,22890000.0,16.4,24.0,18.632876093687226,8.8653405481596,0.0,0.6574763615416264,0.5933579084416165,0.44875449722597355
2015-05-15,15030000.0,12.7,23.2,17.41357466713179,6.348206381717256,0.010000000000000002,0.3955466469222612,0.3551033641421888,0.3127462924735801
2015-05-16,26380000.0,8.4,23.3,10.388496973575945,7.668130480886189,0.0,0.8867043418186894,0.8185938451556849,0.6190137568109243
2015-05-17,22240000.0,14.4,25.3,11.950986169803185,5.9920363867034165,0.18000000000000002,0.724678910376465,0.662752964320215,0.6579828907308937
2015-05-18,12710000.0,11.5,20.0,14.65423547634763,4.669119262366299,0.04000000000000001,0.32366298654352055,0.2909147506047208,0.2685591226318144
2015-05-19,27280000.0,11.9,24.8,15.955816206632788,6.285352853185402,0.0,0.6846181328644254,0.6106636601507871,0.5069525889393891
2015-05-20,28420000.0,9.1,21.4,10.624619984588332,9.365175751246248,0.0,0.8174138927370889,0.7449498533486331,0.5814181611002407
2015-05-21,28030000.0,14.2,24.8,12.095704922328554,5.381459252393977,0.0,0.7714080516251233,0.693833362976629,0.6648276226072682
2015-05-22,23920000.0,14.5,27.0,12.789264098207319,3.917869945152234,0.0,0.6787899390724162,0.6111659855141109,0.6244335866988303
2015-05-23,13240000.0,13.2,25.0,12.775057503058912,3.852023391452196,0.0,0.44836176163893493,0.4119773688066541,0.45751705242631086
2015-05-24,25450000.0,11.0,26.6,10.358939956235867,6.273380752512667,0.0,0.9830300292761869,0.9134674011328052,0.7405651459542888
2015-05-25,28630000.0,11.2,27.7,11.689072250365871,6.758250829758398,0.0,1.072812883316693,0.9936470856286457,0.7764677998251307
2015-05-26,28720000.0,12.7,31.0,12.048418908190943,5.746608322912367,0.0,1.1022516101261939,1.019603472170035,0.8742417394199602
2015-05-27,25880000.0,16.9,30.2,12.20099087701372,5.11208698725746,0.0,0.921245365480251,0.844828842491089,0.837224601056031
2015-05-28,21140000.0,13.4,28.3,13.148971904536939,6.964769566363062,0.0,0.9308931893103403,0.8710297972311892,0.729644342172328
2015-05-29,24880000.0,17.0,29.7,14.490845233282473,4.788840269093639,0.35000000000000003,0.8103596585993312,0.7371103119405851,0.7406034893577279
2015-05-30,10130000.0,14.5,22.4,16.12489474131194,7.072518472417668,0.010000000000000002,0.3945157686682249,0.3670033558435014,0.34082669622738504
2015-05-31,27990000.0,13.1,28.9,15.340754060022798,3.8250861649385444,0.0,0.803888836130775,0.7244324952830199,0.6403402468374912
2015-06-01,24190000.0,16.0,28.8,13.761949543625454,4.525454054293489,0.0,0.7682735539765121,0.6980640544869454,0.7004859932412909
2015-06-02,18810000.0,16.8,28.0,16.326339358964084,5.501180259121319,0.0,0.6491119707681839,0.5945174819133371,0.6035555977274422
2015-06-03,27810000.0,14.7,27.1,10.229766940234457,10.649183548396982,0.0,1.2205870211607763,1.1417709863079148,0.9695899841713024
2015-06-04,25800000.0,16.8,29.7,11.99121879361939,5.133038163434745,0.13999999999999999,0.8968487031030732,0.8210024973432721,0.8280227479463846
2015-06-05,16920000.0,11.9,23.7,13.040137525909685,5.36649412655306,0.0,0.523604517993067,0.4782040275076467,0.4771708343302568
2015-06-06,27470000.0,15.7,27.9,14.336911994219786,9.053901133755161,0.0,1.0035703770761066,0.924581628959446,0.8134259577872823
2015-06-07,23390000.0,17.2,26.6,16.090084391753955,10.37681825809228,0.0,0.9229557495574484,0.8555929476920328,0.7108995036723429
2015-06-08,6080000.0,14.8,22.5,18.50472099395519,6.00400848737615,0.05,0.2327313205484633,0.21615796659068,0.21428767562428944
2015-06-09,22810000.0,15.6,28.7,18.593361183312364,4.767889092916355,0.0,0.6733696317660904,0.6074203720314728,0.5633840370915795
2015-06-10,23610000.0,19.2,30.2,18.115228944544693,10.484567164146886,0.0,1.0307024058512555,0.9598433425422911,0.8493756043486247
2015-06-11,8289999.999999999,18.3,26.4,22.85140235334775,8.84139634681413,0.020000000000000004,0.35813714959254034,0.3340945732340492,0.3031301535043486
2015-06-12,27930000.0,20.0,31.2,17.432220331454378,8.494205427304843,0.0,1.0790929988357907,0.9942432428654033,0.9289542136687243
2015-06-13,16020000.0,19.1,28.5,20.18472255341956,9.853038853660163,0.0,0.7288315080686336,0.6813574768604942,0.6063073139806936
2015-06-14,19770000.0,21.2,29.5,21.63917681104366,7.844718965809019,0.05,0.772128041103765,0.7122673494321465,0.6472292779956257
2015-06-15,19840000.0,20.0,29.4,20.808117020135903,6.150666720617143,0.0,0.6967663745982237,0.637221952063287,0.6059430812019035
2015-06-16,18950000.0,18.1,28.3,19.43877767173084,4.968421779184651,0.0,0.6029499666673149,0.5472823476253816,0.5339483684659541
2015-06-17,10970000.0,17.4,25.0,19.712381314085473,7.024630069726732,0.010000000000000002,0.4204613899320164,0.389218822606949,0.3593027524596473
2015-06-18,23680000.0,19.2,30.7,18.250725887995344,2.9481297906607717,0.0,0.6737987053621557,0.6024854746536347,0.6191074988996613
2015-06-19,23530000.0,18.6,29.7,19.341506482134772,5.315612698693939,0.03,0.7409823506119793,0.6709039734939936,0.6481891858084712
2015-06-20,11170000.0,17.8,24.2,20.602070933766527,5.05222648389379,1.29,0.3507303296556741,0.3190216005642334,0.29370911132984034
2015-06-21,21240000.0,16.9,26.8,19.102717803219726,3.528776673288376,0.010000000000000002,0.5608919018545445,0.4997691145917028,0.47426445494871583
2015-06-22,24620000.0,17.6,27.0,18.06223970691517,4.570349431816242,0.11000000000000001,0.6862929718799271,0.6149452321884602,0.5733388147464413
2015-06-23,24560000.0,19.1,29.9,19.55710006796315,4.082486329402328,0.0,0.7189695083813616,0.6454632926124569,0.6314762849750867
2015-06-24,10830000.0,19.5,26.0,20.699447978638563,7.0425882207358335,0.27999999999999997,0.46287901688108296,0.4312779426096151,0.4061594800713255
2015-06-25,6670000.0,20.2,23.8,23.1187576754202,12.998708305421049,4.6000000000000005,0.35028595775680127,0.3310463604878495,0.24490475215385504
2015-06-26,17340000.0,17.7,25.1,21.231169367508137,8.667800887059485,0.020000000000000004,0.5364991604761203,0.486955197999409,0.37749682472420953
2015-06-27,13850000.0,17.0,24.4,20.895411479593488,6.485885539453698,0.30000000000000004,0.405553660276309,0.36643090343224327,0.3080214146548685
2015-06-28,21100000.0,17.6,27.3,21.656090003704136,3.4539510440837877,0.03,0.5434404200223789,0.4821524505482591,0.4405931047445904
2015-06-29,18720000.0,18.4,27.3,20.312341757811033,4.309956242184276,0.5599999999999999,0.550085355321584,0.495379554514467,0.4698449079531574
2015-06-30,4320000.0,19.1,21.4,21.991075134168597,6.426025036090027,2.8000000000000003,0.15236681410518385,0.1402555640503222,0.13524120744700033
2015-07-01,23210000.0,15.5,25.7,19.58807032647683,7.1742813281359075,0.06,0.6273427117582635,0.561889201233573,0.45560636231199503
2015-07-02,24540000.0,19.9,26.5,22.336378749334084,5.001345056034669,0.1,0.6646819267596411,0.5925930945016442,0.49718332704753365
2015-07-03,23530000.0,16.0,26.2,18.333424496987103,6.1297155444398586,0.0,0.6635854509601559,0.596680783496272,0.5235802450296707
2015-07-04,21420000.0,16.6,26.1,18.791672514471582,3.2564113829836745,0.0,0.5446134340556805,0.4834612570421086,0.45607908615435583
2015-07-05,21770000.0,16.9,26.5,20.110602692854137,3.0678507973881124,0.0,0.5416900152719828,0.4791902320929732,0.44461130055086784
2015-07-06,17030000.0,19.3,27.3,20.591276056975556,3.444971968579237,0.37000000000000005,0.49972303200714024,0.44962175635666035,0.43868368276274616
2015-07-07,3790000.0,18.9,20.5,21.32001485262871,8.89826382500962,6.550000000000001,0.15216614874440046,0.1416404636444677,0.1282279198525796
2015-07-08,8189999.999999999,20.7,26.2,26.600893350973006,9.242461719350723,3.0700000000000003,0.28900980870288484,0.2648622317110513,0.2084726294359598
2015-07-09,19710000.0,21.8,29.2,25.939882145667273,7.41372334159059,0.0,0.6556462023236432,0.595847678146004,0.496591048676589
2015-07-10,25250000.0,23.9,32.2,26.15195493857601,7.177274353304092,0.0,0.9012352846643893,0.8221420486975187,0.7273499230854015
2015-07-11,8510000.0,23.5,28.2,27.297276011790913,16.949501527423298,3.74,0.5954963464908206,0.5695583113037577,0.41399254112619943
2015-07-12,2520000.0,22.0,25.2,26.84488260767829,21.42706717902585,3.2100000000000004,0.25139100813020043,0.24394473234902034,0.17344273765781065
2015-07-13,13930000.0,21.3,26.4,24.984857075474668,9.859024903996529,0.08000000000000002,0.5084300246421167,0.4671198852981866,0.35786324645712153
2015-07-14,22430000.0,20.8,28.9,26.749766646155784,4.776868168420905,0.04000000000000001,0.612504870360512,0.5450483140400013,0.4522219555768988
2015-07-15,22940000.0,20.7,30.1,26.858494685181164,3.310285836010978,0.31000000000000005,0.6147894432970528,0.54528401185297,0.48209009322282287
2015-07-16,25030000.0,18.6,29.9,22.394388106895224,3.576665075979312,0.0,0.6693753161778454,0.5947242358860211,0.5560800010808675
2015-07-17,24480000.0,20.3,27.7,22.036844066368026,6.177603947130795,0.0,0.730976639985343,0.6582240487352691,0.5621459541783832
2015-07-18,18840000.0,20.4,27.4,22.382775703816513,4.390767921725231,0.010000000000000002,0.555708950214991,0.49979789811372904,0.4588871130903184
2015-07-19,16660000.0,23.1,29.4,25.78838429127994,5.596957064503191,0.04000000000000001,0.578322317207851,0.5272797287527717,0.4832058496806241
2015-07-20,14580000.0,23.3,29.9,28.30036026991992,3.849030366284013,0.0,0.46130950050612407,0.41644013759866116,0.38628442866121926
2015-07-21,12010000.0,23.4,29.4,28.407420103781483,5.240787069489351,0.09000000000000001,0.4238049736229181,0.3869383189213206,0.35741377161430815
2015-07-22,18100000.0,23.9,28.9,28.96257781297388,7.733977034586227,0.6000000000000001,0.6001131571968518,0.544552253774794,0.428069581326314
2015-07-23,4670000.0,24.1,27.6,29.623444532439034,11.083172197783592,1.08,0.277295510524794,0.2630615946230802,0.23244200901975393
2015-07-24,8720000.0,24.8,27.3,29.49761573282362,12.022982100593218,0.13999999999999999,0.4133473548484988,0.3866999852918248,0.29308712246249513
2015-07-25,22260000.0,23.4,29.6,28.940772339108875,10.260090276533122,0.06999999999999999,0.7506395088816932,0.6822218829801285,0.494811402449705
2015-07-26,25710000.0,22.2,32.2,27.560753098374565,3.576665075979312,0.0,0.7313146143151881,0.6515999544106814,0.5895076268640471
2015-07-27,16500000.0,24.0,29.2,30.09384435879758,4.486544727107104,1.02,0.49221707964683176,0.4414389940519663,0.37374050521526164
2015-07-28,17390000.0,25.4,29.6,32.336219517081894,6.437997136762761,0.21000000000000002,0.5461960852765931,0.49208033491932285,0.38269682846025255
2015-07-29,21720000.0,25.4,31.6,33.407966129372106,7.470590819786078,0.1,0.7033690837781218,0.6349750024574992,0.48668517977750997
2015-07-30,22880000.0,24.3,31.5,31.513048389433607,6.315283104867237,0.0,0.7117921442991769,0.6402498352697427,0.5147722812483503
2015-07-31,23150000.0,23.3,30.8,29.734858614691536,5.776538574594202,0.0,0.693876634665323,0.6222318289990101,0.509702425715324
2015-08-01,23280000.0,24.7,30.8,30.44900906811714,7.024630069726732,0.0,0.7467970881423202,0.6741340708408938,0.5366575329690543
2015-08-02,19250000.0,23.7,30.7,30.35798289137219,7.53344434831793,0.09000000000000001,0.6331460168999903,0.5734607892390897,0.46109664332303774
2015-08-03,24790000.0,24.0,30.5,28.407420103781483,8.754598616936809,0.0,0.8377210669093687,0.7608117657166169,0.5948311787928015
2015-08-04,25010000.0,24.0,30.9,28.774072492843075,8.673786937395855,0.0,0.8439795468491285,0.7661983394880496,0.6020990317277721
2015-08-05,24040000.0,22.2,31.3,28.486155167172218,5.593964039335008,0.0,0.7131716594557542,0.6390497935370638,0.5420318586962936
2015-08-06,24900000.0,22.5,32.9,27.67235339124153,4.393760946893415,0.0,0.7483819414012279,0.6707089995840539,0.6150609803449406
2015-08-07,24600000.0,24.4,34.3,29.049943156892216,4.193228260625117,0.0,0.781146969247669,0.7029351665863386,0.6578324273815056
2015-08-08,21930000.0,22.8,33.8,29.445939583504266,3.908890869647683,0.34,0.6700816770822344,0.601186372392352,0.5626939581263537
2015-08-09,21760000.0,22.4,32.7,27.33873085713814,4.513481953620755,0.0,0.6783471584853198,0.610591512337524,0.5743550397354047
2015-08-10,20330000.0,23.4,32.1,26.519995151625295,4.447635399920717,0.0,0.6603069149345734,0.596851625341017,0.5710966746592694
2015-08-11,3050000.0,20.6,25.7,23.7777191978235,10.37681825809228,8.61,0.2692435718177305,0.26029050535552667,0.26697593690076343
2015-08-12,12730000.0,21.3,27.7,25.72275714252674,5.614915215512292,0.0,0.41362794200066705,0.3755280182735434,0.33869767679880125
2015-08-13,20660000.0,21.6,28.6,26.26523342552106,4.360837670043395,0.0,0.5707745784958527,0.5084292597561214,0.4402304252484308
2015-08-14,22690000.0,19.9,29.0,25.59846745182719,3.726316334388488,0.0,0.5851114841940884,0.5172493493831709,0.4539889554996875
2015-08-15,22890000.0,20.0,30.3,25.58541490120003,3.528776673288376,0.0,0.6074155940941409,0.5382941196045016,0.4911783492816081
2015-08-16,10910000.0,21.0,28.0,25.781815000393422,2.9990112185198914,0.0,0.32435731037641363,0.2917045085018716,0.2855164344864927
2015-08-17,20740000.0,21.3,29.0,25.933279151216706,3.0229554198653594,0.04000000000000001,0.5466382537439922,0.4840091851151097,0.43848995226803344
2015-08-18,11740000.0,21.2,28.5,26.105435046103196,2.885276262128918,0.0,0.34450489458342143,0.3091977179805328,0.30175897787247463
2015-08-19,11500000.0,22.4,28.4,26.171914192785408,4.360837670043395,0.31000000000000005,0.3861861540165446,0.35134254191510816,0.33941144961044695
2015-08-20,4590000.0,21.0,25.8,26.94712021014877,5.950134034348847,8.83,0.16088150214923366,0.14735814332247765,0.14442201965909507
2015-08-21,13060000.0,20.8,26.3,25.17079186819353,5.303640598021206,0.0,0.3824716806031956,0.3439090921086648,0.2984847843125126
2015-08-22,12460000.0,21.5,27.3,26.56715961211178,3.5646929753065772,0.0,0.35119007467832,0.31395024555545276,0.2871399219745521
2015-08-23,8029999.999999999,21.7,26.7,26.105435046103196,3.310285836010978,1.4300000000000002,0.2551056502216905,0.2311733424775594,0.22806213459405406
2015-08-24,10000000.0,21.8,27.4,24.781081661286585,8.70371718907769,1.1199999999999999,0.44808367920391967,0.41811283614133765,0.37514463387225455
2015-08-25,8730000.0,18.3,24.9,22.75110747944463,8.485226351800293,0.25,0.3098220520792286,0.28479874630310575,0.24405564982979328
2015-08-26,23300000.0,17.9,26.7,21.336709555046173,6.8570206603084545,0.0,0.6330426430878454,0.5655202086925903,0.472402457529579
2015-08-27,18570000.0,18.7,26.1,24.4655901648155,5.725657146735083,0.58,0.45831036382044976,0.40441245536566467,0.3207625030739194
2015-08-28,19030000.0,18.0,26.8,23.980432634612605,3.7682186867430576,0.41,0.4520361490123951,0.3968031281241581,0.34637798574457046
2015-08-29,20680000.0,17.6,27.7,22.163138625002098,3.4599370944201544,0.0,0.5064504105792997,0.4461990639472093,0.4175860242455466
2015-08-30,20820000.0,18.3,28.4,22.458350576336596,3.115739200079049,0.0,0.517551996526286,0.45625571849432883,0.43503653971828243
2015-08-31,20090000.0,20.3,28.7,23.479484484768037,4.447635399920717,0.0,0.5620307781440441,0.5019029330790076,0.46782261628909294
2015-09-01,21850000.0,20.1,28.2,23.692173208516724,4.779861193589088,0.05,0.5880578447499512,0.5229829386714135,0.4674639469976592
2015-09-02,19250000.0,20.0,27.6,24.56616326071617,5.438326730589464,0.22999999999999998,0.5226947380220731,0.4656488515828294,0.40105004965405583
2015-09-03,18090000.0,18.9,26.2,23.655593096416336,5.818440926948772,0.32000000000000006,0.4686209712682669,0.4159956705635969,0.3459420455688982
2015-09-04,21230000.0,19.8,27.9,23.71658741738416,5.1180730375938275,0.04000000000000001,0.5688094293456828,0.505850760410174,0.4465367461784907
2015-09-05,7600000.0,19.0,24.7,22.49913712002573,7.742956110090778,1.89,0.2976029920547027,0.2757323148796746,0.2505489081108542
2015-09-06,19170000.0,17.0,26.9,20.37106960482212,4.489537752275287,0.020000000000000004,0.4953050376348752,0.4400524610741556,0.42061671791694283
2015-09-07,20380000.0,14.8,26.1,18.806620288908665,3.28634163466551,0.0,0.46034868448789174,0.4030198656445771,0.39602952388798196
2015-09-08,23570000.0,13.5,25.9,16.051001569307573,4.082486329402328,0.0,0.5500819552876328,0.4846227474234072,0.4794062835988667
2015-09-09,23330000.0,13.9,25.6,17.450883496823852,5.95312705951703,0.0,0.5664115446853222,0.5015626884755753,0.4631426088947136
2015-09-10,22460000.0,14.4,26.0,17.205012638603993,4.971414804352834,0.0,0.547143728488781,0.4842297723233715,0.47090009792273246
2015-09-11,20650000.0,19.4,25.8,21.532328086729493,5.938161933676113,0.08000000000000002,0.55515479841274,0.4950365166558722,0.42966597041853805
2015-09-12,7390000.0,14.3,21.7,17.367036981925988,5.743615297744184,0.08000000000000002,0.2447753767878269,0.22487143415525052,0.22439144527029384
2015-09-13,21890000.0,13.3,23.4,14.099023565505679,7.027623094894916,0.0,0.5942402759719739,0.5348977756896593,0.4959548195990509
2015-09-14,21060000.0,13.8,25.3,15.93856308876281,4.923526401661898,0.0,0.5180325530784964,0.45969675413494526,0.4612167226539662
2015-09-15,18440000.0,14.5,25.1,16.072703953377086,6.0788341165807385,0.0,0.5205066971195824,0.46920590559355846,0.4633641257348602
2015-09-16,16810000.0,15.5,25.1,17.832600387868844,3.828079190106728,0.0,0.41360869392659383,0.3664414952964557,0.3722417318120345
2015-09-17,20470000.0,14.3,26.5,17.932750762182604,4.53443312979804,0.0,0.49254290745647156,0.4350092469972518,0.43427585152204173
2015-09-18,18930000.0,17.8,26.0,19.780004472461712,3.1546485272654348,0.0,0.4475851688403498,0.3930670910587202,0.389200673150112
2015-09-19,19120000.0,15.0,25.4,17.804076194520512,4.486544727107104,0.0,0.459256730234876,0.40569863398008393,0.40305344784628705
2015-09-20,15360000.0,15.6,25.5,18.951653375302655,4.411719097902515,0.0,0.39057696611365994,0.3472970063117854,0.3502020643108234
2015-09-21,18360000.0,15.6,27.2,19.3006779114395,3.480888270597439,0.0,0.4343020918958394,0.3818437786852039,0.39539691990470816
2015-09-22,17940000.0,18.8,26.1,19.122939211214685,8.054230727581865,0.06999999999999999,0.6052339495812837,0.5531246523127668,0.5046992811636474
2015-09-23,3470000.0,16.6,20.9,19.22432777827603,7.165302252631357,1.6,0.15965775679289035,0.15018176305371794,0.1568966114209712
2015-09-24,12740000.0,17.7,26.2,21.68995109449284,3.9388211213295183,0.03,0.3340744101372956,0.2973546487714339,0.2989627049387932
2015-09-25,13510000.0,16.3,26.7,19.994610095389085,3.9118838948158663,0.0,0.35697008042548445,0.31830730915361005,0.3373197870599788
2015-09-26,16710000.0,14.8,26.1,19.112826164538326,6.4918715897900645,0.0,0.44231494325174736,0.3953098125907176,0.3847042037377498
2015-09-27,20240000.0,13.9,27.1,17.297434905221074,3.9956885995250055,0.0,0.48800581688657,0.43102310091509377,0.43867489887477695
2015-09-28,18130000.0,14.1,27.9,17.676211650420118,4.1513259082705485,0.0,0.4845419873523177,0.4330756258099882,0.4398238471780186
2015-09-29,19200000.0,18.1,28.3,16.30433679798853,7.168295277799541,0.010000000000000002,0.6819286711592469,0.6255266508106919,0.6540720397309122
2015-09-30,2160000.0,17.5,20.9,19.811283619927043,11.298670009892804,4.58,0.1718881120090228,0.16594171981240358,0.1630200821616074
2015-10-01,2900000.0,12.7,23.6,16.807995041304675,16.413750022318446,1.83,0.38311289250044855,0.3752802377920122,0.3352420728994426
2015-10-02,19760000.0,12.5,20.2,12.757318767699779,6.695397301226544,0.0,0.4773162127267289,0.4257753110601815,0.3991404784908972
2015-10-03,17440000.0,12.5,23.2,15.299113699424968,6.752264779422032,0.0,0.43728976090745464,0.39044978550732945,0.38249714305476223
2015-10-04,13640000.0,12.4,22.8,12.986017834710662,3.8849466683022156,0.0,0.35066669400261585,0.314205959592735,0.3629515458988898
2015-10-05,17630000.0,10.8,23.8,14.790954432233693,3.0439065960426444,0.0,0.34950668824439257,0.30265104340700166,0.32847678944048503
2015-10-06,18230000.0,10.3,24.1,13.652430045901436,4.989372955361935,0.0,0.4524955389230695,0.4041390212634271,0.40709601342522517
2015-10-07,17290000.0,13.6,24.4,16.785424117778902,2.720659877878824,0.0,0.3396362355759505,0.29220701390632275,0.3182217439309462
2015-10-08,11670000.0,14.1,21.8,16.552257584511793,5.555054712148622,0.05,0.3008074697550988,0.2694053998919289,0.270667324013221
2015-10-09,17470000.0,9.9,19.5,11.256345319433686,7.719011908745308,0.0,0.4514610601785563,0.4074383070677565,0.3887649995188068
2015-10-10,13390000.0,11.4,19.6,13.004035755863825,9.46993163213267,0.03,0.41944689222747583,0.38512561684284863,0.3391397216733271
2015-10-11,11360000.0,12.6,17.3,10.642744903018242,11.523146897506571,0.0,0.555077186057348,0.5262964142421418,0.4217197047367316
2015-10-12,13460000.0,10.9,17.4,11.490303118853314,9.81712255164196,0.010000000000000002,0.42913424991397014,0.3956229274032645,0.33318760792085256
2015-10-13,17920000.0,9.8,19.8,12.61618657753775,5.815447901780588,0.0,0.35772509322873663,0.3124706447341897,0.3173770869296584
2015-10-14,17710000.0,10.7,22.4,15.014489107285026,4.779861193589088,0.0,0.3343474760730461,0.28796789330313266,0.3074205716416999
2015-10-15,16070000.0,11.3,22.6,15.01039852029011,3.4898673461019896,0.0,0.29965811535528397,0.25723870113360203,0.2903710193309671
2015-10-16,15710000.0,9.7,21.9,13.720317149342328,4.90856127582098,0.0,0.319065038386131,0.2785452204733367,0.30956080759419524
2015-10-17,16329999.999999998,11.0,23.5,14.863787412486532,3.4150417168974014,0.0,0.31257122832915146,0.2692125904604932,0.3084340798098456
2015-10-18,16840000.0,9.4,23.7,13.697655238474928,5.626887316185026,0.0,0.4189456923382801,0.3748444967513044,0.3749395829641278
2015-10-19,16770000.0,11.0,23.9,14.455193955799777,4.812784470439108,0.0,0.3721408132184801,0.3274418384135621,0.359838600234325
2015-10-20,16510000.000000002,11.6,25.0,14.738547878131607,3.5227906229520087,0.0,0.35447528790427024,0.30975895002413584,0.3519505576017019
2015-10-21,16160000.0,11.3,24.3,15.52094323162746,4.722993715393601,0.0,0.3491641570821693,0.3058029321268271,0.33576863144527314
2015-10-22,15420000.0,12.6,22.9,15.737061667627477,4.438656324416168,0.0,0.30960049541839235,0.26826400014285706,0.2993712454101406
2015-10-23,14770000.0,12.3,22.7,15.29495512464528,3.1516555020972516,0.0,0.27211995880743955,0.23271404211996943,0.27352810735606725
2015-10-24,10380000.0,9.7,21.2,14.618231421684557,7.422702417095142,0.020000000000000004,0.25621107231543105,0.229632887640942,0.24988572054869676
2015-10-25,15560000.0,11.3,20.7,10.770383300913531,8.332582068222932,0.0,0.4935688642239554,0.45327055457728316,0.46156359556965443
2015-10-26,14750000.0,13.6,19.7,13.321084317870392,10.089487841946662,0.8,0.46677226172644054,0.42806734463368096,0.37695067692973805
2015-10-27,7070000.0,11.7,16.9,9.766316365367128,11.954142521724997,0.6000000000000001,0.5348184215146639,0.5171577668679385,0.4220262783696335
2015-10-28,10440000.0,7.5,16.9,8.974895749810297,7.407737291254223,0.0,0.3457720361863949,0.32092659560562314,0.33521447417307626
2015-10-29,13810000.0,8.1,18.3,10.492532164354024,5.869322354807891,0.0,0.29925180559576026,0.2656010146536323,0.3024302109668956
2015-10-30,13630000.0,5.9,12.7,6.478759066617994,7.5514024993270334,0.0,0.3699115996110713,0.33979890691700165,0.33365810436682436
2015-10-31,14970000.0,2.7,12.5,6.571042114076395,6.542753017649185,0.0,0.2851460294830078,0.25361889831390616,0.2718839860972996
2015-11-01,6720000.0,4.2,11.7,7.334683222406409,2.3195945053422315,0.06999999999999999,0.13140265929684053,0.11710617629329587,0.1538818051128013
2015-11-02,12060000.0,4.2,14.9,9.713192108887592,6.015980588048884,0.0,0.1929616212533552,0.16613662100697416,0.19058953877418075
2015-11-03,14750000.0,3.4,17.6,9.169243524105543,5.124059087930194,0.0,0.2756287294976722,0.24198681284104717,0.26737348647525533
2015-11-04,14160000.0,8.0,19.0,11.587683661241567,4.944477577839183,0.12,0.24583089756172694,0.2110887097551047,0.2599895902309183
2015-11-05,10800000.0,10.8,21.0,12.971619299632005,4.714014639889052,0.0,0.25237496215655736,0.22446173916143147,0.2807576319363556
2015-11-06,9310000.0,12.6,20.1,12.775057503058912,13.85770652868972,1.16,0.5274852792282477,0.5032015851738167,0.4069792149870496
2015-11-07,2360000.0,14.9,16.8,17.21423533948505,10.565378843687842,2.8200000000000003,0.08421733027148133,0.07812404853817237,0.07224459692789323
2015-11-08,5450000.0,13.3,18.7,16.24725182717425,7.299988385199616,0.05,0.15589708695334942,0.14178231911438,0.14288852121192577
2015-11-09,5170000.0,10.1,14.9,11.316831297343292,10.715030102097018,0.0,0.2717908762223518,0.25939836739194555,0.21905582541762372
2015-11-10,10300000.0,6.8,14.2,9.375399077753679,7.246113932172313,0.0,0.24028752743553175,0.21679520597361734,0.2260325622500508
2015-11-11,6880000.0,8.4,17.4,11.594201435236712,4.363830695211579,0.0,0.1652711559104877,0.14862326967379638,0.19019689760293018
2015-11-12,11440000.0,12.3,18.8,11.81110534249945,10.592316070201493,0.79,0.43952211471635927,0.4101684215089789,0.37626631635191454
2015-11-13,2350000.0,12.3,14.5,14.227283211005346,10.260090276533122,2.02,0.10524724876117049,0.09949459012124157,0.09060309519302917
2015-11-14,5500000.0,8.9,18.2,14.102895249461902,6.973748641867613,0.020000000000000004,0.126088831002795,0.11257894796175608,0.13488057492673686
2015-11-15,10400000.0,8.1,17.3,12.122798711992658,5.794496725603303,0.0,0.18080593940166637,0.15575859217814875,0.1884828221702793
2015-11-16,5640000.0,12.9,17.5,15.605383110034278,6.833076458962986,0.41,0.13598507949560845,0.12161968048909241,0.1248555935874216
2015-11-17,5570000.0,12.8,18.3,15.199581331831787,6.189576047803529,0.35000000000000003,0.15698608046593845,0.14269411620325415,0.15733394648552318
2015-11-18,1470000.0,11.4,14.2,13.225630160821535,5.812454876612405,0.42000000000000004,0.07217249314889178,0.06862379518837591,0.09881154794393551
2015-11-19,4099999.9999999995,10.9,14.9,12.393229111071706,4.609258759002628,0.26,0.12692421889461028,0.11700324017797739,0.13734854141920447
2015-11-20,10640000.0,7.0,16.8,10.624619984588332,5.064198584566523,0.0,0.1832667830024762,0.15812908563613115,0.20926123448837436
2015-11-21,8320000.0,5.6,15.8,10.076057126307802,4.516474978788939,0.0,0.1482616367164609,0.12918718458452644,0.17847468071444988
2015-11-22,9860000.0,9.2,17.6,12.235125567862296,4.779861193589088,0.21000000000000002,0.17068254843906636,0.14654586154983268,0.19094865990324356
2015-11-23,2660000.0,6.9,14.3,11.50972142318417,8.649842736050386,0.5,0.1115612837239957,0.10547863570493277,0.11149426641829181
2015-11-24,10720000.0,7.0,11.8,8.690181796251665,6.108764368262573,0.8400000000000001,0.18967787788290674,0.16592984748721093,0.1901787333171871
2015-11-25,2820000.0,2.0,8.9,7.130400052081768,11.304656060229172,0.13999999999999999,0.1961956602739789,0.19063240548645705,0.15119739877176333
2015-11-26,10290000.0,0.7,4.7,5.57418604272615,13.609285439730487,0.24,0.2425643272249595,0.22404531441281672,0.15042309493873113
2015-11-27,5290000.0,2.5,5.5,6.021494225092716,5.947141009180664,0.0,0.1393076278361435,0.1293530748409189,0.13370008564055968
2015-11-28,7820000.0,1.1,8.8,6.430140555005693,4.348865569370662,0.0,0.119791135111192,0.10460874602965597,0.14001185966295462
2015-11-29,9340000.0,4.3,12.2,8.163668566513238,4.648168086189014,0.0,0.14136105096617088,0.12131968600112275,0.16556079674422136
2015-11-30,8960000.0,-1.0,11.1,7.037499384327988,6.925860239176677,0.0,0.13455777828534482,0.11710593495441608,0.15534434165463612
2015-12-01,11640000.0,2.7,12.5,7.897170479450254,5.456284881598566,0.0,0.14873432542484083,0.12422024347371563,0.17523609757225572
2015-12-02,2890000.0,4.6,13.9,8.051875654232726,12.459963775148013,0.45,0.3441243800870583,0.3377482049457461,0.2772123437262617
2015-12-03,9970000.0,3.0,6.9,5.108895847452513,16.976438753936954,0.010000000000000002,0.4913329020606306,0.471976326722662,0.2776838083897947
2015-12-04,8410000.0,4.7,8.4,5.639435092650967,11.529132947842937,0.0,0.3770688731583989,0.35990184512359696,0.2809220136561802
2015-12-05,6920000.0,3.2,8.4,6.128404012391895,7.5005210714679125,0.0,0.21211235735862402,0.19830947506562263,0.19860526482539212
2015-12-06,6980000.0,-2.9,6.5,4.546879027794746,6.108764368262573,0.0,0.15636547166100306,0.14420076743011373,0.1671972143849721
2015-12-07,11540000.0,0.2,8.4,4.707664590036976,6.874978811317557,0.0,0.22257970204655803,0.2006461513176181,0.23148908782704405
2015-12-08,10250000.0,-1.4,8.7,5.243274495244322,6.411059910249109,0.0,0.16933283939820157,0.15027085422109526,0.18822837484932967
2015-12-09,8410000.0,3.3,14.4,10.300047984014965,7.356855863395104,0.43,0.09981060088639536,0.08145856913807303,0.12189171346271185
2015-12-10,1020000.0,7.2,12.3,11.253169742105921,10.200229773169452,2.8800000000000003,0.058749834495986065,0.056468851595006773,0.07585561640950542
2015-12-11,5480000.0,5.3,10.8,8.76123988838807,5.309626648357573,0.0,0.11523695783763654,0.10354504346235036,0.12628656239659278
2015-12-12,7590000.0,6.2,11.3,7.832334458818518,3.7053651582112033,0.0,0.1321444302716555,0.11562769426240224,0.16378513006301393
2015-12-13,3710000.0,7.8,11.8,8.690181796251665,4.881624049307328,0.13,0.15619955884713327,0.1478919670318209,0.1746043535586172
2015-12-14,2220000.0,7.9,11.0,10.597483558134448,9.110768611950649,0.13,0.10510375014646907,0.10017912110701063,0.09354520875278627
2015-12-15,6370000.0,3.5,9.4,5.934267865141743,12.612608058725373,0.0,0.3737993784012743,0.36083602499005973,0.2700015945059685
2015-12-16,9540000.0,-2.4,5.5,4.597043665875971,12.37316604527069,0.05,0.2551923111857689,0.23871688548640568,0.18423981129405065
2015-12-17,10400000.0,-2.4,2.8,3.8974908539730597,7.949474846695442,0.0,0.18195303259802115,0.1648791738221193,0.161279719216137
2015-12-18,7350000.0,-1.5,5.8,5.2611013684764565,5.827420002453323,0.0,0.11994104048077651,0.10696879810254704,0.12917543786409555
2015-12-19,11130000.0,-2.0,8.5,5.622199107920115,4.417705148238882,0.0,0.10351743211976183,0.08309988004812666,0.14020029669529993
2015-12-20,3690000.0,2.3,7.7,7.713169992186724,3.2564113829836745,0.47000000000000003,0.057859017804810696,0.05068338241778134,0.07141938954114538
2015-12-21,5850000.0,-2.0,10.0,6.646501201478862,7.153330151958624,0.010000000000000002,0.11514070316126283,0.10413236005690289,0.13791098461883408
2015-12-22,10510000.0,0.5,12.3,8.366883048074396,5.938161933676113,0.41,0.09243795517522477,0.07108204371313862,0.12495120401588293
2015-12-23,2480000.0,1.0,10.2,8.376670241896829,5.839392103126056,0.04000000000000001,0.06224746387776424,0.05733171553873576,0.07837952035181289
2015-12-24,10430000.0,2.1,8.3,5.796675060511358,11.172962952829097,0.0,0.2848963259364096,0.2644832940881238,0.22350785884469287
2015-12-25,10450000.0,-0.1,5.6,5.127904143261973,6.910895113335759,0.0,0.15755923697272461,0.13871924169946867,0.15593039280118293
2015-12-26,9690000.0,-1.0,10.6,6.3014294038547645,8.078174928927332,0.0,0.17412418528414525,0.1554024014775393,0.1883232505572015
2015-12-27,10760000.0,-1.3,2.2,3.765158659776296,11.086165222951774,0.0,0.2642707546472199,0.2464362121274522,0.18828805788101358
2015-12-28,5750000.0,-3.3,3.0,4.312778236352875,7.614256027858886,0.0,0.14356951174086202,0.13425643123663833,0.12797511537605807
2015-12-29,10770000.0,-4.0,5.0,4.497200079212514,5.887280505816992,0.0,0.11981984418393159,0.10193474563056382,0.13457994496523434
2015-12-30,10210000.0,-1.0,7.6,5.8356963501240084,5.363501101384876,0.08000000000000002,0.11388862440482239,0.09512654208447127,0.13401269392652707
2015-12-31,9980000.0,-2.2,6.4,5.4944078723136185,7.159316202294991,0.0,0.1254105820526074,0.10782813148762467,0.12917654095243974
2016-01-01,9890000.0,-0.4,7.0,6.052657661028766,4.262067839493339,0.0,0.09158660727931196,0.07341256279858008,0.11260908157419622
2016-01-02,9460000.0,2.0,13.6,8.68512571982652,4.498516827779838,0.0,0.10518126219322943,0.08514235505442777,0.1436455835642662
2016-01-03,9470000.0,3.3,11.6,8.712966272985616,5.938161933676113,0.0,0.11274065878025559,0.09288385901721599,0.1269612915445449
2016-01-04,10790000.0,-0.6,8.6,4.974485509662199,8.649842736050386,0.0,0.24521274227134193,0.22490846498996694,0.22928936305031677
2016-01-05,3820000.0,-2.3,2.8,2.8317148112312793,7.707039808072575,0.06999999999999999,0.26373735187004843,0.257453949433855,0.22384278089552295
2016-01-06,9180000.0,-0.6,5.5,5.064785560422042,10.146355320142149,0.0,0.21642414653343858,0.20004791412806835,0.16962923679922964
2016-01-07,4590000.0,0.6,3.7,4.524108631800859,9.107775586782466,0.0,0.23102806914023755,0.22292703614485343,0.18056585008711834
2016-01-08,7750000.0,-1.8,4.9,4.678327548596887,6.626557722358323,0.0,0.1542413800671452,0.14085725541619495,0.1495389030607404
2016-01-09,7440000.0,-0.6,5.3,4.762368046494723,6.746278729085665,0.0,0.1734073490694318,0.16018215676298056,0.16509739726797912
2016-01-10,11710000.0,-2.1,7.0,4.285633530101084,6.707369401899279,0.0,0.1997084577616563,0.17881894997659248,0.20561849639708424
2016-01-11,10360000.0,-2.9,3.6,3.5408586769196844,10.284034477878592,0.0,0.2733205616069525,0.2562143729518017,0.20597417011392177
2016-01-12,10020000.0,-2.2,2.2,3.946281788467599,10.230160024851287,0.0,0.2257179302962677,0.20939421974676123,0.1640817390801108
2016-01-13,7830000.0,-0.2,3.6,4.137715281591414,10.727002202769752,0.0,0.2833171380664693,0.2697205793105443,0.20242297901595713
2016-01-14,8450000.0,-4.0,4.9,3.881346550632144,7.0455812459040175,0.0,0.184864680460984,0.17085892913272774,0.1767746132025394
2016-01-15,9960000.0,-2.1,6.8,5.280610036754132,3.85501641662038,0.0,0.10547913447460736,0.08777444154822912,0.1280052497668805
2016-01-16,12190000.0,-0.7,9.0,5.104153532097792,4.95046362817555,0.0,0.16790454473328362,0.14485064367799455,0.19558223637380406
2016-01-17,3010000.0,0.7,6.4,6.867215166608368,8.164972658804656,0.61,0.10014720834222204,0.09456848189906286,0.086658385156082
2016-01-18,8140000.000000001,-4.6,0.5,3.2716161418804206,18.454993187019614,0.03,0.36572231430415003,0.3535067139106238,0.17235338708271059
2016-01-19,9500000.0,-4.5,-0.9,3.1780328649103793,17.323629673446238,0.13,0.3267401435022006,0.3128666284559752,0.1564560418749282
2016-01-20,9680000.0,-5.7,-1.3,3.230310635025375,8.09314005476825,0.0,0.15064451706289855,0.1369850716751118,0.11601897658229965
2016-01-21,7630000.0,-4.6,-0.5,3.338247510262204,10.798834806806157,0.0,0.20868780811560855,0.19747435645389028,0.13748616223619678
2016-01-22,11600000.0,-4.4,0.1,2.836402393223023,12.073863528452339,0.0,0.3026620073110856,0.28532615395260874,0.18920463592433853
2016-01-23,10870000.0,-11.8,-2.7,2.341965842758878,14.396451058962754,0.0,0.21052419168738382,0.19762017330998616,0.11939741735446638
2016-01-24,13180000.0,-11.6,-3.8,2.6347931052551523,10.008676162405704,0.06999999999999999,0.11897957720408525,0.10367496956378142,0.08107944263474554
2016-01-25,9820000.0,-5.8,-0.1,3.965191313971577,4.085479354570511,0.010000000000000002,0.07906624405999338,0.06487704382540502,0.07846392077932654
2016-01-26,10940000.0,-2.2,3.8,4.690042871377711,7.060546371744935,0.0,0.15999797616907444,0.14162336063513906,0.13727365238952355
2016-01-27,12690000.0,-4.4,5.7,4.615800771085518,4.1992143109614855,0.020000000000000004,0.12238303320175534,0.10118935222847439,0.13569664464599981
2016-01-28,2160000.0,1.0,4.1,6.852848770594976,5.153989339612029,1.1199999999999999,0.04204324910551038,0.038176360035995685,0.0491146345519772
2016-01-29,1680000.0,-0.7,4.1,6.7086259854775445,4.6571471616935645,0.67,0.01928859994359721,0.0163713306319811,0.036539967192180445
2016-01-30,10030000.0,-2.5,7.8,5.8197051021535176,7.054560321408567,0.0,0.1500301562848033,0.1320107716959726,0.14329588180779293
2016-01-31,10180000.0,-3.1,1.6,3.6146582744319735,11.759595885793068,0.0,0.2772221552750044,0.26111795036206964,0.17478592562199025
2016-02-01,8910000.0,-3.7,-0.1,3.2334714537070988,12.756273266798182,0.0,0.2891635104659057,0.27570919197941135,0.16868160348918848
2016-02-02,11190000.0,-4.2,1.1,3.083802297066871,8.305644841709281,0.0,0.2335551080409286,0.21641367711494675,0.17802784361048787
2016-02-03,13590000.0,-3.5,4.4,3.8344951410935937,7.5484094741588486,0.0,0.22780794893659168,0.20528272283588125,0.19065263251467013
2016-02-04,11310000.0,-3.8,5.5,4.277519707666944,7.563374599999767,0.0,0.2075194929644159,0.18848771380581186,0.17919713414256982
2016-02-05,14580000.0,-2.4,4.7,4.335970956960231,7.814788714127184,0.0,0.22710550921841852,0.20229479584289548,0.18195821146888877
2016-02-06,8450000.0,-4.6,2.4,3.4027711000948844,10.409741534942299,0.0,0.2618231620770481,0.2486411763466121,0.18120506499550237
2016-02-07,14500000.0,-3.5,3.5,3.8418592079690943,5.049233458725605,0.0,0.1758412723090108,0.15221913628427586,0.16321413122298653
2016-02-08,14350000.0,-1.5,8.2,5.135842728474958,11.466279419311084,0.0,0.3245285408158756,0.2981134198126823,0.23121313915010586
2016-02-09,15530000.0,-4.1,7.1,4.131160191503971,6.554725118321919,0.0,0.2326935311956675,0.2059225743267538,0.21494171806630485
2016-02-10,15700000.0,0.6,11.0,5.484296502663693,9.278378021368926,0.0,0.3580092898178958,0.32669350195660657,0.29511074724048314
2016-02-11,13320000.0,7.6,14.7,10.302985565226004,16.12641960617283,0.8,0.41956987919130057,0.38868076062236695,0.25597611075218196
2016-02-12,3880000.0,12.4,16.6,15.436904585787813,8.545086855163962,1.08,0.11909229816815861,0.10935752598537458,0.09739420066395255
2016-02-13,6470000.0,1.8,18.0,10.998551325689311,14.842411809022098,0.51,0.26492204020757,0.25039554897873223,0.2109072065977681
2016-02-14,5850000.0,-2.6,2.2,3.367639148869393,20.603985257775385,0.0,0.5258955727604974,0.5164389387393301,0.2280548380538472
2016-02-15,10120000.0,-2.2,0.9,3.2429704004547624,13.932532157894306,0.010000000000000002,0.38436187849096015,0.3682890492601884,0.20987329940215918
2016-02-16,11460000.0,-1.6,5.3,4.374411811863843,11.966114622397733,0.0,0.3392342259719242,0.3192255629524367,0.2169405015016001
2016-02-17,17110000.0,-3.2,5.6,4.055791362019158,5.971085210526131,0.0,0.23680719427034794,0.20763711905056698,0.20409058539309766
2016-02-18,14650000.0,-0.8,9.7,6.267240773617383,7.60826997752252,0.0,0.23662579040534354,0.20864300139018885,0.1966915073844069
2016-02-19,15700000.0,-0.4,10.8,5.42730916038558,4.378795821052497,0.0,0.2346052358786384,0.20387804508112284,0.23785403114596013
2016-02-20,16329999.999999998,-2.1,8.5,4.190488923036015,10.074522716105744,0.0,0.3923043194859014,0.3623991323597382,0.29197893409541364
2016-02-21,15550000.0,-1.8,4.8,3.821026872287955,6.204541173644447,0.0,0.26167880336819516,0.23487337005772457,0.2179542951373815
2016-02-22,10090000.0,-1.4,7.0,4.662261314697486,3.2444392823109407,0.0,0.16485644857958975,0.1466335980061107,0.17110739821819768
2016-02-23,13540000.0,-2.0,7.5,4.249228468637951,11.65783303007483,0.0,0.4028752924195918,0.37846442773060757,0.2717368061261349
2016-02-24,11640000.0,-2.0,1.9,3.2250487028792136,10.25709725136494,0.0,0.34163066737133524,0.32270445470597237,0.22207044166579298
2016-02-25,17920000.0,-2.6,5.7,3.9324656862384257,7.338897712386002,0.0,0.30138464904888185,0.2704370988882331,0.23346814437184307
2016-02-26,12510000.0,4.3,8.5,7.239434221657127,9.197566341827972,0.1,0.2787783402708881,0.2533585065515068,0.19222310555738248
2016-02-27,17630000.0,0.7,12.0,6.852848770594976,5.076170685239258,0.4,0.25722307236345116,0.22145431262924645,0.23294046826070777
2016-02-28,9990000.0,-0.3,13.3,6.3664580142643965,13.758936698139662,0.4,0.5162729194150956,0.49591165901640394,0.31768004754559354
2016-02-29,17590000.0,-3.2,2.0,3.1347018406857305,13.274066620893933,0.06,0.4321412920790289,0.40414918369306446,0.2334899787897054
2016-03-01,18870000.0,-4.6,4.1,3.8875488635016304,6.153659745785326,0.0,0.24404970169204043,0.21360537587054748,0.187751361145936
2016-03-02,19440000.0,-0.7,9.6,5.981375736266893,6.63254377269469,0.0,0.28621983728766925,0.24908772681295197,0.22565734467652027
2016-03-03,18870000.0,6.8,15.2,9.785952884803443,7.437667542936058,0.29,0.3644457076544656,0.3208517782473078,0.28181786446709717
2016-03-04,10200000.0,11.3,17.2,13.87605701735268,9.643527091887316,0.22999999999999998,0.27858148385784787,0.25313028165409807,0.20226412573074287
2016-03-05,8920000.0,6.7,18.3,14.192202087726796,11.011339593747186,2.25,0.1472409170329601,0.12585964454413529,0.12204722632669622
2016-03-06,17410000.0,2.5,14.7,7.546349111456537,6.6295507475265065,0.0,0.35024155183028527,0.3125135760044355,0.3030561733812974
2016-03-07,13730000.0,6.8,16.8,9.65477216491401,6.749271754253848,0.03,0.3466258034854997,0.3142670806839461,0.30804308072636005
2016-03-08,3200000.0,0.2,7.6,4.991501002521928,10.888625561851663,0.76,0.31252727967622845,0.30652578376777917,0.23544081466612563
2016-03-09,19290000.0,-1.0,6.1,3.5271711481994084,14.004364761930711,0.0,0.583763537056186,0.5492300693937145,0.32471731826621425
2016-03-10,19230000.0,-3.1,4.5,3.2429704004547624,12.163654283497845,0.0,0.4750510101204609,0.4428741089184869,0.27698976448813967
2016-03-11,16430000.0,-3.8,4.7,3.5511552463526797,8.904249875345986,0.0,0.3438951617812739,0.31666267724597796,0.2363008063744881
2016-03-12,21220000.0,-0.9,9.2,4.592724706503632,3.908890869647683,0.0,0.2996451976756009,0.2595136324259509,0.26776813918883124
2016-03-13,9250000.0,-0.8,9.0,5.96866042842487,5.441319755757648,0.020000000000000004,0.20044303129988386,0.1829784195797977,0.18061610444768572
2016-03-14,19550000.0,-2.9,8.3,5.121561099198694,9.356196675741698,0.0,0.3448149827708503,0.3096306581374791,0.2348343206003518
2016-03-15,21150000.0,1.1,12.7,5.793139141581355,3.247432307479124,0.0,0.3112190393952797,0.2675882430299324,0.2925478594827847
2016-03-16,19250000.0,-0.1,15.7,7.124031685174533,5.121066062762011,0.0,0.4064952927699377,0.3657184468479576,0.3161143197383377
2016-03-17,19300000.0,9.6,17.3,10.200608038297364,7.392772165413305,1.21,0.47817039637555714,0.4308710469653107,0.3806715490203786
2016-03-18,4820000.0,5.8,16.1,12.36905460591706,6.20753419881263,0.12,0.1125981209604237,0.10147696825258498,0.11174466178363476
2016-03-19,20960000.0,1.9,14.8,8.168455935557716,7.078504522754035,0.0,0.39122709374459996,0.3461244552684971,0.2930462979019722
2016-03-20,17200000.0,3.7,14.4,8.512271879221926,3.798148938424893,0.0,0.28563211543707084,0.2478911146200003,0.2523373772124574
2016-03-21,19980000.0,1.8,14.9,8.305941284176104,3.7472675105657727,0.0,0.31252491720624076,0.2695310853001084,0.26484022306702826
2016-03-22,20320000.0,3.1,13.2,7.8023920356018905,5.534103535971337,0.0,0.348468126429666,0.30499018956205715,0.27615059256330443
2016-03-23,20980000.0,0.9,12.6,5.9922936314566195,11.262753707874603,0.0,0.5324207616483736,0.48933522243231187,0.35750577387144394
2016-03-24,20800000.0,1.0,11.9,6.139558855220602,6.788181081440235,0.0,0.3955013959713202,0.35317207871021145,0.3071306659839492
2016-03-25,20050000.0,-0.7,10.7,5.90723976404713,6.183589997467161,0.0,0.34032893532437747,0.30133937177154857,0.2656412719414415
2016-03-26,21860000.0,-0.5,9.9,5.598147032981654,7.611263002690703,0.0,0.39211431904880284,0.35001643165956414,0.2789095871066146
2016-03-27,23180000.0,-1.6,12.4,5.581022762934096,5.037261358052872,0.0,0.4077281810789614,0.36207147310167986,0.3126611827743564
2016-03-28,23550000.0,4.6,15.7,8.068439576587766,6.560711168658286,0.0,0.47141379172848286,0.41818891245292367,0.37119855017692177
2016-03-29,16750000.0,7.2,15.1,10.388496973575945,9.691415494578253,0.0,0.4032891209983158,0.3644458224975923,0.26925201873962096
2016-03-30,22350000.0,5.5,20.2,9.055865206940643,4.663133212029932,0.0,0.5300928899431968,0.4760747965266014,0.4323730776341974
2016-03-31,13500000.0,5.3,18.2,10.465693026209381,4.468586576098002,0.0,0.30557147524609035,0.27379385230116166,0.2763311739060944
2016-04-01,23400000.0,4.4,21.0,9.267801140315964,5.2108568178075165,0.0,0.5909296443147547,0.53457311306184,0.45356756481303384
2016-04-02,18880000.0,9.7,20.1,11.907534847426223,6.333241255876338,0.0,0.4667924046017783,0.419010862105931,0.38853962462038016
2016-04-03,6270000.0,10.8,17.6,13.727878435547009,4.007660700197739,0.37000000000000005,0.17984021179087498,0.16421250052314584,0.17045448993429552
2016-04-04,17670000.0,6.4,19.1,10.221011572234964,3.783183812583975,0.0,0.3737876282432596,0.3311810023183205,0.3356056461991579
2016-04-05,21550000.0,4.9,17.3,5.88748840930516,5.671782693707779,0.0,0.5526206234355536,0.502709120019432,0.49009685246897955
2016-04-06,11520000.0,10.2,18.9,10.373709195750395,11.870337817015857,4.07,0.6020632571062164,0.5731284466904467,0.45255280437242584
2016-04-07,14510000.0,6.4,17.9,11.035949640946942,6.880964861653924,0.0,0.35111168928634473,0.3166219956279456,0.28960599692745603
2016-04-08,24400000.0,7.5,20.1,11.754897628675133,4.193228260625117,0.0,0.46828328111055406,0.40800820142598326,0.37973107043869314
2016-04-09,23940000.0,6.6,21.3,11.085988131651256,3.708358183379387,0.0,0.5023434198811599,0.44300514574742716,0.4092590748904962
2016-04-10,23940000.0,7.6,22.5,11.045316688392909,4.785847243925456,0.0,0.5967612218517516,0.5359789299492947,0.4739962950617646
2016-04-11,19270000.0,8.0,17.2,9.489560244633498,9.984731961060238,0.0,0.5829803080434426,0.5366801528445179,0.4159060218712899
2016-04-12,21350000.0,11.8,17.7,12.598641928072752,12.507852177838949,0.71,0.6219932123345455,0.5681349705037595,0.369970906090748
2016-04-13,9950000.0,11.0,19.6,15.018580672811485,4.699049514048133,0.04000000000000001,0.24475691598445612,0.21936003286296984,0.21041072111679968
2016-04-14,23170000.0,4.8,18.9,11.607246659404854,7.213190655322294,0.0,0.468709226650107,0.4140354665134039,0.32084774472864036
2016-04-15,25490000.0,10.2,20.1,10.102014512778885,11.146025726315445,0.0,0.8128014113970765,0.7479458021063466,0.5694074924031106
2016-04-16,10550000.0,9.9,20.0,14.823285872210201,22.354904981162747,3.17,0.4525562372654274,0.42582761555324183,0.25078431137066526
2016-04-17,22100000.0,8.4,15.5,9.79437917771294,9.431022304946287,0.0,0.5577303999781027,0.5054539631541716,0.36549321848778465
2016-04-18,23220000.0,8.0,16.8,10.332401978218261,9.514827009655423,0.020000000000000004,0.5702128599494408,0.5146871034430257,0.3763916183224317
2016-04-19,26150000.0,5.9,18.3,9.305335966804783,5.420368579580363,0.0,0.5394970544502959,0.47741469273656456,0.42453045270863476
2016-04-20,19260000.0,14.2,19.6,13.60733608784149,11.801498238147637,3.84,0.6723335690062365,0.6215435548998383,0.4404566481471971
2016-04-21,10640000.0,8.3,18.5,13.465400652352969,6.88695091199029,0.04000000000000001,0.26218565362494567,0.23613957365522492,0.2107681751765787
2016-04-22,22990000.0,10.7,20.6,14.13002319327281,5.683754794380514,0.0,0.4957770815967373,0.43666442292917224,0.36820977270761013
2016-04-23,10460000.0,8.3,19.7,10.122244289324472,5.656817567866861,0.0,0.38133834921470916,0.35538293575161306,0.3718448279457828
2016-04-24,25780000.0,7.5,21.9,9.86484721955462,3.85501641662038,0.0,0.6010865404172361,0.5361233706864736,0.4931569628773863
2016-04-25,26160000.0,6.8,23.4,11.545396644126312,3.4539510440837877,0.0,0.5910101650156757,0.5245205894530065,0.47303782224275553
2016-04-26,19940000.0,13.0,23.5,14.305514044122077,8.22782618733651,2.52,0.6291613063947199,0.5752049658185868,0.5030629217042087
2016-04-27,3620000.0,11.1,15.4,13.66372402811236,5.998022437039783,3.1,0.1232118614590076,0.11438082740477433,0.12226622292568053
2016-04-28,12920000.0,6.4,17.6,11.847600887443171,5.36649412655306,0.06,0.2838693414189684,0.2532705028763935,0.2346126681168929
2016-04-29,24210000.0,6.9,19.6,11.57140332642217,6.593634445508305,0.0,0.5319466944485315,0.4728861048206345,0.38788443216837293
2016-04-30,27080000.0,9.6,21.3,10.33829412743618,8.386456521250235,0.0,0.7532835823835321,0.6839447345044221,0.5772483901664676
2016-05-01,26650000.0,13.2,22.5,14.002534379234069,8.293672741036547,0.0,0.7297165140151862,0.6581405194960727,0.5299208068027608
2016-05-02,11810000.0,17.5,22.0,19.06737540921061,18.194599997387645,5.3100000000000005,0.5760847636202712,0.5432572886165373,0.32642569108191644
2016-05-03,14580000.0,10.3,16.8,12.092321945728123,15.213546929876856,0.37000000000000005,0.5444786901225683,0.5086652183519595,0.30839672667825774
2016-05-04,27660000.0,6.6,19.8,11.339187588484242,10.170299521487616,0.0,0.6942002818535493,0.6268012320737332,0.43281902763930535
2016-05-05,21940000.0,16.3,23.5,14.774811941550311,13.318961998416686,0.38,0.9260719037103256,0.8649286760820176,0.6284169701152962
2016-05-06,15170000.0,9.8,23.6,15.762660147996096,8.607940383695817,0.0,0.4687912402340653,0.4289446474872792,0.3530996347722205
2016-05-07,24390000.0,8.4,21.0,10.87469457177191,7.494535021131545,0.0,0.6598424167725919,0.5983819160071422,0.4988719986192106
2016-05-08,18770000.0,14.5,22.4,12.310517629961986,7.730984009418044,0.1,0.681253704612124,0.6302756208292949,0.5668771858424659
2016-05-09,5710000.0,13.4,19.0,14.8435245149287,2.8044645825879626,0.9500000000000001,0.18607218260988226,0.17122364622189337,0.18557129892129992
2016-05-10,3820000.0,10.7,15.9,14.133902352708493,5.584984963830457,0.8400000000000001,0.10914800608400783,0.0998183277246669,0.10846895492569009
2016-05-11,24590000.0,9.5,21.4,13.431975516959366,5.01930320704377,0.0,0.5309448438488318,0.4679816876690933,0.4121596532881549
2016-05-12,26770000.0,10.7,22.4,14.908451286097351,6.982727717372163,0.0,0.6117831094565968,0.541676873954023,0.4350172910159859
2016-05-13,24140000.0,12.6,20.3,14.05649661553512,6.7193415025720125,0.0,0.5871466044679284,0.5240543765760327,0.4168724420006854
2016-05-14,25920000.0,13.9,22.3,15.228552724200725,10.140369269805781,0.0,0.7467462936585066,0.6768037454930818,0.4933613202601295
2016-05-15,20550000.0,10.2,24.8,16.68642753558277,13.636222666244139,1.4800000000000002,0.7005716032291547,0.6457448200248547,0.42299312380128684
2016-05-16,26760000.0,9.7,19.3,11.64318762925578,7.72799098424986,0.0,0.645271714550998,0.5781318940326219,0.4495474447548373
2016-05-17,28320000.0,9.3,23.4,14.02178568154491,5.773545549426019,0.0,0.6748828448049451,0.6010145080034965,0.48655158527183123
2016-05-18,27690000.0,12.9,27.8,16.251636745491524,3.60958835282933,0.0,0.7173400005659392,0.6395790361694882,0.5748111130348356
2016-05-19,21930000.0,10.4,24.9,14.250712914147032,4.6571471616935645,0.0,0.5977485670226621,0.539072183356769,0.4786690754259089
2016-05-20,28090000.0,13.1,26.5,15.059550191157202,5.971085210526131,0.0,0.7987184780313404,0.7205710141503203,0.6228516126922171
2016-05-21,27620000.0,13.3,27.3,14.550435623064851,5.091135811080175,0.0,0.8046304967763209,0.7271315065226378,0.6458975179514209
2016-05-22,25970000.0,15.3,26.4,14.855679341299771,6.883957886822107,0.0,0.799827351159833,0.7262865615526642,0.6662240696985423
2016-05-23,24440000.0,19.0,25.4,17.990200604442578,9.796171375464677,0.7400000000000001,0.8624187594857974,0.7917019828338108,0.6255795360189489
2016-05-24,7240000.0,11.5,18.7,16.42788696273867,5.153989339612029,1.4900000000000002,0.1686638326367481,0.15026228343668216,0.12986328614105153
2016-05-25,27610000.0,12.5,25.2,16.762879780073753,4.0585421280568585,0.0,0.6327981286954966,0.5572634086738024,0.49325395649851983
2016-05-26,21570000.0,16.0,25.2,17.572621624155254,4.654154136525381,0.0,0.5786407979341148,0.5178121800100488,0.4755247476199453
2016-05-27,21190000.0,17.3,27.5,19.459310326404623,4.309956242184276,0.12,0.5927206973553638,0.5312184528665703,0.5038052631745492
2016-05-28,16620000.000000002,16.7,24.0,17.205012638603993,3.046899621210828,0.1,0.4421670400320278,0.39549361178107023,0.38586077920994405
2016-05-29,17350000.0,12.9,23.5,15.921326341417947,6.7732159555993166,0.0,0.5051633157508667,0.4582588613000623,0.4073722250000503
2016-05-30,28520000.0,13.0,25.6,16.894007483386588,5.8992526064897275,0.0,0.7133220525538306,0.6346684726122597,0.5337887243710451
2016-05-31,21800000.0,16.0,23.6,16.65503619445658,5.109093962089276,0.0,0.5858063295354782,0.5251578883604608,0.4655787209227903
2016-06-01,26250000.0,14.5,26.2,17.624349919078945,4.333900443529744,0.03,0.6457505576072414,0.5720335003516677,0.5214253588158133
2016-06-02,25470000.0,13.2,25.7,17.265037718946775,3.7173372588839375,0.0,0.5990298068438062,0.5286018338394552,0.4816121677032063
2016-06-03,22820000.0,18.1,27.4,16.994082852994723,5.534103535971337,0.11000000000000001,0.7229995584374022,0.6564126226225455,0.6275604026886521
2016-06-04,5420000.0,13.6,20.4,17.999791244652492,5.674775718875963,0.9300000000000002,0.16028199974073223,0.14596098237232571,0.14112683133604623
2016-06-05,20230000.0,17.4,26.2,19.459310326404623,3.8460373411158293,0.03,0.5435928504227964,0.48542239631285666,0.4526203613784968
2016-06-06,9590000.0,18.3,23.7,19.811283619927043,3.079822898060847,0.020000000000000004,0.29594796772617515,0.2687244483003098,0.26875390643288316
2016-06-07,16149999.999999998,16.8,25.0,19.43877767173084,4.100444480411428,0.06999999999999999,0.4450755381856443,0.39930498935883,0.37175170858610757
2016-06-08,16440000.000000002,16.5,25.0,19.310877970174225,4.414712123070698,0.0,0.4549296723621147,0.40845233973257705,0.37692228209326617
2016-06-09,23810000.0,17.1,27.7,20.041990611278937,4.342879519034295,0.0,0.6380330756188636,0.5689264950960615,0.5227327276481233
2016-06-10,22500000.0,19.1,27.1,21.465082812043242,7.228155781163212,0.06999999999999999,0.6942919712339504,0.6282937423287037,0.5223230559233816
2016-06-11,18210000.0,21.5,28.0,25.16436025188727,6.518808816303717,0.1,0.5828003249024628,0.5281102458688376,0.44474687613319963
2016-06-12,7510000.0,20.2,26.0,24.421702727878934,2.939150715156221,0.12,0.2400530647581422,0.21802432257687981,0.2183532134245693
2016-06-13,24310000.0,17.5,27.3,20.047261176789316,4.507495903284387,0.0,0.65271190583673,0.5821541161471326,0.525863143715541
2016-06-14,26300000.0,19.1,27.3,20.48359932637088,7.033609145231282,0.0,0.7929471020263043,0.7156880845696898,0.5980474277974634
2016-06-15,17160000.0,19.6,26.9,22.72168235639087,9.52679911032816,0.32000000000000006,0.6140204447420068,0.5635738985854879,0.44862580630245785
2016-06-16,19890000.0,16.1,23.7,18.91655597318011,7.707039808072575,0.0,0.5602806517566445,0.5048504422066424,0.39385240373935676
2016-06-17,28320000.0,15.8,28.0,19.04720548445925,4.7529239670754375,0.0,0.7374609166849776,0.6558997987359152,0.5897300689093881
2016-06-18,24160000.0,21.5,28.0,22.792358643380602,7.356855863395104,0.24,0.785662737064164,0.7131030275939617,0.5924343464163704
2016-06-19,24160000.0,20.6,29.1,23.906544533134547,4.54341220530259,0.0,0.6870911507121721,0.6144317480949838,0.5434306758313715
2016-06-20,12310000.0,20.7,28.3,25.742429948897932,5.342549925207591,1.1300000000000001,0.4076987522589646,0.3708558566516674,0.34146706027123547
2016-06-21,22080000.0,21.3,29.9,24.309165155397825,5.570019837989539,0.96,0.6967268479861254,0.6296490602372476,0.564517638014547
2016-06-22,3570000.0,20.3,22.7,24.141208757508988,6.1297155444398586,4.7,0.1232550904846608,0.11303850325737794,0.11845160082711118
2016-06-23,19400000.0,20.9,28.2,24.209512580874975,8.081167954095516,1.7600000000000002,0.6587300623795135,0.6006269480353446,0.4940435793156993
2016-06-24,14460000.0,19.5,25.7,23.900396185348086,11.008346568579004,0.51,0.491877904698255,0.44978055098376074,0.3229543336317094
2016-06-25,25050000.0,17.4,25.9,19.764381123271047,9.12872676295975,0.0,0.761902794621705,0.6900434279067499,0.5288761881078574
2016-06-26,26800000.0,16.5,27.1,20.742855832643865,4.833735646616392,0.0,0.6758936776732478,0.5988314843887008,0.5132978079945673
2016-06-27,9050000.0,17.3,24.5,21.487477454887294,4.303970191847909,0.06,0.27467904464708975,0.24903053276580983,0.23780228590796995
2016-06-28,15090000.0,19.6,26.0,21.209008691427563,8.19490291048649,0.08000000000000002,0.5643690055739055,0.5203043804928155,0.44324621216963667
2016-06-29,18240000.0,20.9,26.7,23.661686350294477,6.63254377269469,0.0,0.5739294122239201,0.5198765826835665,0.4321630680660798
2016-06-30,16910000.0,23.3,27.7,26.749766646155784,8.967103403877841,0.06999999999999999,0.6077169935845717,0.5564134398634211,0.43382732701040866
2016-07-01,3270000.0,21.8,24.7,27.763318941844457,13.731999471626011,2.7100000000000004,0.11874355516111698,0.10913048954737477,0.08646001560430419
2016-07-02,5660000.0,20.9,24.9,26.960777548908332,4.6122517841708115,4.36,0.16192634954218937,0.14537360890202317,0.12870231787052813
2016-07-03,2820000.0,21.3,23.5,26.045729985122712,7.012657969053999,6.07,0.0942443062600282,0.08605948655930155,0.09445650256001493
2016-07-04,5380000.0,23.7,27.0,30.18417937106662,9.885962130510183,2.6500000000000004,0.22442675529150477,0.20813689584824197,0.1696515686279988
2016-07-05,19270000.0,23.3,30.5,30.5783703433497,11.403425890779229,1.29,0.6811123064434123,0.6215862159086459,0.4466044470383007
2016-07-06,4540000.0,21.8,24.8,28.32887506456815,5.234801019152985,1.82,0.11800104925136878,0.10464463166750629,0.09196808542975259
2016-07-07,18240000.0,21.8,29.6,27.484256037947237,3.241446257142757,0.13,0.5137483629425141,0.4582631014990299,0.4121362242145981
2016-07-08,21660000.0,21.4,30.2,27.84049359309928,3.331237012188263,0.17,0.5918972557004312,0.5259219019046457,0.4623681168012671
2016-07-09,24350000.0,21.8,30.9,28.45034292053099,3.1995439047881877,0.020000000000000004,0.6625337445245926,0.5878351102801604,0.513385479185638
2016-07-10,18170000.0,22.3,30.1,27.505100464429006,2.687736601028805,0.11000000000000001,0.5139557242316249,0.45832257528238624,0.4221518081762573
2016-07-11,11060000.0,22.1,27.4,27.896738184982706,3.217502055797289,0.5599999999999999,0.3190889353075909,0.28587244579018867,0.25875750028703626
2016-07-12,5860000.0,23.1,25.4,28.701856091226237,4.869651948634594,3.7,0.18511947677725976,0.1676422362454943,0.14627370208038978
2016-07-13,12770000.0,20.8,28.8,27.52595869276027,5.318605723862124,0.06,0.39236999240262466,0.3539914927251344,0.31381051118731257
2016-07-14,23570000.0,20.6,27.6,25.074468294193675,7.662144430549823,0.03,0.6851856385319198,0.615037838737734,0.46747036476719755
2016-07-15,18140000.0,22.1,27.3,23.753249973754787,13.974434510248877,0.52,0.8118453461883502,0.7574030163101371,0.5410890758084228
2016-07-16,15010000.0,21.0,27.2,26.15195493857601,9.065873234427896,0.34,0.493072122713394,0.44840014668833117,0.34192218668491836
2016-07-17,19880000.0,19.7,27.1,24.11641280460688,5.971085210526131,0.06,0.5617441656635653,0.5031724067363519,0.4135998678434715
2016-07-18,21890000.0,20.0,28.2,25.023227554890145,3.9956885995250055,0.0,0.5802333263609266,0.5150854545961947,0.44494862264970914
2016-07-19,24640000.0,22.2,29.8,25.696547167091612,8.20388198599104,0.0,0.8153150448257138,0.7400666974446766,0.5983420278879893
2016-07-20,24780000.0,22.5,29.4,25.01043167725285,11.062221021606307,0.0,0.9179857904983393,0.8423590628039206,0.6399497968494853
2016-07-21,23370000.0,22.7,29.2,25.074468294193675,10.607281196042411,0.0,0.8715324155863644,0.8002089036324268,0.6180105880681847
2016-07-22,23280000.0,21.9,29.3,25.539776755542736,9.829094652314696,0.0,0.8074149985840672,0.7366916788923157,0.5706842143204052
2016-07-23,24250000.0,23.5,30.5,28.200755693562098,7.518479222477014,0.0,0.7876052537985706,0.7126025825104119,0.5735433436759101
2016-07-24,23090000.0,24.0,31.7,30.977044299955214,4.812784470439108,0.020000000000000004,0.6929681928394847,0.6208121602126314,0.5226764716339949
2016-07-25,22720000.0,23.8,31.6,30.411052601591933,4.690070438543582,0.0,0.6817928771299326,0.6109202169658284,0.5211076338207473
2016-07-26,22040000.0,25.3,31.2,31.170322820700978,7.5065071218042805,0.04000000000000001,0.7441440503896438,0.6749435598898563,0.5392708908301728
2016-07-27,19170000.0,26.0,31.0,31.732853375378866,10.46960203830597,0.33,0.7455768202433561,0.6852124307904862,0.5224652362895561
2016-07-28,19490000.0,25.9,31.4,33.178074652970416,7.21019763015411,0.22000000000000003,0.6569314912475924,0.5954534359987637,0.4724799876963163
2016-07-29,22690000.0,24.7,32.6,32.360240395827,5.89326655615336,0.0,0.722497761900176,0.6509258237987946,0.5409590558666809
2016-07-30,23540000.0,24.8,32.7,31.341277060056342,3.316271886347345,0.010000000000000002,0.695950504393548,0.6216123917820803,0.5496877987135843
2016-07-31,23550000.0,24.0,33.3,30.85389534199663,3.3042997856746115,0.04000000000000001,0.6953761557686142,0.6210914866506093,0.5586040513272925
2016-08-01,23680000.0,25.0,34.0,29.35017914135424,2.8942553376334685,0.15000000000000002,0.7175437326204384,0.6421319761071301,0.6024875064918216
2016-08-02,14000000.0,23.7,31.4,28.868190868447385,3.049892646379012,0.45999999999999996,0.4477841691612919,0.40419138211767314,0.39242150924371544
2016-08-03,16200000.0,23.7,30.3,30.169107128197147,4.0615351532250425,0.8400000000000001,0.48951987800739094,0.4394150006932396,0.3885386468663209
2016-08-04,20060000.0,23.8,31.8,30.169107128197147,4.917540351325531,0.06,0.6279612431426493,0.5653112806252018,0.4975224231883185
2016-08-05,22540000.0,23.1,32.3,29.468076823617004,4.0585421280568585,0.06999999999999999,0.6681524115786901,0.5978412425602521,0.5349670544895002
2016-08-06,23530000.0,24.0,32.7,29.697680033590387,3.7233233092203046,0.0,0.7019834945994823,0.6280185840375581,0.5665094189049691
2016-08-07,22510000.0,23.9,32.5,30.380717152215446,4.2860120408388065,0.1,0.6816666164161093,0.6110317594029409,0.5411339284049013
2016-08-08,23010000.0,24.5,34.0,31.325702050841326,4.031604901543208,0.45,0.7157269415475951,0.642651599309451,0.5828654904083056
2016-08-09,21240000.0,24.4,33.2,31.811678499989245,4.22016548713877,0.61,0.6571671685432039,0.5900540987702272,0.5254138957426893
2016-08-10,22100000.0,24.5,33.4,31.544367583497078,3.471909195092888,0.06999999999999999,0.6656225175380556,0.5956731264822551,0.5372181420589909
2016-08-11,24440000.0,24.1,34.9,30.0112445522804,4.417705148238882,0.0,0.7800792466999213,0.7022471804336524,0.6558342649127422
2016-08-12,24760000.0,23.9,35.0,28.795768314283055,4.7080285895526846,0.0,0.8060297800373274,0.7272221063482812,0.691091205460347
2016-08-13,24480000.0,24.4,33.6,29.966273534703753,5.626887316185026,0.0,0.800108400100417,0.7225822392795356,0.6450557768170968
2016-08-14,22830000.0,25.0,33.3,30.984755323786164,6.366164532726358,0.010000000000000002,0.7762276566471863,0.7038049218380154,0.6144253745736645
2016-08-15,19940000.0,24.0,32.4,29.719982311925627,6.303311004194503,0.09000000000000001,0.6803266988619535,0.6177563279671257,0.5500156980711607
2016-08-16,23910000.0,22.4,32.0,26.231871817041068,5.3455429503757745,0.0,0.7465604643066863,0.6724267607548874,0.617709300633939
2016-08-17,20880000.0,23.4,32.7,28.436029029276384,3.2085229802927384,0.05,0.619269160407018,0.5538645359718394,0.5231426254890794
2016-08-18,22740000.0,24.5,33.9,27.96013190264372,5.782524624930569,0.0,0.7965526247358337,0.7243750358412003,0.6856472558562501
2016-08-19,22520000.0,24.8,33.5,28.443185188952054,4.854686822793677,0.0,0.7477024265399796,0.6762630928604996,0.6376500420644255
2016-08-20,22460000.0,24.3,34.6,28.02365134805256,3.385111465215566,0.0,0.701565804046914,0.6300787139396451,0.6166723533999375
2016-08-21,21310000.0,23.8,33.7,29.188741997378443,3.115739200079049,0.0,0.6387830992116157,0.5714872122213701,0.5439481513284845
2016-08-22,22010000.0,23.9,33.7,28.52918179686222,4.309956242184276,0.0,0.7006823425663008,0.6311362660266013,0.6011400846190929
2016-08-23,20120000.0,23.3,32.7,26.79728777050537,4.654154136525381,0.010000000000000002,0.6596183734467067,0.5966315753030484,0.5791539768811822
2016-08-24,23520000.0,22.2,34.3,22.62188577288304,3.3970835658883005,0.0,0.7181103527188913,0.6442630053252887,0.672145613901321
2016-08-25,22660000.0,23.8,34.1,25.228741085636965,4.052556077720492,0.0,0.7329391328067218,0.6612172684933989,0.6684948619062382
2016-08-26,14080000.0,20.6,32.4,23.292499199980263,6.686418225721994,0.55,0.6054511226243406,0.562175283779146,0.5986481921570799
2016-08-27,6690000.0,18.5,24.9,19.567418718934324,5.770552524257836,0.97,0.32433822736840473,0.3051318171953421,0.3214729859299238
2016-08-28,14240000.0,17.7,25.0,18.60817066156504,9.694408519746435,0.13999999999999999,0.5765330959198781,0.5358791743198191,0.4592303281061457
2016-08-29,23050000.0,20.2,25.7,16.82155036769581,11.406418915947413,0.0,0.9578287999346774,0.8903682927678155,0.7217756878619414
2016-08-30,19160000.0,20.3,25.5,17.549152795117166,19.179305277720026,0.06999999999999999,1.1805960692513788,1.1245624101231837,0.7384130207766056
2016-08-31,21770000.0,23.1,28.1,20.48359932637088,16.37783372030025,0.04000000000000001,1.1929120558350181,1.126776030504716,0.8214122858697509
2016-09-01,21240000.0,21.9,30.2,24.259294139046048,10.882639511515295,0.58,0.8416619948845646,0.7767548699552347,0.6457799520724941
2016-09-02,9270000.0,20.2,25.5,23.937307018248813,7.745949135258962,0.5,0.3372827719905528,0.3101928802447208,0.27135746976605246
2016-09-03,19200000.0,22.2,30.1,24.46559016481549,2.9960181933517083,0.020000000000000004,0.5374799570545152,0.4787309793900218,0.4686605296076748
2016-09-04,17230000.0,22.6,31.3,26.112076316035463,3.70237213304302,0.020000000000000004,0.5288279004286192,0.47557038393866485,0.4705851437949281
2016-09-05,20030000.0,19.8,30.3,24.12880799661424,4.905568250652797,0.0,0.5787170392415163,0.5183138139943331,0.49620529625171095
2016-09-06,11810000.0,20.9,29.7,21.991075134168597,3.8580094417885635,0.0,0.42519269532275483,0.38945767665876624,0.42607263828042574
2016-09-07,8940000.0,18.7,27.0,21.996791698621195,4.495523802611654,0.0,0.3151605208954503,0.289034994227949,0.3069764319905172
2016-09-08,21120000.0,19.3,28.4,21.50428685216972,5.258745220498453,0.0,0.5990052915870321,0.5363728333713964,0.5084335482914991
2016-09-09,20310000.0,18.0,28.4,21.370133285231063,6.015980588048884,0.0,0.5814854078193638,0.5218226456694078,0.49116921891280796
2016-09-10,14820000.0,18.8,28.9,21.911179601299548,3.44796499374742,0.0,0.4234497110883192,0.37950023046541564,0.3959508845424866
2016-09-11,13110000.0,20.9,29.0,22.342173763738646,2.9241855893153037,0.45999999999999996,0.39874909385325,0.35926782465609164,0.3811699151664076
2016-09-12,18170000.0,17.9,29.2,20.280370908010422,4.145339857934181,0.0,0.51281696760356,0.45916595436116914,0.4797342475748277
2016-09-13,18120000.0,19.3,29.6,21.93398093960827,3.4180347420655854,0.0,0.49470346074182575,0.44050945973813144,0.452688943362753
2016-09-14,15560000.0,18.7,28.3,21.358986954303713,3.1247182755836,0.0,0.4196059274237223,0.37369497649867,0.3878639681990624
2016-09-15,15710000.0,21.2,29.2,22.417628724567297,2.6099179466560334,0.53,0.4363600261529113,0.3888881526117611,0.4038431530758639
2016-09-16,2370000.0,20.2,22.7,23.747136108806846,8.383463496082053,4.6000000000000005,0.11689350662459004,0.11011649263509145,0.12192778218224647
2016-09-17,4040000.0,20.8,24.7,24.679739762691106,7.976412073209093,3.19,0.20010896315057738,0.18832056610009443,0.18420283073881558
2016-09-18,3820000.0,19.0,23.2,21.40918554138461,5.474243032607666,0.08000000000000002,0.18127610053510626,0.1704143993148752,0.18916892503841756
2016-09-19,12830000.0,16.5,25.2,17.021466194163096,7.467597794617895,0.0,0.49547335353313277,0.4591418814245468,0.4537865940269227
2016-09-20,20990000.0,14.6,24.3,15.707242884497967,4.7080285895526846,0.0,0.4991110704944032,0.44107089957326756,0.44103942813181557
2016-09-21,16420000.000000002,17.1,24.1,16.619223807933984,3.214509030629106,0.0,0.40469277277324806,0.3583874456377282,0.37648612024255
2016-09-22,17110000.0,13.9,24.7,17.035172368374685,4.986379930193752,0.0,0.41975610284366305,0.3725694705575382,0.37612966243879703
2016-09-23,18330000.0,14.6,25.7,18.047811694452893,3.340216087692813,0.0,0.4061603114196517,0.354858713631505,0.36741093720205903
2016-09-24,17500000.0,16.4,26.5,19.112826164538326,3.007990294024442,0.0,0.40557755083074837,0.35553630829225663,0.37040861360499455
2016-09-25,10250000.0,18.1,25.8,21.137126241743587,3.699379107874836,0.0,0.2946175805582333,0.2650746014373476,0.2794574330093127
2016-09-26,10880000.0,21.5,27.3,25.22229653193795,6.449969237435495,0.0,0.37381002377938016,0.34129242017931627,0.3211128288455247
2016-09-27,17590000.0,20.9,29.7,25.572368165925877,5.192898666798415,0.12,0.5020520037425173,0.4488277041405224,0.42600032928070564
2016-09-28,6820000.0,18.8,24.0,21.87701647905409,5.704705970557797,1.26,0.23871025825776493,0.21922410923289926,0.2178493675481667
2016-09-29,4620000.0,16.9,22.3,19.259924853346185,7.126392925444971,0.8500000000000001,0.224958737685612,0.21215025336431617,0.21303767037081628
2016-09-30,2480000.0,17.2,19.4,19.546786183034694,3.9717443981795366,3.3200000000000003,0.07790280078015574,0.07118587055951774,0.09760561101978574
2016-10-01,7910000.0,19.1,23.2,21.78047392897715,4.743944891570886,0.38,0.23312277076012206,0.21061335751227764,0.20579703435496866
2016-10-02,11270000.0,22.0,25.6,25.926677625170182,10.568371868856026,0.06,0.38667999834413147,0.35328222482879235,0.27052614358709326
2016-10-03,9090000.0,18.5,25.1,24.017451494807933,6.120736468935308,0.12,0.2403908399050652,0.2142529541977319,0.1935522882193385
2016-10-04,16620000.000000002,19.4,28.3,21.91687799074168,12.723349989948165,5.83,0.6966376881859563,0.6473502139651293,0.5411279026848855
2016-10-05,8100000.0,16.3,23.0,19.69680475335256,10.301992628887692,3.0600000000000005,0.305386946978675,0.28291095283155204,0.24352550569873413
2016-10-06,18870000.0,13.8,22.4,15.904105951385644,7.9644399725363595,0.0,0.4689619480182202,0.41804312533760424,0.37369778265763703
2016-10-07,6410000.0,17.7,21.7,19.832160441641935,7.0904766234267695,2.5500000000000003,0.23155492593432342,0.21375290970989885,0.2008637074804141
2016-10-08,5060000.0,11.7,19.4,13.539940505422695,12.852050072180054,1.32,0.38111842673633006,0.3681350624330657,0.30178626080824245
2016-10-09,18740000.0,9.3,15.8,8.233328260241523,9.739303897269188,0.0,0.5642546639294019,0.5192813544858996,0.4369504824015594
2016-10-10,14650000.0,11.5,18.8,10.850071075500583,4.324921368025193,0.0,0.34158187415885155,0.3043070732130221,0.33770156173759985
2016-10-11,9540000.0,12.2,18.9,12.807041869693439,6.021966638385251,0.0,0.30270763125404915,0.2782291143660764,0.28727776599449933
2016-10-12,15090000.0,12.0,20.0,11.574657782618921,6.880964861653924,0.0,0.43585288015398155,0.3967718073668167,0.4016306188408526
2016-10-13,14210000.0,9.5,21.3,12.630237758210827,3.4838812957656224,0.0,0.28096953434329025,0.24462273583092115,0.2914404693578124
2016-10-14,17720000.0,9.6,23.1,13.461683142963226,3.9807234736840877,0.0,0.36137343173787256,0.3151535543324464,0.3424131972005468
2016-10-15,12170000.0,15.0,22.5,15.52094323162746,6.246443525999015,0.13,0.3699699063872569,0.33673565745188866,0.3511545247754638
2016-10-16,1930000.0,16.4,18.0,18.77673515012461,6.273380752512667,2.77,0.05834708255458476,0.05322760482100771,0.07326062852727885
2016-10-17,11920000.0,13.9,22.9,17.117612830128245,7.689081657063474,0.0,0.3333714504799749,0.3010272544923676,0.2956539892162442
2016-10-18,10800000.0,12.4,21.4,15.01039852029011,4.175270109616017,0.0,0.25009144682288825,0.22161106508098274,0.25202308382825994
2016-10-19,12370000.0,11.3,22.4,15.831101473290405,4.396753972061598,0.0,0.25124221348039766,0.21865373649946748,0.2489112110519917
2016-10-20,11480000.0,14.7,22.8,15.386673314426945,6.321269155203603,0.0,0.3606354072902015,0.32928543376694525,0.35332810124978636
2016-10-21,4920000.0,14.2,18.6,14.68630441936488,8.730654415591342,0.27999999999999997,0.2720186816358995,0.25917269638192086,0.24277967377470616
2016-10-22,7430000.0,15.0,19.8,16.13796564581773,4.0106537253659225,0.0,0.19777824893459048,0.1779932538781936,0.19744023441798494
2016-10-23,5360000.0,14.3,19.0,12.647821079258971,6.213520249148997,0.03,0.3027210094042235,0.288656036142041,0.3126749659010737
2016-10-24,13170000.0,14.9,19.5,13.276953592202794,9.733317846932822,0.0,0.4768548753025419,0.4419204080739356,0.3955363189291058
2016-10-25,7140000.0,10.1,19.9,14.74659979840833,9.18858726632342,0.53,0.21918836461192215,0.2010796663300649,0.20329107131242732
2016-10-26,11870000.0,10.5,20.1,11.944292287749947,6.596627470676489,0.05,0.3358071906651056,0.3055096024588702,0.33562365529735605
2016-10-27,4900000.0,13.1,18.3,13.626109309233465,8.607940383695817,1.7100000000000002,0.27972932294812947,0.2671171907436515,0.2562081974120737
2016-10-28,2890000.0,10.4,16.2,11.821048852843557,11.232823456192769,0.17,0.28023977925245547,0.27318146237850377,0.2368654302965548
2016-10-29,9220000.0,5.3,12.5,6.412716996727105,11.409411941115595,0.0,0.46828534972078,0.44813789900586426,0.35545290479421965
2016-10-30,15130000.0,5.8,14.0,6.502211137045293,6.072848066244372,0.0,0.33895048762544905,0.30498050118150544,0.3388482559221494
2016-10-31,4170000.0,6.2,13.6,7.758811750846571,9.586659613691829,0.0,0.3440105623598115,0.3346480479202051,0.2970193376265855
2016-11-01,11850000.0,2.5,8.2,5.308356924350151,10.79284875646979,0.0,0.37409863164838286,0.35079521980436296,0.2695056967452817
2016-11-02,14800000.0,3.9,11.4,7.209357642889314,5.671782693707779,0.0,0.23382329592568177,0.2026088010673129,0.22244951251022518
2016-11-03,11370000.0,2.4,14.0,8.286522788775208,5.291668497348472,0.0,0.186720710490081,0.16235809526517353,0.20076506025244428
2016-11-04,13570000.0,9.0,16.3,10.983001643874326,5.983057311198866,0.0,0.25330450971409385,0.22066114193657235,0.24108535095606035
2016-11-05,11960000.0,8.0,19.1,13.116238083737668,5.95312705951703,0.0,0.20405212763924485,0.17467427288091292,0.20749035122295556
2016-11-06,12510000.0,11.0,19.1,11.924230422833173,10.55639976818329,0.0,0.4199854186460595,0.38822324355417426,0.3573277408193034
2016-11-07,9940000.0,8.4,17.3,12.03157048822397,8.757591642104995,0.53,0.24375532056180083,0.21973116626377145,0.2205797389595671
2016-11-08,10060000.0,1.3,9.6,5.630811265507427,14.567053493549214,0.0,0.4300899244255302,0.4102437034459309,0.2774417299744552
2016-11-09,14310000.0,2.3,8.4,4.484503500738098,7.656158380213456,0.0,0.326418278293079,0.29827719614219916,0.2910455344129256
2016-11-10,3810000.0,4.2,12.2,9.674210988922733,4.89958220031643,1.1800000000000002,0.09045305220140717,0.08228932625533,0.10087891170400605
2016-11-11,12210000.0,3.1,15.2,8.209248674824089,6.479899489117331,0.0,0.23320703095897954,0.206341726888926,0.2500187509533381
2016-11-12,11150000.0,7.9,17.6,11.199305408423841,5.9441479840124805,0.0,0.2218194397577109,0.19493410421367735,0.23508999669970398
2016-11-13,6100000.0,12.3,19.1,15.801126375936406,9.098796511277914,2.68,0.17912963747151434,0.16342881982920515,0.1609677354814479
2016-11-14,4810000.0,9.0,18.9,14.075813060059572,9.999697086901156,0.05,0.1702133056328225,0.15829112106376425,0.1708040395740586
2016-11-15,12740000.0,0.8,11.2,5.930657810948904,9.885962130510183,0.0,0.31139447306070067,0.28582405246117154,0.26842647976748407
2016-11-16,11140000.0,3.8,13.2,5.691423879573879,5.803475801107854,0.0,0.2788661495300326,0.2547930513266593,0.30882738916978875
2016-11-17,12420000.0,7.0,17.2,8.861067258348234,5.677768744044146,0.0,0.26408308294238136,0.23459692873647145,0.3012045606081249
2016-11-18,5530000.0,10.8,16.4,14.799031482532037,7.308967460704166,3.2,0.09747578329400644,0.08387675242716054,0.08684937386872091
2016-11-19,3690000.0,11.9,17.0,15.698732343741554,6.797160156944785,0.03,0.08343087761436649,0.07418293110061559,0.07921430929871806
2016-11-20,11440000.0,8.2,15.5,9.577360557108385,7.021637044558549,0.0,0.2619899671053952,0.2349952404776919,0.2643017886248874
2016-11-21,7790000.0,8.2,18.5,12.272770693623018,7.4167163667587745,0.19,0.2049934029726253,0.18594581373978702,0.2211066649180613
2016-11-22,6250000.0,0.8,7.7,5.132665989653238,14.701739626117472,0.0,0.3985361023066317,0.3866766754309014,0.2508114573135822
2016-11-23,11860000.0,-0.8,6.0,4.375790268767577,13.082513010130187,0.0,0.3561181627676352,0.33484858447622,0.237211922487398
2016-11-24,7530000.0,-0.2,4.0,4.589847398082342,7.88063526782722,0.0,0.19768922914041245,0.184518363025303,0.16709780539400804
2016-11-25,10630000.0,-2.1,8.9,5.46076731636387,5.150996314443846,0.0,0.14032152275604895,0.12072053315201403,0.16650674263529144
2016-11-26,2700000.0,2.4,6.5,7.211502304680226,5.22282891848025,0.6200000000000001,0.08336993197057022,0.07821269440463728,0.084155556763341
2016-11-27,7800000.0,4.3,10.4,7.134648422639411,8.11109820577735,0.0,0.22730066636094834,0.21099349417363591,0.2086479698617505
2016-11-28,9860000.0,0.3,7.5,5.355987787061406,9.395106002928083,0.0,0.2393728586954666,0.22088074942755737,0.20135675970671163
2016-11-29,11850000.0,0.4,8.9,4.575484801190997,6.647508898535608,0.0,0.23818257932436732,0.21539911137646467,0.2491089971204848
2016-11-30,5130000.0,4.4,13.1,9.013994474151001,6.021966638385251,0.16000000000000003,0.13944385020603411,0.12828036460294195,0.15644064564800078
2016-12-01,10080000.0,-1.4,11.2,5.5878669012822115,10.442664811792318,0.0,0.3043222214066307,0.2847836895201622,0.25890323469619203
2016-12-02,11690000.0,-2.5,7.8,5.34116547718737,7.1742813281359075,0.0,0.15479894226403687,0.1337972866465463,0.1632445144766106
2016-12-03,9850000.0,-0.3,10.8,6.376070904097801,1.9155361076374557,0.0,0.07900952837165957,0.059700811549075604,0.11904362967700514
2016-12-04,5530000.0,3.7,10.5,8.59455883473322,3.9388211213295183,0.0,0.08354708997687853,0.07207086726576246,0.10060539914296944
2016-12-05,8890000.0,2.9,13.9,8.035341741645468,11.47226546964745,0.0,0.27740357348997374,0.2582466526410884,0.24797425379280652
2016-12-06,10210000.0,-3.5,5.4,4.291050322309828,6.698390326394729,0.0,0.15794069182269604,0.14069542534450394,0.1627021132624022
2016-12-07,7170000.0,-2.2,11.1,6.730793270401487,6.183589997467161,0.010000000000000002,0.1315397723215874,0.11784444145205435,0.15107777879069276
2016-12-08,10890000.0,1.7,10.8,7.806991976639417,5.650831517530495,0.11000000000000001,0.11180577337610946,0.08977915082942299,0.13228366225264437
2016-12-09,8320000.0,-2.1,7.5,4.908462204121443,11.391453790106496,0.0,0.26062548948369435,0.24565190478038748,0.20699763115926192
2016-12-10,11470000.0,-3.2,5.9,3.560330057292878,8.341561143727482,0.0,0.2455103173636756,0.22584686262362946,0.22796797704127192
2016-12-11,11710000.0,-1.8,7.1,4.026243059028578,5.758580423585102,0.0,0.18295032370132966,0.1619127371075902,0.20876063938058484
2016-12-12,7160000.0,2.5,13.4,8.352221169095483,4.962435728848284,0.0,0.12280026427577624,0.10756770202795185,0.15961161846367206
2016-12-13,6200000.0,2.0,9.3,5.977740349100146,10.918555813533498,0.0,0.2902633922044266,0.2779546676307524,0.23179001927507598
2016-12-14,7200000.0,1.4,4.4,4.544027185570697,13.022652506766516,0.0,0.3399409977779553,0.3268920717964263,0.22102513716309596
2016-12-15,5240000.0,-1.7,3.0,4.161390041273679,12.84905704701187,0.020000000000000004,0.2739065437457421,0.2651551735093361,0.1752481969057155
2016-12-16,8140000.000000001,-0.3,3.8,4.649152593655499,8.290679715868363,0.0,0.1852791694217057,0.17111856470770886,0.15843399740550432
2016-12-17,9970000.0,-1.4,9.1,6.1414197399725525,4.570349431816242,0.0,0.10034382351805596,0.0816768301971164,0.13404174344710523
2016-12-18,7600000.0,2.7,12.1,9.034908459336442,6.066862015908004,0.37000000000000005,0.09331903984444924,0.07740663243160228,0.11267978910193581
2016-12-19,3820000.0,6.4,13.9,12.17034128481565,5.201877742302966,0.39,0.04525108249248203,0.03661757765882445,0.05647511039311128
2016-12-20,9180000.0,3.7,13.3,9.124270870201936,5.788510675266937,0.0,0.12105748582850073,0.10121986989430262,0.1468520388391164
2016-12-21,3870000.0,8.7,16.8,13.933421778648425,14.863362985199384,4.03,0.11289701600905164,0.10356551389645882,0.0995756093602925
2016-12-22,3250000.0,2.7,9.8,7.151664267708076,15.72834725880442,0.03,0.30460343336398177,0.2980298315938503,0.19602789915141233
2016-12-23,6470000.0,0.0,4.6,5.07106631145337,13.564390062207734,0.06999999999999999,0.2647893117921569,0.2533088300638237,0.16872077340024075
2016-12-24,9650000.0,-4.1,4.8,4.455001610382189,6.363171507558173,0.0,0.1255214577030694,0.10958760437081023,0.13514537611963187
2016-12-25,9630000.0,-1.3,10.0,7.3107678238430305,4.145339857934181,0.27,0.0671251682190275,0.04879157803792627,0.09881154914461185
2016-12-26,1350000.0,2.8,7.5,7.735961163289855,10.472595063474152,1.5300000000000002,0.09527577777273184,0.09263785749102413,0.08982879394537205
2016-12-27,7910000.0,-3.7,3.2,3.9943420377889156,13.935525183062492,0.0,0.2681228948705356,0.25536112395119226,0.16870675102013513
2016-12-28,11790000.0,-2.9,3.9,3.840630992820215,6.243450500830832,0.0,0.15819662684773084,0.1386176749494759,0.16464569701282178
2016-12-29,6650000.0,-3.4,2.5,3.890032249542507,10.209208848674002,0.010000000000000002,0.20879459040629506,0.1981493251495609,0.15591216285728532
2016-12-30,11200000.0,-3.3,3.5,3.9374847507730024,5.743615297744184,0.0,0.13694730311242603,0.11863066851525536,0.14647322108540103
2016-12-31,8960000.0,-2.5,8.3,5.849943407414722,3.444971968579237,0.0,0.08048671189467196,0.06424804845099154,0.11421953590244174
2017-01-01,10380000.0,0.4,9.9,6.8980899255473425,3.4060626413928508,0.0,0.0878886526514062,0.06760597670760926,0.12140509344199249
2017-01-02,9350000.0,0.1,11.9,7.758811750846571,5.525124460466786,0.0,0.10516371135887925,0.0863973508717837,0.13797780601445322
2017-01-03,11160000.0,-0.8,9.1,6.026983322892093,5.261738245666637,0.0,0.12572825723640216,0.10462230680350419,0.15324828118296865
2017-01-04,7530000.0,1.1,10.2,6.610662509231558,4.845707747289127,0.0,0.13128319022271415,0.1163340457001711,0.15839800073826166
2017-01-05,5120000.0,2.9,10.2,6.7086259854775445,8.578010132013983,0.0,0.22762941753044846,0.21717814719297102,0.2076430520848441
2017-01-06,10310000.0,-0.1,11.4,6.347270658007905,6.141687645112592,0.0,0.1676331705949789,0.1471649527958529,0.1984378263409995
2017-01-07,6110000.0,2.5,10.3,7.306426974794839,5.049233458725605,0.32000000000000006,0.12766224360733486,0.11524696111129809,0.14627263905724544
2017-01-08,10880000.0,4.3,12.3,7.726837572306692,8.826431220973214,0.010000000000000002,0.24285187002950118,0.2194729170010074,0.22761381566866273
2017-01-09,7860000.0,0.5,6.9,4.945216068741608,11.65783303007483,0.0,0.3124036055689775,0.29776153154675844,0.22745452359195584
2017-01-10,5400000.0,-2.4,5.2,3.802728697303205,12.87300124835734,0.0,0.35281917919888545,0.343544684293837,0.2350408800304667
2017-01-11,8430000.0,-1.2,3.8,3.890032249542507,7.3239325865450855,0.0,0.2100429417272837,0.19561772151614282,0.18805355545331545
2017-01-12,7940000.0,-4.2,7.3,4.628826152364676,9.116754662287017,0.010000000000000002,0.2041392954973343,0.19042704391945758,0.18823992654921565
2017-01-13,9140000.0,-0.6,5.9,3.8825863104381457,13.818797201503333,0.05,0.42656749389582443,0.41014703775007055,0.2730496228729997
2017-01-14,5400000.0,-6.4,-0.1,2.4908042925363394,14.369513832449101,0.010000000000000002,0.3425597065393735,0.3348568682809249,0.1927988197162566
2017-01-15,12320000.0,-5.4,1.9,3.1790710094329535,7.392772165413305,0.0,0.18256610164874296,0.16384743539982996,0.1625178386664548
2017-01-16,12320000.0,-5.2,3.2,3.2641679694891,7.057553346576752,0.0,0.18923954519371652,0.16994317003557588,0.17675358548764497
2017-01-17,10090000.0,-3.3,5.2,2.643592736492045,4.728979765729969,0.0,0.1981939333023086,0.18115135359957027,0.22312593253257634
2017-01-18,11510000.0,-4.6,6.8,4.318225430560587,7.237134856667764,0.0,0.1840107373794885,0.16446060019526265,0.18492432051220084
2017-01-19,12090000.0,-1.1,6.2,4.541176928502888,8.44931004978209,0.11000000000000001,0.23857987431279795,0.21693603688204205,0.2049507680531107
2017-01-20,10460000.0,-3.2,1.6,3.547720107121274,14.908258362722135,0.04000000000000001,0.3301314937796553,0.31361716835873554,0.18364497114566128
2017-01-21,6770000.0,-1.6,2.8,4.213097844496795,10.107445992955762,0.03,0.22816330630335457,0.21687803936743397,0.1638141479481814
2017-01-22,4700000.0,-5.7,0.2,2.978317110339186,13.699076194775992,0.08000000000000002,0.2895416399825236,0.2826924301557755,0.1675575413556846
2017-01-23,8270000.0,-4.4,0.4,3.081781680557309,10.278048427542222,0.010000000000000002,0.24564177916783714,0.23320536221644103,0.16947168153159958
2017-01-24,10310000.0,-5.7,2.5,3.1336765793267367,7.5484094741588486,0.0,0.20162236564741418,0.18586115115844454,0.17404723117994297
2017-01-25,12180000.0,-6.2,2.2,3.4182433954962574,7.048574271072201,0.0,0.16696213942520752,0.14864586875193003,0.14764019630823969
2017-01-26,13570000.0,-2.9,7.0,4.855296466199339,8.422372823268438,0.09000000000000001,0.213510043681245,0.18964575735977268,0.1864434649775197
2017-01-27,13050000.0,-6.1,4.0,3.2155964095375786,9.23048961867799,0.0,0.25193913990974764,0.23154028326899767,0.20244862743431052
2017-01-28,13780000.0,-2.2,9.4,4.897787997759096,4.770882118084538,0.0,0.18101531796793982,0.15543203234199449,0.20561913428030548
2017-01-29,4500000.0,0.1,13.6,8.077918166821608,9.814129526473778,0.33,0.21053468187730676,0.2012654377039936,0.18970073762777867
2017-01-30,9990000.0,-6.4,1.6,2.7303155171570923,13.624250565571403,0.0,0.34567617945490636,0.3309014800452032,0.20550921964846033
2017-01-31,14070000.0,-4.2,2.9,2.7303155171570923,7.680102581558925,0.010000000000000002,0.268234470191013,0.24588815524269694,0.22370820417359133
2017-02-01,10160000.0,-5.6,4.4,3.2408573839281165,11.609944627383891,0.0,0.31947125761074135,0.3033029903451701,0.22322902262857572
2017-02-02,14680000.0,-4.9,4.4,3.7832963807047797,7.671123506054374,0.0,0.21495552872740425,0.19127123073802876,0.18168694020842666
2017-02-03,11100000.0,-0.3,7.6,4.750492793125427,4.678098337870849,0.0,0.18939316387835894,0.168750428710956,0.19743027733369048
2017-02-04,9210000.0,3.4,12.2,7.409040854820002,4.214179436802403,0.29,0.17406509907999182,0.15455576136874835,0.19143708989902825
2017-02-05,6410000.0,1.1,7.2,5.86243480976708,14.115106693153503,0.04000000000000001,0.3142504992944582,0.30212781629491736,0.19433398916233963
2017-02-06,12970000.0,-4.1,3.4,3.6768036732314835,12.037947226434136,0.0,0.30609491447472503,0.285251083169868,0.19524749030107175
2017-02-07,13090000.0,-3.4,6.9,3.7243318637052942,5.686747819548697,0.0,0.22770627727857096,0.2049344940222788,0.22475912295719075
2017-02-08,5770000.0,-0.7,3.6,3.9299582828450172,11.843400590502208,0.03,0.33635067518189354,0.32642246419667165,0.21741536224516836
2017-02-09,8430000.0,-4.8,1.4,3.1000096573872087,14.863362985199384,0.03,0.3618585203596632,0.3490239246552017,0.1959352571718943
2017-02-10,12840000.0,-3.1,0.6,3.209308560961491,14.956146765413072,0.06,0.3835822098679947,0.3636724169860295,0.1987782326443035
2017-02-11,10880000.0,-3.2,1.9,3.604198397048093,10.789855731301607,0.0,0.2782950246856721,0.26101514503836015,0.17990761868180974
2017-02-12,14670000.0,-5.2,5.1,3.8467755540923037,7.015650994222182,0.0,0.22037531167423113,0.19652243024803928,0.1885912247000156
2017-02-13,15960000.0,-2.0,7.7,5.337876565250499,7.267065108349598,0.0,0.2281420237251559,0.19926733628961055,0.18984471431208402
2017-02-14,16430000.0,-3.7,6.8,3.6591198667754514,7.270058133517781,0.0,0.28873490084861536,0.2603605565886009,0.24847922836824465
2017-02-15,16420000.000000002,-3.2,10.0,4.24385850986248,4.603272708666261,0.0,0.2614414241617908,0.23116407239337566,0.25185984857753557
2017-02-16,12050000.0,3.9,14.4,10.267783235088112,12.103793780134172,0.31000000000000005,0.2242839818491244,0.19777072107564816,0.16578952820813062
2017-02-17,13420000.0,-1.7,6.1,3.933719920023431,13.094485110802921,0.0,0.43513391668897816,0.4114061056175756,0.2690202560878654
2017-02-18,16960000.0,-4.4,4.1,3.26204268850839,8.922208026355088,0.0,0.3147384737632192,0.2872689354411959,0.22911451625128043
2017-02-19,15090000.0,1.1,11.1,7.012349108323557,13.764922748476028,0.35000000000000003,0.36325627277479156,0.33287526168154674,0.23382462769194
2017-02-20,11580000.0,-5.9,3.5,3.2780123005349884,14.321625429758166,0.010000000000000002,0.3726964306986825,0.3547041635596289,0.21360720815794454
2017-02-21,17410000.0,-3.1,9.4,4.656431179131241,7.805809638622632,0.09000000000000001,0.32351562185800337,0.2916876063542455,0.2619814600276632
2017-02-22,1440000.0,1.2,10.1,7.642893521875385,14.49522088951281,1.11,0.17175259818872496,0.16889379764258125,0.14350916946060904
2017-02-23,14280000.0,-2.8,4.1,3.50333096393003,14.432367360980955,0.0,0.4528471446739538,0.4289979906709237,0.249649719053645
2017-02-24,17740000.0,-2.2,5.2,3.7942161884567023,8.24578433834561,0.0,0.3274303724834634,0.29684976882251507,0.24098889500761017
2017-02-25,17570000.0,-1.6,8.4,5.064785560422042,7.707039808072575,0.0,0.29942938310589706,0.26703151035491934,0.23561906165453667
2017-02-26,15700000.0,-2.8,9.6,4.614355513119326,6.198555123308079,0.0,0.2906867789599648,0.26173705771976274,0.25701954000527005
2017-02-27,18080000.0,-3.6,11.3,4.484503500738098,5.327584799366674,0.0,0.35677174979773674,0.32292027143839996,0.28721060640443163
2017-02-28,18580000.0,0.4,11.9,4.66955807828269,3.8161070894339937,0.0,0.2894147197944951,0.2519494375288013,0.29691454749725704
2017-03-01,16050000.0,1.5,13.3,6.748978250458914,11.160990852156363,0.27999999999999997,0.42877760914181834,0.3951731171712665,0.3182192244289181
2017-03-02,17940000.0,-4.0,5.2,3.881346550632144,11.774561011633985,0.0,0.3776189913561106,0.3477138674520611,0.231396829519451
2017-03-03,18940000.0,-0.2,10.6,5.061647768604499,4.1064305307477955,0.0,0.27889328848995454,0.24182494494186893,0.26584458934000355
2017-03-04,18580000.0,0.1,12.4,5.707102972490339,4.0615351532250425,0.0,0.2870338136912761,0.24945303803310942,0.275030916787679
2017-03-05,14380000.0,0.9,12.6,5.545212579586526,8.176944759477388,0.0,0.39478407477268157,0.36525261367034756,0.3356229036024785
2017-03-06,19780000.0,-3.0,5.5,3.3621789778472997,12.480914951325298,0.08000000000000002,0.4905264484505142,0.45674189293539086,0.2908689213509623
2017-03-07,14360000.0,-0.1,4.7,3.510127803740841,12.588663857379906,0.020000000000000004,0.49980056058456623,0.4743199241674311,0.29552979299727095
2017-03-08,15100000.0,-0.6,6.0,4.107638049154268,11.771567986465802,0.0,0.4433596774898655,0.4161840610211235,0.2735007999120273
2017-03-09,20250000.0,-2.1,10.9,5.2271146690276895,10.747953378947036,0.0,0.47429984617239496,0.4356842267753131,0.3067378218080025
2017-03-10,20490000.0,-2.2,12.9,4.219768077458998,4.90856127582098,0.0,0.43961692216754644,0.39932266827016505,0.35056931022815807
2017-03-11,20310000.0,0.2,15.3,4.307337134307638,4.0645281783932266,0.0,0.45677723462922754,0.41381719837992825,0.39242172817559806
2017-03-12,19770000.0,3.0,16.2,5.496094703450747,5.279696396675738,0.0,0.47224575880496095,0.4282122551780203,0.42363587850794626
2017-03-13,17580000.0,0.9,11.8,5.581022762934096,8.530121729323046,0.0,0.4227186685638136,0.38705135171030713,0.32909037454385015
2017-03-14,21360000.0,-1.4,9.6,4.241175787389285,11.86435176667949,0.0,0.547237878692484,0.5069087861150742,0.3525599242198609
2017-03-15,21430000.0,-0.2,11.5,4.618692490317446,5.659810593035044,0.0,0.389785142127552,0.3472406312220941,0.34113444299666706
2017-03-16,17360000.0,-2.5,11.4,4.831162472639026,5.626887316185026,0.0,0.36892175349911904,0.33576262603815754,0.294939942121896
2017-03-17,21660000.0,0.7,14.8,5.28386769931965,4.660140186861748,0.0,0.44842834948692445,0.4026127716848652,0.37718427212292227
2017-03-18,17010000.0,0.4,15.6,4.79067722760648,5.480229082944033,0.010000000000000002,0.5247841292943853,0.48854419184700076,0.4136827631071445
2017-03-19,21600000.0,4.5,18.2,6.167524539435218,5.1180730375938275,0.0,0.5399313725295252,0.4895888131427409,0.46991430701102666
2017-03-20,6700000.0,4.6,14.0,8.403637112758563,8.434344923941172,1.03,0.2924024933612984,0.2776002159548225,0.2519893020590248
2017-03-21,22180000.0,-0.1,9.6,5.262724650594675,10.583336994696944,0.0,0.47792458842243485,0.4351408225701293,0.3053916626466496
2017-03-22,18080000.0,4.4,12.9,5.374153375658219,4.256081789156972,0.0,0.37635321642518665,0.3371185206415214,0.3521576395240604
2017-03-23,15530000.0,1.9,14.1,5.7578847457165265,5.845378153462424,0.0,0.3917829063980256,0.3586961204745757,0.35535803056366166
2017-03-24,10700000.0,5.3,13.1,7.622596823418439,4.187242210288751,0.21000000000000002,0.26345434921322863,0.2398792447040216,0.2490958209199304
2017-03-25,4080000.0,0.6,7.8,7.278266886980506,5.103107911752909,0.8400000000000001,0.0982513980703506,0.09052240277953931,0.09397853319890093
2017-03-26,18020000.0,2.1,10.9,6.70259156853222,6.874978811317556,0.08000000000000002,0.35021011062079593,0.3134823916633963,0.261263035928084
2017-03-27,19420000.0,1.8,10.6,6.828282426429179,8.323602992718381,0.04000000000000001,0.3745161243919371,0.335296670701104,0.2540196396256575
2017-03-28,16350000.000000002,3.8,14.1,6.799720050006077,5.270717321171187,0.45999999999999996,0.36998666470582464,0.33420943190953883,0.32894337553510844
2017-03-29,9140000.0,2.0,12.7,8.288947908596432,5.6687896685395955,0.010000000000000002,0.2061720922379791,0.1870634314954104,0.18391146991570925
2017-03-30,22160000.0,6.7,18.3,7.481847160030629,5.05222648389379,0.17,0.5003472935298918,0.44722969281774405,0.45930943618076425
2017-03-31,13980000.0,4.1,13.9,8.366883048074396,4.818770520775474,0.06999999999999999,0.2882751879657771,0.25764181943725195,0.24957415287584386
2017-04-01,19270000.0,0.6,13.0,7.126153915787945,7.572353675504317,0.020000000000000004,0.38233133672131503,0.34269794094397155,0.28174261477067236
2017-04-02,23880000.0,3.2,14.9,6.231330769580367,5.980064286030683,0.0,0.49245600084964725,0.44005744855245854,0.4104344195869333
2017-04-03,24300000.0,3.6,17.2,6.065531059255242,5.911224707162461,0.0,0.6042765854218711,0.5489965911881834,0.4816572817185051
2017-04-04,22110000.0,11.6,21.2,8.840508483700715,6.297324953858136,0.06,0.6480883059097635,0.5903597014452374,0.5870612182277679
2017-04-05,4260000.0,13.2,15.6,15.047249047119124,14.345569631103634,2.0300000000000002,0.19224119961998148,0.18157640765063576,0.11963958171037481
2017-04-06,5080000.0,5.6,15.6,11.807792474355399,5.665796643371412,0.0,0.1288744174244712,0.11725793173393,0.12353171491189507
2017-04-07,22410000.0,7.6,22.9,12.008017512055813,4.3847818713888636,0.0,0.5393398297621037,0.4821998184075896,0.43406962034050756
2017-04-08,23930000.0,7.6,21.3,10.8162939043112,6.42901806125821,0.0,0.6105733031507149,0.5505994928325417,0.4705046465899341
2017-04-09,18320000.0,10.8,22.5,9.921542820329918,8.515156603482128,0.19,0.6899417870905883,0.6418689680302927,0.604604979205426
2017-04-10,21010000.0,8.9,19.9,9.029675956985555,8.928194076691454,0.63,0.676915497021275,0.6243175441395957,0.542926005963134
2017-04-11,22660000.0,8.0,16.5,7.054310464555587,11.21785833035185,0.010000000000000002,0.7878161634660655,0.73382418005743,0.5480200633330041
2017-04-12,24700000.0,4.6,17.0,5.6775189117620535,7.997363249386377,0.0,0.7006390727492028,0.6438664748824653,0.5489896356856052
2017-04-13,24740000.0,9.6,18.5,8.44792990766769,10.200229773169452,0.0,0.787441808027869,0.7259835255753051,0.5708819179635776
2017-04-14,22440000.0,11.9,19.9,11.29769964048045,12.522817303679867,0.06,0.7993672152433146,0.7413697407978863,0.5329082058658157
2017-04-15,23310000.0,11.1,24.1,14.23508935032468,5.4832221081122166,0.010000000000000002,0.5847694523880984,0.5224600888181336,0.4755829952944028
2017-04-16,24360000.0,15.0,28.0,14.570346845663927,6.833076458962988,0.11000000000000001,0.8231845947759023,0.7534714113426781,0.7005063473201577
2017-04-17,5480000.0,7.6,17.3,13.491448484129858,7.60826997752252,0.73,0.14979194467954798,0.1366720125289759,0.13136810473345034
2017-04-18,22490000.0,8.1,21.0,10.212262803913768,12.23847991270243,0.010000000000000002,0.8342171213208666,0.7777289367504967,0.5532384564766246
2017-04-19,25340000.0,7.8,17.5,7.104956712962297,6.901916037831207,0.0,0.6591147004393916,0.5981579620840197,0.5336638809407859
2017-04-20,10500000.0,7.4,18.5,9.12691092820154,5.558047737316805,0.13,0.3761315039174871,0.35069439120901563,0.3653399646338779
2017-04-21,22230000.0,6.4,20.5,9.121631485348336,6.306304029362686,0.0,0.6393336858707093,0.5848536580266792,0.4917080920355964
2017-04-22,24390000.0,5.8,19.1,8.94891306503385,5.183919591293864,0.010000000000000002,0.5592729047290425,0.5008796300661859,0.4455895194157643
2017-04-23,25340000.0,5.9,21.5,8.46273985929312,6.198555123308079,0.0,0.7739040208453478,0.7114480275486114,0.5597364011418786
2017-04-24,26540000.0,11.8,21.0,9.741120422145586,8.646849710882202,0.0,0.8156889403415406,0.7463937272032085,0.6325773095776726
2017-04-25,16629999.999999998,11.9,23.5,13.592333875578532,7.29400233486325,0.18000000000000002,0.5465861815625168,0.5020482850200797,0.4760945327833738
2017-04-26,18510000.0,8.1,21.0,7.457508524499863,9.79916440063286,0.0,0.8556880836649687,0.8091964742208804,0.6539633115493064
2017-04-27,26260000.0,8.0,18.3,7.317283367102123,9.125733737791565,0.0,0.7889692488870215,0.7250555642011377,0.5913893187980105
2017-04-28,26970000.0,8.1,21.9,9.752311540493604,8.730654415591342,0.0,0.8622354868960297,0.7938333030498546,0.602480745869059
2017-04-29,26940000.0,13.8,25.0,9.299965659807544,9.856031878828347,0.0,1.0480839457329145,0.9736566438845182,0.8687580735935484
2017-04-30,26330000.0,10.4,24.5,12.248802939570316,10.29301355338314,0.0,0.9700526932842578,0.8998723708863157,0.6493438782226308
2017-05-01,26240000.0,13.9,27.8,10.090470634774837,8.880305674000518,0.0,1.1921334004816808,1.117828035857418,0.9226647313135092
2017-05-02,20910000.0,11.1,24.5,7.295584807302533,8.209868036327409,0.0,0.9926147826326025,0.9365081481142727,0.8118788965816803
2017-05-03,26500000.0,13.9,26.5,11.758197439624515,7.889614343331772,0.0,0.9336822564023629,0.8594516313630329,0.7786353348804248
2017-05-04,21640000.0,16.5,26.4,15.104729942775942,6.94681141535396,0.25,0.7376471161528173,0.6757675453795053,0.6416312663699963
2017-05-05,10950000.0,11.1,23.5,15.324085994618509,9.284364071705292,0.41,0.43937418737362244,0.4102721277610626,0.3724081777084372
2017-05-06,23130000.0,9.9,22.5,8.07317764436489,7.449639643608793,0.0,0.8143565535251229,0.754208279154863,0.6838909795623309
2017-05-07,27040000.0,11.2,23.0,12.497305305687599,8.23680526284106,0.0,0.7532616878162176,0.6816753683979534,0.5752921895848946
2017-05-08,16360000.0,12.6,25.5,10.067417727876771,5.145010264107479,0.79,0.6455442122097633,0.6006259638409139,0.6196078695000241
2017-05-09,6510000.0,13.5,16.2,14.8435245149287,11.954142521724997,1.33,0.2693954637194244,0.25293764704744,0.17110608237514952
2017-05-10,16290000.0,12.8,19.0,13.66372402811236,9.311301298218945,0.05,0.5112317702203828,0.4691293255360679,0.35550911593864676
2017-05-11,24470000.0,17.8,26.4,17.937532099629752,8.961117353541473,0.010000000000000002,0.8221263757517322,0.7514325932102055,0.6243241294613602
2017-05-12,6730000.0,11.7,21.7,16.601342955221455,5.737629247407816,0.22999999999999998,0.2195607665917283,0.20188327356695107,0.20687489715829552
2017-05-13,26320000.0,10.5,25.0,14.706378783698858,6.94681141535396,0.0,0.7427469379203184,0.6721907410557211,0.5324614875867979
2017-05-14,27190000.0,9.9,21.1,10.212262803913768,8.314623917213833,0.0,0.7707540663240854,0.7010606027163175,0.5852547283137899
2017-05-15,26400000.0,11.0,21.6,10.727688258811263,7.40474426608604,0.0,0.7426000659633492,0.6738091980904686,0.5840281867507897
2017-05-16,23500000.0,9.8,22.5,11.78462527392607,5.085149760743808,0.0,0.600590497402331,0.5395420974506342,0.4967070856838932
2017-05-17,26940000.0,11.2,24.5,11.78462527392607,4.725986740561785,0.010000000000000002,0.7161918539864953,0.6438369837296503,0.5935470867098864
2017-05-18,27780000.0,12.6,27.2,11.947638816465062,5.100114886584726,0.0,0.8753457606205142,0.797927398564252,0.7076773147745218
2017-05-19,27760000.0,12.6,29.1,10.6821089676296,5.156982364780213,0.0,1.0198217595182812,0.9412121207237103,0.8068134450843052
2017-05-20,23630000.0,14.9,27.3,10.510458572223333,4.540419180134406,0.0,0.7485269700396551,0.6813379648474929,0.7189995952989052
2017-05-21,24340000.0,13.2,26.9,12.241962574068236,5.354522025880326,0.0,0.8016601312125753,0.733653877650867,0.6786448549231556
2017-05-22,26210000.0,13.5,29.0,14.27026354456566,5.423361604748546,0.0,0.909535191314452,0.8348286381108018,0.7113362025073389
2017-05-23,14310000.0,17.8,25.9,17.394946489913,4.582321532488976,0.06,0.4899965223757034,0.4488163394316702,0.45527959277831975
2017-05-24,21440000.0,12.9,25.5,15.62655596295438,5.746608322912367,0.06999999999999999,0.6125015482303823,0.5534780997602361,0.5065271584356734
2017-05-25,28640000.0,12.8,26.9,10.920996229454332,10.610274221210595,0.0,1.297632058845649,1.2178856966581042,0.8934029358207309
2017-05-26,29370000.0,11.1,21.0,8.868787658978944,10.260090276533122,0.0,0.9769134983712547,0.9007713334923281,0.7068896801785888
2017-05-27,28890000.0,12.6,25.0,9.752311540493604,4.9295124519982645,0.0,0.7992211380006349,0.7202559385089926,0.7100943791478834
2017-05-28,27930000.0,14.5,27.7,12.518212507451848,8.368498370241134,0.0,1.065440797921869,0.9860252704137398,0.8389406932202705
2017-05-29,27870000.0,14.8,29.2,14.953232936683548,5.9411549588442965,0.0,0.946622344417493,0.8662314035050965,0.7505407325091973
2017-05-30,20880000.0,17.1,30.6,15.03495672421778,4.743944891570886,0.0,0.7810685182666733,0.7191477925307608,0.713969966916175
2017-05-31,12050000.0,19.2,25.1,21.081977235085862,8.030286526236397,0.29,0.4677057986770142,0.432866316879463,0.3742168472974615
2017-06-01,22580000.0,13.8,25.8,15.861126452917619,8.479240301463925,0.0,0.7241527502009582,0.6613343189288529,0.5741943134320242
2017-06-02,28630000.0,14.4,25.8,9.544351920051165,8.221840137000141,0.0,1.0242422122812025,0.9441813765320539,0.8794896617364765
2017-06-03,28540000.0,12.2,25.0,11.007890432240094,9.365175751246248,0.0,1.028357502062844,0.9506316963461623,0.7711424097464303
2017-06-04,26510000.0,14.9,27.4,9.967105752526608,7.207204604985927,0.0,0.9977403870318943,0.9223011272088405,0.8833194847223294
2017-06-05,23670000.0,18.8,30.0,10.893194459078444,8.979075504550574,0.0,1.1455121789175837,1.0747684585854596,1.0701784252702171
2017-06-06,4090000.0,17.1,20.6,18.216768655230286,15.192595753699573,1.3,0.3492471813298077,0.33805786568733287,0.25252659438994624
2017-06-07,11200000.0,14.6,21.3,16.77189432656147,11.247788582033685,0.05,0.44323412400518414,0.4130967476155094,0.31006802970081576
2017-06-08,27800000.0,14.0,24.6,16.064019912474265,6.222499324653548,0.0,0.7163668691598131,0.6396989335926435,0.5429648905511487
2017-06-09,27110000.0,18.2,26.9,17.85640113978901,8.039265601740949,0.0,0.875409176849834,0.7965439528529514,0.6725926810476632
2017-06-10,15330000.0,19.0,28.0,21.712550884280326,5.133038163434745,0.03,0.5059032044675338,0.4606708858504997,0.44252320894614894
2017-06-11,21990000.0,18.0,27.5,16.330742995334557,6.396094784408192,0.18000000000000002,0.7606306655417391,0.6964656033783431,0.6651744516257821
2017-06-12,22790000.0,16.4,25.4,13.02207564531837,8.395435596754787,0.0,0.8768548094124661,0.8122659049070107,0.7315126036352961
2017-06-13,22690000.0,13.9,27.1,14.39594629804627,5.737629247407816,0.010000000000000002,0.7460196880549931,0.6821393607134516,0.6298107312748649
2017-06-14,28500000.0,14.4,27.2,15.125305494412043,6.372150583062724,0.0,0.8536864550781358,0.7730478272311296,0.6834704194697752
2017-06-15,28290000.0,16.1,27.3,16.085737737069334,6.449969237435495,0.0,0.8371581756275182,0.7559400375414281,0.6870675167963493
2017-06-16,28250000.0,17.5,31.1,16.695406015794223,6.363171507558173,0.0,1.0134218617684436,0.9291079568631908,0.8340450364740792
2017-06-17,27270000.0,16.5,32.0,17.237311058669558,4.920533376493715,0.0,0.9651957373522437,0.8838639371301882,0.7727677534743925
2017-06-18,28810000.0,16.5,31.7,16.357186700386894,5.22282891848025,0.0,1.0178391546409316,0.9320963412310675,0.8125771723960336
2017-06-19,27030000.0,18.6,30.7,17.177370525331767,5.2527591701620855,0.0,0.858731488552011,0.7776642117892972,0.7725633095922319
2017-06-20,11280000.0,18.5,26.7,19.774795488128674,8.637870635377652,0.08000000000000002,0.5407093427872653,0.5078699133336348,0.47164097846584346
2017-06-21,24260000.0,19.6,28.3,21.054449989291008,5.740622272576,0.020000000000000004,0.7338952194238858,0.6618478604939209,0.590104726029953
2017-06-22,26330000.0,18.4,30.1,20.365724573729356,4.884617074475512,0.0,0.7672540109854544,0.6887257271626923,0.650575306556923
2017-06-23,22220000.0,19.4,31.8,20.20594354033756,4.6571471616935645,0.0,0.7394335089356321,0.6719304091267524,0.6717806844484301
2017-06-24,20350000.0,20.1,29.5,19.921102018526962,5.456284881598566,0.0,0.6996062166891022,0.6384470570620916,0.6236465178343699
2017-06-25,18030000.0,19.8,27.9,22.128632013376347,5.647838492362311,0.29,0.5810333100274762,0.5275644074882757,0.48180934418218796
2017-06-26,15320000.0,21.1,27.6,23.32858793276737,6.9079020881675754,1.29,0.5557323694744236,0.5099767633392073,0.45348342348641174
2017-06-27,17660000.0,18.3,26.3,22.6570642293141,5.701712945389614,0.13999999999999999,0.4967519827089341,0.44557403457931155,0.3766083870293062
2017-06-28,18610000.0,20.9,28.4,22.886892753921938,3.899911794143133,0.06,0.5583806281924518,0.50256627301102,0.473286139607381
2017-06-29,13380000.0,21.9,26.7,22.786461617746554,5.0252892573801375,0.48,0.47304857025987845,0.4331151172463462,0.40952919864647186
2017-06-30,12300000.0,22.6,27.2,25.84099128585739,6.602613521012855,0.24,0.44812538887533826,0.4111087391059825,0.3600419232647957
2017-07-01,11600000.0,23.8,28.0,28.101457274039053,10.06255061543301,0.42000000000000004,0.4923887449770434,0.4570094575980795,0.36510413442970757
2017-07-02,12240000.0,24.0,28.6,29.675392359060275,13.468613256825861,2.22,0.5337219153762878,0.49619719737394563,0.3536804112486268
2017-07-03,13130000.0,23.1,28.5,28.839202793254433,10.188257672496716,2.06,0.4951326651575334,0.4551392951049634,0.3480992766537317
2017-07-04,13770000.0,22.6,27.3,28.45034292053099,6.952797465690328,0.8,0.4228061480732861,0.3813372634932045,0.2952161466983305
2017-07-05,18470000.0,23.0,29.5,28.636996634865255,4.369816745547945,1.92,0.5465101525925938,0.4899221208539797,0.4218128175841767
2017-07-06,11260000.0,23.6,27.5,28.759616539113917,7.9195445950136065,1.34,0.4040965491273827,0.3699119510654787,0.29751767900769605
2017-07-07,16550000.0,24.5,29.3,30.28986912780368,10.972430266560801,1.6800000000000002,0.6198782369675007,0.5687543761293903,0.41463380274988965
2017-07-08,11150000.0,24.5,29.2,29.906403638710888,6.7732159555993166,1.56,0.4250304756742416,0.39060896765541286,0.34236937317977184
2017-07-09,16309999.999999998,25.2,29.7,30.85389534199663,9.685429444241887,2.3800000000000003,0.6132050602989625,0.5624808902846004,0.43041419496331634
2017-07-10,10810000.0,23.7,28.5,30.09384435879758,14.127078793826238,2.4600000000000004,0.46910563026664664,0.4360500721589843,0.30485036189210357
2017-07-11,16440000.000000002,21.6,29.0,27.553791146745006,5.363501101384876,0.06999999999999999,0.4963335285592668,0.4465889301819617,0.38239110003267485
2017-07-12,26610000.0,22.5,30.2,28.64419691809117,3.86399549212493,0.0,0.7255502722563162,0.6439186230881709,0.5381329267676784
2017-07-13,25500000.0,24.0,30.2,29.675392359060275,4.426684223743433,0.03,0.7294157244350619,0.6504493879164105,0.5357631437981182
2017-07-14,17060000.0,25.4,31.0,31.795899830786848,7.611263002690703,0.09000000000000001,0.6124960404812896,0.5589629147307498,0.45748697426852675
2017-07-15,7140000.0,24.8,28.0,31.092885573832596,9.428029279778103,1.1300000000000001,0.3077141814983225,0.2857967864467483,0.23271771461897872
2017-07-16,20250000.0,25.4,30.2,31.2091044785345,8.871326598495967,0.09000000000000001,0.7045614727939603,0.6413181158159784,0.48604108681523533
2017-07-17,12280000.0,24.5,29.6,30.92311398128988,6.8121252827857015,1.09,0.4380555257120406,0.4000512832246833,0.3386635239110476
2017-07-18,10270000.0,23.1,28.0,29.854103113895082,4.618237834507179,0.38,0.3139475527334654,0.2827685276805565,0.24389860744344016
2017-07-19,17510000.0,23.9,31.0,30.977044299955214,3.4599370944201544,0.12,0.5194328724544522,0.4649766972888189,0.41113634109434816
2017-07-20,23400000.0,25.2,31.5,32.32021423544605,5.064198584566523,0.18000000000000002,0.7119878398050192,0.6384315751578018,0.5211588224860951
2017-07-21,23620000.0,25.2,32.9,33.29284744433531,6.021966638385251,0.1,0.7567712820557125,0.6819265253861369,0.5572503753054613
2017-07-22,23190000.0,25.8,32.0,33.161706725075014,6.228485374989914,0.05,0.7445990813286726,0.6712412244377719,0.5374418405117041
2017-07-23,17950000.0,25.5,31.0,32.96583987585683,5.489208158448584,0.0,0.5717596425048802,0.5154008038265142,0.4236737024370047
2017-07-24,21040000.0,25.7,32.0,33.33392150772737,5.465263957103116,0.5,0.6698566504349825,0.6033377188783968,0.4966890919446131
2017-07-25,19810000.0,24.4,30.8,30.426230232410376,7.587318801345235,0.17,0.6717482716044062,0.6100272709990129,0.4925169527790006
2017-07-26,23430000.0,22.0,31.9,24.876419806872384,6.845048559635721,0.0,0.8122369490425767,0.7398153813490402,0.6746680525240534
2017-07-27,26600000.0,21.5,31.3,25.429237265468085,4.830742621448209,0.0,0.7792572555841552,0.6976042151959374,0.624864725776295
2017-07-28,20890000.0,25.5,31.2,31.27124266131651,3.85501641662038,0.05,0.6338703189225371,0.5682040638592734,0.4935299721596456
2017-07-29,19860000.0,24.7,30.9,30.547889346148576,5.30663362318939,0.24,0.6294535314948192,0.5674281947253024,0.48276074906186406
2017-07-30,19220000.0,24.9,31.2,31.178075788179807,4.956449678511916,0.65,0.6079075317666398,0.5477027002702732,0.4704084926269533
2017-07-31,8080000.0,24.5,29.5,29.74229920213391,7.0904766234267695,0.73,0.3688970235881374,0.3439064428042891,0.32465028772371884
2017-08-01,19760000.0,25.0,32.0,31.03105663289339,4.84870077245731,0.38,0.6380583303704337,0.5758360906422798,0.5074306161121758
2017-08-02,20040000.0,23.8,31.8,29.61602989537622,6.47092041361278,0.1,0.675650942217506,0.6130634422748513,0.5315735144474326
2017-08-03,25740000.0,25.1,31.5,28.016587416579643,9.484896757973589,0.0,0.9597726969789905,0.8789078933894979,0.7089647912046921
2017-08-04,21860000.0,24.9,33.2,31.0233355600674,4.731972790898152,0.010000000000000002,0.7060795518734688,0.6368117118735991,0.5705037566739062
2017-08-05,23640000.0,24.9,34.8,32.073014064356634,4.097451455243245,0.0,0.7502279813443822,0.6746551744900905,0.6134169929759942
2017-08-06,23210000.0,25.4,33.5,31.591397267723018,5.33357084970304,0.03,0.7652207635940311,0.6913465266666174,0.6081782495277767
2017-08-07,23130000.0,24.5,32.2,31.310133791963317,6.069855041076188,0.30000000000000004,0.7351867336439161,0.6624791951272433,0.5523701515781948
2017-08-08,12940000.0,24.2,32.0,28.889948610042588,4.468586576098002,6.170000000000001,0.47903700440314845,0.4384797970960972,0.4367127568353383
2017-08-09,12850000.0,23.1,29.1,29.705112503325445,6.590641420340121,0.09000000000000001,0.4216261874843009,0.38233257770784745,0.32110145544124713
2017-08-10,22460000.0,22.6,30.2,28.15106826389083,5.079163710407441,0.04000000000000001,0.6530503049222346,0.5841056700681231,0.4958492929066213
2017-08-11,23260000.0,23.6,30.5,28.443185188952054,4.333900443529744,0.09000000000000001,0.6752829765201078,0.603297741971579,0.5233417966110564
2017-08-12,16660000.0,23.2,29.6,26.913003292791018,5.878301430312442,0.34,0.5636828796014307,0.5125422911477576,0.46100263951375064
2017-08-13,3940000.0,22.9,24.6,25.920077567251838,15.195588778867753,3.6799999999999997,0.3086116144713236,0.296944132092476,0.23085118464721135
2017-08-14,5490000.0,23.1,26.1,26.960777548908332,11.283704884051888,1.03,0.31967122785948376,0.30321723501812625,0.2528168357290159
2017-08-15,10180000.0,23.5,28.0,29.38697787197788,8.081167954095516,0.41,0.36891163514459546,0.3379241629603518,0.2772751969895774
2017-08-16,18260000.0,23.0,27.9,27.658381813012348,5.659810593035044,0.16000000000000003,0.5350434597413749,0.47968095939306854,0.39340035289580844
2017-08-17,18210000.0,22.4,27.7,26.84488260767829,5.686747819548697,0.18000000000000002,0.5307103460679994,0.47579558162710045,0.3935480229478524
2017-08-18,19690000.0,22.1,28.6,27.861573702409487,3.852023391452196,0.19,0.527421652053065,0.4678031887746549,0.39918820894278595
2017-08-19,10880000.0,23.8,28.6,28.200755693562098,7.54840947415885,0.5,0.43405428320575473,0.4007417537303712,0.3551123512042378
2017-08-20,14240000.0,24.0,28.6,29.342824222372897,10.526469516501455,2.66,0.534730846217067,0.4910746383450612,0.37170369953952387
2017-08-21,10780000.0,23.3,27.8,28.824718284770537,6.10577134309439,2.64,0.3572381328126001,0.32451078227020885,0.27918902848591837
2017-08-22,15660000.0,25.6,30.0,32.32021423544605,5.16296841511658,1.1900000000000002,0.49133332610264197,0.4424251300396693,0.37063495874820224
2017-08-23,20140000.0,26.5,31.4,33.34214161820796,11.047255895765387,0.17,0.7568198036497084,0.6930740689952367,0.5087658510992763
2017-08-24,18770000.0,24.8,30.2,32.04917918637364,10.88563253668348,0.45999999999999996,0.6437831453500451,0.5853729881214099,0.4149446565447912
2017-08-25,12640000.0,19.6,27.5,25.696547167091612,4.857679847961861,0.12,0.35553854003275764,0.31821609603805096,0.2865298991718054
2017-08-26,23880000.0,16.2,28.5,17.33452551591631,6.357185457221806,0.0,0.7300507446327723,0.6607942038075892,0.6327968679265468
2017-08-27,23750000.0,20.0,28.9,22.134379849199263,3.7412814602294056,0.0,0.6284908722652744,0.5574584482124191,0.5267698576599905
2017-08-28,18100000.0,19.8,29.5,27.484256037947237,9.236475669014357,0.25,0.5380476224232967,0.4837628385015386,0.3797215088637154
2017-08-29,23040000.0,16.8,25.5,13.777116087406394,10.406748509774115,0.0,0.9220083480035752,0.8564436348265418,0.7379715008335629
2017-08-30,15410000.0,16.5,20.6,13.90662568585703,8.117084256113717,0.0,0.5728193129019283,0.5308900284611602,0.46287083274732305
2017-08-31,23140000.0,16.7,26.0,18.87651439510047,7.2820302341905165,0.0,0.6490825530847528,0.5830199304846568,0.5036481232809054
2017-09-01,23080000.0,16.6,27.2,18.87651439510047,3.974737423347721,0.0,0.5727144768397688,0.5062444696976657,0.49123694684838204
2017-09-02,14580000.0,16.4,25.1,20.084189129917736,3.8011419635930763,0.0,0.36986179042011685,0.3286428421391766,0.31737851673796164
2017-09-03,20610000.0,19.0,26.8,20.036721259148973,3.471909195092888,0.03,0.5289646216990704,0.4686904194740129,0.4552653358021404
2017-09-04,12440000.0,20.6,26.3,20.748287413147633,5.776538574594202,0.0,0.4633571861509128,0.4266788152377979,0.42138229587151405
2017-09-05,4040000.0,21.6,23.9,24.197081153262165,3.756246586070324,0.9900000000000001,0.15827400282230497,0.14648560577182201,0.16478168639610075
2017-09-06,7600000.0,18.5,26.8,23.208481951794184,5.516145384962236,3.18,0.2786522881358375,0.2565096268977386,0.26516473702920484
2017-09-07,11790000.0,16.9,25.2,20.862638565210116,5.091135811080175,0.15000000000000002,0.3370105196883234,0.3035144165267802,0.29203778296708544
2017-09-08,20350000.0,16.5,26.8,20.55353297182954,5.584984963830457,0.0,0.5246275339610295,0.46625076299698404,0.4268555339022616
2017-09-09,19350000.0,18.5,27.9,22.880974341531836,4.0106537253659225,0.0,0.49146690966340023,0.43462424853087206,0.4072896030459745
2017-09-10,13950000.0,22.4,26.9,23.808336717191356,8.542093829995778,2.7800000000000002,0.5457500026392703,0.5039117299481916,0.43933765840173294
2017-09-11,7540000.0,17.8,24.4,22.238064482612195,7.401751240917856,1.33,0.25802688560981873,0.23658782089763494,0.2155421241620897
2017-09-12,22020000.0,14.6,26.8,18.68237319135615,7.4107303164224065,0.0,0.5964320949449771,0.5342311486845923,0.48184833542592226
2017-09-13,22650000.0,13.8,26.0,17.113023643919277,6.764236880094765,0.0,0.5911927485068408,0.5280708658367781,0.4886931574422495
2017-09-14,22150000.0,17.2,26.8,18.421345478318635,5.932175883339745,0.0,0.6112504918268522,0.547358875708819,0.5213215634142699
2017-09-15,15350000.0,15.7,24.3,15.771201090349669,8.877312648832335,0.0,0.5852138550682773,0.5423624249974835,0.49547359348334385
2017-09-16,14980000.0,18.9,25.0,18.36757219573572,6.656487974040159,0.0,0.5175186373918769,0.4743426542474021,0.45404223754178963
2017-09-17,17020000.0,16.5,27.8,20.25376219749854,8.47624727629574,0.0,0.5592702347033743,0.5100612736913975,0.4767735849133283
2017-09-18,20690000.0,18.9,25.5,21.723858503912034,6.306304029362686,0.0,0.5327278658329384,0.47286165842992683,0.4003876627558389
2017-09-19,17800000.0,20.8,27.1,23.473432276731582,9.059887184091528,0.06999999999999999,0.5897474435464758,0.5368849955269632,0.4448245429285397
2017-09-20,14630000.0,12.4,23.0,14.742573355641111,6.300317979026319,0.0,0.418889343679495,0.3797077786514821,0.3802740475510122
2017-09-21,19350000.0,16.9,25.2,17.320608373527328,3.738288435061222,0.0,0.4697495128775401,0.4147749924215722,0.4232928751911185
2017-09-22,17420000.0,17.4,26.0,19.56225879757668,4.0645281783932266,0.0,0.4388047878824214,0.38879347768589656,0.38765895611425816
2017-09-23,16649999.999999998,17.4,25.8,20.63989202660485,3.615574403165698,0.0,0.39728848350435786,0.3495636219725773,0.34270691315982216
2017-09-24,18630000.0,19.0,27.6,22.35956669905438,4.1573119586069165,0.010000000000000002,0.4726723776352296,0.4178639944662078,0.402697387878333
2017-09-25,18290000.0,20.0,28.6,21.13160566504451,6.210527223980814,0.0,0.5827521336576048,0.5281644762870888,0.5214447264661675
2017-09-26,18510000.0,19.0,27.5,20.451392581834668,10.379811283260464,2.7300000000000004,0.6860890227963161,0.6316737798267845,0.5477074868933212
2017-09-27,3090000.0,17.9,20.6,20.190025969869783,7.356855863395104,0.33,0.1409052038743894,0.13239101462468134,0.1384068798811047
2017-09-28,18920000.0,12.4,23.6,14.344770931165987,8.141028457459187,0.0,0.540046149537677,0.48908774701963303,0.4626637916427175
2017-09-29,17630000.0,10.9,20.9,12.700700225917911,4.965428754016468,0.0,0.3952716007123506,0.34970584873049226,0.35996115548303625
2017-09-30,19700000.0,16.2,25.5,14.099023565505679,6.509829740799166,0.0,0.6122610212439141,0.5564753625892656,0.5792767785674645
2017-10-01,2750000.0,18.5,21.6,21.678658920363475,11.17595597799728,5.69,0.14849220643746228,0.1408086732700548,0.13064559482821744
2017-10-02,6620000.0,16.2,23.5,19.87397188902136,8.488219376968477,0.03,0.26466750264027106,0.24623450970446284,0.2347076068074127
2017-10-03,18400000.0,12.9,22.2,13.413437516786983,8.87431962366415,0.0,0.5588380367127618,0.5097003987772546,0.4645335268727295
2017-10-04,13220000.0,15.6,22.3,15.282485352423711,6.710362427067462,0.010000000000000002,0.4286361193873738,0.39240405534048073,0.387655085247561
2017-10-05,6130000.0,15.4,20.6,15.62655596295438,8.97608247938239,1.05,0.34350995004091006,0.3269996430939962,0.3037914609928029
2017-10-06,5240000.0,13.8,21.6,18.144189549777998,4.8427147221209434,0.34,0.1571151477938398,0.14308155922604843,0.15714761720743228
2017-10-07,10720000.0,15.8,23.2,18.951653375302655,4.546405230470774,0.0,0.27032873397298623,0.24066049771498205,0.24553866501574304
2017-10-08,13890000.0,16.6,25.5,20.78090304907103,3.7203302840521206,0.010000000000000002,0.3181331876227282,0.27867085743495584,0.28435481653022476
2017-10-09,15110000.0,18.0,26.5,22.168894301259936,2.9271786144834873,0.0,0.3376632441948695,0.29390886133244354,0.2978497471928371
2017-10-10,13710000.0,18.6,26.6,22.75110747944463,4.5194680039571224,0.03,0.34735458959277876,0.30744070858131833,0.3046242125592927
2017-10-11,4010000.0,13.1,18.7,13.313720258213174,11.146025726315445,0.05,0.36820139259807627,0.3578373162822934,0.3072351581489355
2017-10-12,2430000.0,7.4,14.1,10.86853409102312,7.713025858408942,0.41,0.13927172068266158,0.1336935457230409,0.1487860547966949
2017-10-13,17660000.0,10.9,17.4,9.058487810851412,10.236146075187655,0.0,0.6018390455402602,0.5578709953516228,0.4750252753520853
2017-10-14,16280000.000000002,12.6,19.6,9.124270870201936,8.117084256113717,0.05,0.5812048164550415,0.5389555924931332,0.5320269881215812
2017-10-15,3770000.0,13.2,16.5,13.837929195506295,5.369487151721244,0.17,0.17037648628684315,0.16084561549523313,0.16957530603900436
2017-10-16,4380000.0,11.4,18.5,12.971619299632005,5.6209012658486595,0.0,0.2129537892470467,0.20185697757885976,0.22460071741434778
2017-10-17,11180000.0,14.0,20.4,13.19272866580908,5.5311105108031535,0.0,0.3437518623032273,0.3140960275563923,0.3393562879639116
2017-10-18,5180000.0,10.8,19.1,12.553126182924835,5.773545549426019,0.0,0.23675090101496316,0.22362727443021235,0.2521464970053066
2017-10-19,14080000.0,10.2,20.6,13.287974212188853,3.759239611238507,0.0,0.26627951894616014,0.2302652386467825,0.26686728770046786
2017-10-20,15190000.0,10.9,21.3,13.469119063728467,5.186912616462049,0.0,0.32427963787699243,0.2848591395980373,0.31616196603348395
2017-10-21,16120000.000000002,10.1,21.8,11.821048852843557,7.491541995963361,0.0,0.4377744896284746,0.39606861242428604,0.42279414446059727
2017-10-22,15980000.0,9.1,22.0,10.911722041503607,10.822779008151626,0.0,0.6223052300692319,0.5813024313407409,0.5038246184210508
2017-10-23,15580000.0,10.2,18.6,10.742919353758932,3.8849466683022156,0.010000000000000002,0.2942599576015641,0.2552558592723608,0.3024297035244559
2017-10-24,12450000.0,5.8,18.0,11.011005018323381,4.9295124519982645,0.0,0.22614676859514962,0.1967328275978756,0.23199220607056442
2017-10-25,15600000.0,6.3,18.1,10.621601808270038,6.159645796121694,0.0,0.2893455937078345,0.25222022272507216,0.28086156540975776
2017-10-26,12500000.0,9.2,18.5,12.476428809473754,3.468916169924705,0.0,0.21163423556287486,0.18072084582718823,0.2154384077305019
2017-10-27,13870000.0,8.6,20.5,12.156740990931258,3.9537862471704357,0.0,0.25315994197042946,0.21832263116602615,0.27327243511086924
2017-10-28,12110000.0,11.8,21.4,13.964101409777507,5.106100936921093,0.0,0.2838432746518512,0.2520975079575615,0.2919465669384204
2017-10-29,12060000.0,6.1,18.0,7.997662381055028,17.604974039255495,0.0,0.7522955238694303,0.7236987299096086,0.5043835041864171
2017-10-30,15290000.0,3.0,12.6,6.517887501410167,8.455296100118458,0.0,0.3491196962616395,0.316731230072181,0.30165615083416875
2017-10-31,15030000.0,5.8,15.6,8.24297752671555,5.0282822825483215,0.0,0.2724725879905081,0.23801477362236204,0.28419094886288016
2017-11-01,13040000.0,7.4,16.4,10.409231044775794,3.8669885172931133,0.0,0.20792967245789082,0.17712181779086641,0.2179079095759746
2017-11-02,9410000.0,8.1,18.0,12.265918559490034,2.8523529852788987,0.0,0.15408583837536508,0.1312361330297727,0.17120498001848725
2017-11-03,9450000.0,7.9,17.7,8.559563938136634,12.409082347288894,0.03,0.5495436028767126,0.5267305445591105,0.4448167049491996
2017-11-04,14310000.0,1.7,12.4,6.7086259854775445,7.937502746022706,0.0,0.28452694341121987,0.25487401319675024,0.2602729713049501
2017-11-05,14460000.0,3.4,14.2,7.566466519570434,5.471250007439483,0.0,0.24213656543564435,0.2106261443829073,0.2547686643944093
2017-11-06,13530000.0,8.1,16.8,10.373709195750395,4.516474978788939,0.020000000000000004,0.22930472654959372,0.19691190136761547,0.24238059258593406
2017-11-07,8670000.0,13.8,20.2,16.064019912474265,5.96210613502158,0.2,0.21550797518692547,0.192599631905729,0.20829548501097653
2017-11-08,12180000.0,4.8,18.0,8.809749171866043,10.679113800078817,0.0,0.46265757649575867,0.43423450238904115,0.3735636240541761
2017-11-09,13550000.0,8.2,16.4,8.602074134922596,5.57899891349409,0.0,0.2953644742628826,0.26304005444856,0.3158119301127549
2017-11-10,9520000.0,7.2,19.4,9.93007186848444,14.537123241867379,0.03,0.5512498310046436,0.5279989048316265,0.43057641560272397
2017-11-11,13220000.0,2.9,11.5,6.203109380961117,8.16197963363647,0.0,0.3055491254610629,0.2780326259158693,0.2768026206353981
2017-11-12,11070000.0,3.2,12.8,6.453437047396959,3.9777304485159046,0.0,0.1940017491643445,0.17041702796842756,0.22956142209892022
2017-11-13,9220000.0,7.1,13.7,9.153348563586507,4.8397216969527594,0.0,0.18654821323357498,0.16557366398112233,0.19914026231628107
2017-11-14,12720000.0,5.1,14.6,5.934267865141743,8.293672741036547,0.0,0.4078804481481296,0.379359330057195,0.39477476073677586
2017-11-15,10330000.0,1.9,11.6,5.7578847457165265,8.500191477641211,0.0,0.3124259602603428,0.2912117743641599,0.28822784748432867
2017-11-16,12420000.0,1.2,10.7,5.511296817648177,4.651161111357197,0.0,0.1954122245779919,0.17052274519427005,0.22434234089382565
2017-11-17,8170000.0,2.5,14.6,7.0270104369313655,9.547750286505442,0.08000000000000002,0.3321090509134538,0.3144292066344534,0.31189122169384403
2017-11-18,11190000.0,0.3,4.3,3.7869332141184704,15.883984567549966,0.0,0.48657847192426784,0.4667227392287425,0.2702464531047778
2017-11-19,9580000.0,1.2,5.8,4.614355513119326,4.399746997229781,0.010000000000000002,0.1651556670988921,0.14743034339516586,0.17904928188864694
2017-11-20,11550000.0,-0.5,9.5,5.467480808211732,5.644845467194127,0.03,0.18291465150872133,0.16081683291012783,0.20023202333801268
2017-11-21,11620000.0,2.8,9.8,6.231330769580367,4.073507253897777,0.0,0.15758908064846155,0.13404983311964497,0.1830511684168373
2017-11-22,6890000.0,2.6,13.2,6.4069184242740125,10.251111201028571,0.0,0.35428621452945197,0.339649125027626,0.3133223635420975
2017-11-23,10050000.0,1.8,8.1,4.521269449544971,10.355867081914994,0.0,0.37204204627211535,0.3525301523757679,0.2928376333876404
2017-11-24,8590000.0,0.9,9.4,4.849252978551269,9.835080702651062,0.0,0.33915901054493225,0.32237402149317734,0.28436368600798423
2017-11-25,10960000.0,4.4,13.5,8.009420398811422,10.370832207755912,0.0,0.29647332301368573,0.272490541885411,0.25880172488894726
2017-11-26,10170000.0,-1.1,15.4,6.680506384592086,8.554065930668513,0.010000000000000002,0.39081971040424013,0.36968290390541847,0.3014767093626018
2017-11-27,11640000.0,2.0,11.4,6.474857664872865,4.603272708666261,0.0,0.16229385028338045,0.13842539984299276,0.1968685138617933
2017-11-28,7860000.0,6.6,15.0,9.969959545214305,4.7050355643845005,0.0,0.14909679857639607,0.13103070063175812,0.17596810020147444
2017-11-29,6750000.0,0.7,9.8,4.128540735010566,12.753280241629998,0.0,0.49359839741094425,0.48036653562897047,0.35798642172130085
2017-11-30,10720000.0,-0.3,5.3,3.167667972870613,11.843400590502208,0.0,0.42773836288167805,0.40858102663415596,0.3021393707074723
2017-12-01,11060000.0,-2.6,4.9,3.1583652596115677,6.500850665294615,0.0,0.22286873706883367,0.2040479901598292,0.2232147469939419
2017-12-02,9860000.0,0.0,7.8,5.19653242030189,3.9298420458249685,0.0,0.12870856367216774,0.11021645440425851,0.15942256035811814
2017-12-03,9640000.0,4.2,12.4,7.63161169701315,5.007331106371037,0.020000000000000004,0.1630590329397602,0.1423445929402492,0.1925927334778327
2017-12-04,9590000.0,-4.0,7.3,4.410377061973563,11.113102449465426,0.0,0.2591214083353369,0.24249898732814956,0.2137127224323238
2017-12-05,10460000.0,-2.8,2.9,3.563776032532244,7.14135805128589,0.0,0.1883118157858053,0.17123834473625746,0.17423796744045278
2017-12-06,9750000.0,0.7,8.3,5.447362213800909,4.824756571111841,0.0,0.14792670216267814,0.1292726994495797,0.17404158799425665
2017-12-07,6630000.0,-2.8,8.4,5.038169142723842,7.862677116818118,0.020000000000000004,0.18861982488622878,0.17664584081267415,0.1908496913132735
2017-12-08,5090000.0,-1.5,3.0,3.851697481165545,8.443323999445724,0.0,0.22008481627241258,0.211551822326319,0.1798907851828591
2017-12-09,5500000.0,2.1,7.7,5.712337821516262,6.554725118321919,0.16000000000000003,0.18560095295317816,0.17494004765798205,0.18363041284800272
2017-12-10,7400000.0,-0.2,9.9,5.5844439044075305,12.447991674475277,0.1,0.32111386349021653,0.3067933097618183,0.24956968915229885
2017-12-11,9290000.0,-4.4,3.2,3.3425874005547027,12.528803354016233,0.05,0.29972772885453,0.28494394904181763,0.20303082983524878
2017-12-12,4330000.0,-4.7,-1.4,2.836402393223023,7.012657969053999,0.0,0.16354588548396404,0.15731604089644438,0.13874890272662221
2017-12-13,6340000.0,-6.1,0.6,2.5499257631044814,8.613926434032184,0.0,0.2224708423935265,0.21323169552084922,0.17895121122254515
2017-12-14,9130000.0,-5.3,4.5,2.013934907574349,4.687077413375399,0.0,0.18760722489417997,0.17296329246056857,0.2230000176437615
2017-12-15,9450000.0,-1.6,6.0,2.8665666399662,6.8540276351402705,0.04000000000000001,0.26634636194707884,0.2496378809765308,0.26684201675389885
2017-12-16,5080000.0,-4.7,1.8,3.4863899568992225,8.583996182350349,0.08000000000000002,0.18338973532850278,0.17557618890112225,0.1499133417818037
2017-12-17,8359999.999999999,-4.8,0.4,3.543144510224802,4.926519426830081,0.020000000000000004,0.10008085518395089,0.08761305921771528,0.10758813621253956
2017-12-18,6260000.0,0.0,7.2,5.225501113847298,6.973748641867613,0.0,0.18106117850314427,0.16943916340746812,0.1788204633627792
2017-12-19,4680000.0,-1.8,2.4,3.8100386162366378,7.464604769449711,0.0,0.18823426223411105,0.18052151524876509,0.16317636308616673
2017-12-20,10570000.0,-2.5,5.8,5.05537734829247,3.480888270597439,0.33,0.08118629646071077,0.06286523389074508,0.11119345671806535
2017-12-21,9860000.0,-3.7,5.8,4.3909787259371225,5.288675472180288,0.0,0.1253003357993009,0.1085839368556685,0.14882794785671077
2017-12-22,10030000.0,0.1,8.4,5.874949797622167,4.465593550929818,0.0,0.11532283244456495,0.09629082419439279,0.14566504010951903
2017-12-23,9170000.0,2.0,11.5,8.085033555416821,5.085149760743808,0.67,0.10326257561752453,0.0844306216322392,0.13035047968288782
2017-12-24,4019999.9999999995,0.4,11.4,6.620600531665342,16.23716153739562,0.7000000000000001,0.3520322705071454,0.34398877661955224,0.24373422038263004
2017-12-25,6630000.0,1.2,3.7,4.021123759954876,10.562385818519658,0.0,0.3106101094962289,0.29878283053679483,0.22808679686295488
2017-12-26,8820000.0,-4.1,6.6,3.480759139519667,13.591327288721386,0.0,0.3884927662528848,0.37342806556312813,0.27016130329197396
2017-12-27,10590000.0,-4.4,1.2,3.030651861989008,8.1021191302728,0.0,0.19808623384971347,0.18189697473834693,0.1704175752807453
2017-12-28,7480000.0,-3.6,5.2,3.961402991989755,5.103107911752909,0.0,0.13989245230012384,0.12732918683450806,0.15938557183809268
2017-12-29,5530000.0,-1.4,8.6,6.871324734989769,5.4682569822713,0.020000000000000004,0.07676988204277987,0.06650314985762186,0.0962442063603638
2017-12-30,7580000.0,1.5,8.6,7.016535299801222,6.051896890067086,0.12,0.1156628947133493,0.10089894689544306,0.12460074732067487
2017-12-31,8240000.0,-3.0,5.8,4.480278372915207,7.60826997752252,0.0,0.17522682400864809,0.16107463178316667,0.16897223427426825
2018-01-01,9780000.0,-2.2,5.9,4.03136813767912,5.189905641630232,0.0,0.15729856791808036,0.14022311204281096,0.17956041904494574
2018-01-02,9830000.0,-3.0,7.8,4.362023009954421,7.350869813058736,0.0,0.2042037141399084,0.18669902492193802,0.21135498130787927
2018-01-03,9920000.0,-2.4,2.2,3.431555050182422,10.679113800078817,0.0,0.27046851284635853,0.254370194026777,0.19558434163551836
2018-01-04,6270000.0,-2.1,1.0,3.229257638901178,7.030616120063099,0.0,0.1958368662438714,0.18583931128055015,0.17220404812664294
2018-01-05,4810000.0,-0.4,2.7,4.351036861432001,9.870997004669265,0.0,0.2233598929976861,0.21517473995678996,0.16490604822211735
2018-01-06,10650000.0,-2.8,4.8,4.161390041273679,7.066532422081302,0.0,0.1752102497999227,0.15718815315177287,0.16990635787825747
2018-01-07,3650000.0,0.3,5.4,5.7578847457165265,4.815777495607291,0.52,0.10353150327028986,0.09692795633170963,0.10990755524211852
2018-01-08,3210000.0,-0.5,4.1,5.355987787061406,12.672468562089042,0.29,0.19950718124654238,0.19391281153577525,0.12941877084348846
2018-01-09,6990000.0,-0.9,3.2,3.927452297775453,13.723020396121461,0.19,0.34511327213759857,0.33321842395550627,0.21037363728901917
2018-01-10,9520000.0,-7.2,0.7,3.0246864328787035,8.93418012702782,0.15000000000000002,0.17859883282159522,0.16501901426225624,0.1438432294202416
2018-01-11,9700000.0,-8.9,-1.9,2.2033450573147024,7.7369700597544115,0.020000000000000004,0.1719422069801989,0.1593710716795695,0.14295004737004618
2018-01-12,8700000.0,-7.6,-2.0,2.7833707264852885,5.321598749030307,0.0,0.10757103898594964,0.09598247240051756,0.10482672266047657
2018-01-13,6580000.0,-4.6,4.8,3.9136947014457037,4.537426154966223,0.0,0.12605974024382477,0.11529871741798703,0.14460815650428302
2018-01-14,9420000.0,-0.5,7.5,5.756127018522904,6.36017848238999,0.010000000000000002,0.1490473332367457,0.1316180483422675,0.15169256009510595
2018-01-15,10610000.0,-0.4,9.8,6.927016933472967,4.312949267352459,0.1,0.10322863615451297,0.082795946987092,0.126479775161704
2018-01-16,1200000.0,2.8,7.6,8.051875654232726,6.9079020881675754,3.09,0.04826512693829112,0.045916551845487374,0.0686243834206405
2018-01-17,7380000.0,0.9,7.8,7.104956712962297,5.543082611475887,0.010000000000000002,0.09796560564096043,0.08391556456759312,0.1007195438100585
2018-01-18,10190000.0,-3.7,7.9,5.3428106056482605,7.168295277799541,0.0,0.14924502441861204,0.1312926024489553,0.15603135549141967
2018-01-19,11780000.0,-4.8,6.4,3.623978553781294,6.7672299052629485,0.0,0.20776642711210433,0.18798096358470404,0.2108127653427195
2018-01-20,11760000.0,-3.2,7.7,4.581225053965044,6.099785292758024,0.0,0.17906587879191532,0.1582359147746185,0.1911032272046436
2018-01-21,10680000.0,-0.2,8.3,4.6959102734537215,4.208193386466036,0.05,0.16766155899637886,0.14753064103539426,0.19562907268888152
2018-01-22,9810000.0,-2.5,8.9,5.007014336141731,12.298340416066102,0.08000000000000002,0.31071600868923743,0.2927509207708259,0.23774987754205662
2018-01-23,6170000.0,-9.6,-2.3,2.2259282814933004,13.052582758448352,0.06999999999999999,0.25188136096933417,0.24408703185161412,0.14760442496038023
2018-01-24,6870000.0,-9.9,-3.5,1.7335346753535734,12.277389239888818,0.020000000000000004,0.27723280449415866,0.26885747991502135,0.16437205921327167
2018-01-25,7630000.0,-8.2,-5.3,2.05441090619241,15.602640201740712,0.06,0.28966581524252405,0.2803862589258027,0.13929978136341042
2018-01-26,6410000.0,-9.6,-5.0,1.959947377106391,14.13007181899442,0.0,0.258845940028877,0.25125502309848974,0.13479021432789426
2018-01-27,13330000.0,-8.6,0.3,1.6093994400611937,7.653165355045273,0.0,0.2564249107670527,0.2381442193045073,0.21510424971814085
2018-01-28,8830000.0,-4.3,1.4,3.2748128341783156,9.10478256161428,0.0,0.22845892340352272,0.21487750313703255,0.1698048198868815
2018-01-29,8160000.0,-6.0,0.4,2.7603907197704927,7.955460897031809,0.06,0.20872360141049412,0.19685742010680823,0.16559228698735223
2018-01-30,12930000.0,-5.7,1.6,3.273746961953192,5.471250007439483,0.0,0.15478127406043055,0.13537737810363773,0.14505933838733126
2018-01-31,9220000.0,-4.7,5.7,3.582204618799982,5.100114886584726,0.04000000000000001,0.177088121970009,0.16177701624465612,0.18704292444011847
2018-02-01,14110000.0,-5.6,4.0,2.6286488766228935,7.787851487613531,0.0,0.2756734808790313,0.2533965084422075,0.23598819631274467
2018-02-02,13740000.0,-4.7,4.2,2.8931939512694465,9.416057179105369,0.010000000000000002,0.31640734944477006,0.2942396209451774,0.24314042324564503
2018-02-03,4880000.0,-6.9,-1.8,2.438641252777201,14.605962820735598,0.010000000000000002,0.31678120770353574,0.31014810420793,0.16744373139287164
2018-02-04,6980000.0,-7.1,-2.1,2.2100985005001634,11.211872280015484,0.05,0.27494319757024044,0.26556139615254115,0.1711026635069139
2018-02-05,11730000.0,-7.7,-0.6,2.2259282814933004,10.43667876145595,0.010000000000000002,0.2805663801459001,0.2644799202167435,0.18630395147140139
2018-02-06,11250000.0,-7.9,-2.1,2.2410980588629044,11.095144298456326,0.010000000000000002,0.2657192864630873,0.2508695679387115,0.16440711881670014
2018-02-07,14590000.0,-7.3,1.5,2.577366141461985,6.2614086518399334,0.0,0.20478653973660338,0.1836600169840286,0.17958205244252948
2018-02-08,14320000.0,-2.7,6.8,3.237690152195703,5.360508076216692,0.0,0.2500711997929163,0.2248879588110826,0.2502514160344832
2018-02-09,11500000.0,-0.3,8.9,5.418973021388583,4.007660700197739,0.0,0.1742032475868831,0.15234572303031385,0.18515390578069427
2018-02-10,10490000.0,-2.7,6.0,3.467278107741354,13.606292414562303,0.020000000000000004,0.453631765637226,0.43544936768463005,0.28343907787236466
2018-02-11,12570000.0,-4.3,1.1,3.161463463491795,10.870667410842561,0.24,0.2920360456695456,0.27281989958551567,0.18596270852326327
2018-02-12,6950000.0,-2.9,0.6,2.98420119972686,14.118099718321684,0.12,0.3855363454667001,0.3747161209553349,0.21167539660109616
2018-02-13,15790000.0,-0.6,5.2,4.289695555551298,8.506177527977577,0.0,0.29852421971101983,0.2705061661576379,0.22346062485128043
2018-02-14,13600000.0,-1.5,12.4,5.791371897668983,10.328929855401345,0.0,0.4222982844151881,0.3954684031704019,0.2949407391639752
2018-02-15,10800000.0,-2.9,5.4,3.2040770333595683,7.943488796359073,0.0,0.3106523167430582,0.29220574446988673,0.2544860562083442
2018-02-16,11840000.0,-2.8,6.6,3.468399753775033,8.913228950850536,0.0,0.34432495790139056,0.3236153888704615,0.2718020261564532
2018-02-17,16480000.0,-3.8,3.3,2.5397028326165327,10.152341370478515,0.0,0.39772629055187475,0.3711379233267448,0.2722443160843323
2018-02-18,8060000.000000001,-0.4,6.4,3.1821872509226856,4.956449678511916,0.0,0.2554910905048591,0.24083261250680477,0.25438102311762123
2018-02-19,7820000.0,-3.4,9.2,4.780230234459634,5.647838492362311,0.0,0.2129590860881608,0.19878650259155578,0.2088306741212162
2018-02-20,14390000.0,-1.5,9.4,3.8529288355991445,8.925201051523269,0.0,0.40157799020811263,0.3745446762271435,0.3274659894280044
2018-02-21,12240000.0,-4.9,5.1,2.7539866268857285,8.254763413850162,0.0,0.3297784617433904,0.3097609967907682,0.2633850610171477
2018-02-22,16170000.000000002,-2.2,6.3,4.101125234421103,6.024959663553436,0.0,0.26166085148687485,0.233224189009483,0.22448751855850552
2018-02-23,15630000.0,-0.2,11.2,6.813988016710393,8.263742489354712,0.03,0.26790516304943435,0.23702168680345811,0.21683577624954875
2018-02-24,15220000.0,-0.3,12.6,5.668843576643488,4.896589175148246,0.0,0.2871722005803761,0.2564821254413093,0.27297233460440234
2018-02-25,14160000.0,-3.9,11.6,3.8295927234087794,6.686418225721994,0.0,0.45702997190674594,0.43051797336868136,0.33220829109497474
2018-02-26,17740000.0,-1.2,12.4,4.445205942762281,4.483551701938921,0.0,0.3377623395001695,0.3025988816234093,0.3121622917802229
2018-02-27,14770000.0,4.6,13.2,7.528506624609298,5.79150370043512,0.020000000000000004,0.3010858728806615,0.2688106183189146,0.2715000818172736
2018-02-28,1820000.0,3.0,9.4,8.507307198294049,18.302348903442255,2.2800000000000002,0.1474407401097057,0.14376517853826823,0.09927068015452277
2018-03-01,14210000.0,-4.3,6.2,3.5845141295374696,14.22285559920811,0.0,0.4614370322778272,0.4374355399511759,0.27196229063650434
2018-03-02,18370000.0,-1.8,8.6,4.356526865982798,4.214179436802403,0.0,0.26132333674674796,0.22745031896442236,0.2458404148325048
2018-03-03,16270000.0,5.2,15.4,9.24641263301955,8.138035432291003,0.0,0.3499702402763587,0.3130539880318363,0.28192580672356937
2018-03-04,13060000.0,8.6,19.0,13.983306296599292,11.196907154174566,0.8900000000000001,0.2925438966466748,0.2602819072745234,0.21415499141162533
2018-03-05,4380000.0,-0.1,10.4,7.818502301666354,6.662474024376526,0.26,0.113381758163776,0.10482317236090213,0.11254073901747721
2018-03-06,18730000.0,4.5,13.2,6.22191105397044,7.623235103363436,0.0,0.44804694798413347,0.40717494386450487,0.3691435236655617
2018-03-07,6690000.0,1.5,9.7,7.211502304680226,11.19990017934275,2.8200000000000003,0.2409235345226755,0.22766290694682856,0.17090225362768185
2018-03-08,7760000.0,-2.0,6.5,5.823255359318597,11.867344791847675,0.13999999999999999,0.21329214499191193,0.19954720274920584,0.1384083480979764
2018-03-09,17230000.0,-2.5,9.6,5.844597159828954,4.076500279065961,0.0,0.22157864695796148,0.18964460821522625,0.19751067356298527
2018-03-10,19260000.0,-1.8,9.4,5.756127018522904,4.1782631347842,0.0,0.2458538835293219,0.20985377505663605,0.2121937917529641
2018-03-11,19380000.0,-0.6,12.9,7.09649343638066,3.9268490206567837,0.0,0.2748453108353419,0.2357668840156893,0.23549117657080357
2018-03-12,19650000.0,3.2,15.9,7.878597749718114,6.042917814562536,0.0,0.39429523234185104,0.35058783144289685,0.33327574490596784
2018-03-13,18120000.0,7.1,18.1,10.34713789885048,8.676779962564037,0.0,0.4478353790447348,0.40429833637714185,0.3572120759126465
2018-03-14,18670000.0,13.2,20.8,13.769530981124065,9.541764236169076,1.4100000000000001,0.5488670386540564,0.4995361541027372,0.4163679969119231
2018-03-15,2490000.0,5.1,15.0,11.30088627225048,7.539430398654298,1.16,0.08647093709250768,0.0808581350250963,0.11412691762374591
2018-03-16,5640000.0,0.2,9.9,6.604706025289781,6.527787891808267,0.0,0.18838128746754862,0.1773959753708479,0.17314635791428573
2018-03-17,20220000.0,0.9,13.2,6.682511468129042,4.725986740561785,0.0,0.33091066737170843,0.28901113914413495,0.28651228267294443
2018-03-18,5070000.0,7.5,14.3,11.854247086977157,7.925530645349973,2.34,0.1473989093994844,0.13571580585037601,0.11944540750679737
2018-03-19,2440000.0,6.3,14.0,10.477614060344141,6.069855041076188,0.18000000000000002,0.11494330345846734,0.10942870874796355,0.14041838884969876
2018-03-20,5850000.0,1.1,10.8,5.714083714889749,8.057223752750048,0.7000000000000001,0.3059301831946869,0.29420687768786136,0.264588911484019
2018-03-21,5650000.0,-1.1,5.2,6.128404012391895,8.56903105650943,0.45,0.1388829548693989,0.128946829761343,0.09694850939084573
2018-03-22,20850000.0,-2.3,9.6,5.764920403452925,7.279037209022332,0.0,0.32384886876469154,0.285074001355651,0.23567446930026384
2018-03-23,20710000.0,0.4,10.6,6.233216224885288,4.95046362817555,0.0,0.31793349999071546,0.27701239998724986,0.2547914028869734
2018-03-24,21160000.0,2.7,15.1,8.056605139214389,4.190235235456934,0.0,0.3493419985517809,0.3031033806420608,0.29795918754256934
2018-03-25,20550000.0,4.6,16.5,9.615997727626397,3.771211711911241,0.0,0.33670737037521414,0.2897761024866118,0.2897083431023306
2018-03-26,20840000.0,5.1,17.9,9.137477894600886,4.031604901543208,0.0,0.3953539911901579,0.34660086016884506,0.34587103700892347
2018-03-27,21510000.0,5.6,18.8,9.8903248249526,6.27637377768085,0.0,0.4804779685222712,0.42928779353257773,0.3802695274819399
2018-03-28,21820000.0,8.7,19.2,12.51124002609224,5.959113109853397,0.0,0.4315149303692031,0.377431340494598,0.3331582835094705
2018-03-29,19540000.0,9.4,19.5,12.004656113565089,5.917210757498827,0.0,0.4376749347678114,0.38870342396057767,0.3592879106992335
2018-03-30,21130000.0,8.8,19.2,8.45780066649308,8.32958904305475,0.0,0.6438999553427531,0.5914680350296345,0.5310480205353063
2018-03-31,21650000.0,9.4,21.1,10.148306422222207,5.6209012658486595,0.0,0.5353146841690533,0.48011248667573636,0.48262449442734434
2018-04-01,15480000.0,9.6,21.5,14.137782447442994,7.054560321408567,0.03,0.3876940458947662,0.3479741883029614,0.3251434209946454
2018-04-02,19950000.0,11.6,23.0,14.28592100447533,7.168295277799541,0.0,0.5270578216701047,0.47403626100612584,0.4356706754542673
2018-04-03,18550000.0,14.0,23.4,15.904105951385644,7.249106957340497,0.16000000000000003,0.5234782552302069,0.4728671973270771,0.424267616613076
2018-04-04,4139999.9999999995,9.6,15.4,12.637268506192653,11.430363117292881,0.86,0.20510909326673757,0.1951854981878435,0.1566878486662981
2018-04-05,4710000.0,8.5,12.9,12.051791081005087,13.468613256825861,2.5,0.15362087561583979,0.14282271821903553,0.09109249256157304
2018-04-06,18680000.0,3.7,10.9,5.359286573426324,18.26643260142405,0.010000000000000002,0.8395489142849508,0.8005527924834288,0.41913628667557673
2018-04-07,20080000.0,1.4,8.0,4.498612774699691,12.340242768420673,0.06999999999999999,0.5936382990115986,0.5549683274299009,0.343390236200699
2018-04-08,23000000.0,3.0,13.8,7.692708629640939,12.456970749979828,0.0,0.5619474760835541,0.5123851386792388,0.338344184016311
2018-04-09,23360000.0,8.4,17.5,8.863640066601889,6.821104358290253,0.0,0.5699052485950333,0.5133137292740911,0.4513949366453918
2018-04-10,22680000.0,11.3,20.8,13.054602879358887,15.821131039018113,0.38,0.789171928809281,0.7303736891274949,0.47090437994039575
2018-04-11,22920000.0,5.1,19.5,8.381567624504106,7.344883762722369,0.0,0.6770058011479513,0.6223286275579679,0.4891538481035189
2018-04-12,17110000.0,8.3,19.0,7.08381521549002,5.824426977285138,0.0,0.5439855536885443,0.5018619316799351,0.5118376148484408
2018-04-13,10290000.0,11.9,17.5,6.76923468298146,16.766926992164105,1.02,1.0963489081887832,1.0704190782225478,0.7010309945848423
2018-04-14,5140000.0,5.8,15.3,10.16281090540292,11.577021350533874,0.81,0.28808914954073195,0.27635062316859493,0.22529967222881905
2018-04-15,24110000.0,3.3,14.2,7.622596823418439,9.685429444241887,0.0,0.5429866905897509,0.4905204843732691,0.3585489016996649
2018-04-16,20830000.0,6.5,16.0,8.863640066601889,4.396753972061598,0.0,0.4186180700425465,0.37019158326942914,0.3472349553730716
2018-04-17,21540000.0,5.9,18.2,9.12691092820154,4.130374732093264,0.0,0.4422854442436589,0.3912095784149227,0.38164668412550784
2018-04-18,24780000.0,2.6,17.9,8.840508483700715,3.80413498876126,0.0,0.47160984521224136,0.415458034269101,0.36576310795766187
2018-04-19,25030000.0,5.7,19.4,8.861067258348234,4.22914456264332,0.0,0.5409964022550765,0.48092799588523316,0.4416221652904306
2018-04-20,24510000.0,6.2,25.6,11.148816954323568,4.438656324416168,0.0,0.658126604002758,0.5947790951499307,0.5484769979339209
2018-04-21,23940000.0,13.8,23.8,13.769530981124065,7.997363249386377,0.8900000000000001,0.7220381140556792,0.6566027774052838,0.5744912016855613
2018-04-22,11320000.0,13.3,22.8,16.30873522809824,17.9491719335966,1.58,0.6062641087405305,0.5757467148053491,0.3885678813488961
2018-04-23,6660000.0,12.5,15.5,14.29767399827534,16.144377757181932,3.3700000000000006,0.2833362193682835,0.2668101148114747,0.1530963549732089
2018-04-24,4450000.0,11.3,16.5,14.176634878497275,3.9298420458249685,0.24,0.12869278446853136,0.11767525487142554,0.1291747747164223
2018-04-25,15030000.0,8.4,19.2,11.438661815581769,3.2564113829836745,0.0,0.33523322261350164,0.29810476164386646,0.30499122772193454
2018-04-26,19960000.0,7.8,20.1,10.579426523815211,3.9777304485159046,0.0,0.44739429081702103,0.3979209427924052,0.3929946130427776
2018-04-27,24770000.0,8.1,19.2,11.791240390666436,5.324591774198491,0.0,0.5039723477056826,0.44299034202752674,0.38279597463552056
2018-04-28,25040000.0,8.2,21.5,12.156740990931258,3.9507932220022526,0.0,0.5290720796968783,0.4657688954470336,0.4252217587105266
2018-04-29,23960000.0,12.5,22.0,13.769530981124065,5.489208158448584,0.12,0.5817865253364619,0.5181690750405004,0.461864593459093
2018-04-30,13310000.0,14.0,22.0,16.65503619445658,7.183260403640459,0.05,0.40241314559790986,0.3665645019660301,0.31731032194624875
2018-05-01,13670000.0,16.8,22.5,18.68237319135615,9.85004582849198,0.38,0.4712954220368165,0.4333637133959313,0.3328138418189406
2018-05-02,8990000.0,9.6,21.1,12.630237758210827,11.547091098852038,0.16000000000000003,0.47689604379792644,0.45392530814528687,0.3895338024836811
2018-05-03,20660000.0,9.4,16.4,8.894565175827552,13.100471161139287,0.15000000000000002,0.7745180506443536,0.7245259969161498,0.48158271083183973
2018-05-04,26640000.0,10.6,18.6,8.819991774755874,10.505518340324171,0.0,0.8596413883886515,0.7926567139311633,0.5959375718541974
2018-05-05,20890000.0,15.3,23.2,13.837929195506295,11.831428489829474,2.25,0.8556092769643711,0.7980489489946618,0.6149457336077778
2018-05-06,2100000.0,15.0,17.3,17.535084690740355,7.479569895290628,6.32,0.06647273485764153,0.061017345925787794,0.07835545606944536
2018-05-07,4730000.0,11.8,18.5,15.93856308876281,4.830742621448209,1.31,0.13210236945007545,0.12006757023684862,0.12639735615858116
2018-05-08,18500000.0,10.8,21.8,13.712759522101267,5.797489750771486,0.03,0.47850802697205574,0.43030230516719614,0.39382486106275294
2018-05-09,16730000.0,11.2,18.5,13.513810423049836,5.022296232211954,0.11000000000000001,0.38758905441983604,0.34529423523054276,0.2973194008119985
2018-05-10,24150000.0,9.8,20.6,13.116238083737668,3.759239611238507,0.0,0.4938605614676167,0.43234914550886455,0.39305149338030865
2018-05-11,22850000.0,14.1,21.5,13.229290329672326,6.557718143490102,0.41,0.6434708002027854,0.58215867209452,0.5047819593684013
2018-05-12,4560000.0,14.9,20.1,17.497618068909834,10.753939429283404,1.25,0.2359752155749139,0.2238092724405291,0.19099007188951989
2018-05-13,20600000.0,10.3,21.3,14.52260005114755,5.450298831262198,0.0,0.4643894471250838,0.4112571588371422,0.35576869285682894
2018-05-14,25860000.0,13.4,26.0,16.610281271277255,4.618237834507179,0.0,0.6445148379524138,0.5726957834183078,0.5206972951869373
2018-05-15,19920000.0,20.5,27.8,22.128632013376347,9.457959531459938,0.21000000000000002,0.7402524950751362,0.6809256241788219,0.5597695806648458
2018-05-16,10900000.0,22.0,25.8,25.494209754125798,12.837084946339138,0.0,0.4737541306771675,0.44140644129798734,0.31711020375034976
2018-05-17,10230000.0,18.1,26.4,24.203296169369583,13.262094520221199,0.7200000000000001,0.3851621433758073,0.3555388914444627,0.2663853631138345
2018-05-18,11210000.0,15.3,23.8,18.7170896706191,6.919874188840309,0.05,0.3718359861502261,0.34078449962804147,0.30847167581751345
2018-05-19,15960000.0,9.1,22.2,11.659556771770585,9.28137104653711,0.0,0.6441330676010664,0.6030961805921782,0.49140025872309534
2018-05-20,20990000.0,10.9,22.9,11.304073694879788,9.939836583537485,0.0,0.7735849051952195,0.7182327558653492,0.6073692330748081
2018-05-21,18220000.0,14.8,22.5,15.158277551396283,7.425695442263325,0.0,0.5802905231881593,0.5306249789265125,0.45455244377235243
2018-05-22,18130000.0,16.7,23.5,16.83059257729209,9.625568940878216,1.9800000000000002,0.6597392179501181,0.6090405469011462,0.4867338037919094
2018-05-23,26270000.0,8.6,22.5,11.34238451451019,8.766570717609543,0.0,0.8254395729249596,0.7580338456034665,0.5641225326465437
2018-05-24,27120000.0,10.6,24.3,12.102473372552307,4.2919980911751745,0.0,0.6918589103174251,0.6195729117062517,0.5637404503509534
2018-05-25,22490000.0,12.5,25.8,13.952589601755074,4.277032965334256,0.0,0.629235385728675,0.5673763189658261,0.5384436136832853
2018-05-26,25500000.0,14.3,26.1,15.741325546104688,5.6179082406804755,0.0,0.6978789688785156,0.6264494995010472,0.5802288544759732
2018-05-27,12070000.0,16.3,24.8,17.450883496823852,3.54972784946566,0.0,0.37723389723325945,0.34322418923790615,0.35388192645487854
2018-05-28,18190000.0,17.0,25.1,18.966712574331403,5.821433952116955,0.0,0.5378165906139963,0.4861377003248978,0.43202026595073306
2018-05-29,18830000.0,17.4,27.4,20.58588047566503,4.558377331143508,0.0,0.5372034090567444,0.4825508718352257,0.4529831551549995
2018-05-30,18710000.0,13.8,25.0,18.717089670619092,7.422702417095142,0.03,0.5111572733934225,0.4594670425996773,0.3864889346162156
2018-05-31,23180000.0,12.5,24.2,14.875956803635127,6.3541924320536225,0.0,0.6291295662941644,0.5662899520162267,0.5053194684995147
2018-06-01,25840000.0,14.4,30.2,15.432713156711202,6.578669319667387,0.0,1.025324441523081,0.9504411923911761,0.7699097881127266
2018-06-02,26490000.0,16.1,30.5,13.569857803790661,6.294331928689953,0.0,1.0519994589420674,0.9740674100882087,0.8617609246057196
2018-06-03,24570000.0,15.2,28.7,15.290797542019462,5.285682447012104,0.0,0.8027353690114982,0.7319186863773364,0.6791225818860969
2018-06-04,18190000.0,18.3,27.6,17.737675220819483,5.282689421843921,0.34,0.6213287702729671,0.5680920403221986,0.5632383652405917
2018-06-05,12440000.0,17.7,24.1,18.84653196134053,5.68974084471688,0.010000000000000002,0.426204864094724,0.39094878809437905,0.3641327160346056
2018-06-06,23700000.0,16.3,28.2,19.3977692827579,4.1483328831023645,0.0,0.6333485313922906,0.5647198832228999,0.5349170380952556
2018-06-07,26170000.0,15.8,29.0,19.86351179697301,4.630209935179912,0.0,0.7201076358226112,0.6441513480325344,0.5759203593512632
2018-06-08,24580000.0,16.0,25.5,18.64771314395619,7.075511497585852,0.0,0.6841771150821485,0.6146872832065989,0.5051926954861111
2018-06-09,24130000.0,17.8,28.2,18.836547092680362,8.856361472655049,0.2,0.8463516581410213,0.7756775335048482,0.6664703152955486
2018-06-10,14110000.0,17.8,25.9,18.58349393612604,4.462600525761634,0.1,0.4631974116187759,0.4225927728109277,0.4195232986039309
2018-06-11,14410000.0,16.8,23.0,18.966712574331403,5.357515051048509,0.26,0.41282449034726676,0.37266615351390675,0.32515855957702466
2018-06-12,21950000.0,15.6,24.5,18.20707676435777,6.0339387390579855,0.05,0.5898013088762417,0.5284727441400257,0.4465212179311703
2018-06-13,24170000.0,17.1,26.2,17.775592002262393,11.113102449465426,0.0,0.8808050101780829,0.811470044369681,0.6284164189044741
2018-06-14,26030000.0,16.8,26.5,16.299939408502723,11.436349167629249,0.0,0.989469496918972,0.9147988655580823,0.718639541104578
2018-06-15,22050000.0,15.4,25.5,15.724276112308525,6.315283104867237,0.08000000000000002,0.6782094860453185,0.6161829671299561,0.5651662632737582
2018-06-16,25920000.0,14.7,27.5,17.030602568721847,4.1603049837751,0.0,0.6885303920405745,0.6148300528708392,0.5719373790891927
2018-06-17,18720000.0,17.4,27.5,18.377338912576267,4.351858594538845,0.010000000000000002,0.5688712223346104,0.5144963034457232,0.5083441599373411
2018-06-18,18370000.0,19.1,28.1,19.86351179697301,3.807128013929443,0.0,0.5570966790633978,0.5028156925156684,0.4967388115403365
2018-06-19,8310000.000000001,16.5,25.4,21.13160566504451,3.852023391452196,1.29,0.2624488971624538,0.23887827437159093,0.24454577731631272
2018-06-20,20720000.0,16.5,27.2,19.67605277419442,6.92885326434486,0.0,0.6357829132865778,0.576156540777817,0.5088060209251632
2018-06-21,26950000.0,16.7,27.8,19.022019364651253,6.084820166917106,0.0,0.7628125110358179,0.6847727613242112,0.6052403589407408
2018-06-22,20750000.0,19.2,29.4,18.627932709368228,4.193228260625117,0.010000000000000002,0.6551516333269003,0.5932219509628652,0.5998675955951402
2018-06-23,22830000.0,19.0,26.9,19.999869748999505,6.500850665294615,0.0,0.7078045954554578,0.6409879629773905,0.5571806627157058
2018-06-24,27140000.0,17.5,30.3,20.3764158640532,5.055219509061973,0.0,0.7994114137293697,0.7188686348531358,0.6543133716426565
2018-06-25,20920000.0,21.9,32.0,21.53794017172857,8.069195853422784,0.08000000000000002,0.8903503640538994,0.8256871461218133,0.790179316984801
2018-06-26,7240000.0,22.5,27.4,27.30418133855033,15.384149364463317,3.9000000000000004,0.4401000694646576,0.41829653102168063,0.3097157632745865
2018-06-27,10180000.0,22.5,26.4,27.111407704532834,8.679772987732221,4.94,0.37451733355938205,0.3440705934811476,0.2720830980997356
2018-06-28,4960000.0,20.2,24.1,25.618057186346192,7.26107905801323,2.52,0.1544934615541929,0.14015289477279427,0.12055331281853125
2018-06-29,16350000.000000002,22.1,28.0,25.939882145667273,6.027952688721619,0.30000000000000004,0.529140087612512,0.4798344094901232,0.4113583142134038
2018-06-30,6040000.0,21.4,24.5,25.604995908582588,10.867674385674379,3.12,0.262705663943151,0.24502837703261543,0.18788407320801243
2018-07-01,11480000.0,22.9,27.0,28.271870532647217,14.183946272021723,0.78,0.4640059229161194,0.4294334614070898,0.2856626827358236
2018-07-02,13460000.0,23.6,28.0,28.03778387566124,10.415727585278665,0.73,0.5360625980824554,0.4950640633598666,0.38018448060119464
2018-07-03,18030000.0,21.9,28.9,26.60764458623544,9.85004582849198,0.11000000000000001,0.6488122383055999,0.5941835142891738,0.4621748458183118
2018-07-04,19570000.0,21.9,28.5,27.111407704532834,4.591300607993527,0.61,0.5566308503541231,0.4974949773305517,0.4196615278356471
2018-07-05,12660000.0,22.5,28.0,26.238541175900988,4.471579601266186,0.45999999999999996,0.4173096966533595,0.37902843901453775,0.35110587822459133
2018-07-06,12590000.0,18.6,25.3,21.98535986955693,7.096462673763137,0.55,0.4202601966603628,0.38397277157431886,0.32916755190364577
2018-07-07,19020000.0,18.1,26.5,20.548146049616236,6.393101759240009,0.020000000000000004,0.5865938691525332,0.5314746973843893,0.46552852129646133
2018-07-08,19990000.0,20.2,26.3,21.214546961707374,9.194573316659786,0.1,0.7137106887358511,0.6549445781490905,0.5240135747535384
2018-07-09,15160000.0,20.5,25.8,24.81282549982413,11.648853954570276,0.41,0.5170228977093025,0.47252175424470916,0.3256766767922391
2018-07-10,23420000.0,24.0,29.6,27.25587606605459,10.373825232924098,0.0,0.8601466808471562,0.7878912222817945,0.596502315934598
2018-07-11,25380000.0,22.7,30.8,28.969849489846023,8.263742489354712,0.0,0.802082256797993,0.7238288060069629,0.5559881271486585
2018-07-12,20250000.0,22.8,31.5,29.401708633102455,4.052556077720492,0.0,0.6038415841083877,0.5410943905841482,0.48060958945765175
2018-07-13,25020000.0,21.9,31.4,28.278990618852863,4.244109688484238,0.0,0.7117079637426914,0.6346613614933585,0.5498206280535769
2018-07-14,25870000.0,23.4,31.4,29.313420627035917,3.507825497111091,0.0,0.7312988617440677,0.6508918939114018,0.5636164314230945
2018-07-15,26580000.0,22.4,31.9,28.02365134805256,2.9181995389789366,0.0,0.7324061915877254,0.6500446901618345,0.5819368524848395
2018-07-16,25930000.0,22.5,32.1,28.229182868670847,3.7472675105657727,0.0,0.7430287118789112,0.662533425553446,0.5886822962092004
2018-07-17,23450000.0,22.4,31.8,28.629797931423273,3.480888270597439,0.0,0.6691477595428167,0.5965296971364489,0.5328970332097954
2018-07-18,24010000.0,22.5,32.1,28.593828100738524,3.5916302018202293,0.0,0.6913586524677275,0.6168236804401757,0.5526917878687229
2018-07-19,26240000.0,22.0,32.9,26.85168789313232,3.7771977622476083,0.0,0.7655351110978482,0.6839285984567162,0.6313589372987216
2018-07-20,25430000.0,23.6,33.5,30.161573469242427,3.9837164988522713,0.0,0.7648690448019455,0.6847463572381899,0.6113556660437036
2018-07-21,23520000.0,26.7,33.8,28.286112270273293,6.072848066244372,0.05,0.8833633066867715,0.8078505902346851,0.7535310074237433
2018-07-22,13940000.0,25.2,30.9,29.218036436155273,10.4456578369605,0.010000000000000002,0.6695821908122556,0.6259164597477734,0.5317281725396044
2018-07-23,23590000.0,25.2,32.9,29.719982311925627,6.650501923703791,0.0,0.8287968944709965,0.7540471988810181,0.6578863660045636
2018-07-24,23770000.0,24.7,34.2,29.45331705063257,6.964769566363062,0.0,0.8683185398369963,0.792661899950541,0.7141273484996385
2018-07-25,24760000.0,24.4,33.4,29.54197254043082,5.875308405144259,0.0,0.8258586925247868,0.7475343916787883,0.6622426045507166
2018-07-26,25580000.0,25.0,33.7,30.547889346148576,4.549398255638957,0.0,0.8097419810376196,0.7284144236361224,0.6491820877596368
2018-07-27,25350000.0,25.1,34.8,30.471802778472775,4.851693797625493,0.0,0.8381318132385746,0.7570047934083723,0.6927173019040698
2018-07-28,23030000.0,25.4,34.5,31.41925344751946,4.217172461970586,0.31000000000000005,0.7512615212568423,0.6775591438726389,0.6214021187471093
2018-07-29,22820000.0,25.8,35.0,28.122709773223722,6.9946998180448965,0.020000000000000004,0.9145746340858125,0.8411927849152679,0.8003745012546541
2018-07-30,21980000.0,25.5,34.3,26.479626695824226,5.519138410130419,0.05,0.8274915284413007,0.7571874071269868,0.7451109482104817
2018-07-31,21230000.0,25.1,35.3,27.995404948021672,3.917869945152234,0.0,0.7314687980383885,0.6633445684717604,0.6619667077153781
2018-08-01,23420000.0,25.6,36.0,27.407944432107726,5.225821943648434,0.0,0.8689732166077022,0.79334622826915,0.7917176091919955
2018-08-02,24420000.0,26.6,35.7,27.714305104848663,10.38579733359683,0.0,1.1641944860502944,1.0850542310090463,0.9862531643609757
2018-08-03,23720000.0,25.9,33.4,29.891452480984004,10.454636912465052,0.0,0.9910777720100926,0.915414147973786,0.7571774615595
2018-08-04,20130000.0,26.0,34.5,30.517434855880275,5.623894291016843,0.020000000000000004,0.749694678285806,0.6850658099958188,0.6482149468902332
2018-08-05,22920000.0,25.6,33.7,30.056274438173677,7.117413849940421,0.06999999999999999,0.8486539132121314,0.7755421820606918,0.6898714139964213
2018-08-06,24610000.0,26.9,35.2,28.940772339108875,6.770222930431132,0.08000000000000002,0.9607037233843416,0.8810291432400191,0.8276568293614641
2018-08-07,16610000.0,26.1,33.5,31.882767032864308,2.789499456747045,0.65,0.5378127304768915,0.48474235725145853,0.46043495274625357
2018-08-08,20080000.0,25.4,33.7,31.505222829175654,5.432340680253097,0.09000000000000001,0.6971227772566487,0.6331404556713782,0.5762655384874723
2018-08-09,23320000.0,25.4,34.7,30.312558887333143,5.195891691966599,0.51,0.8016013429271741,0.7268905451664349,0.676058624267392
2018-08-10,19390000.0,25.4,33.7,30.99246802168383,6.336234281044521,0.47000000000000003,0.7153976218876609,0.653613896014235,0.5978865085092862
2018-08-11,19280000.0,25.0,32.4,28.34314186421814,6.647508898535608,0.09000000000000001,0.7269875785385318,0.6661370998937686,0.6136215186587343
2018-08-12,19830000.0,26.2,32.5,29.97376461897717,9.670464318400969,0.04000000000000001,0.8446242799805244,0.7815779366157203,0.664027031843513
2018-08-13,23740000.0,24.9,33.7,28.745166924432482,8.069195853422784,0.0,0.9030468210534861,0.8276111578059553,0.7348447875417682
2018-08-14,23660000.0,24.7,35.7,28.940772339108875,4.84870077245731,0.0,0.8123017866448825,0.7363800121961579,0.7163784244962585
2018-08-15,20910000.0,26.1,35.0,28.500491079350994,5.246773119825719,0.09000000000000001,0.7833529610992295,0.7160068676816962,0.706976810163787
2018-08-16,18000000.0,23.7,31.8,24.56616326071617,15.749298434981707,0.06,1.1025678597009336,1.0463851143647793,0.829218380255519
2018-08-17,20470000.0,21.6,31.1,18.529306048178643,14.483248788840074,0.0,1.2530651050093793,1.1902691689525609,0.997199791299298
2018-08-18,24190000.0,22.0,31.1,19.67605277419442,6.940825365017593,0.0,0.8921955338485755,0.8177988120374622,0.7989088441350767
2018-08-19,20580000.0,23.9,32.5,22.29585045237656,6.626557722358323,0.0,0.8307108531086428,0.7661322055150841,0.7702467680313279
2018-08-20,17790000.0,23.9,31.1,25.429237265468085,11.487230595488368,0.03,0.8684382457731681,0.8130777398010093,0.6940859376018675
2018-08-21,22800000.0,24.7,34.2,25.526750356765803,6.342220331380889,0.0,0.8641258744853024,0.7915566111529011,0.7792385041857558
2018-08-22,20590000.0,25.2,36.2,27.015467370782957,16.488575651523036,0.66,1.3603550607490726,1.293935614761764,1.0937469512079054
2018-08-23,4320000.0,24.2,28.2,29.342824222372897,23.87536176659998,6.75,0.5158332548139115,0.5026062210516268,0.3305706777178584
2018-08-24,16410000.0,22.0,28.2,27.658381813012348,8.943159202532373,0.26,0.5253620775028349,0.47584190903628165,0.36520092114941616
2018-08-25,10990000.0,21.9,26.8,25.75555245478636,4.327914393193376,1.9000000000000001,0.3425189769102778,0.30969560149082426,0.28896685957558554
2018-08-26,8230000.0,22.5,27.0,29.846638128461016,7.832746865136284,1.29,0.2453376501277705,0.2206204974398663,0.16695434001827159
2018-08-27,7880000.0,24.6,27.8,31.00789844090435,8.164972658804656,0.9,0.2942476635046564,0.27012057414197066,0.22102841055206435
2018-08-28,20460000.0,23.5,30.0,29.17410439198506,7.183260403640459,0.06,0.6407001050254442,0.5776163539149446,0.46762096607394615
2018-08-29,21700000.0,24.6,30.5,28.955307729089892,8.566038031341247,0.4,0.7518467223523663,0.6842779024347572,0.5530719769815574
2018-08-30,12070000.0,23.8,28.7,29.734858614691536,8.949145252868739,1.87,0.43985183946279516,0.4028720049698298,0.32400076237897346
2018-08-31,8610000.0,22.5,27.2,28.60101890964654,4.531440104629857,4.3100000000000005,0.2620406955386834,0.236146761079495,0.212828291063554
2018-09-01,15710000.0,20.7,25.4,21.752150099420763,11.454307318638348,0.13,0.6312528708648167,0.585205695194401,0.45108669434841087
2018-09-02,18400000.0,22.6,27.5,24.66077853579152,10.64020447289243,0.06,0.692326518866494,0.6368387832425215,0.4976766946721233
2018-09-03,11460000.0,22.5,27.0,28.860941466636714,9.951808684210219,3.98,0.36078121703046984,0.3263634078198523,0.2339625390503381
2018-09-04,21120000.0,19.0,27.0,22.627745529082212,7.892607368499954,0.08000000000000002,0.610278704765519,0.548420540144053,0.44903234246460516
2018-09-05,20710000.0,20.5,27.2,22.082696316638387,6.276373777680852,0.09000000000000001,0.6165528218441476,0.555136239948039,0.49307641872471153
2018-09-06,8310000.000000001,20.5,25.7,23.64341070433507,7.53344434831793,0.47000000000000003,0.3369937299423299,0.31261838406665876,0.2873388416505155
2018-09-07,9280000.0,16.6,24.9,19.037127533097163,6.096792267589839,0.09000000000000001,0.3480730640677695,0.3218376840919721,0.3268797661092206
2018-09-08,13070000.0,14.1,23.3,15.826816264154147,5.088142785911992,0.0,0.3857619979287734,0.3501023468886707,0.3555996144009862
2018-09-09,22750000.0,14.8,25.8,16.547801596716486,6.237464450494466,0.0,0.6080667783432899,0.5442325267766247,0.5156488251858353
2018-09-10,18990000.0,15.9,25.4,16.677453290387923,5.097121861416543,0.0,0.5225811468853067,0.4689836983251864,0.46628401106106104
2018-09-11,14160000.0,14.4,23.6,16.13360764523349,6.8540276351402705,0.0,0.44991857234118643,0.4110754388049268,0.3932136614175046
2018-09-12,21270000.0,20.2,26.9,20.575093026010407,4.591300607993527,0.13999999999999999,0.5786420694822382,0.5158376087411455,0.49082783995870843
2018-09-13,8020000.0,20.8,24.8,23.112786857624513,9.649513142223682,2.02,0.36833774206693987,0.34491837207685755,0.29619258919750474
2018-09-14,10810000.0,21.5,27.1,25.061649520729873,6.090806217253472,0.26,0.3737091202973064,0.3414459942078982,0.31975182897866145
2018-09-15,8500000.0,20.2,26.1,25.228741085636948,4.438656324416168,0.08000000000000002,0.2519951954126002,0.22704402658350759,0.21716291572717789
2018-09-16,16010000.000000002,19.6,27.4,22.91650490373455,5.142017238939296,0.13,0.45868265771410066,0.4114439479255346,0.3885327664765904
2018-09-17,16780000.0,16.3,25.4,19.603571556892295,4.54341220530259,0.0,0.41849145700591117,0.3709745355731698,0.3578077347567534
2018-09-18,21120000.0,16.7,25.5,17.51165981956382,4.717007665057235,0.0,0.531808826421753,0.47175669820937616,0.46316806801122423
2018-09-19,7200000.0,18.0,22.2,20.121176631608343,3.5317696984565594,2.7300000000000004,0.21078688009995933,0.19065282430555233,0.19472527489955543
2018-09-20,5390000.0,19.9,24.4,23.292499199980263,7.258086032845047,0.77,0.2345477456093877,0.2189639442078275,0.2089946141957956
2018-09-21,6950000.0,15.9,23.6,20.994000760122624,5.776538574594202,2.43,0.2005167563428636,0.18119830153541644,0.17787021647121487
2018-09-22,18400000.0,14.6,25.6,17.709284179214748,4.806798420102741,0.0,0.4504443369248297,0.3989906387835675,0.4020345085629427
2018-09-23,15040000.0,13.9,24.0,16.699896844561955,6.716348477403829,0.06,0.42652402814757007,0.3853038887175193,0.3738333086545965
2018-09-24,13900000.0,10.4,21.5,12.647821079258971,6.599620495844672,0.010000000000000002,0.40834947481864736,0.3723872109763261,0.3785515331510616
2018-09-25,20710000.0,13.9,22.4,13.66372402811236,5.085149760743808,0.0,0.49444395011136305,0.43850799183146066,0.44011174589205526
2018-09-26,14890000.0,11.0,23.5,14.730499818097718,5.456284881598565,0.0,0.38714010739013455,0.347604888904873,0.359219708852808
2018-09-27,20400000.0,13.8,22.9,14.02178568154491,3.875967592797664,0.0,0.44591950923376666,0.39061631116345064,0.4100812167744431
2018-09-28,16070000.0,15.9,24.0,16.269186801991754,5.11208698725746,0.0,0.43856360751077095,0.39374063667739073,0.402988731407709
2018-09-29,14460000.0,14.8,22.9,16.561172717516573,5.396424378234895,0.0,0.3784614666964461,0.3389021747184056,0.33651250282765355
2018-09-30,19300000.0,16.2,23.5,12.824841359557416,14.100141567312583,0.010000000000000002,0.949746380410525,0.8960066880145888,0.6990917339254891
2018-10-01,14810000.0,12.9,18.9,13.007641975560167,10.050578514760275,0.020000000000000004,0.4852227838373587,0.4469454845264499,0.3640825115864746
2018-10-02,19140000.0,9.1,21.3,12.420907976399421,5.671782693707779,0.0,0.41358392268467303,0.36483326009873035,0.371430505521375
2018-10-03,19550000.0,10.6,21.9,13.069082333472657,5.5730128631577225,0.0,0.4289324869997785,0.3780422531449463,0.38791120087609227
2018-10-04,16270000.0,15.9,24.1,16.11183312542724,8.341561143727482,1.4000000000000001,0.5400502194012395,0.494630495150307,0.4646554630143468
2018-10-05,2540000.0,16.0,20.6,20.301679908385665,14.896286262049403,8.63,0.10000959992879259,0.09313016333184883,0.08207577996510193
2018-10-06,10950000.0,15.1,21.0,17.728207110413344,12.002030924415934,0.73,0.3579351293808228,0.3284152121025335,0.24775887244723616
2018-10-07,18170000.0,11.9,22.3,12.317391665967381,8.790514918955012,0.0,0.5652861827928571,0.5171825058760724,0.4915815363354293
2018-10-08,14410000.0,11.9,19.0,11.448328976229087,6.2614086518399334,0.0,0.4021269598993652,0.3652298846431622,0.3675917126051741
2018-10-09,12490000.0,15.0,20.6,13.868424079044535,7.111427799604055,0.12,0.42135824907912733,0.387844530038767,0.3787109698992857
2018-10-10,13410000.0,10.4,17.0,9.688116966214682,8.68575903806859,0.0,0.46612500447296557,0.43307311536052523,0.39070442224366836
2018-10-11,14350000.0,6.0,15.6,8.592055021683723,7.440660568104241,0.0,0.3649622100824453,0.33197893966189124,0.3181071496149679
2018-10-12,18130000.0,4.9,16.5,8.809749171866043,7.0366021703994655,0.0,0.3686950795580493,0.32713019768882196,0.32501313088341927
2018-10-13,17760000.0,6.8,17.8,9.80281186164248,4.145339857934181,0.0,0.3089733746765007,0.26660572184237746,0.30167094496547486
2018-10-14,15520000.0,6.8,18.7,10.603508596191567,4.7978193445981905,0.0,0.2982234712704813,0.2608010131858715,0.29496595306170326
2018-10-15,16930000.0,11.2,19.8,12.725443599826235,5.935168908507928,0.0,0.3684502022805529,0.32505519165607655,0.3304089959268854
2018-10-16,8039999.999999999,8.8,17.4,11.519441397592495,5.171947490621131,0.0,0.22373652269909988,0.20419080399565379,0.22588640336845262
2018-10-17,16610000.0,5.7,18.2,9.372695770995634,6.644515873367425,0.0,0.374409038351805,0.3351189199968052,0.3446133591147749
2018-10-18,14970000.0,6.1,17.0,8.873937886811946,6.910895113335759,0.0,0.3579086141843505,0.322844294230331,0.3356458644421121
2018-10-19,16600000.000000002,5.1,18.2,9.179853675467182,7.09945569893132,0.0,0.39821805292625656,0.3592394769633534,0.3496085073975423
2018-10-20,16079999.999999998,6.2,18.6,9.949998101130813,4.7080285895526846,0.0,0.3026157444811105,0.2641637994069005,0.3037749819503896
2018-10-21,16260000.000000002,7.3,19.5,10.427032098027476,3.9238559954886005,0.0,0.2911495646810836,0.25134606277246896,0.30456473088241065
2018-10-22,12190000.0,9.9,19.5,12.177146447861412,3.424020792401952,0.010000000000000002,0.23921306399230718,0.20849541313823447,0.25152261560114564
2018-10-23,10760000.0,8.0,19.0,13.069082333472657,4.905568250652797,0.26,0.20170853051075327,0.17530839344865898,0.20285468776835075
2018-10-24,15870000.0,5.2,18.7,9.93860737428199,6.599620495844672,0.0,0.35618651689127667,0.31864683126250803,0.3192167678830511
2018-10-25,15540000.0,10.8,19.7,11.864222535048663,5.130045138266561,0.11000000000000001,0.32606583633745967,0.28644264238613654,0.3234234147720361
2018-10-26,4080000.0,10.8,17.0,11.253169742105921,10.580343969528759,0.67,0.3550937807691475,0.34499231543067743,0.3018763985378562
2018-10-27,10700000.0,8.6,14.2,8.197232196217529,9.748282972773739,0.0,0.4274908734849502,0.4025215062483428,0.34881429328497093
2018-10-28,12210000.0,8.1,17.9,10.291239665132327,9.691415494578253,0.03,0.39280665483462324,0.3631923902824327,0.3418785481081241
2018-10-29,11740000.0,7.8,17.4,9.495026911368392,8.5929752578549,0.010000000000000002,0.37936929364192007,0.35116151875684615,0.34787315655734885
2018-10-30,12830000.0,4.3,12.9,7.245893599239582,6.243450500830832,0.0,0.2726297907552081,0.2448268079955497,0.2616091579550436
2018-10-31,11980000.0,1.8,14.6,7.431037028535613,6.605606546181038,0.010000000000000002,0.275563766877774,0.2498940984174053,0.26490176043726565
2018-11-01,14860000.0,3.8,14.5,7.8115943108418096,7.611263002690703,0.0,0.3059164417513306,0.27322042058171586,0.28473037814820784
2018-11-02,14630000.0,3.2,16.5,8.301082901047312,4.9354985023346325,0.0,0.26604775314435863,0.23324398288725381,0.26977554101794704
2018-11-03,13710000.0,5.2,17.5,8.781636068967778,4.097451455243245,0.0,0.24123382831752566,0.20928028715119176,0.27341428166286647
2018-11-04,14310000.0,3.8,17.6,8.728185172210717,5.549068661812255,0.0,0.3014683400276429,0.26866119940168354,0.29356715931594923
2018-11-05,13890000.0,5.2,18.4,9.70482738245373,5.192898666798415,0.0,0.2740888542581575,0.2413530451020336,0.28261521788507027
2018-11-06,13020000.0,9.6,18.0,11.307261908536022,3.843044315947646,0.13999999999999999,0.22309553111351083,0.19093235334739966,0.24143697865176666
2018-11-07,5420000.0,11.6,17.5,14.16108266788417,6.521801841471901,0.54,0.16540453676936492,0.15179111034111215,0.16103818609494983
2018-11-08,3750000.0,11.7,18.4,14.726477235179422,13.8068251008306,2.06,0.2429831963000099,0.23346216060100353,0.18945090115299884
2018-11-09,8870000.0,5.1,15.6,9.356490350792235,6.635536797862874,0.0,0.2187546624308959,0.19860257271592918,0.2291434108043541
2018-11-10,12780000.0,5.7,17.0,10.66089703611296,3.8849466683022156,0.0,0.1723759773508156,0.14258996304696822,0.19514249047199178
2018-11-11,8520000.0,7.5,16.0,11.659556771770585,5.079163710407441,0.36000000000000004,0.15085055203137937,0.1307953411061355,0.15832221130169793
2018-11-12,11490000.0,2.5,12.9,7.147406949994269,7.695067707399842,0.0,0.25594442496707537,0.23167579211897382,0.24848305221525718
2018-11-13,12890000.0,2.5,14.2,7.65192957833239,6.590641420340121,0.0,0.23136658797791973,0.20362932605249195,0.24593594096922639
2018-11-14,12870000.0,2.9,15.1,8.435605747770397,4.354851619707028,0.0,0.17639465546408542,0.1481935501019882,0.20791639886437013
2018-11-15,10800000.0,8.6,16.8,10.510458572223333,4.450628425088901,0.11000000000000001,0.2020825572033021,0.17607185047118762,0.22731472556638196
2018-11-16,3070000.0,3.2,11.6,9.615997727626397,5.725657146735082,0.32000000000000006,0.06883452547962716,0.06240675037996398,0.07856827465408636
2018-11-17,12810000.0,0.9,12.2,5.455736985844016,6.6744461250492595,0.0,0.26792394646855505,0.24177535798748345,0.28518106747082284
2018-11-18,3860000.0,2.5,10.2,5.809065815014413,5.177933540957497,0.0,0.19575824925143123,0.18792685886152594,0.2131369875432901
2018-11-19,10250000.0,0.7,13.3,7.2286798912988495,5.309626648357573,0.0,0.17797259926546957,0.15676435490978416,0.20283090198066459
2018-11-20,12600000.0,2.8,13.0,5.586155170865559,4.684084388207216,0.0,0.22546215277574144,0.1986947612339408,0.273766388146803
2018-11-21,6870000.0,2.2,13.1,6.297622543242866,7.365834938899654,0.0,0.2702483921304736,0.2557589610712172,0.2802226500446653
2018-11-22,11780000.0,2.1,7.9,4.673940991276856,6.192569072971713,0.0,0.2397712462041055,0.216863662231421,0.2425912895351765
2018-11-23,11410000.0,2.2,9.3,5.2093897964605915,7.847711990977201,0.0,0.28082254366587994,0.25809932372314337,0.2616130036285599
2018-11-24,5490000.0,4.2,13.6,9.710403161275458,5.489208158448584,0.55,0.11353069270133069,0.10153400024743828,0.1320877818676922
2018-11-25,8750000.0,0.7,12.8,7.6700299846142705,5.447305806094015,0.0,0.13905221812223198,0.1210827963805475,0.16968524980453395
2018-11-26,11650000.0,1.5,14.8,8.386467532396413,3.935828096161335,0.0,0.14096360355423754,0.11603653837177474,0.1745368321525464
2018-11-27,11470000.0,3.2,14.9,8.233328260241523,5.064198584566523,0.0,0.17145284227399796,0.14628486091517237,0.21377748002728736
2018-11-28,9850000.0,-0.2,10.6,4.195798968755594,6.964769566363062,0.0,0.28504806169915364,0.2657701744790563,0.30025604385180144
2018-11-29,10530000.0,1.8,13.4,6.045312285922133,3.7233233092203046,0.0,0.16446956676723748,0.1422931678887711,0.2241282111955732
2018-11-30,11230000.0,2.3,12.6,6.253989544668655,4.579328507320793,0.0,0.17947918394904755,0.15593199690164156,0.22691523942309594
2018-12-01,7560000.0,6.0,12.4,6.985192593844077,7.299988385199616,0.0,0.2759822734770039,0.25932547066489126,0.2757062170357011
2018-12-02,10230000.0,10.8,17.4,12.500787705945262,11.723679583774866,1.31,0.3095479517549518,0.2841066241454517,0.2560109922450728
2018-12-03,5130000.0,10.6,18.4,15.89980340816013,6.548739067985552,1.04,0.07950506174371139,0.06663408718245317,0.08586310002699019
2018-12-04,4139999.9999999995,0.4,11.1,6.248318033014389,13.49255745817133,0.17,0.3316085048299414,0.32336362046859796,0.250903683703568
2018-12-05,10590000.0,1.8,7.2,3.851697481165545,8.027293501068213,0.36000000000000004,0.31228941910301383,0.29202830231001775,0.28756417299798664
2018-12-06,6040000.0,1.5,6.4,5.337876565250499,13.573369137712284,0.010000000000000002,0.3264796194284818,0.3151327663051285,0.21204258274635174
2018-12-07,3000000.0,-3.9,0.2,3.0827918417024116,9.131719788127933,0.13999999999999999,0.2190490557798245,0.21450963815464924,0.16298105129766108
2018-12-08,7270000.0,-4.8,-0.5,2.754900687595593,6.479899489117331,0.06,0.16511207162119654,0.1544726968871985,0.1505747701194928
2018-12-09,10840000.0,-5.1,0.1,1.7578915634639276,9.209538442500705,0.0,0.30259757549462984,0.2866329640482269,0.23597390482905323
2018-12-10,9460000.0,-3.3,5.5,2.5134621850123895,5.737629247407816,0.03,0.2260993429448535,0.21003120239204925,0.2463148038912803
2018-12-11,1920000.0,-2.0,3.4,5.126317730545171,6.473913438780964,0.16000000000000003,0.09253644821246268,0.08932377788964468,0.09525462583904673
2018-12-12,7190000.0,-2.9,4.2,4.071284083256945,8.027293501068213,0.0,0.18929596890618478,0.17728788646348262,0.16836423687765012
2018-12-13,6060000.0,-1.2,6.2,4.174594519256391,10.212201873842186,0.0,0.2922729469517319,0.28144333336404687,0.23074711234026468
2018-12-14,10080000.0,-5.5,3.4,3.6286466874773073,7.949474846695442,0.0,0.16782155102816623,0.15206519279531108,0.15666925232252765
2018-12-15,10340000.0,-2.7,5.2,3.317701295423453,3.9837164988522713,0.1,0.13958084217203168,0.12191995723642121,0.17779331479649405
2018-12-16,4070000.0000000005,-0.6,4.9,5.372499708257373,4.42369119857525,0.17,0.09700008602381235,0.08981681711505128,0.10807469637306073
2018-12-17,8000000.0,-0.6,8.4,5.003908258303062,10.281041452710406,0.0,0.2765654508551053,0.26156171108398224,0.23287553855612925
2018-12-18,9770000.0,2.4,8.6,5.485980586572924,7.398758215749672,0.0,0.2270002818873571,0.20769563934588633,0.22401494606778768
2018-12-19,10040000.0,5.7,12.8,8.627167006504044,3.8939257438067654,0.0,0.12413643223736334,0.10198529091598803,0.1592280454088074
2018-12-20,4890000.0,3.0,11.8,8.030623272089384,4.815777495607291,0.0,0.1168876141626427,0.10664923623516617,0.14317746829830127
2018-12-21,9510000.0,2.0,15.9,8.837941596128285,5.058212534230157,0.0,0.15900302508846834,0.13819314839778468,0.19162143469015513
2018-12-22,9420000.0,5.2,13.9,8.163668566513238,5.495194208784951,0.22000000000000003,0.1793693198958504,0.15841645900688608,0.21538361438626774
2018-12-23,10160000.0,-1.1,9.1,4.3937452784254365,11.083172197783592,0.0,0.3466177596077006,0.3274989961991028,0.28655643643640344
2018-12-24,10820000.0,-4.6,4.3,3.8100386162366378,7.21019763015411,0.0,0.16381090815795815,0.1462861201482711,0.16397294984661945
2018-12-25,8090000.0,-1.0,6.7,4.6959102734537215,3.537755748792926,0.12,0.11279203642099278,0.09815568169959164,0.14616862153241314
2018-12-26,7740000.0,-5.1,6.3,2.734853550233274,13.564390062207734,0.0,0.44558875152929484,0.43268654088172837,0.305416203195965
2018-12-27,8010000.0,-5.4,-2.2,2.5244368092505884,14.22285559920811,0.06999999999999999,0.3030593976925155,0.29190358616421397,0.16841288988487157
2018-12-28,5520000.0,-7.2,-1.4,2.341965842758878,8.850375422318681,0.08000000000000002,0.20530439827439725,0.19778462598218854,0.1568723986137264
2018-12-29,6020000.0,-4.4,-0.9,2.9734215821226937,8.123070306450085,0.06,0.1819114230386566,0.17310137683526344,0.14548226695068237
2018-12-30,10090000.0,-6.7,-0.1,2.496661038689595,7.713025858408942,0.0,0.18694627163329094,0.17264636740381628,0.16276465448886918
2018-12-31,11640000.0,-5.3,2.0,2.759475039310515,7.003678893549448,0.0,0.19062489134667043,0.17286678966325741,0.18240411712074645
2019-01-01,4080000.0,-1.1,3.3,3.7615403888431183,10.424706660783217,0.0,0.2847552381031807,0.2778252155391806,0.2061757795522486
2019-01-02,7850000.0,-4.4,3.5,3.650893287584233,6.824097383458436,0.0,0.16511860569522224,0.1525523903169721,0.15981522489180516
2019-01-03,11160000.0,-5.0,4.2,3.4138163779745865,7.0844905730904015,0.0,0.18311364973722197,0.16521372794542535,0.1816903408475229
2019-01-04,5950000.0,-1.7,5.4,3.7663654362067205,4.405733047566148,0.0,0.15530737366777483,0.1449189316986692,0.17731275779399486
2019-01-05,10710000.0,-3.8,4.2,2.9393526783306587,9.28137104653711,0.0,0.28709906079249714,0.26951626968769815,0.2378427825102706
2019-01-06,11480000.0,-4.4,4.0,3.7135907456435477,6.725327552908379,0.0,0.16477945754820433,0.1462218236058112,0.16500946921417037
2019-01-07,10890000.0,-2.3,5.4,4.346923383450082,6.809132257617518,0.0,0.17406725671552867,0.15526040285116122,0.17291940893206825
2019-01-08,6940000.0,-4.3,4.3,3.4027711000948844,11.741637734783968,0.0,0.30689945926949924,0.29559341623421226,0.2181259114735433
2019-01-09,9530000.0,-4.0,2.8,2.4411029822540926,4.055549102888675,0.0,0.15568623631418532,0.14052052892827047,0.18276366558563523
2019-01-10,8640000.0,-4.0,5.4,4.610022144667416,6.411059910249111,0.0,0.1344226192146059,0.11996560276192489,0.13986725190606034
2019-01-11,10440000.0,0.1,8.4,5.504535734978261,3.944807171665886,0.24,0.12822298248817232,0.10841299583495223,0.1585639975969351
2019-01-12,10120000.0,-2.7,8.8,5.275726876249485,6.578669319667387,0.0,0.16352487257481482,0.14508796609923916,0.18049948166386817
2019-01-13,11940000.0,-4.8,7.1,3.9930706734179258,7.240127881835947,0.0,0.19863283809276258,0.17831459956712845,0.20540415048424107
2019-01-14,10610000.0,-1.8,7.5,4.5984841185139365,4.645175061020831,0.0,0.1515844046233313,0.13238888872789673,0.17824910815759804
2019-01-15,9520000.0,-4.3,6.6,3.6827151074195945,12.920889651048276,0.0,0.3571917126065726,0.3409915760266701,0.25365536621258533
2019-01-16,12200000.0,-4.3,1.0,3.3144674438316315,6.880964861653924,0.0,0.16783240759264612,0.14921996424748815,0.14945533980645648
2019-01-17,9290000.0,-4.1,4.8,4.041635656271967,8.030286526236397,0.0,0.19359855703588982,0.178259127247632,0.1724953512883117
2019-01-18,12140000.0,-2.7,7.3,4.466220081072994,4.9325054771664485,0.0,0.1578318106278875,0.13629038123345702,0.18068426411303184
2019-01-19,8199999.999999999,0.1,8.6,5.837475552291136,5.471250007439483,0.17,0.15531981472905157,0.13970865798086568,0.16684103860611924
2019-01-20,12150000.0,-1.4,4.2,3.604198397048093,12.801168644320935,0.0,0.3791163084012828,0.3582486948649237,0.24534477209114605
2019-01-21,11580000.0,-2.0,5.9,4.605692382369646,7.422702417095142,0.0,0.19768848543382997,0.1773970667740144,0.17981478807029389
2019-01-22,12780000.0,-1.2,8.8,4.692975760045153,6.74328570391748,0.0,0.2303778706761638,0.20648994823167138,0.23252135020204165
2019-01-23,11650000.0,-4.3,8.9,4.352408787323039,8.045251652077315,0.0,0.27479304080340633,0.2541210760220954,0.23609824726206313
2019-01-24,13270000.0,-3.6,7.2,3.2355801921847354,6.411059910249109,0.0,0.24890876308666948,0.22578188269356042,0.25425391622677734
2019-01-25,10250000.0,-2.5,6.3,3.343673155743308,13.18726889101661,0.0,0.4452221347137021,0.42729366490229814,0.29464724433482703
2019-01-26,12770000.0,-5.6,1.9,3.216645447612708,9.308308273050763,0.0,0.22742728436436183,0.20810449667319908,0.17144763898522267
2019-01-27,13510000.0,-2.8,6.4,4.268070796133806,6.440990161930945,0.0,0.20334697460021783,0.17980182357452804,0.19616144337403701
2019-01-28,11510000.0,-4.2,7.8,3.637998969279691,10.188257672496716,0.0,0.3345835551066747,0.31452399268582426,0.27398024244994723
2019-01-29,13860000.0,-3.2,7.1,3.1998972673970125,3.86399549212493,0.0,0.18477848038107536,0.16049186011984534,0.21790799181811385
2019-01-30,12620000.0,0.1,8.6,4.286987159538602,7.928523670518157,0.33,0.3137997143235842,0.2897737633282054,0.28050455993383705
2019-01-31,4910000.0,-3.0,1.2,3.855392592264083,12.169640333834211,0.7000000000000001,0.24245745260811188,0.23473631087849775,0.1497319585682254
2019-02-01,10110000.0,-4.0,4.2,3.6333201575508194,5.875308405144259,0.0,0.18612139143523745,0.16958735788368431,0.17702308758600507
2019-02-02,12600000.0,1.4,11.4,6.736850114250044,8.380470470913869,0.78,0.2573436888508339,0.23174097862987425,0.22929741088421532
2019-02-03,2520000.0,-0.5,12.8,7.948444853940867,13.022652506766516,0.51,0.2054850915816751,0.20040368623670476,0.17524691655432895
2019-02-04,14020000.0,-3.8,6.8,3.181148202363344,7.29400233486325,0.0,0.2907616311980895,0.2665936456667199,0.2653822812497765
2019-02-05,13990000.0,-1.1,11.1,3.947539930282606,4.881624049307328,0.0,0.2643187107125038,0.2371135239741459,0.2919528791726981
2019-02-06,11560000.0,2.8,13.3,7.1900810178277945,5.659810593035044,0.06,0.23226579596225233,0.20760183060124718,0.2421368201399147
2019-02-07,9490000.0,-5.3,4.8,2.6225173972949363,15.330274911436014,0.0,0.5075331867144646,0.49222228835484777,0.29361843164282625
2019-02-08,14180000.0,-3.8,2.8,2.4427453637527035,9.335245499564412,0.0,0.35255152700262815,0.3298968688292016,0.25892166968594615
2019-02-09,11570000.0,-4.9,0.7,2.277881801424749,12.447991674475277,0.0,0.3972095766497192,0.3798825944752322,0.23812198598441242
2019-02-10,11630000.0,-3.1,2.8,2.5894536951669056,9.338238524732597,0.0,0.34960286276791386,0.3307661451567623,0.25541265314830197
2019-02-11,7840000.0,-5.3,2.7,3.2334714537070988,8.263742489354712,0.0,0.23015617254281193,0.21802394097978536,0.18119005260146448
2019-02-12,14860000.0,-3.1,7.3,3.2429704004547624,7.482562920458811,0.0,0.3249149265380074,0.2987350452358387,0.2849348221459416
2019-02-13,15680000.0,-1.9,5.7,2.7176446312614813,10.49653926481962,0.0,0.4572602442881239,0.42983405827419086,0.3255557738478848
2019-02-14,11170000.0,-3.7,5.8,3.014767238253636,3.6604697806884503,0.0,0.191672101627569,0.17273476124213555,0.20738994343224607
2019-02-15,10850000.0,0.6,6.0,4.3155010715683595,9.625568940878216,0.0,0.34520322109891854,0.32526506309932895,0.25234366358904625
2019-02-16,9040000.0,-2.8,2.2,3.4627947434817097,11.436349167629249,0.0,0.3182441050564504,0.3036876649504809,0.2005547460442362
2019-02-17,15430000.0,-3.7,4.8,3.332829685073135,7.659151405381639,0.0,0.2928731028142676,0.2672007277852209,0.234007051656644
2019-02-18,6380000.0,-0.1,6.9,5.259478529585605,4.438656324416168,1.6,0.15986051045626204,0.14809622883126272,0.16043938643017805
2019-02-19,4670000.0,-1.6,6.8,6.551310723033045,6.62356469719014,0.61,0.09706635393095478,0.08869123330524574,0.08829246158041304
2019-02-20,11810000.0,-3.5,7.2,5.074209272297385,8.170958709141022,0.0,0.21912828607853269,0.1985085382373331,0.1782276256514841
2019-02-21,16399999.999999998,-0.8,9.6,5.1981380544867415,6.168624871626244,0.0,0.2747700200442188,0.24349613569300188,0.24581563489256614
2019-02-22,9940000.0,-1.4,9.6,5.499469740571604,5.602943114839558,0.0,0.21024215244207842,0.19147477509098046,0.2049286310460237
2019-02-23,16129999.999999998,-1.4,14.1,5.7578847457165265,4.564363381479875,0.0,0.33358035044489454,0.30085487713163744,0.28731602455033983
2019-02-24,17270000.0,-2.3,13.6,5.901847227596414,5.8992526064897275,0.0,0.36976016427700004,0.33547441050484617,0.28698266675603945
2019-02-25,17250000.0,-2.2,12.0,5.214218568012268,7.237134856667762,0.0,0.39238803709884923,0.3589515614002796,0.2983515675874473
2019-02-26,17380000.0,2.0,11.8,5.126317730545171,5.917210757498827,0.04000000000000001,0.35208243619894003,0.3162288550722385,0.325992183719565
2019-02-27,8810000.0,0.4,13.4,7.297752103584374,5.567026812821355,0.05,0.2232334581163297,0.20505911693530318,0.21623810025463658
2019-02-28,15400000.0,-1.0,12.9,5.715830080295424,6.9976928432130805,0.0,0.37931806821984615,0.3484567169711089,0.30118762370377994
2019-03-01,18050000.0,1.8,12.6,5.62908790086093,6.524794866640084,0.0,0.37030816573121494,0.33273836113282285,0.3305767545907068
2019-03-02,10660000.0,5.0,14.3,7.162317361213648,5.285682447012104,0.020000000000000004,0.2971893480751301,0.27341455582132196,0.2953824009425339
2019-03-03,9910000.0,5.1,14.3,7.4222316502889925,3.3462021380291804,0.04000000000000001,0.22857010201342032,0.20643839350658327,0.24418319661790244
2019-03-04,16700000.0,-0.2,12.9,6.748978250458914,5.599950089671375,0.0,0.2940653674508672,0.26018344529765,0.252508156948556
2019-03-05,12560000.0,5.6,14.2,7.5888747056689985,2.960101891333506,0.21000000000000002,0.23978459930206442,0.21158479561826188,0.24659887869407404
2019-03-06,14430000.0,2.9,14.8,6.929087242561869,7.853698041313567,0.020000000000000004,0.3906500681307447,0.3591613858324937,0.3430072895929924
2019-03-07,18640000.0,-3.3,10.6,5.80375262589671,8.670793912227671,0.0,0.3483638921389022,0.3136989747046328,0.2380601760778372
2019-03-08,19790000.0,-1.8,13.9,5.1917181517579625,4.426684223743433,0.0,0.39674118970765004,0.35695913963874587,0.32226094536075034
2019-03-09,12060000.0,5.4,14.4,8.108791470965818,8.341561143727482,0.8500000000000001,0.3701293912277137,0.34305219119374414,0.305511679286001
2019-03-10,4940000.0,-0.2,10.1,7.813896375713633,7.144351076454073,0.8800000000000001,0.11626677985347741,0.10667585887358126,0.10846405354041422
2019-03-11,12150000.0,0.1,11.3,8.000012765422586,7.757921235931695,0.32000000000000006,0.1970895176121841,0.17293047438507236,0.15417224174762417
2019-03-12,17970000.0,-1.4,12.8,5.410648215788848,11.04725589576539,0.11000000000000001,0.5832200657515374,0.547488542558846,0.3555018470169849
2019-03-13,18560000.0,-0.8,9.4,4.709135710794996,9.329259449228045,0.0,0.4272554859830621,0.3919793420030686,0.30683410382093257
2019-03-14,19740000.0,2.8,12.4,5.672312302378065,7.4556256939451595,0.4,0.44816821215892466,0.4065953618397485,0.36070107749478375
2019-03-15,15890000.0,1.8,12.9,6.435957698710726,13.375829476612171,0.32000000000000006,0.529315079262079,0.4960944425881822,0.3456712707331964
2019-03-16,20130000.0,-0.1,10.8,5.9469183640630465,6.423032010921844,0.0,0.3400865794137539,0.30050027726859596,0.2689938190503304
2019-03-17,20780000.0,-1.4,12.4,5.445688625255573,6.93783233984941,0.0,0.43943750942469045,0.39837809570803107,0.3232716935224224
2019-03-18,11650000.0,2.0,12.7,5.959592706798501,3.516804572615641,0.0,0.2531951988729567,0.22883897374703488,0.2579898903551838
2019-03-19,20370000.0,4.2,17.5,8.75105747035388,5.393431353066711,0.0,0.4214759329764709,0.3745959283773905,0.35126335086074956
2019-03-20,7220000.0,8.3,17.1,12.078798358659508,15.228512055717772,1.54,0.354270848005571,0.33688220887539816,0.23914502311827346
2019-03-21,11260000.0,2.2,12.4,6.718694014777116,14.662830298931086,0.0,0.5000686446639135,0.47656241706834945,0.3139768790400822
2019-03-22,19900000.0,1.6,7.7,4.441013646543357,11.684770256588479,0.0,0.5538857284049511,0.5156248834966589,0.33531594774544443
2019-03-23,19590000.0,-1.9,9.8,4.594163959966603,10.601295145706043,0.08000000000000002,0.47766701736343825,0.4408648894352113,0.3231078580493697
2019-03-24,21770000.0,0.6,9.2,5.238421910261955,6.153659745785326,0.0,0.37673519074979733,0.33453738924499377,0.2861294534534406
2019-03-25,16950000.0,2.3,12.4,7.413435485102533,6.701383351562912,0.0,0.33244880623868617,0.29701206667779567,0.25842487907746464
2019-03-26,21730000.0,5.8,18.1,8.94631844740519,7.0455812459040175,0.0,0.5057227837356058,0.4543215632747904,0.41147332499494904
2019-03-27,21020000.0,6.9,17.6,9.569098982132243,10.490553214483253,0.0,0.5721872182740341,0.5221028629673474,0.40822539531348634
2019-03-28,18730000.0,2.0,17.6,6.720709221889418,5.0282822825483215,0.0,0.5103125507295422,0.4683715278991378,0.4017688517552581
2019-03-29,20320000.0,5.6,17.2,6.594789090821334,5.471250007439483,0.08000000000000002,0.490906859623965,0.44348839773164145,0.4522908970009382
2019-03-30,19640000.0,4.3,11.9,5.410648215788848,15.35421911278148,0.0,0.7883339054146884,0.7463708357484993,0.4467648508191379
2019-03-31,20420000.0,0.9,8.6,3.7243318637052942,12.744301166125448,0.0,0.6738729071699192,0.6344840659298796,0.40117284657743235
2019-04-01,22640000.0,1.1,11.1,5.773725669073015,8.80548004479593,0.0,0.47887743454251835,0.4332958512985779,0.32883685323531003
2019-04-02,23060000.0,0.5,12.5,4.455001610382189,6.713355452235645,0.0,0.5008240824134305,0.45382401586750165,0.4088360070496185
2019-04-03,23570000.0,0.2,12.8,5.432316289343085,5.809461851444222,0.0,0.4541645502572097,0.40612501996720357,0.35893021576816697
2019-04-04,23090000.0,5.4,15.9,6.43207908634945,7.26107905801323,0.0,0.5812645659355512,0.5283963798028453,0.47137627521010694
2019-04-05,20870000.0,1.4,16.9,7.5129250087392085,8.030286526236397,0.0,0.5996134168348177,0.553693769337519,0.39543262926540146
2019-04-06,22770000.0,7.9,20.9,8.499864965067145,6.243450500830832,0.03,0.6427363537935608,0.5857322896757199,0.5419943348444172
2019-04-07,10040000.0,3.5,17.9,11.054690732212595,4.181256159952383,1.02,0.22366058124231514,0.20064285294849035,0.20645091246324093
2019-04-08,22610000.0,7.5,19.0,6.578949363126222,8.937173152196005,0.06999999999999999,0.7512181334080126,0.6960607632515999,0.6144110494698121
2019-04-09,12610000.0,6.2,15.4,8.557069117995775,17.2039086667189,2.43,0.6596208809109881,0.6306369756842853,0.3830561750251723
2019-04-10,10750000.0,4.4,11.9,8.502345071241827,7.536437373486115,0.0,0.27528796003769107,0.25228659087790783,0.20493576013582268
2019-04-11,13600000.0,4.3,13.8,8.291373654455866,3.843044315947646,0.0,0.2767542259464718,0.24691250437018347,0.24507129304591482
2019-04-12,23260000.0,4.2,16.2,7.0711570032363635,5.842385128294239,0.0,0.5044918873595234,0.45185339806911384,0.42077657435568183
2019-04-13,17910000.0,7.9,17.2,7.3477570780176515,5.130045138266561,0.0,0.4834947587064852,0.4405133300974602,0.44022296688863927
2019-04-14,9250000.0,2.7,13.7,8.305941284176104,8.52712870415486,0.15000000000000002,0.2906062559241051,0.27078618636998075,0.23540446515902408
2019-04-15,24630000.0,2.3,17.6,6.307143508988018,6.030945713889802,0.0,0.6673634397793369,0.6119906144072751,0.4790507057992436
2019-04-16,18620000.0,9.9,22.2,8.799517057748002,5.590971014166823,0.0,0.5924962637695171,0.5442236348949641,0.5586723294241507
2019-04-17,18120000.0,6.8,20.4,10.703358044385173,5.626887316185026,0.0,0.4822761547893649,0.437716581677747,0.39465397498290394
2019-04-18,23360000.0,10.3,20.9,12.609166141977097,6.11475041859894,0.0,0.5455349433861617,0.4855333950067752,0.4294803279502467
2019-04-19,9780000.0,11.3,20.1,11.646459839491396,8.661814836723119,0.010000000000000002,0.4741473324911617,0.4489745461728364,0.4101469172069934
2019-04-20,20550000.0,10.0,22.2,12.711299345493213,4.369816745547945,0.0,0.4790355786398607,0.42570501645207093,0.41707810538184964
2019-04-21,12380000.0,11.3,21.7,13.569857803790661,4.124388681756897,0.020000000000000004,0.34526439658252117,0.3128756186667353,0.3267154590240682
2019-04-22,20680000.0,14.9,25.3,13.1017127214935,9.347217600237148,0.0,0.8183512647095027,0.760521782233345,0.6856715305130484
2019-04-23,4740000.0,14.1,17.5,15.441097013886637,10.867674385674379,2.44,0.24686701250271473,0.23464142772189706,0.18597978342819463
2019-04-24,9910000.0,11.0,20.3,15.390853767620676,4.585314557657159,0.03,0.24874760820361935,0.22326668400198516,0.2166026094586309
2019-04-25,8710000.0,8.8,19.4,13.196380831943321,8.994040630391492,0.38,0.31092961717462014,0.28926842817376514,0.2600156434043216
2019-04-26,8740000.0,7.6,13.1,9.752311540493604,8.15898660846829,0.020000000000000004,0.2960754882556,0.2762187504755763,0.22012039956740675
2019-04-27,22380000.0,8.6,18.2,9.243742130878356,4.947470603007366,0.0,0.5188969987204755,0.4641121049495779,0.43496097856075056
2019-04-28,11030000.0,10.8,16.2,9.992815808485167,5.7136850460623485,0.24,0.3800933644722738,0.35303077043929054,0.3325834911813096
2019-04-29,3740000.0,10.4,13.7,13.417143317321695,5.0731776600710745,3.6,0.08641694561114524,0.07754861978944266,0.08194422669514015
2019-04-30,16239999.999999998,8.8,19.6,12.581118731453351,4.702042539216317,0.010000000000000002,0.3724900683954766,0.33201255149150194,0.3126061622850534
2019-05-01,22290000.0,7.1,19.3,10.706396662283645,7.425695442263325,0.0,0.5465091369645763,0.4921951521637049,0.4129117376940531
2019-05-02,26330000.0,7.4,20.4,9.552594667688911,5.914217732330644,0.0,0.6498287516778394,0.5846396383538401,0.5084520231964164
2019-05-03,26220000.0,7.8,25.6,10.6821089676296,4.561370356311692,0.0,0.7533113442563173,0.6844400415654317,0.6018188420202207
2019-05-04,19660000.0,12.1,26.0,11.745003082822214,4.687077413375399,0.0,0.6604751618331036,0.6064963865927872,0.5833059173456981
2019-05-05,24220000.0,9.1,25.1,10.657869789208252,6.072848066244372,0.0,0.8535971419937969,0.7894765555917865,0.6320900849020828
2019-05-06,27120000.0,5.4,18.5,6.824195608645861,10.035613388919359,0.0,0.8911360932698524,0.8269850993031099,0.5973542158729935
2019-05-07,26760000.0,8.8,20.9,7.53296375138602,5.040254383221056,0.0,0.6730600028427075,0.6054085167993429,0.5986737314594575
2019-05-08,18100000.0,9.5,21.1,7.508478350714133,4.232137587811504,0.0,0.5329640580478914,0.48676470282187106,0.52566320053557
2019-05-09,25690000.0,8.7,23.0,6.343439326513337,6.554725118321919,0.0,0.946361409523304,0.8800324231975806,0.7424533660634832
2019-05-10,25230000.0,10.5,25.8,7.579904411528873,4.54341220530259,0.0,0.8637462091208711,0.7956021131574746,0.7173867634513678
2019-05-11,25650000.0,12.4,26.2,8.415920073273995,4.983386905025569,0.0,0.8546121517778035,0.7838735709397495,0.7510191692831516
2019-05-12,23760000.0,14.1,27.5,10.229766940234457,6.1297155444398586,0.0,0.9064683436657172,0.8392411928711603,0.7961495661148514
2019-05-13,21350000.0,14.4,26.2,14.658240728904296,7.240127881835947,0.0,0.7132480468878646,0.6533420569560711,0.6169496052989099
2019-05-14,20880000.0,14.4,26.9,17.071769490937108,2.9630949165016895,0.11000000000000001,0.5260154561171448,0.4670836643354012,0.46289401385209744
2019-05-15,21040000.0,16.0,28.5,14.31728119173113,4.782854218757273,0.03,0.6971525047910594,0.6362264812685285,0.6546189553442575
2019-05-16,25830000.0,16.9,29.5,13.671257908846703,6.9049090629993914,0.0,0.9566474973523572,0.8807691543521916,0.8481099674703991
2019-05-17,15700000.0,16.9,28.0,15.822532072817673,11.493216645824734,5.170000000000001,0.8769217446418993,0.8313188479241894,0.7430920369035929
2019-05-18,12770000.0,18.0,21.3,17.78033659180798,19.272089057933716,0.27999999999999997,0.7174468809754062,0.6820125050175346,0.39879647950780817
2019-05-19,18030000.0,16.0,24.2,19.35683668845241,13.540445860862263,0.22000000000000003,0.6245476005809742,0.5741285691958136,0.39172594648581444
2019-05-20,21660000.0,9.4,18.5,10.397378546935764,10.472595063474152,0.0,0.6816765742146739,0.6279895642841538,0.4639654589815455
2019-05-21,27670000.0,11.1,21.4,11.725235967147375,8.401421647091153,0.0,0.7641837007541322,0.6921564490526892,0.5571614319770914
2019-05-22,27720000.0,12.8,24.6,14.27026354456566,7.401751240917856,0.0,0.7660393380775747,0.6904092289091242,0.5939492826995034
2019-05-23,27140000.0,14.2,24.6,16.024992647916154,7.14135805128589,0.0,0.7320240716350852,0.657044228570294,0.5485781631704854
2019-05-24,26530000.0,14.2,27.2,15.512521338403095,7.671123506054374,0.0,0.8651663241510261,0.7902257653731876,0.6713432973020913
2019-05-25,22550000.0,18.5,27.7,14.399889496967866,6.677439150217443,0.0,0.8359465809264434,0.7698016892902959,0.7557355583349314
2019-05-26,20510000.0,19.0,27.0,16.989522720494286,15.895956668222698,2.7300000000000004,1.1439592430653618,1.0838877015697999,0.7891228425716911
2019-05-27,7070000.0,13.2,21.0,15.529369137173106,11.609944627383891,1.1400000000000001,0.39177518158029173,0.37305790057854893,0.30301209722716127
2019-05-28,22930000.0,11.4,21.0,12.928507848365959,7.392772165413305,0.0,0.617788467260486,0.5581602817304359,0.4593727549721581
2019-05-29,26940000.0,12.3,24.4,14.973627238398867,5.929182858171562,0.0,0.6786769009306415,0.6056441481848418,0.5305408313354266
2019-05-30,20660000.0,14.6,26.0,13.94108613049466,4.57633548215261,0.38,0.614416279712199,0.5564463615861637,0.565806398855201
2019-05-31,20690000.0,11.7,22.0,13.743011990885332,4.609258759002628,0.0,0.5101487460527134,0.45564142279196596,0.42099324162784146
2019-06-01,21450000.0,12.4,23.8,15.23683916227896,3.54972784946566,0.0,0.5061986024534451,0.44831790576562247,0.42794042058171505
2019-06-02,24880000.0,13.1,26.0,13.898977978399655,3.9507932220022526,0.0,0.660053841874901,0.5911367156775814,0.5676228390448375
2019-06-03,27530000.0,14.8,27.8,15.006308911627539,3.8580094417885635,0.0,0.7419649077949079,0.6634325423039371,0.6351696719315361
2019-06-04,27050000.0,14.8,28.8,16.445603854664746,4.95046362817555,0.0,0.8139520782867173,0.7361710212588444,0.6585003874180838
2019-06-05,26830000.0,16.6,27.9,19.74876858198171,4.579328507320793,0.0,0.7006231589863282,0.6229308961008955,0.563266075737132
2019-06-06,13810000.0,18.0,27.4,20.537375913104707,11.699735382429395,4.420000000000001,0.6542668557369874,0.6140008210112011,0.5127612483044944
2019-06-07,12820000.0,18.1,22.2,19.37217753667794,8.135042407122821,0.1,0.4348955303331805,0.39901519843770633,0.3175228751671596
2019-06-08,16059999.999999998,14.6,24.1,18.401775617594406,4.130374732093264,0.16000000000000003,0.41189024012362196,0.36756023294313167,0.33927390173606453
2019-06-09,22300000.0,16.8,25.9,17.549152795117166,4.193228260625117,0.08000000000000002,0.6059437318042425,0.5422792337929142,0.5097889099782125
2019-06-10,13210000.0,16.8,22.1,18.22161629593376,2.909220463474386,1.52,0.34313985292712507,0.30661242758800156,0.2902343718864574
2019-06-11,16950000.0,14.3,21.9,17.436884481528754,4.360837670043395,0.06999999999999999,0.40888922724481364,0.36315133405793276,0.3146569787156358
2019-06-12,22400000.0,14.1,25.0,17.149767359813936,3.902904819311316,0.0,0.5483992830315434,0.4863517096063038,0.4504069236328765
2019-06-13,23830000.0,16.9,26.4,18.153852097678904,4.654154136525381,0.06,0.6503301004493646,0.5819704713548582,0.5347018171940682
2019-06-14,9020000.0,15.6,21.0,19.46958377530171,4.342879519034295,0.5599999999999999,0.22952031066615688,0.20509018542819132,0.1775093140947353
2019-06-15,25660000.0,14.4,23.6,17.55384436150023,10.161320445983067,0.03,0.7098520833071623,0.6394626195684319,0.4534968727643989
2019-06-16,23230000.0,14.9,23.7,18.16351915496763,5.522131435298603,0.0,0.5711611734515969,0.5070965639830592,0.41713853596267525
2019-06-17,24390000.0,17.2,25.1,18.37245498544046,4.405733047566148,0.0,0.6325629677346339,0.5631565721448836,0.5000095539950353
2019-06-18,16390000.0,16.6,25.1,20.33901783197081,4.720000690225418,0.0,0.44449626293585326,0.39808372763891453,0.35534182905854744
2019-06-19,23090000.0,16.1,28.1,19.531324287887614,5.785517650098753,0.0,0.6636964316110843,0.596989466393109,0.5467568849253219
2019-06-20,25630000.0,16.6,28.0,20.467490408078895,4.558377331143508,0.0,0.6701028985067647,0.5958282206719842,0.5359864172355355
2019-06-21,26170000.0,16.5,28.4,19.76958770514344,5.30663362318939,0.0,0.7183999531486646,0.6423854431421379,0.5817139367299495
2019-06-22,15870000.0,18.9,25.0,21.054449989291008,3.738288435061222,1.01,0.43969187924587533,0.3939507008411481,0.3606986341053494
2019-06-23,20320000.0,17.1,25.5,20.48897143182056,4.468586576098002,0.19,0.5285395602046163,0.4705745160064135,0.41165839055305425
2019-06-24,24790000.0,18.4,26.9,20.521229974519652,4.7050355643845005,0.04000000000000001,0.6697923988398785,0.5975665340908689,0.5264144144528882
2019-06-25,23990000.0,19.1,29.4,19.63460625159278,7.1383650261177065,0.8500000000000001,0.822200264430933,0.7506509469638589,0.6873328094410927
2019-06-26,4820000.0,18.7,22.5,23.15461091758993,7.25209998250868,5.36,0.14987489417401761,0.13628222201852397,0.11931911528629487
2019-06-27,19350000.0,19.8,27.5,23.931151754191447,6.15665277095351,0.05,0.5736026052221168,0.5163843789161385,0.4329645816932245
2019-06-28,18620000.0,19.7,27.0,22.117140259057873,4.6122517841708115,0.13999999999999999,0.5453196097003202,0.4905003639291846,0.4436308366618409
2019-06-29,4620000.0,19.6,23.2,24.0730734570373,7.889614343331772,8.5,0.1595779837273134,0.14637768922659794,0.1297449742034007
2019-06-30,16260000.000000002,18.8,26.0,22.99365336865248,4.941484552670999,0.13999999999999999,0.4525149970011554,0.4053216748969655,0.3491212039449022
2019-07-01,7290000.0,19.9,23.9,24.25306655481574,5.01930320704377,0.6200000000000001,0.22337974497221538,0.20238466905948002,0.17697757914019857
2019-07-02,24360000.0,18.4,27.1,21.973933238855256,4.7948263194300065,0.010000000000000002,0.6441670234141863,0.5730864907038485,0.49057423205798656
2019-07-03,19790000.0,17.9,26.5,20.87355786717832,3.424020792401952,0.0,0.5182314114236508,0.4609693406403933,0.4255538835174931
2019-07-04,25260000.0,18.3,29.0,22.0311183960175,3.968751373011353,0.0,0.6728952544458369,0.5982010737487303,0.545329901712249
2019-07-05,24520000.0,18.8,31.2,22.645332764355537,3.9717443981795366,0.0,0.7043550629823483,0.6304618405950438,0.5953188472305111
2019-07-06,27710000.0,19.1,30.2,20.666944292432618,6.8121252827857015,0.0,0.877605996,0.7944992908910543,0.7150895846020533
2019-07-07,22680000.0,18.7,28.2,20.057805948898967,9.029956932409693,0.38,0.8114193910079115,0.7445491777997566,0.6309857581137919
2019-07-08,20830000.0,19.5,27.6,20.057805948898967,4.378795821052497,0.0,0.6190501345479551,0.5575448728066782,0.5277261043822116
2019-07-09,15400000.0,20.5,27.0,20.467490408078895,3.690400032370286,0.1,0.4898374875842941,0.44423362244869685,0.439853749173015
2019-07-10,5100000.0,18.9,22.1,22.74521978992652,6.943818390185776,2.19,0.16444302735597244,0.15008473429991864,0.13016994938938947
2019-07-11,16590000.0,17.6,25.0,21.403602826830447,7.862677116818118,0.04000000000000001,0.49449573818148657,0.4471709309350206,0.3541335874094699
2019-07-12,18550000.0,19.8,27.0,22.423442174527228,4.9803938798573855,0.16000000000000003,0.5478228993347647,0.4931696735752169,0.4402975727660383
2019-07-13,15250000.0,19.5,26.4,22.616027344038876,4.043577002215941,0.21000000000000002,0.4400421302137382,0.39540990746776655,0.36394797259863826
2019-07-14,24070000.0,20.1,28.0,24.309165155397825,4.444642374752534,0.05,0.6439718804227992,0.572386850617221,0.48705237495671155
2019-07-15,21280000.0,19.8,28.4,24.629204784274883,4.16928405927965,0.8,0.5769780642618942,0.513645642555476,0.4499491445913989
2019-07-16,21460000.0,20.4,27.9,24.17844447467893,3.908890869647683,0.12,0.5823480612904903,0.5184346752746817,0.45700597572825385
2019-07-17,21940000.0,22.2,29.0,24.221949591139463,6.925860239176677,3.74,0.7330349044035549,0.6663824287146791,0.5726287736347935
2019-07-18,10160000.0,22.5,25.3,25.742429948897932,9.173622140482504,0.4,0.3917516750003468,0.3616000672854412,0.2840513785026709
2019-07-19,6770000.0,23.8,25.5,28.321744015760498,17.913255631578394,5.79,0.3615113737832117,0.3412070651008746,0.21372108420713784
2019-07-20,5740000.0,22.9,25.2,27.45648492552284,16.12342658100465,2.2399999999999998,0.30586784737059625,0.2887968847165032,0.19377412955519832
2019-07-21,14620000.0,23.1,27.8,28.93350703242324,8.1021191302728,0.12,0.47000666241833855,0.42568027933552155,0.3224032611163206
2019-07-22,17410000.0,24.5,29.5,30.861579622375302,6.916881163672125,0.22000000000000003,0.5592495379669404,0.5054022593225346,0.3980559462935867
2019-07-23,20120000.0,24.5,29.9,29.064526385125276,9.882969105341997,0.0,0.7416381930131022,0.6792555031150597,0.5215735271001554
2019-07-24,11750000.0,24.4,28.4,30.176642428704692,9.882969105341997,1.9600000000000002,0.45292362681848264,0.41685508454173237,0.320417958909215
2019-07-25,14390000.0,24.9,29.5,30.838531787535082,9.191580291491604,0.08000000000000002,0.5387693628287847,0.49415271732019467,0.38692045613105597
2019-07-26,15530000.0,24.8,30.0,30.73117361425484,8.371491395409318,2.8200000000000003,0.5666629294801148,0.5183938838503774,0.41719482760668924
2019-07-27,10850000.0,25.4,29.0,31.732853375378866,9.505847934150875,1.9500000000000002,0.4310257659706445,0.3973850012890461,0.31242846176743483
2019-07-28,16050000.0,24.2,29.5,30.229435521071185,9.862017929164713,0.17,0.5831975169034339,0.5336490681409047,0.404903769008664
2019-07-29,22900000.0,24.6,29.8,29.60861687767484,9.1556639894734,0.020000000000000004,0.7716804480842221,0.7006782811525534,0.524217727447038
2019-07-30,22050000.0,25.5,30.2,31.302352193130304,12.283375290225184,0.08000000000000002,0.8140573625186749,0.7451513201010866,0.5139842997149058
2019-07-31,23230000.0,23.4,30.6,30.471802778472775,7.344883762722369,0.09000000000000001,0.7092599620327936,0.6374120422792297,0.4895439841793679
2019-08-01,21700000.0,23.6,31.8,30.517434855880275,4.309956242184276,0.05,0.6459872904079058,0.5782964134025775,0.5020030540758647
2019-08-02,23310000.0,23.8,32.3,29.936325528888975,3.9986816246931887,0.010000000000000002,0.6944952151638761,0.6214788456435688,0.5504306739067706
2019-08-03,22070000.0,23.3,32.9,30.540273239315802,4.717007665057235,0.03,0.678717567393539,0.6095446489030734,0.540097357200229
2019-08-04,23400000.0,23.6,33.0,29.786976850458824,4.1034375055796115,0.0,0.7087552923647903,0.6352418345561606,0.5725467754584477
2019-08-05,22000000.0,24.5,32.8,31.685640096706717,3.241446257142757,0.12,0.6496392523366631,0.5802438077253632,0.5161278201015023
2019-08-06,19410000.0,24.8,32.5,30.73117361425484,5.109093962089276,0.09000000000000001,0.6447763865127124,0.5835506783351974,0.5242683073418984
2019-08-07,23910000.0,24.6,31.6,29.74229920213391,5.312619673525756,0.03,0.744974757192716,0.6700348169522525,0.5737151856360883
2019-08-08,20530000.0,24.1,32.5,28.80300342682869,3.9897025491886384,0.020000000000000004,0.6461147148866406,0.5816176512622315,0.5420462945804081
2019-08-09,22470000.0,25.6,32.5,28.271870532647217,6.809132257617518,0.010000000000000002,0.8248234833860246,0.7536227347676772,0.6774819550407749
2019-08-10,21370000.0,26.0,32.4,27.37331854312744,14.007357787098895,0.0,1.1172856563951181,1.0494564974382883,0.8331664048725826
2019-08-11,12160000.0,25.6,30.2,30.36555932881215,19.044619145151767,2.5300000000000002,0.7771945422450041,0.7391720563272628,0.5068565422939642
2019-08-12,19290000.0,25.0,30.1,32.168508196551926,10.574357919192392,0.48,0.6569927878038513,0.5969281547987508,0.42048796029170726
2019-08-13,21440000.0,24.9,32.2,30.677616882824093,4.393760946893415,0.16000000000000003,0.66692536579685,0.5993740318854494,0.5317044541803007
2019-08-14,20280000.0,24.8,32.2,31.092885573832596,6.405073859912743,0.45,0.6832973162593071,0.6194376491698861,0.5317761700667683
2019-08-15,18820000.0,24.1,30.9,28.97712276000072,10.52048346616509,0.42000000000000004,0.7432163334716742,0.684650581791178,0.54715803633778
2019-08-16,18780000.0,22.1,28.0,27.512051673286415,8.56903105650943,0.18000000000000002,0.576046308577109,0.5194126305869892,0.3892923742793987
2019-08-17,24380000.0,21.3,30.0,27.16636422734622,7.099455698931322,0.17,0.7140763096839235,0.639962307179265,0.5150387283167872
2019-08-18,25030000.0,18.8,29.8,22.071225435982658,5.1180730375938275,0.0,0.7013275300334637,0.6266239180059071,0.5810494950812382
2019-08-19,21730000.0,21.4,30.5,24.496980525528258,3.7442744853975887,0.0,0.6212225456301864,0.5549041924098584,0.5267889776437809
2019-08-20,18190000.0,23.6,30.4,26.78370278890784,5.216842868143884,0.27999999999999997,0.6015416836742865,0.545281947974014,0.5045642486090807
2019-08-21,14660000.0,24.4,29.6,30.12392978721113,5.3485359755439585,5.04,0.4725560431237291,0.4272142220480834,0.37159214148106035
2019-08-22,19400000.0,22.4,29.7,27.924897662121243,6.369157557894541,0.37000000000000005,0.5934373795795167,0.5341530940979253,0.4487489134993143
2019-08-23,18650000.0,19.0,27.9,23.937307018248813,4.9774008546892015,0.0,0.5066356299302746,0.4516475577815936,0.4016685277165733
2019-08-24,16719999.999999998,20.0,27.5,22.733448408761966,3.8819536431340307,0.13,0.47246705848761794,0.4229542906261125,0.4026580379177642
2019-08-25,13490000.0,20.0,26.8,23.51582639483287,3.166620627938169,0.04000000000000001,0.3726439702731884,0.33289884814400783,0.32023030900594335
2019-08-26,22990000.0,22.5,28.4,23.606896434679935,7.904579469172689,0.51,0.7668473065871115,0.6971439175943643,0.5888240917653814
2019-08-27,5480000.0,21.8,26.1,28.02365134805256,4.471579601266186,1.37,0.17281092924080704,0.15653642277187846,0.1458123671747025
2019-08-28,6870000.0,19.9,24.1,23.70437756480852,3.076829872892663,0.13999999999999999,0.20131693437952158,0.18150043764223545,0.1787477801582806
2019-08-29,6330000.0,18.2,24.3,23.851259149718285,6.144680670280776,0.13,0.18629427143113275,0.16825182649488302,0.15002878862154065
2019-08-30,21210000.0,18.4,25.6,20.564310525373436,5.920203782667012,0.05,0.5721906409691768,0.5110104523523152,0.44239021100959075
2019-08-31,16670000.000000002,17.5,26.5,22.036844066368026,4.205200361297853,0.020000000000000004,0.42603030076296744,0.3779457300772963,0.35038603465317164
2019-09-01,5630000.0,19.4,24.2,23.26246255850394,3.4359928930746864,3.3100000000000005,0.1823563028913575,0.16616749139165607,0.17031423148169506
2019-09-02,7010000.0,19.2,24.0,23.43714766668172,4.447635399920717,2.34,0.20924474095173248,0.1891515710215354,0.1784115609707447
2019-09-03,5250000.0,21.9,24.6,26.358843179743165,9.113761637118833,1.02,0.21347165948345012,0.19803783854395574,0.16257611041297876
2019-09-04,12110000.0,22.5,27.5,27.77733678818896,7.488548970795177,0.45999999999999996,0.39692474447714926,0.3604301717565026,0.29757140183412734
2019-09-05,12410000.0,23.0,27.9,28.051922624745846,8.377477445745685,1.1199999999999999,0.43510927260606663,0.39748338929158245,0.3258157614349385
2019-09-06,11570000.0,23.9,29.6,28.579451216720166,20.011366274475048,1.99,0.7425577485077157,0.7068842880801263,0.47898036979439657
2019-09-07,16250000.0,21.0,27.9,26.76333659416371,14.127078793826238,0.16000000000000003,0.5734616137751334,0.5248604815284428,0.3597751664785842
2019-09-08,6220000.0,22.8,26.5,27.61650402514517,2.954115840997139,1.72,0.19989392918041773,0.1812391581310622,0.1819664728918199
2019-09-09,8109999.999999999,22.8,27.6,27.875634848941175,9.622575915710032,0.55,0.3518391301846184,0.3273326442254378,0.2794217952146119
2019-09-10,17820000.0,23.1,28.7,26.600893350973006,8.799493994459562,0.010000000000000002,0.6225143617376095,0.5681644564709596,0.46805397212401667
2019-09-11,15720000.0,22.0,28.4,26.072250824782408,6.506836715630983,0.30000000000000004,0.5007437011405885,0.4532416099841991,0.40030667478884874
2019-09-12,14430000.0,19.0,27.4,19.43364747402182,6.964769566363062,0.03,0.5513764013878966,0.5089867579696855,0.5046573351236789
2019-09-13,20830000.0,18.1,27.0,21.808830023680038,3.738288435061222,0.0,0.4990938140285957,0.4384976275344953,0.4097156172811268
2019-09-14,19940000.0,20.7,27.4,23.673876975032684,4.699049514048133,0.0,0.5315274417963691,0.47222517780288226,0.42654867029305343
2019-09-15,14390000.0,21.5,27.1,25.273893264392537,4.094458430075062,0.21000000000000002,0.39890160385937123,0.3559537422102885,0.3290731228248681
2019-09-16,18020000.0,18.5,28.0,23.26846717561552,3.8250861649385444,0.05,0.4521721111337717,0.3991973581185929,0.3801092123975092
2019-09-17,21570000.0,16.8,27.1,18.881515528010294,3.3013067605064275,0.0,0.5051744166504901,0.4430044596126851,0.4475710315160895
2019-09-18,21770000.0,12.1,26.0,14.52260005114755,8.470261225959375,0.0,0.7419706808192934,0.682198659609645,0.572528477718889
2019-09-19,20800000.0,14.4,25.1,17.06719108364599,4.402740022397965,0.0,0.4791809400387468,0.42136455730566763,0.4177806143221159
2019-09-20,15160000.0,17.5,24.2,16.282360252612428,6.542753017649185,0.58,0.5185793405046681,0.4756498691744917,0.4674038394821477
2019-09-21,2630000.0,16.7,19.5,18.36757219573572,9.954801709378403,11.33,0.17045535024850916,0.1633585562024032,0.15953583623522566
2019-09-22,2780000.0,16.4,18.5,16.029324898702235,17.33260874895079,5.83,0.3947544474023016,0.38734459946207067,0.271509471107885
2019-09-23,20050000.0,11.9,23.2,15.495689582416224,4.651161111357197,0.0,0.4235308834458721,0.36998688123897444,0.36611890366415367
2019-09-24,20290000.0,12.6,23.5,15.758391199000306,4.3368934686979275,0.0,0.4291331194659933,0.3744336563083229,0.3738337456847812
2019-09-25,16900000.0,14.1,24.0,17.241929455720022,3.669448856193001,0.0,0.37195863594898765,0.3255577559102619,0.3317384449913534
2019-09-26,14890000.0,17.7,25.5,19.93683379615865,4.561370356311692,0.020000000000000004,0.39727066049627224,0.35459058913241565,0.35310195266919636
2019-09-27,15750000.0,17.4,26.5,22.186169176754472,5.109093962089276,0.020000000000000004,0.3941119256566376,0.34871661627576456,0.3283714823496965
2019-09-28,13630000.0,19.5,26.8,24.434234968105354,3.2234881061336558,0.17,0.3325087894805419,0.2924988564051852,0.28046772576599843
2019-09-29,14490000.0,17.0,27.3,21.29221575184191,4.504502878116204,0.0,0.38183977961673016,0.33994566416058775,0.34921735868256826
2019-09-30,15790000.0,19.9,27.2,24.36537714850028,3.54972784946566,0.19,0.38658978141572814,0.3399662536723406,0.3224638409769958
2019-10-01,2940000.0,20.3,22.9,23.741023619762583,9.56271541234636,4.220000000000001,0.15162311819601368,0.14319602552914074,0.13890803326694334
2019-10-02,4460000.0,20.7,23.9,24.2343921861756,15.438023817490617,8.370000000000001,0.2807310022201027,0.26780610705259894,0.19584935603421175
2019-10-03,15920000.0,18.7,25.1,22.31321183848206,7.030616120063099,0.0,0.4162060136643265,0.37035668464776317,0.3163530037588533
2019-10-04,15430000.0,18.5,26.0,21.837218414652266,4.438656324416168,0.06,0.38376225194500957,0.33908123754611935,0.3286838416865324
2019-10-05,11620000.0,13.3,20.9,15.852542793167645,7.56636762516795,0.03,0.32699656051070997,0.2962335046068553,0.27284894135184373
2019-10-06,13980000.0,16.5,22.2,15.673224994421043,8.039265601740949,0.17,0.48123059303113225,0.4426419566436318,0.412025743833523
2019-10-07,4760000.0,14.1,20.2,16.663999859537533,7.392772165413305,1.1800000000000002,0.20748010109679801,0.19486608822635385,0.19284166258930954
2019-10-08,14800000.0,7.4,21.2,11.529168592933129,8.610933408864,0.010000000000000002,0.4883530484528543,0.4513830783295819,0.3920672897624228
2019-10-09,18490000.0,8.6,19.5,10.430001544706764,5.429347655084913,0.0,0.3943743114867936,0.3484420704783899,0.3728940403753903
2019-10-10,17700000.0,11.8,21.2,12.810600029472292,4.007660700197739,0.0,0.36188713446089105,0.3155800771822634,0.3477646150870097
2019-10-11,17180000.0,12.9,23.6,15.307433826251811,5.770552524257836,0.0,0.4092137855696684,0.36272582513346135,0.37974742406398787
2019-10-12,17330000.0,10.2,23.4,13.720317149342328,6.3092970545308695,0.0,0.44227448976445816,0.39666404649008047,0.395962216149802
2019-10-13,17400000.0,10.8,22.5,13.350576360749564,3.471909195092888,0.0,0.3326356309442476,0.28697694908566995,0.33294016664974235
2019-10-14,15200000.0,8.8,20.7,10.579426523815211,9.511833984487241,0.0,0.5082443313894097,0.4699002903670233,0.45187130156858635
2019-10-15,13610000.0,9.4,18.3,11.99121879361939,4.22914456264332,0.0,0.2645039947649769,0.23084549602076118,0.2535534612385525
2019-10-16,16180000.0,11.4,19.4,12.518212507451848,4.369816745547945,0.0,0.3206124621385174,0.2792267337831246,0.30287304310370244
2019-10-17,8390000.0,10.4,18.5,12.459055157160392,4.468586576098002,0.020000000000000004,0.22448304623773732,0.20345587245714922,0.23117330429786223
2019-10-18,5880000.0,13.5,18.4,16.042327816901338,4.354851619707028,0.68,0.14974303810860726,0.13453022433933753,0.1424849197044077
2019-10-19,16050000.0,10.3,21.5,14.4235686143971,5.9890433615352325,0.0,0.32089593426304186,0.27941378342306306,0.2945654586853697
2019-10-20,15400000.0,9.9,21.6,13.86460899316837,4.528447079461673,0.0,0.29196746679519137,0.2522882509448754,0.28855365125538396
2019-10-21,16230000.0,9.9,21.6,13.105342736085493,4.315942292520642,0.0,0.3074524862746702,0.2656347152843696,0.311128968830948
2019-10-22,15500000.0,14.4,22.4,14.223381551318527,4.0106537253659225,0.0,0.3408500835524984,0.298791775011566,0.34451452402804383
2019-10-23,6750000.0,12.7,20.2,14.44332732445683,4.7499309419072535,0.0,0.21716188130892594,0.19952010259018954,0.23011264396329797
2019-10-24,13940000.0,11.2,22.0,14.392004047363745,4.139353807597814,0.0,0.27574958455841797,0.23920656327696466,0.2812101594827482
2019-10-25,13550000.0,12.4,22.3,13.37642894652146,8.877312648832335,0.0,0.4567411031386892,0.42069418581821943,0.4218764655607437
2019-10-26,12650000.0,7.6,15.1,9.388925920758654,9.413064153937185,0.0,0.3610257854231892,0.3315427587452808,0.29403904862402735
2019-10-27,14780000.0,5.7,16.2,8.690181796251665,6.228485374989914,0.0,0.30613367085523946,0.2720318789419912,0.300546115673129
2019-10-28,14990000.0,10.7,17.5,11.224625001755179,5.6179082406804755,0.05,0.309907107809482,0.272627977715014,0.2943733202840939
2019-10-29,13940000.0,6.9,18.0,9.585628416038167,7.204211579817744,0.0,0.3420956283027976,0.3087212023577291,0.3354578875717045
2019-10-30,14730000.0,6.6,17.4,9.918701238587584,5.342549925207591,0.0,0.26983537373565925,0.23494985579973612,0.27669072776115494
2019-10-31,14580000.0,10.5,19.2,12.792817916119652,4.666126237198115,0.0,0.2617394721728318,0.22488003022543818,0.25895270092642864
2019-11-01,12220000.0,9.3,21.2,12.1160202659855,5.980064286030683,0.0,0.30491907926084216,0.27376107217685447,0.3294997463521999
2019-11-02,11230000.0,11.4,20.4,13.232951388635952,4.271046914997889,0.0,0.24345669090507038,0.2144321081055089,0.2615916062181498
2019-11-03,12840000.0,8.1,19.7,10.755117932339179,5.917210757498827,0.0,0.2991011658399458,0.26731126021593704,0.32276188100755376
2019-11-04,10980000.0,9.6,18.9,12.372505566163875,3.1366903762563334,0.06,0.1893534078891801,0.16195593728161412,0.2091562403623116
2019-11-05,13720000.0,5.3,19.0,10.597483558134448,5.79150370043512,0.0,0.2794068983763895,0.24679500333895069,0.2739478052807896
2019-11-06,13550000.0,8.9,18.4,10.924089166789368,5.3515290007121425,0.0,0.26913465948421006,0.23577550821497262,0.2832420068859294
2019-11-07,11170000.0,3.8,16.6,7.784016181749776,9.194573316659786,0.0,0.39959339315887515,0.3743151504514859,0.3521587513525411
2019-11-08,14130000.0,2.5,13.4,5.644614995987554,7.8267608147999175,0.0,0.35695386887948644,0.32689296042114024,0.34523053537475307
2019-11-09,13670000.0,3.5,16.1,7.111310019018164,6.8630067106448225,0.0,0.3367070355830184,0.3060965827217462,0.3380260711746719
2019-11-10,7340000.0,9.5,15.6,10.34713789885048,10.741967328610668,0.8500000000000001,0.3472563791834563,0.32964143300868004,0.28533366160401225
2019-11-11,9710000.0,6.9,17.0,10.165713991861548,9.637541041550948,0.010000000000000002,0.31028001037285485,0.2873114944651457,0.28501332437845467
2019-11-12,10620000.0,4.6,16.5,8.584547441592676,4.905568250652797,0.0,0.21504732785885997,0.19079379671642893,0.254674129419208
2019-11-13,5170000.0,4.7,15.6,9.222402573680746,10.086494816778478,0.22000000000000003,0.2677305277193421,0.25604591515651226,0.2513637107301177
2019-11-14,10640000.0,0.5,8.1,4.971397308386138,7.171288302967724,0.0,0.24456407147607856,0.22434110962547882,0.22699417532610083
2019-11-15,12270000.0,8.4,16.1,9.508705720331807,8.359519294736584,0.0,0.3284025324822199,0.299166802719468,0.30747256049134586
2019-11-16,8770000.0,9.4,18.9,11.877534617434161,7.2850232593587,0.010000000000000002,0.2623251252364246,0.24049048196607625,0.2737332015542962
2019-11-17,6700000.0,11.1,18.5,15.33241803938417,14.417402235140038,1.2300000000000002,0.19634025234246308,0.17942034135398852,0.14788385949548336
2019-11-18,5810000.0,6.8,11.9,6.22191105397044,14.761600129481144,0.0,0.5942414784671757,0.5813880197594153,0.394909471575133
2019-11-19,5780000.0,1.0,8.1,5.82858433698426,7.9195445950136065,0.0,0.20731056598300998,0.19623392811646356,0.1857328100766334
2019-11-20,12430000.0,-0.6,8.6,4.778739455434918,6.429018061258212,0.0,0.22035607252584133,0.19696569563914149,0.22563743105277195
2019-11-21,9600000.0,4.0,13.8,6.600737671288653,6.042917814562536,0.0,0.25623247515446435,0.23525465228427,0.28450758978524976
2019-11-22,11260000.0,8.1,17.8,10.26485449419829,7.329918636881453,0.0,0.28079969606447586,0.2535214209123436,0.2957692798775592
2019-11-23,11620000.0,11.4,18.5,12.045047565216091,5.9950294118716,0.0,0.2549413336056535,0.22550184694256395,0.2725854889603535
2019-11-24,9040000.0,4.3,20.5,10.663925039950595,12.462956800316196,0.03,0.5215911606354079,0.4999738979817476,0.36070664110221806
2019-11-25,4500000.0,3.5,6.3,5.287127140644496,7.5005210714679125,0.0,0.2380195194495141,0.22929696057162635,0.21052676143443624
2019-11-26,6260000.0,6.2,12.9,8.572047663136573,5.474243032607666,0.0,0.17578712584388276,0.16186303782212946,0.19228418708335887
2019-11-27,5540000.0,0.5,8.9,4.919157008255685,10.882639511515295,0.0,0.34314719020697565,0.3324782837048538,0.2692771927908825
2019-11-28,11280000.0,-1.1,11.4,6.109852424892113,6.518808816303716,0.0,0.18930872229939294,0.16726743283445752,0.20721911621272424
2019-11-29,11990000.0,-2.2,8.9,4.186510299928881,6.964769566363062,0.0,0.23497703529692493,0.21290614325314178,0.24841145720545993
2019-11-30,11100000.0,4.1,13.6,6.648497264165545,4.181256159952383,0.020000000000000004,0.184110492474609,0.15988842916826204,0.23699054423305338
2019-12-01,1760000.0,4.8,7.6,8.197232196217529,9.577680538187279,1.4500000000000002,0.10908934044991554,0.10553495123797599,0.09722645719106408
2019-12-02,5530000.0,3.3,7.6,5.000803886830037,13.160331664502957,0.0,0.43173571030158203,0.4208262071189594,0.28955080570326486
2019-12-03,7140000.0,3.0,8.1,5.514680113827613,5.977071260862499,0.03,0.20051831640396228,0.18638801416215628,0.20661059670766518
2019-12-04,10590000.0,0.8,10.9,5.95778062511728,6.545746042817368,0.0,0.1994028581456591,0.17824665145030275,0.22079418009724172
2019-12-05,9430000.0,-5.6,4.8,3.4841366602161465,11.606951602215709,0.020000000000000004,0.27635687111749796,0.2612317579905587,0.20861848604137084
2019-12-06,10100000.0,-4.6,1.7,2.98420119972686,8.563045006173065,0.0,0.21987362144927114,0.20433881457593586,0.18227768423030147
2019-12-07,11110000.0,-2.7,7.3,4.66955807828269,6.246443525999015,0.0,0.16104528184265238,0.14133150255335067,0.17891398046865153
2019-12-08,10930000.0,-2.1,7.8,5.328020581739729,5.887280505816992,0.0,0.13556751386549626,0.11579305686859709,0.15667126335990678
2019-12-09,10580000.0,2.0,11.4,7.0817041246921475,6.47092041361278,0.0,0.16722485488839164,0.14552999185924204,0.18782085761744222
2019-12-10,9420000.0,7.3,14.9,9.318773692968147,6.387115708903642,0.0,0.20730723707714258,0.18548977247482862,0.22931243748673807
2019-12-11,8830000.0,2.9,14.8,6.25966560680713,13.109450236643838,0.04000000000000001,0.48427691051486754,0.4650083682630618,0.3964043995373567
2019-12-12,10270000.0,-3.5,6.6,4.352408787323039,6.61458562168559,0.0,0.16477357726991648,0.14703745337762505,0.17829275782007448
2019-12-13,10090000.0,0.2,7.8,4.87801900209188,5.0282822825483215,0.020000000000000004,0.1591501610514892,0.1401631214065333,0.18774276630092515
2019-12-14,11080000.0,-0.1,8.1,4.9023601376489,7.473583844954261,0.0,0.21609961316179144,0.1952496231453285,0.21730929341407457
2019-12-15,10140000.0,6.2,13.6,7.6113414504774255,8.19490291048649,0.0,0.28511459163588426,0.2623481896172729,0.28484767125201477
2019-12-16,9270000.0,7.8,14.8,8.835375365688158,8.039265601740949,0.13999999999999999,0.27421592855678756,0.2526375941455776,0.27669166934671285
2019-12-17,3980000.0,3.2,15.6,9.029675956985555,11.819456389156738,0.15000000000000002,0.2699193248637847,0.2611024255191141,0.24472398935529388
2019-12-18,9500000.0,0.5,6.9,5.175699093684537,10.691085900751549,0.0,0.261653701278536,0.2439565380201288,0.20647296724818948
2019-12-19,10390000.0,0.8,6.3,4.337338671157555,7.4107303164224065,0.0,0.23324308847613423,0.2139862885610432,0.22442664995067796
2019-12-20,7230000.0,-2.7,7.3,5.097836507893427,6.306304029362686,0.020000000000000004,0.13948866760884554,0.12665962852138818,0.1547680963491101
2019-12-21,5500000.0,-1.3,6.7,4.926808783930218,4.441649349584351,0.0,0.12410521579098714,0.11420681244144534,0.14683238482791627
2019-12-22,7090000.0,0.4,10.6,6.006878237452501,5.815447901780588,0.0,0.1676513067363325,0.15364210349999394,0.19592099617722827
2019-12-23,7540000.0,-0.2,9.4,5.735071285325748,7.808802663790814,0.0,0.19748832769155378,0.18301518587284438,0.19900560695786396
2019-12-24,9730000.0,-2.8,9.4,4.837185988108058,4.660140186861748,0.0,0.1413721898716709,0.12349216431074868,0.18471850366154136
2019-12-25,9420000.0,1.4,11.1,4.728297376205222,5.288675472180288,0.03,0.21731664211788243,0.19826331021799387,0.26398454093509643
2019-12-26,2110000.0,2.0,6.8,5.33294655822819,12.971771078907397,0.13,0.33215671237421673,0.3281330601802492,0.22571485432370672
2019-12-27,4860000.0,-3.0,4.9,4.226447671806462,7.156323177126808,0.0,0.17276730298504556,0.1645584885791676,0.16379949876882877
2019-12-28,10890000.0,0.2,7.8,4.3332366754539775,4.845707747289127,0.0,0.17236483161628463,0.1518723775297069,0.20846044849379425
2019-12-29,2240000.0,4.8,8.5,8.0969048252633,10.729995227937936,0.9900000000000001,0.15998643367773774,0.15540012612269768,0.12560523031000398
2019-12-30,6100000.0,-1.6,11.7,5.756127018522904,15.809158938345378,0.020000000000000004,0.46286219019504704,0.4509809129273389,0.2849359282550521
2019-12-31,9060000.0,-4.3,-0.1,2.70232888293374,10.43667876145595,0.0,0.26227823901702124,0.24876648884308655,0.1860310563076797
2020-01-01,9810000.0,-3.1,5.4,4.139027405843268,6.3092970545308695,0.0,0.16228665244671212,0.14559302431132928,0.17072146289306908
2020-01-02,9210000.0,-1.6,7.5,4.9621428886939976,6.602613521012855,0.0,0.17011736104337985,0.15339650997522458,0.17996111996707714
2020-01-03,9450000.0,-3.0,8.0,5.367541407840652,6.647508898535608,0.0,0.13811313482387583,0.12122537106090166,0.15531244042492123
2020-01-04,9150000.0,-3.8,7.9,5.008568015200908,7.027623094894916,0.0,0.15261536095608993,0.13652411409968082,0.16812271692175698
2020-01-05,10630000.0,-0.3,9.2,4.399283018794892,4.642182035852646,0.12,0.17787224874113872,0.15756801343526197,0.2209779349187329
2020-01-06,1710000.0,6.2,13.9,10.576419653048887,14.115106693153503,2.45,0.1796149422416306,0.17576036732786612,0.15252214347059542
2020-01-07,2089999.9999999998,5.1,16.8,12.310517629961986,19.493572920379297,1.79,0.12074394031865825,0.11592169775447092,0.12930423770982274
2020-01-08,2600000.0,2.7,5.4,5.805523211124473,15.23449810605414,0.0,0.3136464655813692,0.3087456803099685,0.1820553756220205
2020-01-09,9930000.0,-3.5,5.7,4.787690310729528,8.530121729323046,0.0,0.16556942562873386,0.1487029736531159,0.1511773129733285
2020-01-10,10740000.0,-1.6,7.6,4.51559582151303,5.336563874871224,0.0,0.16941349699929248,0.14988098413339873,0.19289851625165286
2020-01-11,10240000.0,0.9,7.6,5.262724650594675,8.108105180609169,0.0,0.22951640332725337,0.2100859183340567,0.20810515711315417
2020-01-12,5000000.0,2.0,4.8,4.738643778824072,11.196907154174566,0.0,0.3102151868069098,0.3009955303609856,0.21818974142277342
2020-01-13,5300000.0,-0.6,4.7,3.9161928981265803,8.380470470913869,0.05,0.2584365674452543,0.24911595451203375,0.2152506608470309
2020-01-14,6580000.0,-3.7,5.7,4.202444915145428,5.399417403403079,0.010000000000000002,0.14756588040104374,0.13643110143908826,0.15998081753893428
2020-01-15,9100000.0,-4.1,3.8,3.933719920023431,6.842055534467537,0.0,0.1636524897833765,0.14891352759408333,0.15448110636031742
2020-01-16,10620000.0,-0.9,5.8,3.4160292499320333,6.901916037831207,0.0,0.25848578250116544,0.23954072932632528,0.24696769273549166
2020-01-17,8350000.0,-3.8,5.1,3.812478024977945,6.554725118321919,0.0,0.186157382170911,0.17221197349266865,0.18244579981299575
2020-01-18,12330000.0,-2.0,5.9,4.592724706503632,6.680432175385626,0.0,0.18049588555054036,0.1588902558376279,0.1748051204976213
2020-01-19,6450000.0,-0.8,8.4,5.540113471554388,7.60826997752252,0.010000000000000002,0.19357974853822602,0.18152363744534836,0.18450557274504256
2020-01-20,9080000.0,-4.9,6.8,4.295116898694629,9.344224575068964,0.0,0.22095491440912923,0.20561828173312685,0.19537605309751135
2020-01-21,12840000.0,-1.1,8.1,4.55830226347721,5.225821943648434,0.0,0.18945640050353202,0.1656992860613771,0.2086245943252573
2020-01-22,1770000.0,5.4,7.7,8.700301736022116,5.3904383278985275,0.9900000000000001,0.05908500007848584,0.055471963262600066,0.07413662359210724
2020-01-23,9090000.0,1.6,11.6,6.9373739457466606,7.308967460704166,0.0,0.20815391115080936,0.18957066132029957,0.20828594474433984
2020-01-24,11490000.0,2.2,11.1,6.156324779851992,5.980064286030683,0.0,0.22156393524687634,0.19803863443999684,0.23245678729268965
2020-01-25,5230000.0,2.0,10.6,7.839258632365828,4.226151537475136,0.020000000000000004,0.10423351842171982,0.09363883128095295,0.12042951711228067
2020-01-26,7370000.0,4.1,11.4,7.568704706775306,7.862677116818118,0.9,0.2251681083715825,0.2095789667094783,0.206973360387666
2020-01-27,2210000.0,3.5,7.7,8.21165383443372,8.793507944123196,1.03,0.08386750688771243,0.07948694082752981,0.07685930709290181
2020-01-28,10680000.0,3.6,11.3,7.976536324926549,3.8310722152749115,0.0,0.13920608762920794,0.11681214660816644,0.15233560275801103
2020-01-29,8810000.0,-0.3,9.8,6.887784742267989,6.1297155444398586,0.11000000000000001,0.14034125215864637,0.12334733975292902,0.1443186683036316
2020-01-30,10740000.0,0.3,8.4,6.203109380961117,7.3628419137314705,0.12,0.18783466434626228,0.1673878566053456,0.16806472652743878
2020-01-31,8380000.000000001,-2.5,6.6,4.86286020629666,6.904909062999391,0.0,0.18255190554951428,0.1678147854777429,0.1700625010942264
2020-02-01,10440000.0,-2.2,8.2,5.88032059339331,6.210527223980814,0.0,0.1497158326865537,0.13072892073870168,0.1483080855483407
2020-02-02,12590000.0,-2.2,7.2,5.313266807086204,6.1297155444398586,0.010000000000000002,0.17075406071861626,0.14825491301746868,0.16202087418267747
2020-02-03,9860000.0,-4.6,5.7,4.131160191503971,7.802816613454448,0.0,0.20807534507203132,0.19167031475534949,0.1829761666955822
2020-02-04,14520000.0,-4.1,6.3,3.9601409316215306,8.78752189378683,0.04000000000000001,0.26863585138795,0.24397312402783194,0.22052024738690174
2020-02-05,14570000.0,-6.3,-0.3,2.5075703746311606,11.789526137474901,0.0,0.3128805899200484,0.2921419759506302,0.19066735948415614
2020-02-06,11850000.0,-4.9,1.5,2.0956101927091453,6.393101759240009,0.0,0.2533620103620199,0.23532049682727868,0.22277495595489794
2020-02-07,13090000.0,-2.0,5.3,3.980376756934567,7.793837537949898,0.0,0.2632108005668584,0.24052180254974856,0.21597789974547835
2020-02-08,9510000.0,-2.2,5.5,4.14559356320386,9.865010954332897,0.0,0.2901308870156241,0.2736471306258063,0.21538161126069486
2020-02-09,14330000.0,-1.9,6.1,4.731251447174238,7.4556256939451595,0.0,0.23051574378430809,0.20526959983679277,0.18977061967704398
2020-02-10,14190000.0,-2.8,11.6,5.787838840395401,5.62988034135321,0.0,0.24998702975142648,0.2229274920109528,0.22293228449424873
2020-02-11,11800000.0,5.4,13.1,7.484063236570471,9.44299440561902,0.8500000000000001,0.3661692545850356,0.34013504466549094,0.3003596070735848
2020-02-12,3600000.0,6.9,13.9,11.017236517329351,10.005683137237524,0.5900000000000001,0.16117752346132871,0.1529878946859676,0.13617089818090578
2020-02-13,10660000.0,3.8,12.9,8.622143274678841,4.54341220530259,0.0,0.17533736310799758,0.152398712050972,0.17569501589499592
2020-02-14,15670000.0,5.9,16.5,7.832334458818518,5.357515051048509,0.0,0.32158028735400446,0.2851957330957366,0.33371855969621905
2020-02-15,11340000.0,2.5,16.6,8.998337003120968,12.058898402611419,0.8,0.4173589972031272,0.3921354895087689,0.2934832202999281
2020-02-16,4110000.0000000005,-1.8,3.0,4.068698324016182,18.0569208396512,0.13999999999999999,0.40340722509022625,0.39655605121923165,0.19565100203019406
2020-02-17,12320000.0,-3.5,1.3,3.4639151017254557,16.37783372030025,0.15000000000000002,0.3918245389679085,0.3726053597727638,0.19026288837128874
2020-02-18,15540000.0,-4.4,4.1,3.862792250810074,8.365505345072952,0.0,0.2542829019607253,0.22911328960670158,0.18809478592721787
2020-02-19,14970000.0,-0.9,9.2,5.916237008992752,5.27371034633937,0.0,0.20916221987235656,0.18085074335080803,0.19143829599221385
2020-02-20,16570000.0,0.9,12.6,6.091350509523406,3.9268490206567837,0.0,0.24224335724810472,0.20821440658985196,0.2517125589165745
2020-02-21,14710000.0,4.6,14.4,8.784188532885674,9.6644782680646,0.30000000000000004,0.33921417652359775,0.30653886339564596,0.2655905860291904
2020-02-22,16309999.999999998,-0.8,10.2,5.100994154203111,11.475258494815632,0.0,0.4239161626698974,0.3925064397367554,0.30101876367628877
2020-02-23,17200000.0,-2.0,8.9,4.756427136795952,4.6122517841708115,0.0,0.2402828630718657,0.20851296404674372,0.22920618579289717
2020-02-24,14910000.0,4.2,14.7,9.230399814032467,7.808802663790814,0.45999999999999996,0.2856500245248138,0.2525751511111539,0.23749299376995586
2020-02-25,3180000.0,8.7,14.7,12.810600029472292,6.455955287771862,0.6200000000000001,0.09112169266415868,0.08364550074077884,0.09191831671961322
2020-02-26,12330000.0,-0.1,14.7,7.676827373700384,7.596297876849786,0.010000000000000002,0.32115003175195384,0.2954100862587651,0.25348743640868965
2020-02-27,16230000.0,4.4,12.1,7.104956712962297,5.465263957103116,0.06999999999999999,0.29909427825706625,0.2642686515565597,0.2654049283252108
2020-02-28,3430000.0,4.0,8.4,7.729117579270488,9.158657014641586,0.22999999999999998,0.1704149122484402,0.16348789236380798,0.1344994496846018
2020-02-29,6420000.0,1.2,12.4,8.056605139214389,3.6006092773247804,0.0,0.13154827217870796,0.11834399605569057,0.1448355482834438
2020-03-01,7850000.0,3.3,11.9,7.217939670830109,8.275714590027446,0.0,0.28527761475060964,0.2687453515791033,0.24125034309983495
2020-03-02,18240000.0,0.9,8.1,4.965225998707009,8.524135678986678,0.0,0.3773446007392075,0.3424472664328572,0.2746425238212939
2020-03-03,9930000.0,2.2,12.4,7.413435485102533,7.1742813281359075,0.0,0.2572469405844534,0.23651720345976862,0.22705347613229146
2020-03-04,16079999.999999998,1.1,7.8,4.241175787389285,15.159672476849552,0.0,0.6172360972501583,0.5865218824130464,0.34400725581571845
2020-03-05,18990000.0,-5.2,7.1,3.967718646895775,7.769893336604431,0.0,0.31995433350030617,0.2878791512847461,0.24176300041045556
2020-03-06,19230000.0,0.4,10.9,5.410648215788848,3.9507932220022526,0.11000000000000001,0.2841928817618307,0.24601598280187012,0.2653707474681787
2020-03-07,9310000.0,0.6,13.1,8.182832906493948,5.192898666798415,0.19,0.18082158170834955,0.161644545429784,0.17405166376178222
2020-03-08,19210000.0,2.2,16.5,7.694979746017665,5.11208698725746,0.0,0.3926898823242195,0.35019161351594474,0.3287872835888817
2020-03-09,7330000.0,6.5,14.8,9.984239307059951,8.715689289750424,0.9199999999999999,0.267038156131722,0.25025496841614225,0.2228462944499925
2020-03-10,5940000.0,2.2,8.4,6.267240773617383,14.567053493549214,0.18000000000000002,0.36838364583615485,0.3567210217055746,0.21921878290382707
2020-03-11,20330000.0,-2.0,8.4,4.474650357111268,9.134712813296117,0.0,0.4056271382713895,0.36839673690734187,0.2858303660836835
2020-03-12,20100000.0,2.2,14.0,6.076584664223671,5.001345056034669,0.0,0.3698088389789141,0.3268629275588325,0.34058747898416714
2020-03-13,15130000.0,-1.3,12.9,4.9729411967372465,11.122081524969978,0.0,0.6224777469161304,0.5922989016714613,0.3815541164964013
2020-03-14,20510000.0,2.2,8.5,5.5844439044075305,9.975752885555687,0.020000000000000004,0.4439569768337465,0.4036233922834639,0.28440173029778426
2020-03-15,18750000.0,-1.0,11.5,4.375790268767577,15.593661126236162,0.06999999999999999,0.7397646719182877,0.7030095003016938,0.41476480691697093
2020-03-16,21010000.0,1.4,9.9,5.183703144679202,5.279696396675738,0.0,0.35872872132283623,0.31701802724333694,0.29705850157272023
2020-03-17,20440000.0,4.0,15.1,8.354663240657235,8.15898660846829,0.0,0.42589652826960134,0.38043193415384435,0.3238683450312292
2020-03-18,20750000.0,7.1,18.0,8.433142819540763,9.601624739532747,0.0,0.6044624428467515,0.5546654219848159,0.4724346835089227
2020-03-19,19180000.0,2.5,14.4,5.972290932018564,14.136057869330788,0.0,0.6947904217006918,0.653401454599839,0.4480024276300165
2020-03-20,21460000.0,5.4,14.6,6.087656077027161,7.889614343331772,0.0,0.5568224088965408,0.5085124537922832,0.44656700105721436
2020-03-21,20600000.0,8.4,21.1,12.011379738296114,9.410071128769003,0.0,0.5667030531608253,0.5147367870383805,0.42604127362647704
2020-03-22,21080000.0,3.3,19.8,6.265346222570128,9.490882808309957,0.0,0.9472211432153707,0.8978453339548009,0.5933885660949454
2020-03-23,21630000.0,2.2,15.2,7.069049244572754,7.623235103363436,0.0,0.4950196857542907,0.44801574305719,0.37034986667236547
2020-03-24,21740000.0,4.5,17.8,7.198642780159959,5.249766144993902,0.0,0.5052428888872905,0.4548277659376946,0.4306760144998588
2020-03-25,20940000.0,12.1,19.2,8.692710807615242,10.379811283260464,0.17,0.7906939917500528,0.7368523618023012,0.6100683255256846
2020-03-26,4790000.0,11.9,17.4,15.162403491274379,10.927534889038048,1.92,0.18905915923336783,0.17700189475266986,0.13796946249134376
2020-03-27,13590000.0,5.7,13.1,6.389550503200451,14.210883498535376,0.0,0.6809027368550751,0.6507967916053077,0.42481174776205144
2020-03-28,8130000.000000001,-0.6,9.7,4.455001610382189,7.853698041313567,0.0,0.3528506627849114,0.3372705475850805,0.2965135947741053
2020-03-29,20070000.0,6.8,15.3,7.481847160030629,4.034597926711392,0.0,0.4041406943837965,0.3577157179333404,0.36238201013578525
2020-03-30,20110000.0,2.7,16.7,7.906471324409706,4.121395656588713,0.0,0.40102369170127694,0.35611262630546536,0.3360976228033571
2020-03-31,20490000.0,7.7,18.4,8.099280923789077,5.444312780925832,0.09000000000000001,0.5020541392194049,0.45229957359441153,0.4529962031724387
2020-04-01,18400000.0,4.4,16.0,6.4963410967704025,11.083172197783592,0.0,0.6563953420313956,0.6147552645187757,0.48066769284198757
2020-04-02,19660000.0,2.5,16.2,6.714665202169595,5.37547320205761,0.0,0.4744484661073459,0.4309546626315165,0.38671750505377506
2020-04-03,22860000.0,4.1,17.1,6.646501201478862,6.806139232449334,0.0,0.5931359238167777,0.540861738209342,0.4697205864856461
2020-04-04,23430000.0,2.2,15.8,5.215829038812429,12.27140318955245,0.0,0.911947517824036,0.8606070439597053,0.5427309445590216
2020-04-05,24200000.0,-1.1,13.1,4.798151742603435,8.129056356786453,0.0,0.6258171935007366,0.577245436945901,0.4096751396165163
2020-04-06,21480000.0,4.1,16.8,5.934267865141743,5.447305806094015,0.0,0.5335160241126625,0.4845877301871634,0.46218767225297974
2020-04-07,23440000.0,5.1,18.2,7.492933338512442,7.186253428808643,0.0,0.6307772719515821,0.5757376442063743,0.48728130479256115
2020-04-08,23650000.0,2.3,15.9,4.684181965161132,9.116754662287017,0.0,0.8002128564798454,0.7482476950220034,0.5468036533055287
2020-04-09,23450000.0,6.4,15.0,5.696646004481906,7.865670141986303,0.0,0.6518143632200334,0.5980528364779826,0.5100700617002232
2020-04-10,16210000.0,7.5,15.9,7.3477570780176515,5.097121861416543,0.25,0.4379333268066382,0.39982355602739705,0.39493471289110477
2020-04-11,3790000.0,5.2,8.4,8.477572704713998,6.1267225192716745,1.58,0.1224621850869911,0.11466713734458674,0.11013430573723768
2020-04-12,12170000.0,3.4,14.1,8.255053137575926,7.111427799604055,0.27999999999999997,0.3211762821435834,0.2946929254594447,0.26273000071566727
2020-04-13,23390000.0,4.1,13.8,6.52573820169988,8.506177527977577,0.0,0.5723569793168287,0.5211747484235489,0.40929568081358464
2020-04-14,24340000.0,4.9,18.5,6.751001480870673,4.528447079461673,0.0,0.5714226034876774,0.5141991722250783,0.47998652301069866
2020-04-15,18300000.0,3.2,18.0,6.622589719615513,4.953456653343733,0.0,0.5360659187517082,0.49421912974838056,0.4328027337675985
2020-04-16,23640000.0,11.1,19.8,9.913020225637972,14.255778876058129,1.04,0.9424687981228006,0.8819381347600915,0.6053504109721546
2020-04-17,11780000.0,8.8,18.5,12.320829949437389,10.753939429283404,1.22,0.40449075725776584,0.3754892220583844,0.29663339304180647
2020-04-18,19950000.0,7.7,16.8,10.394417279888934,8.892277774673254,0.0,0.5036006749623088,0.4560658087221376,0.3497724995821393
2020-04-19,4010000.0,7.2,13.9,11.672666658388493,9.781206249623759,3.6500000000000004,0.13633943662031572,0.12718155904205314,0.1124698432804414
2020-04-20,20950000.0,6.2,16.0,9.302650471778687,10.215194899010369,0.0,0.5478515508830604,0.49932969489383766,0.3636981346663667
2020-04-21,24820000.0,5.4,13.4,4.9822134464194665,14.81846760767663,0.0,0.9691639132682001,0.914180133937867,0.558611516273355
2020-04-22,22910000.0,4.8,11.1,5.199744127845886,13.845734428016986,0.0,0.8039473682835492,0.7552074239961668,0.45461379052699835
2020-04-23,24670000.0,1.9,12.9,6.03064517916838,10.960458165888067,0.0,0.629198332807551,0.5775458208503228,0.39869896273524946
2020-04-24,25900000.0,8.1,14.6,6.650493856523038,12.747294191293632,0.0,0.8810961555910577,0.8207316978078302,0.5404521269498613
2020-04-25,25280000.0,5.2,20.5,9.96425267937043,12.073863528452339,0.0,0.897920995694623,0.8368213356690513,0.5055417266736837
2020-04-26,25840000.0,4.3,17.4,5.745590619681461,7.763907286268061,0.0,0.7591869676464728,0.6997181743798926,0.5616741490953797
2020-04-27,25650000.0,6.2,17.5,7.6904381049107196,6.345213356549072,0.0,0.6029941184088102,0.54246835459757,0.4827346623933354
2020-04-28,25910000.0,6.1,19.4,8.168455935557716,6.8540276351402705,0.0,0.6973427887353391,0.6348675381572308,0.5257221764495856
2020-04-29,26010000.0,8.6,21.8,7.213647529849264,6.063868990739821,0.0,0.7854791909321828,0.7192302497691541,0.6543764395039068
2020-04-30,23430000.0,14.9,24.4,15.311595378702002,11.403425890779229,0.0,0.8321213800860214,0.7671074859048992,0.5936714243487456
2020-05-01,24210000.0,15.6,25.5,17.37633578586389,11.220851355520033,0.0,0.8074736290111574,0.7392569736203122,0.5673899803279169
2020-05-02,10760000.0,15.0,24.2,17.14057495163592,11.681777231420297,0.6900000000000001,0.5349451296234045,0.5051141141911223,0.42184154905707383
2020-05-03,11250000.0,14.3,21.5,18.047811694452893,9.003019705896042,0.37000000000000005,0.3364761614629065,0.306232680411575,0.2387618511305964
2020-05-04,20650000.0,9.8,25.5,14.336911994219786,7.0934696485949535,0.0,0.7025117781382599,0.6472601902358115,0.513069330920881
2020-05-05,14950000.0,13.6,22.8,16.081392112583405,5.564033787653172,0.32000000000000006,0.4244640108510468,0.3840477806470395,0.35678605889133247
2020-05-06,24830000.0,13.6,28.1,12.228291919544562,8.003349299722744,0.0,1.066314796340412,0.9960022123609742,0.8126474841602984
2020-05-07,26630000.0,11.7,23.6,7.63612266178562,13.657173842421422,0.0,1.2667996222209845,1.1955478166111928,0.9221306546754409
2020-05-08,17840000.0,16.8,23.0,15.89980340816013,17.150034213691598,4.890000000000001,0.9215492986664303,0.8718321071947341,0.5637052519182033
2020-05-09,9850000.0,13.7,21.0,15.754123264518341,13.651187792085056,0.49000000000000005,0.4790735883216516,0.452869740675406,0.3279679438571555
2020-05-10,15870000.0,10.9,19.6,14.36050015521344,6.961776541194878,0.0,0.3970633753740487,0.35659876224615306,0.2907450323901288
2020-05-11,26350000.0,11.1,22.6,14.102895249461902,7.6441862795407225,0.0,0.6604814692955002,0.5910630078203577,0.4824068773013977
2020-05-12,26760000.0,8.6,20.5,11.262698839801887,9.939836583537485,0.0,0.7227726731450927,0.655559519783461,0.4991379102191839
2020-05-13,27010000.0,9.7,20.3,9.800000256629993,5.674775718875963,0.0,0.6590869506414216,0.5905833175051522,0.5353463339459961
2020-05-14,19000000.0,15.9,23.9,12.139759419500898,9.969766835219321,1.5300000000000002,0.8677280199494536,0.8147780962968625,0.7039255514275288
2020-05-15,5580000.0,16.6,19.1,19.04720548445925,9.053901133755161,1.1300000000000001,0.18883897069791683,0.17385232719260155,0.13136885221168676
2020-05-16,16840000.0,12.8,22.8,16.357186700386894,4.821763545943658,0.0,0.4228824895387408,0.3776966585828025,0.34525675829606434
2020-05-17,24220000.0,14.5,25.5,17.49293967938944,7.018644019390366,0.0,0.6640036795806843,0.596390543664422,0.5082560741585234
2020-05-18,19600000.0,11.5,23.3,16.085737737069334,12.714370914443611,1.07,0.6070792476169452,0.554887336028065,0.4049903095832283
2020-05-19,17480000.0,9.9,16.5,12.279626193393783,12.115765880806908,0.24,0.4954339521670506,0.45284048180728254,0.28598499251014314
2020-05-20,24800000.0,10.1,21.1,12.864076797470668,6.6744461250492595,0.0,0.5993985633428633,0.5356982893784463,0.44752111260682276
2020-05-21,25080000.0,12.8,23.9,13.891333965510233,7.724997959081678,0.0,0.7293134753397122,0.6613230730062061,0.5673572199885015
2020-05-22,24880000.0,12.8,22.1,13.879874870164468,10.01166918757389,0.0,0.7504150938806429,0.6840996202285046,0.5167360244591427
2020-05-23,21170000.0,14.1,24.8,15.779746093220433,6.533773942144634,0.05,0.6215729360705028,0.5630350409585236,0.5080888019894564
2020-05-24,11310000.0,12.9,22.0,17.099262557597378,5.797489750771486,0.33,0.314324315566726,0.2841784953494558,0.2576247570383394
2020-05-25,16430000.0,12.6,21.7,15.141783645120988,4.914547326157347,0.0,0.42615806485503105,0.3826185204303676,0.34907573555372595
2020-05-26,21520000.0,14.4,23.0,15.462074146805726,7.398758215749672,0.0,0.6289969129615645,0.5702826290761008,0.4763388261373816
2020-05-27,25390000.0,11.6,23.8,12.867648881638448,5.79150370043512,0.0,0.6770969324108692,0.6090983038352541,0.5565870816501615
2020-05-28,25790000.0,14.2,23.5,15.183047980539696,7.3179465362087175,0.0,0.7147399267128182,0.6441843153633255,0.5327682186874896
2020-05-29,24230000.0,15.8,26.1,15.749856344345114,4.687077413375399,0.0,0.6700765165347378,0.601350139853317,0.5746326225695974
2020-05-30,18440000.0,17.0,26.5,14.149428345360436,9.15267096430522,0.32000000000000006,0.8439006753819964,0.7909191281981545,0.7258893775446682
2020-05-31,12530000.0,17.5,23.2,17.923191438406207,5.453291856430381,0.04000000000000001,0.42278938508322195,0.3876017764198948,0.36175004727504556
2020-06-01,24080000.0,13.0,24.4,15.925633994240146,6.342220331380889,0.010000000000000002,0.631604515104405,0.5659056323924176,0.491010918622745
2020-06-02,24870000.0,18.4,27.1,16.984963661048376,6.440990161930945,0.0,0.7988116815503405,0.7262430096083825,0.6653588218085725
2020-06-03,14020000.0,19.6,27.8,21.729514245781903,7.159316202294991,0.04000000000000001,0.545548679162722,0.5040613427018559,0.4689788434087041
2020-06-04,23490000.0,18.2,29.4,21.59413145918154,5.486215133280401,0.0,0.6931395094026656,0.6235287108334273,0.5712802418837715
2020-06-05,23140000.0,18.6,30.2,21.403602826830447,5.570019837989539,0.0,0.7169690036158909,0.6478093209591372,0.6105564562170199
2020-06-06,24260000.0,17.0,30.9,20.467490408078895,5.315612698693939,0.06,0.7862532982979067,0.7142059393679416,0.6390500883012876
2020-06-07,23270000.0,15.7,29.4,15.656240305969739,5.007331106371037,0.0,0.7890360009896213,0.7213416534275611,0.6776663399161043
2020-06-08,27450000.0,18.5,31.5,13.02207564531837,5.8962595813215435,0.0,1.0329916060333195,0.9502685654733071,0.9397501677467416
2020-06-09,26760000.0,21.4,31.7,19.062331174694773,7.341890737554186,0.0,1.0037761246317145,0.9214753277873408,0.8810950752591854
2020-06-10,20180000.0,21.7,31.4,22.975829745266168,9.326266424059863,0.82,0.8697340624818386,0.8076701581350726,0.7296963931699842
2020-06-11,15330000.0,20.4,30.0,24.895525854254902,5.339556900039408,0.09000000000000001,0.5182000294442749,0.4718764252822233,0.4504035774326396
2020-06-12,11510000.0,21.5,26.9,24.547278327017057,4.89958220031643,6.609999999999999,0.3934068519630837,0.3591028840757925,0.33494503336245646
2020-06-13,7660000.0,22.2,26.5,26.804082517678264,9.17960819081887,6.640000000000001,0.33016848310116614,0.3072906800335579,0.2561706647062609
2020-06-14,11340000.0,16.5,24.5,22.739333433117416,7.105441749267688,0.97,0.2967389742900094,0.2648128873771368,0.20866094301221527
2020-06-15,25240000.0,18.4,26.0,20.58588047566503,5.121066062762011,0.0,0.6711853835961334,0.5981538188376989,0.5060907380874384
2020-06-16,23620000.0,18.0,26.3,21.370133285231063,4.564363381479875,0.0,0.6116856622861826,0.5433944954763769,0.46513721458007834
2020-06-17,10290000.0,17.0,24.4,19.879203743656642,5.139024213771111,2.66,0.34115090425031763,0.31208424952645936,0.29810673848058195
2020-06-18,3900000.0,17.6,19.6,19.978838401111897,5.097121861416543,3.9200000000000004,0.12164736798534133,0.11102611212356636,0.11752566825177602
2020-06-19,21600000.0,17.5,25.7,20.591276056975556,4.417705148238882,0.0,0.5613080241265491,0.49939469024748256,0.4355102031527201
2020-06-20,17530000.0,19.1,26.3,22.157384256111914,3.594623226988413,0.020000000000000004,0.4770357517554821,0.4259232543808961,0.3882446250797541
2020-06-21,21530000.0,17.0,27.5,22.191930084998212,4.046570027384125,0.1,0.551073759496242,0.4887288314335002,0.43491104394606106
2020-06-22,27060000.0,18.0,29.1,21.61101384121729,4.375802795884312,0.0,0.723351180257277,0.6434504417686089,0.5803806468688306
2020-06-23,19400000.0,22.3,28.5,20.8353621820856,11.475258494815632,0.010000000000000002,0.9403904486676508,0.8816107899921839,0.7277988323683755
2020-06-24,9020000.0,21.1,24.8,25.716202459960712,12.65151738591176,1.32,0.33836072985024457,0.3119618676096765,0.21061952676803603
2020-06-25,8109999.999999999,19.1,24.0,22.55167215941733,7.635207204036171,0.09000000000000001,0.30083535033384046,0.27760769966489635,0.23607946960865772
2020-06-26,23370000.0,17.9,26.1,21.922577676773955,4.6122517841708115,0.0,0.592993357184845,0.5255826543099721,0.4402459846951867
2020-06-27,17560000.0,18.5,27.8,23.4492370835429,2.9960181933517083,0.0,0.46277517422429393,0.4112289948550155,0.3817676843925248
2020-06-28,24740000.0,19.0,28.4,23.64341070433507,5.96210613502158,0.0,0.6897468425947184,0.6165373772564995,0.5120354661758741
2020-06-29,4360000.0,20.4,23.6,23.60081551920596,18.76028175417433,3.6700000000000004,0.3302492128237633,0.31767280441407364,0.215169855444107
2020-06-30,15700000.0,18.3,23.1,19.86351179697301,13.845734428016986,0.06,0.6143021014677401,0.5699535612185103,0.37698655540936
2020-07-01,23360000.0,17.5,26.4,20.131755438113647,5.632873366521393,0.0,0.6452063414883824,0.5778771715114178,0.49779379440095467
2020-07-02,12720000.0,19.4,25.9,21.68430436423802,4.549398255638957,0.15000000000000002,0.40788355478872945,0.37082373229549026,0.35117254535278863
2020-07-03,7000000.0,17.1,21.7,20.387112067887177,6.111757393430757,0.51,0.22558950911690379,0.20625056654308144,0.1787665252149558
2020-07-04,11120000.0,18.7,22.9,21.364559483620834,3.576665075979312,0.13999999999999999,0.3034789248771238,0.27201571288909887,0.24609220072828802
2020-07-05,12710000.0,20.4,24.5,22.34797009332508,5.043247408389239,0.1,0.3973706644880238,0.36045265064839993,0.3204112597376348
2020-07-06,8770000.0,20.6,24.9,25.22229653193795,6.045910839730719,0.29,0.27598313714096123,0.25039297819721484,0.21010948114950362
2020-07-07,22700000.0,19.8,28.2,24.327889877700297,4.9295124519982645,0.0,0.6247383038465323,0.5572757294438903,0.4741741613402823
2020-07-08,20850000.0,18.8,27.1,23.50976599639599,4.788840269093639,0.0,0.5546516382512321,0.49362987797231367,0.4183579828620904
2020-07-09,16480000.0,22.4,27.8,25.260985442235263,9.963780784882953,1.8800000000000001,0.6424336602512073,0.592702254015449,0.46863931531665487
2020-07-10,19080000.0,21.4,28.0,26.092156932737574,8.11109820577735,0.45,0.6062657443593111,0.5490022573650274,0.427820002537955
2020-07-11,16690000.000000002,21.5,27.4,24.446772829241723,6.551732093153736,0.0,0.5512744426567252,0.5013573412907397,0.4291951558076311
2020-07-12,3460000.0,19.9,23.4,22.82186379796277,17.392469252314463,9.340000000000002,0.3082776483044019,0.29835216292181727,0.2216115418682243
2020-07-13,6560000.0,20.4,25.0,24.02980221180854,12.612608058725373,2.45,0.3524811033304973,0.33335400790680736,0.2583982087969085
2020-07-14,9170000.0,19.5,22.0,21.84289997113953,9.865010954332897,0.45999999999999996,0.3266385482245611,0.3007141479683044,0.21969691580835776
2020-07-15,8050000.000000001,19.2,22.0,21.515499508895036,3.8699815424612973,0.29,0.2380234049945357,0.21532195046098304,0.1979558358115515
2020-07-16,18000000.0,18.4,25.5,22.145879439428736,3.2713765088245923,0.05,0.45424541546115227,0.4023650618830117,0.3593402326038275
2020-07-17,20720000.0,19.3,28.0,22.85140235334775,3.947800196834069,0.12,0.56714487176409,0.5058755358953628,0.4600715366483955
2020-07-18,13120000.0,21.9,25.3,23.292499199980263,12.450984699643461,0.47000000000000003,0.5965443099629454,0.5577763979593411,0.41199203188975553
2020-07-19,12810000.0,23.9,28.6,29.342824222372897,14.165988121012623,0.25,0.5676384043391296,0.5283913720396358,0.37144844624482365
2020-07-20,12050000.0,20.5,26.8,26.16525963005479,5.6209012658486595,2.0,0.3577472151184833,0.3221151930519696,0.2729659150678251
2020-07-21,11940000.0,22.8,27.1,27.193878949936472,3.4270138175701352,1.4000000000000001,0.3553999530353785,0.3194421838352205,0.29075980207801766
2020-07-22,5340000.0,20.8,24.6,25.442220176224854,4.489537752275287,2.0300000000000002,0.17676860243156642,0.16119868024216027,0.1564758810152102
2020-07-23,6020000.0,21.1,24.7,25.670360527620435,18.62559562160607,4.63,0.32446587411512956,0.3068603089819492,0.19124171799263057
2020-07-24,8250000.0,20.5,24.0,23.820593372779197,8.380470470913869,0.4,0.30613410153997395,0.2822443822405024,0.22832809004094307
2020-07-25,14860000.0,20.2,24.6,23.95578111573511,6.746278729085665,0.12,0.42349984185376577,0.3803699054166033,0.29448637811796885
2020-07-26,16800000.0,20.5,27.0,23.208481951794184,4.226151537475136,0.06999999999999999,0.489883014259337,0.44013334320232184,0.4023088742334394
2020-07-27,8070000.0,21.9,25.8,26.19188675227098,5.189905641630232,2.6,0.2743205051258279,0.2503885004951375,0.22690502296579088
2020-07-28,10220000.0,24.1,28.5,29.891452480984004,6.198555123308079,1.3,0.3637413373944455,0.33240942416046393,0.289605906945294
2020-07-29,7890000.0,23.5,26.6,30.131455242923007,6.165631846458061,2.27,0.24231642097501765,0.21852303868843373,0.1734280502924455
2020-07-30,8530000.0,23.1,27.0,29.364893805570034,4.54341220530259,1.0,0.26113722916610865,0.23541383868390836,0.2045283930660428
2020-07-31,15030000.0,23.1,29.6,29.490228584373618,4.079493304234145,0.09000000000000001,0.4492432625752,0.4031356456267887,0.35631153172694613
2020-08-01,19370000.0,25.2,29.6,30.44900906811714,9.736310872101006,0.11000000000000001,0.6901636533787749,0.6299594412829598,0.47062183623034065
2020-08-02,13980000.0,25.2,28.6,31.2091044785345,11.651846979738462,0.35000000000000003,0.5305011025969208,0.4873161132001365,0.34407387732219064
2020-08-03,14520000.0,24.4,29.8,30.685262856462565,9.54475726133726,0.0,0.5434710411093273,0.4985066800798833,0.39061726525867585
2020-08-04,18100000.0,25.9,30.4,31.489576792404378,11.187928078670016,0.05,0.7136382139396993,0.6568749257674708,0.48969243870636686
2020-08-05,16770000.0,25.5,29.6,31.489576792404378,16.503540777363952,1.9500000000000002,0.7267428661160003,0.6745249347787513,0.43354711228426324
2020-08-06,8380000.000000001,24.4,28.8,31.28679405513576,9.101789536446098,2.19,0.337938001920903,0.31214888935817736,0.25612587274852794
2020-08-07,4810000.0,24.9,26.7,30.88464247976916,12.837084946339138,4.86,0.23904864235446005,0.2243976058005483,0.17169346312035616
2020-08-08,6440000.0,25.2,27.5,31.00789844090435,13.447662080648577,3.74,0.3345819562480988,0.3148259314212346,0.233876121359832
2020-08-09,19230000.0,25.8,30.5,30.418640591237885,13.067547884289269,0.03,0.8218217143466704,0.7615146407802639,0.5561912147343944
2020-08-10,7150000.0,25.6,28.6,31.77224462238085,10.72400917760157,3.44,0.3490693754625932,0.3269278340465792,0.26665082539078944
2020-08-11,7360000.0,26.0,27.9,32.86828516369721,9.212531467668889,1.51,0.28632311540031685,0.2635735320360647,0.20440915998782533
2020-08-12,15580000.0,25.8,30.0,32.609368526179125,9.685429444241887,0.44000000000000006,0.5664479155358767,0.5177316054537707,0.38883700299640384
2020-08-13,21400000.0,26.1,30.8,32.28023124439301,11.505188746497469,0.13999999999999999,0.7941061222366412,0.7267586291606167,0.5194008442506854
2020-08-14,22240000.0,25.6,31.7,32.81960224575887,9.44299440561902,0.0,0.7707959835595948,0.7006434977343534,0.5263342916705638
2020-08-15,23840000.0,25.1,31.1,30.708210751539383,8.251770388681976,0.0,0.7959918612840666,0.721271318610179,0.563567460803555
2020-08-16,21120000.0,25.5,31.5,31.41925344751946,6.608599571349223,0.0,0.7009786457063163,0.6344739036486943,0.5264605249526879
2020-08-17,22130000.0,24.4,32.2,30.547889346148576,3.4180347420655854,0.0,0.6471912216072557,0.5776675967651628,0.5166047676056682
2020-08-18,23980000.0,22.6,32.0,29.342824222372897,3.4060626413928508,0.0,0.6650079569398402,0.5905661148231932,0.5255430451041379
2020-08-19,24630000.0,22.9,31.8,28.831959745164497,4.034597926711392,0.0,0.6997387320571256,0.6232324113351702,0.5506510141716587
2020-08-20,24210000.0,22.4,31.7,28.52200675511096,4.360837670043395,0.0,0.6896027435817182,0.6146774414140536,0.5422272679245277
2020-08-21,20750000.0,24.0,32.5,30.086327098796904,3.917869945152234,0.010000000000000002,0.6278105981315447,0.5626604085729879,0.5128357889363967
2020-08-22,12780000.0,22.5,29.3,28.428874441212706,4.351858594538845,0.09000000000000001,0.3948011803290653,0.3558229654408619,0.327944097597337
2020-08-23,19320000.0,23.0,30.3,28.044852472374608,3.4749022202610718,0.08000000000000002,0.5490600099512581,0.48956599094817593,0.44530158699719313
2020-08-24,22280000.0,24.7,31.9,29.335470911747016,8.239798288009244,0.05,0.7961479265559065,0.7261530615996558,0.6104893691665277
2020-08-25,21190000.0,26.5,32.1,28.745166924432482,12.430033523466179,0.08000000000000002,0.9986122943800512,0.931279450900052,0.7504870956044096
2020-08-26,12790000.0,25.5,29.1,30.18417937106662,23.950187395804566,2.18,0.8206978364641108,0.7809934511149901,0.4605311588977779
2020-08-27,13530000.0,25.5,29.9,32.40030976478233,7.787851487613531,1.4500000000000002,0.4740112544855951,0.4318058367030101,0.3479206833117685
2020-08-28,18570000.0,24.9,30.5,31.450491341226645,7.479569895290628,0.52,0.608239544709398,0.5503123748481561,0.43942623306359874
2020-08-29,11730000.0,23.9,29.1,31.139327762005237,4.866658923466411,1.21,0.356292461500309,0.32023950768964626,0.2757930300216035
2020-08-30,20030000.0,24.5,30.9,30.93851428108509,4.094458430075062,0.08000000000000002,0.5820702091777108,0.5195887222460644,0.44979590372147893
2020-08-31,17180000.0,22.5,31.6,28.68022204121786,4.860672873130044,0.97,0.5367627221396348,0.48359392035357623,0.4509167031501457
2020-09-01,14770000.0,24.6,30.5,29.320769114375086,7.21019763015411,0.22000000000000003,0.5521758107326277,0.50618542040161,0.45068613432074
2020-09-02,5300000.0,22.5,27.4,27.94603355187062,20.152038457379668,7.440000000000001,0.4154903888893444,0.39952923505677856,0.27341880489068016
2020-09-03,18640000.0,20.6,25.9,23.37678229653576,11.42138404178833,0.22999999999999998,0.6282661341061028,0.573468720332355,0.4159856688341191
2020-09-04,19560000.0,19.0,27.1,21.712550884280326,4.615244809338995,0.0,0.5247077114465253,0.4673759001089485,0.43426051315998826
2020-09-05,5450000.0,18.2,23.6,19.624256575788692,6.8540276351402705,0.37000000000000005,0.2905370028476645,0.2750912139246837,0.2779995162027134
2020-09-06,6480000.0,16.5,23.5,21.582882950304292,15.013014243608561,9.61,0.26587990793750055,0.24779018371217515,0.18171772519535026
2020-09-07,6160000.0,18.5,22.5,22.55167215941733,14.50419996501736,2.29,0.2400542014078723,0.22271163567742294,0.1486287362665073
2020-09-08,19970000.0,20.4,27.1,24.629204784274883,8.11109820577735,0.54,0.5756593167186416,0.5165223565395587,0.4071092881007917
2020-09-09,12850000.0,19.9,25.2,23.31053745921799,6.048903864898903,1.1300000000000001,0.37617951394290355,0.338797805039918,0.2957139429075456
2020-09-10,14230000.0,20.3,26.0,23.08891707003327,2.6338621480015014,0.1,0.3621452979746388,0.3203741059231109,0.30973146690912634
2020-09-11,6210000.0,18.6,23.8,22.34797009332508,5.866329329639708,2.95,0.21718793513723078,0.1995018509905882,0.19144416994803123
2020-09-12,19140000.0,18.3,26.0,22.025394027261033,5.294661522516655,0.08000000000000002,0.4839658602527569,0.4286274634390533,0.37712151923488496
2020-09-13,13310000.0,18.3,24.1,21.814505117176576,2.711680802374273,0.17,0.30972266805685633,0.27181577916928584,0.25809389328936305
2020-09-14,16780000.0,16.9,25.1,20.666944292432618,3.7891698629203425,0.06,0.39422376892092453,0.3465897067763967,0.3262971790105632
2020-09-15,15830000.0,20.9,26.3,22.904656025211597,5.150996314443846,0.1,0.4597037299908592,0.4129281166511446,0.38160991898375607
2020-09-16,7560000.0,20.2,24.8,24.47186542277136,5.237794044321168,0.24,0.23362231329486788,0.21164641797623127,0.19688997878652964
2020-09-17,4920000.0,17.6,23.5,20.51047219011438,3.525783648120192,1.25,0.17939444261168702,0.1655313304876491,0.18378765673703468
2020-09-18,10830000.0,14.2,23.2,17.232693746312176,5.516145384962235,0.03,0.3184548259810181,0.28890669891412346,0.29232852789756264
2020-09-19,18240000.0,14.9,24.5,18.299332444264923,5.399417403403079,0.0,0.43881220457887415,0.3881556092694352,0.3645388396331496
2020-09-20,19840000.0,12.4,23.9,16.185971855778764,5.339556900039408,0.020000000000000004,0.4461322450225704,0.3925460831551989,0.38097384590076555
2020-09-21,17080000.0,16.0,23.1,14.924721881698531,4.226151537475136,0.0,0.4435981142101312,0.39628683947338594,0.4116806321894869
2020-09-22,14060000.0,14.1,22.3,14.981791793480612,4.773875143252721,0.0,0.3778051867149309,0.3397950063357774,0.34961790133456216
2020-09-23,9940000.0,14.7,22.5,16.731362320785717,4.869651948634594,0.0,0.29674553314477115,0.2696749476919396,0.28063184067277736
2020-09-24,16180000.0,14.1,24.1,17.77084852253451,4.411719097902515,0.0,0.37017188707064574,0.32570818042213334,0.32457170146459524
2020-09-25,17750000.0,16.1,25.5,19.016985643209846,4.363830695211579,0.1,0.4252539520639885,0.37503164875576533,0.37207162449450043
2020-09-26,14710000.0,14.9,22.6,18.692286423670318,3.9627653226749864,0.05,0.3113613195315681,0.27119075241248275,0.2569378193104521
2020-09-27,17800000.0,13.1,24.1,16.722366883516663,4.830742621448209,0.0,0.40024068589025774,0.3517641847775412,0.3546700117901329
2020-09-28,18720000.0,13.0,23.5,15.96444890864597,3.44796499374742,0.0,0.3809814449219674,0.3303263448424682,0.343500881169326
2020-09-29,17170000.0,13.6,23.7,16.37925180565423,4.63619598551628,0.0,0.3920997883581742,0.34529641871094724,0.352247914451189
2020-09-30,16559999.999999998,14.4,23.6,16.930338567879577,5.62988034135321,0.0,0.40650429323360615,0.3610775777420482,0.3540025974475979
2020-10-01,13580000.0,14.6,22.9,18.158685062538137,4.6122517841708115,0.1,0.30844199965355756,0.2713572748760471,0.26632411152221175
2020-10-02,14710000.0,17.4,24.0,19.148242338438088,4.318935317688826,0.13999999999999999,0.3632569228335932,0.32170488289307275,0.3195760953490196
2020-10-03,14930000.0,18.2,25.0,19.93683379615865,3.025948445033543,0.25,0.3494284971606901,0.3066337714748352,0.3154603845192632
2020-10-04,4730000.0,10.6,20.7,14.534523851240921,9.167636090146136,0.12,0.2548760346077976,0.24271410004939908,0.2474978305542524
2020-10-05,17980000.0,10.3,19.0,9.777532978768729,10.691085900751549,0.0,0.6259116029325739,0.5806528105812273,0.48963468279495614
2020-10-06,18790000.0,11.6,19.1,9.856367541275501,7.772886361772613,0.0,0.5476940266387972,0.49968288949607215,0.47623445536401415
2020-10-07,17950000.0,11.1,21.6,11.834318320195635,4.860672873130044,0.0,0.4095833785898259,0.3627635817824106,0.3997805840737646
2020-10-08,18460000.0,10.1,23.4,11.551893489200369,6.707369401899279,0.0,0.5515070028029319,0.5029705713148102,0.49248566036234137
2020-10-09,18250000.0,10.8,22.5,12.35870680261235,5.05222648389379,0.0,0.4127444846322568,0.364855349924266,0.40682139558551916
2020-10-10,17700000.0,14.9,22.7,13.693881452063568,4.22016548713877,0.0,0.41290823235589746,0.36452872280234705,0.40371835590060856
2020-10-11,13040000.0,13.1,22.8,15.174787226056795,4.528447079461673,0.0,0.32020203229477884,0.285113515498229,0.31630780865857744
2020-10-12,15520000.0,12.0,22.2,12.65134032462402,9.077845335100632,0.0,0.5226666783515838,0.48157867253163333,0.4629442311609666
2020-10-13,14620000.0,10.1,19.1,7.939100449178708,9.029956932409693,0.0,0.6001632278767227,0.5634021189965246,0.5396198991980242
2020-10-14,13150000.0,10.4,20.0,8.264724859253153,9.06886625959608,0.0,0.6004954475970741,0.567001653814151,0.5532770259835186
2020-10-15,14570000.0,7.8,18.5,6.061850477300617,7.329918636881453,0.0,0.5366509916881809,0.5011893623708417,0.5335625756425234
2020-10-16,5520000.0,6.7,17.3,9.337615239590654,3.4599370944201544,0.0,0.1935035466727712,0.18043035868863705,0.23037014507278308
2020-10-17,16010000.000000002,7.4,20.6,10.86853409102312,5.800482775939671,0.0,0.38277426196858994,0.34304709470815314,0.35814878376642506
2020-10-18,16430000.0,7.6,20.2,9.724354957576251,6.228485374989914,0.0,0.41610338441694994,0.3754251796348266,0.40247527064842464
2020-10-19,13190000.0,7.0,20.5,10.779551674054137,5.812454876612405,0.0,0.3583575038612789,0.3258110961458571,0.34070892914523687
2020-10-20,16489999.999999998,11.1,21.9,11.104803977982618,4.11840263142053,0.0,0.35614804899651886,0.3130066154075601,0.3848239611231648
2020-10-21,3920000.0,10.8,18.6,14.880015210641748,3.54972784946566,1.51,0.1114515839225378,0.10157355345921008,0.12500944024171257
2020-10-22,9430000.0,10.1,19.4,9.967105752526608,12.112772855638724,0.0,0.5739850232278603,0.5501965819883141,0.47075869187139024
2020-10-23,12830000.0,10.8,14.4,7.299919968346476,14.432367360980955,0.0,0.7445288349117412,0.7137021098882743,0.5034067904818225
2020-10-24,15950000.0,5.1,14.6,8.042424032510706,8.188916860150124,0.0,0.3566217068726055,0.32085819794568676,0.3072374139004944
2020-10-25,13950000.0,5.3,18.5,10.067417727876771,7.422702417095142,0.0,0.34632371445241183,0.31336592514221323,0.31101312796267544
2020-10-26,14480000.0,5.5,19.3,10.200608038297363,6.14767369544896,0.0,0.3416362388379898,0.3070103579502684,0.3158821086176952
2020-10-27,14080000.0,11.1,20.3,11.847600887443171,4.271046914997889,0.0,0.29553089351142975,0.2592903177075422,0.3139240577798927
2020-10-28,10300000.0,5.8,19.9,8.647287755427739,7.973419048040909,0.0,0.4971278863117291,0.4722336419183989,0.4247283069602399
2020-10-29,13970000.0,4.1,16.9,6.506127100994935,7.270058133517781,0.0,0.4350906615365885,0.4032277750489238,0.40988924308512703
2020-10-30,15050000.0,7.6,18.0,8.194830763420905,5.2078637926393325,0.0,0.33280520017923776,0.29647329248824195,0.36365939798615965
2020-10-31,14310000.0,11.4,18.5,10.341241311403861,5.821433952116955,0.22999999999999998,0.3529258271523303,0.31667117533229483,0.3591798066098885
2020-11-01,1990000.0,11.4,16.2,14.415671778930072,3.6245534786702485,0.51,0.05966810604180155,0.05475222864129762,0.08960246715989106
2020-11-02,12750000.0,7.7,18.2,8.163668566513238,7.656158380213456,0.0,0.415444693975656,0.38455677140108346,0.4177448229735904
2020-11-03,11250000.0,5.1,11.6,5.689684112628439,11.448321268301981,0.0,0.49606166336867047,0.4718534246827851,0.3727403300903761
2020-11-04,14530000.0,1.4,12.0,5.053810818313079,7.680102581558925,0.0,0.3492992869095282,0.3195047349422745,0.33004011652961374
2020-11-05,11530000.0,7.2,16.1,6.4417794932125565,4.274039940166073,0.0,0.2862919324089826,0.2592182588636649,0.3385856972827753
2020-11-06,2440000.0,8.8,16.0,12.77150802249351,3.292327685001877,0.11000000000000001,0.07365373263387856,0.06781898474948353,0.1027273529797333
2020-11-07,11100000.0,6.8,19.9,11.396853729432232,6.82709040862662,0.0,0.2895680403329724,0.26242705952623235,0.2904274132325261
2020-11-08,13470000.0,4.4,16.6,6.223793989357027,11.78653311230672,0.0,0.5832189381324508,0.5524964555992483,0.4801842218890985
2020-11-09,13840000.0,5.2,12.6,5.6636440066366855,7.530451323149747,0.0,0.37043259484499924,0.3401895668738024,0.3535215756658532
2020-11-10,13530000.0,2.0,14.2,5.715830080295424,7.6382002292043545,0.0,0.35289288418462167,0.32398451694513397,0.35026010745020403
2020-11-11,13280000.0,2.5,16.5,6.563143264652357,5.3904383278985275,0.0,0.33063784978756944,0.30113899469992833,0.3288111960098801
2020-11-12,13190000.0,3.3,18.0,7.519599354659025,4.462600525761634,0.0,0.3017045535817693,0.2715039743227657,0.30846903929149944
2020-11-13,13000000.0,3.7,18.8,8.644770400928207,6.25841562667175,0.0,0.3619895028079448,0.3317665393873723,0.329726503724786
2020-11-14,12820000.0,6.8,19.6,9.5994221563741,6.204541173644447,0.0,0.32225469604355017,0.2910162355165349,0.3449586522388995
2020-11-15,10130000.0,6.4,18.8,9.86484721955462,4.845707747289127,0.0,0.23064033853219432,0.2063009211909848,0.2739723366144057
2020-11-16,12380000.0,11.3,21.0,10.288305033227113,8.164972658804656,0.0,0.442473062833123,0.4103122461777186,0.46127738278530217
2020-11-17,8720000.0,16.4,21.7,16.570092061815586,11.825442439493107,0.03,0.4126743418411631,0.38873258598686194,0.3452035682139614
2020-11-18,6130000.0,18.5,23.0,20.20594354033756,16.50653380253214,0.96,0.407947473249253,0.3906174216057575,0.2947178066492798
2020-11-19,2730000.0,9.1,19.9,12.814159058167135,13.486571407834964,2.6500000000000004,0.3296607169543087,0.32281125095972096,0.2956233179946486
2020-11-20,4400000.0,2.0,9.8,7.09015182315884,12.370173020102508,0.0,0.24355721139501368,0.23475338723943903,0.18127763962182847
2020-11-21,11340000.0,5.2,14.4,9.383513121115552,7.596297876849786,0.17,0.20580266929724655,0.18040965280515978,0.20476701652520268
2020-11-22,2630000.0,6.2,11.2,7.68589882986073,13.13040141282112,0.11000000000000001,0.35991713185990126,0.35420190443071153,0.2559910012459818
2020-11-23,7640000.0,3.2,8.6,5.480929707227271,9.56271541234636,0.0,0.3155000894334271,0.3002134493087475,0.25851324896467925
2020-11-24,11660000.0,1.0,10.9,4.535481166793619,6.982727717372163,0.0,0.2906265584390612,0.26726010677930306,0.3033413187331259
2020-11-25,11550000.0,5.0,12.4,6.397264434919061,7.162309227463174,0.0,0.28773029888975754,0.2626311061874222,0.2929527585802349
2020-11-26,10190000.0,6.1,12.8,6.563143264652357,6.620571672021956,0.0,0.28387220276015457,0.2612677118087666,0.2983836326132826
2020-11-27,6130000.0,5.1,11.2,5.511296817648177,15.192595753699573,0.0,0.5989608918056575,0.5858447622289625,0.3904024420165538
2020-11-28,5610000.0,3.7,6.1,4.823642421709419,11.520153872338385,0.0,0.37646485351094977,0.3655907301098497,0.26718963876808766
2020-11-29,5290000.0,1.8,7.4,5.507915358318107,6.521801841471901,0.0,0.1911028832634989,0.18094864981244146,0.18612795197730897
2020-11-30,8470000.0,-1.4,8.2,4.66955807828269,8.19490291048649,0.0,0.24077575602516546,0.22515765800576984,0.2264667971482936
2020-12-01,11210000.0,-0.5,9.4,2.8467393672061516,7.305974435535983,0.0,0.33956771795801327,0.3181556316194546,0.3475624350808574
2020-12-02,10670000.0,-0.8,10.1,3.4404550392632127,7.458618719113343,0.0,0.32028485612283386,0.2997701216921063,0.32981836963592215
2020-12-03,8250000.0,-0.6,7.8,4.484503500738098,8.53311475449123,0.0,0.26568888214370945,0.25037232870292214,0.24002897688855923
2020-12-04,7940000.0,-1.6,7.2,4.70178417760117,6.782195031103867,0.0,0.1868485452542435,0.17250866085846317,0.1900869757938362
2020-12-05,10300000.0,-1.3,9.1,5.0931032833608185,5.734636222239633,0.0,0.16899979577799668,0.14968248082267568,0.19699920269366783
2020-12-06,11080000.0,-0.9,10.1,5.462445005059937,5.737629247407816,0.0,0.16809724737365803,0.14682902305650947,0.20169119242860173
2020-12-07,6580000.0,2.5,11.6,6.331957594643724,5.863336304471525,0.010000000000000002,0.19825668398818108,0.18462172376377786,0.22374056350994959
2020-12-08,6880000.0,-4.3,6.7,4.535481166793619,5.914217732330644,0.0,0.13810834536340647,0.12637894048251266,0.157059063680445
2020-12-09,11200000.0,0.1,9.1,3.2567348625206263,4.648168086189014,0.0,0.21179757924389606,0.1902990131471394,0.267970067567101
2020-12-10,5180000.0,1.2,11.0,5.952347303331017,4.3368934686979275,0.0,0.15269123013394362,0.1422622283139961,0.19062140613895986
2020-12-11,5480000.0,4.0,11.5,7.929765739466704,5.432340680253097,0.0,0.14112714477919552,0.12953576129095523,0.1603567399008397
2020-12-12,10990000.0,0.2,9.5,4.404826944655803,7.030616120063099,0.0,0.25311097678909056,0.23184301929245588,0.26847836039680706
2020-12-13,7530000.0,-2.8,12.6,4.542601858939812,14.812481557340263,0.06999999999999999,0.7383247580697349,0.7237290095474027,0.3781474352547104
2020-12-14,3730000.0,-5.2,-1.1,2.88746966063967,9.17960819081887,0.13999999999999999,0.19651427852758171,0.19117066533873264,0.14457472995574822
2020-12-15,9290000.0,-5.8,-0.1,2.74394974517805,6.267394702176301,0.020000000000000004,0.15076192940610822,0.1373385414041402,0.14559093553564806
2020-12-16,9020000.0,-4.2,1.8,3.11425313896873,8.32958904305475,0.0,0.20891698070694625,0.19490227866944504,0.1769939626876727
2020-12-17,8500000.0,-2.2,3.8,3.946281788467599,4.525454054293489,0.0,0.12624346104664633,0.11196702301753744,0.14581812755133003
2020-12-18,6600000.0,-3.2,7.6,4.218433282318688,11.322614211238275,0.0,0.3015260831493425,0.28985666786832487,0.2409127610512624
2020-12-19,11410000.0,-2.3,1.8,2.602460588831415,9.287357096873476,0.0,0.29272298748150954,0.2743144152704214,0.23461297337860315
2020-12-20,8000000.0,-2.7,5.1,3.6426831279461216,5.378466227225793,0.0,0.16635611815278614,0.15271727526802592,0.18363160237555012
2020-12-21,8530000.0,0.6,7.2,4.342813353062744,5.824426977285138,0.0,0.2012849885094866,0.1852872509785266,0.21766400598166208
2020-12-22,8790000.0,-1.1,8.5,5.399012502776998,5.983057311198866,0.020000000000000004,0.15210754528407114,0.1357330121218185,0.1736778843035372
2020-12-23,7310000.0,0.3,9.9,6.4417794932125565,3.376132389711016,0.0,0.09636571301191368,0.0821047570218157,0.13237868671704142
2020-12-24,10290000.0,1.5,9.8,4.654974654892935,12.265417139216083,0.0,0.430565865765648,0.4101373535296628,0.32901243048727513
2020-12-25,5730000.0,-1.6,6.1,4.042920725437184,6.982727717372163,0.0,0.21355596815384992,0.2034066744617486,0.2067764776496038
2020-12-26,10510000.0,0.6,8.9,5.121561099198694,4.728979765729969,0.0,0.15621373127045168,0.1359406303187957,0.19317481371274195
2020-12-27,2060000.0,-0.4,8.2,7.06483539186874,7.132378975781339,1.09,0.07941231160909054,0.07554884861802634,0.0927291467139856
2020-12-28,10830000.0,0.4,12.4,7.439851628125683,4.306963217016092,0.0,0.10759025153056512,0.08558411250731172,0.15251514768556976
2020-12-29,5500000.0,-3.7,10.9,5.293651362920465,14.923223488563055,0.47000000000000003,0.46359125632280485,0.45338022069561335,0.26438869506625007
2020-12-30,7910000.0,-10.5,-2.5,2.533756312332876,13.22917124337118,0.06,0.18335832244656342,0.173622449039735,0.11316593469536237
2020-12-31,9220000.0,-7.2,-1.3,3.5972400799858533,5.986050336367049,0.020000000000000004,0.07305270583217244,0.06046450472343652,0.0719034994126615
2021-01-01,6060000.0,-3.6,1.9,4.55830226347721,4.315942292520642,0.04000000000000001,0.07382257334155201,0.0642740117819174,0.08218079005114523
2021-01-02,8820000.0,-5.4,1.5,3.5534469792303276,7.515486197308831,0.0,0.14588456841544836,0.13259361267229602,0.13118274602678637
2021-01-03,9440000.0,-4.3,2.0,3.513530611708262,5.22282891848025,0.0,0.12696793164553385,0.11227110871211117,0.13551520163552572
2021-01-04,9400000.0,-1.3,6.7,5.139021207904129,4.663133212029932,0.05,0.12077986152115858,0.10386259034194172,0.14312015104283898
2021-01-05,6160000.0,-4.2,1.8,3.2282049477009567,10.37681825809228,0.03,0.24957460295929867,0.24000358693368812,0.18056298423989392
2021-01-06,6060000.0,-7.0,-0.1,3.3621789778472997,8.745619541432259,0.15000000000000002,0.13743854631635224,0.12890585687451175,0.10983483251202678
2021-01-07,10140000.0,-15.1,-6.4,1.5701899145044407,9.221510543173439,0.05,0.13426315264971428,0.12420204701424557,0.0999268207479703
2021-01-08,12220000.0,-16.1,-7.2,1.5874476841655605,6.132708569608042,0.0,0.08438327176491178,0.07283753457892571,0.07914985894529661
2021-01-09,11580000.0,-11.2,-3.2,2.385843501146239,5.534103535971337,0.0,0.09218412977188997,0.07840373489964846,0.0927561617119348
2021-01-10,5960000.0,-6.0,0.8,3.600717746541674,5.043247408389239,0.010000000000000002,0.09839915407874521,0.08965847358610776,0.10173017742889794
2021-01-11,5470000.0,-5.9,0.8,3.650893287584233,2.7805203812424946,0.020000000000000004,0.06846873624504234,0.0604297348571526,0.0834135837110174
2021-01-12,7830000.0,-3.6,3.4,4.787690310729528,5.288675472180288,0.020000000000000004,0.0935596876869084,0.08085305095733948,0.09779968259767646
2021-01-13,11660000.0,-1.3,11.2,6.508085864457122,8.066202828254598,0.0,0.19103770921286573,0.16840002932914322,0.19300473278909158
2021-01-14,11260000.0,1.5,13.0,7.356484408667443,7.458618719113343,0.0,0.2034143200119391,0.179942748805399,0.21874388120827054
2021-01-15,9170000.0,-0.1,15.4,7.548582044885483,13.555410986703183,0.03,0.4795176292632788,0.46017729697603266,0.2993632046981548
2021-01-16,6890000.0,-3.0,2.3,3.318779868509582,14.363527782112735,0.0,0.3655516469597083,0.35447886379159227,0.21217494950948032
2021-01-17,7640000.0,-2.7,2.0,3.76757255583749,7.653165355045273,0.25,0.1851489814944552,0.17287088811210302,0.15503245879671593
2021-01-18,7440000.0,-6.3,6.8,3.6591198667754514,14.01035081226708,0.12,0.3995409423261843,0.3873031114033364,0.2436995484952372
2021-01-19,12860000.0,-4.7,2.7,2.244143038664858,6.246443525999015,0.0,0.22979966177219802,0.20965750393667132,0.22352162175191057
2021-01-20,12430000.0,0.4,10.4,5.997759184852511,7.40474426608604,0.0,0.2215241842189596,0.197041316222514,0.21949762414632615
2021-01-21,4059999.9999999995,6.5,12.1,9.696469002936732,7.928523670518157,0.66,0.1563593172500466,0.14738957900074923,0.14360165051185086
2021-01-22,2660000.0,6.2,11.4,10.288305033227113,4.23812363814787,0.17,0.06935547444375943,0.06355895162216327,0.07985253564143849
2021-01-23,2920000.0,2.5,11.6,9.870503907955394,5.133038163434745,0.77,0.044444813788733446,0.0383940411663539,0.05729455873598334
2021-01-24,12440000.0,0.8,13.4,7.3368607709419615,4.471579601266186,0.0,0.16777693550953418,0.14196062257530562,0.19542020399744514
2021-01-25,12360000.0,3.9,13.3,7.356484408667443,6.069855041076187,0.12,0.23295928542269725,0.2061748063183031,0.2463502845113991
2021-01-26,3790000.0,1.2,8.9,7.424432130802796,11.247788582033685,0.51,0.15540982368417675,0.14802784977522362,0.1219444605707822
2021-01-27,13020000.0,-1.4,8.7,3.4382281226823697,8.290679715868363,0.0,0.349986740987838,0.32577337054823574,0.3164238890879464
2021-01-28,9650000.0,-3.0,8.1,3.4785090743373104,18.24847445041495,0.09000000000000001,0.6177652755144035,0.6004895905510624,0.3434293837734651
2021-01-29,8150000.0,-5.7,1.8,3.0979796068243908,9.844059778155613,0.0,0.2423792863573227,0.23009796103910363,0.17631496926633455
2021-01-30,9920000.0,-2.5,9.6,5.710592400065092,8.230819212504693,0.0,0.20489912690904438,0.1865134238139815,0.1933405784449127
2021-01-31,7650000.0,4.2,10.8,8.567052247711969,9.065873234427896,0.9800000000000001,0.18078290595985053,0.16471880478278528,0.14802526510088035
2021-02-01,4590000.0,-2.3,11.0,6.755049549400373,11.903261093865877,0.010000000000000002,0.22217205633060302,0.21343361615082573,0.17628833618744985
2021-02-02,11440000.0,-4.3,1.1,2.9509941506415207,12.5168312533435,0.0,0.3341774496248614,0.31668876933836165,0.20213009664962112
2021-02-03,14400000.0,-2.5,4.8,4.384069098691924,7.874649217490854,0.11000000000000001,0.22130116311856093,0.19679675484643938,0.1789300814624418
2021-02-04,14840000.0,-3.8,4.2,3.2114032957810754,7.665137455718007,0.0,0.266961503653738,0.2425984205542781,0.22274587548821315
2021-02-05,7330000.0,-0.4,7.2,4.450801126984271,5.309626648357573,0.0,0.20535487228915666,0.19183885593943176,0.20697873799319208
2021-02-06,12650000.0,3.2,12.2,8.84564423081917,7.168295277799541,0.010000000000000002,0.181714678148578,0.15499594833756977,0.15874937672071915
2021-02-07,12670000.0,-2.2,12.4,5.3807725510571585,10.143362294973963,0.0,0.4502432537471671,0.42552556395311225,0.30616918401480747
2021-02-08,15230000.0,-3.5,2.5,3.0137769106281196,12.103793780134172,0.0,0.3779735048093995,0.35364131553004224,0.23414349589219272
2021-02-09,15240000.0,-3.5,6.4,3.9074553936916585,5.468256982271299,0.0,0.21683945716127168,0.19061659140481044,0.20899158187758454
2021-02-10,15000000.0,-1.2,9.4,5.5503158399015575,5.387445302730344,0.0,0.20836712371114366,0.1800461317326256,0.20375925756454483
2021-02-11,10540000.0,1.3,12.6,6.095046924324923,3.684413982033919,0.0,0.19571420430152314,0.17393845740185615,0.22511559222848346
2021-02-12,10690000.0,2.8,14.4,5.912636657712008,4.232137587811504,0.0,0.25119788865184395,0.22803234806721825,0.289661554951628
2021-02-13,15220000.0,4.6,17.6,6.488521661947797,3.947800196834069,0.0,0.32096347065936087,0.2857127475970235,0.3501504993518177
2021-02-14,7930000.0,6.4,17.1,8.66997305069988,4.651161111357197,0.09000000000000001,0.24728595444822005,0.22861954334056933,0.28118442271437
2021-02-15,6480000.0,-3.5,6.8,3.9538359780513463,16.509526827700324,0.010000000000000002,0.4601562569501166,0.4489244229431745,0.26437932583432744
2021-02-16,12450000.0,-4.6,5.7,3.5021992939995474,13.720027370953275,0.11000000000000001,0.41423444977332896,0.39352018735520644,0.2561591425018191
2021-02-17,12300000.0,-4.9,-0.6,2.66393117442859,18.233509324574033,0.13,0.4614217821534538,0.44349725430898534,0.20380526893949052
2021-02-18,5460000.0,-3.5,0.8,3.6450272140327944,11.729665634111232,0.020000000000000004,0.2508548831853292,0.24242272582911784,0.15329975919587818
2021-02-19,16830000.0,0.2,9.7,6.748978250458914,11.247788582033685,0.0,0.29274818048826573,0.26007303876930776,0.1967370392886693
2021-02-20,16540000.0,7.1,15.5,9.254428219654715,10.158327420814881,0.0,0.4221973853906735,0.3836962363980725,0.32292838780129307
2021-02-21,16930000.0,8.9,20.4,10.110680052737015,12.612608058725373,0.0,0.6378410509699675,0.5952252915423646,0.5039859329337287
2021-02-22,16800000.0,-1.2,18.1,5.47084029226776,12.462956800316196,0.0,0.9085923160753125,0.8723392062059524,0.534261374502593
2021-02-23,14430000.0,-2.0,8.1,3.034634621320765,9.224503568341623,0.0,0.4426763551078275,0.416387366921804,0.3462156214491922
2021-02-24,9850000.0,1.4,11.2,3.6697210695726,4.124388681756897,0.0,0.28206569624283323,0.2621120311689225,0.3089959508129363
2021-02-25,4179999.9999999995,5.3,8.9,8.406092439146944,7.443653593272425,1.7000000000000002,0.15362190665344452,0.14494729346493365,0.12530009495026032
2021-02-26,14520000.0,3.5,15.3,6.169392916353908,8.3206099675502,0.0,0.45159540263806086,0.4194292271394132,0.40483740352572967
2021-02-27,15920000.0,5.8,12.6,5.679255387536219,12.127737981479642,0.0,0.6256954811285944,0.5906192508681667,0.4366596822793225
2021-02-28,6090000.0,8.9,13.2,9.470448744746651,10.161320445983067,0.39,0.3290417828891065,0.3149546824116138,0.25418944091408424
2021-03-01,2800000.0,2.7,16.1,9.91586037374185,14.255778876058129,2.89,0.259002217964752,0.2527993742046821,0.21335915535234568
2021-03-02,14370000.0,-2.3,8.1,5.4256410252766045,8.826431220973214,0.0,0.2697888440703968,0.243745362632262,0.20088893673674169
2021-03-03,14460000.0,4.0,10.8,5.777251105009077,6.0339387390579855,0.0,0.33655301627874246,0.3062775674379837,0.29670134244773405
2021-03-04,3360000.0,3.2,9.0,9.092642637571226,6.330248230708155,1.4800000000000002,0.06150775499596638,0.05474299705870311,0.05686397336790254
2021-03-05,18300000.0,3.8,18.1,8.552081401442496,6.695397301226544,0.0,0.4600618605111554,0.4178383969108549,0.36884297672989474
2021-03-06,15700000.0,5.1,16.8,7.825415683122305,7.288016284526883,0.04000000000000001,0.41896317025977153,0.3827386687010437,0.380607191166214
2021-03-07,7260000.0,3.8,11.0,7.869325847747509,4.23812363814787,0.0,0.17072824513613144,0.1555277085812276,0.16478834963516473
2021-03-08,17550000.0,1.5,14.6,7.431037028535613,3.944807171665886,0.0,0.29003870198964415,0.2525947061344849,0.2654445710554872
2021-03-09,16970000.0,1.0,12.7,5.3313041183685534,6.57268326933102,0.0,0.38268234521784683,0.3477269955242638,0.3409990946005683
2021-03-10,19990000.0,2.7,17.3,6.865161196755062,5.4832221081122166,0.0,0.4838873735776631,0.4388866278864184,0.39679749327020364
2021-03-11,15330000.0,7.8,16.6,8.94631844740519,7.150337126790441,1.4100000000000001,0.4200354674344971,0.38355265094951335,0.36276677473268093
2021-03-12,4850000.0,2.5,10.7,9.394341471719441,7.7369700597544115,0.51,0.08997763347588286,0.0800624781757759,0.07326734940558965
2021-03-13,17040000.0,2.9,15.4,7.939100449178708,5.36649412655306,0.0,0.33537445083766937,0.29788183975218924,0.29721271048765174
2021-03-14,19420000.0,2.0,14.8,7.913453300230101,5.863336304471525,0.0,0.351772533361502,0.3099246815183803,0.28865365135178955
2021-03-15,16090000.0,8.9,17.0,10.908632186324397,7.5753467006725,0.67,0.3950281045028068,0.35604875750477766,0.31262185216484567
2021-03-16,19100000.0,0.5,14.1,5.88748840930516,9.287357096873476,0.0,0.5523737832947003,0.5125008750286902,0.3811843504825388
2021-03-17,19590000.0,2.7,16.3,6.970608366736929,4.007660700197739,0.0,0.384932941995975,0.3414176881430466,0.3439140485445487
2021-03-18,20580000.0,5.6,19.0,8.969693899040195,4.684084388207216,0.0,0.4412548259674643,0.3921598769063012,0.3859954144019552
2021-03-19,16590000.0,9.2,17.5,9.41060464448227,7.401751240917855,1.02,0.4787908692756577,0.4382261060699085,0.40296752761406307
2021-03-20,4760000.0,5.2,12.1,9.040143634337982,10.52048346616509,0.13,0.23738499161023188,0.22705550311851472,0.1782035695138054
2021-03-21,17520000.0,3.0,10.5,5.210998946940062,15.659507679936201,0.0,0.7018651671240244,0.6658852506766743,0.38981423795669073
2021-03-22,20860000.0,1.7,10.8,6.282415423036201,10.146355320142149,0.0,0.4547828783993819,0.4125904682686309,0.29635364394886354
2021-03-23,21680000.0,3.5,15.4,7.878597749718114,7.82077476446355,0.0,0.4568968320776189,0.40880405839498,0.3545387890040065
2021-03-24,13960000.0,4.7,16.1,8.597063291195061,4.836728671784575,0.0,0.3135698130984571,0.2818122526251122,0.2930008691538573
2021-03-25,21810000.0,3.6,19.5,9.105809304062516,4.094458430075062,0.0,0.46326618768129063,0.4121804950829496,0.37481509484201536
2021-03-26,20820000.0,7.6,21.9,8.524694762141744,8.500191477641211,0.0,0.8097432156341023,0.7572219699705444,0.5997477338996612
2021-03-27,3890000.0,9.4,16.0,13.987150056697876,13.977427535417059,2.5300000000000002,0.12770885219354794,0.11834018097244374,0.09249272194685576
2021-03-28,19980000.0,7.9,14.6,11.095392544711085,8.850375422318681,0.0,0.39091745191169675,0.3444670819776169,0.24268231665813764
2021-03-29,21920000.0,5.1,17.3,7.867009377352044,6.539759992481001,0.0,0.5058758064262041,0.45497922510257743,0.4227731871588022
2021-03-30,20780000.0,3.3,19.3,7.077483609979974,6.836069484131171,0.0,0.7007012798225893,0.6523304287907725,0.4942632057854269
2021-03-31,20430000.0,11.1,21.1,8.938538573195219,6.737299653581114,0.010000000000000002,0.6308289412484374,0.5778097984018902,0.5718780627321234
2021-04-01,9450000.0,13.2,18.8,6.90427957095199,14.115106693153503,0.0,1.0052464951152478,0.9807722646421725,0.7347969505354486
2021-04-02,13720000.0,15.0,21.7,12.403602323705691,13.836755352512434,0.65,0.8211071496693885,0.7839130380260191,0.5947273548985355
2021-04-03,4300000.0,9.7,17.4,14.734523365682799,11.484237570320182,2.27,0.13397296694468439,0.12341069474896302,0.1074665529280261
2021-04-04,6380000.0,5.4,14.9,10.60652224593615,7.623235103363436,0.15000000000000002,0.19794399803724755,0.18352468891715973,0.1708153220252691
2021-04-05,23330000.0,5.4,17.8,7.3892934681275175,5.088142785911992,0.0,0.513447614106664,0.458733918148575,0.4466163994112063
2021-04-06,21220000.0,5.2,18.5,7.647410372092648,6.809132257617518,0.0,0.5974048432681942,0.5473324569884859,0.4734408459869083
2021-04-07,22570000.0,6.2,20.8,8.127842128500435,6.054889915235271,0.0,0.6766335501334244,0.6212570544557787,0.5273551057919408
2021-04-08,23230000.0,3.3,17.3,6.210624013948177,7.695067707399842,0.0,0.700577570681481,0.6478692400336472,0.5027981813699911
2021-04-09,21620000.0,6.7,19.4,7.395870760807439,6.56370419382647,0.05,0.6259197798324801,0.5734213069768259,0.5291715323607104
2021-04-10,21420000.0,6.3,19.0,8.11117064671155,5.755587398416918,0.0,0.5491505923715552,0.49762362569546725,0.46716782055621503
2021-04-11,23330000.0,11.6,20.6,7.020723698421551,10.858695310169827,0.22000000000000003,0.9736001065923497,0.9130549963324406,0.7588850376698987
2021-04-12,2880000.0,10.8,15.9,13.84173783184292,14.366520807280917,2.68,0.17259338614053354,0.16555140193121723,0.13102771791442733
2021-04-13,19920000.0,5.6,15.1,7.273943082747143,14.13007181899442,0.0,0.7412996824921659,0.6960426783070319,0.45308363627396575
2021-04-14,24540000.0,2.2,14.4,5.858863432657203,7.904579469172689,0.0,0.5800317715093775,0.5273001991454771,0.4326209015807786
2021-04-15,19670000.0,8.4,17.8,7.06483539186874,6.47092041361278,0.17,0.5888095034270209,0.5409905622707043,0.5133749674491977
2021-04-16,16100000.000000002,6.3,18.6,10.99855132568931,6.228485374989914,0.0,0.3843857306122128,0.3458399445494004,0.3172358049300421
2021-04-17,21000000.0,7.6,14.9,6.17500104996632,15.261435332567792,0.0,0.9563740425552831,0.9075523324143584,0.5668520410160554
2021-04-18,25070000.0,3.3,14.9,7.448675457348599,9.640534066719134,0.0,0.5836128058771909,0.5285275374734656,0.39408490562474113
2021-04-19,25320000.0,4.6,18.8,8.113550438311245,5.971085210526131,0.0,0.6282188860093318,0.5686914710722322,0.4697429786656854
2021-04-20,24480000.0,9.1,23.9,7.786311072730649,5.444312780925832,0.0,0.820742811254866,0.7566977964423911,0.6668371307937442
2021-04-21,14390000.0,14.0,23.7,7.932098508455835,6.372150583062724,0.020000000000000004,0.6851328654649058,0.6457650776665653,0.6931691914146967
2021-04-22,8020000.0,15.7,22.5,8.049511830476156,10.849716234665276,0.1,0.9009067725486253,0.8788672838390411,0.7964377572386557
2021-04-23,16200000.0,14.6,24.1,7.282592960529845,13.330934099089419,0.0,1.2206637691083626,1.1759473235091136,0.9711912983899238
2021-04-24,21510000.0,11.1,26.0,9.238403165812459,6.426025036090027,0.0,0.9088530672366579,0.8503262075143395,0.7273870957193376
2021-04-25,20320000.0,11.4,26.5,10.26485449419829,7.150337126790441,0.020000000000000004,0.9422412320484888,0.8865501926057607,0.7293721326387578
2021-04-26,23570000.0,11.3,21.3,7.941435641121034,9.484896757973589,0.0,0.8889281600334696,0.8275114647393865,0.7155380423196895
2021-04-27,10870000.0,12.1,19.5,11.587683661241567,6.650501923703791,0.0,0.43443036451000216,0.40639405510757853,0.3877554952424583
2021-04-28,21460000.0,12.6,24.0,8.682598654479683,5.695726895053248,0.06999999999999999,0.7043417373351156,0.6462186234097562,0.6775984619122826
2021-04-29,25740000.0,11.8,22.0,9.91018079412122,13.812811151166967,0.19,1.0675594721327866,0.9996812289812448,0.7243331494575032
2021-04-30,24290000.0,8.9,18.4,8.672496875537025,10.06255061543301,1.25,0.7651297869281238,0.7053295076417934,0.5453645050313588
2021-05-01,16320000.0,8.4,14.3,8.75869330500883,13.043603682943802,0.05,0.6253263780302561,0.5872897776046858,0.38009418146146845
2021-05-02,20490000.0,6.2,17.6,9.211749086303753,7.943488796359073,0.0,0.5372419648614929,0.488832996906943,0.40801945966826186
2021-05-03,25140000.0,13.6,21.9,11.403276978496269,8.009335350059112,0.0,0.7815178477039295,0.7141248845893409,0.6138063128794223
2021-05-04,7470000.0,10.3,20.1,15.754123264518341,14.50419996501736,1.75,0.26833917541813634,0.24931266290418694,0.18833926271355733
2021-05-05,26870000.0,6.6,20.0,8.440533507559193,7.1443510764540745,0.0,0.7460937106982983,0.6804684600397926,0.551879619485241
2021-05-06,23630000.0,14.2,23.0,8.099280923789077,9.32327339889168,0.0,0.9874990580784166,0.9231451411518158,0.8256424429885559
2021-05-07,20420000.0,7.8,22.4,10.122244289324472,9.634548016382766,0.0,0.8578931848484928,0.8059926828228925,0.5792716017937366
2021-05-08,26400000.0,8.0,23.2,10.435942671904902,9.260419870359824,0.0,0.9690093962133496,0.9011994271544541,0.6272793168705638
2021-05-09,25840000.0,12.4,24.0,7.47520240580001,6.545746042817368,0.020000000000000004,0.8477808593512742,0.7779243116274248,0.7824194310049839
2021-05-10,16180000.0,15.4,23.3,9.418745530709861,12.917896625880093,0.0,1.0857514872710161,1.041090247160161,0.8399632888065074
2021-05-11,20520000.0,16.5,24.2,10.058784854276741,16.722031614641352,0.0,1.403897072013717,1.3462713952562169,0.9563237411882287
2021-05-12,23090000.0,15.1,28.8,14.718434962555547,6.222499324653548,0.03,0.8455270105298643,0.7789760458565718,0.710392021942102
2021-05-13,24390000.0,15.8,29.3,14.614235769608616,5.007331106371037,0.0,0.8105679722930157,0.7396154524374655,0.7085919150988589
2021-05-14,17900000.0,18.4,28.1,18.722053778883883,10.694078925919735,1.7300000000000002,0.810009270014987,0.7573872900498538,0.6568269968209194
2021-05-15,10740000.0,19.0,24.9,23.226463303336768,10.727002202769752,2.9800000000000004,0.38959922373659306,0.35864394610163586,0.2703619682396738
2021-05-16,5030000.0,15.0,22.7,19.93683379615865,11.4632863941429,2.19,0.21531160675906263,0.20155066356061563,0.17651999530644683
2021-05-17,9810000.0,11.8,18.6,15.006308911627539,5.878301430312442,0.08000000000000002,0.2643923178839058,0.2394056930161891,0.2067871955119283
2021-05-18,20240000.0,12.4,22.9,15.154152597042229,4.606265733834444,0.0,0.49571820239118686,0.44156361938171684,0.4069989994089724
2021-05-19,23880000.0,16.7,26.7,15.453680294342437,5.839392103126056,0.27999999999999997,0.7387570907934564,0.6701996804896095,0.6402522580649558
2021-05-20,5710000.0,13.9,18.7,16.547801596716486,9.410071128769001,1.09,0.22392490323432424,0.20904627234212164,0.1671604494115148
2021-05-21,22790000.0,12.1,19.4,14.23118581060978,9.616589865373665,0.1,0.5869265295700832,0.528206443256531,0.3660072750390615
2021-05-22,26900000.0,11.4,24.6,14.534523851240921,6.027952688721619,0.0,0.705261929961308,0.6328105014340678,0.5364178760416345
2021-05-23,22140000.0,16.5,28.3,17.28354387609431,4.558377331143508,0.04000000000000001,0.6496034083387644,0.5853438664330595,0.5839825074739289
2021-05-24,24060000.0,11.4,23.2,13.66372402811236,7.847711990977201,0.0,0.6741562555488351,0.6102114560713748,0.5175483681887304
2021-05-25,23460000.0,12.6,21.9,13.225630160821535,9.338238524732597,0.12,0.7253486522802933,0.6630587781591223,0.5220177571566691
2021-05-26,11640000.0,14.9,22.8,12.725443599826235,9.074852309932446,0.16000000000000003,0.636922445756275,0.605078036446151,0.5507121004028416
2021-05-27,17220000.0,12.6,21.3,14.83542614864534,9.502854908982691,0.04000000000000001,0.5414454020476426,0.49599037324257955,0.3853125165948499
2021-05-28,19520000.0,13.4,24.5,16.142324679094994,12.20256361068423,0.6400000000000001,0.713167587107629,0.6596691082728822,0.5050382044916285
2021-05-29,27220000.0,13.8,24.3,13.682565572602874,4.860672873130044,0.0,0.6971512705852679,0.6224156519666812,0.5796339173408128
2021-05-30,26690000.0,16.1,27.2,14.59028198865503,6.429018061258212,0.19,0.8342080033437999,0.7576440713029953,0.7159061161595361
2021-05-31,27030000.0,16.6,28.4,13.837929195506295,7.674116531222556,0.0,0.956311189339514,0.8777386429820078,0.8332767846897807
2021-06-01,25400000.0,18.4,29.0,14.301593549405096,6.159645796121694,0.0,0.8825298524867444,0.8073673456318229,0.8088377151622019
2021-06-02,21560000.0,19.5,28.8,17.76136489164998,10.367839182587728,0.25,0.9637518603389156,0.899540648665997,0.7858947656840731
2021-06-03,8390000.0,16.4,24.0,20.333680164686765,9.320280373723495,1.8100000000000003,0.3357687680981167,0.3122670720950986,0.2671110568555871
2021-06-04,27100000.0,14.9,24.0,14.068083686326364,8.353533244400218,0.0,0.838989934547738,0.7640547924818599,0.632837114537314
2021-06-05,25560000.0,15.9,26.5,18.786692236649824,9.691415494578253,0.0,0.7914031570653026,0.7186082599979622,0.5635977930592039
2021-06-06,24700000.0,15.5,28.4,15.399217664598094,7.910565519509056,0.09000000000000001,0.9160320777501505,0.8448407036734802,0.74294576226402
2021-06-07,22150000.0,17.5,29.8,16.762879780073753,5.234801019152985,0.0,0.7463477380524266,0.680849871764188,0.6849730441887598
2021-06-08,25240000.0,19.4,33.0,20.301679908385665,5.183919591293865,0.0,0.893631563769857,0.8163513942883608,0.7640786318391537
2021-06-09,25000000.0,21.1,32.5,16.96218445212781,10.191250697664902,0.010000000000000002,1.1993289780501695,1.1221988984543518,1.0604175135151526
2021-06-10,11110000.0,21.1,27.5,22.43507303086963,12.980750154411945,10.81,0.6716358588973901,0.6384773639063331,0.5185051243511158
2021-06-11,15780000.0,20.8,28.1,23.31053745921799,4.049563052552309,0.9400000000000001,0.49179894653937034,0.4446035085791994,0.4225829022604781
2021-06-12,18310000.0,18.7,28.0,22.76877854680701,4.573342456984426,0.04000000000000001,0.5273766779148967,0.4734701048714225,0.4332182572882268
2021-06-13,23550000.0,18.5,28.0,21.269999316444114,3.944807171665886,0.0,0.6345635507537442,0.5653318396822979,0.5172662357275912
2021-06-14,15480000.0,20.5,27.6,21.98535986955693,6.593634445508305,0.010000000000000002,0.5691293236904458,0.5230912571598954,0.48032832139394027
2021-06-15,4900000.0,19.8,22.4,22.481649245694047,11.759595885793068,2.3600000000000003,0.2500364420961477,0.23610389341051102,0.18686835270702226
2021-06-16,15970000.0,18.8,27.2,20.30701022046296,6.057882940403454,0.0,0.5559009086514035,0.5091265294371604,0.47854374663528293
2021-06-17,11830000.0,19.8,25.1,21.85995240167386,3.3462021380291804,0.32000000000000006,0.3544449312787684,0.32008300336981876,0.30686008891601657
2021-06-18,11000000.0,18.6,24.6,22.440890437758622,5.324591774198491,0.19,0.3326234417863974,0.30109350323687273,0.26509449565988363
2021-06-19,25440000.0,17.4,26.8,20.770026187312347,4.315942292520642,0.0,0.6487350959680671,0.575238985307812,0.5020063245941476
2021-06-20,27230000.0,18.0,29.1,19.984094421681792,5.611922190344108,0.0,0.7898890249105845,0.7094863231719877,0.6444300649607999
2021-06-21,24270000.0,17.5,29.9,18.192547401029575,6.46194133810823,0.0,0.8239901737617968,0.7521715107157754,0.7071075462388005
2021-06-22,26020000.0,18.6,28.8,20.031453120162574,7.53344434831793,0.13,0.8404055846027451,0.7634084023836484,0.6646872784788028
2021-06-23,20400000.0,18.8,26.4,20.955612210553777,7.659151405381639,0.36000000000000004,0.6520311686903113,0.5926407111677883,0.49026635005192604
2021-06-24,17950000.0,18.0,26.6,19.759175742276554,5.5760058883259065,0.010000000000000002,0.5628748849690284,0.5108565288576622,0.4712080148724427
2021-06-25,21740000.0,20.5,28.8,19.351725437555,5.5281174856349695,0.04000000000000001,0.7338097349936746,0.6686080111009111,0.6414099841714684
2021-06-26,21370000.0,19.9,28.7,19.670867772214784,4.824756571111841,0.06,0.6792590065109001,0.6154788950834578,0.5942975263545562
2021-06-27,19630000.0,21.0,30.1,22.036844066368026,4.2919980911751745,0.45999999999999996,0.6328033765427429,0.5732080248593345,0.5620655616536228
2021-06-28,20020000.0,19.9,28.5,22.975829745266168,3.5347627236247425,0.86,0.5619099659725606,0.5022431165282886,0.4677473205426928
2021-06-29,18730000.0,20.8,28.7,22.739333433117416,4.262067839493339,0.26,0.5771713927953102,0.520919598160505,0.49198197042829095
2021-06-30,18000000.0,18.4,28.6,22.452529210238733,4.244109688484238,0.2,0.5232460581039255,0.4701357035633767,0.4449461474791824
2021-07-01,25390000.0,21.5,33.2,23.220468166311747,4.076500279065961,0.0,0.7890412410276546,0.7101741893374213,0.6991465333810215
2021-07-02,19310000.0,23.0,31.0,24.03597965217093,7.015650994222182,0.41,0.7560582949132947,0.6963345183122907,0.6506551072799022
2021-07-03,5610000.0,22.6,25.5,26.553676582151784,18.107802267510323,3.12,0.385538153823853,0.36885381575948684,0.24851872343011108
2021-07-04,10720000.0,19.2,25.4,23.851259149718285,7.554395524495217,0.47000000000000003,0.3503727104869268,0.31930659474799394,0.2629610376172474
2021-07-05,3110000.0,21.2,24.8,26.30531627306802,10.460622962801418,6.470000000000001,0.15000596616244838,0.1408971171107079,0.13575654551687594
2021-07-06,2610000.0,23.1,24.9,29.049943156892216,9.359189700909882,6.8500000000000005,0.08926767083876705,0.08151096074225181,0.08112839770479403
2021-07-07,6110000.0,23.5,26.4,30.563126530167615,7.305974435535983,1.8800000000000001,0.19125090990359733,0.1728504099192619,0.13115780062540558
2021-07-08,13800000.0,23.3,29.0,28.058994333063854,5.043247408389239,0.19,0.4580992948800704,0.41587346718371565,0.37294967768000326
2021-07-09,19840000.0,23.4,28.1,28.948039237899664,6.587648395171937,0.34,0.5869340368880127,0.5265419496448503,0.40068281044422144
2021-07-10,18880000.0,23.0,28.5,29.247356528030856,7.659151405381639,0.36000000000000004,0.573092556027687,0.515622666554355,0.38345272599878655
2021-07-11,19400000.0,24.9,29.9,31.03877938162428,6.904909062999391,0.16000000000000003,0.6266866382296075,0.5663891826457761,0.44533917701982473
2021-07-12,20360000.0,24.1,30.4,30.297430734194588,7.692074682231659,0.010000000000000002,0.6721469228240138,0.6089813975200837,0.4789523713857129
2021-07-13,18390000.0,25.0,30.8,30.274750853867417,8.868333573327783,0.0,0.6923641634617325,0.6348614072094906,0.5120788210898203
2021-07-14,16410000.0,23.1,30.5,29.906403638710888,7.051567296240384,0.010000000000000002,0.5499965640107901,0.49936837976409576,0.41673927560613766
2021-07-15,24020000.0,24.0,31.3,28.78853478796583,6.0369317642261695,0.010000000000000002,0.7692458433796845,0.6943629262941882,0.5871805911576395
2021-07-16,19460000.0,22.5,31.3,28.051922624745846,4.0585421280568585,1.55,0.5913763490166033,0.5312633380250852,0.4851990402324063
2021-07-17,19960000.0,22.6,29.0,26.60764458623544,7.060546371744935,0.35000000000000003,0.6515080874787784,0.590710854710363,0.4878248201871724
2021-07-18,13150000.0,23.4,28.9,27.331817901166865,8.931187101859637,0.17,0.5447689597411038,0.5045320297260992,0.4272317803787783
2021-07-19,21200000.0,24.6,30.5,28.50766139664707,7.659151405381639,0.33,0.7478186139665043,0.6818066793004531,0.5647565218175041
2021-07-20,16810000.0,21.6,30.3,26.790494527675662,5.510159334625869,0.020000000000000004,0.5480970115740746,0.4967941345545756,0.4525311114193828
2021-07-21,23590000.0,23.0,33.2,27.24898140824908,6.644515873367425,0.010000000000000002,0.8238772502381864,0.7499402703020703,0.6825772108265433
2021-07-22,26100000.0,23.1,32.7,26.13200898215437,7.434674517767875,0.0,0.918499601553697,0.8368888381940716,0.7406912760552601
2021-07-23,23340000.0,24.9,32.4,25.80810093910254,7.392772165413305,0.0,0.9001690784414318,0.8265468203856254,0.7534480494882987
2021-07-24,19710000.0,25.5,31.4,24.882787064999146,11.095144298456326,0.0,0.9939440595041861,0.931915130133698,0.8037844118558315
2021-07-25,21720000.0,25.1,32.4,24.876419806872384,12.079849578788705,0.0,1.103992200753652,1.0354015547926885,0.8787080395818198
2021-07-26,24800000.0,23.6,32.3,24.509546523201127,10.272062377205856,0.0,1.044291008490703,0.9666991369571214,0.8313909692831537
2021-07-27,23490000.0,23.7,33.2,26.225203939043503,6.452962262603679,0.0,0.8456644598340622,0.7717395714062202,0.7202312709962811
2021-07-28,23220000.0,23.6,33.7,27.180118548319143,4.902575225484613,0.08000000000000002,0.773453719820534,0.7002099823716984,0.6661824302635246
2021-07-29,22580000.0,23.3,32.8,26.211872624524496,5.845378153462424,0.020000000000000004,0.7831052549937003,0.7123755414043167,0.6689694143254158
2021-07-30,21370000.0,24.7,33.5,29.40907642961137,7.814788714127184,0.58,0.8213587950947081,0.7536055567782036,0.6715417145746455
2021-07-31,25030000.0,25.3,34.2,27.41487419739643,4.621230859675362,0.020000000000000004,0.839501216203473,0.7595716912558206,0.7241696261979448
2021-08-01,14730000.0,24.2,32.2,30.18417937106662,4.782854218757273,0.9,0.5167063281886908,0.47048458479446725,0.44623376041037277
2021-08-02,17300000.0,24.0,29.9,30.861579622375302,4.142346832765998,4.39,0.5067892621280825,0.4533153773180877,0.3851274617000099
2021-08-03,15900000.0,22.9,30.8,29.876507844965744,6.00400848737615,0.13,0.5174781217354956,0.4683927425875695,0.4076105731795209
2021-08-04,23280000.0,23.6,32.3,28.536358414015382,5.303640598021206,0.06999999999999999,0.7408568349170335,0.6680205942193809,0.5958332848160675
2021-08-05,20220000.0,24.2,31.9,29.690249186500317,4.2500957388206055,0.4,0.6302148012379736,0.5668775643567805,0.5115383301090016
2021-08-06,22980000.0,23.5,34.3,28.565080642484464,5.614915215512292,0.1,0.7832794027985241,0.7105858473283688,0.6680310554491168
2021-08-07,19740000.0,24.5,32.7,27.805391019702142,3.8310722152749115,0.06,0.6421805794035186,0.5799496686543365,0.5577786172286177
2021-08-08,11390000.0,21.9,29.9,28.165256868043343,5.270717321171187,0.25,0.39034253121384327,0.3556037309339811,0.336917816046423
2021-08-09,25260000.0,24.0,32.0,27.063400411694282,5.351529000712142,0.04000000000000001,0.8046054239534846,0.7255275650514562,0.6528150013846541
2021-08-10,19900000.0,22.5,31.0,27.505100464429006,3.2234881061336558,0.11000000000000001,0.5713539448304271,0.5099968262038905,0.47258547139344076
2021-08-11,21650000.0,22.5,31.6,25.06805819142649,5.240787069489351,0.06999999999999999,0.7084904639687721,0.6414878703326738,0.6073851600214291
2021-08-12,17690000.0,23.0,31.5,25.972919153640408,4.896589175148246,0.15000000000000002,0.606373507382233,0.5514914768013626,0.5356110164443366
2021-08-13,12560000.0,22.6,30.6,26.439311922105755,3.7921628880885256,1.87,0.4320071851853425,0.3933542909385842,0.39763413435971035
2021-08-14,10680000.0,20.9,27.6,24.81282549982413,4.142346832765998,0.49000000000000005,0.3487964724642599,0.31694375422547916,0.3099616450844711
2021-08-15,19190000.0,22.6,29.8,23.84512323465535,5.626887316185026,0.010000000000000002,0.6530823703764027,0.5943261717888467,0.5605972815098552
2021-08-16,22780000.0,21.5,31.0,22.51080231258181,7.4616117442815275,0.03,0.8220716887902215,0.7522787617189909,0.6982236796659242
2021-08-17,23430000.0,20.5,30.4,23.412985182026862,4.7978193445981905,0.6000000000000001,0.6861912795357016,0.6151538543899832,0.5762474073155717
2021-08-18,18930000.0,20.0,29.4,23.88195943572758,3.588637176652046,1.2300000000000002,0.5281650621078302,0.47135175975972776,0.450231163990818
2021-08-19,16770000.0,20.9,27.9,24.415438714941015,4.57633548215261,0.75,0.4916843361150301,0.4415629930660345,0.4037446075578869
2021-08-20,19550000.0,23.9,28.9,26.271910192860727,11.720686558606682,1.62,0.7984152992657754,0.7384033842436079,0.5657536326061763
2021-08-21,6680000.0,21.4,25.9,28.066067597617597,10.762918504787955,2.19,0.21533626928070845,0.19558341389445857,0.1396467411020546
2021-08-22,15550000.0,24.0,28.8,27.61650402514517,4.9744078295210175,0.6400000000000001,0.5000737766748984,0.4523405143426884,0.407265009067311
2021-08-23,3880000.0,22.5,26.8,29.556771070838163,9.876983055005631,3.9299999999999997,0.15429433629397876,0.14265759808312675,0.1283228419069485
2021-08-24,9280000.0,24.0,28.2,30.214343565090175,10.882639511515295,1.8,0.37869545209774547,0.35031843274167634,0.27083196279103483
2021-08-25,8330000.0,22.6,27.2,29.291384806847734,6.4918715897900645,1.7300000000000002,0.2629808076924751,0.23791180829583009,0.19789971043883794
2021-08-26,19290000.0,22.4,30.3,27.553791146745006,4.549398255638957,0.2,0.5673983463802783,0.5082223030712394,0.45774150333872415
2021-08-27,8350000.0,20.3,27.6,26.933468913555824,7.183260403640459,0.9300000000000002,0.28319547702051234,0.25839764325854997,0.23264436672850133
2021-08-28,19840000.0,23.0,29.2,26.211872624524496,4.690070438543582,0.11000000000000001,0.5888825770736407,0.5282144667261826,0.47550227505317666
2021-08-29,11950000.0,21.1,28.2,28.172353510837752,6.099785292758024,0.48,0.3507825073237339,0.3149425532980428,0.267571044793825
2021-08-30,12480000.0,21.9,28.5,27.015467370782957,2.5291062671150786,0.06,0.34798961702092707,0.310278033202114,0.2974716754589394
2021-08-31,18810000.0,24.8,30.1,28.350277615641794,8.91622197601872,0.03,0.7050099817610749,0.6465108010148976,0.5361732590726772
2021-09-01,11610000.0,21.6,27.9,26.472903840578066,6.402080834744559,0.31000000000000005,0.39088262729218215,0.3560143231966089,0.3201118106372518
2021-09-02,3380000.0,19.0,23.8,22.898733595505472,5.103107911752909,2.2,0.13820117367287382,0.1285438153584976,0.15199557427227522
2021-09-03,14580000.0,20.4,26.7,23.31655292624323,3.6963860827066526,0.25,0.4061131923353344,0.3630624618414401,0.3454869488885576
2021-09-04,11580000.0,21.0,26.1,21.673014762620966,5.276703371507555,0.020000000000000004,0.4171139878277062,0.3829214323325557,0.3782196358972353
2021-09-05,5750000.0,19.5,23.4,21.23671270191245,11.104123373960876,0.9500000000000001,0.3475996357079296,0.33115751315956804,0.27821341597997884
2021-09-06,6560000.0,20.9,23.4,22.191930084998212,17.649869416778248,0.44000000000000006,0.4867856551244173,0.46781909905869645,0.31541603581870287
2021-09-07,15490000.0,20.8,27.9,23.949621698757408,9.457959531459938,0.32000000000000006,0.5782268690202417,0.5319635309631594,0.45056837240638503
2021-09-08,20770000.0,16.2,25.9,20.248444125005587,7.114420824772238,0.0,0.5437203845619524,0.4847115582120581,0.4142026688838805
2021-09-09,18710000.0,19.9,28.4,23.527951289901093,3.612581377997514,0.37000000000000005,0.4927918255113152,0.4370686450660319,0.41656322310208027
2021-09-10,7560000.0,19.0,23.7,22.99365336865248,4.785847243925456,0.41,0.220304509751491,0.19872138845258325,0.18456818172565853
2021-09-11,17130000.0,19.1,28.0,24.692387658418042,3.654483730352083,0.05,0.4302482551418749,0.3796680758990486,0.3512781647817415
2021-09-12,18080000.0,20.9,28.7,23.292499199980263,6.89592998749484,0.0,0.5966604530603138,0.5423234699617215,0.4987480859629124
2021-09-13,8870000.0,20.8,26.4,21.588506563660005,13.157338639334775,2.09,0.5966627975388772,0.57045308873766,0.4733952829506727
2021-09-14,12590000.0,21.1,26.1,21.735171276019127,11.594979501542973,0.30000000000000004,0.6095717324176673,0.5723699022251841,0.4717439020330329
2021-09-15,20090000.0,19.5,27.5,17.827843575767112,11.146025726315445,0.0,0.8715789361221443,0.8123018793043872,0.7037172892036778
2021-09-16,13130000.0,19.9,25.5,21.973933238855256,10.089487841946662,1.6500000000000001,0.5055299554746949,0.46724660746965707,0.3860899553122333
2021-09-17,16970000.0,18.4,26.6,21.01047182917579,7.368827964067838,0.0,0.5263056709964903,0.47697618110796347,0.4309033830539561
2021-09-18,14230000.0,17.4,25.5,22.342173763738646,3.471909195092888,0.13,0.3331338181819637,0.2924431392492358,0.27595075139009373
2021-09-19,19030000.0,19.1,27.0,21.23671270191245,4.462600525761634,0.0,0.500788124009612,0.44500978199764446,0.4275166095882577
2021-09-20,17920000.0,20.9,27.0,23.808336717191356,13.295017797071216,1.83,0.676423523209551,0.6232046991359743,0.45610443566698944
2021-09-21,13350000.0,20.4,25.5,22.81596009600556,8.65283576121857,0.5599999999999999,0.45914414947070414,0.42007266267341103,0.3551203754817712
2021-09-22,19410000.0,15.6,27.3,22.232293098315196,6.5367669673128175,0.16000000000000003,0.46214550729923165,0.40664262057511014,0.3627030515708746
2021-09-23,19230000.0,13.4,25.0,16.71337568806178,6.656487974040159,0.0,0.494987347085522,0.4420479387795093,0.4263643760328186
2021-09-24,18180000.0,16.2,25.3,18.529306048178643,4.11840263142053,0.0,0.4343648664399759,0.3829684000649763,0.38206469870580784
2021-09-25,12060000.0,17.0,25.9,19.957826421873936,5.567026812821355,0.010000000000000002,0.37209556732049803,0.3376100024625432,0.3438726260209547
2021-09-26,9590000.0,17.4,25.2,17.884998792376873,5.37547320205761,0.0,0.3699529981025339,0.34259646395584264,0.3712533709040618
2021-09-27,16050000.0,19.6,26.1,19.96307760169994,7.069525447249485,0.06999999999999999,0.5336389690072313,0.4867357583793345,0.4607965188132794
2021-09-28,7800000.0,21.4,24.2,23.220468166311747,7.844718965809019,0.13,0.3192610323164817,0.29648408893460615,0.2690645971428952
2021-09-29,7640000.0,18.1,26.2,24.876419806872384,7.326925611713269,4.62,0.22088397016947478,0.1987948713368366,0.18479496492467273
2021-09-30,18640000.0,17.5,27.4,21.303331583144494,4.9803938798573855,0.0,0.46878139103586997,0.41463884359522585,0.4042225227488275
2021-10-01,18070000.0,17.3,26.8,21.509892541180676,3.9867095240204544,0.0,0.4194274546909257,0.36726389291021766,0.3586658322427712
2021-10-02,17950000.0,18.0,26.4,22.16889430125994,4.444642374752534,0.0,0.4210816992787471,0.36914364114032006,0.3470835229041442
2021-10-03,19100000.0,21.4,27.8,23.400912110075534,9.571694487850912,0.0,0.6487864290154389,0.5915421187659071,0.5014692168038151
2021-10-04,16880000.0,20.0,28.0,23.88810363690752,6.746278729085665,0.0,0.4909816772835248,0.44081567482023853,0.40466703121338066
2021-10-05,16489999.999999998,17.0,28.0,22.22652302440629,4.666126237198115,0.0,0.4066908359636706,0.35875664101600957,0.36173957832227105
2021-10-06,17500000.0,17.6,27.2,20.786343349466346,4.59429363316171,0.0,0.4372391103485386,0.3864467895106959,0.39158941025992505
2021-10-07,15520000.0,19.0,26.6,22.32479266505999,4.7978193445981905,0.0,0.39998913438862055,0.3546688573005809,0.3450391960466887
2021-10-08,5610000.0,19.8,23.9,22.709921630771277,6.007001512544333,0.47000000000000003,0.2157593684215701,0.19961535540158223,0.2000411465763996
2021-10-09,16559999.999999998,19.0,27.8,22.99365336865248,6.542753017649185,0.0,0.4643989582342309,0.4156088008984836,0.39386191129007136
2021-10-10,14340000.0,14.1,28.4,21.650450988008423,8.548079880332146,0.9199999999999999,0.4384000322072656,0.3975266261431547,0.36368865777508497
2021-10-11,3330000.0,14.4,17.8,16.74486343381145,5.971085210526131,0.9800000000000001,0.11567860544570871,0.10703671872622747,0.11279026481185742
2021-10-12,10470000.0,15.2,23.2,17.200402913039596,7.156323177126808,0.13,0.3475460944260652,0.31872261002856384,0.3196597882302674
2021-10-13,12200000.0,16.9,24.7,18.43113724587071,6.093799242421656,0.0,0.37596082276458087,0.3414418311949853,0.35301730404549775
2021-10-14,13460000.0,15.9,25.4,19.423390636126864,5.148003289275662,0.0,0.3410286188758021,0.3030390634456167,0.3174955115320019
2021-10-15,9030000.0,14.4,23.0,17.804076194520512,9.09580348610973,1.37,0.3169683018234055,0.2923312208064103,0.2781234748380742
2021-10-16,3510000.0,4.4,16.1,7.566466519570434,16.093496329322814,0.0,0.5735549451672102,0.5656012382902763,0.40741737416887125
2021-10-17,17960000.0,2.8,11.1,5.47084029226776,8.778542818282277,0.0,0.4260605892033403,0.3889550470479305,0.33561008422589717
2021-10-18,17050000.0,7.8,16.0,8.284098294853655,4.480558676770737,0.020000000000000004,0.32520608272895546,0.28492434023871266,0.3234670670057719
2021-10-19,14070000.0,4.9,16.5,9.100540622140931,7.89859341883632,0.08000000000000002,0.3331467988081515,0.30088988276292106,0.30134882095217685
2021-10-20,13840000.0,5.4,14.9,7.932098508455835,5.471250007439483,0.0,0.29558526552715725,0.26430576110364395,0.2893428265366595
2021-10-21,15270000.0,4.8,15.5,8.051875654232726,7.027623094894916,0.0,0.3409343721000749,0.30642295356343835,0.3155273035817687
2021-10-22,15870000.0,4.4,15.7,7.60684341052021,8.45828912528664,0.0,0.39958904450497157,0.3638158843403857,0.35437085203083685
2021-10-23,16239999.999999998,6.2,17.9,8.582046200776064,5.004338081202852,0.0,0.3222158292571472,0.2837073770260109,0.33888406723441833
2021-10-24,14170000.0,6.4,18.1,9.481365444533235,4.779861193589088,0.0,0.28278881936850697,0.2490259594876436,0.3007225395911966
2021-10-25,15670000.0,4.1,17.6,9.464994549436245,7.0904766234267695,0.0,0.34108283670808637,0.30501952438272606,0.29823563746238524
2021-10-26,15160000.0,9.9,18.6,10.700320185687131,4.501509852948021,0.0,0.30054784132343315,0.2627203682441345,0.3088985753219055
2021-10-27,14730000.0,6.4,19.6,9.961400325590558,7.189246453976826,0.0,0.3965970695028555,0.3608707700062325,0.36311725043218895
2021-10-28,15150000.0,7.7,18.5,9.254428219654715,6.342220331380889,0.0,0.35890739294064516,0.32207684090616645,0.36500946349687063
2021-10-29,13950000.0,10.5,20.0,10.24437389774989,6.204541173644447,0.0,0.3835840065805235,0.3480149232072315,0.39774253814217336
2021-10-30,6470000.0,7.2,17.8,10.669983319071799,4.259074814325156,0.0,0.1868297044689131,0.17132109090358838,0.2186595518781041
2021-10-31,14450000.0,10.7,20.4,11.61703904955259,4.001674649861372,0.0,0.2835628117100547,0.24648581285982346,0.3092682294308059
2021-11-01,13310000.0,7.2,19.5,11.590942145206972,6.138694619944409,0.010000000000000002,0.27334053026979055,0.2407958046357627,0.2787660735718808
2021-11-02,12210000.0,5.3,17.0,9.418745530709861,7.291009309695066,0.0,0.28562263570522617,0.25730761035037025,0.2857863102999363
2021-11-03,13920000.0,8.1,17.3,10.221011572234964,5.031275307716505,0.0,0.26054901586087553,0.2270241049617058,0.2709562409431901
2021-11-04,13890000.0,6.4,19.8,10.546392301630549,5.145010264107479,0.0,0.2938799000529174,0.26011248303912804,0.30048056245016297
2021-11-05,11420000.0,11.0,20.4,10.113570020501738,6.336234281044521,0.0,0.3788354678110062,0.34944147806097814,0.41029835444120577
2021-11-06,13630000.0,6.9,20.9,10.344189235155698,7.503514096636096,0.020000000000000004,0.4319981432726608,0.3982523166639973,0.38811538535684476
2021-11-07,13320000.0,13.4,21.8,12.403602323705691,12.346228818757039,1.5300000000000002,0.607493435645355,0.5718880850339465,0.5084458859959478
2021-11-08,4019999.9999999995,8.8,12.1,7.825415683122305,13.564390062207734,1.1,0.47889876007325993,0.4697417888637392,0.3324203711758659
2021-11-09,9550000.0,6.8,11.6,7.645151652547105,13.429703929639475,0.32000000000000006,0.43095081955549375,0.4099094879608277,0.292950261779845
2021-11-10,7800000.0,8.1,11.4,8.710432065964648,10.75992547961977,0.30000000000000004,0.30841830134116144,0.29097549092190805,0.23334332413738884
2021-11-11,8410000.0,5.6,12.8,8.02826495420987,8.290679715868363,0.09000000000000001,0.27155443374938204,0.25302484226130434,0.2449419657770601
2021-11-12,9590000.0,6.4,11.6,7.602347717111321,6.713355452235645,0.020000000000000004,0.2493171053587902,0.22830322809208375,0.2374359961599954
2021-11-13,9420000.0,6.1,14.9,8.604580522471764,5.5311105108031535,0.010000000000000002,0.22374991138531702,0.2022647008832555,0.24322650649939792
2021-11-14,10920000.0,5.0,17.2,9.699254424483899,6.342220331380889,0.0,0.22983838510447754,0.20454680193491614,0.25272754974105716
2021-11-15,11520000.0,5.3,15.9,9.544351920051165,4.414712123070698,0.0,0.1768984843387125,0.1505555876546505,0.20573914963122047
2021-11-16,12120000.0,2.1,15.9,7.738243546114674,6.1746109219626115,0.0,0.27434662292448986,0.24778893862078988,0.2711072646014151
2021-11-17,12530000.0,4.8,14.4,8.33027084254699,4.866658923466411,0.0,0.19513021946117828,0.16722228822973845,0.22159081404357578
2021-11-18,12370000.0,5.4,16.2,9.93007186848444,3.606595327661147,0.0,0.1549170660526022,0.12648479740436155,0.1871921595878069
2021-11-19,10220000.0,6.8,17.1,11.516200604023382,4.043577002215941,0.0,0.14401977661179383,0.11984488139276321,0.16913995847862312
2021-11-20,10690000.0,6.8,17.4,10.843922874871577,4.633202960348096,0.0,0.17452847627256385,0.14914949169436928,0.2064778490547951
2021-11-21,4490000.0,8.0,16.9,12.011379738296114,7.258086032845047,0.22999999999999998,0.16351887478765217,0.1527691493577126,0.17547981352861813
2021-11-22,8850000.0,4.0,9.2,5.593004877367407,13.737985521962377,0.020000000000000004,0.4588923660738261,0.44079976310352775,0.30633467554616167
2021-11-23,7380000.0,4.0,9.1,6.25966560680713,11.84639361567039,0.13,0.34359149357141805,0.3285269671865384,0.24980733764229054
2021-11-24,5920000.0,7.6,13.4,7.5933633657358905,9.73032482176464,0.0,0.3730365561856839,0.35953417336485544,0.3238948315771626
2021-11-25,11290000.0,1.3,15.1,7.708618876265128,7.967432997704543,0.010000000000000002,0.2799579351040454,0.2557667366969033,0.25880579500616474
2021-11-26,11920000.0,1.0,11.8,5.771963664830714,5.605936140007742,0.0,0.20608710733353924,0.18186613068005997,0.24090771648230444
2021-11-27,11990000.0,-0.9,11.0,5.377462061987077,5.704705970557797,0.0,0.191283345881122,0.1679298189237743,0.22679316401798638
2021-11-28,10650000.0,-0.9,13.8,6.240763090581981,3.872974567629481,0.0,0.18598818227113495,0.16431475780811536,0.20997995796236676
2021-11-29,10550000.0,5.2,15.6,8.75360209613506,6.701383351562912,1.1800000000000002,0.22491789401016007,0.2009177319045879,0.25175202698429855
2021-11-30,3010000.0,3.9,12.7,6.978938913803243,17.37151807613718,0.9500000000000001,0.512884922936627,0.5064170324388543,0.32248652731972544
2021-12-01,8400000.0,0.7,6.1,4.407601229009554,12.283375290225186,0.0,0.3641666679505391,0.3486776451213864,0.25199283827077323
2021-12-02,10160000.0,2.5,8.4,6.160056033447103,6.324262180371788,0.020000000000000004,0.1764122473762503,0.1563687478580865,0.1802833562336334
2021-12-03,9390000.0,1.2,10.1,5.296916145546541,10.316957754728609,0.05,0.33041772569894856,0.3117759638043032,0.27953398545441355
2021-12-04,10110000.0,-1.9,11.2,6.3664580142643965,6.303311004194503,0.0,0.16090894920459378,0.14147090186676295,0.17783319757522825
2021-12-05,10740000.0,1.4,10.0,6.451492827837332,3.1247182755836,0.0,0.10504146019500833,0.0836860590214133,0.14255241784734116
2021-12-06,10790000.0,0.9,13.4,7.5173739913276245,5.22282891848025,0.0,0.1488108491622634,0.1263854664560407,0.18645628036149767
2021-12-07,11040000.0,0.9,12.8,6.927016933472967,7.790844512781715,0.0,0.20706026519476356,0.18431971948956866,0.22814964728220705
2021-12-08,11060000.0,1.0,13.2,6.854899485932869,4.097451455243245,0.0,0.1391186437354014,0.11616619831316925,0.1914437949023193
2021-12-09,7030000.0,5.0,14.1,8.607087554000227,5.174940515789314,0.27999999999999997,0.16059153040199417,0.14495473506766093,0.19391025130615636
2021-12-10,8400000.0,4.2,14.6,9.676990776701652,6.048903864898903,0.020000000000000004,0.13268357889414978,0.11407504761394036,0.16056870419836144
2021-12-11,7480000.0,5.9,12.2,8.784188532885674,5.74960134808055,0.0,0.15078733037363015,0.13437438350667152,0.16578967438232878
2021-12-12,6450000.0,-1.2,11.9,4.929872444435595,14.986077017094908,0.010000000000000002,0.5588433791623593,0.5461592436016901,0.34987207440651413
2021-12-13,10700000.0,-3.0,4.1,3.655592177600712,7.41372334159059,0.0,0.19618529956697403,0.17838268046063577,0.18609164909979886
2021-12-14,7460000.0,2.1,8.9,6.3338699399503895,5.869322354807891,0.0,0.15491111606684654,0.14017082606076955,0.16797185467221243
2021-12-15,8100000.0,5.0,14.2,8.712966272985616,4.507495903284387,0.010000000000000002,0.14244508049616628,0.12440403955644859,0.18175751883102614
2021-12-16,2760000.0,2.3,10.1,7.976536324926549,8.55107290550033,0.13999999999999999,0.12845503236468334,0.12288110382777813,0.12296231588742179
2021-12-17,9660000.0,-7.2,2.5,2.8242290060801953,15.73433330914079,0.010000000000000002,0.35286650092187355,0.33854989419554454,0.20778914616909222
2021-12-18,10370000.0,-6.4,3.8,4.009626439438736,7.491541995963361,0.010000000000000002,0.12709193064663854,0.11104457843891083,0.13047195285599406
2021-12-19,6100000.0,-0.9,6.7,5.049113806983981,8.326596017886565,0.010000000000000002,0.197525895750837,0.18647055568315277,0.17875017846503258
2021-12-20,8680000.0,4.3,12.4,7.602347717111321,8.81445912030048,0.010000000000000002,0.24272462328785055,0.2240466222395408,0.23269450085190252
2021-12-21,10410000.0,-1.5,13.1,7.2308296280702375,6.608599571349223,0.0,0.17232153131903638,0.1515573687944491,0.18253146883548438
2021-12-22,11130000.0,-2.9,11.6,4.420104683432475,6.620571672021956,0.0,0.30407964652385705,0.28289035693759984,0.2766060949487473
2021-12-23,11080000.0,-2.2,11.2,4.478870781157009,5.875308405144259,0.0,0.24382564436478055,0.22262704435851077,0.25838653955755897
2021-12-24,8289999.999999999,-3.4,10.6,4.531213500891534,15.620598352749814,0.0,0.570355188714683,0.5549643731966072,0.3158081338938715
2021-12-25,4640000.0,-8.9,-2.7,2.4460330774846257,15.6415495289271,0.04000000000000001,0.2571266073222343,0.25122378440223836,0.13375660068382822
2021-12-26,11090000.0,-8.5,-2.2,2.2449048590579177,6.47092041361278,0.0,0.13863587385699822,0.12423015160970934,0.1312496401354441
2021-12-27,9440000.0,-5.6,1.8,4.211764920272719,4.920533376493715,0.0,0.07404655711351645,0.05979192563063133,0.08552428885104872
2021-12-28,6110000.0,1.8,7.6,5.605009747017855,5.393431353066711,0.0,0.15841958648344084,0.14665297660474697,0.17142768666210056
2021-12-29,6890000.0,0.3,8.9,5.2238879996041465,13.199240991689344,0.0,0.3606420747372055,0.34741661755804004,0.25830064098109473
2021-12-30,5280000.0,-3.2,4.3,4.000704246804631,13.471606281994044,0.020000000000000004,0.3001710763384521,0.29138623251775436,0.1943684752184341
2021-12-31,6930000.0,-5.3,2.0,2.9568302408683613,10.795841781637973,0.0,0.26648740007032246,0.2559149220062287,0.19222020974053305
2022-01-01,10730000.0,-4.2,4.5,2.5998545699478735,4.95046362817555,0.0,0.1789214793015484,0.16133967467175533,0.20837563348239846
2022-01-02,9930000.0,-5.1,8.4,4.258640393566906,6.698390326394728,0.0,0.21071265192539518,0.19350090629438674,0.20466020358641276
2022-01-03,11000000.0,-2.5,5.2,4.68564658306799,5.357515051048509,0.0,0.12301816479277272,0.10416044882585837,0.13829542671252448
2022-01-04,10930000.0,-1.6,4.9,3.559182056367176,8.332582068222933,0.0,0.2577028170947,0.2387577637465709,0.22757520991833724
2022-01-05,4030000.0000000005,-2.6,4.6,3.5248944658790844,4.034597926711392,0.12,0.14399029346781092,0.1371706644075251,0.16448315004107178
2022-01-06,11740000.0,-5.8,5.5,3.6344893594965857,8.434344923941172,0.0,0.20500791185044692,0.18599303096008404,0.19476955008184332
2022-01-07,11940000.0,-5.1,6.8,3.396159176088465,5.959113109853397,0.0,0.18689276755750578,0.16680086276937733,0.21395800899864065
2022-01-08,11560000.0,-1.9,7.1,4.743084087474441,4.743944891570886,0.0,0.13728991185616293,0.11655834987903309,0.16458483509417382
2022-01-09,7070000.0,-3.4,7.8,5.174099597079175,5.680761769212331,0.0,0.1293716226633801,0.11687120356689604,0.15062298268801042
2022-01-10,11300000.0,-1.1,8.7,5.280610036754132,7.701053757736209,0.12,0.20433902158112532,0.1832174626122079,0.2030862748559829
2022-01-11,5970000.0,-4.8,-0.2,3.298340141881216,14.348562656271818,0.06,0.26472405178072916,0.2559317334841401,0.14836257176221704
2022-01-12,10110000.0,-4.2,2.0,3.5237566140186636,7.2850232593587,0.06,0.171158770577641,0.15538718765045662,0.1523229646684769
2022-01-13,7870000.0,-4.1,0.9,3.257795813573065,13.378822501780355,0.020000000000000004,0.2938121304251789,0.28178101907423886,0.17611577200394354
2022-01-14,11940000.0,-3.5,2.5,3.183226600979168,5.145010264107479,0.0,0.15922409970772508,0.14014817456028414,0.16771097122503542
2022-01-15,11530000.0,-1.4,8.0,5.146975027030753,5.728650171903267,0.0,0.16338556585495848,0.14219782744617804,0.1785827674476657
2022-01-16,8800000.0,-2.8,4.6,3.9211935357166023,11.825442439493107,0.0,0.2979582368362817,0.2831223379062914,0.20776628145750742
2022-01-17,6200000.0,-5.3,4.4,3.497675859049726,12.178619409338761,0.010000000000000002,0.29385035191176084,0.2839254429505952,0.20572543308308872
2022-01-18,12820000.0,-5.6,2.0,2.4084610820963612,6.916881163672125,0.0,0.2222547501426618,0.2028163594182176,0.20431929539617885
2022-01-19,12180000.0,-6.2,6.8,3.2072150400345523,8.733647440759524,0.04000000000000001,0.3052381349650902,0.28516521652886934,0.24840969333842505
2022-01-20,12790000.0,-5.7,3.2,2.9920627237719684,6.324262180371788,0.0,0.18862676435358905,0.16879450181773742,0.18377494865823413
2022-01-21,12370000.0,-2.5,7.7,4.042920725437184,4.208193386466036,0.0,0.16488109820488828,0.14269689217918788,0.19735989138598467
2022-01-22,4030000.0000000005,3.7,9.1,6.358776928247173,5.558047737316805,0.010000000000000002,0.18313252762237603,0.17494372427392627,0.18805738805728417
2022-01-23,7570000.0,-1.5,11.9,5.8677954857364165,6.039924789394353,0.0,0.2199377256868591,0.20512213114308886,0.2214571894670208
2022-01-24,9110000.0,3.0,12.0,5.764920403452925,4.094458430075062,0.010000000000000002,0.1974129231703229,0.17828299353332105,0.23617414716894108
2022-01-25,3420000.0,-0.3,7.8,6.117267092818003,6.018973613217068,0.010000000000000002,0.13192681267101597,0.1255450510315587,0.1348234269125705
2022-01-26,9060000.0,-0.9,7.4,4.594163959966603,8.670793912227671,0.0,0.26930621744227673,0.25268599985296725,0.22907355737335258
2022-01-27,12430000.0,-2.3,6.0,3.903716046002658,9.936843558369302,0.0,0.308046989765255,0.28634474881130834,0.23832901744421528
2022-01-28,13220000.0,-2.5,4.4,3.649719403019174,10.179278596992168,0.0,0.3051796497061018,0.2828503232769441,0.22395263323305908
2022-01-29,12250000.0,-3.5,3.7,3.1957223460417317,10.230160024851287,0.0,0.31562513584943785,0.2955913167587825,0.22926994701064785
2022-01-30,13130000.0,-4.6,4.6,3.0646538847554443,8.260749464186528,0.0,0.2754445447294283,0.25405429328082346,0.23107862157063014
2022-01-31,14090000.0,-1.7,6.2,4.382688330323122,7.3179465362087175,0.04000000000000001,0.23587874856306862,0.21092175936207264,0.2070077698675375
2022-02-01,6060000.0,-1.0,4.2,4.0894252412277865,11.397439840442862,0.0,0.31246873356905547,0.3019840505603712,0.21106871338720729
2022-02-02,10660000.0,-3.0,4.8,3.459435598914928,8.65283576121857,0.0,0.28445643833835266,0.26648476986179614,0.2283027084568472
2022-02-03,13210000.0,-3.8,4.6,2.6471199025017307,8.931187101859638,0.0,0.3416187423248468,0.31976503398192635,0.27073806232870046
2022-02-04,11970000.0,-4.4,4.8,3.397260370520041,10.451643887296868,0.0,0.315080328309855,0.295428973545668,0.22985095868754907
2022-02-05,6080000.0,-3.4,0.9,3.3884596859914926,13.309982922912132,0.03,0.3067575299706077,0.29732983988319744,0.17721063659369796
2022-02-06,6660000.0,-4.2,3.5,3.5752840097267837,8.170958709141022,0.04000000000000001,0.22330407963234103,0.2126009249299241,0.18084892846481188
2022-02-07,7370000.0,-4.6,3.3,2.6515347465337933,6.904909062999391,0.010000000000000002,0.25109038227593283,0.2393851696839578,0.22012169036328721
2022-02-08,13680000.0,-4.2,7.0,3.6779852859013618,7.8297538399681,0.0,0.2789970378256293,0.2555016507328398,0.24422555283174105
2022-02-09,11760000.0,-0.6,8.3,4.265374508101247,3.85501641662038,0.020000000000000004,0.19779993202796523,0.17578149256414888,0.21618656939745912
2022-02-10,15460000.0,-4.0,8.3,3.8974908539730597,8.350540219232034,0.0,0.31927406421466775,0.29198823194699053,0.2672513317016293
2022-02-11,15630000.0,0.9,11.1,3.7796626467456975,6.123729494103491,0.0,0.3485976249542071,0.3172266929313938,0.34968770648963987
2022-02-12,15580000.0,2.8,13.4,4.010902478004118,5.258745220498453,0.0,0.3515236558592711,0.31823523297743683,0.38246182921672867
2022-02-13,10450000.0,-1.4,12.9,5.100994154203111,5.737629247407816,0.0,0.3264340210400556,0.3056226583405291,0.2899424771797871
2022-02-14,15090000.0,0.2,12.4,4.743084087474441,11.78653311230672,0.0,0.5279751536829662,0.4974065439402947,0.3923491649836608
2022-02-15,8260000.0,-3.0,1.8,3.3090839120654922,14.662830298931086,0.010000000000000002,0.38850615169028824,0.3753614777125699,0.21008190474766
2022-02-16,7490000.0,-6.8,-0.6,2.7466838452005944,13.49255745817133,0.010000000000000002,0.295889099463745,0.28541171509730107,0.1644343018818367
2022-02-17,15310000.0,-5.8,-0.1,2.410083902522283,8.311630892045647,0.0,0.2764588301468502,0.25433697112530773,0.19692056771872704
2022-02-18,15760000.0,-2.2,8.2,3.1347018406857305,6.024959663553436,0.010000000000000002,0.31892107056297553,0.29025883566851696,0.30175269355815704
2022-02-19,10310000.0,-4.1,6.1,3.60652048956335,13.318961998416686,0.020000000000000004,0.41019600312329085,0.3927492597953636,0.26034825517014115
2022-02-20,15150000.0,-3.7,1.5,2.8028052319725107,11.753609835456702,0.0,0.38680556427922086,0.36317158986311365,0.23199566338163832
2022-02-21,15400000.0,-4.1,6.7,3.3774873037637403,8.368498370241134,0.0,0.33703043301964675,0.3106783106884998,0.26946364288310776
2022-02-22,15630000.0,-4.5,4.0,2.6515347465337933,9.547750286505442,0.0,0.376973729773317,0.3517567285761821,0.2677230512195278
2022-02-23,14960000.0,-5.5,1.4,2.6260195399691377,9.86800397950108,0.0,0.3284763631556952,0.30602607054056596,0.21661513076037897
2022-02-24,14720000.0,-3.8,5.3,3.7711959747761816,6.63254377269469,0.0,0.2564710404742452,0.23179409138063067,0.21221929894273966
2022-02-25,17690000.0,-1.8,9.7,5.202957592501233,6.809132257617518,0.0,0.2905810869040653,0.25734833330272094,0.2482344800763549
2022-02-26,16980000.0,-0.6,12.1,5.84637876198776,12.663489486584492,0.0,0.48737022145897135,0.453554246469693,0.31743498142579163
2022-02-27,18560000.0,-3.1,11.3,3.691005285619243,5.93516890850793,0.0,0.4253405598187817,0.3902980524106954,0.3381355538516947
2022-02-28,13630000.0,3.5,14.9,5.116808375903767,5.665796643371412,0.39,0.3854447313903391,0.3554140141510408,0.3939343452350607
2022-03-01,12300000.0,-1.6,14.2,6.502211137045293,9.098796511277914,0.010000000000000002,0.44413962308397076,0.4192228636515746,0.2992306904399491
2022-03-02,18340000.0,-0.7,8.2,4.81013245423368,8.503184502809393,0.0,0.3582715557938182,0.32404889249918467,0.26479880734806294
2022-03-03,18500000.0,1.6,13.9,7.037499384327988,6.548739067985552,0.0,0.3441044991660193,0.30497300381338327,0.2960925691888989
2022-03-04,16430000.0,2.5,16.4,6.958129014933353,12.193584535179678,0.0,0.6752565767686293,0.6388098852738987,0.42934741481698796
2022-03-05,19410000.0,-0.7,6.9,3.3090839120654922,14.348562656271815,0.0,0.6376617705707439,0.602238766217692,0.36176038615938927
2022-03-06,19730000.0,-2.3,7.0,3.131626950390593,9.203552392164339,0.0,0.4552729801717537,0.42020133444510277,0.32838205563448775
2022-03-07,16260000.000000002,-1.5,11.2,3.3950582986335864,4.5673564066480585,0.0,0.3483353319770921,0.316868817973882,0.33432072602941904
2022-03-08,19480000.0,0.1,13.6,5.394032551680415,4.606265733834444,0.0,0.36815115717338553,0.3280256290631324,0.32593278669831344
2022-03-09,19890000.0,1.0,16.9,6.2786187188770235,4.69605648887995,0.0,0.4649529716080137,0.42142947556409177,0.37614432290137917
2022-03-10,14550000.0,8.4,17.6,7.876278870898752,5.821433952116955,0.010000000000000002,0.4289989682315052,0.39370924265948454,0.4152886199742662
2022-03-11,13470000.0,7.6,21.1,11.824364992169793,6.8121252827857015,0.020000000000000004,0.40635226283903647,0.37266752286051075,0.35431502962648875
2022-03-12,17340000.0,14.6,22.3,12.903417703098246,13.453648130984943,0.09000000000000001,0.7964166385663234,0.7493223406017918,0.5838218639898638
2022-03-13,4120000.0,11.8,16.5,14.47499070041928,5.815447901780588,1.36,0.13726953095801933,0.12701197904538136,0.1262309004562181
2022-03-14,5920000.0,1.2,15.6,9.774727762013185,10.463615987969604,0.25,0.21072247890794987,0.19796556423692616,0.1796526375276179
2022-03-15,20460000.0,2.3,19.5,7.638379026626373,4.067521203561411,0.0,0.4624110400599119,0.41526384112208986,0.39347499314103856
2022-03-16,20060000.0,7.2,19.8,7.911125370677913,4.375802795884312,0.010000000000000002,0.45892247863767743,0.4097043792449625,0.44403234589222507
2022-03-17,7080000.0,7.2,15.4,9.514182103933011,10.484567164146886,1.79,0.3673960082593242,0.3509154680617659,0.29039658587256933
2022-03-18,4690000.0,6.3,11.2,9.63536776187487,6.596627470676489,0.7400000000000001,0.15484591488032848,0.14463992121980176,0.1296627718634988
2022-03-19,8990000.0,2.0,7.4,6.339610039413273,10.448650862128686,0.13999999999999999,0.28337250250577284,0.2660596018822936,0.18465427699357115
2022-03-20,9910000.0,-0.1,9.2,5.986832482946631,7.105441749267688,0.03,0.25170642414669947,0.23271516441357237,0.20532715327812837
2022-03-21,16110000.0,2.6,13.4,4.86891871054342,6.698390326394729,0.03,0.4546950077786298,0.42037252733904334,0.4030066252055276
2022-03-22,19290000.0,2.2,12.9,5.579312887702119,6.00400848737615,0.0,0.41382036992406623,0.37325441708472273,0.35556123190857053
2022-03-23,15580000.0,2.0,11.9,5.64634256559541,4.791833294261823,0.05,0.3286789869263847,0.2964905489096094,0.29845911563715316
2022-03-24,21450000.0,6.8,15.9,7.579904411528873,5.875308405144259,0.0,0.47735423204571986,0.42736127376578825,0.4064978463976677
2022-03-25,11630000.0,9.5,18.9,13.724097334979893,19.01468889346993,3.69,0.4465016052282296,0.41751431941583894,0.2588707466704342
2022-03-26,9880000.0,3.0,11.9,8.415920073273995,10.484567164146886,0.04000000000000001,0.2721648877265568,0.2514483954711364,0.18926126813996705
2022-03-27,19610000.0,2.0,16.0,5.518065247715889,9.511833984487241,0.0,0.7241439809972203,0.6811739983903262,0.48678050024780173
2022-03-28,17470000.0,1.6,14.4,6.293817715788962,5.139024213771111,0.0,0.38682143380290335,0.34960146277375526,0.3354976574235119
2022-03-29,22400000.0,5.2,17.3,7.745094260902868,5.22282891848025,0.0,0.4681048283638959,0.4160283375469095,0.4114481862182312
2022-03-30,16050000.0,6.9,20.9,12.878370365758368,9.320280373723495,0.22000000000000003,0.4539314577829224,0.4141940757529114,0.3305097560858278
2022-03-31,13110000.0,3.7,14.9,8.386467532396413,7.817781739295366,0.010000000000000002,0.3514189927647683,0.32245513354105204,0.2873428642881112
2022-04-01,18560000.0,1.3,14.7,7.220086586896176,4.720000690225418,0.020000000000000004,0.3663803096265459,0.3268380851101756,0.30344365398109907
2022-04-02,23390000.0,-0.6,13.1,5.689684112628439,5.8962595813215435,0.0,0.46338746493625227,0.41607775865829116,0.3455144453291036
2022-04-03,23460000.0,0.9,16.0,5.830361621162501,5.929182858171562,0.0,0.587011583788506,0.5363867053637923,0.42804221941937115
2022-04-04,23730000.0,2.3,17.6,5.435656646071078,4.857679847961861,0.0,0.6111076140483739,0.5577581562294934,0.47724103119635386
2022-04-05,18130000.0,2.5,16.2,6.047147890328515,4.244109688484238,0.0,0.43749658286336146,0.39738759725721773,0.3826980384361776
2022-04-06,22680000.0,4.2,18.5,8.342459177946667,5.201877742302966,0.0,0.5262195173992501,0.47335983004312654,0.41457777817669933
2022-04-07,23160000.0,3.7,16.8,7.185803509820094,5.6179082406804755,0.0,0.520005142199698,0.46752427289206555,0.41895907172788754
2022-04-08,23560000.0,10.6,22.5,7.149535328999865,6.204541173644447,0.0,0.712892211706716,0.6511924392584293,0.679785766561535
2022-04-09,23360000.0,8.8,23.5,8.484997722074501,9.679443393905519,0.0,1.0555739924260066,0.9948892850697668,0.7241212166810969
2022-04-10,21940000.0,14.4,24.9,12.396686000781859,9.083831385436998,0.0,0.8122533928571549,0.7513739716734663,0.6864172801801656
2022-04-11,18550000.0,17.0,26.4,16.82155036769581,8.332582068222932,0.020000000000000004,0.6852830508598367,0.6320276086011952,0.5838167319326171
2022-04-12,21290000.0,15.9,25.6,16.69091624620527,7.0366021703994655,0.03,0.6422809706440693,0.5820922594711461,0.5337355578569961
2022-04-13,7340000.0,11.1,21.4,12.867648881638448,12.447991674475277,0.36000000000000004,0.5154723685096858,0.4963657538552374,0.4185450120663002
2022-04-14,12990000.0,10.6,21.0,10.621601808270038,5.650831517530495,0.0,0.4515032747670123,0.41799898229806276,0.43358860888876405
2022-04-15,24210000.0,6.0,21.3,7.649669680643804,9.254433820023458,0.0,0.982564564992213,0.92296124010452,0.6359490448870895
2022-04-16,24370000.0,5.9,20.5,5.985013078445315,6.557718143490102,0.0,0.8261487315322047,0.7667664161622076,0.627523753950935
2022-04-17,25140000.0,9.1,21.0,6.430140555005693,6.635536797862874,0.0,0.7423812963913792,0.6785522730652404,0.671560354274853
2022-04-18,18030000.0,7.8,23.7,4.295116898694629,6.683425200553811,0.0,1.0515991809299448,1.0051435795155812,0.7880780729638832
2022-04-19,22650000.0,8.6,23.7,6.010529290065639,5.653824542698678,0.0,0.8809373124267484,0.8220970460903259,0.7122556379068807
2022-04-20,24600000.0,10.9,23.0,5.3807725510571585,5.698719920221431,0.0,0.767249296101078,0.7023135406652736,0.7526424314601172
2022-04-21,13360000.0,10.4,19.6,9.486827951417064,7.2730511586859645,0.010000000000000002,0.5343852627966934,0.5005011999051511,0.4754273454845257
2022-04-22,23570000.0,13.9,24.1,13.697655238474928,9.541764236169076,0.0,0.7883105255848261,0.7236542644655012,0.6100582637574544
2022-04-23,17840000.0,11.3,27.1,15.022673217068714,6.246443525999017,0.0,0.6767834145483452,0.6276706197392311,0.5308362867113858
2022-04-24,24130000.0,14.0,26.5,15.457876720556337,5.698719920221431,0.0,0.6794431804489597,0.6117939990082625,0.5760112257079869
2022-04-25,12600000.0,16.8,26.9,16.762879780073753,9.242461719350723,8.56,0.6428995615174833,0.6066402809378315,0.5802171638616167
2022-04-26,10110000.0,12.2,21.1,14.666254117596008,9.245454744518906,0.13999999999999999,0.40352586493880144,0.3769965963416625,0.3275682100870686
2022-04-27,22440000.0,9.2,23.1,9.607706792518494,4.725986740561785,0.0,0.6489703786062642,0.5906756511630269,0.5520668295105616
2022-04-28,20630000.0,11.2,23.2,11.662833028528615,6.494864614958248,1.22,0.6190333296504305,0.5643106220630238,0.5441100150483823
2022-04-29,16149999.999999998,11.4,20.0,10.75816948148084,7.835739890304468,0.03,0.5771116989410824,0.5355431407569358,0.4770071214085866
2022-04-30,13690000.0,7.5,16.5,10.41516175371858,7.698060732568026,0.020000000000000004,0.391850333699992,0.35942788016687677,0.30112487793769427
2022-05-01,26570000.0,8.4,18.2,7.66323790845196,8.20388198599104,0.0,0.7486012886136882,0.683708735208534,0.5696632028551691
2022-05-02,25050000.0,6.3,20.6,8.108791470965818,7.060546371744935,0.0,0.7802206011625396,0.7188294766689294,0.568993934368305
2022-05-03,26760000.0,6.3,20.6,7.654190065290242,5.686747819548697,0.0,0.7423969130831289,0.6768150172169013,0.5702475369509771
2022-05-04,26360000.0,7.8,23.9,9.464994549436245,6.387115708903642,0.0,0.8926233636530737,0.82456450497086,0.6397547992487322
2022-05-05,26110000.0,12.6,25.9,12.978816812262313,6.554725118321919,0.0,0.8133589441628948,0.7414154227033875,0.6543433917256583
2022-05-06,21340000.0,13.4,27.7,14.494811248284513,5.737629247407816,0.0,0.7509825244681397,0.6908526844829832,0.6206188959933706
2022-05-07,22210000.0,10.6,23.6,10.630658602367598,9.038936007914245,0.010000000000000002,0.8497731850534377,0.7909739189928,0.6520141538163781
2022-05-08,20460000.0,15.0,24.0,11.192983368522112,6.716348477403829,0.010000000000000002,0.7348980006884634,0.6782737363378323,0.6593307256263957
2022-05-09,13830000.0,11.1,22.9,11.412917824303165,4.022625826038658,0.0,0.43081621007216836,0.39427383549558864,0.4298648568467211
2022-05-10,20200000.0,14.5,25.0,10.279505558462375,5.204870767471149,0.0,0.6794870304950711,0.6233384280331384,0.6571234760158824
2022-05-11,17760000.0,16.2,26.1,12.095704922328554,4.235130612979687,0.13,0.5968560008130596,0.5463165344057629,0.5940379275743283
2022-05-12,14880000.0,16.2,27.3,13.457966535372734,3.828079190106728,0.0,0.5251211644003323,0.4823681588636964,0.5421098331946389
2022-05-13,10410000.0,10.1,23.1,11.830999725673465,7.524465272813381,0.0,0.5301880939402415,0.5028987932558849,0.47202272082361907
2022-05-14,24990000.0,11.9,22.5,7.378342789505984,10.735981278274302,0.0,1.063426470473114,0.997138517850269,0.8360421146576188
2022-05-15,26390000.0,10.5,21.4,6.761125673290353,8.066202828254598,0.0,0.8936628402554861,0.8253862832195968,0.748852868352995
2022-05-16,27480000.0,10.9,24.9,8.286522788775208,7.653165355045273,0.0,1.056654413153529,0.9827796701054764,0.8093249570245467
2022-05-17,25150000.0,13.9,26.8,11.161420252930203,7.716018883577127,0.010000000000000002,0.9618312983448616,0.8912033368219024,0.803838916586292
2022-05-18,26510000.0,15.5,28.4,8.951508346017244,10.1553343956467,0.0,1.3196261053056948,1.2432178734525556,1.0737025971172374
2022-05-19,19050000.0,16.0,26.2,7.269621546807446,7.024630069726732,0.0,0.8980019329186739,0.8438355956816579,0.891699872858549
2022-05-20,16430000.0,13.2,26.8,14.506715012697498,4.130374732093264,0.0,0.5464223198183901,0.5005559357100421,0.4975606604599374
2022-05-21,26180000.0,14.9,27.3,15.22027024186219,6.9498044405221435,0.0,0.8258901675887461,0.7514505503254874,0.6820604106915752
2022-05-22,26940000.0,14.4,28.1,14.698346148884696,6.919874188840309,0.0,0.9233621928105474,0.8465749153093517,0.7278505957938106
2022-05-23,24190000.0,13.6,30.5,13.933421778648425,5.857350254135158,0.0,0.985483850785914,0.9156533826356472,0.7754366823490227
2022-05-24,26280000.0,14.6,32.3,12.57411545458834,6.58166234483557,0.0,1.2121392453849984,1.134654712619994,0.9510740979086
2022-05-25,25680000.0,15.0,30.4,14.258530341737426,8.114091230945537,0.06,1.1917869198575692,1.1169113389916612,0.8740812078553247
2022-05-26,27300000.0,14.3,26.6,11.659556771770585,8.497198452473025,0.0,0.9924363725406542,0.9156416348359198,0.8221822815938011
2022-05-27,27010000.0,14.0,26.0,14.973627238398867,9.472924657300855,0.0,0.8754070864160612,0.8000053192361172,0.6681133570828363
2022-05-28,22380000.0,14.4,30.2,13.480279711634871,7.751935185595328,0.0,1.1437710648376078,1.07891475231547,0.8467907464498294
2022-05-29,23020000.0,18.3,28.1,16.068361418241512,9.832087677482878,0.5599999999999999,0.9668003291844899,0.8991766568707537,0.7935053436860733
2022-05-30,9690000.0,12.9,23.3,15.801126375936406,7.554395524495217,0.03,0.39392724555938935,0.36777974202069463,0.3547590989141754
2022-05-31,27390000.0,16.2,28.9,9.137477894600886,5.3455429503757745,0.0,0.9472689354558208,0.867589168385566,0.8955313539681882
2022-06-01,26080000.0,15.9,31.1,13.065461147366204,5.7615734487532855,0.0,1.0684436378697728,0.9914926352910222,0.8674542865711562
2022-06-02,25730000.0,19.4,28.5,18.450734464366274,6.725327552908379,0.0,0.8478873930446345,0.7714744274523843,0.7044064281692337
2022-06-03,25040000.0,17.5,32.5,17.343809056713138,7.066532422081302,0.11000000000000001,1.1010783142495255,1.025618025155802,0.8646370282828716
2022-06-04,19160000.0,18.2,29.2,15.199581331831787,13.932532157894306,2.41,1.1814483310657038,1.1247509440050625,0.9391042512237355
2022-06-05,6890000.0,15.0,21.1,18.51946859413317,9.811136501305594,1.47,0.26153068554906184,0.24295605266801953,0.1931014775617504
2022-06-06,22320000.0,16.5,24.7,18.553919718554173,8.212861061495591,0.38,0.6655269567203784,0.6025832964484659,0.4780203008840541
2022-06-07,16230000.0,16.4,22.4,16.87586759332345,8.595968283023083,0.34,0.5591412683377999,0.5143025486273517,0.4146784698166958
2022-06-08,18640000.0,15.2,23.6,16.4234603565307,5.680761769212331,0.16000000000000003,0.5379895647548161,0.4864927233868091,0.4366570214354823
2022-06-09,25890000.0,15.3,25.9,15.737061667627477,6.3092970545308695,0.0,0.7498705553472349,0.676859293499573,0.6092887194425531
2022-06-10,22220000.0,16.9,26.6,17.633769391198562,5.537096561139521,0.0,0.6630728977258138,0.5992307080064557,0.5554811448843371
2022-06-11,23170000.0,17.5,30.0,19.168505951974133,4.121395656588713,0.15000000000000002,0.6874200773483701,0.6188069893489035,0.6040406758593254
2022-06-12,20310000.0,18.2,27.7,17.77084852253451,5.677768744044146,0.13,0.6770872748395804,0.6176459342513391,0.5960917145134539
2022-06-13,8510000.0,17.9,23.8,16.579015619099724,8.95812432837329,0.66,0.5255324958500582,0.501434224014979,0.46311798499407375
2022-06-14,8780000.0,17.1,22.4,17.035172368374685,7.9135585446772385,0.53,0.4229096857270419,0.3985045010925979,0.36200835394504666
2022-06-15,21060000.0,17.5,25.0,20.955612210553777,8.751605591768625,0.16000000000000003,0.6108301009319497,0.5508026301013935,0.4105845008197527
2022-06-16,23880000.0,18.5,26.1,19.608741020612115,6.414052935417292,0.010000000000000002,0.7042753673865826,0.6350721170278404,0.539393266865073
2022-06-17,19580000.0,20.4,29.0,22.134379849199263,5.968092185357948,0.03,0.6584911841687597,0.5997270816872042,0.5542524870993644
2022-06-18,24960000.0,20.6,28.3,22.481649245694047,7.267065108349598,0.16000000000000003,0.7909022359512872,0.7162508968203705,0.5974260185854121
2022-06-19,21310000.0,20.2,32.5,23.33460747278462,4.788840269093639,0.020000000000000004,0.7065203438134986,0.6411475349531763,0.6284471566595394
2022-06-20,22020000.0,22.0,32.5,23.55221748010991,4.223158512306953,0.020000000000000004,0.7180630901410227,0.6497475269193851,0.6429237647436341
2022-06-21,21840000.0,20.2,32.5,23.99893582466139,4.944477577839183,0.18000000000000002,0.714246191539694,0.6472474986485895,0.6238182378130979
2022-06-22,25730000.0,22.7,32.0,24.78742758803736,7.464604769449711,0.03,0.9155788719416501,0.8356557037656082,0.74109709210545
2022-06-23,11690000.0,22.4,29.3,27.56771658582928,15.548765748713409,6.5,0.6225822304590796,0.5869517214888368,0.4338015088972741
2022-06-24,17700000.0,23.3,27.7,27.07025404808565,10.765911529956137,0.09000000000000001,0.6517601969104206,0.5980598479533321,0.43697794422306285
2022-06-25,17150000.0,24.2,28.6,27.063400411694282,11.753609835456702,0.08000000000000002,0.7333058281459371,0.6806611047377442,0.514971594704655
2022-06-26,12780000.0,23.5,29.2,28.536358414015382,12.364186969766141,0.22000000000000003,0.5828365360712908,0.5436312569894082,0.4177567126478056
2022-06-27,14280000.0,25.0,29.5,28.044852472374608,16.43170817332755,0.04000000000000001,0.826250256674745,0.7819475208525387,0.55896687863072
2022-06-28,18080000.0,25.2,30.4,27.700315034865852,17.548106561060003,0.03,1.026795187055229,0.9703290194422951,0.6766143901387267
2022-06-29,15180000.0,24.9,30.2,28.550716375694815,14.255778876058129,0.1,0.7922977810557253,0.7450307448184301,0.5618488395109971
2022-06-30,21830000.0,23.6,31.5,27.407944432107726,10.535448592006006,0.05,0.8803716935896425,0.8123980835066285,0.6581532553438445
2022-07-01,25790000.0,21.1,32.5,25.267438633076672,7.192239479145011,0.0,0.8679242643564796,0.7883568742454343,0.7033682816430888
2022-07-02,24760000.0,23.9,35.4,24.76839406733943,4.1603049837751,0.0,0.8391820353615109,0.7602009505748774,0.7681241192378899
2022-07-03,22410000.0,24.6,34.7,25.552808962012143,7.153330151958624,0.25,0.9276870634219684,0.8562021639846316,0.8340537010495053
2022-07-04,21010000.0,24.5,33.0,28.486155167172218,4.309956242184276,0.5900000000000001,0.6970293028076864,0.6306808004301613,0.5919040274713743
2022-07-05,16040000.0,24.7,32.0,28.737944493501764,5.276703371507553,0.29,0.59452998362483,0.5441093646102416,0.5162302363863518
2022-07-06,20190000.0,26.0,34.0,28.948039237899664,12.57669175670717,0.05,1.0533880268010658,0.9887396257594974,0.8323508814009776
2022-07-07,19220000.0,25.5,35.3,29.342824222372897,11.849386640838574,0.76,1.0186283397415297,0.9568229435514393,0.8516755038344623
2022-07-08,16920000.0,22.8,29.6,28.550716375694815,7.048574271072201,0.82,0.561273489121439,0.5094676068858244,0.42158162649941655
2022-07-09,20950000.0,22.5,31.4,25.953092540884406,6.806139232449334,0.010000000000000002,0.7411132086178656,0.676357261405762,0.6089564671414689
2022-07-10,22200000.0,24.6,33.8,28.34314186421814,6.432011086426395,2.22,0.8217105550797008,0.7512469458685811,0.6957542955031457
2022-07-11,15590000.0,23.9,30.2,29.328119209179945,5.692733869885064,0.5700000000000001,0.528559152981218,0.480311095947187,0.422245769534498
2022-07-12,14060000.0,24.1,29.8,27.470367417512605,9.143691888800667,0.15000000000000002,0.61843122550633,0.5749721029382072,0.49607863687287057
2022-07-13,13690000.0,24.6,29.0,29.152159994735353,12.268410164384267,0.24,0.6132769776791429,0.5710405460924732,0.43058384176081044
2022-07-14,22360000.0,22.7,30.0,27.512051673286415,7.299988385199616,0.020000000000000004,0.7209436943584515,0.6523497944937491,0.5303921478188863
2022-07-15,24000000.0,22.4,31.8,26.058987457644527,5.983057311198866,0.010000000000000002,0.7851647519002145,0.710843494000307,0.6385426839911407
2022-07-16,23100000.0,23.1,30.0,25.254533691596617,7.392772165413305,0.08000000000000002,0.7997545032854314,0.7287100934534048,0.6224027223867584
2022-07-17,14420000.0,23.0,31.4,27.104544970126398,7.665137455718007,4.55,0.6080362026443449,0.5633265411965431,0.5271259172079394
2022-07-18,7280000.0,23.4,27.2,29.431189486488943,9.454966506291754,3.29,0.29268803829097245,0.27066001662510986,0.2160759942674108
2022-07-19,23980000.0,22.1,28.9,26.83127655542827,5.983057311198866,0.05,0.6958024939354321,0.6230491398116478,0.5021651057398369
2022-07-20,22160000.0,24.0,30.9,27.700315034865852,7.1802673784722755,0.9199999999999999,0.7674615639667584,0.6985438688399488,0.593773218794254
2022-07-21,17240000.0,21.9,26.7,24.534695421809747,12.325277642579756,0.05,0.67869804152618,0.6272441753114346,0.4502117806064813
2022-07-22,23130000.0,21.5,27.3,25.093707197623612,6.063868990739821,0.11000000000000001,0.6576647353390228,0.588534940185578,0.4705034490045589
2022-07-23,14620000.0,23.9,28.8,27.180118548319143,11.663819080411196,1.58,0.661965156045967,0.617115298442123,0.48319993138636175
2022-07-24,12730000.0,21.5,27.1,27.056548290648177,9.284364071705292,0.17,0.42742615646552257,0.3894326694055627,0.29559987984803565
2022-07-25,19120000.0,21.6,29.0,27.180118548319143,5.360508076216692,0.04000000000000001,0.5593191676317671,0.5014653524873587,0.42284089369967226
2022-07-26,24990000.0,21.2,30.8,26.466182476221444,6.279366802849035,0.0,0.7529783400748353,0.6766611241230445,0.5739327762475431
2022-07-27,23490000.0,23.4,31.5,26.138656157225054,9.335245499564412,0.0,0.901186396244273,0.8281323954081378,0.6972328755642048
2022-07-28,24910000.0,25.4,32.6,27.784348028283265,9.936843558369302,0.0,1.0131258634642943,0.9342379277597127,0.7804168198452484
2022-07-29,23340000.0,25.6,34.3,26.66170836527822,8.503184502809393,0.0,0.9999220299429942,0.9252275667147135,0.8577654575041901
2022-07-30,11020000.0,26.0,31.5,28.565080642484464,14.273737027067229,0.24,0.804538528749149,0.7697379339752164,0.6435030382968115
2022-07-31,8500000.0,25.8,27.6,30.953921269800674,16.536464054213972,1.6,0.4637523760158281,0.43756100226159644,0.2956395518886823
2022-08-01,14580000.0,25.4,30.3,31.403644649616012,14.854383909694834,1.0,0.6824593800038745,0.6368970172624486,0.4516773603490144
2022-08-02,16830000.0,24.5,30.8,30.327693629629415,8.105112155440985,0.5900000000000001,0.6159463369317508,0.5634784145941613,0.46761920696613346
2022-08-03,16920000.0,25.5,30.7,31.97776718961487,6.7672299052629485,0.7000000000000001,0.5780300251356185,0.5249984990432454,0.4324182461065414
2022-08-04,22500000.0,26.0,31.4,31.835359305409,7.398758215749672,0.21000000000000002,0.7623620036475105,0.691348737594234,0.5526476902160176
2022-08-05,21410000.0,26.2,31.7,32.53686934839029,7.937502746022706,0.11000000000000001,0.7486500655304782,0.6808846147384109,0.54116545362244
2022-08-06,20570000.0,24.6,31.9,31.788013055576027,6.063868990739821,1.26,0.6616535601781736,0.5970685288904861,0.49856089597800424
2022-08-07,19850000.0,27.1,33.4,32.360240395827,10.388790358765014,0.24,0.8695877842556274,0.8058578768757843,0.6681368682269258
2022-08-08,21450000.0,26.9,33.4,30.02624797011429,13.217199142698446,0.010000000000000002,1.0731416604430248,1.0043481940601944,0.8059714710754824
2022-08-09,18690000.0,26.4,33.0,29.996247675370128,13.914574006885205,0.2,0.9942546360844506,0.9346034616208334,0.7461537801643325
2022-08-10,11600000.0,26.3,32.2,30.274750853867417,10.840737159160726,0.03,0.6746426828093173,0.6378033099295923,0.5743134511871594
2022-08-11,7010000.0,25.0,31.4,31.19358676865446,8.775549793114093,1.2000000000000002,0.4076461837194313,0.3856492780036468,0.37707067336269
2022-08-12,15960000.0,23.4,31.2,30.304993987270326,4.830742621448209,0.31000000000000005,0.5056816524193535,0.4561365398179487,0.4093055761723295
2022-08-13,13560000.0,26.2,30.8,32.48057828554332,8.473254251127559,0.5599999999999999,0.5400664435906322,0.49736737624681815,0.4147693517465079
2022-08-14,19250000.0,27.1,31.7,31.724980238233726,12.055905377443239,0.020000000000000004,0.8551414312170665,0.7939051871787954,0.613575931908756
2022-08-15,20630000.0,24.8,32.3,30.304993987270326,16.554422205223077,1.33,0.9902985157475687,0.9252992611490519,0.6586392557405061
2022-08-16,9530000.0,24.2,30.4,29.861569728257418,5.378466227225793,2.47,0.37514343641422876,0.34555916805010667,0.33682976630400707
2022-08-17,14760000.0,20.8,28.9,27.221418004182823,4.414712123070698,0.25,0.4209735171932306,0.37658391526319324,0.33787609186593304
2022-08-18,21730000.0,21.1,30.1,25.364409504886716,4.1543189334387325,0.0,0.6138185466264594,0.5478040390275865,0.5021418970230215
2022-08-19,17000000.0,25.4,31.0,31.63063536585041,11.888295968024961,0.2,0.6962530197525489,0.6429081699425152,0.48556419102410936
2022-08-20,9820000.0,21.5,28.5,29.690249186500317,4.803805394934557,3.54,0.2801080798207465,0.2505146277879843,0.2183554242243551
2022-08-21,17830000.0,21.9,29.1,27.94603355187062,3.6814209568657352,0.13,0.4866475459317766,0.43255278763206534,0.38090790235777305
2022-08-22,23070000.0,23.5,31.1,26.594143611914006,5.22282891848025,0.0,0.7198891720693553,0.6482722705834901,0.5873054255694043
2022-08-23,11150000.0,22.8,29.2,28.92624331754849,5.432340680253097,0.34,0.372856448161554,0.33880534940755375,0.30944749606506466
2022-08-24,21730000.0,19.7,29.9,23.808336717191356,5.168954465452947,0.020000000000000004,0.6270874650888703,0.5617809029908387,0.5195235234857553
2022-08-25,18930000.0,20.3,29.0,20.49971934318834,6.054889915235271,0.020000000000000004,0.6525672333676933,0.5957931471997994,0.5818621268694253
2022-08-26,23880000.0,20.3,28.5,20.672358468683903,5.683754794380514,0.0,0.7154227063811806,0.6440513484795696,0.5993091199638106
2022-08-27,21400000.0,16.1,26.9,15.818248899075359,8.176944759477388,0.010000000000000002,0.7489174948545019,0.6876752072735905,0.6421951385369932
2022-08-28,22070000.0,18.2,28.4,16.494411753589848,5.291668497348472,0.0,0.6897819706048389,0.6248533062709523,0.6407312094511134
2022-08-29,9440000.0,21.5,26.9,20.802671731621004,8.141028457459187,0.1,0.5250619979968081,0.49692737967743106,0.485633710906598
2022-08-30,14050000.0,22.5,29.9,27.0017858407701,8.266735514522894,0.31000000000000005,0.5464254200722755,0.5034069422111414,0.4494572464736491
2022-08-31,15340000.0,18.2,27.0,21.98535986955693,7.024630069726732,0.03,0.4841776735627481,0.43951837854336057,0.39675767286318625
2022-09-01,8170000.0,19.6,26.4,20.994000760122624,4.507495903284387,0.0,0.3290187469074931,0.30508971258185974,0.32784001069271096
2022-09-02,11460000.0,22.4,26.6,21.231169367508137,10.747953378947036,0.2,0.6550545483227465,0.6207556381960507,0.5444757608112056
2022-09-03,17790000.0,23.2,29.0,24.66077853579152,15.638556503758915,0.52,0.9150297842206754,0.8606303042266592,0.6321727764044014
2022-09-04,14390000.0,23.8,31.0,27.69332231234728,9.963780784882953,1.64,0.6522388733726746,0.6075130802875542,0.5376927908473972
2022-09-05,2600000.0,18.9,25.4,25.657275953383863,20.8733575229119,8.68,0.14518349103149464,0.13766625844447117,0.11787650834460253
2022-09-06,19680000.0,15.6,25.3,19.24974837377551,9.820115576810144,0.0,0.5815075688228808,0.5261478458181491,0.4233682112842921
2022-09-07,22100000.0,14.9,27.5,20.317674520668636,5.411389504075813,0.0,0.5492679140055731,0.48632709924860035,0.4428489065699339
2022-09-08,21900000.0,17.9,27.1,19.188788347503905,3.5108185222792745,0.0,0.542944176379262,0.4792838447022592,0.47336177216092173
2022-09-09,22900000.0,18.5,28.4,19.459310326404623,4.393760946893415,0.0,0.6143288250483938,0.5468099589784317,0.5424172741542095
2022-09-10,13910000.0,18.1,26.9,19.952576451643054,4.597286658329893,0.020000000000000004,0.4290995959977086,0.3886651113572014,0.3989089280097696
2022-09-11,16700000.0,20.4,28.8,21.899786711186575,4.0106537253659225,0.010000000000000002,0.49694985961233273,0.4468985516978208,0.4539654659702693
2022-09-12,6300000.0,21.0,25.4,24.629204784274883,3.283348609497327,0.31000000000000005,0.20725810487821938,0.18875119195134973,0.19489179753241412
2022-09-13,7670000.0,19.9,27.4,22.692290525535682,7.742956110090778,1.21,0.38527021800323824,0.3625899184804035,0.3658292251901536
2022-09-14,18080000.0,23.1,29.5,21.644813257204262,16.83875959620051,0.0,1.134491859180555,1.079063190758795,0.8181688954973257
2022-09-15,20560000.0,22.8,30.1,24.215730388043276,16.270084814245642,0.020000000000000004,1.0353191929202623,0.9721667412542626,0.7211174064674748
2022-09-16,18610000.0,21.9,30.5,26.58739536877839,9.044922058250611,0.020000000000000004,0.6578662328436455,0.6008858860112111,0.5189294565290102
2022-09-17,17670000.0,23.2,32.4,26.668473078980746,5.8543572289669745,0.6900000000000001,0.6224343935435273,0.5672487087138512,0.5613922682548542
2022-09-18,17940000.0,25.1,33.1,24.622894275558934,17.084187659991557,0.0,1.2596867485241992,1.202808269563128,0.972287639424863
2022-09-19,18630000.0,16.0,29.5,19.092614125417036,13.63023661590777,0.0,0.9419712997002556,0.8876104489451819,0.6747038842801535
2022-09-20,18660000.0,15.8,27.1,13.967940532621586,5.7136850460623485,0.0,0.6054433634717913,0.552085101427891,0.6040773962683516
2022-09-21,19180000.0,13.8,25.9,12.814159058167135,5.3455429503757745,0.0,0.5672621757323209,0.5138566161388464,0.5629881585681706
2022-09-22,17750000.0,15.2,27.2,14.060358040746396,3.86399549212493,0.0,0.49269945354498057,0.44214744169266096,0.5114171819687725
2022-09-23,18440000.0,12.6,26.1,12.782159065694389,8.76357769244136,0.010000000000000002,0.7793587421378019,0.7284592818384096,0.6420567956735586
2022-09-24,20590000.0,16.4,24.3,12.153343006480485,8.144021482627371,0.0,0.7447372193167687,0.6869149637399207,0.669401678894793
2022-09-25,9860000.0,17.4,25.2,13.380125761648523,3.807128013929443,0.0,0.3975127842782678,0.3693860453120138,0.4419473875489596
2022-09-26,6470000.0,14.2,24.0,14.799031482532037,3.172606678274536,0.020000000000000004,0.25393345921190796,0.23615347268435088,0.2909063685984343
2022-09-27,19930000.0,16.4,29.4,15.274177129026661,3.8131140642658106,0.0,0.5687068323927125,0.5104212986544592,0.5622606091531408
2022-09-28,12110000.0,14.6,27.1,16.704388732720854,4.226151537475136,0.0,0.38705979706704574,0.35276719167071097,0.40164706534660166
2022-09-29,19920000.0,13.4,27.6,15.891201385404466,4.995359005698303,0.0,0.5732054798176667,0.5171236763516683,0.5059114825105813
2022-09-30,19810000.0,14.4,30.0,15.895501886235134,3.4659231447565215,0.0,0.5812212037996447,0.5239012633137259,0.5221924664506272
2022-10-01,17830000.0,15.2,31.4,13.994840361155807,4.226151537475136,0.0,0.703231367255228,0.6507765378454771,0.6333987287758734
2022-10-02,18160000.0,22.5,28.8,21.021458824589498,11.071200097110857,0.0,0.8329433005588909,0.7777377925406547,0.6925304715695899
2022-10-03,12060000.0,20.9,29.8,24.302926381465962,15.476933144677007,0.42000000000000004,0.7171850728585322,0.6806691425823705,0.5585253350874362
2022-10-04,7510000.0,15.3,20.7,14.289837726003833,11.373495639097394,0.5,0.4935279543535849,0.473300808322374,0.4018693307233271
2022-10-05,18880000.0,14.2,19.9,11.659556771770585,4.818770520775474,0.0,0.4472879826217489,0.39735339973781997,0.41727150289022125
2022-10-06,16219999.999999998,15.2,21.8,11.8875272989872,7.92253762018179,0.0,0.5909568276873819,0.5468639626240769,0.5353047880400804
2022-10-07,16710000.0,11.1,19.5,10.471652049682204,9.18858726632342,0.010000000000000002,0.556033875106679,0.513382426165972,0.4643260540185465
2022-10-08,10710000.0,15.8,22.2,10.621601808270038,8.15898660846829,0.06,0.609980436843619,0.5806012023681004,0.5920199298683391
2022-10-09,3190000.0,11.9,17.0,13.37273302891287,8.452303074950272,0.75,0.20977314571884534,0.20177830848880057,0.1989087054682172
2022-10-10,15190000.0,12.2,15.6,8.886824994100797,14.986077017094908,0.04000000000000001,0.7692684139141337,0.7316602623231141,0.496885508724481
2022-10-11,15060000.0,6.3,18.3,9.596662010054208,9.682436419073701,0.0,0.4472036188088916,0.4112769942772534,0.37880191341218256
2022-10-12,18250000.0,8.8,22.4,10.125137167963791,4.351858594538845,0.0,0.4408597224398963,0.3939835127685007,0.4270124941720453
2022-10-13,17680000.0,9.7,23.1,11.920889661625107,5.2078637926393325,0.0,0.44745733349881983,0.4012953377080998,0.42102530934650434
2022-10-14,16950000.0,12.2,23.8,13.693881452063568,3.283348609497327,0.0,0.346296038596437,0.30064355853930985,0.3577740367451737
2022-10-15,16370000.000000002,12.8,25.0,14.64222548347855,3.2294741564700233,0.0,0.3491850997733149,0.3043601266604905,0.36189774133471964
2022-10-16,16100000.000000002,14.1,24.2,14.192202087726796,7.991377199050011,0.0,0.5247800412812935,0.4804967609397253,0.4920107268026432
2022-10-17,17130000.0,8.0,17.1,6.1451430056083804,14.830439708349363,0.0,0.8896551170995253,0.8485455765036237,0.6166947642472955
2022-10-18,17350000.0,4.8,15.1,6.087656077027161,9.870997004669265,0.0,0.5424625860843022,0.5034565560313069,0.4453223075411269
2022-10-19,17060000.0,4.2,17.0,7.508478350714133,8.778542818282277,0.0,0.4873316966426568,0.4483204277685163,0.4041699653831719
2022-10-20,17090000.0,7.8,21.9,8.063703962399984,4.510488928452571,0.0,0.46524314078646817,0.4220382119194615,0.45757983285685216
2022-10-21,9890000.0,13.2,21.8,12.153343006480485,3.172606678274536,0.1,0.27303458654727286,0.24664836338958301,0.3104504903014492
2022-10-22,14850000.0,11.9,22.8,13.050985219516859,7.270058133517781,0.010000000000000002,0.43407790507439376,0.3945726119224398,0.4252299913538275
2022-10-23,16079999.999999998,7.7,19.5,7.9859195963191105,11.160990852156363,0.0,0.6349051905889608,0.5953622581587833,0.5418829794647728
2022-10-24,16180000.0,3.8,15.9,5.81261033089028,11.603958577047523,0.0,0.611100791108212,0.5748215701403407,0.4841776742651386
2022-10-25,16170000.000000002,5.4,18.3,5.738575835526856,5.57899891349409,0.0,0.44840042972708305,0.41024442189754107,0.45868931699633003
2022-10-26,13470000.0,10.2,21.2,7.153793766245317,5.049233458725605,0.0,0.423662388057629,0.38899189401797235,0.49704439041166537
2022-10-27,15300000.0,7.6,21.5,9.42689262222982,6.985720742540346,0.0,0.510546836995302,0.4721177919118579,0.45872109807675077
2022-10-28,15200000.0,8.6,21.6,11.045316688392909,4.845707747289127,0.0,0.3473889042721518,0.30875581755378134,0.35926619365280044
2022-10-29,12740000.0,7.9,22.8,10.418128223753648,5.261738245666637,0.0,0.43084078350440275,0.3982882615672917,0.406609478037653
2022-10-30,14410000.0,10.1,22.2,10.159908549094528,5.249766144993902,0.0,0.3782355896785006,0.3408012303889709,0.4278392831388992
2022-10-31,13570000.0,7.3,21.2,10.400340556788532,6.285352853185402,0.0,0.4043721620728015,0.370512082278205,0.381547749591174
2022-11-01,14200000.0,8.4,21.3,11.77140483299389,7.021637044558549,0.0,0.3711323929212028,0.3352336223002844,0.3583379380680311
2022-11-02,14540000.0,3.8,20.6,8.522208907211343,5.875308405144259,0.0,0.45101378742644316,0.41641103780533006,0.3923289772166127
2022-11-03,14360000.0,7.5,19.7,7.2609852757216755,10.876653461178927,0.0,0.6440352988403544,0.608722083063156,0.5684790452489467
2022-11-04,14140000.0,3.2,11.6,5.15493974294798,10.816792957815256,0.0,0.47729360896090106,0.44768815622173586,0.37249629275232227
2022-11-05,14450000.0,2.3,14.6,5.892869341318879,7.808802663790814,0.0,0.3808023253075917,0.34962033497352896,0.36305090156423997
2022-11-06,13770000.0,3.3,16.7,7.519599354659025,5.300647572853022,0.0,0.3013529935761702,0.2703544809114159,0.30683724360082626
2022-11-07,13580000.0,5.1,19.4,7.934431882980983,4.54341220530259,0.0,0.34186104811509355,0.30950398127090684,0.3496129626319589
2022-11-08,13380000.0,5.9,19.8,10.256072684888574,4.079493304234145,0.0,0.25858990175581864,0.2262515532138032,0.2763769348001798
2022-11-09,12420000.0,6.8,20.0,7.426633187262221,4.591300607993527,0.0,0.34932330785572796,0.31891989495874196,0.3917870565515714
2022-11-10,12640000.0,11.2,22.8,9.079492755674226,5.168954465452947,0.0,0.38151540652050453,0.3481173143550694,0.47053881702586187
2022-11-11,11820000.0,14.8,22.7,12.878370365758368,10.056564565096643,0.0,0.5439483383859944,0.5116698813263352,0.5109618283229601
2022-11-12,9620000.0,11.6,23.4,16.69091624620527,13.995385686426161,2.93,0.3472506704695225,0.3215847992079475,0.3044861071194675
2022-11-13,5360000.0,9.1,12.9,9.283871123805648,9.209538442500705,0.0,0.286737369499764,0.27435456814192793,0.24447862751628105
2022-11-14,8850000.0,5.1,15.0,8.305941284176104,8.248777363513794,0.010000000000000002,0.2869979519092593,0.26704883612749597,0.27906473582550956
2022-11-15,10640000.0,7.0,14.4,8.192429951278081,6.1267225192716745,0.0,0.2605077373365608,0.23611444759091382,0.27167986528699617
2022-11-16,12390000.0,5.7,15.8,7.720001112686005,5.863336304471525,0.0,0.2723042582907707,0.24386245263245793,0.30405807348834635
2022-11-17,11510000.0,1.7,16.9,6.539497037440632,5.459277906766749,0.0,0.3518269462231481,0.3263979592159036,0.3277519072624343
2022-11-18,12790000.0,6.2,20.0,6.883666478411396,4.818770520775474,0.0,0.37146604872771505,0.34037279720817826,0.4053777411128777
2022-11-19,12050000.0,8.6,20.5,9.76071231075359,6.737299653581114,0.06,0.3429820573842069,0.31271604475312825,0.39386025308947537
2022-11-20,6100000.0,6.7,18.9,10.890109222211365,4.84870077245731,0.0,0.1840763040198951,0.1693504145238769,0.231275117380246
2022-11-21,7300000.0,8.6,17.8,10.5254178381702,4.450628425088901,0.0,0.19438267679307483,0.17659478585335475,0.2353980490354331
2022-11-22,3230000.0,10.6,17.4,11.801169189989995,5.423361604748546,0.42000000000000004,0.18897184753716695,0.18095693496682275,0.21537887473906414
2022-11-23,10000000.0,6.2,16.4,8.667449873537171,8.691745088404955,0.0,0.3211443135190414,0.29786671436994766,0.31879229923744556
2022-11-24,10020000.0,2.3,16.1,7.747379021712874,5.049233458725605,0.0,0.22910680879035952,0.20702993522192448,0.2503854467341689
2022-11-25,9670000.0,7.3,18.3,9.836606590542996,5.677768744044146,0.010000000000000002,0.2376382057550817,0.21429404978352498,0.2843039329958986
2022-11-26,11570000.0,0.8,16.2,6.1414197399725525,8.221840137000141,0.0,0.4759302707007055,0.4509279595505234,0.36872031821425333
2022-11-27,11350000.0,4.6,17.7,7.73367937462937,9.487889783141773,0.0,0.44074862171447443,0.414427938849805,0.3938331768952677
2022-11-28,3180000.0,13.1,18.7,17.071769490937108,11.541105048515671,2.23,0.11157969385188844,0.1033608004144347,0.0956931982802623
2022-11-29,4560000.0,0.3,14.1,5.90544176791157,20.41542467217982,0.1,0.8258816654478249,0.816390346391389,0.4002380750038485
2022-11-30,4530000.0,-2.8,1.2,3.2472001051615815,12.795182593984567,0.0,0.3172771252000313,0.3101251276707037,0.1948129436068941
2022-12-01,9900000.0,-3.2,3.0,3.0217076334780133,6.252429576335383,0.0,0.19843566030685095,0.18236979777521206,0.19457438158489976
2022-12-02,11490000.0,-0.4,6.6,4.311417389931338,4.01663977570229,0.0,0.1433473367028963,0.12237823211677745,0.17680774800474505
2022-12-03,5220000.0,0.2,10.3,6.470958339636671,8.401421647091153,0.0,0.19143046674710645,0.1811978269690467,0.18721710193948846
2022-12-04,8650000.0,-2.0,3.8,2.418212613149863,12.702398813770879,0.0,0.46786404685094096,0.45328103256180274,0.3074658928823095
2022-12-05,8430000.0,-4.1,3.1,2.660384088342003,8.506177527977577,0.0,0.27106193496379055,0.25759375665617523,0.2280133471868282
2022-12-06,10110000.0,1.2,8.9,4.608578490012324,8.027293501068213,0.0,0.28476907343185814,0.2650773171734107,0.27078568270787595
2022-12-07,11160000.0,-0.6,10.4,5.581022762934096,7.356855863395104,0.0,0.20685194972686233,0.18522000370970076,0.22284555935606826
2022-12-08,10280000.0,-0.3,11.9,5.7666805056797505,5.082156735575625,0.0,0.17158515439311245,0.15108029457056127,0.21720410007934404
2022-12-09,4390000.0,-1.0,10.6,6.229445818491071,4.69605648887995,0.010000000000000002,0.12375480471194782,0.11527300585632343,0.15869221670105688
2022-12-10,6050000.0,1.8,10.4,5.3313041183685534,6.31827613003542,0.010000000000000002,0.2302457396154837,0.21806514868678054,0.24639502060568197
2022-12-11,11290000.0,-3.2,8.4,4.522688843240592,8.326596017886565,0.0,0.21885278163528854,0.19860543434101555,0.2207019274009468
2022-12-12,6030000.0,1.4,8.4,5.553720321706801,6.9946998180448965,0.0,0.20237477373945972,0.19068654484309017,0.200202859443455
2022-12-13,8740000.0,-3.7,9.1,3.927452297775453,15.752291460149888,0.020000000000000004,0.5228052470611637,0.5070757842838919,0.31430931028681375
2022-12-14,7180000.0,-3.4,-0.3,3.2886972500403835,6.285352853185402,0.010000000000000002,0.14418258512771884,0.13331824561146605,0.13389910295102686
2022-12-15,8940000.0,-2.7,5.9,4.698846412380074,7.835739890304468,0.03,0.168858688379851,0.1533911857234752,0.16236945048820833
2022-12-16,6420000.0,-3.7,1.8,2.276338478206211,8.314623917213833,0.010000000000000002,0.2824140478193023,0.2723385087038371,0.23329307404852723
2022-12-17,8300000.000000001,-5.9,2.6,3.230310635025375,9.077845335100632,0.11000000000000001,0.2034795230929601,0.19081695917781166,0.1701839436547265
2022-12-18,10890000.0,-6.9,-0.6,2.576504668871924,5.148003289275662,0.010000000000000002,0.12204998023365317,0.10684980857248567,0.13192084082112046
2022-12-19,8580000.0,-5.7,2.4,3.943766571880471,3.6365255793429823,0.0,0.07402996665893993,0.060940231912918995,0.09547971805578526
2022-12-20,11120000.0,-2.0,7.1,5.134254141539539,5.150996314443846,0.48,0.12020434247233433,0.10029702467001796,0.1470192696393803
2022-12-21,3840000.0,-1.8,8.0,6.430140555005693,7.659151405381639,0.39,0.1040550679451537,0.09704711654300432,0.1107017365661781
2022-12-22,6410000.0,-5.9,0.2,3.124462625947187,12.334256718084305,0.22000000000000003,0.2331820307233278,0.223880475770074,0.15005239921344854
2022-12-23,9000000.0,-7.2,-0.6,3.3317470576109383,13.896615855876107,0.09000000000000001,0.1847463651212245,0.17226670681103393,0.1122683634215299
2022-12-24,11130000.0,-13.2,-5.2,2.6129079190460835,7.446646618440609,0.0,0.05118946602512188,0.03920734282623893,0.04895181225028759
2022-12-25,11830000.0,-10.6,1.6,3.4909004320826984,7.081497547922218,0.0,0.0827104358521919,0.0667381680720365,0.09517798823841968
2022-12-26,8690000.0,-6.1,2.2,4.016010234823407,5.186912616462049,0.0,0.0853441201017336,0.07224906279923997,0.09745247204470855
2022-12-27,11300000.0,-4.3,4.8,4.269419506705287,5.26473127083482,0.0,0.11437995956150407,0.09579293141255496,0.1357141663593287
2022-12-28,9550000.0,-4.1,5.6,4.2991868911699775,6.467927388444597,0.0,0.146025865845414,0.13001602455166275,0.1574150008046894
2022-12-29,9290000.0,-4.8,4.4,3.9362294522039174,5.3515290007121425,0.0,0.12498387022746774,0.10996641209812694,0.1428596894590884
2022-12-30,9890000.0,-3.5,5.9,4.476056773349257,5.0252892573801375,0.0,0.12186027295774231,0.10499925344145747,0.1460606129205953
2022-12-31,10190000.0,-3.3,6.1,4.238494568554459,5.938161933676113,0.0,0.15432290808796353,0.13682159270232577,0.17156946593757263
2023-01-01,10830000.0,-4.0,7.8,3.862792250810074,7.967432997704543,0.0,0.23366499633033286,0.21472203749545432,0.23614224374265466
2023-01-02,10970000.0,-4.6,2.8,3.3112363921055765,8.832417271309582,0.0,0.21362862143041603,0.1963779239204635,0.18028114437396336
2023-01-03,10550000.0,-5.1,4.8,3.6473726388366474,7.225162755995028,0.0,0.17845391995431892,0.16136644181178675,0.17835960528144817
2023-01-04,10150000.0,-2.5,6.7,4.57691926656685,5.1180730375938275,0.0,0.13941268274978022,0.12153073152387095,0.16357567513010196
2023-01-05,9230000.0,-0.6,9.8,5.735071285325748,4.9774008546892015,0.0,0.14349741744732486,0.12578029556580128,0.17650355057416717
2023-01-06,10990000.0,1.8,9.6,6.034309002699918,9.224503568341623,0.22999999999999998,0.25154048756517955,0.2296879867367056,0.22474336481409507
2023-01-07,9560000.0,-3.1,7.8,4.542601858939812,9.568701462682728,0.0,0.24325160362544945,0.22625794254350406,0.21750016537685676
2023-01-08,11400000.0,0.3,10.2,6.056333307202095,4.884617074475512,0.0,0.14576386622651769,0.12341672188362865,0.17880541799326724
2023-01-09,8520000.0,-5.7,12.2,5.521452220172807,8.377477445745685,0.010000000000000002,0.2755722652968019,0.2599426567028817,0.23241426425436257
2023-01-10,11800000.0,-1.9,11.2,4.997701220914208,4.438656324416168,0.0,0.1810497638721259,0.15836242870037473,0.21600119959813302
2023-01-11,11470000.0,-1.2,12.4,6.3741473004095,4.133367757261447,0.0,0.15193304405876656,0.12919770799075986,0.18322169801817317
2023-01-12,9760000.0,4.2,16.4,11.8875272989872,13.336920149425785,2.06,0.12050715504213447,0.0983619416489852,0.12646833161716775
2023-01-13,2620000.0,7.9,15.3,12.732520913763725,8.063209803086416,0.22999999999999998,0.08692502389477243,0.08078057968516275,0.09232308854508095
2023-01-14,4390000.0,2.5,10.2,8.04006265717024,10.068536665769376,0.08000000000000002,0.1536370799644786,0.1447303950391718,0.13205161265193674
2023-01-15,2940000.0,-2.8,2.8,4.081641700004398,15.411086590976968,0.010000000000000002,0.3030780492936981,0.29828845757557937,0.16916872723402093
2023-01-16,10220000.0,-3.7,1.4,3.3895586632448413,11.101130348792692,0.0,0.2559877461215895,0.240076567055956,0.17435754336068052
2023-01-17,11120000.0,-2.5,4.1,3.8492358196679044,5.986050336367049,0.0,0.1757284330451991,0.15705149294123552,0.17369243245942217
2023-01-18,7420000.0,-4.0,5.4,4.3868317922307805,4.728979765729969,0.0,0.12415145673201444,0.11173582454695737,0.13946945726845136
2023-01-19,9200000.0,0.9,5.8,4.772780456827112,7.763907286268061,0.0,0.23177461516086045,0.2148394853190919,0.20183366723814986
2023-01-20,11500000.0,-5.2,4.4,3.1842662526085923,10.981409342065351,0.0,0.304708499101369,0.2862632391904675,0.22583124229104445
2023-01-21,12720000.0,-3.5,3.9,3.3371633199136275,5.462270931934933,0.0,0.18138090384770983,0.1604982611910299,0.18549180129511017
2023-01-22,3970000.0,-1.8,5.8,4.1128549029464985,4.818770520775474,0.010000000000000002,0.1634860028864324,0.1565168909527161,0.17458834190407346
2023-01-23,12330000.0,-7.3,8.8,3.8887903806578668,15.611619277245264,0.010000000000000002,0.5989480322309406,0.5782777345186942,0.2771064238621353
2023-01-24,9010000.0,-11.4,-6.0,1.62589774730511,15.87201246687723,0.08000000000000002,0.28744731028538945,0.27749613195423206,0.13718702335049768
2023-01-25,13750000.0,-11.8,-1.5,1.634490439376501,5.671782693707779,0.0,0.16095865825117436,0.14415560121386956,0.15584677683289933
2023-01-26,7530000.0,-3.7,5.6,4.524108631800859,6.731313603244747,0.020000000000000004,0.16306640071235534,0.1503478055526309,0.15588792248145128
2023-01-27,10680000.0,-5.2,-0.6,2.953910914624465,13.22917124337118,0.020000000000000004,0.2872623229024025,0.2717975344858502,0.16475543000071247
2023-01-28,8920000.0,-5.9,1.5,3.3469323008378495,6.363171507558173,0.03,0.1544438465254304,0.14114088719303544,0.13877848338480495
2023-01-29,9720000.0,-4.1,6.3,4.0803457212478556,8.036272576572763,0.0,0.2263530184553771,0.2098432588176121,0.20150766047944252
2023-01-30,14020000.0,-4.6,4.8,3.1790710094329535,5.782524624930569,0.0,0.20948458445888485,0.18655608293635514,0.20677632060509304
2023-01-31,13820000.0,0.4,11.1,5.715830080295424,7.380800064740572,0.0,0.2679819538055346,0.24045917557515603,0.25715533168305227
2023-02-01,13180000.0,-3.1,10.1,4.079050107429793,12.58567083221172,0.0,0.51054749688102,0.4861612999692129,0.3305571002747135
2023-02-02,12060000.0,-2.4,4.1,2.9181159609164906,8.1021191302728,0.0,0.3075526354884973,0.28725880200903087,0.25196052293452254
2023-02-03,13430000.0,-3.8,4.2,3.4282228284417107,7.503514096636096,0.0,0.24520740113592482,0.22315913927435158,0.2072073327129374
2023-02-04,14240000.0,-5.2,6.7,3.892517042841662,5.968092185357948,0.0,0.2021091002644045,0.17823683429340792,0.2014161358071933
2023-02-05,15000000.0,-4.6,9.4,2.8912847344587016,5.225821943648434,0.0,0.3197457787470755,0.2930346558305387,0.29209130944514994
2023-02-06,10330000.0,-2.5,12.1,3.60652048956335,4.321928342857009,0.0,0.30859777517097253,0.2886394648797197,0.2951246916589175
2023-02-07,14260000.0,-3.2,12.8,4.789183562900503,5.971085210526131,0.0,0.3711011376650042,0.34354978192896696,0.2954334698067675
2023-02-08,14910000.0,-2.7,9.6,4.384069098691924,7.14135805128589,0.0,0.2907855631953151,0.2632454937497007,0.2670306665167452
2023-02-09,6860000.0,1.9,10.8,6.218146693988897,10.526469516501455,1.92,0.32667214272202905,0.3127541794902285,0.25877464775955683
2023-02-10,11780000.0,-1.2,10.2,6.472907742750561,7.581332751008868,0.0,0.20010647547709842,0.17756861373758054,0.18242965849933893
2023-02-11,6800000.0,-2.5,9.4,5.96866042842487,4.11840263142053,0.010000000000000002,0.125474723026542,0.11291453038870307,0.14439886567553328
2023-02-12,7310000.0,3.2,10.9,7.5911187428434,4.809791445270924,0.26,0.16244370025596766,0.14729604687596956,0.16477382250767234
2023-02-13,7080000.0,-0.2,11.1,6.5809274887298574,6.988713767708529,0.0,0.1989463698447666,0.18497904931439266,0.19618430998193218
2023-02-14,15720000.0,-3.2,6.9,4.108941712167573,7.701053757736209,0.0,0.27897420935277994,0.25152777107473956,0.23227955500331113
2023-02-15,4660000.0,0.4,5.4,5.42730916038558,3.0439065960426444,0.0,0.11041256087667568,0.10196700600529725,0.11803764331418995
2023-02-16,6170000.0,-2.8,7.2,5.252991604210001,4.681091363039032,0.0,0.1364878474263418,0.1255787122318147,0.14254466426860715
2023-02-17,8930000.0,1.6,10.8,6.173131171504148,3.2504253326473074,0.010000000000000002,0.17006700826549237,0.15203252209354906,0.18731711324153807
2023-02-18,3550000.0,5.3,11.6,10.186056054478883,5.082156735575625,0.21000000000000002,0.08696054523369254,0.07929991785058371,0.0852054529301998
2023-02-19,11870000.0,-3.2,7.0,4.799647884584924,11.86435176667949,0.010000000000000002,0.3036926906056291,0.2829306480045203,0.20650807573442242
2023-02-20,15400000.0,-4.2,7.2,3.2355801921847354,13.193254941352977,0.0,0.4905654235826473,0.46401856358385335,0.31560200028237534
2023-02-21,16960000.0,-4.7,4.9,3.0727034578748462,7.341890737554186,0.0,0.30094163754415487,0.27320501943986786,0.2432365589680748
2023-02-22,12920000.0,-0.8,10.2,5.1294909906171435,4.717007665057235,0.39,0.2340532157292091,0.20917193919357485,0.2354232125309504
2023-02-23,16320000.0,0.7,10.6,4.762368046494723,7.593304851681602,0.0,0.37522103063167933,0.34282129110871745,0.3204774554165697
2023-02-24,16340000.0,-1.1,10.8,4.397898004045623,10.978416316897167,0.0,0.4774099837792042,0.4457886529789302,0.35498805270926487
2023-02-25,18060000.0,-4.9,5.3,3.216645447612708,10.64020447289243,0.0,0.3888612163305543,0.35921180387932483,0.26208281533065425
2023-02-26,18280000.0,-3.9,9.1,3.4830104968205484,6.982727717372163,0.0,0.38366881596298025,0.3508856885458579,0.30898835338901354
2023-02-27,18460000.0,-2.0,12.2,4.242516960625566,4.872644973802778,0.0,0.37111903500471605,0.3351057316425808,0.32127387003101326
2023-02-28,17690000.0,4.7,13.8,7.774842586067969,4.779861193589088,0.020000000000000004,0.2996182914007345,0.2605890394111798,0.2746634207001472
2023-03-01,12110000.0,0.5,11.6,5.105733870645315,11.765581936129434,0.0,0.4849776368235542,0.4606339972917487,0.35246776455255713
2023-03-02,19030000.0,-4.1,6.4,3.0676702760015933,9.610603815037296,0.0,0.4205759181597199,0.3881926619501037,0.3004372384689958
2023-03-03,18620000.0,-1.4,11.9,4.466220081072994,5.267724296003003,0.0,0.36701953279455524,0.3305191970345031,0.3215067292117667
2023-03-04,15650000.0,-1.2,16.0,5.287127140644496,6.111757393430757,0.0,0.5033734269217611,0.4706064300782013,0.38845117842959076
2023-03-05,18160000.0,1.4,16.8,6.467061089958984,3.7861768377521585,0.0,0.3818195391524239,0.3419173263797215,0.3372335603958508
2023-03-06,19210000.0,5.6,16.5,7.8577495121344185,6.842055534467537,0.0,0.43437981026059314,0.3899441452076154,0.3840419618568099
2023-03-07,17780000.0,7.8,19.9,8.46273985929312,9.425036254609918,0.0,0.6110133392175043,0.5670421336574636,0.5258053286624854
2023-03-08,17880000.0,11.4,19.1,9.932916319361226,11.49022362065655,0.13,0.6849880815499899,0.6393984607102438,0.5183984189371414
2023-03-09,18640000.0,5.3,21.1,10.477614060344141,5.336563874871224,0.0,0.46617261411968053,0.4207525747886692,0.37977008169315135
2023-03-10,18970000.0,8.4,23.6,7.47520240580001,6.228485374989914,0.0,0.7605964126643874,0.7114666611221397,0.6260847210181305
2023-03-11,17000000.0,11.2,24.3,9.367291218126494,5.926189833003379,0.67,0.6133382181387499,0.5677662064860847,0.5924271340656063
2023-03-12,4350000.0,0.4,15.8,5.078926947517591,15.054916595963128,0.76,0.9910963453139784,0.9818020809021697,0.4985113326093794
2023-03-13,20630000.0,-1.5,10.1,3.8283679882340342,6.554725118321919,0.0,0.4065488985156879,0.36733840011551194,0.3441638848026965
2023-03-14,20440000.0,7.1,16.4,7.763389010020575,9.951808684210219,0.0,0.6009410466567287,0.5528273716201106,0.4551396366482666
2023-03-15,19710000.0,2.8,20.8,6.8774931610984,12.100800754965992,0.0,1.0598401233567156,1.0133877980531012,0.6207187806892247
2023-03-16,18780000.0,4.7,14.4,2.8392182529281067,10.897604637356213,0.0,0.8297487399241831,0.787976475858923,0.6363049507900989
2023-03-17,7930000.0,5.2,14.1,4.716497425342961,4.7978193445981905,0.0,0.3571534418799426,0.3394673159350366,0.3763613191387988
2023-03-18,20930000.0,0.6,15.4,4.9176279167070795,8.940166177364187,0.0,0.7289273765010921,0.6843358485308534,0.47650319942075436
2023-03-19,21070000.0,2.7,17.2,6.22191105397044,4.618237834507179,0.0,0.48863715917274436,0.4412678765665997,0.41192475416441904
2023-03-20,20290000.0,7.2,18.0,5.849943407414722,5.408396478907628,0.0,0.5228923016638815,0.47414138578499293,0.5090743572944466
2023-03-21,15180000.0,10.1,22.7,9.918701238587584,6.087813192085289,0.0,0.5352483146002618,0.49561375034103505,0.5146100449393763
2023-03-22,8730000.0,12.8,20.6,15.002220281098158,9.194573316659786,2.19,0.3501822252873633,0.32725139109623325,0.29153775587938024
2023-03-23,6160000.0,7.8,16.6,9.378103071593337,7.551402499327032,0.35000000000000003,0.3358842341978253,0.32122447232258067,0.3130964817782578
2023-03-24,4450000.0,6.6,12.6,9.097907288989438,3.684413982033919,0.6200000000000001,0.15563013206735293,0.14571869599553272,0.16229121310207023
2023-03-25,7930000.0,6.2,14.9,9.621528519146453,4.734965816066335,0.30000000000000004,0.2223032997686052,0.2041930830115922,0.21285376187381794
2023-03-26,21420000.0,2.5,15.3,5.0773539577809865,10.352874056746812,0.0,0.729516771939593,0.6827100046604717,0.5104693323573646
2023-03-27,22910000.0,0.2,13.6,4.676864957737076,7.231148806331396,0.0,0.5715030760412445,0.5242415372833199,0.4244024366666109
2023-03-28,20120000.0,2.5,17.2,6.7834461276072116,5.106100936921093,0.0,0.5010957994808144,0.4559822070288016,0.4023722007967484
2023-03-29,22030000.0,3.5,20.9,7.524051826048306,4.309956242184276,0.0,0.5682191382067041,0.5157914508509185,0.4689032315031527
2023-03-30,18010000.0,6.2,22.2,6.873380333764449,3.714344233715754,0.0,0.5731768646965321,0.5282876972432942,0.4947522757537571
2023-03-31,22860000.0,5.6,24.3,6.17500104996632,7.027623094894916,0.0,0.9768656867807373,0.9189494505399262,0.7371805489584131
2023-04-01,21880000.0,6.3,25.2,6.9373739457466606,5.393431353066711,0.0,0.8158124563927214,0.7594370510157786,0.6758471707678313
2023-04-02,22940000.0,6.6,24.5,6.592807283660456,4.69605648887995,0.0,0.7674358824432005,0.7085745430920374,0.6424700880914189
2023-04-03,22870000.0,11.2,23.4,7.65192957833239,14.80948853217208,0.0,1.2446824996216932,1.1839003897276985,0.8896659919660472
2023-04-04,5980000.0,14.4,18.0,13.671257908846703,18.94285628943353,2.94,0.5930406669327443,0.5774900106104722,0.3509900179132763
2023-04-05,4690000.0,9.2,16.2,11.864222535048663,11.780547061970355,1.33,0.2906628675004122,0.2793674772621143,0.22213475034318392
2023-04-06,8700000.0,4.2,13.6,10.241451037758932,8.3206099675502,0.9400000000000001,0.1954161168243588,0.17640496484824514,0.14669539635705214
2023-04-07,16900000.0,1.4,14.1,7.548582044885483,10.975423291728985,0.020000000000000004,0.46591167707646985,0.43016452726784554,0.30799833042620356
2023-04-08,23090000.0,3.8,14.6,7.029107121089153,7.437667542936058,0.13,0.5141900770561877,0.46331632349379603,0.389367664665757
2023-04-09,24170000.0,4.4,17.1,6.604706025289781,6.476906463949148,0.0,0.5947633149298337,0.5392799862162404,0.47895418034430814
2023-04-10,23030000.0,10.4,18.8,9.690900273954721,11.163983877324545,0.0,0.7646970152233591,0.7067894681979856,0.5338328227915767
2023-04-11,16329999.999999998,5.0,21.9,10.546392301630549,12.352214869093405,0.0,0.816790627937344,0.7767699867005915,0.4918344587543612
2023-04-12,25210000.0,3.4,17.8,4.385450252630151,7.805809638622632,0.0,0.8773929153293553,0.8197449617351535,0.6180377182517199
2023-04-13,23650000.0,8.8,22.7,7.273943082747143,5.5760058883259065,0.0,0.7550027882626276,0.6940668496353565,0.6409898204313896
2023-04-14,5910000.0,11.1,17.5,13.299002869797256,6.919874188840309,0.97,0.23956328206425098,0.22480027372448483,0.2099213717020695
2023-04-15,15270000.0,7.6,18.8,11.542149427199655,7.485555945626994,0.04000000000000001,0.40202980831970453,0.3648214391896324,0.3235434213331261
2023-04-16,19230000.0,3.6,17.1,9.329536184071742,5.671782693707779,0.51,0.41591747462648065,0.37222810763450653,0.32215128840895046
2023-04-17,23410000.0,11.5,20.5,9.91586037374185,10.846723209497092,0.9300000000000002,0.8341252860883829,0.7734965310222777,0.6099366242493283
2023-04-18,8980000.0,15.8,21.2,17.918413451633707,8.359519294736584,0.06,0.32392271771365977,0.29951125481178076,0.2516930880698013
2023-04-19,11430000.0,12.9,23.8,17.86116463000237,7.698060732568026,0.03,0.34885205794945906,0.3178660013835908,0.2951958648797894
2023-04-20,23290000.0,13.3,26.2,16.120539837558635,7.368827964067838,0.010000000000000002,0.6966303997349718,0.6318927288766346,0.5498024024297229
2023-04-21,21810000.0,13.4,24.5,10.924089166789368,8.057223752750048,0.0,0.7926601254365802,0.7328854418614866,0.6955587165970727
2023-04-22,22990000.0,10.6,22.2,6.947744634395528,7.171288302967724,0.0,0.7861515447124667,0.726125284348855,0.7159204612425069
2023-04-23,7780000.0,11.7,19.0,7.48849712812478,3.570679025642945,0.27,0.36591732141761485,0.3460383088060981,0.4007105430443857
2023-04-24,9220000.0,9.8,17.0,7.920440716174468,7.704046782904392,0.13,0.5067406258273202,0.4841706204400246,0.4495685238818
2023-04-25,4670000.0,4.9,12.1,10.462714634268936,4.624223884843546,0.33,0.09878319623861591,0.08869151144420355,0.09148240193686005
2023-04-26,24280000.0,2.0,15.9,7.526278934367096,9.431022304946287,0.020000000000000004,0.6398306981688319,0.5867009604138582,0.40071688716544046
2023-04-27,25570000.0,6.0,21.5,9.190474646654613,6.315283104867237,0.0,0.7507691062326821,0.6876749708814057,0.5376104744188348
2023-04-28,15630000.0,16.0,22.5,15.170658328404205,10.10445296778758,0.16000000000000003,0.6419874885589134,0.5989205701210697,0.48938275366143136
2023-04-29,5470000.0,5.4,17.5,11.944292287749947,9.047915083418795,0.5700000000000001,0.19562789174200665,0.18284726443265892,0.18339338643762412
2023-04-30,26110000.0,7.5,19.9,9.571852142492975,8.628891559873102,0.0,0.7148877451488702,0.6505339178016802,0.522875887044418
2023-05-01,26130000.0,7.9,22.2,6.981022924110176,6.20753419881263,0.0,0.8586138662983469,0.7922712895476705,0.6717194880858506
2023-05-02,24870000.0,12.1,24.7,8.477572704713998,8.778542818282277,0.0,0.9950679933809365,0.9275847589671953,0.8239398212052155
2023-05-03,11020000.0,14.4,21.5,15.660484963170312,12.277389239888818,0.68,0.5187573643518005,0.48910433865410274,0.372554410806029
2023-05-04,7780000.0,16.8,19.2,18.33829933096896,18.5298188162242,3.25,0.3743737265727251,0.3534193728945866,0.19805822539440157
2023-05-05,5970000.0,14.1,21.8,20.312341757811033,11.792519162643087,2.64,0.14749619674432246,0.13143189879375478,0.09842484996698357
2023-05-06,6460000.0,12.8,19.9,14.896258560403687,9.915892382192018,0.55,0.3340125787845091,0.31716266862429165,0.27026264882975193
2023-05-07,5190000.0,6.9,14.4,11.364785211252721,6.357185457221806,0.33,0.15688970913134487,0.14500638795210088,0.13785053906879938
2023-05-08,23030000.0,7.1,20.8,9.67143190467867,5.034268332884688,0.0,0.593756656498893,0.5366739307971442,0.47763445405149463
2023-05-09,26270000.0,9.9,22.3,10.206433956086146,5.743615297744184,0.0,0.6913734894007182,0.6231986052803661,0.5768010072738989
2023-05-10,26720000.0,9.9,24.7,10.85929912947843,5.7555873984169175,0.0,0.8238944493078566,0.7528801084085326,0.6336488896257976
2023-05-11,21060000.0,11.7,25.5,13.796094913969197,3.8819536431340307,0.0,0.5777803208976142,0.5204255392440295,0.49656606569161355
2023-05-12,12230000.0,12.1,22.5,13.724097334979893,4.187242210288751,0.0,0.37359108353355663,0.3410871393270172,0.35674670882672993
2023-05-13,20140000.0,10.3,22.6,13.720317149342328,4.69605648887995,0.05,0.4899493699678884,0.4373115294648736,0.41067257011600394
2023-05-14,25610000.0,11.4,24.9,12.493823758361803,5.007331106371037,0.0,0.7090439994250182,0.639873555603275,0.5822062044953125
2023-05-15,24220000.0,14.4,28.5,15.651996658370102,7.021637044558549,0.0,0.8775856904839718,0.8083286108106991,0.6886371242326008
2023-05-16,27040000.0,14.9,30.5,15.601151561721158,8.3385681185593,0.0,1.1797931041702994,1.1009521498628945,0.8418309350295461
2023-05-17,24350000.0,19.1,29.4,19.173574789467978,10.61326724637878,0.52,0.9769287477580118,0.9043057431592937,0.768071299112697
2023-05-18,7430000.0,14.3,20.0,17.329885379496336,8.308637866877465,1.0,0.2552391171160427,0.23554959702625267,0.19236076667362653
2023-05-19,17960000.0,14.4,23.6,17.785082291391774,4.809791445270924,0.010000000000000002,0.454434336065716,0.4051671977669007,0.36144106170269585
2023-05-20,20220000.0,14.6,25.5,17.0443151935019,6.842055534467537,0.020000000000000004,0.6047937982435357,0.5482988743726344,0.49221504627607005
2023-05-21,18740000.0,14.2,21.7,15.702987108194618,6.964769566363062,0.010000000000000002,0.5258691750709755,0.47544288636182336,0.3931607111451335
2023-05-22,10360000.0,11.1,20.8,14.041060227414757,3.9328350709931517,0.27,0.29468321256499413,0.26787968354294744,0.27406932911343224
2023-05-23,25980000.0,11.7,25.3,12.375957372945198,6.27637377768085,0.0,0.8067869673475606,0.7361622673263117,0.638470201360834
2023-05-24,16379999.999999998,15.8,25.5,14.5544159551269,5.788510675266937,0.13,0.5926351788217745,0.5464042042343722,0.5485213562697473
2023-05-25,25290000.0,15.9,26.1,12.30364696735845,7.632214178867987,0.0,0.8975725279179345,0.8257807858657829,0.77218561617453
2023-05-26,11320000.0,19.5,25.6,18.73198545610769,7.973419048040909,0.26,0.5507879160195451,0.5178571031960589,0.48512931909606555
2023-05-27,16469999.999999998,20.0,26.9,20.467490408078895,13.414738803798558,0.22000000000000003,0.8192382144043094,0.7706777024317208,0.5891584912648966
2023-05-28,8380000.000000001,20.8,26.0,24.64814479252657,11.708714457933949,2.72,0.40348355343251086,0.3787938482106774,0.29922300029293564
2023-05-29,5590000.0,19.8,22.0,23.31053745921799,4.923526401661898,1.7100000000000002,0.16717470787714395,0.1513321463946738,0.13453040734979915
2023-05-30,16960000.0,17.5,25.2,20.031453120162574,9.622575915710032,0.27,0.5889157892163462,0.54049651180504,0.4279323009231458
2023-05-31,25660000.0,16.1,26.3,14.114515904677804,6.659480999208343,0.0,0.8203938985424211,0.7473142014083071,0.6975818313166093
2023-06-01,15760000.0,18.6,27.2,20.548146049616236,6.375143608230907,0.13999999999999999,0.5497038319714188,0.5036135152772457,0.4689703235616022
2023-06-02,24220000.0,14.1,27.0,18.896525892367702,8.147014507795554,0.010000000000000002,0.7113897731059581,0.6431449406579502,0.5177596281401667
2023-06-03,26480000.0,16.1,26.5,15.533583595074566,7.0874835982585855,0.0,0.8245739818440654,0.7490368573180608,0.6721889739597607
2023-06-04,22010000.0,17.9,25.5,16.525537436362097,6.303311004194503,0.0,0.7083761388995917,0.6451873365215486,0.5873550044045925
2023-06-05,10010000.0,16.6,24.2,16.948529789702263,3.0558786967153786,0.09000000000000001,0.3309977689847314,0.30286333121253844,0.32175401025530237
2023-06-06,23620000.0,15.2,28.2,17.172767294300332,5.148003289275662,0.0,0.7111915776353048,0.6433806047970777,0.5965466056926967
2023-06-07,21470000.0,17.1,26.5,18.475256662442003,6.4918715897900645,0.0,0.6641456643792619,0.6024096461024253,0.5379486819367758
2023-06-08,23560000.0,18.2,27.1,19.092614125417036,9.329259449228045,0.12,0.8231809039835133,0.7545386541454066,0.6194535639546289
2023-06-09,26810000.0,19.0,30.4,18.627932709368228,6.009994537712518,0.020000000000000004,0.8663488310635172,0.7858858286360146,0.7531638729347655
2023-06-10,25290000.0,21.0,29.8,21.137126241743587,9.035942982746061,0.27,0.9471685077727192,0.8705428599426908,0.7469706799883873
2023-06-11,19500000.0,19.2,29.0,21.968221872264778,5.282689421843921,0.27,0.6129533532790226,0.5549184743657165,0.5200667596872192
2023-06-12,25140000.0,17.2,30.9,17.699829354901173,5.590971014166825,0.0,0.8776463171082174,0.8028790695256566,0.7355936775510881
2023-06-13,23250000.0,17.2,29.5,17.260413895182932,5.103107911752909,0.0,0.7416774954366901,0.6732270408620982,0.6640991820523017
2023-06-14,25610000.0,16.4,29.9,17.390292176335173,5.93516890850793,0.0,0.8632787557730722,0.7881023518068299,0.7102189599281815
2023-06-15,25750000.0,16.8,28.9,16.704388732720854,5.525124460466786,0.010000000000000002,0.790252643548304,0.7150029442543264,0.6911077881984469
2023-06-16,27160000.0,18.0,32.5,16.80347872845541,4.163298008943283,0.0,0.9153204099520484,0.8331941099938813,0.7808824668421896
2023-06-17,22410000.0,20.2,32.0,16.098780792550002,4.947470603007366,0.0,0.8128394190843815,0.7443125867816326,0.8018666903121631
2023-06-18,24820000.0,18.8,33.1,16.80347872845541,6.177603947130795,0.0,1.053088802665893,0.9773399979291909,0.8886346782615903
2023-06-19,25250000.0,21.2,34.2,18.796653948969983,11.071200097110857,0.0,1.3663216625637888,1.2875569324078189,1.1112031039324044
2023-06-20,12730000.0,21.2,28.2,20.25376219749854,13.471606281994044,0.55,0.8631617479998133,0.8249560776938786,0.6809270780806845
2023-06-21,9300000.0,19.5,24.5,22.5926068971223,8.323602992718381,0.43,0.35878283100437214,0.3319570057268232,0.27775031224916236
2023-06-22,22850000.0,19.0,27.0,21.07096255909493,7.841725940640834,0.05,0.7236735101616469,0.6567483651995021,0.538835776774959
2023-06-23,24630000.0,20.8,32.7,20.275046718706957,5.525124460466786,0.0,0.8551643890695182,0.7792233924980811,0.7849334256562805
2023-06-24,24400000.0,20.5,30.8,19.567418718934324,9.173622140482504,0.0,0.9943415870174247,0.9201667854951253,0.8326364487958562
2023-06-25,9120000.0,20.3,26.9,23.196501148263525,11.92421227004316,4.2700000000000005,0.5094240888287731,0.4824756621921214,0.40074203898565736
2023-06-26,5300000.0,21.7,25.4,27.491202647044997,12.298340416066102,4.24,0.21175629812363028,0.19610685562584979,0.14520227394634566
2023-06-27,17950000.0,21.0,28.2,26.553676582151784,9.745289947605556,2.0,0.5905774012174267,0.536779737920092,0.4010940417298204
2023-06-28,17110000.0,23.4,28.5,28.02365134805256,9.882969105341997,0.13,0.6204781363486912,0.5682596815120685,0.42944840681045127
2023-06-29,7950000.0,22.8,27.1,28.45750222430451,13.13040141282112,4.260000000000001,0.3623389543891641,0.33839722364031516,0.24724583201538444
2023-06-30,10760000.0,22.3,27.6,27.505100464429006,5.737629247407816,0.4,0.36201389161171743,0.32960973779314967,0.2893365294166077
2023-07-01,18890000.0,21.2,30.2,26.546937308677556,3.9897025491886384,0.13,0.5555742010631536,0.4981116687897207,0.45423696146431836
2023-07-02,18210000.0,24.0,30.1,27.686331131094875,4.693063463711767,0.020000000000000004,0.5919554969632455,0.5355990429164394,0.4831583668120899
2023-07-03,17650000.0,23.0,29.7,28.00952503960931,8.760584667273177,1.52,0.6368227054604778,0.5826776995297089,0.4701938640564876
2023-07-04,7610000.0,23.5,25.5,28.37883630544453,11.223844380688217,4.44,0.29933521670569674,0.27655906434407757,0.19742893210936757
2023-07-05,24170000.0,20.5,27.4,24.446772829241723,7.671123506054374,0.020000000000000004,0.7078342173046311,0.6360541404152145,0.485590602053675
2023-07-06,23130000.0,22.4,30.9,25.88050803498801,5.803475801107854,1.46,0.7449978236583525,0.6737712884854081,0.5978294315354556
2023-07-07,5800000.0,23.2,26.9,29.247356528030856,9.050908108586977,4.39,0.24288196363535097,0.225391264362577,0.18843670312625477
2023-07-08,15740000.0,23.4,30.0,29.809337624729,5.555054712148622,2.8200000000000003,0.5050091051029615,0.4565088435863019,0.3908119277415265
2023-07-09,11500000.0,24.0,28.3,30.669972571038343,9.17960819081887,0.29,0.40503611262479833,0.3698479228778361,0.2786179224504388
2023-07-10,21160000.0,24.2,30.5,29.876507844965744,9.113761637118833,0.34,0.7381213664406936,0.6723936463239022,0.5171992931454463
2023-07-11,10920000.0,23.5,27.6,30.19925818255993,11.15799782698818,1.8,0.3830395773458709,0.34988719627695514,0.2429166190086816
2023-07-12,18190000.0,23.9,28.8,30.700559790515637,8.910235925682352,2.34,0.5720125082520594,0.5162109412333236,0.36633681377060723
2023-07-13,10210000.0,24.7,28.6,30.411052601591933,15.698417007122588,1.89,0.5187756838142977,0.48733500399952207,0.338186819311348
2023-07-14,9030000.0,24.9,27.9,30.525045994485264,16.37783372030025,0.97,0.4660700569116406,0.43835099846406156,0.2947453163812873
2023-07-15,8950000.0,22.9,28.0,29.809337624729,10.741967328610668,1.5300000000000002,0.34090157754999717,0.3137660694384231,0.2373418757217915
2023-07-16,15300000.0,23.1,29.0,29.232693274271963,7.392772165413305,7.41,0.5039374580722271,0.4571823257078794,0.36674327636166437
2023-07-17,14080000.0,23.4,29.2,30.101363257338228,5.614915215512292,3.84,0.44224093519374436,0.39907524651131177,0.3342016251784596
2023-07-18,6860000.0,23.2,26.6,29.60120547903663,7.569360650336133,3.08,0.2354022424337751,0.2147571841071263,0.1713584177099619
2023-07-19,17500000.0,22.7,30.0,28.3931250648825,4.124388681756897,0.11000000000000001,0.5240499062406417,0.4703650561676412,0.418816189551273
2023-07-20,18510000.0,22.2,29.8,28.608211296876743,3.3491951631973644,0.03,0.5176696211347103,0.4611417432928677,0.4067691745058335
2023-07-21,24040000.0,23.3,30.1,25.59846745182719,10.260090276533122,0.54,0.9121488317831264,0.8380734641299817,0.6644954884917139
2023-07-22,4000000.0,22.5,26.8,29.093712009319493,12.250452013375167,4.1000000000000005,0.1929605664081622,0.1809639290773869,0.15475354113680853
2023-07-23,7750000.0,23.6,27.3,30.259639163044227,10.346888006410445,4.7299999999999995,0.29096644273201056,0.26746921503763077,0.19920976036197055
2023-07-24,9650000.0,23.2,27.1,29.313420627035917,7.329918636881453,0.6900000000000001,0.3191988875536282,0.29005855427162647,0.2300544274702582
2023-07-25,13870000.0,24.1,28.1,29.727419651388423,6.8570206603084545,1.47,0.45190431321809443,0.4094916776072455,0.32685191306725364
2023-07-26,20140000.0,23.6,29.5,30.18417937106662,5.983057311198866,0.11000000000000001,0.5974773969682033,0.5355365132445231,0.422482308572253
2023-07-27,24300000.0,24.1,31.5,28.795768314283055,6.608599571349223,0.010000000000000002,0.7949232761682752,0.719031247794697,0.6050110251094283
2023-07-28,16730000.0,24.5,30.4,30.26719418571775,6.423032010921844,0.03,0.568738997985396,0.5167086261680888,0.438195486621802
2023-07-29,23990000.0,23.4,32.2,28.687431809290864,5.2138498429757,0.0,0.7489641614485827,0.674040302984297,0.5936650035670243
2023-07-30,25370000.0,23.1,31.8,28.478989571706343,5.546075636644072,0.0,0.7768767906478318,0.6979759817413714,0.599265414511047
2023-07-31,22870000.0,23.8,31.2,30.274750853867417,3.2025369299563713,0.03,0.6450669381072681,0.5738980358260276,0.4998890591314685
2023-08-01,25350000.0,23.6,33.7,29.035366314755393,4.375802795884312,0.0,0.7831811387798049,0.703218660557239,0.6418928993888251
2023-08-02,24150000.0,24.6,33.0,31.108359586516,3.211516005460922,0.0,0.7099595453146336,0.6336516058128732,0.5641904214955686
2023-08-03,24820000.0,24.8,33.2,29.861569728257418,4.815777495607291,0.0,0.7896024777717249,0.71099956471722,0.6348998874829492
2023-08-04,22900000.0,24.1,33.0,30.03375213262913,5.258745220498453,0.03,0.7370246456268058,0.6648732675218115,0.591143809072675
2023-08-05,24960000.0,25.1,34.3,30.12392978721113,4.983386905025569,0.0,0.8227836660500827,0.7431211024004364,0.6778565563464396
2023-08-06,22360000.0,24.8,34.0,32.08096245739796,3.028941470201727,0.19,0.6728123280702452,0.6016828518782584,0.5463452708042225
2023-08-07,20990000.0,25.0,33.8,32.85205053488368,4.393760946893415,0.7200000000000001,0.668972513876409,0.6022011495977955,0.5361492716616516
2023-08-08,22120000.0,24.9,33.9,32.42437214260835,4.363830695211579,0.43,0.6996849575248264,0.6293189461935766,0.5610644311806917
2023-08-09,8970000.0,23.2,30.8,30.01874544343159,13.3159689732485,4.78,0.5001634670571422,0.4724202109146768,0.3959311604426537
2023-08-10,12420000.0,22.8,26.5,26.45946260247511,13.058568808784718,0.8900000000000001,0.5251704056440907,0.48792084673203345,0.3470450146803622
2023-08-11,20240000.0,22.2,29.2,27.13200501284587,6.871985786149373,0.06999999999999999,0.6269221029496174,0.565352931260137,0.4645306095453323
2023-08-12,23680000.0,22.4,30.0,27.77032709280512,4.4326702740798,0.020000000000000004,0.6615030330940296,0.588999292471136,0.5034786964996149
2023-08-13,22060000.0,23.0,31.4,28.998952133105078,3.7891698629203416,0.020000000000000004,0.6337770311096824,0.5653793104759438,0.5031804587619827
2023-08-14,22960000.0,23.5,31.5,29.749741414014515,3.3581742387019147,0.06,0.6474690420153242,0.5760200697207337,0.5085890341139427
2023-08-15,17160000.0,24.2,30.4,29.936325528888975,5.0252892573801375,0.08000000000000002,0.5416119553381098,0.48834164630050914,0.42729881569114275
2023-08-16,23080000.0,22.8,31.0,28.860941466636714,4.1483328831023645,0.03,0.6540041380731453,0.5827087478529893,0.5071789537828877
2023-08-17,21180000.0,22.6,30.8,28.236293569682296,3.2713765088245923,0.09000000000000001,0.589676181560684,0.524413440841316,0.4731172502789892
2023-08-18,21720000.0,23.5,31.5,29.416445837147357,3.148662476929068,0.41,0.613999276076518,0.5464090461880814,0.49155955635232595
2023-08-19,22410000.0,23.7,32.3,28.774072492843075,4.23812363814787,0.06,0.6798150187386314,0.6096592460547654,0.5560214663228218
2023-08-20,22660000.0,24.1,33.0,29.07911600181424,4.067521203561411,0.04000000000000001,0.6960849626208793,0.624689756164147,0.5775590137794939
2023-08-21,22890000.0,26.0,32.2,29.372253551397954,10.616260271546961,0.020000000000000004,0.9410822342514702,0.8685098605937824,0.7059187750335454
2023-08-22,17440000.0,23.9,31.0,30.418640591237885,7.763907286268061,2.19,0.6004549741919624,0.5462164993268198,0.4544038495573032
2023-08-23,10560000.0,23.5,29.4,30.456605318426067,5.62988034135321,2.49,0.35244211099180395,0.32000583231510377,0.28495896137109467
2023-08-24,8710000.0,22.1,28.8,29.43856372888879,4.875637998970962,2.02,0.2780049482765432,0.251597096248408,0.2332305449140716
2023-08-25,22900000.0,19.7,29.8,25.241634509840992,5.399417403403079,0.1,0.631427357455409,0.5626518050188348,0.49394071955618735
2023-08-26,21970000.0,21.4,29.9,26.058987457644527,3.9897025491886384,0.0,0.6026341441137648,0.5358464232348746,0.4841752601524035
2023-08-27,20120000.0,24.5,30.6,27.2696699518008,5.608929165175925,0.05,0.6658810891186427,0.6032320265959565,0.5473935871727863
2023-08-28,14170000.0,24.6,28.8,29.144848397360473,13.636222666244139,1.32,0.6298522340991666,0.586189673381818,0.4258049333666779
2023-08-29,8340000.0,22.5,27.6,29.028080287735847,6.408066885080926,4.470000000000001,0.27557382159747135,0.25042340229834464,0.21704949890924513
2023-08-30,5750000.0,18.9,23.6,23.292499199980263,4.486544727107104,2.59,0.17741808253718094,0.16102881580993983,0.15390626504728355
2023-08-31,20200000.0,18.0,27.5,22.38858124675362,6.102778317926207,0.0,0.5520451348718745,0.49310314961945984,0.43336935509936103
2023-09-01,19400000.0,22.6,29.0,23.97426767672148,6.240457475662649,0.08000000000000002,0.6454527732475837,0.5863612744646549,0.5377472932241654
2023-09-02,13440000.0,23.4,28.0,28.094376223970688,5.770552524257836,0.08000000000000002,0.42695405674720216,0.38607017989410863,0.33500926982789503
2023-09-03,18420000.0,21.9,30.5,28.486155167172218,4.399746997229781,0.04000000000000001,0.5221993910610533,0.4658007887690897,0.4169689911066695
2023-09-04,18830000.0,22.6,30.4,28.824718284770537,3.2234881061336558,0.06999999999999999,0.5137465408443067,0.4558712535250587,0.41243838960759616
2023-09-05,14840000.0,23.5,30.2,28.745166924432482,3.1755997034427197,0.010000000000000002,0.4363378158083058,0.3905247952702414,0.368591720303195
2023-09-06,20250000.0,20.1,29.9,25.775247171575735,4.702042539216317,0.05,0.5535562600531356,0.4925310661973886,0.44859176322784106
2023-09-07,23140000.0,17.8,29.5,21.04344790269691,4.223158512306953,0.0,0.6044467690151689,0.5360214585903453,0.5272106691212309
2023-09-08,22880000.0,18.1,28.0,20.6182725379895,2.807457607756146,0.0,0.5413819456457795,0.4743189679666509,0.46451341406878155
2023-09-09,20610000.0,19.9,28.9,23.28048047609646,2.684743575860622,0.0,0.5131348095454681,0.4515366652258616,0.4361449037058547
2023-09-10,17380000.0,22.0,27.6,25.1129589994284,2.541078367787812,0.08000000000000002,0.4449063965705814,0.3926731683485939,0.3693299554205548
2023-09-11,20610000.0,20.5,29.6,22.528310020993633,3.424020792401952,0.0,0.5553479493565189,0.49319565418205824,0.4893268179344191
2023-09-12,15760000.0,22.2,29.1,24.005106327681236,3.034927520538094,0.51,0.4545170947957288,0.4066074688944402,0.40833859660924665
2023-09-13,7200000.0,20.8,25.1,24.327889877700297,5.228814968816617,2.6500000000000004,0.24987099269137994,0.22879873014901958,0.22057094930080834
2023-09-14,7300000.0,21.7,25.7,25.887099289928955,4.462600525761634,3.85,0.23689478791527313,0.21529296507901613,0.20722543628594195
2023-09-15,12680000.0,22.4,28.4,27.81240844151172,6.497857640126432,0.44000000000000006,0.4072506258805791,0.3688317561896039,0.3237794420582148
2023-09-16,6880000.0,21.1,26.4,27.235196661352813,4.920533376493715,1.62,0.20790081635442884,0.1875271415406036,0.17430504708054867
2023-09-17,12030000.0,19.8,27.9,25.604995908582588,3.0888019735653973,0.5900000000000001,0.3165257333537315,0.28085014280760945,0.27358828074421104
2023-09-18,18630000.0,20.9,28.0,25.657275953383863,3.4419789434110535,0.05,0.4657884872561624,0.4100691584096488,0.37292826526818335
2023-09-19,15330000.0,20.8,27.4,24.085449174591574,3.4210277672337686,0.05,0.40725296854112647,0.3616286252723581,0.34824494884510815
2023-09-20,3970000.0,20.5,25.0,27.097683752763576,11.909247144202244,2.72,0.12301581193009488,0.11143166928395198,0.08671305342298892
2023-09-21,8830000.0,15.9,23.5,19.910620206876153,6.758250829758398,0.010000000000000002,0.2721367888782168,0.24761388665330752,0.2338449124339638
2023-09-22,18850000.0,15.2,24.9,18.20707676435777,4.9325054771664485,0.0,0.4495818593393824,0.3969147319918803,0.38278842776157906
2023-09-23,16010000.000000002,14.9,25.9,16.762879780073753,4.779861193589088,0.0,0.44026872937019534,0.39527049273355097,0.4215584754445715
2023-09-24,19030000.0,17.6,26.5,17.126794439991905,6.608599571349223,0.0,0.5994769519224279,0.544542110711201,0.5418076604627469
2023-09-25,8690000.0,22.1,25.2,22.85140235334775,5.507166309457685,0.09000000000000001,0.33661442509822737,0.3109179710104263,0.31181585107901094
2023-09-26,10070000.0,20.6,26.4,24.396655101632895,6.93783233984941,0.08000000000000002,0.3461823085933591,0.31647001580317424,0.2924442801144645
2023-09-27,13500000.0,19.0,25.6,22.981769610021065,6.3990878095763755,0.11000000000000001,0.37510266360331274,0.33598022307387315,0.2984567150884835
2023-09-28,17260000.0,17.5,26.3,21.07096255909493,6.330248230708155,0.03,0.46221059556206023,0.41250208935440436,0.3816279999538955
2023-09-29,18150000.0,15.9,25.9,18.129704179122008,5.414382529243996,0.54,0.4724353128403928,0.42099658459230105,0.42321195625839847
2023-09-30,13880000.0,15.4,23.3,17.039743243229715,5.546075636644072,0.19,0.38001623566923814,0.3417036267237086,0.3404761755919962
2023-10-01,19450000.0,13.7,22.5,13.025686261414616,7.374814014404206,0.0,0.5618000542642344,0.5093161591323859,0.4918578417469498
2023-10-02,18080000.0,15.1,22.8,13.56237303962323,5.74960134808055,0.0,0.5011877987264584,0.45163592898607813,0.46524294495606194
2023-10-03,4760000.0,12.6,20.1,15.874009588902325,4.2471027136524215,0.03,0.15997419114475084,0.1475584678688011,0.16756543312709907
2023-10-04,17270000.0,13.4,23.2,13.87605701735268,8.727661390423158,0.020000000000000004,0.5590171015147496,0.5122423495347425,0.48282882061828014
2023-10-05,19360000.0,12.2,18.4,9.893159244689393,9.389119952591717,0.0,0.6178704793173,0.568455036379413,0.493608315662912
2023-10-06,11800000.0,14.4,19.6,10.989219193223963,4.869651948634594,0.0,0.3898650479554716,0.35868644925672666,0.39559344141362385
2023-10-07,6840000.0,15.0,19.8,15.344923561798897,3.376132389711016,0.68,0.20756506026678329,0.18935114826331692,0.212378972476096
2023-10-08,8420000.0,14.4,20.6,15.21199171365627,5.453291856430381,0.010000000000000002,0.27869037171304856,0.2562260644342064,0.26881429864225914
2023-10-09,13580000.0,13.6,22.8,15.34909405814862,5.671782693707779,0.0,0.36524653175575056,0.3285339962259566,0.34458744292846066
2023-10-10,15680000.0,10.9,21.0,14.114515904677804,6.303311004194503,0.0,0.35103635332250777,0.31046884993778845,0.3095159024971023
2023-10-11,16520000.0,10.3,23.1,13.225630160821535,4.842714722120943,0.0,0.38843110491225097,0.3450385068781767,0.3739533638748401
2023-10-12,17470000.0,12.8,23.1,12.764411661964223,4.127381706925081,0.0,0.3965693624302077,0.3495604369366705,0.4040627419810052
2023-10-13,10480000.0,12.6,22.0,14.172745420204736,2.5859737453105653,0.0,0.23934395404338876,0.21149102393018088,0.25363612590672885
2023-10-14,14510000.0,12.6,21.8,13.6035841716013,6.291338903521768,0.010000000000000002,0.3938119735721076,0.3553230503004997,0.37226252982186425
2023-10-15,15610000.0,12.4,21.2,13.28429977937103,8.036272576572763,0.06999999999999999,0.44783483938420277,0.40675122602511243,0.39261484697066074
2023-10-16,16790000.0,9.7,19.6,11.339187588484242,7.838732915472651,0.0,0.428497604848216,0.3862342498104457,0.3777800377730359
2023-10-17,17130000.0,7.9,20.2,11.506483035574961,5.444312780925832,0.0,0.34395057099695453,0.3013967966068002,0.3296455810565685
2023-10-18,16510000.000000002,12.1,22.5,13.510081173287336,4.57633548215261,0.0,0.35938997616870594,0.3155109803510473,0.35978611824684004
2023-10-19,13380000.0,11.4,23.6,15.508311895903365,8.069195853422784,0.6000000000000001,0.3753304757888053,0.339633037381334,0.34995289838502336
2023-10-20,15630000.0,8.4,17.2,8.035341741645468,11.55607017435659,0.0,0.6115046480097112,0.5737725737764711,0.4780628656019168
2023-10-21,12940000.0,8.4,18.0,9.913020225637972,7.913558544677239,0.0,0.38750259298027095,0.35597172876657523,0.3555992462426837
2023-10-22,12030000.0,9.8,18.5,12.055164083832864,3.8011419635930763,0.0,0.23619955388383795,0.20624849817776153,0.24050423529497628
2023-10-23,13420000.0,8.6,20.4,11.81773353157128,3.5646929753065772,0.0,0.2526465215242272,0.21897625278892793,0.2739036291843939
2023-10-24,13990000.0,10.7,21.0,12.917749683179325,2.8373878594379813,0.03,0.24907423490941313,0.21295346734628073,0.26342879278292103
2023-10-25,15160000.0,13.2,22.5,16.10313053907688,3.121725250415416,0.0,0.26991843642381524,0.22920203578930268,0.26194772672252153
2023-10-26,11100000.0,11.9,22.5,16.164135343160766,6.3122900796990535,0.16000000000000003,0.2651695723087655,0.23572594389285592,0.2598284450516276
2023-10-27,15450000.0,8.9,18.4,11.095392544711085,7.889614343331772,0.0,0.36199502982981946,0.32395821159293986,0.32466708983236053
2023-10-28,14940000.0,7.8,20.4,12.13297263405272,4.681091363039032,0.0,0.274261380737569,0.23710659730785907,0.27957446000939135
2023-10-29,14300000.0,8.1,21.0,12.300212900640886,4.621230859675362,0.0,0.28057673960230856,0.24465939681189997,0.28802322993264184
2023-10-30,14550000.0,9.1,21.8,13.134414687091372,2.475231814087775,0.0,0.22931165542328866,0.19205610754141816,0.24537833782060506
2023-10-31,14220000.0,11.1,22.0,13.588585593844805,4.7499309419072535,0.0,0.29300436920682327,0.2557645235270848,0.30989497948361155
2023-11-01,13960000.0,12.8,24.0,16.934884767398202,8.613926434032184,0.0,0.35629552882009785,0.31841591674065167,0.3297116574191709
2023-11-02,14320000.0,14.1,26.0,16.2034596943316,6.6744461250492595,0.0,0.4059977017098778,0.36598744899814145,0.4275402147822738
2023-11-03,12390000.0,15.4,25.2,17.73294061169907,5.977071260862498,0.17,0.33823968991078923,0.3034745744421746,0.34642463061703255
2023-11-04,10180000.0,16.9,24.9,18.836547092680362,7.473583844954261,0.41,0.34882614278075097,0.31997510952644936,0.34011690047604876
2023-11-05,4980000.0,18.9,22.0,20.99948986025616,17.631911265769144,2.2800000000000002,0.33160967155567894,0.3176009611611889,0.21986119646649455
2023-11-06,10050000.0,11.1,18.6,9.305335966804783,17.329615723782606,0.04000000000000001,0.8145744524822565,0.7891672239794234,0.5468411250896229
2023-11-07,7990000.0,2.9,13.7,7.793199328750521,8.557058955836697,0.0,0.25774558762828326,0.2405766689979832,0.24414731811861184
2023-11-08,13350000.0,7.2,17.2,9.972814057588762,5.249766144993902,0.0,0.2457195984963302,0.21394884832838934,0.2637376096964939
2023-11-09,8490000.0,7.2,21.1,13.754371773398397,8.81445912030048,2.59,0.24968313743545573,0.22854560934363627,0.24015083626272382
2023-11-10,10380000.0,0.8,9.7,4.735685619237217,14.022322912939812,0.0,0.4965078695663704,0.47616020655942404,0.3306690132632037
2023-11-11,10710000.0,2.7,8.3,5.036607335349943,9.613596840205481,0.0,0.3509457256521713,0.3297837275335273,0.27811213397243567
2023-11-12,10790000.0,1.0,9.1,5.274100044554754,10.116425068460314,0.0,0.3285789404889838,0.30756271397774265,0.2610041157948048
2023-11-13,12520000.0,3.3,9.6,6.006878237452501,6.919874188840309,0.0,0.25350131763069833,0.22802232474083867,0.237182424831818
2023-11-14,9550000.0,1.8,12.1,7.8231106234552135,4.7499309419072535,0.0,0.14095840422030045,0.12122800736149404,0.15963440959001726
2023-11-15,9420000.0,4.7,13.1,8.37177538345874,3.917869945152234,0.0,0.15254310022286607,0.13195861153148786,0.17579413372204594
2023-11-16,1440000.0,4.8,9.9,9.345700460031457,6.809132257617518,1.2300000000000002,0.05676829408171067,0.05375773921636068,0.0772436750839834
2023-11-17,8580000.0,0.6,8.5,6.08211814310412,11.553077149188404,0.48,0.26180801834919093,0.24536553514936946,0.19463005561703223
2023-11-18,7110000.0,4.3,8.6,6.3876233053667235,11.367509588761028,0.03,0.32101295035982524,0.30654365008451356,0.23379966205527986
2023-11-19,9380000.0,2.0,14.6,8.677546468804517,9.041929033082429,0.0,0.21723721536925492,0.19708146358549833,0.21010015353548525
2023-11-20,12650000.0,0.0,13.1,6.506127100994935,5.150996314443846,0.0,0.20242377784895713,0.1766017915659317,0.22357132748095943
2023-11-21,12560000.0,1.9,14.4,7.839258632365828,3.5317696984565594,0.0,0.14735933724126118,0.12048517941364463,0.1866503949652057
2023-11-22,11930000.0,7.9,17.2,13.029297757339055,7.072518472417668,0.020000000000000004,0.1551734548097915,0.12654316763471235,0.15126280770991368
2023-11-23,10580000.0,4.8,18.2,8.876513989385627,12.729336040284531,0.0,0.5143436229083909,0.4895927531288568,0.38653653112840786
2023-11-24,4990000.0,-2.0,5.2,3.84554594456132,14.480255763671893,0.010000000000000002,0.39983930005160334,0.3912058729536934,0.24379776344258447
2023-11-25,12380000.0,-2.3,4.8,3.2051227323907248,5.8962595813215435,0.0,0.2110372630275509,0.1898920255514525,0.21717997694586905
2023-11-26,8830000.0,1.4,10.8,5.752612988051383,4.354851619707028,0.0,0.16708429445806122,0.14930667166459854,0.2034029466183826
2023-11-27,5910000.0,5.2,14.1,9.24908381509718,8.60195433335945,0.15000000000000002,0.20674610396910734,0.193565145036649,0.20173578914450757
2023-11-28,9780000.0,1.1,9.0,5.90723976404713,7.204211579817744,0.0,0.19953221903050147,0.18048322039473325,0.1961838727602186
2023-11-29,7860000.0,-1.0,9.4,5.511296817648177,9.996704061732972,0.010000000000000002,0.25182209434596337,0.23693241224160638,0.22031711334511458
2023-11-30,7060000.0,-1.1,1.9,4.186510299928881,6.976741667035796,0.0,0.16107935814527868,0.1493997835123477,0.14168322591526708
2023-12-01,7130000.0,-0.9,5.2,4.925277586071006,5.339556900039408,0.0,0.13439687151756846,0.12181291394521801,0.14095901641788128
2023-12-02,6690000.0,2.9,8.6,6.335782795769391,7.048574271072201,0.020000000000000004,0.19141487869764717,0.17809162353402685,0.18421638692119285
2023-12-03,10830000.0,-1.9,9.6,5.617037409095596,5.6209012658486595,0.0,0.14543702017567423,0.12515983485312904,0.1760269727562786
2023-12-04,10530000.0,0.3,9.3,6.204987285201739,3.7742047370794243,0.0,0.10987549239108911,0.08953076757338418,0.14276540224231782
2023-12-05,10570000.0,3.6,13.1,7.530734896905427,4.181256159952383,0.0,0.14687675193474345,0.12413176678720497,0.1899207922581357
2023-12-06,6350000.0,3.0,15.0,8.702833344072198,11.753609835456702,0.18000000000000002,0.26241409670825167,0.2484997984138214,0.24360595802154011
2023-12-07,11180000.0,5.6,12.1,7.11554834333472,8.126063331618269,0.0,0.2744568233455982,0.25006018661001633,0.26671987061628116
2023-12-08,10800000.0,12.5,18.2,13.254936445123464,12.154675207993295,0.0,0.34816949238044737,0.32057394788116955,0.28473033904020995
2023-12-09,8279999.999999999,8.4,19.2,13.218312492720482,6.087813192085289,0.010000000000000002,0.1538190686170804,0.13336506616674243,0.18663657187902483
2023-12-10,5100000.0,11.9,17.6,13.6035841716013,8.928194076691454,0.87,0.21316269048738562,0.20029725567066392,0.2029409577079171
2023-12-11,3370000.0,10.0,15.9,13.960263213812159,10.61326724637878,1.01,0.10336526494832017,0.09520116305998218,0.09225504072140985
2023-12-12,2040000.0,5.9,10.1,9.984239307059951,4.040583977047758,0.04000000000000001,0.0457294885622025,0.04138325267786007,0.06215450282509736
2023-12-13,8340000.0,8.4,15.4,9.243742130878356,10.741967328610668,0.020000000000000004,0.3543484304214205,0.3346446338015598,0.3106789908020711
2023-12-14,1440000.0,10.8,15.9,14.099023565505679,13.91756703205339,2.92,0.11413269031665055,0.11061169821199239,0.104971814867632
2023-12-15,1850000.0,3.0,13.6,9.021832212122582,12.938847802057376,0.65,0.1937268389211348,0.18975155738595895,0.18039464022307436
2023-12-16,4510000.0,-5.2,3.0,3.6356588953783,15.21653995504504,0.13,0.2974115090786461,0.2903759166947093,0.1759893379344742
2023-12-17,8440000.0,-5.4,-2.5,2.7750784014589693,7.748942160427145,0.0,0.15499522116082426,0.14331782204755195,0.12726208813424572
2023-12-18,8320000.0,-3.5,1.7,3.148057386184963,6.411059910249109,0.1,0.1728870360284535,0.15980355350495257,0.16645666856546912
2023-12-19,6500000.0,-0.8,5.3,4.628826152364676,7.344883762722369,0.06999999999999999,0.18494227680706538,0.1734291164233554,0.1723315355815206
2023-12-20,5200000.0,-5.7,0.3,3.2748128341783156,11.508181771665651,0.11000000000000001,0.20986286885757624,0.20226894483227392,0.1407787260859235
2023-12-21,10420000.0,-8.8,-3.8,2.8083800648186035,6.192569072971713,0.03,0.0821987594363969,0.06925098797671213,0.07797987563663114
2023-12-22,10750000.0,-7.4,-4.2,2.940321239431226,5.136031188602928,0.03,0.0723423848766736,0.05866666367194166,0.07386035179724382
2023-12-23,9830000.0,-5.4,2.2,3.7942161884567023,2.9301716396516704,0.020000000000000004,0.06872997197804312,0.05370254827032519,0.09463269444534629
2023-12-24,7750000.0,-1.0,4.0,4.687111606675051,5.237794044321168,0.010000000000000002,0.12274882802055828,0.10938920691726908,0.13167758828602733
2023-12-25,5490000.0,-1.5,4.7,4.740123472373848,5.9411549588442965,0.0,0.1367523982882962,0.1272538983348842,0.13895384083885884
2023-12-26,7500000.0,0.4,8.0,5.950537170112184,4.289005066006991,0.0,0.1112400697975863,0.0970323578659479,0.13637459793809387
2023-12-27,9970000.0,-1.9,10.1,6.488521661947797,3.340216087692813,0.0,0.07836233060429867,0.05953831126924367,0.11963673192175414
2023-12-28,8189999.999999999,-2.2,8.9,5.839255234233811,5.704705970557797,0.0,0.12002226574114638,0.10494631863200679,0.14701070567662594
2023-12-29,8760000.0,-1.8,8.4,5.719324227642915,4.630209935179912,0.0,0.10759138552926081,0.09149384966968435,0.13793563907794865
2023-12-30,4490000.0,1.7,8.6,8.374222497226361,7.246113932172313,0.43,0.055881111850096164,0.04710758439463871,0.05857259689690597
2023-12-31,5490000.0,-1.3,8.1,6.43207908634945,10.942500014878966,0.020000000000000004,0.1497172260526277,0.13959404327500285,0.12937745474125845
2024-01-01,8029999.999999999,1.0,9.4,6.664484843959667,3.115739200079049,0.0,0.09010100575478301,0.07438512409210467,0.12134163438880578
2024-01-02,5870000.0,2.0,8.3,6.736850114250044,4.776868168420905,0.38,0.1132680705270295,0.10179800233915973,0.1282769603375546
2024-01-03,8390000.0,-2.4,7.6,5.771963664830714,7.491541995963362,0.06,0.12976561038702333,0.11471908746417563,0.13571462847264387
2024-01-04,11210000.0,0.6,8.2,6.223793989357027,5.444312780925832,0.0,0.12739095988366453,0.10601411576310711,0.14433693241733606
2024-01-05,8289999.999999999,0.2,11.7,7.439851628125683,6.868992760981189,0.0,0.13596037178774129,0.11934734569345354,0.1589728957874465
2024-01-06,10180000.0,-0.1,6.8,4.957521402444905,7.701053757736209,0.0,0.20643953829122613,0.1877004489663127,0.1935667348527787
2024-01-07,5350000.0,-5.8,2.1,3.449375517986702,10.493546239651439,0.0,0.20923997408432538,0.20114467931942945,0.15462034711545128
2024-01-08,11680000.0,-4.3,3.5,4.072577509308677,4.55239128080714,0.0,0.10680092731066408,0.08806695898376583,0.12428838475107815
2024-01-09,4099999.9999999995,-0.6,7.8,6.692544864154871,6.402080834744559,0.4,0.09628506260860867,0.08867319968652046,0.10246680639690942
2024-01-10,11580000.0,-4.1,5.6,4.6375278225458265,7.515486197308831,0.0,0.15091133157344458,0.13149835124028858,0.14860281744145448
2024-01-11,9840000.0,-0.8,6.9,6.067372091141348,5.722664121566899,0.0,0.11110900041052385,0.09318220597182182,0.11834520902241952
2024-01-12,11530000.0,-2.8,9.4,4.825145601897421,6.671453099881076,0.0,0.1997773180312817,0.17858957962250127,0.21652078592909058
2024-01-13,12020000.0,-3.1,6.9,4.615800771085518,6.288345878353585,0.0,0.16407657042182047,0.14305215996981308,0.17504184127619776
2024-01-14,10140000.0,-3.3,13.4,6.656486812828668,11.708714457933949,0.06999999999999999,0.3476453292864596,0.3278951405168595,0.24336430583734825
2024-01-15,12420000.0,-4.3,3.5,3.546575716408355,9.140698863632483,0.0,0.22748315309854697,0.2075622723947733,0.18514284453698088
2024-01-16,10400000.0,-2.2,6.4,4.725344939317469,4.1992143109614855,0.0,0.1267584067699663,0.10843601339563562,0.14888809214230708
2024-01-17,3840000.0,5.2,11.9,10.256072684888574,6.659480999208343,0.9,0.08320621750873067,0.07489647429803777,0.08464154314276691
2024-01-18,2210000.0,5.4,8.6,9.24641263301955,6.1746109219626115,0.37000000000000005,0.06127634598496806,0.05670364159218126,0.06579023421117011
2024-01-19,2040000.0,6.2,7.6,7.943771439138874,10.167306496319434,0.6000000000000001,0.1732898690452027,0.1690815085447153,0.14076414486316804
2024-01-20,1380000.0,4.4,7.2,8.871362443391218,7.171288302967724,2.31,0.027171918255203837,0.0244193203412816,0.042057393926918575
2024-01-21,4580000.0,-2.2,8.8,5.687944816178939,12.283375290225184,0.0,0.24111677051251673,0.23270047893296653,0.18955575995869411
2024-01-22,5240000.0,-4.9,-2.0,2.7750784014589693,18.523832765887832,0.0,0.37335479838904573,0.3659445651435218,0.16648881265185428
2024-01-23,8910000.0,-7.6,-2.1,3.107124146022672,13.737985521962377,0.17,0.18881399206644295,0.1769725588312826,0.10492858027006993
2024-01-24,9060000.0,-4.2,-1.9,3.667362893925066,12.504859152670766,0.010000000000000002,0.18017138101055893,0.16713618656184578,0.10309122643876849
2024-01-25,12750000.0,-3.1,1.1,3.778452090465381,8.009335350059112,0.0,0.1852466903538864,0.1652768215822717,0.144625211113442
2024-01-26,12610000.0,-4.2,5.8,4.548305543578149,6.279366802849035,0.0,0.1587910998326597,0.13761158412124058,0.15613483106540985
2024-01-27,11470000.0,-1.6,6.6,4.977575409636415,6.132708569608042,0.0,0.17584527987907636,0.1553476449202072,0.1699640107744716
2024-01-28,11030000.0,-4.5,5.4,4.1534851433004025,7.542423423822482,0.0,0.19407572817503885,0.17579366460691265,0.17485856571660777
2024-01-29,12230000.0,-4.8,5.9,4.277519707666944,5.875308405144259,0.0,0.16359344724559213,0.14324521998666528,0.16504853081983023
2024-01-30,12180000.0,-0.9,10.2,6.414650884726492,5.62988034135321,0.03,0.16293370800919993,0.13951576373869748,0.1717578544369965
2024-01-31,8580000.0,3.2,13.0,8.37177538345874,6.405073859912743,0.43,0.1803476047795523,0.16201546945695036,0.18448425176032332
2024-02-01,5570000.0,2.8,8.5,6.424328058902128,5.938161933676113,0.05,0.17780177814412476,0.1667437788093884,0.17206573745089176
2024-02-02,7340000.0,1.3,8.6,6.023323432961965,4.522461029125306,0.1,0.15563601917765574,0.14138554144639306,0.16472951826049062
2024-02-03,2330000.0,4.1,8.1,8.252636767754591,5.950134034348847,0.5900000000000001,0.08136173453060033,0.07667069703243859,0.08738409547731181
2024-02-04,4600000.0,4.9,10.7,8.547096248918654,10.888625561851663,1.9800000000000002,0.21077227441670185,0.2010281969496313,0.15989628343225543
2024-02-05,2380000.0,3.5,7.2,8.527181256527244,5.695726895053248,0.34,0.04506520758717154,0.040384859891916904,0.049971530656241714
2024-02-06,6420000.0,0.3,6.5,5.777251105009077,8.446317024613906,0.020000000000000004,0.19304081375811183,0.18120277488154515,0.15529417837654153
2024-02-07,13360000.0,-3.9,5.4,4.242516960625566,7.5065071218042805,0.0,0.21554625462915006,0.19314924104961945,0.18202318828344374
2024-02-08,12130000.0,-3.0,6.0,4.759396770500207,6.449969237435495,0.0,0.18558135954957075,0.16467139774532588,0.16585088250019978
2024-02-09,11670000.0,-2.2,6.2,4.7268209535499475,7.159316202294991,0.0,0.2136107384442309,0.19312470915796665,0.1829210016606474
2024-02-10,14440000.0,-2.0,8.3,5.403996522431576,5.441319755757648,0.0,0.19048727677498714,0.1640888538069077,0.18242868762280842
2024-02-11,14300000.0,-2.8,8.4,5.257856133817813,7.458618719113343,0.010000000000000002,0.22436680072324214,0.19854056056459496,0.19704447281155263
2024-02-12,15460000.0,1.9,11.2,6.7793830276125595,5.902245631657911,0.0,0.2396848121697618,0.20812687478355046,0.22205874888353386
2024-02-13,14830000.0,8.4,15.0,10.165713991861548,10.352874056746812,0.08000000000000002,0.3676448832166236,0.33277949761167924,0.2755283107602837
2024-02-14,9840000.0,8.9,18.0,13.361650659340608,7.296995360031433,0.15000000000000002,0.2077059280144149,0.18359061204566746,0.18619610398669714
2024-02-15,3940000.0,-3.1,10.9,5.377462061987077,11.618923702888443,0.020000000000000004,0.37700852536510127,0.36961918352782314,0.25446170542264557
2024-02-16,14370000.0,-2.3,9.2,5.399012502776998,4.193228260625117,0.0,0.18470602383544094,0.15816338145224312,0.1882507168262886
2024-02-17,15810000.0,3.1,13.4,7.981226743877277,7.40474426608604,0.0,0.2844013772998649,0.2504769682958595,0.24569212389536227
2024-02-18,6610000.0,9.6,16.4,14.634223623604058,14.695753575781104,5.08,0.12135562671927672,0.10532366204360269,0.07604056933620305
2024-02-19,3840000.0,4.2,14.4,9.64367972314156,9.6106038150373,0.38,0.19579809541823315,0.1873144020987007,0.18176711745528684
2024-02-20,2530000.0,5.2,10.9,9.828148301036835,9.948815659042035,1.57,0.09881537985891456,0.09341747048492294,0.08946835796208125
2024-02-21,2680000.0,5.3,9.1,9.448648567399644,6.027952688721619,1.72,0.06675468517624163,0.06117645380096789,0.06868810025595326
2024-02-22,2460000.0,2.5,6.6,7.763389010020575,4.408726072734332,0.65,0.053112467344864765,0.048398188944915946,0.06436792425401154
2024-02-23,3570000.0,2.2,5.9,5.95778062511728,7.383793089908755,0.27,0.18210969987921546,0.17538054471809983,0.15228206200472047
2024-02-24,4460000.0,2.2,7.8,6.5198493935640345,6.458948312940045,0.5599999999999999,0.1725662897090582,0.16389329951226933,0.1535037439361783
2024-02-25,7140000.0,-0.2,8.2,6.326223620625941,9.203552392164339,0.010000000000000002,0.2061315086735286,0.1926956847820534,0.1595358911635767
2024-02-26,16239999.999999998,0.6,10.2,5.8214799913489825,7.554395524495217,0.0,0.3153421496507004,0.2833548788331399,0.255990308922744
2024-02-27,14560000.0,1.4,10.9,5.194927225187806,8.539100804827596,0.0,0.39554270422649457,0.36618347334444384,0.3202906555746459
2024-02-28,14760000.0,4.7,13.1,6.734830631454697,5.908231681994278,0.0,0.33516789059854735,0.3029144879356235,0.3072043553032188
2024-02-29,3230000.0,-1.9,7.0,6.0600109270040035,11.687763281756663,0.34,0.16333781787006033,0.15755538652999898,0.12586916060427136
2024-03-01,15490000.0,-2.7,0.9,2.940321239431226,15.722361208468055,0.0,0.4915869735758435,0.467228422579566,0.23786575441253915
2024-03-02,17810000.0,-0.8,4.9,4.476056773349257,8.03327955140458,0.0,0.30927839904073245,0.2779576223726837,0.21540949592107275
2024-03-03,14370000.0,1.3,10.1,6.755049549400373,7.87165619232267,0.08000000000000002,0.2785834583498294,0.25001017018739363,0.21267240907759102
2024-03-04,11410000.0,6.1,13.4,8.438069310396516,8.524135678986678,1.2800000000000002,0.3400679645775316,0.3145522636950083,0.2706921826071592
2024-03-05,3010000.0,6.0,8.6,9.14012132053642,6.222499324653548,0.27,0.09250297821476663,0.08621934188593469,0.0878554617329643
2024-03-06,14540000.0,0.9,13.4,7.100723961068333,6.267394702176301,0.0,0.29717288650057366,0.2669536960882958,0.2600018282536108
2024-03-07,15580000.0,0.9,7.8,5.329662126240795,8.233812237672877,0.0,0.33444673871041497,0.30478554088886173,0.24252496453420166
2024-03-08,19270000.0,-3.3,7.9,4.093321945708688,11.891288993193143,0.0,0.4551911803543606,0.42099815363025234,0.2909797965410896
2024-03-09,19740000.0,-3.8,7.3,4.346923383450082,6.877971836485741,0.0,0.3061965773500569,0.27185624110260026,0.23707658329557182
2024-03-10,20110000.0,-1.4,11.2,4.925277586071006,4.720000690225418,0.0,0.3288892821041681,0.2899091356520965,0.29080154157087656
2024-03-11,7530000.0,-0.2,11.6,7.738243546114674,5.4353337054212805,0.1,0.15216996878696704,0.13719732718201633,0.14902433721188152
2024-03-12,13490000.0,-0.5,11.4,6.966446387958146,8.398428621922971,0.32000000000000006,0.26960232583195143,0.24298945097958632,0.21234703352848835
2024-03-13,20410000.0,1.0,11.6,6.108,5.4383267305894645,0.0,0.33762200822164623,0.29627639358626356,0.2834235998190403
2024-03-14,18180000.0,-0.6,14.1,6.8692696793121755,4.354851619707028,0.0,0.32402738022819705,0.28669205596947434,0.2700980302390724
2024-03-15,21230000.0,0.2,16.0,6.559196987402187,4.004667675029556,0.0,0.41179105056413084,0.3664307670094875,0.33684154388718157
2024-03-16,18220000.0,6.4,18.7,8.835375365688158,4.142346832765998,0.05,0.38218015741917377,0.33845477331775353,0.3668898984191305
2024-03-17,14930000.0,-0.2,12.4,6.223793989357027,11.603958577047523,0.0,0.4568004615927113,0.4267415818298123,0.30623913725620977
2024-03-18,20760000.0,4.6,14.9,6.032476844970412,4.262067839493339,0.010000000000000002,0.40140296184270313,0.35497825103453634,0.37833602229754204
2024-03-19,19330000.0,3.0,13.6,6.290014920558975,14.510186015353726,0.04000000000000001,0.6694355832549898,0.6278992632144765,0.41132576148167227
2024-03-20,20670000.0,-1.3,8.7,4.497200079212514,10.535448592006006,0.0,0.4773904070567435,0.4388851055250302,0.3108476255502217
2024-03-21,21490000.0,1.6,11.0,5.858863432657203,6.342220331380889,0.0,0.3925446790491919,0.3490112513904769,0.305280119574148
2024-03-22,18220000.0,10.4,16.9,11.004776621549954,12.920889651048276,0.0,0.5943059805818275,0.5494496162921222,0.37724295019569876
2024-03-23,19170000.0,11.8,21.1,11.142520002759918,7.5514024993270334,0.15000000000000002,0.5826206928846349,0.5325180413234235,0.49967142245768487
2024-03-24,4810000.0,11.4,15.6,10.261926488973785,8.141028457459187,0.09000000000000001,0.3504587853011779,0.33865723704200745,0.3097843970217365
2024-03-25,6390000.0,7.8,15.4,11.215124257513649,10.245125150692205,3.88,0.2650140641909676,0.2500281869011181,0.2039695575444112
2024-03-26,11680000.0,3.7,13.4,8.634707444020187,6.039924789394353,0.05,0.2600371154721569,0.23476164653963263,0.2182377805181658
2024-03-27,15350000.0,8.6,16.2,9.530627933334577,6.494864614958248,0.020000000000000004,0.40947046669337306,0.37276416340424856,0.34056919590693396
2024-03-28,2620000.0,7.6,13.6,12.001295542649991,7.470590819786078,2.23,0.07639041292715634,0.07039923329935752,0.0848619648367666
2024-03-29,19020000.0,3.2,17.3,9.785952884803443,11.316628160901908,0.0,0.5079086177871248,0.46480904377023496,0.318960370183549
2024-03-30,19880000.0,4.5,20.0,10.13671596519246,9.065873234427896,0.06,0.62177322478984,0.5744051475540204,0.4127321858296156
2024-03-31,16579999.999999998,3.7,18.8,9.283871123805648,4.357844644875212,0.0,0.3960491883759722,0.357503285798042,0.3319109083977702
2024-04-01,22630000.0,5.2,20.2,9.243742130878356,3.4389859182428704,0.0,0.47458653920354577,0.42008447500468,0.39949356372750033
2024-04-02,11840000.0,11.6,19.6,13.724097334979893,13.112443261812022,2.33,0.48331996864840787,0.4529082249492669,0.33154969888457836
2024-04-03,2790000.0,12.1,15.5,15.41595742657624,4.100444480411428,2.1,0.054995555970970965,0.04810344644966145,0.06672097541377606
2024-04-04,8530000.0,9.5,16.4,11.351980051506429,7.698060732568026,0.04000000000000001,0.3116112096511139,0.2909465838031842,0.25753691502922704
2024-04-05,19120000.0,6.2,17.9,10.394417279888934,3.8340652404430946,0.0,0.3605287095120536,0.31519117215618375,0.31275061968599266
2024-04-06,15560000.0,5.3,17.9,9.927228135123528,3.9298420458249685,0.0,0.3289363967701903,0.292444964746707,0.29604402829741855
2024-04-07,20090000.0,7.9,21.5,10.877775964553111,4.6571471616935645,0.0,0.4983593610246011,0.4477344549000466,0.4249140478822652
2024-04-08,8850000.0,6.7,21.2,9.975669289805245,4.881624049307328,0.0,0.39620014411552795,0.374264315958321,0.3667097933818403
2024-04-09,20120000.0,7.9,20.5,10.513448927011796,8.658821811554937,0.05,0.6069473257840292,0.5567990720827994,0.46807289669311924
2024-04-10,21540000.0,10.2,18.7,10.021451030589162,5.845378153462424,0.0,0.5351871150989786,0.4812031671569207,0.4443296021135571
2024-04-11,13740000.0,8.1,18.5,12.539150453287544,5.183919591293864,0.0,0.30603860848860054,0.2724810742851072,0.2562182731621737
2024-04-12,21140000.0,8.9,22.4,13.339510128128767,3.3491951631973644,0.0,0.44489752931726195,0.3905416526651383,0.3759648666066456
2024-04-13,23180000.0,9.6,24.6,13.686336619315933,4.435663299247984,0.0,0.5821295946151351,0.5207623281907505,0.46790975249552824
2024-04-14,21150000.0,15.4,23.2,13.975621559708687,14.644872147921985,1.31,0.9449400989584333,0.886611795460389,0.6315935928222217
2024-04-15,7170000.0,11.7,19.5,14.94100806380935,8.631884585041284,0.19,0.27341003655677676,0.25499346541464485,0.22468746397132314
2024-04-16,18760000.0,7.2,19.3,12.283055205834119,6.53078091697645,0.010000000000000002,0.40688246976219833,0.36111722145904473,0.31542063906992357
2024-04-17,21070000.0,8.1,21.0,11.107942683227238,4.354851619707028,0.0,0.48479726663057565,0.4318756993163163,0.41361028324496285
2024-04-18,24770000.0,8.4,21.6,11.014120379964796,5.830413027621506,0.0,0.6148929366526191,0.5520704637616383,0.4870880177987556
2024-04-19,21930000.0,13.9,24.0,11.850923577407197,4.914547326157347,0.09000000000000001,0.6174874632873558,0.5573838956210649,0.5684054168121401
2024-04-20,3830000.0,13.2,17.5,16.41903479661152,8.778542818282277,0.7400000000000001,0.12400873564380113,0.11422253791859431,0.10336359421326247
2024-04-21,6140000.0,14.0,18.6,15.986048594252916,4.193228260625117,0.1,0.19038072778602846,0.17438163957619937,0.17146042373835266
2024-04-22,10860000.0,11.6,20.1,13.686336619315933,5.803475801107854,0.04000000000000001,0.34009390889985547,0.31205448533047614,0.2994985729828968
2024-04-23,14630000.0,10.8,19.7,13.60733608784149,6.294331928689953,0.17,0.38505782290091684,0.3477549060728694,0.3080472413572358
2024-04-24,21440000.0,7.5,17.1,11.422565840809884,7.910565519509056,0.020000000000000004,0.46230109253907276,0.4111545566852664,0.3116747999148497
2024-04-25,24900000.0,10.2,22.5,13.108973634534525,3.9567792723386193,0.0,0.5377416500114938,0.4727938538831015,0.44757156001963966
2024-04-26,13830000.0,8.8,20.8,13.4431091192745,3.9058978444794996,0.0,0.31892039110411513,0.28399466439208476,0.28737301081628086
2024-04-27,25760000.0,9.5,24.9,11.78462527392607,5.923196807835195,0.0,0.7924892139471171,0.7241587753891143,0.5949147224301525
2024-04-28,21700000.0,15.4,26.1,15.059550191157202,6.018973613217068,2.0500000000000003,0.6680468879501695,0.6066990705498675,0.5886550315380955
2024-04-29,6630000.0,13.5,18.7,17.827843575767112,5.231807993984802,0.6400000000000001,0.1502411578582406,0.13303523925458868,0.10861934255270696
2024-04-30,16430000.0,10.9,19.4,13.446822121532302,5.498187233953134,0.010000000000000002,0.40087858924413206,0.359074836374509,0.31666409761818815
2024-05-01,9610000.0,11.5,18.0,15.055448829352388,3.1247182755836,1.05,0.21247288546646562,0.18823037005691742,0.17729553694596245
2024-05-02,19730000.0,8.1,22.0,12.595135573237695,5.501180259121318,0.0,0.5114241305889996,0.46133078809796063,0.40411433501105376
2024-05-03,26240000.0,7.7,24.3,12.65134032462402,4.043577002215941,0.0,0.6333573506993553,0.56539927581962,0.49409506884112614
2024-05-04,19980000.0,17.6,24.0,17.209623447347063,12.085835629125071,1.04,0.788904779898277,0.7323728576392179,0.5449576771997461
2024-05-05,3110000.0,14.4,19.9,19.36194912178401,14.234827699880842,4.5,0.07324665857308946,0.06500515016403874,0.060478229078434385
2024-05-06,12240000.0,13.2,18.4,14.518627360317517,12.630566209734473,0.29,0.45920380089406676,0.4276339363967655,0.2883852177048801
2024-05-07,13670000.0,11.8,17.5,13.872240087042677,9.628561966046398,0.96,0.39361386208434496,0.35920409059141345,0.2566422112059787
2024-05-08,17310000.0,8.3,20.3,11.649732858689903,4.588307582825343,0.03,0.4166152959137196,0.37337541869521657,0.3642325024335233
2024-05-09,26320000.0,8.8,20.4,11.34238451451019,5.01032413153922,0.0,0.5732627256156924,0.5070826718724083,0.455789420096654
2024-05-10,26460000.0,13.6,22.6,12.807041869693439,8.060216777918232,0.0,0.7796861423847153,0.7082864577991776,0.5917787776636748
2024-05-11,15680000.0,13.8,23.8,17.521026473928647,11.571035300197506,3.02,0.5416435984441773,0.4987853662521056,0.38391038643634473
2024-05-12,22900000.0,9.8,21.0,10.810162554683318,8.8473823971505,0.0,0.7002066810431795,0.6416323189085383,0.5334998035900037
2024-05-13,27010000.0,10.1,23.3,12.668949467102445,4.573342456984426,0.0,0.6440182258685108,0.5730718534169158,0.5146826665945297
2024-05-14,26770000.0,9.1,23.4,12.75022933825598,3.214509030629106,0.0,0.591925524004216,0.5222410452168065,0.47774732249273344
2024-05-15,23000000.0,9.6,20.7,11.335991455331339,12.316298567075203,0.30000000000000004,0.7754988884864316,0.716978723178986,0.5193354459080408
2024-05-16,26960000.0,12.7,19.8,12.265918559490034,10.574357919192392,0.0,0.7992061349968218,0.7290270708164497,0.5186585705500877
2024-05-17,24950000.0,12.6,23.0,14.498778216391004,7.811795688958999,0.010000000000000002,0.680577283905859,0.6136303431486941,0.5040166368640131
2024-05-18,26730000.0,10.8,24.6,15.282485352423711,5.282689421843921,0.0,0.6547118999101448,0.5831245292198656,0.4918671217136582
2024-05-19,27080000.0,12.2,26.2,13.708982080120546,4.513481953620755,0.0,0.7385676017690395,0.6640174625632764,0.5992879014400516
2024-05-20,26560000.0,12.4,26.1,15.865419811858626,4.929512451998265,0.0,0.6933148951303998,0.6201314431976341,0.542568742299461
2024-05-21,25840000.0,13.2,24.9,16.277968063106837,5.2078637926393325,0.0,0.6340742029241101,0.5631275319063188,0.5020307509441115
2024-05-22,22230000.0,14.9,26.4,19.01195308873936,3.639518604511166,0.0,0.5424125474786863,0.4796705105386402,0.446983154734051
2024-05-23,25940000.0,13.7,27.0,15.88690190546196,5.429347655084913,0.0,0.7409194082576371,0.6680729143448911,0.5958774071324848
2024-05-24,26430000.0,14.9,27.5,17.846877499854735,4.8906031248118795,0.0,0.7040677155649431,0.6287950579166721,0.5705047868709942
2024-05-25,25800000.0,16.0,25.8,13.025686261414616,9.84106675298743,0.0,0.9931511322081447,0.920031617673667,0.7871124605721839
2024-05-26,17860000.0,15.4,25.1,20.115889053881062,11.600965551879343,1.11,0.5613670451521088,0.5112959974715928,0.3741299331429772
2024-05-27,21720000.0,13.9,23.1,12.500787705945262,8.778542818282277,0.0,0.7746206919363828,0.7155764854521054,0.6113930439570683
2024-05-28,25810000.0,12.4,25.5,14.490845233282473,7.67710955639074,0.0,0.7994037214216078,0.7286662348066069,0.6031054201836283
2024-05-29,25310000.0,15.2,26.4,16.74036200156971,3.935828096161335,0.020000000000000004,0.6427514211345896,0.5711386607553711,0.5425720695157785
2024-05-30,16469999.999999998,16.2,25.5,16.592408858073235,3.166620627938169,0.31000000000000005,0.46408240725232286,0.41744333120957855,0.4245476839120716
2024-05-31,24580000.0,14.7,25.2,15.96444890864597,6.210527223980814,0.0,0.6891035295670063,0.6205441877446984,0.5522374397198334
2024-06-01,24600000.0,14.2,22.6,14.380182982808824,9.781206249623759,0.0,0.777789714201657,0.7110391083883064,0.545016841990703
2024-06-02,24410000.0,12.2,26.0,13.622352845637055,6.10577134309439,0.0,0.7737566492095468,0.706676360007434,0.6133093891076763
2024-06-03,26310000.0,13.5,27.1,14.534523851240921,4.902575225484614,0.0,0.7653693686226852,0.6915461088987749,0.6286673258821096
2024-06-04,20890000.0,14.4,26.0,16.574553313728806,4.761903042579988,0.0,0.5762434190159016,0.5177272772396148,0.4967671620519461
2024-06-05,19670000.0,16.8,27.1,16.835115280330893,4.145339857934181,0.010000000000000002,0.5853507312706239,0.528657033777178,0.5300921769975835
2024-06-06,13590000.0,14.9,24.1,15.319921462683737,3.385111465215566,0.0,0.40662303541921146,0.36901190381974536,0.3830910703174225
2024-06-07,17590000.0,18.6,26.7,16.80347872845541,7.841725940640834,0.06,0.7283038473044171,0.6770552405704486,0.6292668875078092
2024-06-08,11870000.0,18.2,24.6,21.06545711017998,6.9976928432130805,0.49000000000000005,0.40486224681060046,0.3709472044462082,0.32154553106690653
2024-06-09,17770000.0,16.5,27.4,20.179420356759007,4.893596149980063,0.020000000000000004,0.51831256423605,0.4670951262869635,0.4434025640197821
2024-06-10,26440000.0,17.5,29.6,19.027054253293187,5.543082611475887,0.0,0.7908445948327871,0.7127745458438594,0.6694838147200434
2024-06-11,24370000.0,17.5,29.9,19.894906544835635,3.669448856193001,0.0,0.67953715537816,0.6074225769508198,0.5858684887152743
2024-06-12,26250000.0,16.6,30.6,18.352930648959266,3.9148769199840503,0.0,0.782003862466776,0.7044384897461502,0.6544398402346326
2024-06-13,25820000.0,18.4,33.0,18.04300460214852,4.073507253897777,0.020000000000000004,0.885004128316195,0.8064608470403856,0.7557989400786761
2024-06-14,23250000.0,19.4,31.0,21.17580563496482,4.863665898298227,0.24,0.7283276652174561,0.6580717097857731,0.6420165843591338
2024-06-15,23470000.0,20.2,30.2,22.082696316638383,5.902245631657911,0.06,0.758114656852642,0.6871939138856915,0.6347841861013751
2024-06-16,26080000.0,17.4,29.9,18.736953025521665,6.243450500830832,0.0,0.8386375857825973,0.7615186533764,0.7005009711816715
2024-06-17,15430000.0,18.0,29.2,18.613109450548325,3.6036023024929635,0.0,0.5090767649367712,0.4634831001337519,0.49429918053680166
2024-06-18,27340000.0,17.9,32.5,16.708881680483312,6.345213356549072,0.0,1.0955882912143053,1.012973331149694,0.8858108517593486
2024-06-19,24280000.0,20.1,34.0,17.61022898120093,7.419709391926958,0.0,1.1520724466396777,1.076930507910603,0.9752178922927296
2024-06-20,9360000.0,18.9,24.2,20.677773886526623,9.897934231182916,0.16000000000000003,0.4371456249582179,0.4103378801664402,0.34137371509367964
2024-06-21,21110000.0,22.5,31.9,23.869675178134106,7.56636762516795,2.1,0.8312013936233476,0.7657491777313158,0.7129870076263979
2024-06-22,3740000.0,22.2,24.5,26.906184437841006,13.384808552116722,2.6100000000000003,0.18773536349277994,0.1767244086493832,0.14074113334338467
2024-06-23,12250000.0,21.5,27.4,25.481203665052192,8.548079880332146,0.04000000000000001,0.47181236338625226,0.43517458676951637,0.36445142891038407
2024-06-24,17120000.0,18.4,28.2,23.01148908325849,7.596297876849786,0.03,0.5636079750684825,0.5132419246200847,0.44551414241082865
2024-06-25,19580000.0,18.6,27.5,18.951653375302655,4.785847243925456,0.0,0.6113147899115773,0.5539243570900152,0.533919826825966
2024-06-26,25530000.0,19.0,29.2,20.29635082134043,3.872974567629481,0.0,0.7092566338030851,0.6332755846412027,0.6003032062740619
2024-06-27,9680000.0,17.5,24.5,18.64771314395619,5.567026812821355,0.020000000000000004,0.3814500449980203,0.35397103894563486,0.3503699021424011
2024-06-28,23700000.0,20.7,29.8,23.21447438255038,4.465593550929818,0.05,0.6979943971025888,0.6263304313806242,0.5751406369951316
2024-06-29,4760000.0,23.0,24.8,27.721302452886608,15.620598352749814,7.2,0.24054679617218433,0.22642064925063404,0.15675627503550266
2024-06-30,9530000.0,22.0,27.3,28.002464216852882,8.619912484368552,1.16,0.34198151376050034,0.3133995253199283,0.2512446758625929
2024-07-01,17000000.0,23.2,29.7,28.236293569682296,6.255422601503567,1.8100000000000003,0.5672900307474331,0.5150725366656239,0.44103193770791815
2024-07-02,16770000.0,23.4,29.6,28.860941466636714,16.24314758773199,1.42,0.7509532333294986,0.69940949629584,0.4702430018230457
2024-07-03,23160000.0,21.0,29.8,27.2696699518008,6.683425200553811,0.020000000000000004,0.6812986956716239,0.6111266907786439,0.49027479291607257
2024-07-04,23110000.0,23.4,31.3,29.313420627035917,10.400762459437747,0.76,0.8306163896367176,0.758831530851318,0.5779629947197122
2024-07-05,24610000.0,24.3,28.9,28.278990618852863,8.473254251127559,0.020000000000000004,0.797477703938554,0.7217414199088789,0.5396742785051855
2024-07-06,22060000.0,24.8,29.9,30.071297493211333,14.288702152908145,0.010000000000000002,0.8641331317307254,0.7956098091514994,0.5288065933872729
2024-07-07,15080000.0,24.9,30.7,30.44900906811714,10.532455566837823,0.11000000000000001,0.640811904707328,0.5937151233133544,0.4758400587173181
2024-07-08,7640000.0,23.2,27.9,30.15404145153909,9.356196675741698,1.34,0.29217963225321064,0.2689851092342988,0.2139892819980853
2024-07-09,8820000.0,23.9,28.5,29.712546596004252,12.358200919429772,3.84,0.4255425695435144,0.3985373756121833,0.3083601181816262
2024-07-10,13160000.0,21.2,26.9,25.939882145667273,8.045251652077315,0.06,0.4426814155626067,0.40354311094102757,0.32331963102737726
2024-07-11,11850000.0,20.9,26.4,25.487705984720574,4.265060864661523,0.04000000000000001,0.35048491273178595,0.31544429352114806,0.28151381244244317
2024-07-12,19800000.0,21.8,28.0,26.58739536877839,3.738288435061222,0.24,0.5408480549878665,0.4812602773103669,0.41351173981226735
2024-07-13,17040000.0,22.2,28.1,26.005992913123727,8.838403321645949,3.5600000000000005,0.6066263044924018,0.5551702133913334,0.4430626100656525
2024-07-14,13010000.0,23.0,27.5,27.94603355187062,7.3628419137314705,0.29,0.43996728547136443,0.40062769922483454,0.3237430827309854
2024-07-15,20740000.0,23.0,29.0,28.400271799253858,7.955460897031809,1.67,0.6560860832372735,0.5927479856446309,0.4533478438238171
2024-07-16,9650000.0,23.5,27.8,30.20680005229459,9.625568940878216,0.82,0.34607737817452616,0.316741852162633,0.23835011641372583
2024-07-17,17960000.0,25.9,30.0,30.146511074785664,12.810147719825485,0.020000000000000004,0.7854090303943039,0.7292174976224035,0.5352883674338682
2024-07-18,7390000.0,23.2,28.0,29.996247675370128,9.739303897269188,4.74,0.29872738240753866,0.2762769815260076,0.22289399107130606
2024-07-19,15000000.0,22.7,29.0,28.76684372345093,5.453291856430381,2.37,0.4655072860289991,0.4197880700706036,0.3572381141485333
2024-07-20,12270000.0,24.0,30.6,31.835359305409,12.5168312533435,3.6500000000000004,0.5148300961005798,0.4767399625404772,0.3604993318853646
2024-07-21,20700000.0,24.9,31.6,31.930236305170624,9.67345734356915,0.31000000000000005,0.7422540753115592,0.6772608741615773,0.5169597121980205
2024-07-22,18820000.0,26.5,30.9,31.395842786821294,12.439012598970727,0.010000000000000002,0.814078857272273,0.7546802054001543,0.5610754789666205
2024-07-23,12920000.0,24.3,30.1,31.851155047061784,8.02430047590003,0.37000000000000005,0.45620387203345514,0.41614500754624295,0.335433302937696
2024-07-24,21740000.0,26.1,30.6,32.360240395827,7.24312090700413,0.26,0.7132465247825825,0.6449083541231592,0.4991225837547815
2024-07-25,23050000.0,25.1,32.0,31.061957686312102,11.972100672734099,0.13999999999999999,0.9021895137690178,0.8295655283838599,0.6157558877902756
2024-07-26,14210000.0,25.5,28.6,31.94607308420111,13.714041320616909,1.02,0.5482499219911459,0.5042727000249123,0.3298828258804406
2024-07-27,15120000.0,26.2,30.2,32.746695724047235,11.37050261392921,1.6100000000000003,0.6073616964851517,0.5599161594776392,0.41271189999817093
2024-07-28,25740000.0,25.6,32.0,31.061957686312102,10.083501791610294,0.0,0.9359714447885533,0.854639504300963,0.6496711268774219
2024-07-29,23060000.0,25.1,31.0,31.178075788179807,8.60195433335945,0.010000000000000002,0.7797152642004959,0.7074819960263954,0.5411676697898286
2024-07-30,21560000.0,25.2,31.0,31.139327762005237,6.638529823031058,0.03,0.7037518273642009,0.6361773768587893,0.5163350814892267
2024-07-31,22370000.0,25.7,32.0,31.819570394602668,7.877642242659037,0.06,0.78127784361176,0.7105540556402381,0.5722562782770861
2024-08-01,20400000.0,26.0,32.7,32.633566193244846,6.877971836485741,0.020000000000000004,0.7201352596193078,0.6552766915586924,0.5528461186451026
2024-08-02,21960000.0,26.5,32.7,34.65481837572779,5.148003289275662,0.13999999999999999,0.7002743274651804,0.630263213746484,0.5201154366166172
2024-08-03,23280000.0,25.6,33.5,33.988778719241566,3.726316334388488,0.11000000000000001,0.7067172631782721,0.6325385556829987,0.5446095144139587
2024-08-04,23360000.0,26.5,33.5,33.47390387177133,3.4629301195883384,0.04000000000000001,0.720490463393531,0.6456917190482588,0.5669020724021866
2024-08-05,19050000.0,24.2,33.0,31.756483010082377,4.504502878116204,0.7000000000000001,0.6059714992855518,0.545915833137025,0.49072922549381676
2024-08-06,23500000.0,25.8,32.8,31.866957622050222,2.936157689988037,0.04000000000000001,0.6956332490487198,0.6209602041322508,0.5522874837163689
2024-08-07,23730000.0,24.9,32.8,32.77098219532147,3.639518604511166,0.18000000000000002,0.6986235512786678,0.6236000605069101,0.5361747017544511
2024-08-08,20770000.0,24.4,32.5,31.614935029854806,3.7921628880885256,0.06,0.6254064897835206,0.5600416565503885,0.4959146866678176
2024-08-09,23590000.0,25.8,32.2,31.654198617903443,2.735625003719741,0.16000000000000003,0.683306978922652,0.6085993754191965,0.5385609801430651
2024-08-10,22960000.0,24.8,32.7,29.92884260875386,4.803805394934557,0.020000000000000004,0.7308649208831409,0.6583584185229328,0.589081302622073
2024-08-11,23920000.0,24.2,33.0,27.283469932954954,5.797489750771486,0.0,0.8116536050060323,0.7362451255166486,0.680075344859926
2024-08-12,23590000.0,25.4,33.7,30.40346626316959,2.7924924819152284,0.020000000000000004,0.7032150198027952,0.6280485374224903,0.5798607608806954
2024-08-13,19990000.0,23.8,33.3,31.185830437395172,3.3013067605064275,0.16000000000000003,0.5994392502346961,0.5364564533648781,0.4930730227918626
2024-08-14,23520000.0,24.6,33.8,29.013513020320435,3.3731393645428325,0.04000000000000001,0.716885214767552,0.6422318774411766,0.60423026685989
2024-08-15,21620000.0,23.9,32.4,29.166787991752077,3.5587069249702106,0.31000000000000005,0.6456598364041679,0.577857499924412,0.5317515521142127
2024-08-16,18730000.0,23.5,31.6,30.176642428704692,3.1875718041154535,0.76,0.5430638137657858,0.4847428922424303,0.4402786200379111
2024-08-17,16530000.000000002,23.4,31.6,29.906403638710888,2.903234413138019,0.33,0.4863383621344332,0.43489883634917287,0.4059456700662517
2024-08-18,18700000.0,23.8,31.1,30.0112445522804,3.412048691729218,0.34,0.5445885627496417,0.48643148247566426,0.43773899965431734
2024-08-19,22350000.0,25.4,32.7,30.411052601591933,6.1716178967944275,0.1,0.7597798310172148,0.6889593267172563,0.6051797454930489
2024-08-20,19810000.0,26.0,32.5,33.26001996127091,13.8427414028488,0.9900000000000001,0.8410791887297465,0.7781664321135956,0.5642154604588597
2024-08-21,19270000.0,26.8,31.9,32.51273420188778,8.745619541432259,0.27999999999999997,0.7346357813464002,0.6733698692616914,0.5490708343391276
2024-08-22,19560000.0,23.3,30.8,30.92311398128988,8.021307450731845,0.52,0.6171180149133677,0.5565835700393685,0.4350557934682837
2024-08-23,21450000.0,24.0,31.0,30.692910492258218,3.6275465038384316,0.06999999999999999,0.6052161858200865,0.5384661659716994,0.46597660458966883
2024-08-24,22230000.0,25.2,31.8,30.75415145283603,2.978060042342607,0.0,0.6383490066703696,0.5683489869761966,0.5082906790260204
2024-08-25,21640000.0,23.4,31.2,30.692910492258218,3.5557138998020275,0.18000000000000002,0.6001330061152385,0.5329552970491733,0.46136482597760936
2024-08-26,19490000.0,24.3,31.7,30.777144275513585,3.2564113829836745,0.1,0.5655043416955197,0.5044897941895604,0.45430981639292317
2024-08-27,12840000.0,23.4,31.9,30.12392978721113,4.4745726264343695,0.75,0.4359150569818728,0.39588605384374737,0.3848096800675741
2024-08-28,21340000.0,24.0,32.5,26.5132633451751,7.515486197308831,0.0,0.8032346075124777,0.7362319547327377,0.6802829095735368
2024-08-29,22900000.0,23.7,33.2,26.5132633451751,9.75726204827829,0.0,0.9343454987665725,0.8622773870169947,0.7665070512608841
2024-08-30,23710000.0,21.2,32.1,26.580648621286116,8.757591642104995,0.0,0.8004918358383992,0.7274792483351347,0.6285459504568474
2024-08-31,23190000.0,21.1,30.0,25.17079186819353,5.971085210526131,0.0,0.6809531572512382,0.6105498864647769,0.5393998408080549
2024-09-01,18710000.0,21.0,30.6,26.49307688010238,4.049563052552309,0.0,0.5308937199631962,0.47390392912667056,0.4452345356721502
2024-09-02,19090000.0,22.9,30.2,25.913478977185797,3.570679025642945,0.0,0.5545326316752314,0.49582103930755234,0.4725359280679503
2024-09-03,18110000.0,21.9,30.5,23.57043148103921,6.58166234483557,0.06999999999999999,0.6547711934392122,0.5993217532922275,0.579369108025362
2024-09-04,22960000.0,21.3,31.5,23.28648915998355,5.683754794380514,0.0,0.7269907715132157,0.6565113050728594,0.6368833236043294
2024-09-05,21520000.0,24.4,32.1,27.43567267337852,4.441649349584351,0.020000000000000004,0.6726110950971138,0.6050432840465046,0.5729411443140124
2024-09-06,15800000.0,24.5,30.4,29.28404274640673,3.6814209568657352,0.52,0.48079865631424823,0.4316605884891763,0.4020481340454266
2024-09-07,14080000.0,22.4,29.2,27.924897662121243,3.896918768974949,0.24,0.4094209767807566,0.36653395085995055,0.3401191771758233
2024-09-08,20320000.0,22.3,32.2,25.487705984720574,3.9627653226749864,0.0,0.6115723110956126,0.5485308830909044,0.5448502720563171
2024-09-09,20010000.0,23.2,33.3,28.34314186421814,4.345872544202478,0.05,0.6244397607957107,0.5616129996840615,0.544559128053861
2024-09-10,21090000.0,26.2,34.3,28.759616539113917,6.82709040862662,0.18000000000000002,0.8175437152282121,0.7498326952463031,0.7196814251827902
2024-09-11,13400000.0,25.0,31.5,30.977044299955214,7.790844512781715,0.76,0.5305001779511346,0.48842728445307876,0.4398140282391834
2024-09-12,18370000.0,23.9,32.8,29.482843050220847,6.291338903521768,0.03,0.6354088629837371,0.5776640518055584,0.5386157378365045
2024-09-13,19290000.0,23.9,32.7,29.824252942732315,4.22914456264332,0.16000000000000003,0.5891248741740053,0.5285233954933014,0.49592057371090553
2024-09-14,20170000.0,24.0,33.3,28.593828100738524,4.588307582825343,0.0,0.6423538549123287,0.5787308495573323,0.5595393768320657
2024-09-15,17550000.0,27.0,34.0,29.653119280270946,9.28137104653711,0.11000000000000001,0.834597609263216,0.7781029256472773,0.7286009105772127
2024-09-16,11980000.0,26.2,32.4,30.20680005229459,8.04225862690913,0.05,0.5807393514739719,0.5426719864484698,0.5260357250439374
2024-09-17,14800000.0,25.7,33.3,32.47254363989234,3.118732225247233,1.11,0.470522742401979,0.42339039458116134,0.40740579175552316
2024-09-18,18970000.0,25.2,33.8,28.478989571706343,5.3904383278985275,0.03,0.6748131941840312,0.6144009889028885,0.6092198123710146
2024-09-19,19100000.0,25.0,34.8,27.93194140756737,9.059887184091528,1.1199999999999999,0.8569547837499277,0.795862485428572,0.7709589000730677
2024-09-20,7390000.0,23.5,29.5,31.015616162839866,9.296336172378028,3.39,0.30808444233728266,0.28537077407975514,0.25201064398906725
2024-09-21,2830000.0,20.6,26.0,27.042848593460274,8.003349299722744,6.8500000000000005,0.11712736816905796,0.10880167174563704,0.12284748854631326
2024-09-22,5590000.0,19.4,23.6,22.534148570033683,5.3904383278985275,0.30000000000000004,0.20380805016879586,0.18781064888013724,0.18659983526148088
2024-09-23,12470000.0,17.4,24.4,16.556714624708064,6.821104358290253,0.0,0.47985542987677887,0.44451433118511463,0.4463346518353032
2024-09-24,15400000.0,17.3,26.8,20.121176631608343,4.214179436802403,0.0,0.409457306452082,0.36500136558750534,0.3754674920903667
2024-09-25,18800000.0,18.0,28.4,21.735171276019127,3.612581377997514,0.0,0.4625521182218938,0.40732513996393366,0.4109215452261523
2024-09-26,16649999.999999998,19.5,28.0,23.059110154299134,4.579328507320793,0.0,0.45042987775418275,0.4011244001887482,0.39110167614931757
2024-09-27,19710000.0,18.0,26.7,20.026186194082914,5.37547320205761,0.0,0.5165919396892995,0.4594291917971571,0.4441467289938603
2024-09-28,17680000.0,18.9,29.1,21.281104996929837,5.097121861416543,0.0,0.5146055986506194,0.462062060525566,0.4771262077444959
2024-09-29,18620000.0,17.1,28.2,18.52438674894592,6.8181113331220695,0.0,0.5844876519379849,0.5302381319046425,0.5425438117176097
2024-09-30,18850000.0,18.1,27.0,19.10777139832443,3.238453231974574,0.0,0.4498627579759111,0.39502655464351577,0.4154353263163011
2024-10-01,9130000.0,14.1,25.0,15.207853931850961,10.466609013137786,0.5,0.5342926755826135,0.5090027494499154,0.4947151077004908
2024-10-02,15380000.0,12.4,19.0,8.677546468804517,9.445987430787204,0.0,0.6619356140565208,0.6223489623616494,0.562275306498399
2024-10-03,6920000.0,11.5,18.9,13.332137118336076,7.473583844954261,0.21000000000000002,0.28233169975775013,0.26470606835259214,0.2592510883899856
2024-10-04,19320000.0,10.1,23.1,13.69010857907337,4.504502878116204,0.0,0.4107969577066043,0.36015053222900895,0.3733371138742962
2024-10-05,17250000.0,13.9,24.0,14.64222548347855,4.654154136525381,0.0,0.4229859367701786,0.37570884866057913,0.4096386252252245
2024-10-06,4780000.0,14.4,21.0,16.029324898702235,4.306963217016092,0.78,0.19570423786049757,0.18290260554102375,0.210298057101416
2024-10-07,5500000.0,12.6,19.4,15.745590438275569,4.459607500593451,0.06,0.16193681798778142,0.1476925568658857,0.16136770433751813
2024-10-08,16469999.999999998,13.0,22.5,15.411770989572995,5.776538574594202,0.0,0.38400483073822156,0.33985359356649225,0.3424640353224445
2024-10-09,12930000.0,16.7,22.6,16.177234147238956,2.9271786144834873,0.2,0.30551554670913095,0.2696372004965013,0.29916189764101386
2024-10-10,13240000.0,11.7,21.5,15.929942669600727,4.8427147221209434,0.49000000000000005,0.27143026014939764,0.23672225428379923,0.24466286356153893
2024-10-11,17420000.0,11.4,23.6,14.352633650980335,4.315942292520642,0.0,0.36910221223807504,0.3226261750887366,0.36072675573295354
2024-10-12,17450000.0,11.3,24.2,14.05263612178772,4.408726072734332,0.0,0.3975297969662002,0.35075146735802315,0.38475719142884524
2024-10-13,13080000.0,15.1,24.0,15.835387700432108,5.920203782667012,0.06,0.39575941332664405,0.35952806241583446,0.38709296016981043
2024-10-14,3750000.0,19.0,23.8,21.633541649278673,5.902245631657911,4.220000000000001,0.1922097100079912,0.18149518525091696,0.19819623534734992
2024-10-15,7390000.0,16.4,23.5,21.403602826830447,5.552061686980438,0.36000000000000004,0.18704870254040554,0.1664362722691747,0.16578759978416469
2024-10-16,14570000.0,14.9,25.1,18.622990474223233,5.007331106371037,0.0,0.3404958361540352,0.2998218728881417,0.3188176173592311
2024-10-17,14360000.0,18.6,24.6,17.85640113978901,8.5929752578549,0.27999999999999997,0.5228998077073517,0.4817389061099722,0.45969851332946965
2024-10-18,7890000.0,19.5,24.9,24.503262820284487,10.571364894024208,0.6400000000000001,0.2558886254998992,0.23305902780005577,0.1903638695366881
2024-10-19,8840000.0,14.2,20.9,14.498778216391004,10.685099850415183,0.05,0.43289912727898594,0.40929169687953576,0.3634125312636334
2024-10-20,14530000.0,10.6,18.6,10.394417279888934,9.17062911531432,0.0,0.47870064437962523,0.44216583507529716,0.4113360027153406
2024-10-21,9800000.0,15.8,22.6,17.516342597874335,5.438326730589464,2.69,0.2798803155336057,0.25290131390079634,0.26983079881252164
2024-10-22,5790000.0,14.2,22.8,18.255581446735427,9.823108601978326,0.22999999999999998,0.249470392725819,0.2337307078481042,0.23057141046340018
2024-10-23,12510000.0,8.3,17.2,10.84699659175947,9.823108601978326,0.010000000000000002,0.36212078915693635,0.3319561660487876,0.29794682066350875
2024-10-24,16230000.0,7.1,18.1,9.752311540493604,7.476576870122444,0.0,0.37173183512022945,0.33273590783021656,0.3473800770766355
2024-10-25,11790000.0,9.2,21.7,13.956425944534887,5.363501101384877,0.0,0.2609643031035095,0.230775786984798,0.2676215438883115
2024-10-26,14880000.0,13.2,23.8,15.365785993321406,4.624223884843546,0.0,0.32711732495663487,0.2866671503486216,0.3366841214696523
2024-10-27,3040000.0,12.2,17.8,15.882603446201491,3.9537862471704357,0.36000000000000004,0.08250780179745101,0.07479765575027371,0.0935519497195935
2024-10-28,10900000.0,14.6,19.6,14.8313784202994,3.6335325541747983,0.06,0.23305683151791032,0.2041999202139503,0.23360712773829523
2024-10-29,10610000.0,10.1,20.0,13.406028613664459,5.495194208784951,0.0,0.2409690481303966,0.21403086445934116,0.24707028780351764
2024-10-30,14770000.0,10.4,20.9,12.928507848365959,6.0339387390579855,0.0,0.31729447051717463,0.2793173513993001,0.31767273950563446
2024-10-31,12930000.0,13.6,22.4,14.65423547634763,5.581991938662273,0.5700000000000001,0.3253254236995058,0.2905002574966354,0.3326352804145375
2024-11-01,1070000.0,13.2,15.1,15.609615665499103,6.575676294499203,6.66,0.026397610876344808,0.023733635015538344,0.054343501663705496
2024-11-02,12920000.0,10.3,22.9,15.424333294814423,6.066862015908004,0.0,0.2730133863449292,0.2391442446694359,0.27424680907281906
2024-11-03,14000000.0,10.3,21.2,13.156255828889854,4.283019015670623,0.0,0.2574730449837963,0.22140103057441812,0.2786864113154344
2024-11-04,8250000.0,10.1,20.5,11.249994953126073,9.484896757973589,0.19,0.4149106705505747,0.39385295338954335,0.4006280378506818
2024-11-05,12690000.0,5.8,14.4,6.9726901796282545,10.107445992955762,0.0,0.4434035695706844,0.4147608475906755,0.3739245093493076
2024-11-06,13790000.0,2.1,12.9,6.9373739457466606,8.176944759477388,0.0,0.28652878819937155,0.25757140843051807,0.2650547525686787
2024-11-07,13510000.0,6.1,15.1,8.773982600443192,4.091465404906878,0.0,0.2083696156770125,0.17747616652756132,0.23029627296868166
2024-11-08,10230000.0,6.8,18.6,11.666110095103663,4.094458430075062,0.0,0.1740559327206509,0.1494180132882869,0.20362507153508874
2024-11-09,12190000.0,11.1,19.3,12.35870680261235,4.13636078242963,0.010000000000000002,0.23144692203405062,0.2003983025501091,0.2540260902194359
2024-11-10,6180000.0,7.0,18.5,12.228291919544562,4.947470603007366,0.0,0.14874290512228344,0.13384143663240655,0.18069816285750168
2024-11-11,12900000.0,8.4,19.7,12.427836179358247,3.7233233092203046,0.0,0.19374524054666273,0.16169949100591602,0.2219921120283038
2024-11-12,11150000.0,6.6,19.0,11.525925391877726,6.0339387390579855,0.0,0.22180436281029708,0.19488736807577195,0.2426667933304151
2024-11-13,12570000.0,11.3,21.1,11.857571416325639,6.303311004194503,0.0,0.330733427526537,0.298045843919353,0.3620846505375651
2024-11-14,8730000.0,13.4,20.0,13.232951388635952,5.962106135021582,0.27,0.2775094622349906,0.2545786280438606,0.2964661552278394
2024-11-15,9470000.0,13.9,22.2,13.622352845637055,7.147344101622258,0.0,0.3549306097781131,0.3294005991273916,0.3775430809680265
2024-11-16,9660000.0,12.9,22.9,15.466272573293368,8.68575903806859,0.010000000000000002,0.3260046898857549,0.30003562082301155,0.32919327090352807
2024-11-17,6560000.0,2.5,13.9,5.134254141539539,16.904606149900545,0.0,0.7148567216102919,0.7008005425535291,0.4666288744792187
2024-11-18,13090000.0,0.2,8.2,3.4875170903473762,8.392442571586605,0.0,0.3560117047892134,0.33121451156452714,0.3189428985096375
2024-11-19,8730000.0,4.8,12.4,6.767206625424044,4.501509852948021,0.0,0.19739473802570714,0.17847657438643846,0.22915808315633165
2024-11-20,11730000.0,4.8,13.3,7.3368607709419615,5.309626648357573,0.0,0.2147511257646859,0.18901264090513714,0.24161595045665968
2024-11-21,9850000.0,6.1,15.1,8.572047663136573,6.279366802849035,0.010000000000000002,0.23568710788093178,0.2131630165321461,0.25612644149914054
2024-11-22,11520000.0,1.2,12.6,6.191852503506017,7.87165619232267,0.0,0.2656027470632524,0.2418378877663824,0.27140489918751676
2024-11-23,11790000.0,2.8,11.6,5.81615675964042,3.573672050811129,0.0,0.16535401391052432,0.14081395871855512,0.2119118384569573
2024-11-24,10410000.0,5.2,14.6,8.173245781170195,4.7050355643845005,0.0,0.1864620454500759,0.16308943746055488,0.22436630071983532
2024-11-25,9310000.0,10.6,16.8,11.07032969820302,16.06655910280916,1.5300000000000002,0.4905938000756018,0.46764726110193894,0.3381530269087945
2024-11-26,9950000.0,4.1,12.2,6.10059526535159,16.012684649781857,0.15000000000000002,0.5634127462398545,0.5421231068780086,0.3675808076499066
2024-11-27,6340000.0,3.6,7.6,5.172500538097397,13.59432031388957,0.21000000000000002,0.43677728577711594,0.42421041300718026,0.28630316283223084
2024-11-28,8720000.0,2.8,10.6,6.547370733998154,11.418391016620147,0.2,0.31222432914016074,0.2943434968514854,0.2463551693377429
2024-11-29,8420000.0,4.4,10.1,6.720709221889418,11.876323867352227,0.12,0.335241854651413,0.3176902889712116,0.25128375333373637
2024-11-30,10980000.0,5.1,12.9,6.842603321266651,4.390767921725231,0.0,0.1872645320394003,0.16320484774446425,0.231946154285589
2024-12-01,7050000.0,6.0,15.1,8.912648717459053,5.725657146735083,0.0,0.1939973958458435,0.1778968878840602,0.22455243167594263
2024-12-02,11110000.0,2.8,17.3,8.587049325255085,8.988054580055126,0.0,0.3551422558860581,0.3300987896334716,0.30402820083696225
2024-12-03,10340000.0,1.5,8.1,3.8467755540923037,7.530451323149747,0.0,0.30502295537487367,0.28504532435729824,0.2943455272041605
2024-12-04,7110000.0,2.9,9.1,5.990472759339123,5.875308405144259,0.0,0.18717831042854033,0.1729078480688345,0.19833387825585674
2024-12-05,8580000.0,4.7,10.4,5.88748840930516,11.095144298456326,0.0,0.38888799527111007,0.3708446632150412,0.30840250423574445
2024-12-06,8380000.000000001,0.4,9.8,5.62736500288778,7.766900311436246,0.020000000000000004,0.2220285030598077,0.20568010207526308,0.22129756032732203
2024-12-07,6650000.0,-0.2,7.8,6.017837282978038,6.270387727344484,0.09000000000000001,0.13398571016610267,0.12155576617112032,0.14178868004042683
2024-12-08,7980000.0,1.5,5.7,5.097836507893427,6.542753017649185,0.0,0.1794819371109999,0.16466665269191114,0.17515378593800363
2024-12-09,8400000.0,2.5,8.6,5.943301504447396,5.534103535971337,0.0,0.16641803157585092,0.1497941465854909,0.18280695862902138
2024-12-10,9550000.0,1.6,8.5,5.546913204849658,6.910895113335759,0.0,0.201563632612176,0.18296261656191157,0.20503489900312064
2024-12-11,8170000.0,-1.2,9.1,5.151752548142991,7.527458297981564,0.0,0.20643551195021073,0.19108720234461532,0.21216909523771837
2024-12-12,10820000.0,-0.2,7.3,4.318225430560587,7.108434774435871,0.0,0.22687393487603452,0.20682017404049216,0.2289924681385651
2024-12-13,6320000.0,-1.8,7.2,4.994600259747444,6.066862015908004,0.1,0.15216965472624364,0.14079548942277015,0.16471125029627973
2024-12-14,7570000.0,-0.2,5.2,4.86286020629666,8.634877610209468,0.0,0.20203717881733413,0.1885090971574701,0.17268307227595767
2024-12-15,4310000.0,2.9,7.0,5.177299028016724,10.694078925919735,0.020000000000000004,0.3217604892688788,0.3133927019362164,0.24304642760500972
2024-12-16,8070000.0,-0.3,8.4,5.7578847457165265,4.881624049307328,0.0,0.12495601381480778,0.10974473029934473,0.15108248004748065
2024-12-17,10450000.0,0.1,8.4,5.086798370230005,5.719671096398715,0.0,0.1709191598219027,0.15109019808568144,0.19583965020126687
2024-12-18,7590000.0,-4.7,3.8,3.8039461522785034,10.322943805064975,0.0,0.21628721131166911,0.20413720179308084,0.17056844768569407
2024-12-19,11340000.0,-3.0,5.3,3.699312021723206,3.7472675105657727,0.0,0.11778131126825367,0.09848408975395792,0.1572006224330312
2024-12-20,5940000.0,0.0,6.6,5.733319720308651,4.711021614720868,0.020000000000000004,0.10868525757740681,0.09776980517947483,0.12457605261643348
2024-12-21,9380000.0,-1.0,6.0,4.342813353062744,15.698417007122588,0.0,0.40045521077512947,0.38369254155854765,0.24191468035503455
2024-12-22,7870000.0,-2.8,3.7,4.016010234823407,9.631554991214582,0.0,0.21599419976153794,0.20294978994457025,0.17249292810077263
2024-12-23,8400000.0,0.1,7.7,5.137431750562236,6.087813192085289,0.0,0.1720075869256878,0.15625366016600853,0.18539729052645446
2024-12-24,9690000.0,-0.8,7.2,5.064785560422042,4.208193386466036,0.0,0.11903863568842651,0.1012933041971515,0.15046202731348765
2024-12-25,8090000.0,1.5,8.4,6.023323432961965,5.0701846349028905,0.04000000000000001,0.1380484303470297,0.12234184113096495,0.15902285991999923
2024-12-26,7070000.0,2.0,7.6,4.822139656322805,14.746635003640224,0.010000000000000002,0.45319948644545,0.43953973293536697,0.28695677027533373
2024-12-27,4080000.0,-2.0,3.9,4.8583207109048585,9.54475726133726,0.22999999999999998,0.16617253147825492,0.15928118111282655,0.13078600726170053
2024-12-28,8109999.999999999,-0.9,1.9,5.146975027030753,4.525454054293489,0.010000000000000002,0.07469869447025473,0.06123089973786731,0.08106398491952978
2024-12-29,10750000.0,1.9,8.2,5.108895847452513,6.794167131776601,0.0,0.21845062059092357,0.19751230409455262,0.22426808642744184
2024-12-30,7500000.0,2.1,11.6,6.879550389904394,9.377147851918982,0.0,0.24229507423443675,0.22684633394558157,0.22634477761564958
2024-12-31,10680000.0,-1.8,6.1,4.3264076575641335,7.587318801345235,0.0,0.20325156731353383,0.18440210491904527,0.19568602865509455
2025-01-01,10900000.0,-1.5,8.8,4.799647884584924,2.984046092678974,0.0,0.10718669456537691,0.0869159005721614,0.1559040103086428
2025-01-02,11170000.0,-1.8,7.7,4.062240296808971,6.782195031103867,0.0,0.21852060594112427,0.19824135442849733,0.23086457961158785
2025-01-03,9830000.0,0.7,3.9,4.177239868538166,6.743285703917482,0.0,0.1983097026536382,0.180867177863914,0.18907394880496303
2025-01-04,9750000.0,-2.0,7.2,4.592724706503632,4.3787958210524955,0.0,0.132817127947308,0.11533159773303325,0.1647538230537992
2025-01-05,3120000.0,1.6,6.7,7.278266886980506,6.243450500830832,0.29,0.07816473183361286,0.07226414354054461,0.07672374667481034
2025-01-06,10140000.0,-2.1,6.8,4.825145601897421,12.193584535179678,0.05,0.2706684998387057,0.25264384258233263,0.20130615526592713
2025-01-07,10380000.0,-2.7,4.2,4.449401746083418,7.494535021131545,0.06999999999999999,0.1598569546258442,0.14245568209923287,0.14770784290923838
2025-01-08,11270000.0,-5.2,4.1,4.5999249710685,8.76357769244136,0.010000000000000002,0.12905734370415964,0.11108725687216114,0.11758087959018312
2025-01-09,8400000.0,-9.6,-1.6,2.6268957254422585,10.679113800078817,0.05,0.17320337952067727,0.162417294778844,0.12237701965219597
2025-01-10,11580000.0,-6.3,-1.8,3.5237566140186636,3.385111465215566,0.0,0.062392695219434004,0.04644144714945457,0.07198637474080809
2025-01-11,7320000.0,-4.5,2.0,4.288341167991451,3.3132788611791617,0.0,0.07139404387260846,0.06004360120158157,0.0849618650523027
2025-01-12,11530000.0,-2.0,4.1,4.245200435191085,4.621230859675362,0.0,0.1298022891142003,0.1102546136760582,0.14442686300745042
2025-01-13,8640000.0,-1.5,5.9,4.471838699496117,5.342549925207591,0.0,0.15843944468713617,0.14316311922834943,0.16935580825122354
2025-01-14,11540000.0,-2.4,10.6,5.475882943421973,7.92253762018179,0.0,0.23774262638544527,0.21595434322330537,0.22374691494102933
2025-01-15,5450000.0,-1.6,1.9,3.7736133049519105,9.167636090146136,0.0,0.22741139676818065,0.21848121641101642,0.1718702445164358
2025-01-16,8700000.0,-3.7,6.0,4.438220729537342,7.078504522754035,0.0,0.17182970401932768,0.15702495735492086,0.16811695664534182
2025-01-17,12580000.0,-3.8,5.4,3.5237566140186636,4.489537752275287,0.0,0.1551880238217884,0.1340588955387073,0.18054195327869685
2025-01-18,11080000.0,-2.2,9.2,3.655592177600712,1.8856058559556206,0.0,0.11215380939063971,0.09165312185021314,0.16223515871443128
2025-01-19,11200000.0,-0.1,9.9,5.496094703450747,2.550057443292363,0.0,0.11697067648093482,0.0952611966070809,0.15596353004812777
2025-01-20,11330000.0,-1.8,8.6,5.433986240560487,5.22282891848025,0.0,0.15026299135601923,0.12937124984955492,0.16912378464019456
2025-01-21,12570000.0,-1.6,8.6,5.172500538097397,3.2085229802927384,0.0,0.12414217449356083,0.10088462554201191,0.15702488452373753
2025-01-22,8830000.0,-1.8,9.2,5.96866042842487,3.3701463393746485,0.0,0.10587006336053706,0.08942101582667011,0.13398684685913928
2025-01-23,12750000.0,-2.3,10.7,4.23045992660037,4.821763545943658,0.0,0.23036015324661602,0.2062070429628307,0.25196696622611126
2025-01-24,13000000.0,-2.8,11.6,3.4571977768743434,4.884617074475512,0.0,0.3096155529345305,0.2848252787536879,0.29966901736402296
2025-01-25,12870000.0,-0.9,11.0,4.843216154633988,6.417045960585477,0.0,0.2516198181202808,0.22655227083578827,0.2694561942488982
2025-01-26,5410000.0,1.7,8.6,5.9922936314566195,4.869651948634594,0.42000000000000004,0.1576321447206684,0.14706092344360275,0.1684269047273224
2025-01-27,9800000.0,-1.2,3.8,3.650893287584233,13.971441485080693,0.020000000000000004,0.40683812673985287,0.39006859434730473,0.24219123644384263
2025-01-28,12340000.0,-1.1,3.3,3.9487984278945265,15.653521629599835,0.05,0.404081205945588,0.3831212847593719,0.21904234575457107
2025-01-29,7470000.0,-2.3,0.6,4.197127412021893,8.18592383498194,0.04000000000000001,0.15772938760228897,0.14595913102630373,0.11816416846429893
2025-01-30,9790000.0,-2.4,7.2,4.0972219426384955,5.402410428571262,0.0,0.19973477510486845,0.18230131554800882,0.2079868498420061
2025-01-31,4410000.0,2.3,8.2,6.488521661947797,7.614256027858886,1.11,0.18861880060364536,0.17997398423942246,0.16658714985425832
2025-02-01,2660000.0,-0.1,6.2,7.289086328058553,5.501180259121319,0.8500000000000001,0.043685148958112915,0.03883908460781338,0.048722706994328104
2025-02-02,12570000.0,-0.1,9.6,5.497781992834329,9.27239197103256,0.03,0.2920506803963803,0.26780397450082216,0.2436295013871778
2025-02-03,7550000.0,-5.3,1.3,3.3469323008378495,13.938518208230672,0.020000000000000004,0.29101207379015376,0.2796583920509711,0.16676782295098244
2025-02-04,13870000.0,-6.9,-2.5,3.390657957001069,9.628561966046398,0.03,0.14274977289314272,0.12419096174107154,0.08819639381636367
2025-02-05,14530000.0,-8.4,-1.9,3.1398326193927537,4.414712123070698,0.09000000000000001,0.10443513056163722,0.08538681004054156,0.09204150981847067
2025-02-06,14740000.0,-6.4,-0.5,3.6768036732314835,3.9567792723386193,0.16000000000000003,0.1060561114142194,0.08521129499455851,0.09500027210369841
2025-02-07,12160000.0,-9.9,-0.7,2.970487699500159,11.843400590502208,0.09000000000000001,0.18770787491582513,0.17187585751465476,0.11749577587514884
2025-02-08,12420000.0,-6.2,-2.6,3.777241878230414,7.5065071218042805,0.0,0.10443151266126224,0.08758739116569254,0.0678217682097901
2025-02-09,13140000.0,-4.3,-0.3,4.353781096650147,4.441649349584351,0.0,0.10157376421638245,0.08205885021849961,0.08216175341830445
2025-02-10,10110000.0,-7.1,1.4,3.776032009956217,3.9388211213295183,0.0,0.10284261038209548,0.08817198314693236,0.1001894191238772
2025-02-11,16410000.0,-3.2,6.9,4.601366223635493,6.8121252827857015,0.68,0.2293308676858301,0.2006797193307001,0.19903132205904023
2025-02-12,4910000.0,-3.7,9.0,5.59986201414332,12.977757129243763,0.03,0.2611467890469506,0.25232573437784206,0.18798821827560994
2025-02-13,15930000.0,-1.5,6.1,4.058369845553497,5.091135811080175,0.0,0.22887331087098098,0.20060683885670766,0.21464133205711838
2025-02-14,15980000.0,-2.5,9.7,4.646243983114949,2.903234413138019,0.0,0.18398585822815286,0.15431815835133092,0.203845140827081
2025-02-15,4410000.0,-0.5,7.7,4.698846412380074,1.4246799800553578,0.0,0.10174475593204786,0.09355736191097247,0.12102721296927639
2025-02-16,15060000.0,-0.9,11.5,5.694904825390986,9.957794734546585,0.0,0.36541944974599616,0.3358505744250303,0.2842119248713792
2025-02-17,13890000.0,-1.0,5.7,3.391757567339104,14.270744001899045,0.0,0.5356911016052521,0.5110005208073211,0.3122860335346863
2025-02-18,13420000.0,-0.8,3.3,3.3026339264368123,13.968448459912508,0.0,0.48319290751798993,0.4602713334526231,0.27169779532780897
2025-02-19,11220000.0,-2.1,2.7,3.374201747577176,11.253774632370051,0.0,0.35756412199437426,0.3390733055038654,0.22644927134962436
2025-02-20,15980000.0,-2.3,3.6,3.1873870176927785,10.319950779896793,0.0,0.3827151650975231,0.3560268260941323,0.25435677285711705
2025-02-21,13440000.0,-3.4,2.9,3.4988062312324884,9.820115576810144,0.020000000000000004,0.30432488129077145,0.28264116433047126,0.2042049187840184
2025-02-22,15570000.0,-2.5,3.0,3.5271711481994084,10.02064826307844,0.0,0.3341000648173446,0.30848944284573954,0.2186499944160385
2025-02-23,14760000.0,-2.8,2.6,3.2082616487995432,13.109450236643838,0.0,0.4213566505142644,0.3974039100125484,0.23862876392293972
2025-02-24,13940000.0,-3.4,4.2,3.778452090465381,8.021307450731845,0.0,0.2726273589690883,0.24956598922644546,0.20353585545125102
2025-02-25,12630000.0,-0.6,6.8,5.459090083667046,5.902245631657911,0.0,0.20922603593518896,0.18617644577655698,0.17443237695778255
2025-02-26,17780000.0,-2.1,10.0,4.036499001545674,4.731972790898152,0.0,0.28875058974148426,0.2553487605141297,0.2829916669734996
2025-02-27,15370000.0,3.2,15.1,4.545452908490638,6.213520249148997,0.1,0.43538176714186017,0.4015636079644054,0.4375677359432303
2025-02-28,11310000.0,3.8,15.6,9.074237498495522,3.1965508796200046,0.0,0.19559016337199558,0.17033187646863257,0.20635887829215785
2025-03-01,8490000.0,10.2,15.8,13.622352845637055,7.620242078195253,0.33,0.18249245403516776,0.16190071725809177,0.136810330081564
2025-03-02,6440000.0,5.6,18.8,12.286485060212904,14.381485933121835,1.8800000000000001,0.2954593142077805,0.2801331995200248,0.2301301239256873
2025-03-03,6490000.0,2.7,9.4,6.469009455412401,14.160002070676256,1.05,0.38424639668562766,0.371200135697897,0.23868139079871212
2025-03-04,5170000.0,3.0,7.4,6.931158098209706,5.249766144993902,0.51,0.14876822552235638,0.13864978116419358,0.13328268089540693
2025-03-05,6380000.0,2.1,8.4,6.910474122014448,6.132708569608042,0.03,0.17269235669055288,0.1601857969618132,0.1491122104492409
2025-03-06,18630000.0,-2.2,10.0,5.158128683298093,8.308637866877465,0.0,0.3524829778177051,0.31754301882570213,0.2699418465239881
2025-03-07,15570000.0,2.7,12.1,6.058171870342494,4.558377331143508,0.0,0.2964519998145857,0.26385250199642424,0.27986083119316024
2025-03-08,6450000.0,-0.9,9.0,6.286214156619177,3.214509030629106,0.06,0.12919868415908384,0.11704096685118584,0.136025731425399
2025-03-09,19560000.0,-0.5,13.6,5.842816037891316,5.004338081202852,0.0,0.372661082885317,0.33273396417417256,0.3104490007712436
2025-03-10,12110000.0,-0.7,13.6,6.403055284412114,4.971414804352834,0.0,0.2943815050832362,0.26973688815861946,0.25850113371027206
2025-03-11,19760000.0,4.5,16.6,6.4924303389639615,2.870311136288,0.0,0.3325570616709371,0.28742996417805233,0.34161278318442595
2025-03-12,11080000.0,5.2,15.5,8.36932890045455,6.001015462207967,0.0,0.3092239534325983,0.28405088082359814,0.29130078802400267
2025-03-13,16300000.0,5.5,16.4,5.146975027030753,7.407737291254223,0.0,0.5534344073341052,0.5158255299196298,0.5090136109105794
2025-03-14,20100000.0,6.5,19.8,6.3876233053667235,9.083831385436998,0.32000000000000006,0.7852860622508459,0.7363650773998838,0.6122822997685747
2025-03-15,12470000.0,3.7,14.3,7.349938053211951,7.132378975781339,0.05,0.3523377252993431,0.3250131111683911,0.3090828790212102
2025-03-16,14460000.0,0.9,7.8,3.9981582854155384,17.2039086667189,0.03,0.7114519276755188,0.6839229854098153,0.36556688824573935
2025-03-17,20320000.0,0.5,6.8,4.222438791196491,11.427370092124697,0.18000000000000002,0.5132013500656899,0.47541212676824607,0.3105127280887079
2025-03-18,18550000.0,-1.0,5.2,4.0920226785060665,13.977427535417059,0.11000000000000001,0.5056054739612852,0.47292466654841653,0.2670172282009375
2025-03-19,13970000.0,-0.3,6.7,4.575484801190997,6.877971836485739,0.0,0.3116547514070211,0.2860714406812097,0.23962886743027917
2025-03-20,20570000.0,5.6,13.4,8.004715362662141,10.762918504787955,0.0,0.5101511444480373,0.46445901725279803,0.333428601609315
2025-03-21,21310000.0,5.6,17.8,8.84564423081917,8.991047605223308,0.0,0.5417150417150943,0.4916151518134516,0.4177854164736405
2025-03-22,21480000.0,5.8,19.2,8.784188532885674,7.587318801345235,0.0,0.5874388027062774,0.5359511644708561,0.4555661693345224
2025-03-23,21530000.0,11.1,21.6,9.67143190467867,7.9614469473681755,0.0,0.6706318918733072,0.6144742191566692,0.5845101397454066
2025-03-24,21170000.0,5.9,20.0,10.764274866298564,9.829094652314694,0.0,0.6036708025216991,0.5523847381370953,0.4099140603378285
2025-03-25,21770000.0,5.1,23.0,9.174547247898348,7.88063526782722,0.0,0.7899360612878257,0.7358557537295267,0.5693219205718127
2025-03-26,21510000.0,13.9,23.4,13.361650659340608,10.616260271546961,0.0,0.7544579577160493,0.6958242663292203,0.5846123106854305
2025-03-27,8369999.999999999,5.1,18.3,9.416031212690283,12.816133770161851,0.08000000000000002,0.5394949816044491,0.5198170802212136,0.3806656705289108
2025-03-28,20660000.0,0.4,9.1,5.365889541278105,11.4632863941429,0.0,0.48962834719165327,0.4497765616863047,0.2951995916230683
2025-03-29,18010000.0,-1.4,8.9,4.048064626681603,9.54475726133726,0.020000000000000004,0.4768158441384731,0.44320896486168193,0.33316383915100956
2025-03-30,22060000.0,0.8,9.0,4.535481166793619,5.432340680253097,0.0,0.39629707169138534,0.3535371497255623,0.31550015502830836
2025-03-31,20380000.0,-0.3,12.6,6.238875617254123,5.043247408389239,0.0,0.362507562605189,0.32141270509308784,0.29204698177776817
2025-04-01,20730000.0,1.7,15.5,6.154459902501063,3.1247182755836,0.0,0.38638340744316063,0.34146089515884903,0.34244914609889576
2025-04-02,21310000.0,4.5,15.9,7.265302278139475,4.693063463711765,0.22000000000000003,0.4267724295137432,0.37854688322059504,0.37661973431831686
2025-04-03,17580000.0,1.8,15.2,7.584388387949729,2.8613320607834494,0.0,0.3082898059207123,0.2703001231186205,0.2756179678887663
2025-04-04,21600000.0,7.4,16.9,8.42329744778648,5.121066062762011,0.0,0.47135652373401193,0.42001418169256316,0.40269183313304724
2025-04-05,9590000.0,2.8,13.9,9.198447481238896,9.317287348555311,0.33,0.25214688932186136,0.2315107107442933,0.19584842722176982
2025-04-06,23610000.0,4.0,15.9,6.2369886486061095,5.043247408389239,0.0,0.48849158818529875,0.43541191270684243,0.4295684262099505
2025-04-07,23320000.0,10.2,20.1,8.524694762141744,10.382804308428646,0.0,0.8217160975001765,0.7623817385884535,0.6277878071055825
2025-04-08,23450000.0,3.2,20.5,6.813988016710393,7.270058133517781,0.0,0.8173023938753199,0.7619679236463303,0.5690241550071152
2025-04-09,19660000.0,9.9,21.2,10.27364292449601,6.901916037831207,0.48,0.5805827008812504,0.530137455386749,0.5073174874574846
2025-04-10,23270000.0,4.9,18.1,8.756147374305606,5.797489750771488,0.0,0.5218299368728144,0.46739205976792253,0.4097654699448562
2025-04-11,23390000.0,10.8,22.4,10.229766940234457,6.737299653581114,0.0,0.6645933030469842,0.6032775736514898,0.5811336718571607
2025-04-12,7820000.0,3.2,17.1,9.467721301001566,14.489234839176444,2.49,0.4848092193327875,0.46713539530158277,0.3075995744134423
2025-04-13,19000000.0,4.5,11.5,5.617037409095596,15.59066810106798,0.09000000000000001,0.780471327701955,0.7399916797595502,0.42793255750304376
2025-04-14,10940000.0,4.6,12.6,7.557519612205313,14.127078793826238,0.38,0.5041634056199081,0.480456107771844,0.3082045073594185
2025-04-15,23900000.0,4.9,13.6,8.315665575647847,7.641193254372539,0.0,0.4800400802169634,0.4273097736850042,0.32385684630342204
2025-04-16,20680000.0,14.1,21.5,12.700700225917911,12.86402217285279,0.0,0.836902804893106,0.7814133165220368,0.5733049834900308
2025-04-17,23200000.0,14.0,23.3,16.812512418652336,13.00170133058923,0.0,0.7073440575985386,0.6441036280227863,0.4457183966024408
2025-04-18,23210000.0,15.6,23.0,17.951882816867183,8.90724290051417,0.0,0.6151212507763156,0.5511117980959558,0.41189977036423164
2025-04-19,17840000.0,15.4,25.2,17.48358619008461,9.6106038150373,1.11,0.6215126051923481,0.5714553283594116,0.484302097630136
2025-04-20,12070000.0,14.0,23.0,16.50774502975831,6.009994537712518,0.05,0.3798955106058356,0.34708411225108293,0.3329927535375584
2025-04-21,20420000.0,15.5,23.6,15.707242884497967,11.94815647138863,1.29,0.7662656444674678,0.7097026333360664,0.5384790895307431
2025-04-22,5210000.0,13.4,19.4,16.605811585780092,8.736640465927708,0.65,0.20762222223826,0.19401905492662816,0.16903999701861122
2025-04-23,13850000.0,9.1,20.7,14.05649661553512,5.031275307716505,0.010000000000000002,0.32389084109914823,0.28883923285934504,0.2778179478789786
2025-04-24,22660000.0,9.3,19.6,8.639737630540507,10.119418093628497,0.0,0.7839789684418281,0.7271880557042685,0.5878077098204005
2025-04-25,24800000.0,5.4,17.5,6.3741473004095,7.063539396913119,0.0,0.655691895647687,0.5977468211921434,0.5337339832803167
2025-04-26,25320000.0,9.4,21.5,6.859002543065704,4.782854218757273,0.0,0.6591042617371727,0.5942719268664538,0.6189562411224836
2025-04-27,18930000.0,10.4,23.0,8.627167006504044,3.8340652404430946,0.0,0.5464873991206634,0.4967645249811339,0.5309634057758904
2025-04-28,25800000.0,6.4,20.2,8.776533102890095,8.233812237672877,0.0,0.7792013689374786,0.7161894051492597,0.5465703856652263
2025-04-29,26070000.0,8.2,21.5,7.069049244572754,4.405733047566148,0.0,0.6767949558055368,0.6108878466444565,0.5920136010799675
2025-04-30,25640000.0,14.4,25.7,11.073459826833847,11.57402832536569,0.0,1.0923194572190633,1.0206809879782168,0.8588828450730908
2025-05-01,10170000.0,7.9,20.9,13.207342661803576,10.565378843687842,2.1,0.4065299513797548,0.3810696381571618,0.315729335127587
2025-05-02,25130000.0,10.9,17.6,9.380807752664117,6.860013685476638,0.96,0.6533273773524337,0.5906226017269207,0.49705231926024995
2025-05-03,13530000.0,7.2,16.5,11.007890432240094,7.174281328135909,1.5300000000000002,0.34750170610456316,0.3155752505737218,0.2648036076699253
2025-05-04,26200000.0,6.1,19.2,8.644770400928207,4.764896067748171,0.0,0.5880896863370978,0.5250641715418831,0.4728153448793663
2025-05-05,6760000.0,10.2,17.5,10.79790903284317,6.060875965571637,0.7400000000000001,0.3188918929486542,0.3021739317795949,0.3001177664706596
2025-05-06,9270000.0,7.2,14.8,10.837777741001572,4.145339857934181,0.33,0.221425045324753,0.2000092676032717,0.18994679646783702
2025-05-07,26460000.0,6.8,20.4,10.406266805549187,3.735295409893039,0.0,0.5522848594121087,0.48721607880871964,0.4429506063075717
2025-05-08,23450000.0,13.4,22.4,11.69892533840547,11.032290769924472,0.67,0.8856436642413401,0.8226028081832313,0.6468671319415069
2025-05-09,5640000.0,12.6,18.1,15.567335408218403,18.44601411151506,1.55,0.30545249244251743,0.29104148587067236,0.1743069319520676
2025-05-10,14730000.0,11.0,16.1,12.668949467102445,13.094485110802921,0.17,0.46567601153710403,0.4294940884108306,0.26458401676951204
2025-05-11,18880000.0,9.2,19.4,12.810600029472292,6.336234281044521,0.010000000000000002,0.44487646731066144,0.39771477569394637,0.33611118898456993
2025-05-12,26790000.0,10.2,22.3,13.018465908867528,6.509829740799166,0.0,0.6463944788910777,0.5766579384833561,0.49372217274415353
2025-05-13,23630000.0,10.9,24.1,13.491448484129858,6.794167131776601,0.0,0.686065276738067,0.6230211459780859,0.5311136149315561
2025-05-14,23060000.0,17.8,24.0,16.866804055349878,10.230160024851287,0.1,0.8093686110071914,0.7440145022798637,0.5744309252465096
2025-05-15,9040000.0,18.2,21.5,20.59127605697555,7.934509720854525,0.15000000000000002,0.2962250060664025,0.2710536682809484,0.21278946248996275
2025-05-16,7150000.0,15.8,23.0,19.459310326404623,11.750616810288518,3.99,0.33326919106082403,0.31351584257470544,0.2514703749348501
2025-05-17,24360000.0,11.4,24.1,16.339553393926973,8.93418012702782,0.0,0.6454905683331581,0.5801885563414563,0.44438880869871006
2025-05-18,25110000.0,12.9,21.8,12.700700225917911,5.516145384962235,0.0,0.6424924009272968,0.5756925415976293,0.5146708005088743
2025-05-19,20650000.0,17.8,23.3,18.421345478318635,12.15168218282511,0.0,0.73025689477868,0.6720712717377484,0.4678635141457129
2025-05-20,14000000.0,18.9,26.7,23.425063700202756,8.52712870415486,0.05,0.47269935446027833,0.43181766121075815,0.35597224050875376
2025-05-21,10460000.0,17.9,25.5,22.186169176754472,6.435004111594578,0.010000000000000002,0.347044828534713,0.3170150751101637,0.28662263481924166
2025-05-22,20910000.0,16.1,26.2,18.99686242485804,8.287686690700179,0.010000000000000002,0.6537052799525392,0.5942018879155702,0.4981076067402409
2025-05-23,11220000.0,16.1,21.2,12.045047565216091,9.125733737791567,0.020000000000000004,0.6513908709658307,0.620806490800316,0.5527328597888495
2025-05-24,11480000.0,10.9,21.8,13.310039570024694,5.396424378234895,0.0,0.3790359459800749,0.34909214278513734,0.3535210293030298
2025-05-25,26640000.0,11.6,23.6,13.856981587022549,4.9774008546892015,0.0,0.636735102588817,0.5655244013659999,0.5153281617961442
2025-05-26,24870000.0,12.9,24.8,13.145331271543737,3.9268490206567837,0.0,0.6238153129734243,0.5557766136999897,0.5503659553529463
2025-05-27,26800000.0,12.8,26.5,13.09445534314685,4.3368934686979275,0.0,0.7487132533139502,0.6743482356419879,0.6262864700039275
2025-05-28,25840000.0,12.9,28.0,13.498898848609167,4.007660700197739,0.0,0.7767044210818795,0.7040166546976181,0.6393356826055152
2025-05-29,25730000.0,14.1,27.2,13.547414391937343,4.100444480411428,0.020000000000000004,0.7262307503030893,0.6536102999896666,0.6333215382698167
2025-05-30,24910000.0,13.3,26.8,13.84173783184292,5.270717321171187,0.0,0.7622920085662326,0.6926931681298254,0.6330016541816272
2025-05-31,22040000.0,13.8,26.4,14.471029448015114,3.7891698629203416,0.0,0.6055771984464663,0.5439446165424762,0.5401285191542055
2025-06-01,24290000.0,17.8,29.5,15.129423555705646,3.8909327186385823,0.0,0.7229611177902268,0.6511352409441176,0.6827132823309805
2025-06-02,4850000.0,15.5,19.9,16.839639049147998,6.533773942144634,0.67,0.22402939126964722,0.21104028734716854,0.210745244244883
2025-06-03,27620000.0,13.8,24.5,14.83542614864534,8.997033655559676,0.0,0.8279559019236051,0.7519866967662068,0.6058371666625803
2025-06-04,28180000.0,13.4,27.2,13.047368440783304,7.841725940640834,0.0,1.0150940441820466,0.9360237492744148,0.7679240328840762
2025-06-05,26170000.0,15.9,28.5,10.397378546935764,5.510159334625869,0.0,0.9066822310575382,0.8309597251253577,0.8448543223791672
2025-06-06,13260000.0,15.3,27.5,12.23170832405538,6.372150583062724,0.010000000000000002,0.6698863147261556,0.6319997551851411,0.6783658073194633
2025-06-07,24380000.0,19.8,31.1,18.08630885953864,6.279366802849035,0.0,0.872182479601238,0.7982647491252408,0.7934799188323465
2025-06-08,18870000.0,18.9,31.5,19.81650102027708,4.624223884843546,0.020000000000000004,0.6695096457256531,0.6124890057688421,0.6239425365899663
2025-06-09,20750000.0,18.0,31.4,20.23781164772211,3.2564113829836745,0.03,0.6385438774593475,0.5762683347375764,0.5661408879472394
2025-06-10,21750000.0,16.8,30.0,17.875461784280777,8.09314005476825,0.0,0.8885859149563465,0.8245046394700845,0.725553366576227
2025-06-11,26870000.0,18.2,30.9,12.307081877073294,7.458618719113343,0.0,1.120706735725131,1.0402309273525634,1.0058134660646394
2025-06-12,23700000.0,19.0,30.5,15.026766740255969,6.3541924320536225,0.13,0.8925588192976963,0.8213806274746916,0.8435635516641181
2025-06-13,5810000.0,20.1,22.3,23.33460747278462,7.724997959081678,9.9,0.20597084709378316,0.18942396321423513,0.15429151040359648
2025-06-14,15340000.0,18.3,27.9,23.851259149718285,5.58797798899864,0.18000000000000002,0.45630905228760466,0.41131292644731643,0.3688844860706091
2025-06-15,17140000.0,21.4,27.5,26.358843179743165,9.164643064977952,1.1199999999999999,0.5597890043881144,0.5085260255137589,0.3810837431108679
2025-06-16,18180000.0,20.1,26.6,23.479484484768037,10.972430266560801,0.63,0.6436360665116191,0.5901122271926479,0.4337746453286032
2025-06-17,22800000.0,17.6,28.2,23.88810363690752,7.680102581558925,0.010000000000000002,0.6347317552155658,0.5680528706580057,0.448519251658691
2025-06-18,26920000.0,17.9,28.9,21.115051505923933,4.163298008943283,0.0,0.7149880960100693,0.6356746276840839,0.5790524318108954
2025-06-19,19400000.0,23.2,28.4,26.627907272044386,10.466609013137786,0.010000000000000002,0.7218399974717402,0.6627484986888115,0.4989343360461852
2025-06-20,7550000.0,22.9,27.0,27.742303752629763,16.461638425009387,2.72,0.436539779994094,0.4138026646288351,0.28783494590179715
2025-06-21,3500000.0,17.6,24.0,23.244456836579225,7.003678893549448,6.88,0.12051448549955095,0.11061149611483093,0.12576748796769227
2025-06-22,18880000.0,15.9,26.1,20.094750907601828,3.3970835658883005,0.0,0.47527131792152977,0.42167590115819936,0.39227612809894497
2025-06-23,26760000.0,20.2,30.1,21.68995109449284,5.013317156707404,0.0,0.7965372734205138,0.7157294683815122,0.6588133733872613
2025-06-24,6590000.0,19.5,24.0,23.43110500227443,10.313964729560427,1.1199999999999999,0.27995189690140354,0.2610176021106487,0.20603094086490037
2025-06-25,22920000.0,18.4,25.8,22.24383717754924,8.850375422318681,0.020000000000000004,0.658488672441947,0.5922728368942642,0.4326389461850271
2025-06-26,25620000.0,18.5,27.1,22.429256943210262,4.408726072734332,0.0,0.6568318429847484,0.5820183443381264,0.49352047130886734
2025-06-27,25620000.0,23.8,29.9,26.506533031290886,3.7682186867430576,0.0,0.7390806017885081,0.6599883116143027,0.5819292388532422
2025-06-28,21210000.0,23.7,30.8,29.697680033590387,6.596627470676489,0.020000000000000004,0.683939277254758,0.6181366843423632,0.5069106092807082
2025-06-29,24960000.0,22.6,30.8,28.236293569682296,5.671782693707779,0.010000000000000002,0.7484089104169993,0.6714987117222202,0.5580555439862328
2025-06-30,23800000.0,23.9,32.0,29.086413206567272,6.168624871626244,0.0,0.7800673684958478,0.7056042014595878,0.6037186323684254
2025-07-01,24120000.0,24.5,32.2,30.66232992080088,7.425695442263325,0.11000000000000001,0.8139012916150079,0.7380817572863375,0.6008322849674397
2025-07-02,25960000.0,24.4,32.5,29.824252942732315,5.728650171903267,0.0,0.8309449020337839,0.7492467281901578,0.6380754770249674
2025-07-03,26610000.0,23.2,32.5,27.763318941844457,6.680432175385626,0.0,0.8772775570384296,0.7941215575494487,0.6831829729808481
2025-07-04,23200000.0,23.6,32.0,28.18655147931114,8.392442571586601,0.0,0.8404396615628016,0.7679830748028422,0.6433306738988266
2025-07-05,24240000.0,24.8,32.5,28.593828100738524,9.003019705896042,0.020000000000000004,0.927294204540132,0.8508330419320453,0.7097650492658586
2025-07-06,24140000.0,25.0,32.9,29.667966378113015,7.201218554649561,0.010000000000000002,0.8597275674329294,0.7833213095104397,0.6721079976076769
2025-07-07,25900000.0,25.7,35.3,29.298728473568687,5.156982364780213,0.0,0.9024226756076594,0.8190487550576417,0.7667872156506343
2025-07-08,24580000.0,25.2,35.5,27.02231040569684,7.341890737554186,0.0,0.9942155085633001,0.915215824508088,0.8735782403346546
2025-07-09,27020000.0,25.2,36.8,22.85731407533633,5.965099160189765,0.0,1.0546523693317775,0.9672202674239472,0.9998990679397803
2025-07-10,24970000.0,25.4,36.1,23.160591182925067,7.326925611713269,0.06,1.0821665976757873,1.0015762151122822,1.0137430284673994
2025-07-11,26020000.0,24.6,35.8,19.968329991357365,9.011998781400592,0.0,1.244240533978617,1.1607458352822595,1.1639668635597546
2025-07-12,23990000.0,24.8,36.5,23.071028879895334,4.345872544202478,0.03,0.8730279537257385,0.795681065979822,0.842682691838361
2025-07-13,6170000.0,20.1,28.3,25.539776755542736,5.725657146735083,2.23,0.2732411840519869,0.2548523498326483,0.2682120349502559
2025-07-14,23110000.0,20.6,28.9,23.918845377154696,8.877312648832335,0.24,0.7748495762433638,0.7054433309678515,0.5672690525223334
2025-07-15,18600000.0,22.5,28.4,25.533262830329416,7.5484094741588486,0.13999999999999999,0.6410317493911444,0.584638402924633,0.48703296225301307
2025-07-16,7600000.0,24.0,27.0,27.95308195130429,13.41773182896674,1.05,0.4342774058399746,0.41121962888664837,0.3137766993976957
2025-07-17,7730000.0,23.2,25.8,28.55789772080488,10.861688335338009,4.86,0.29034086275476395,0.26720555950176583,0.19132435804459455
2025-07-18,20340000.0,23.2,30.0,29.372253551397954,10.101459942619396,2.67,0.6989769333617302,0.6363814023920595,0.47214897355153873
2025-07-19,11930000.0,24.1,27.7,29.831713043179214,8.548079880332146,1.4800000000000002,0.41625805774183344,0.37987229063570926,0.29115262405755715
2025-07-20,24360000.0,24.9,30.5,29.660542018616084,9.945822633873853,0.0,0.8611289238747769,0.7851404554946017,0.5866554152171696
2025-07-21,19630000.0,24.0,30.2,31.069687141728455,4.965428754016468,0.6200000000000001,0.5815153509690885,0.5207267554451226,0.42621677494769383
2025-07-22,23350000.0,23.4,30.9,29.921361320545852,3.852023391452196,0.12,0.6642147730018095,0.5918618362713899,0.5046450464298338
2025-07-23,25180000.0,22.5,32.5,29.298728473568687,3.190564829283637,0.0,0.7080592589589781,0.6297018930017575,0.5617701170244578
2025-07-24,26640000.0,23.1,33.5,30.04876536635805,3.292327685001877,0.0,0.7652843866085097,0.6815921423340698,0.6092443214069622
2025-07-25,25540000.0,24.8,33.8,29.475459130067794,6.165631846458061,0.03,0.8735782036265537,0.7924229028960591,0.7047644910609889
2025-07-26,25570000.0,26.2,34.1,29.02079585635578,9.478910707637223,0.0,1.0566450906036517,0.9746381472279418,0.8388009752134507
2025-07-27,25930000.0,24.5,34.2,28.165256868043343,7.3628419137314705,0.0,0.949343281525954,0.8669029545743973,0.7791044552120813
2025-07-28,25090000.0,24.1,34.5,29.291384806847734,4.2860120408388065,0.010000000000000002,0.7972983357374672,0.7175729443777135,0.667069372508221
2025-07-29,25930000.0,24.5,35.5,26.75655086883166,4.968421779184651,0.0,0.8916334948726867,0.8086056078490177,0.7903531593421691
2025-07-30,21410000.0,25.5,35.2,25.801527260359435,6.89592998749484,0.010000000000000002,0.9120792383370395,0.8432678780594932,0.8429447045916806
2025-07-31,25410000.0,24.6,35.2,24.984857075474668,5.567026812821355,0.0,0.9223739742420018,0.8410988276270464,0.8368599348505997
2025-08-01,24310000.0,25.2,34.7,27.90377572914666,2.4572736630786736,0.0,0.7309227593488429,0.6531240275116746,0.6282541525121588
2025-08-02,21690000.0,26.1,35.2,29.247356528030856,3.9058978444794996,0.010000000000000002,0.7456297676704249,0.67569837979177,0.6602766318450549
2025-08-03,9010000.0,25.0,32.0,31.591397267723018,10.795841781637973,3.1500000000000004,0.5113875718851242,0.48301599395239814,0.4384055851204575
2025-08-04,20790000.0,25.0,31.2,32.762884960898404,5.183919591293864,0.17,0.6289513000296965,0.5637902227566208,0.4575640865372387
2025-08-05,19550000.0,26.0,30.5,32.360240395827,9.134712813296117,0.52,0.6874465135615043,0.6260640458087436,0.47124216675147534
2025-08-06,17820000.0,25.9,30.4,32.86016697533881,11.226837405856402,0.5,0.660296093030703,0.6044109109738459,0.431715561103274
2025-08-07,21850000.0,21.9,31.1,28.636996634865255,5.860343279303341,0.020000000000000004,0.6545749866133383,0.5874175236326921,0.4986020292127993
2025-08-08,20410000.0,22.2,30.3,26.01261207824014,3.1606345776018014,0.0,0.5791659457298903,0.516634179201189,0.48217881589153955
2025-08-09,5390000.0,22.1,27.1,27.56771658582928,6.94681141535396,11.440000000000001,0.23537310625515856,0.21921882184442681,0.21040354904669195
2025-08-10,12610000.0,22.8,29.1,28.701856091226237,3.8460373411158293,0.26,0.3847081091051027,0.34622332152533586,0.31778144361705757
2025-08-11,6690000.0,21.4,27.0,27.0017858407701,5.228814968816617,2.83,0.23975767643380794,0.21981905391721557,0.2103522631819633
2025-08-12,5710000.0,22.4,26.9,28.701856091226237,6.321269155203603,1.69,0.20905069162920165,0.19192549183951998,0.1734266332783406
2025-08-13,21860000.0,24.1,30.1,30.93081329522541,8.604947358527633,0.06999999999999999,0.6885517608200591,0.6208574817495601,0.45795164390255055
2025-08-14,21640000.0,24.9,30.5,31.724980238233726,5.2976545476848385,0.13999999999999999,0.6435770251874195,0.5760733118973133,0.46485389500104474
2025-08-15,23270000.0,24.5,31.6,31.05422990802706,3.6036023024929635,0.0,0.6683317433192207,0.5954406700143065,0.5146274275950761
2025-08-16,23890000.0,23.4,31.5,29.64569816277913,3.2324671816382065,0.010000000000000002,0.6637286588925442,0.5894306563393185,0.5194202846326273
2025-08-17,21500000.0,23.2,31.5,29.59379569916341,3.3881044903837494,0.010000000000000002,0.6093811853182614,0.5425973487156613,0.48446235177245534
2025-08-18,20760000.0,24.5,31.0,31.66205643597699,4.660140186861748,0.17,0.6120789696420935,0.5472815366877289,0.4572468581769412
2025-08-19,22050000.0,23.7,31.0,30.09384435879758,5.707698995725981,0.1,0.6659858282289762,0.5974935678993328,0.49789272471467916
2025-08-20,21760000.0,23.0,32.3,29.86903797184773,4.462600525761634,0.06999999999999999,0.6464249471687784,0.5785876334393697,0.515129897008422
2025-08-21,23550000.0,24.9,33.5,29.60861687767484,2.651820299010603,0.010000000000000002,0.6855741225783897,0.6108255641584858,0.5688857284509803
2025-08-22,23750000.0,23.4,32.7,29.042653937709233,3.8011419635930763,0.0,0.6945389539345314,0.6201443260449004,0.5651099257392946
2025-08-23,22290000.0,24.0,33.7,29.705112503325445,4.0196328008704745,0.0,0.6891362864534541,0.6186654221760637,0.5772988813211862
2025-08-24,20640000.0,25.8,33.8,29.77207779927636,6.10577134309439,0.010000000000000002,0.7592231374338325,0.6932765688984359,0.6484480369936021
2025-08-25,21360000.0,24.9,33.3,29.91388166396488,9.936843558369302,0.67,0.8655409320214653,0.7978193985427318,0.6781083154971463
2025-08-26,14590000.0,24.1,30.6,29.996247675370128,6.204541173644446,0.35000000000000003,0.5042987499706332,0.45897892782961297,0.4083002102165997
2025-08-27,21240000.0,24.5,34.0,26.675239291689522,4.214179436802403,0.0,0.7074971464227372,0.6400429843567581,0.6393344993266867
2025-08-28,20000000.0,25.2,34.3,28.514833288469838,6.443983187099128,0.0,0.7711132343763728,0.7072462547937499,0.684982864753344
2025-08-29,21080000.0,25.3,34.2,30.19925818255993,6.180596972298978,0.010000000000000002,0.7600192901689814,0.6927034936888968,0.6460702387288155
2025-08-30,20730000.0,25.2,34.8,28.371694279796003,4.863665898298227,0.16000000000000003,0.7320406940122259,0.6656632124078812,0.661000188952906
2025-08-31,13960000.0,24.9,31.9,29.057233972599253,8.928194076691454,0.27,0.6391165888919976,0.5952088119151024,0.5460897887580833
2025-09-01,17130000.0,24.2,32.7,29.298728473568687,7.054560321408567,0.73,0.64876376069109,0.5948542954391133,0.5534180685996066
2025-09-02,15960000.0,21.4,29.1,25.481203665052192,4.0585421280568585,0.04000000000000001,0.46846579012250417,0.42020600561100396,0.39912659274609935
2025-09-03,20800000.0,23.5,32.7,27.714305104848663,3.9328350709931517,0.47000000000000003,0.6351783683979697,0.5699859486153833,0.5471055992419632
2025-09-04,18850000.0,24.4,33.2,28.824718284770537,2.6997087017015393,0.5,0.5629226878796011,0.5033614183306081,0.4893761400337694
2025-09-05,20970000.0,25.0,33.1,28.421721424469773,5.091135811080175,0.03,0.7046964030869639,0.6382487084484796,0.6075144388233674
2025-09-06,20150000.0,25.1,32.9,29.549370997295092,10.23315305001947,0.41,0.8409936175365355,0.7771802131026809,0.6645187746087095
2025-09-07,11640000.0,22.3,28.9,28.579451216720166,5.153989339612029,1.47,0.3621802083713938,0.32681854852551806,0.297183591016171
2025-09-08,5210000.0,20.0,24.1,23.54008165096527,5.498187233953134,3.88,0.20029375962914514,0.18525379521976562,0.18178130826067956
2025-09-09,7830000.0,20.8,23.8,22.880974341531836,5.153989339612029,0.81,0.26925003965333644,0.2465590241462614,0.23487375088177442
2025-09-10,19170000.0,19.9,28.8,24.209512580874975,3.8580094417885635,0.0,0.5053940242087431,0.44813978337244453,0.4216559585253886
2025-09-11,20200000.0,22.5,29.5,23.753249973754787,6.63254377269469,0.0,0.6765189128031535,0.6148299267196734,0.5692517469078069
2025-09-12,6130000.0,23.9,28.0,27.847518748521388,11.603958577047523,1.4900000000000002,0.4015076604524134,0.3827993537225188,0.3347055551444007
2025-09-13,11830000.0,22.0,27.8,27.95308195130429,5.959113109853397,0.75,0.35572179134549636,0.3201195989250508,0.27672945223030315
2025-09-14,15220000.0,22.7,29.0,26.99494734510597,3.2204950809654727,0.020000000000000004,0.42625093240343437,0.37986116794431574,0.3598736259914113
2025-09-15,9420000.0,22.9,28.0,28.824718284770537,2.9271786144834873,1.67,0.2705656945752993,0.24200519330032416,0.23096499874065451
2025-09-16,19030000.0,24.9,30.4,31.263469492702793,6.566697218994654,0.06999999999999999,0.5888543833679081,0.5295279090907642,0.43320332243475823
2025-09-17,11610000.0,20.5,29.4,26.85168789313232,7.473583844954261,0.8300000000000001,0.4010908704556827,0.3661269089469864,0.34130857539813475
2025-09-18,15300000.0,20.9,27.0,21.032450848446572,5.552061686980438,0.13999999999999999,0.5071053591026449,0.4616674122094683,0.4554837464484646
2025-09-19,12250000.0,22.0,26.2,22.036844066368026,11.873330842184041,1.6100000000000003,0.6313138793424073,0.5948560707943049,0.492308810263253
2025-09-20,15460000.0,16.9,25.4,21.076469267315534,6.120736468935308,0.17,0.4052215729180565,0.36122719506575884,0.32643487232347723
2025-09-21,18820000.0,16.9,27.2,18.47034993940579,5.246773119825719,0.0,0.5260131418560599,0.4716845180202589,0.479595844147196
2025-09-22,15260000.0,17.3,26.3,17.737675220819483,7.5005210714679125,0.0,0.5532066626414831,0.5093272197488642,0.5001965624774158
2025-09-23,17430000.0,21.9,26.8,18.85652146674581,9.46993163213267,0.0,0.7595736148522971,0.7075161595692149,0.647082108566841
2025-09-24,11090000.0,21.8,29.2,27.609529778904292,7.26107905801323,0.5900000000000001,0.3920804507756563,0.35843429993192116,0.3318698431705845
2025-09-25,5750000.0,21.9,25.8,26.85168789313232,2.3764619835377188,0.9900000000000001,0.16777055448314235,0.15071863048977566,0.15473558268493562
2025-09-26,14000000.0,18.9,28.0,21.911179601299555,4.274039940166073,1.03,0.4049483192750474,0.36367040988729754,0.3773999528456889
2025-09-27,9400000.0,20.9,26.8,22.91650490373455,4.875637998970962,0.16000000000000003,0.33786981325982657,0.3099936244706706,0.322703256793849
2025-09-28,9240000.0,18.7,25.9,23.094882494907832,8.164972658804656,0.38,0.3256793170477683,0.2989021799742852,0.27440067573445387
2025-09-29,13520000.0,15.4,24.5,18.36757219573572,4.465593550929818,0.0,0.34406884017368605,0.3063584129386331,0.3154920461077799
2025-09-30,12680000.0,14.3,24.0,17.808827447604255,2.813443658092513,0.0,0.2826620952090556,0.24778557379718696,0.2672762012810054
2025-10-01,18810000.0,17.4,26.3,18.578562033348057,3.726316334388488,0.0,0.4518118344515094,0.39768190844331486,0.4137995914157845
2025-10-02,6340000.0,17.4,23.8,18.76678268757132,7.757921235931695,4.57,0.3282764051891498,0.3103972472086872,0.3123571016277581
2025-10-03,6820000.0,18.0,21.8,21.015964698449068,9.754269023110107,4.0600000000000005,0.23697384380109604,0.21796760804790277,0.17576996005442108
2025-10-04,12600000.0,20.2,25.9,24.641830042490994,4.90856127582098,0.27,0.3265017845607133,0.2895702496500044,0.2636245459205663
2025-10-05,12000000.0,19.9,26.1,23.521888159247748,4.363830695211579,0.020000000000000004,0.323724703381083,0.2885780189370682,0.2813982786615578
2025-10-06,12990000.0,22.0,28.1,24.69871373042368,8.11109820577735,0.52,0.4882217406982859,0.44904860560288345,0.41623145869740164
2025-10-07,10540000.0,20.8,25.3,23.594735973360113,7.856691066481752,0.11000000000000001,0.36099205172930915,0.3300985296690812,0.2943556514069917
2025-10-08,11820000.0,21.2,25.9,22.886892753921938,4.983386905025569,0.08000000000000002,0.36064147059870366,0.3257402611036535,0.3235702808355715
2025-10-09,13260000.0,18.7,27.4,18.672464565724134,7.757921235931695,0.05,0.5415664555885036,0.5027004117062814,0.5180531325436137
2025-10-10,17040000.0,18.2,26.6,19.567418718934324,5.231807993984802,0.0,0.4599098074116137,0.41045259900722286,0.42182954493557184
2025-10-11,16840000.0,19.9,27.6,22.987710817730854,3.516804572615641,0.0,0.40722630274317345,0.35735818008840364,0.35900444281129856
2025-10-12,11340000.0,18.5,27.2,22.92835914278157,4.333900443529744,0.0,0.30920612113999857,0.27606703026645657,0.2896738900839264
2025-10-13,12910000.0,21.0,27.5,24.92102053231713,7.240127881835947,1.87,0.40961586745247763,0.3711122539260114,0.34312879294556914
2025-10-14,8960000.0,18.0,23.9,20.110602692854137,5.635866391689578,0.15000000000000002,0.28499036405059186,0.2595760704036447,0.26601251878419674
2025-10-15,5520000.0,19.5,21.9,21.01047182917579,9.38313390225535,3.0100000000000002,0.2575873723188922,0.2419947645369974,0.21346253080763028
2025-10-16,11590000.0,18.5,25.2,19.567418718934324,8.964110378709655,0.0,0.4573519240461256,0.42399914135420785,0.4007679348255969
2025-10-17,10820000.0,19.3,24.7,20.92822944854811,11.298670009892804,2.22,0.4585277582668077,0.42731749702991745,0.3621561315723065
2025-10-18,6250000.0,14.8,19.1,16.74486343381145,8.886291724336884,0.22999999999999998,0.2251245825117624,0.20862667716729993,0.18365703256832885
2025-10-19,7910000.0,9.2,21.8,12.989619662572638,9.251440794855275,0.0,0.37117233862270615,0.35089741044552913,0.3486339681710412
2025-10-20,16550000.0,10.6,16.4,9.910180794121217,9.27239197103256,0.0,0.47010034346236607,0.429494184691208,0.3764353442546201
2025-10-21,4380000.0,7.9,14.8,10.432971735946031,7.542423423822482,0.0,0.2155442402465987,0.20533588792650082,0.201709244709413
2025-10-22,15420000.0,10.5,20.0,13.313720258213174,3.96575834784317,0.0,0.2730090660286061,0.23369184268694573,0.26441252710258767
2025-10-23,14310000.0,11.2,21.5,13.975621559708687,4.2411166633160535,0.0,0.2842566733178556,0.24693125313322534,0.2860667726477996
2025-10-24,15020000.0,12.6,21.5,14.106767867181443,3.5347627236247425,0.010000000000000002,0.2868646490090629,0.24713914927831016,0.28883055766220184
2025-10-25,11380000.0,12.3,19.6,11.555143117687521,8.589982232686715,0.010000000000000002,0.43921647454496987,0.40977398803233556,0.400412291887532
2025-10-26,13000000.0,10.6,18.5,10.663925039950595,8.682766012900405,0.0,0.4273564964837173,0.394704366674255,0.3807839868948608
2025-10-27,12250000.0,7.1,13.3,7.4862798925585015,9.520813059991793,0.0,0.4155106624708738,0.387788328257309,0.33692193937102366
2025-10-28,15530000.0,4.0,14.5,6.318585462001222,6.958783516026695,0.0,0.36681308911903665,0.33254942131814424,0.3550293767208796
2025-10-29,15350000.0,5.1,17.4,8.032982201189292,4.283019015670623,0.0,0.28078899651680866,0.24510265124713265,0.3094464317264731
2025-10-30,10250000.0,6.6,17.8,9.853542409051487,3.5676860004747613,0.0,0.2060048209344599,0.18161154833360643,0.2385914797023359
2025-10-31,13200000.0,11.6,19.8,11.512960612610465,6.093799242421656,0.06,0.3492015972704957,0.31522605745435117,0.35424268828939104
2025-11-01,12910000.0,10.2,17.9,10.247297492300442,9.44299440561902,0.0,0.4354186895618824,0.403348098354825,0.3799105058672252
2025-11-02,13490000.0,2.7,16.2,6.918741160228092,13.18726889101661,0.010000000000000002,0.6264622272921663,0.5965373418226645,0.41706806891948156
2025-11-03,14510000.0,5.7,13.9,6.981022924110176,3.4958533964383562,0.0,0.2269108215679414,0.19441940452207013,0.25653622077888094
2025-11-04,13240000.0,6.2,18.2,10.430001544706764,3.8669885172931133,0.0,0.20970700311526153,0.1781980344093786,0.23836376229181028
2025-11-05,13640000.0,5.9,19.9,9.830967018708908,4.0196328008704745,0.0,0.27867473140457194,0.2456693290399688,0.2938680148235021
2025-11-06,13760000.0,7.1,20.5,10.34713789885048,4.0615351532250425,0.0,0.2785652560476908,0.24457406356983444,0.3030882873099195
2025-11-07,13400000.0,11.6,21.5,11.451552960088959,4.1603049837751,0.0,0.29286669040225416,0.25777429011333036,0.34038731855167664
2025-11-08,5520000.0,12.0,19.2,13.328451956469774,7.811795688958999,1.4300000000000002,0.26691359680959537,0.2527351487336445,0.26501776226719903
2025-11-09,12930000.0,9.2,19.0,10.388496973575945,10.269069352037674,0.0,0.4404632347335311,0.40830718722709547,0.39399934824587807
2025-11-10,13670000.0,4.4,14.1,6.113558764954336,8.167965683972838,0.0,0.38379485336178626,0.35363488305668656,0.3655413081208215
2025-11-11,12970000.0,2.9,15.6,6.058171870342494,6.848041584803904,0.0,0.36352879813152056,0.33491323010978374,0.3644584404117062
2025-11-12,9630000.0,4.8,16.2,7.472988645752811,3.4359928930746864,0.0,0.19632021077397704,0.17435603061104152,0.2499600722115193
2025-11-13,12960000.0,5.6,17.9,9.72714743507264,6.539759992481001,0.0,0.2674785176307134,0.2369719996035818,0.2856407040373718
2025-11-14,13110000.0,5.2,15.1,7.943771439138874,6.429018061258212,0.0,0.2696376806381794,0.24000803446821842,0.2843607315666778
2025-11-15,12960000.0,4.0,17.4,7.446468634311236,2.9990112185198914,0.0,0.2100701539850963,0.18035802662573686,0.254110474490716
2025-11-16,11380000.0,8.3,19.5,10.685142274529179,6.590641420340121,0.0,0.2893285869583009,0.2611534213818819,0.32100108920012194
2025-11-17,7590000.0,4.2,10.5,5.546913204849658,15.363198188286031,0.0,0.5621357276705021,0.5462675947343866,0.35592739088143405
2025-11-18,8109999.999999999,2.2,7.6,6.156324779851992,5.058212534230157,0.18000000000000002,0.1506182740355586,0.1348982845911876,0.1551831465702706
2025-11-19,7270000.0,3.8,9.9,6.539497037440632,4.046570027384125,0.010000000000000002,0.15578249090386995,0.14080751198387298,0.17753315724009394
2025-11-20,8420000.0,4.3,15.1,8.047148619027654,7.25209998250868,0.0,0.25320262252165865,0.23439848673683844,0.26904498153330564
2025-11-21,11480000.0,3.0,13.4,6.5670916398908075,4.54341220530259,0.0,0.19724156930226153,0.17264325595292665,0.24063556013000403
2025-11-22,12030000.0,4.3,14.8,7.371779262165734,2.7805203812424946,0.0,0.15124666260837522,0.12448839121832847,0.20338468207059862
2025-11-23,11330000.0,8.1,16.1,9.741120422145586,5.2318079939848,0.0,0.21505304517326834,0.1881546452414681,0.24270929100358202
2025-11-24,11460000.0,8.4,19.2,10.91790406290446,7.40474426608604,0.32000000000000006,0.2870691789349799,0.25875965380443966,0.3119758695688083
2025-11-25,9260000.0,4.2,11.9,6.809908758368009,12.406089322120708,0.1,0.38823187112760044,0.36847509610658763,0.29429409852661115
2025-11-26,10780000.0,4.1,12.6,6.9373739457466606,5.156982364780213,0.0,0.1986785432417456,0.17548167097207057,0.22995864293588947
2025-11-27,8640000.0,5.6,12.1,6.67249136529879,14.303667278749062,0.27999999999999997,0.49758582037797516,0.47873189002060246,0.34429563528992546
2025-11-28,9490000.0,-1.0,10.6,5.465801750877033,5.342549925207591,0.0,0.1724307028415289,0.1540953335613751,0.20697733228268148
2025-11-29,11300000.0,5.3,16.3,9.830967018708908,7.92253762018179,0.0,0.22029156121236357,0.19431867230976707,0.23532644653874207
2025-11-30,11290000.0,6.8,19.6,11.422565840809884,7.910565519509056,0.0,0.2680871182038036,0.24057680468196257,0.28112570447209173
2025-12-01,11470000.0,2.9,12.9,5.387398940806475,9.691415494578253,0.0,0.3921400344029742,0.36777321051531914,0.3612819461317723
2025-12-02,11050000.0,-1.3,8.7,4.014732755059142,12.962792003402846,0.0,0.430798117550278,0.41021352239181474,0.31375661734888005
2025-12-03,10050000.0,-1.2,3.5,3.931211807207874,7.4616117442815275,0.020000000000000004,0.2026100644476551,0.18550802950773698,0.18185612899106604
2025-12-04,6350000.0,-0.6,6.2,4.879537181062935,7.123399900276788,0.0,0.18547342828559465,0.17400513283053104,0.17572083702612962
2025-12-05,9910000.0,-3.0,5.8,3.987988804453563,4.896589175148246,0.0,0.1466061061572712,0.12958569050745075,0.17097596105876073
2025-12-06,10070000.0,1.3,10.9,7.033302147136832,6.012987562880701,0.0,0.14643688241728683,0.12616274181364368,0.16827243401359615
2025-12-07,9590000.0,6.7,15.9,8.250221021896037,8.793507944123196,0.0,0.3296212691413681,0.3072980515573871,0.3292639589573556
2025-12-08,11040000.0,0.2,10.1,3.81980456801839,8.266735514522894,0.0,0.3373620373712475,0.31578971151194896,0.33003046787867113
2025-12-09,11070000.0,0.6,10.1,4.731251447174238,5.270717321171187,0.0,0.19849916041624732,0.17672964403537808,0.24016891432357962
2025-12-10,9920000.0,3.2,13.5,6.799720050006077,5.797489750771486,0.30000000000000004,0.20730256720800871,0.18595628029565467,0.24899714763312591
2025-12-11,7350000.0,-1.8,13.9,6.156324779851992,11.364516563592842,0.020000000000000004,0.46067150583001126,0.4458964644956785,0.3005606381866647
2025-12-12,10160000.0,-0.2,10.9,5.6671099176045345,8.586989207518531,0.0,0.24263031610671967,0.22265034443285953,0.2439919402323937
2025-12-13,1440000.0,2.5,7.6,7.726837572306692,7.611263002690703,1.07,0.0713553168813716,0.06855055634604376,0.08287265907624572
2025-12-14,5660000.0,2.3,6.4,6.083963625921374,9.873990029837447,0.04000000000000001,0.20500494395985874,0.19422943820440358,0.161548555316306
2025-12-15,9410000.0,-0.3,9.3,5.9795577983635955,4.1094235559159795,0.0,0.11140995972027694,0.0934064555633276,0.14747871393125758
2025-12-16,6630000.0,4.4,14.1,8.514755177741275,5.983057311198866,0.04000000000000001,0.17003520633430824,0.1554075104218861,0.20014447361147236
2025-12-17,7340000.0,-1.5,9.8,5.719324227642915,8.19490291048649,0.0,0.1915077136388863,0.17762620143660396,0.1973056503128327
2025-12-18,11040000.0,0.6,10.5,5.474201602885302,3.9268490206567837,0.0,0.13703312363542233,0.11518458907666347,0.188737764891227
2025-12-19,9860000.0,5.6,17.6,9.788760939249196,5.4832221081122166,0.0,0.18196902220646338,0.1588452741504515,0.23797370933383016
2025-12-20,6470000.0,2.7,18.2,8.799517057748002,13.360864350771251,0.08000000000000002,0.5516450373822137,0.5369073250126617,0.3569039121740113
2025-12-21,7040000.0,-4.3,4.6,3.281214543035496,10.867674385674379,0.0,0.2983532471802661,0.2868177481500943,0.22663961590626389
2025-12-22,11070000.0,-1.9,9.3,4.17591700816189,4.878631024139145,0.0,0.17153599425696536,0.15091414191269503,0.2217370610267863
2025-12-23,4900000.0,5.6,13.4,9.369993151169723,7.569360650336133,1.05,0.16754639991829773,0.1566620332067434,0.17274817222000954
2025-12-24,5790000.0,0.6,7.7,5.981375736266893,12.031961176097768,0.0,0.2404102601274901,0.22946012992977688,0.17841190399231688
2025-12-25,8490000.0,-5.8,4.8,3.382969544506577,17.625925215432776,0.0,0.4080412980370697,0.39447726080911544,0.23176377964045752
2025-12-26,6450000.0,-5.3,-0.9,2.5834036285821873,7.850705016145385,0.0,0.19411348676264245,0.18485333260746067,0.1595785754947035
2025-12-27,10410000.0,-3.1,5.3,4.272118061415699,4.462600525761634,0.0,0.115998242536311,0.09831649378845772,0.1435579046821441
2025-12-28,9360000.0,1.6,10.8,5.674047369292392,6.10577134309439,0.0,0.20504869417020993,0.18614580608853132,0.2325080024420641
2025-12-29,8620000.0,-1.0,12.4,7.022818725722589,7.467597794617895,0.0,0.18075590489847432,0.16361590879825186,0.18771412608874913
2025-12-30,11340000.0,-2.0,6.9,3.037624742623397,7.8267608147999175,0.0,0.29197684673935115,0.2717473831797761,0.2820568526261087
2025-12-31,9720000.0,-5.5,1.2,2.6033297780746225,12.822119820498218,0.0,0.327675673040549,0.3131494235022391,0.20970285716914577
