day,IRRAD,TMIN,TMAX,VAP,WIND,RAIN,E0,ES0,ET0
2015-01-01,11300000.0,-6.2,-2.7,2.05441090619241,13.746964597466928,0.0,0.3205636918449954,0.3052144850468037,0.18580464009117198
2015-01-02,10720000.0,-7.3,-0.1,1.9424636301757132,10.361853132251362,0.0,0.279397098369664,0.2643453814874645,0.20660606971812778
2015-01-03,10650000.0,-5.9,2.0,3.4116047789895365,5.516145384962236,0.0,0.11469752929223624,0.09859173954180994,0.12814811647353602
2015-01-04,8970000.0,-1.6,8.8,5.768441083244637,4.687077413375399,0.0,0.10810734485041107,0.09140384461598658,0.14250718290209016
2015-01-05,8189999.999999999,-0.7,8.3,6.381844794210338,5.318605723862123,1.04,0.09833329229536569,0.0829789574542092,0.12021955301902065
2015-01-06,10640000.0,-5.6,0.1,1.6558592646602284,13.755943672971481,0.0,0.4370080583542184,0.4214461260706077,0.26205008118430745
2015-01-07,11660000.0,-6.6,-0.1,1.5757385484354693,8.308637866877465,0.0,0.2651519323840062,0.2485298471365974,0.22346721775227946
2015-01-08,11570000.0,-5.6,1.5,2.8599439504485678,9.511833984487241,0.0,0.22755778968553653,0.21013278620326611,0.18146239595762004
2015-01-09,8620000.0,-3.0,2.8,3.7930014970288224,9.90990633185565,0.0,0.22086895294387748,0.20683302074948462,0.17053066194057515
2015-01-10,11320000.0,-2.7,5.0,4.1037292606043865,7.72799098424986,0.0,0.1914599570638785,0.17213405562472345,0.18055555166668205
2015-01-11,11120000.0,-4.8,3.3,2.978317110339186,10.780876655797055,0.0,0.2895226944595676,0.271870878619369,0.21801159322528937
2015-01-12,11970000.0,-4.3,3.7,2.9891124978173256,2.0562082905420818,0.0,0.08287487662345902,0.06353495835953915,0.12275798559324418
2015-01-13,10760000.0,-2.8,6.5,3.6768036732314835,1.837717453264684,0.0,0.08450003976856338,0.06565367854278556,0.1271018238459481
2015-01-14,4179999.9999999995,-1.5,5.7,4.843216154633988,2.574001644637831,0.0,0.08430118089114458,0.07691370089571442,0.11018820851543128
2015-01-15,7090000.0,-2.4,8.0,5.593004877367407,4.7529239670754375,0.0,0.10813482669756216,0.0952904526666858,0.133817520034817
2015-01-16,4800000.0,-4.3,4.4,4.194470898314254,13.636222666244139,0.0,0.25739446613937017,0.24953324381971403,0.17039469722740574
2015-01-17,12480000.0,-4.9,1.1,2.5109356167042813,10.864681360506195,0.0,0.303597399883257,0.2846852360897108,0.21414093381466306
2015-01-18,11780000.0,-3.6,4.3,4.181210679393263,8.233812237672877,0.27,0.18311898604491644,0.1636032638983582,0.16103788807933211
2015-01-19,9880000.0,-3.8,5.0,3.946281788467599,9.320280373723495,0.0,0.22918362377098833,0.21265962193265237,0.19085882261257608
2015-01-20,11600000.0,-1.9,5.7,4.411765559417658,3.86399549212493,0.0,0.1256369044513604,0.10528256510411638,0.1499788667720093
2015-01-21,6450000.0,1.2,6.8,6.688529909591407,2.888269287297101,1.09,0.07449766118283192,0.06232411693648071,0.09027274265947216
2015-01-22,4570000.0,-3.1,5.9,5.63598416057571,3.828079190106728,0.010000000000000002,0.07043561460298133,0.06256128393733475,0.08788874354987355
2015-01-23,11010000.0,-1.7,6.1,5.0931032833608185,4.54341220530259,0.0,0.1242371413684021,0.1047090674282912,0.1376928384400277
2015-01-24,9340000.0,-1.2,6.5,5.246511762131188,5.513152359794052,0.0,0.1425689210551873,0.12573699597056107,0.14815167847872507
2015-01-25,6420000.0,0.6,8.1,7.334683222406409,4.393760946893415,0.45999999999999996,0.07805598680770183,0.0657976110039864,0.08760976457754244
2015-01-26,3290000.0,-1.7,10.0,7.126153915787945,8.003349299722744,0.0,0.10323441540706582,0.09699388357898389,0.11885589282041047
2015-01-27,12540000.0,-5.6,2.0,2.4206559802860728,9.580673563355463,0.0,0.2964016801327909,0.277320372076047,0.2239468275747873
2015-01-28,12790000.0,-4.7,3.6,3.6076820337205304,3.570679025642945,0.0,0.12240896193515309,0.10194539719629707,0.1398271619813994
2015-01-29,6410000.0,-2.1,4.7,5.31654229494858,4.378795821052497,0.16000000000000003,0.09455266937500847,0.08354847858647368,0.10102965931660708
2015-01-30,13080000.0,-5.4,2.0,2.4899686133655647,11.42138404178833,0.0,0.34536345458158124,0.32537881245343026,0.23195474330324384
2015-01-31,14280000.0,-6.4,1.4,2.1831948704308415,5.68974084471688,0.0,0.20299460150710633,0.1818876369178058,0.19489642375482152
2015-02-01,14190000.0,-4.3,3.8,2.721259536842897,4.809791445270924,0.0,0.1947912662156208,0.17181981437540322,0.203546455030056
2015-02-02,11930000.0,-3.0,5.9,3.25567421838685,2.166950221764872,0.0,0.12615756301379905,0.10556386034101983,0.15835242152212775
2015-02-03,12380000.0,-3.0,7.6,4.193143200607466,3.5646929753065772,0.0,0.15421676370300755,0.13218043861731335,0.18085398656466367
2015-02-04,13900000.0,-1.8,5.7,4.110245742077888,6.925860239176677,0.0,0.2347162489018347,0.21028215766038127,0.20858758297301688
2015-02-05,12320000.0,-2.3,5.1,4.0764599742538525,8.072188878590966,0.0,0.24545841639251562,0.22423046151269813,0.20175037897136178
2015-02-06,14580000.0,-2.3,5.7,4.234475558031461,6.15665277095351,0.0,0.21028448396005514,0.18488569959228301,0.19304106983560212
2015-02-07,8540000.0,-7.7,4.8,3.604198397048093,10.765911529956137,0.0,0.24727389601436206,0.23409237295105334,0.1829416423751845
2015-02-08,15750000.0,-9.7,-4.0,1.0995120907772862,15.818138013849927,0.0,0.4611560790786823,0.4420157720496324,0.22152865761697998
2015-02-09,14680000.0,-8.5,0.4,2.383431438940749,13.151352588998407,0.0,0.32881870707608596,0.30852097976660536,0.19339604751103312
2015-02-10,13570000.0,1.0,7.5,5.241656524974562,10.703058001424285,0.0,0.3343397369661629,0.30851449746189774,0.23727812006605964
2015-02-11,10410000.0,-2.8,8.5,4.737164494477745,8.410400722595705,0.0,0.2581762472557011,0.23928439299146817,0.22680070925344836
2015-02-12,15850000.0,-3.5,2.8,2.0382741584931443,13.465620231657677,0.0,0.5302631708779696,0.5047042375058352,0.3132541267574508
2015-02-13,16079999.999999998,-3.6,3.7,2.8514490540241533,9.284364071705292,0.0,0.344316564928542,0.3179814701576939,0.25250229323215445
2015-02-14,15120000.0,0.1,8.6,5.264348376044592,5.983057311198866,0.0,0.24217603452272501,0.21330584104107744,0.22124083397810446
2015-02-15,9170000.0,3.4,10.2,7.192220614930944,7.584325776177051,0.8400000000000001,0.23031589308954578,0.21140441737114046,0.19731444140036375
2015-02-16,2000000.0,1.5,4.9,7.349938053211951,5.983057311198866,0.78,0.03455498411429152,0.03088118796100305,0.04346361033502123
2015-02-17,8240000.0,0.2,4.7,4.986855309807179,10.050578514760275,0.0,0.25583898877600186,0.24109364612834305,0.17826635468819757
2015-02-18,7530000.0,-2.2,4.4,4.743084087474441,6.138694619944409,0.0,0.16080449472820238,0.14797282412246607,0.14110531799713394
2015-02-19,14520000.0,-1.4,7.4,4.68125394606022,3.3671533142064654,0.0,0.1819920467913521,0.155503777270466,0.18567056788363723
2015-02-20,16399999.999999998,0.8,9.7,5.634259395255925,4.725986740561785,0.0,0.23857311223752942,0.20633270411199134,0.226038248500952
2015-02-21,3170000.0,3.6,8.3,9.340309627880762,5.100114886584726,0.65,0.041508874728348424,0.03513850905453166,0.03722808437381547
2015-02-22,9210000.0,-0.9,7.8,5.05537734829247,11.993051848911383,0.0,0.3416521184230793,0.32458888845166295,0.23348095506441982
2015-02-23,15860000.0,-0.8,7.4,4.3155010715683595,7.698060732568026,0.0,0.32321841497249826,0.2939850372949379,0.2592449443466664
2015-02-24,16960000.0,-1.0,8.1,4.453601059039776,5.219835893312067,0.0,0.26529511920971244,0.2337665360789813,0.24262000163510358
2015-02-25,15750000.0,1.4,12.3,5.714083714889749,5.911224707162461,0.020000000000000004,0.31283344673510977,0.28030323626500564,0.2959216730258748
2015-02-26,12740000.0,-3.6,5.6,2.8345265331507252,15.444009867826987,0.0,0.574607845146613,0.5529785111453989,0.32131161280655995
2015-02-27,18060000.0,-2.6,2.7,2.754900687595593,5.186912616462049,0.0,0.2690785675748807,0.2395007185971744,0.23042967739212644
2015-02-28,9890000.0,0.3,6.3,5.202957592501233,5.240787069489351,0.17,0.1986332232282344,0.18040383449991973,0.1769267155835046
2015-03-01,11230000.0,-1.9,5.9,4.207768390705494,10.565378843687842,0.0,0.34129573873929614,0.3215195724412783,0.23367909635350648
2015-03-02,18730000.0,0.4,9.3,4.207768390705494,4.369816745547945,0.0,0.29701281384371125,0.2606613554739199,0.2826048874190556
2015-03-03,8690000.0,-3.3,8.0,4.48873215936358,11.256767657538237,0.11000000000000001,0.33457307000930087,0.31907743371713854,0.2443897058077443
2015-03-04,19240000.0,-4.4,2.8,2.496661038689595,12.771238392639098,0.0,0.4901264922055469,0.45964547444240356,0.27896416848144806
2015-03-05,19040000.0,-1.6,5.7,3.506727921874204,3.238453231974574,0.0,0.2403864319395951,0.20679652186575087,0.2263092360195207
2015-03-06,17900000.0,0.2,9.4,4.581225053965044,3.1965508796200046,0.0,0.25392607202520356,0.2192416458003828,0.24813311201691285
2015-03-07,19750000.0,-1.0,10.4,4.21443114272276,4.037590951879575,0.0,0.2997211313865275,0.26157597392583093,0.2899254770973287
2015-03-08,19080000.0,2.1,13.6,5.728067864269784,4.456614475425268,0.0,0.3356811301409598,0.29510011778752177,0.32450782801471034
2015-03-09,18680000.0,-5.4,10.2,2.19362253189609,18.329286129955904,0.0,1.311150313522332,1.2777818492263893,0.48805522840444693
2015-03-10,21120000.0,-3.8,1.2,2.1698527636583798,16.4047709468139,0.0,0.6374853989907541,0.6046883085782253,0.29475239731748626
2015-03-11,19260000.0,-1.6,7.2,3.398361882007341,14.707725676453839,0.0,0.6311857841467128,0.596294014917562,0.35268578794506034
2015-03-12,20940000.0,-0.8,7.8,3.601877631717705,9.23048961867799,0.06999999999999999,0.48142274360413495,0.44256143024105077,0.3389293948394492
2015-03-13,16360000.0,-2.1,11.1,4.233136638887693,8.003349299722744,0.04000000000000001,0.4574186312019006,0.4260264735060565,0.3430156140216222
2015-03-14,21040000.0,-0.2,10.7,4.227784715040654,3.1875718041154535,0.0,0.3037314735428065,0.2623693889719943,0.29345800312251924
2015-03-15,20740000.0,0.8,14.0,4.85680838006267,5.279696396675738,0.0,0.4437071153014965,0.40016760190794837,0.3830518426564178
2015-03-16,21150000.0,4.1,18.6,6.42626504140032,3.5916302018202293,0.0,0.45605106120525657,0.4066435672641574,0.41126768597145025
2015-03-17,15300000.0,8.1,19.9,8.178038104449271,5.037261358052872,0.15000000000000002,0.43060423410119064,0.39255955453493185,0.44199943073100806
2015-03-18,1620000.0,4.3,8.7,9.571852142492975,7.829753839968101,3.7600000000000002,0.018556724025310382,0.015245849062717021,0.0356405211880264
2015-03-19,20550000.0,6.0,18.4,9.845071291828404,3.2594044081518585,0.0,0.3538073051992967,0.3047924281058803,0.322278245103451
2015-03-20,17870000.0,4.5,19.7,8.202036924322556,3.4958533964383562,0.0,0.4179675172948726,0.3754473861085409,0.3707794602791531
2015-03-21,22120000.0,2.7,18.5,6.797683925209208,6.925860239176677,0.0,0.6731099968138129,0.6224080124078768,0.47496651186063377
2015-03-22,22660000.0,-0.1,15.7,3.594923292272223,11.807484288484005,0.0,1.1325827587614175,1.0844567929696534,0.5928895789274785
2015-03-23,22780000.0,-1.2,9.6,3.506727921874204,9.389119952591717,0.0,0.5514580262302426,0.5081768052003318,0.391080671683602
2015-03-24,23210000.0,-0.9,11.2,4.068698324016182,4.510488928452571,0.0,0.3925780628189772,0.34709531980438457,0.34538256183882143
2015-03-25,23330000.0,-1.1,13.0,4.526949393894661,4.315942292520642,0.0,0.4407735107042517,0.3938900308398525,0.35811316355263456
2015-03-26,23400000.0,0.2,15.1,5.278981872244652,6.030945713889802,0.0,0.5707340462599009,0.5212513852586951,0.4168242455776485
2015-03-27,22970000.0,0.6,16.8,5.88032059339331,6.4918715897900645,0.0,0.6401585851963258,0.5901159556809825,0.44546316097648664
2015-03-28,22900000.0,4.0,17.9,5.433986240560487,6.2494365511672,0.0,0.6571320538981831,0.6041713229496883,0.5258016648983078
2015-03-29,20840000.0,6.1,18.2,8.974895749810297,4.9744078295210175,0.0,0.43624357146969095,0.38659676298482426,0.3855332190031777
2015-03-30,22840000.0,8.5,21.7,10.385537933991289,5.219835893312067,0.0,0.5578556489222617,0.4996881121984358,0.4754271636284623
2015-03-31,4830000.0,11.8,15.2,13.588585593844805,3.052885671547195,0.43,0.12997569965915745,0.11809985056262642,0.12654170318549857
2015-04-01,3960000.0,7.0,12.4,9.182507903536443,9.000026680727858,0.010000000000000002,0.24094580902458027,0.23208038947563545,0.20233574460806553
2015-04-02,18710000.0,9.7,20.4,14.459151401632965,13.92654610755794,1.9500000000000002,0.49380625968137215,0.44620733459846323,0.3062704866597858
2015-04-03,14170000.0,7.3,15.6,9.481365444533235,9.84106675298743,0.0,0.448564678264058,0.4153804342921924,0.32646084549885457
2015-04-04,17730000.0,6.9,15.5,9.24908381509718,9.08682441060518,2.43,0.4724443595644188,0.4311811267781742,0.3390495075794594
2015-04-05,4430000.0,8.6,12.0,11.180348709499782,3.079822898060847,0.17,0.10793789484235139,0.097862227093243,0.10582761766573942
2015-04-06,4420000.0,6.1,12.6,10.8162939043112,3.917869945152234,0.7000000000000001,0.10139995495050558,0.09159733043324973,0.09883484022408301
2015-04-07,8180000.0,5.3,9.1,6.736850114250044,7.4616117442815275,0.0,0.3024260618450606,0.28535441070829604,0.23751461205258934
2015-04-08,8150000.0,5.3,10.0,7.098608420386639,4.372809770716129,0.0,0.22881161259572128,0.21157726699060048,0.209098424235161
2015-04-09,20590000.0,4.1,14.7,7.209357642889314,2.574001644637831,0.0,0.346359389756822,0.30063336355718356,0.3124351348979137
2015-04-10,24240000.0,5.9,17.6,7.740526523236589,2.502169040601426,0.0,0.4216044205840003,0.36441621192580964,0.3844752270102293
2015-04-11,24320000.0,5.2,19.0,8.26230599219859,3.6245534786702485,0.0,0.499920550784452,0.4420531982130146,0.42168008832967097
2015-04-12,14730000.0,7.8,15.3,8.438069310396516,11.053241946101757,0.41,0.567413786860097,0.5328325974327596,0.3970867807617734
2015-04-13,8010000.0,7.2,11.2,9.462268489900303,8.485226351800293,0.7200000000000001,0.2490768271033533,0.2313845243850845,0.17708390814784516
2015-04-14,11520000.0,5.2,12.9,9.153348563586507,4.639189010684463,0.54,0.24256227515526,0.2172211886978749,0.20133595937372095
2015-04-15,23260000.0,4.9,18.1,8.740885488257442,9.062880209259713,0.0,0.6415984885335047,0.5870591453637327,0.4427351293964982
2015-04-16,18300000.0,3.6,21.6,8.66997305069988,11.25078160720187,0.39,0.9116256016680024,0.8675592272137755,0.5619256528797334
2015-04-17,25830000.0,5.2,18.2,6.445663274901867,6.1267225192716745,0.0,0.6613043712684507,0.600439628122998,0.5312096016655437
2015-04-18,21840000.0,11.3,20.8,8.85335278359408,4.387774896557047,0.17,0.5620567631506628,0.505326972364268,0.5219970305698391
2015-04-19,1720000.0,10.8,16.4,15.575783410613049,5.456284881598566,1.33,0.020043670711581744,0.015804983129866116,0.04839264757656284
2015-04-20,4290000.0,3.4,10.8,9.56634651953428,3.6634628058566343,0.4,0.08133387843840197,0.07240708228095355,0.0827544546584416
2015-04-21,25830000.0,7.2,20.6,8.517239115152032,4.7499309419072535,0.0,0.6239757171079877,0.5598904327992065,0.5165558221625332
2015-04-22,25570000.0,6.3,20.1,9.254428219654715,6.755257804590215,0.03,0.6747053967110686,0.6122648783532513,0.4977605222834825
2015-04-23,24770000.0,7.8,21.5,7.681361919809792,6.7732159555993166,0.0,0.7949535006036793,0.7324760596077265,0.6239007883505183
2015-04-24,25820000.0,6.3,21.3,8.612103549562264,5.680761769212331,0.0,0.7253689255148468,0.6614517802919916,0.5446931693291381
2015-04-25,26810000.0,7.6,22.5,7.981226743877277,6.072848066244372,0.0,0.8419835545420277,0.77377793287058,0.6364294009076594
2015-04-26,26580000.0,10.2,25.2,9.582871764592033,7.29400233486325,0.0,0.9970911127425733,0.9257767459445988,0.7341572860631785
2015-04-27,26140000.0,12.7,25.5,10.116460715750124,5.647838492362311,0.0,0.7999044840919716,0.7279472181932161,0.7068725854780135
2015-04-28,17580000.0,13.8,22.3,15.043150626291663,5.558047737316805,0.35000000000000003,0.48294922927028655,0.4354710949032339,0.4004550316711885
2015-04-29,8289999.999999999,13.1,18.3,15.22027024186219,5.932175883339745,0.8800000000000001,0.24736278412854204,0.225983372989108,0.20224915714953698
2015-04-30,16219999.999999998,14.0,22.3,15.240983865222825,4.223158512306953,0.0,0.4257523657164925,0.3818657073078314,0.36809279018061386
2015-05-01,24860000.0,14.8,26.4,16.71337568806178,3.60958835282933,0.0,0.6030409093646817,0.5328214973795988,0.5159125468895827
2015-05-02,19470000.0,16.3,26.2,16.75386948305798,5.492201183616768,0.7000000000000001,0.5957738143295987,0.540191371361158,0.5235207671388766
2015-05-03,3240000.0,14.1,17.5,17.55384436150023,5.608929165175925,0.5900000000000001,0.07256830533243687,0.06419529191893406,0.07255206182765107
2015-05-04,26790000.0,6.2,20.1,7.185803509820094,9.945822633873853,0.0,0.9846714835780415,0.9193271720604074,0.6458924691705067
2015-05-05,27510000.0,6.6,20.3,7.777135090018612,6.440990161930945,0.0,0.7686545671995185,0.701090804191298,0.5807687185016056
2015-05-06,21810000.0,8.4,22.0,9.828148301036835,4.121395656588713,0.0,0.5704161855434738,0.5147540769439821,0.4886483801404255
2015-05-07,26690000.0,9.1,24.1,9.241072308525386,5.42635462991673,0.0,0.8337090295936944,0.7636103748714924,0.6475188422198119
2015-05-08,18410000.0,13.5,22.2,12.906999387217484,3.8460373411158293,0.03,0.4868959815861585,0.4373619238767791,0.4366209619624515
2015-05-09,25610000.0,10.2,23.2,12.665425915920864,5.3485359755439585,0.0,0.6453869450371348,0.5779913661721512,0.5124809053761148
2015-05-10,26320000.0,10.2,23.9,11.910872316727238,5.192898666798415,0.0,0.7057549354509185,0.6360135826817165,0.5616067785412151
2015-05-11,17480000.0,11.4,23.1,14.18830887862558,13.872671654530636,3.16,0.704332071589571,0.6578345733852384,0.49034191870165494
2015-05-12,23150000.0,12.7,19.3,10.084703053787921,14.582018619390132,0.020000000000000004,1.00163622537729,0.9415649099531225,0.6229208845154188
2015-05-13,26800000.0,12.3,24.1,12.048418908190943,11.442335217965615,0.0,0.9596806773907381,0.887100412365573,0.7005061790474932
2015-05-14,22240000.0,17.0,28.0,18.58349393612604,7.344883762722369,0.0,0.7295440681107496,0.6647991673183331,0.6049631499907095
2015-05-15,13860000.0,12.6,23.4,16.812512418652336,5.2078637926393325,0.0,0.3747476185141283,0.33735092521251014,0.3214196643764927
2015-05-16,27510000.0,9.5,24.6,9.981381914385503,6.408066885080926,0.0,0.9204124099204167,0.847517857690905,0.6797690320972575
2015-05-17,24250000.0,15.0,24.6,10.761221792746406,3.9328350709931517,0.0,0.6677682068587959,0.6001916322853095,0.6220996206560683
2015-05-18,16680000.0,11.4,21.1,12.924920918642297,5.142017238939296,0.0,0.4571993652649972,0.41369683832680293,0.3914279592467863
2015-05-19,24990000.0,11.8,25.5,14.8313784202994,7.838732915472651,0.13999999999999999,0.7830475625553047,0.7148092119254192,0.5723626095240519
2015-05-20,25430000.0,9.8,21.3,10.492532164354024,6.7762089807675,0.0,0.6860872469761867,0.6207084651885519,0.5489496768471361
2015-05-21,28300000.0,13.2,25.3,10.979894030393334,8.021307450731845,0.0,0.9330933617100807,0.8549829878786893,0.7718104878423506
2015-05-22,27900000.0,13.8,26.6,11.095392544711085,6.803146207281151,0.0,0.9404281530906264,0.8621480945351403,0.790622927682119
2015-05-23,26840000.0,12.0,26.7,11.429001837785691,5.079163710407441,0.0,0.8601848668811055,0.7859736983401586,0.6921476792512038
2015-05-24,28620000.0,12.1,27.6,10.755117932339179,4.57633548215261,0.0,0.9190406942316903,0.8392178273491346,0.7345047436264338
2015-05-25,28660000.0,13.4,29.1,12.276198022715528,5.779531599762385,0.0,1.0535053637296141,0.9716875509162852,0.8071508098722378
2015-05-26,29090000.0,13.1,30.6,11.607246659404854,5.4832221081122166,0.0,1.0985148359191383,1.0146739499467485,0.8670243631448684
2015-05-27,28990000.0,16.8,31.0,11.474143222144496,3.5886371766520457,0.0,0.9053155203695118,0.8191616805680205,0.8074273477962848
2015-05-28,28000000.0,17.5,30.7,12.50427095931306,5.411389504075813,0.0,0.9908151627347139,0.9073669356369344,0.8888222754781093
2015-05-29,23990000.0,18.3,29.6,13.697655238474928,4.663133212029932,0.12,0.7871032992814,0.7157579105059567,0.7596243556802816
2015-05-30,9840000.0,13.4,20.6,15.673224994421043,4.5673564066480585,0.020000000000000004,0.2913900116278635,0.2653418955732666,0.25641960822484
2015-05-31,26600000.0,15.4,28.5,14.622228032926015,3.935828096161335,0.0,0.7605831074036227,0.6837987345754297,0.6630605641833869
2015-06-01,25310000.0,17.5,29.5,14.778846113475433,4.6122517841708115,0.0,0.7822179722496341,0.707432249044158,0.7314167252929389
2015-06-02,19200000.0,17.9,27.8,14.730499818097718,5.836399077957873,0.0,0.7202654821325476,0.664074643791253,0.6788797178217395
2015-06-03,27820000.0,13.9,27.8,10.29417503412649,7.874649217490854,0.0,1.1535844851593107,1.0746794614329649,0.9029846238012704
2015-06-04,26160000.0,18.5,29.4,11.81110534249945,3.4210277672337686,0.0,0.762231299468526,0.684432409499139,0.7435801053378561
2015-06-05,11170000.0,14.3,19.3,12.407061757274182,3.0169693695289928,0.13,0.3361111366177664,0.3066579751444125,0.3195186765531678
2015-06-06,27180000.0,14.8,26.7,13.413437516786983,3.947800196834069,0.0,0.7191369205968976,0.6421737685854869,0.6424184338344793
2015-06-07,27400000.0,16.6,29.7,13.895155510229012,4.681091363039032,0.0,0.872012900435337,0.7914655173183053,0.7710737957508662
2015-06-08,16280000.000000002,15.7,25.7,17.007769690969493,3.8250861649385444,0.0,0.4738236120638167,0.4277630214303051,0.4300969323460665
2015-06-09,24670000.0,16.9,28.4,16.930338567879577,5.091135811080175,0.0,0.7384012179861773,0.6664186400119527,0.6467607397425287
2015-06-10,26840000.0,18.1,32.9,15.52094323162746,5.983057311198866,0.0,1.1137574316384244,1.032220067902609,0.9154430413850754
2015-06-11,9750000.0,19.7,24.3,21.17027621747155,7.344883762722369,0.42000000000000004,0.3955646637042227,0.36739807928011825,0.3289986219448423
2015-06-12,23840000.0,16.5,29.9,15.071860161719126,7.108434774435871,0.0,0.9613927710327923,0.8912589844584342,0.8053268849951497
2015-06-13,21170000.0,16.9,31.7,17.53508469074036,6.039924789394353,0.06999999999999999,0.8989243626121117,0.8356538704702337,0.7416799387381674
2015-06-14,24420000.0,20.6,30.7,20.200636463090824,3.85501641662038,0.13,0.7365822828980024,0.6622497436902932,0.653253799195262
2015-06-15,15890000.0,20.7,28.2,21.515499508895036,2.6787575255242544,0.010000000000000002,0.47279882447854094,0.4252091439398174,0.424536421721416
2015-06-16,21020000.0,18.9,28.9,20.42458750283846,3.241446257142757,0.0,0.5922278798894972,0.529759659378033,0.5174349627253187
2015-06-17,17010000.0,17.6,27.2,17.775592002262393,6.892936962326657,0.0,0.6407417323169333,0.591297801188403,0.5646369485948884
2015-06-18,18920000.0,18.4,27.4,17.563230792965413,7.4107303164224065,0.0,0.7255061167411565,0.6700933231249844,0.625214920521941
2015-06-19,23010000.0,18.3,28.7,17.14057495163592,3.852023391452196,0.05,0.6780372146866469,0.6100475074184525,0.6132768345747227
2015-06-20,8920000.0,17.3,23.0,19.88443680434695,2.5590365187969137,0.9199999999999999,0.2502848228016922,0.22527881191345567,0.22593996031931604
2015-06-21,17980000.0,18.2,26.3,18.23131496899398,4.004667675029556,0.0,0.5392023345696626,0.4870589193558468,0.47619459720743207
2015-06-22,21970000.0,18.3,27.9,18.90653860891586,3.570679025642945,0.010000000000000002,0.616085087206433,0.5515479012200479,0.5354968889623617
2015-06-23,21900000.0,19.6,29.5,19.295579652014272,4.333900443529744,0.0,0.6840685459887845,0.6183882366090192,0.6120525914632219
2015-06-24,19490000.0,18.4,29.0,18.981782255453115,5.665796643371412,0.0,0.6671364329053981,0.6093808305595191,0.5987617156476681
2015-06-25,15630000.0,19.5,27.8,19.894906544835635,9.386126927423534,4.32,0.7047823414344411,0.6584986047075784,0.5871944205743811
2015-06-26,6160000.0,18.4,23.4,21.599757637116493,5.136031188602928,0.45,0.22466402971730565,0.20717828680661127,0.20182394941761972
2015-06-27,19590000.0,17.8,26.3,19.13305694509122,3.8011419635930763,0.0,0.5441637211966946,0.48752654453399547,0.4619372676635127
2015-06-28,19890000.0,18.8,28.2,20.344356725958733,3.028941470201727,0.0,0.5523018603523423,0.49353109644254706,0.48142578645552553
2015-06-29,22770000.0,21.5,29.6,22.85140235334775,3.615574403165698,0.0,0.6651733151354432,0.5959544876491973,0.5603834250011299
2015-06-30,17900000.0,18.4,27.9,19.234492485615704,4.782854218757273,0.06999999999999999,0.5777534762889409,0.5251331055665005,0.5165652469180856
2015-07-01,21190000.0,18.0,27.7,18.558845889054563,9.784199274791941,0.010000000000000002,0.826115206331951,0.7641004217250746,0.6498393885266973
2015-07-02,23240000.0,19.5,27.9,19.58807032647683,5.246773119825719,0.03,0.7124778614784756,0.6436097137864165,0.5953737285322515
2015-07-03,24870000.0,16.7,27.4,16.463337504040638,5.408396478907628,0.0,0.741211879638256,0.6693095527571266,0.6347463415537998
2015-07-04,21390000.0,18.9,27.1,17.21423533948505,4.8427147221209434,0.0,0.6740050302905901,0.6112647122699165,0.5935992436509508
2015-07-05,20390000.0,19.7,27.3,19.295579652014272,2.517134166442344,0.0,0.5516619245781718,0.4914137658994022,0.4817290029475364
2015-07-06,18650000.0,18.8,27.1,19.47986197438844,4.070514228729594,0.010000000000000002,0.5562765790430715,0.5016138095054724,0.484916695959405
2015-07-07,5480000.0,18.0,22.6,17.539772959955997,6.378136633399091,1.4500000000000002,0.3233612128696487,0.3079598288253143,0.31910105291743357
2015-07-08,3670000.0,18.6,20.6,21.644813257204262,6.9946998180448965,6.18,0.11882588574944682,0.10863413106822317,0.10649431251233273
2015-07-09,5530000.0,19.4,22.1,22.376971477830946,6.069855041076188,0.55,0.192915193276387,0.1772563915610411,0.1598349890366033
2015-07-10,19090000.0,19.6,29.1,23.612978720043095,4.761903042579988,0.0,0.5706944081999061,0.5136004920800656,0.4732698166151691
2015-07-11,18480000.0,23.0,31.0,26.742983925855093,6.500850665294615,0.54,0.6628783459545644,0.60565115091428,0.5484346381086276
2015-07-12,2500000.0,23.4,24.5,27.276569180309778,16.00669859944549,2.85,0.21315689638054133,0.20572198717092868,0.1684365565720934
2015-07-13,7790000.0,21.3,25.6,23.88195943572758,12.166647308666027,0.05,0.43792255303245575,0.414921471474664,0.332821042640768
2015-07-14,22240000.0,20.5,30.4,24.396655101632895,6.084820166917106,0.0,0.7053793977978848,0.6378611422412014,0.5708555686230141
2015-07-15,23020000.0,19.5,31.1,21.35341569703367,7.67710955639074,0.0,0.8331806343216929,0.7634337937663402,0.7096908928261114
2015-07-16,22510000.0,16.3,25.0,16.641598625822496,8.661814836723119,0.0,0.7471485726663876,0.6835142409110793,0.5670438685069303
2015-07-17,19300000.0,18.6,26.6,18.20707676435777,3.0648577722199293,0.0,0.5359138563476598,0.4796425288601592,0.4748800228709591
2015-07-18,15350000.0,20.6,27.3,23.29851059634557,2.523120216778711,0.08000000000000002,0.4260348886574169,0.3803845461103951,0.3648699175117166
2015-07-19,17150000.0,21.3,27.7,21.137126241743587,5.01032413153922,0.04000000000000001,0.5823762880988099,0.5309773131527771,0.5099064055690208
2015-07-20,13010000.0,22.4,27.6,25.526750356765803,5.93516890850793,0.0,0.4575872958927894,0.418327883423276,0.3776788813885001
2015-07-21,10160000.0,22.8,29.0,27.380240663544875,4.289005066006991,0.0,0.35925054535099415,0.3282231273830113,0.321245335169693
2015-07-22,13200000.0,23.5,30.2,27.805391019702142,4.16928405927965,0.010000000000000002,0.4514900778888876,0.4106893554298541,0.39540635689613646
2015-07-23,8470000.0,24.1,27.3,29.505004495868373,6.183589997467161,0.8900000000000001,0.302153600170101,0.27635466567234845,0.24058637758289061
2015-07-24,6830000.0,24.4,27.9,29.91388166396488,7.150337126790441,0.54,0.2895315086903877,0.26860606023117756,0.24340107032650513
2015-07-25,17900000.0,22.5,31.6,27.749307272043954,7.5753467006725,0.05,0.6577260033443715,0.6022607344729691,0.5369017655443473
2015-07-26,25480000.0,23.2,32.9,26.913003292791018,3.684413982033919,0.0,0.7632086471285495,0.6833007525539101,0.6354568349904813
2015-07-27,13500000.0,24.5,29.0,28.073142418696083,5.243780094657535,0.25,0.47605220390110825,0.43437612828198,0.39765135160891596
2015-07-28,18350000.0,23.9,32.0,27.015467370782957,5.836399077957873,0.2,0.6719376771879607,0.6144578985971879,0.5811838266491971
2015-07-29,10200000.0,23.6,30.1,31.185830437395172,5.300647572853022,1.4900000000000002,0.3474440534602295,0.31591622246915807,0.287489152514813
2015-07-30,23520000.0,24.5,33.7,30.09384435879758,5.605936140007742,0.0,0.7884332671914783,0.7137793008435105,0.640025217893838
2015-07-31,24620000.0,24.6,34.1,29.416445837147357,4.624223884843546,0.0,0.7989216711094692,0.7205588424658937,0.6629164368702162
2015-08-01,23500000.0,24.5,33.7,28.572265141025547,4.309956242184276,0.010000000000000002,0.7593563360511825,0.6847658509671157,0.6402705796180431
2015-08-02,15870000.0,23.7,31.4,29.45331705063257,5.037261358052872,0.81,0.5340731426043057,0.4845980335547943,0.4463980999028001
2015-08-03,24620000.0,23.0,33.4,26.486351042239217,5.947141009180664,0.0,0.8331351767754833,0.7557886728065508,0.703299222440415
2015-08-04,25180000.0,23.2,33.7,26.171914192785408,7.072518472417668,0.0,0.9057124649628857,0.8263770501002116,0.7628765963138461
2015-08-05,24070000.0,23.7,33.3,28.073142418696083,4.983386905025569,0.0,0.7770403618176535,0.7011585947834771,0.6458850635908158
2015-08-06,24200000.0,26.0,35.6,27.02915495425922,2.6458342486742357,0.0,0.7571712937906383,0.678943482478165,0.6700965938658549
2015-08-07,24490000.0,24.8,35.9,26.722644776394567,3.699379107874836,0.0,0.8051703396544744,0.7263756464292547,0.7265700237955244
2015-08-08,20330000.0,23.5,34.7,28.665807249397442,3.049892646379012,0.36000000000000004,0.6354921422979815,0.5709634375422763,0.5602798896862097
2015-08-09,20720000.0,22.9,32.2,26.439311922105755,4.722993715393602,0.0,0.6730615926636936,0.6084664912455541,0.5788002342057927
2015-08-10,17330000.0,23.3,30.8,25.409773753254388,4.630209935179912,0.0,0.590325743053334,0.536626686654373,0.5217350170725792
2015-08-11,7310000.0,20.4,27.5,22.446709164130535,3.8580094417885635,0.45999999999999996,0.30194002306658524,0.2802003485376778,0.3096162729711499
2015-08-12,15830000.0,20.3,27.1,23.473432276731582,3.852023391452196,0.03,0.4492138835879674,0.40230412549995986,0.37465645530889297
2015-08-13,20190000.0,20.8,30.1,25.293265803904646,3.0588717218835626,0.45,0.5524432691119954,0.4911485937662472,0.4613394977699931
2015-08-14,22570000.0,21.6,30.0,23.931151754191447,3.8909327186385823,0.0,0.6483550252452793,0.5795186447088938,0.543565228601268
2015-08-15,22180000.0,22.8,31.7,24.622894275558934,2.6278760976651343,0.0,0.629609330731234,0.5607133677882282,0.5455016387928018
2015-08-16,12350000.0,21.6,29.8,25.16436025188727,4.079493304234145,0.03,0.42181927114484646,0.3842021706670137,0.3906111244529293
2015-08-17,20290000.0,22.6,29.9,22.880974341531836,4.022625826038658,0.0,0.628458046109748,0.5662147760532985,0.5531348114781067
2015-08-18,19390000.0,21.5,30.4,22.4583505763366,4.447635399920717,0.0,0.621382499546614,0.5621293447740359,0.5591513173455096
2015-08-19,13800000.0,22.4,29.2,23.661686350294477,4.4296772489116165,0.13,0.48620111077119066,0.44411240667716695,0.4487754577369654
2015-08-20,8150000.0,20.7,27.3,24.667097529556546,2.70868777720609,1.57,0.25910800789011545,0.23485297927887877,0.24547048768928134
2015-08-21,11570000.0,20.3,27.3,23.55221748010991,3.1815857537790864,0.09000000000000001,0.346151590025688,0.311816424036958,0.31262428990661445
2015-08-22,16910000.0,21.9,28.7,24.17844447467893,3.7502605357339562,0.020000000000000004,0.5037549325371852,0.45252039414487355,0.4344359260285101
2015-08-23,17800000.0,23.1,29.8,24.711370124059723,3.3731393645428325,0.0,0.5376529087019688,0.4829090829233884,0.4709145142082033
2015-08-24,12250000.0,22.0,27.1,23.71658741738416,11.651846979738462,0.9800000000000001,0.6009072801267472,0.5641682942864675,0.4608967808486998
2015-08-25,2470000.0,19.0,22.1,21.50428685216972,9.344224575068964,3.54,0.16559729663157702,0.15862634181961083,0.16805867157787288
2015-08-26,18740000.0,18.4,27.0,19.15837179837949,6.306304029362686,0.0,0.6030166026827617,0.5482954203222133,0.5177496548194427
2015-08-27,16250000.0,19.2,26.6,22.75699650192713,6.617578646853773,0.12,0.4893070522509671,0.44171414018633726,0.38482520760468353
2015-08-28,16690000.000000002,19.1,26.8,23.15461091758993,3.211516005460922,0.31000000000000005,0.42435337180932686,0.3754353222874755,0.35055050557142964
2015-08-29,19850000.0,18.9,27.8,21.63917681104366,2.2238176999603585,0.0,0.4828368771859071,0.42431239083485683,0.41288523166970637
2015-08-30,20710000.0,19.6,28.9,21.740829594872274,3.0139763443608096,0.0,0.5421846292691652,0.48033228023314534,0.4714957748447053
2015-08-31,18830000.0,20.4,28.4,21.644813257204262,6.910895113335759,0.21000000000000002,0.6403230905632746,0.583967491634976,0.5412764511845847
2015-09-01,12900000.0,19.4,26.8,21.588506563660005,5.013317156707404,0.03,0.41894436440396393,0.38105043180385617,0.3767267846824258
2015-09-02,16260000.000000002,19.1,27.6,23.071028879895334,3.0379205457062777,1.62,0.4204109746095227,0.37247101752800754,0.3597791355164501
2015-09-03,17600000.0,19.1,26.9,22.145879439428736,4.8906031248118795,0.0,0.48800946407378076,0.43638582699272155,0.40316996021756807
2015-09-04,16710000.0,20.5,27.4,22.174651285136918,3.6036023024929635,0.4,0.46767771524691176,0.41798278208986056,0.40837915725522606
2015-09-05,7400000.0,19.5,24.0,22.27850088472687,5.501180259121319,0.43,0.2582629532143459,0.2369687366729706,0.22922749994104707
2015-09-06,10680000.0,15.6,23.0,17.932750762182604,8.281700640363812,0.71,0.3835543533535984,0.3540506723195219,0.3173225380637411
2015-09-07,21170000.0,13.9,24.8,15.365785993321406,6.246443525999015,0.0,0.5756064378337509,0.5170725168944126,0.49387220969130896
2015-09-08,23040000.0,12.7,24.6,14.075813060059572,6.417045960585477,0.0,0.6104241759883304,0.5475105465960711,0.5266682439477242
2015-09-09,23000000.0,13.3,26.1,14.574331959848227,6.342220331380889,0.0,0.6659016559313906,0.6019188619223279,0.5683931801861328
2015-09-10,22060000.0,15.5,26.4,17.255791157194942,4.411719097902515,0.0,0.5477008028101132,0.4850301929717625,0.4824616563841291
2015-09-11,16260000.000000002,18.3,26.5,19.994610095389085,5.267724296003003,0.41,0.48155136326211523,0.43428749964366126,0.4237303237878797
2015-09-12,9860000.0,13.0,21.8,14.932863023646204,5.3455429503757745,0.0,0.31723713645607726,0.2909333642552656,0.3037061703807377
2015-09-13,22270000.0,13.7,23.8,13.043752542975232,5.821433952116955,0.0,0.5961025498081393,0.5351814232290534,0.5314221105206223
2015-09-14,21330000.0,14.0,25.3,14.482916061811775,4.426684223743433,0.0,0.5305458823156497,0.4712601194435254,0.4925492684010657
2015-09-15,19560000.0,12.8,23.6,13.918104177685926,6.821104358290253,0.0,0.5497646758592203,0.4967919152662265,0.4792313164829894
2015-09-16,18980000.0,16.0,24.2,14.626225603529038,6.219506299485364,0.0,0.5751809554366905,0.5220181908797777,0.5153829899973088
2015-09-17,12920000.0,15.3,21.8,16.10313053907688,5.459277906766749,0.010000000000000002,0.3701107770508073,0.3348951201662022,0.3258058968939994
2015-09-18,20240000.0,16.8,25.9,17.01689961882744,3.1336973510881503,0.0,0.4767372094359595,0.41886365032443074,0.43536172271726914
2015-09-19,19070000.0,15.3,26.2,17.65733738166701,2.8254157587652475,0.0,0.4281428658941224,0.3741440686587433,0.39146286225113414
2015-09-20,16920000.0,15.9,26.4,17.78033659180798,2.615903996992401,0.0,0.39521051024744003,0.3469856659920246,0.3717316407661889
2015-09-21,19390000.0,15.7,27.5,17.441549725636463,2.9481297906607717,0.0,0.4545938491586587,0.3989293145506366,0.43105997885811886
2015-09-22,19140000.0,15.3,26.5,17.339166741582844,4.7948263194300065,0.0,0.4921822590715867,0.43785155788478625,0.4531323197694276
2015-09-23,8810000.0,18.0,23.0,18.851526134335852,3.992695574356822,0.06,0.27361816380452864,0.24877484284980556,0.2629502543005273
2015-09-24,7530000.0,16.2,23.9,19.05224621254896,5.007331106371037,0.0,0.25580420016466016,0.23473067088535654,0.25303861324772203
2015-09-25,14120000.0,15.6,26.0,18.236166001798377,2.9421437403244046,0.0,0.3432735491402183,0.3032582963058579,0.3312186535838769
2015-09-26,16090000.0,15.4,27.1,17.108435536571474,4.067521203561411,0.0,0.43089824196203674,0.3849649339311063,0.4284670622905443
2015-09-27,19160000.0,15.4,26.6,16.731362320785717,3.211516005460922,0.0,0.4412419212038694,0.3867655533647838,0.4216419583273872
2015-09-28,19400000.0,15.1,28.6,14.682292434792148,4.124388681756897,0.0,0.5683384911848989,0.5124253530664951,0.5468528452629327
2015-09-29,18750000.0,16.1,25.8,14.282005225760543,7.5484094741588486,0.0,0.6454950395812613,0.5922278621347937,0.6013629295224374
2015-09-30,13960000.0,16.5,22.3,14.710396546236282,6.659480999208343,0.6000000000000001,0.47271998738136645,0.434087459917991,0.43159297575874433
2015-10-01,1890000.0,10.3,22.4,13.987150056697876,12.142703107320559,2.95,0.3313864314735816,0.3264472568244551,0.3505354583034159
2015-10-02,19710000.0,14.1,20.5,11.265876783176852,9.038936007914245,0.0,0.6480556370600214,0.5955756926570629,0.5344343327105919
2015-10-03,17050000.0,11.5,24.2,11.950986169803185,8.724668365254974,0.0,0.6447191421154271,0.5988443086583431,0.5656357075222556
2015-10-04,14990000.0,12.9,21.4,10.630658602367598,3.3581742387019147,0.0,0.3653315846771531,0.32553463148000666,0.3858734417756327
2015-10-05,18780000.0,10.8,23.4,12.61618657753775,2.14001299525122,0.0,0.3428608070208883,0.29305013587306394,0.33739911513790033
2015-10-06,18460000.0,12.8,24.8,13.025686261414616,3.8400512907794626,0.0,0.42294586167961123,0.3724017225716691,0.4369051587569518
2015-10-07,14010000.0,12.4,23.6,14.666254117596008,2.984046092678974,0.0,0.30308722188140924,0.2652858024618082,0.3100351969601857
2015-10-08,14970000.0,14.1,23.7,13.990994744819757,5.773545549426019,0.0,0.4393298553127251,0.39826776394419655,0.43342663870142556
2015-10-09,17420000.0,9.6,19.8,8.807190160373828,7.662144430549823,0.0,0.534700000783179,0.4907139775571741,0.4964270063249149
2015-10-10,15420000.0,8.8,20.6,11.237303677342418,7.701053757736209,0.24,0.42613364548958843,0.3871976823354554,0.3945099026243587
2015-10-11,13200000.0,10.6,16.4,10.976787190821911,9.685429444241887,0.16000000000000003,0.4134325377842399,0.38097680112291277,0.3190680361727312
2015-10-12,14840000.0,7.5,16.6,8.692710807615242,8.928194076691454,0.0,0.4522148840707705,0.4169470118545709,0.3801992131987924
2015-10-13,17360000.0,10.8,20.6,11.045316688392909,6.746278729085665,0.0,0.4521532001795897,0.40738280483814515,0.42437392572662197
2015-10-14,16559999.999999998,12.0,22.4,11.529168592933129,3.343209112860997,0.0,0.3477330356635302,0.30372530497744726,0.3712345815259782
2015-10-15,15710000.0,11.1,22.9,12.6196980837431,2.6308691228333183,0.0,0.2967138949054326,0.2551269128711117,0.3161850324472428
2015-10-16,15420000.0,11.9,22.8,14.164969315090536,2.8643250859516334,0.0,0.2905311649889656,0.2494342928629552,0.2964314982454399
2015-10-17,15430000.0,10.2,23.8,12.49034306378964,2.711680802374273,0.0,0.31740764571308977,0.276561870233168,0.3261110040034513
2015-10-18,16500000.0,11.5,24.8,12.351812496501521,4.8906031248118795,0.0,0.4508207042494499,0.40617644631215616,0.451415901210812
2015-10-19,13510000.0,11.1,22.8,13.461683142963226,4.779861193589088,0.0,0.3206419644596795,0.2849136633768971,0.3400741451225974
2015-10-20,15610000.0,12.1,24.2,14.888134940779285,3.8460373411158293,0.0,0.32219604900260523,0.27995987528132305,0.33464962673152865
2015-10-21,14350000.0,12.5,24.2,14.827331661553593,4.465593550929818,0.0,0.3296629610281207,0.29069241100471743,0.3488477189652681
2015-10-22,10580000.0,12.0,20.6,13.232951388635952,6.210527223980814,0.0,0.3128728077860595,0.28525166400350743,0.3130108757766231
2015-10-23,14400000.0,11.7,22.6,13.611088913177426,5.195891691966599,0.0,0.33557601370681506,0.29734545159614745,0.34768579918073933
2015-10-24,9710000.0,11.3,21.4,12.739601687471033,8.700724163909506,0.010000000000000002,0.3927882243738233,0.36741288794894544,0.3797080127471792
2015-10-25,14520000.0,8.3,19.1,9.145410194640338,6.00400848737615,0.0,0.3660210079364895,0.3301576649526557,0.3833282308675594
2015-10-26,11970000.0,10.9,18.7,10.504480109125025,5.546075636644072,0.21000000000000002,0.32627888681564826,0.2959890951089775,0.3385122980394463
2015-10-27,5550000.0,6.6,15.6,8.74342750591378,9.607610789869113,0.82,0.34279256828273874,0.32990839627011914,0.3086806612553202
2015-10-28,13870000.0,6.5,16.0,7.062729297577354,7.5514024993270334,0.0,0.40820808272421943,0.37588782922903813,0.3936066002166932
2015-10-29,14850000.0,5.4,15.2,5.851726450905858,6.919874188840309,0.0,0.40315843166143744,0.3693833377394828,0.40393507373641385
2015-10-30,15100000.0,0.9,11.0,4.469028607734357,7.60826997752252,0.0,0.3615965094176453,0.3312518653562468,0.33328595832731
2015-10-31,15160000.0,2.9,11.0,4.899311624591945,5.758580423585102,0.0,0.30286615580235055,0.2714609137399229,0.3049502156888562
2015-11-01,9940000.0,3.2,12.7,6.191852503506017,2.9181995389789366,0.010000000000000002,0.17593957686464473,0.15473756574713596,0.2121279885679014
2015-11-02,13180000.0,4.9,14.9,8.025907247414906,7.060546371744935,0.0,0.29271930270943086,0.26305548400225837,0.2859691757238129
2015-11-03,14060000.0,7.1,17.5,8.928174685739195,3.4509580189156037,0.0,0.22748471589236532,0.1938689475770625,0.26596267228604964
2015-11-04,14140000.0,6.6,19.2,8.475098972676873,2.7266459282151905,0.0,0.226423379459236,0.19213358611126669,0.2744687322761305
2015-11-05,12230000.0,6.9,19.1,9.887491120566136,5.0701846349028905,0.0,0.2634772787813691,0.23375014811466702,0.3006708963211262
2015-11-06,9720000.0,11.1,17.9,11.63337585061905,10.691085900751549,0.8300000000000001,0.38732156629549364,0.36288448171827237,0.32678463856525874
2015-11-07,2210000.0,12.1,14.2,13.933421778648425,7.602283927186153,1.3900000000000001,0.08713000823848818,0.08173952938615629,0.08887657405848008
2015-11-08,1240000.0,11.6,12.7,12.821279723028685,3.935828096161335,1.09,0.04471382782338872,0.04175979507284963,0.08119472587845636
2015-11-09,2480000.0,10.5,13.3,11.516200604023382,6.791174106608418,0.0,0.1431998632855531,0.13732745401445887,0.1457727533064324
2015-11-10,4190000.0000000005,8.2,14.3,10.540395846164227,3.316271886347345,0.0,0.11625923045461113,0.1064955778125917,0.1400247276947052
2015-11-11,9050000.0,9.4,16.7,11.09852890889037,3.96575834784317,0.0,0.1772125537298888,0.15518942408090197,0.20177950520979987
2015-11-12,7160000.0,11.6,16.8,11.558393550367972,8.488219376968477,0.08000000000000002,0.29781559026791765,0.27993259766275247,0.27813384220476045
2015-11-13,1140000.0,11.6,13.0,13.581091754662738,8.138035432291003,1.9300000000000002,0.04293235713415201,0.04020675429777611,0.06214755818730222
2015-11-14,2280000.0,11.0,16.4,14.364434826971731,3.807128013929443,0.0,0.06649908642150114,0.06086765239924623,0.08896308411548481
2015-11-15,6520000.0,8.9,16.6,11.682507581217145,3.8220931397703612,0.0,0.137660794209379,0.12190507154754997,0.16393220893992658
2015-11-16,2630000.0,11.2,14.0,13.967940532621586,2.4213573610604717,1.01,0.05073547518749657,0.04440243885882899,0.062046523885320046
2015-11-17,3410000.0,11.5,16.7,12.989619662572638,7.09945569893132,0.03,0.17811572115906193,0.16961763175034336,0.18348171849044032
2015-11-18,2060000.0,8.1,12.1,9.682552463473758,8.410400722595705,0.27999999999999997,0.17816789808884956,0.1735070225986069,0.1716627084282436
2015-11-19,2140000.0,8.8,11.7,10.421095437710473,3.5796581011474955,0.020000000000000004,0.08215046661437088,0.07728954985183036,0.10667447428731325
2015-11-20,9810000.0,5.9,15.9,9.607706792518494,4.630209935179912,0.0,0.1664792705425775,0.1438204731429569,0.20224950473324546
2015-11-21,8790000.0,8.8,14.9,10.29417503412649,2.068180391214815,0.0,0.1132463176650744,0.09245775922645451,0.14244632366645987
2015-11-22,5980000.0,10.6,15.1,11.224625001755179,5.821433952116955,0.5599999999999999,0.18322124270375076,0.1687365434160423,0.1957709497730884
2015-11-23,2760000.0,7.5,12.7,10.10779081229935,5.5281174856349695,0.11000000000000001,0.1225913059118466,0.11634663777928841,0.13516067465602555
2015-11-24,4670000.0,5.0,10.6,7.597854369200004,8.359519294736584,0.36000000000000004,0.21595266481447822,0.2060343832501561,0.197235252547228
2015-11-25,1700000.0,-0.3,7.1,6.7834461276072116,7.662144430549823,0.38,0.07767169704566643,0.07452749838663034,0.08928623907136193
2015-11-26,10250000.0,-3.3,3.3,3.4527259883249197,12.998708305421049,0.0,0.32573753468295663,0.3089828646674537,0.21211089600154914
2015-11-27,8109999.999999999,-2.1,1.7,4.601366223635493,7.60826997752252,0.0,0.12359220881000563,0.11043780985224501,0.1057947935917765
2015-11-28,9330000.0,0.5,7.0,6.10429663992087,4.049563052552309,0.0,0.0967200967049862,0.07925794386771791,0.11665082662331136
2015-11-29,10050000.0,1.4,9.5,6.939446988870187,3.85501641662038,0.0,0.09918698464349943,0.07930420038253082,0.12677552277548693
2015-11-30,5940000.0,-0.5,8.5,6.404986596911077,5.845378153462424,0.0,0.11204948782525428,0.10083850289140525,0.128273867102834
2015-12-01,10020000.0,1.3,11.3,7.196501495970131,4.211186411634219,0.0,0.11140731861006099,0.09105326806205653,0.14786007264669193
2015-12-02,3380000.0,1.7,12.4,8.044786019751179,8.811466095132296,0.44000000000000006,0.1601938349973823,0.15317102091236184,0.1688610701551995
2015-12-03,8580000.0,-2.1,5.2,4.5014393455348705,14.007357787098895,0.16000000000000003,0.29531407844877766,0.2804489006531188,0.19283612558726068
2015-12-04,9790000.0,-0.7,5.6,5.292019639636515,11.325607236406457,0.0,0.20901118414778694,0.19149214233703699,0.15805065204620072
2015-12-05,7260000.0,0.3,7.6,5.23518906262489,8.078174928927332,0.0,0.21038628093317766,0.19670683733346364,0.19733769288502498
2015-12-06,7490000.0,-2.2,6.5,4.1534851433004025,4.088472379738694,0.0,0.12945802680618707,0.11619695627389985,0.16384677518032714
2015-12-07,8150000.0,0.8,10.2,7.147406949994269,3.4778952454292558,0.0,0.08195569034378727,0.06580637710862734,0.11613521566303346
2015-12-08,7350000.0,2.0,9.6,6.820110951930224,2.9241855893153037,0.0,0.08578209642644725,0.07108038066762332,0.11991485476509874
2015-12-09,6620000.0,3.6,12.1,8.972294492093658,2.8643250859516334,0.03,0.06926463209600163,0.055184637243812965,0.09955462207993422
2015-12-10,1650000.0,7.1,9.7,10.358939956235867,4.196221285793301,1.67,0.03591985734222629,0.03235517406061841,0.056122385759903984
2015-12-11,3510000.0,1.3,8.9,6.527702182034491,5.034268332884688,0.0,0.11847436598887887,0.1116070972091922,0.13906091488404881
2015-12-12,9490000.0,2.1,9.0,6.318585462001222,4.300977166679725,0.0,0.116548872174887,0.09771469486009382,0.14962381444837908
2015-12-13,8740000.0,3.5,10.9,7.098608420386639,2.7745343309061274,0.0,0.09338491554642166,0.07514454501643117,0.13511514226934035
2015-12-14,1910000.0,5.7,7.6,9.108444653126217,3.678427931697552,0.79,0.038932861129072106,0.035011552079176396,0.054323421348379655
2015-12-15,5230000.0,0.9,7.9,6.095046924324923,10.18227162216035,0.0,0.20487982229017102,0.1948771909565115,0.17139326950563502
2015-12-16,8940000.0,-4.1,3.9,3.089871212020649,11.903261093865877,0.010000000000000002,0.32244917750719204,0.30789218982530425,0.23194779777979085
2015-12-17,10920000.0,-4.2,0.2,2.4650139738885124,9.454966506291754,0.0,0.2531435217989876,0.23666344051595992,0.19923046997918686
2015-12-18,8850000.0,-2.4,3.6,4.8704343807893,6.512822765967349,0.0,0.10397274013707825,0.08917138221508703,0.10825766279559774
2015-12-19,10470000.0,-0.1,6.6,5.142201428762892,2.1310339197466694,0.0,0.06627641636578425,0.04701102622206248,0.10568383065662137
2015-12-20,4430000.0,0.4,5.6,5.995936844100088,2.083145517055733,0.020000000000000004,0.054517422043652695,0.046435945874401634,0.0772692377494686
2015-12-21,2740000.0,-1.8,8.2,6.582906139909982,4.453621450257085,0.020000000000000004,0.06543296909043164,0.060399868360426434,0.09067494234441362
2015-12-22,8970000.0,-1.3,8.7,7.220086586896176,3.214509030629106,0.13,0.04374414867937808,0.026984062259649066,0.07303258651738635
2015-12-23,3000000.0,0.7,9.5,8.252636767754591,3.4419789434110535,0.03,0.03928352833881603,0.03341406784335734,0.06125244018150651
2015-12-24,7650000.0,-1.7,7.4,4.627377281328283,8.566038031341247,0.0,0.2202113654449512,0.2063283025130221,0.20787464445002984
2015-12-25,10910000.0,-2.3,3.4,3.2250487028792136,6.82709040862662,0.0,0.19703238990335042,0.17882020139940677,0.19747386585353394
2015-12-26,8550000.0,-2.7,8.6,4.671018644516989,8.413393747763887,0.0,0.21577265494123288,0.20020224304247355,0.21845853331515777
2015-12-27,11120000.0,-5.1,1.1,1.953206328561714,9.17960819081887,0.0,0.28723063440162344,0.27044872012806415,0.2341296249698465
2015-12-28,10890000.0,-5.2,0.1,2.344340513928596,10.322943805064975,0.0,0.2707265565444398,0.25466405006339865,0.2008477641149498
2015-12-29,10300000.0,-3.8,2.8,3.4160292499320333,5.956120084685214,0.0,0.14755342956855425,0.13104138535835924,0.15774444505383287
2015-12-30,10660000.0,-1.6,5.8,4.531213500891534,3.247432307479124,0.06999999999999999,0.09113110183966246,0.07229126051160374,0.1294499305358193
2015-12-31,8070000.0,-2.7,4.5,4.87801900209188,6.605606546181038,0.0,0.11502950432226797,0.1013796814683872,0.11976765460720643
2016-01-01,10230000.0,-0.8,5.3,5.07106631145337,5.8543572289669745,0.0,0.12463163793839435,0.10645466148255249,0.13681483938292427
2016-01-02,9770000.0,1.6,11.0,7.0817041246921475,5.641852442025944,0.0,0.13320063428336054,0.11335441932787113,0.16322156101171278
2016-01-03,8300000.000000001,1.5,11.3,7.48849712812478,5.387445302730344,0.0,0.1168489415404393,0.09993728607365573,0.14717829882220076
2016-01-04,9750000.0,-1.4,6.6,3.554593337930104,8.317616942382013,0.0,0.2777449050441272,0.2602049365139053,0.25692695358512746
2016-01-05,6740000.0,-4.0,2.2,2.222150155299161,7.1353720009495225,0.0,0.24819420723321833,0.23755866892745886,0.2271448393380043
2016-01-06,10200000.0,-2.6,3.7,3.840630992820215,9.778213224455573,0.0,0.23215614166660906,0.2151291643301998,0.18615406933184037
2016-01-07,11170000.0,-3.1,2.1,2.9548837385804196,10.4276996859514,0.0,0.28714026405659926,0.2692335131995237,0.21459956525839333
2016-01-08,11060000.0,-3.1,2.2,3.459435598914928,8.335575093391116,0.0,0.20175721668168886,0.18399201450657288,0.17290015991158528
2016-01-09,8369999.999999999,-1.0,3.2,4.012178876737396,8.045251652077315,0.0,0.2041944959800464,0.1899314039521562,0.17654277046742403
2016-01-10,8600000.0,-3.2,4.7,3.1998972673970125,7.476576870122444,0.0,0.23452581271003342,0.2200610668217194,0.2200180203851946
2016-01-11,11580000.0,-4.9,2.4,2.136814705506363,7.102448724099505,0.0,0.24022754677401353,0.22220878686194312,0.227278579256787
2016-01-12,11880000.0,-3.8,2.0,2.3963208992733955,9.640534066719134,0.0,0.30530085672747914,0.28655453698379624,0.23807019352380648
2016-01-13,9930000.0,-3.5,1.4,3.3501942668691043,10.364846157419546,0.0,0.23934976432356084,0.22377395691020877,0.17414434813689988
2016-01-14,11520000.0,-2.9,1.8,3.2567348625206263,5.836399077957873,0.0,0.16367386593614164,0.1452422579774535,0.16427467597728704
2016-01-15,9180000.0,-1.3,5.7,4.2613329074578274,3.576665075979312,0.0,0.12195648746554519,0.10567422418033012,0.1516121753238216
2016-01-16,10330000.0,-0.9,6.5,4.217098861543019,2.340545681519516,0.0,0.10087422475062487,0.08216020729802223,0.13896351133784507
2016-01-17,5200000.0,-0.5,6.3,6.193727394613741,4.7499309419072535,0.8,0.08555228373657392,0.07609899419903107,0.09639135894505269
2016-01-18,7730000.0,-10.8,-1.0,1.9796138421212863,19.08652149750634,0.0,0.39300198733867486,0.3831753457930607,0.1864418368431175
2016-01-19,12260000.0,-11.6,-5.7,1.5520029505441861,17.604974039255495,0.0,0.3234090687679444,0.30977664625566226,0.14674259779966284
2016-01-20,10970000.0,-10.5,-3.2,1.7566665076072352,8.132049381954635,0.0,0.18589956017361814,0.17256818442068628,0.1474555899378412
2016-01-21,9260000.0,-8.3,-0.6,1.683952311061112,8.365505345072952,0.0,0.25032101765680675,0.23774281810359837,0.20080455864990604
2016-01-22,12140000.0,-7.3,0.3,1.2910613738556638,10.179278596992168,0.0,0.35817487597536335,0.3409804380058989,0.2595574932603609
2016-01-23,12710000.0,-14.5,-4.7,1.0665219790521405,13.250122419548463,0.0,0.2938989218215432,0.2804386730464487,0.1708133764912637
2016-01-24,13380000.0,-14.1,-7.1,1.3340137684992912,11.94815647138863,0.0,0.21004593852319126,0.19660380434879798,0.12344319146875853
2016-01-25,12890000.0,-9.6,-2.0,2.458397107795691,9.499861883814507,0.0,0.17822500210416448,0.1617621577168215,0.12908305147876406
2016-01-26,7100000.0,-4.5,2.5,3.563776032532244,8.305644841709281,0.0,0.19509229746007345,0.1839332473488829,0.16017346586310707
2016-01-27,11220000.0,-2.9,5.0,3.563776032532244,5.863336304471525,0.0,0.1988172453245965,0.17973301956276783,0.19856363500415786
2016-01-28,7800000.0,-1.2,5.5,4.0868292661923515,3.1755997034427197,0.19,0.130284361317379,0.11647443472834826,0.15457350410754284
2016-01-29,2700000.0,-0.5,3.1,5.928853512301579,5.2527591701620855,0.33,0.06570094783204747,0.061065797265893965,0.06397442916801489
2016-01-30,6360000.0,-4.9,6.1,5.359286573426324,4.300977166679725,0.0,0.07917432440217081,0.06853741633619748,0.09625210498348566
2016-01-31,13040000.0,-5.1,1.8,2.11865452515102,9.006012731064224,0.0,0.3155847478559478,0.29562049748146346,0.24277444970997167
2016-02-01,14190000.0,-7.2,0.8,1.6020522728637012,9.853038853660163,0.0,0.3436053902144415,0.32324559432339395,0.24906577763950444
2016-02-02,14500000.0,-7.6,1.8,1.7671037991807068,5.767559499089652,0.0,0.22243889654696267,0.20136589122004217,0.21562941050882184
2016-02-03,14360000.0,-4.5,3.9,3.071696234841631,6.791174106608418,0.0,0.23299243721471236,0.20979099809442087,0.2092431728260678
2016-02-04,12460000.0,-3.7,5.1,3.0326426606039516,8.736640465927708,0.0,0.31144351402027165,0.2905258194753057,0.2535282653483126
2016-02-05,14460000.0,-3.9,4.3,2.428816415560781,7.937502746022706,0.0,0.319388822303321,0.2955700756520216,0.26882237177430335
2016-02-06,14770000.0,-5.4,2.6,2.2266845928585464,7.841725940640834,0.0,0.2927481741491385,0.2699044140126205,0.24055187180565607
2016-02-07,15270000.0,-3.8,3.8,2.262490413020275,4.734965816066335,0.0,0.2263314166750034,0.20137104485678595,0.23208927684438688
2016-02-08,11880000.0,-0.9,6.8,3.8763910226659535,11.286697909220072,0.0,0.4001375800606576,0.378502902475013,0.2834676209147829
2016-02-09,15100000.0,-2.3,6.1,3.325257849309974,9.10478256161428,0.0,0.35182610205129417,0.3253303672113471,0.2763633486044938
2016-02-10,15160000.0,-1.8,8.8,3.7663654362067205,4.031604901543208,0.0,0.21682956095043507,0.1886950093465976,0.24099017827081326
2016-02-11,11250000.0,1.6,11.1,6.547370733998154,6.165631846458061,0.58,0.22335254136219068,0.20046502078568298,0.21722268325614397
2016-02-12,1790000.0,8.3,11.7,11.900862376283015,6.252429576335383,1.59,0.03484024472778792,0.030800895964619036,0.05043867401965578
2016-02-13,5180000.0,0.5,17.0,11.396853729432232,9.69740154491462,0.54,0.0594497161529263,0.048148852765430815,0.11433261290772898
2016-02-14,6070000.0,-6.4,0.7,2.5834036285821873,16.401777921645714,0.0,0.4052133894614574,0.39637303237295285,0.20663446746348924
2016-02-15,16230000.0,-5.6,-0.4,2.3152021815436585,13.549424936366817,0.0,0.400269510143403,0.3767825289922267,0.21798422598948308
2016-02-16,11270000.0,-2.4,4.2,3.5340090297852114,11.831428489829474,0.0,0.3722230320309939,0.35316064001572295,0.23977949086471942
2016-02-17,16270000.0,-2.3,5.4,3.530588619392783,7.0844905730904015,0.0,0.2916790106207595,0.2634906140315555,0.24207870912116772
2016-02-18,13060000.0,-0.8,8.9,5.107314642396095,7.3179465362087175,0.0,0.2706771831228423,0.24598698058636223,0.23524474400972925
2016-02-19,13310000.0,-0.8,8.4,4.370278750295975,4.782854218757273,0.0,0.23636024005427064,0.21140710247969277,0.23528388702509972
2016-02-20,14910000.0,-3.0,9.6,3.283350914701546,8.802487019627748,0.0,0.4399320633663291,0.4124497392066555,0.3475912031380851
2016-02-21,16920000.0,-2.0,4.5,2.9422592127610034,6.321269155203603,0.0,0.30329401028392844,0.27430057879540204,0.25809930171421436
2016-02-22,12000000.0,-0.2,7.1,3.5972400799858533,3.7891698629203416,0.0,0.2247484701251393,0.20251624866401055,0.23391590371116394
2016-02-23,14350000.0,-3.3,7.6,2.9636519774172565,10.107445992955762,0.0,0.44266856873535276,0.417261844818354,0.33225293188702754
2016-02-24,12270000.0,-4.1,2.5,2.393899409757182,7.249106957340497,0.0,0.30114864877219294,0.2817098708120179,0.24129389409644258
2016-02-25,16079999.999999998,-1.7,5.2,3.3796792526023056,8.625898534704918,0.010000000000000002,0.36368162347326305,0.3356189218991803,0.2694376223114953
2016-02-26,15620000.0,0.1,8.0,5.418973021388583,7.207204604985927,0.22999999999999998,0.2778724015695191,0.24834246561088058,0.21987346287462678
2016-02-27,15920000.0,0.2,9.6,4.867403458070543,4.624223884843546,0.0,0.2645890067225444,0.2336413075848151,0.2531148561895312
2016-02-28,8270000.0,-2.9,9.8,5.555423255411693,9.547750286505442,1.01,0.2711631151974323,0.255841409240471,0.21504540709884362
2016-02-29,16780000.0,-4.9,0.4,2.1617350537449314,13.070540909457451,0.0,0.4610871390425495,0.43602444391375483,0.2529131814042066
2016-03-01,19040000.0,-3.3,3.5,3.005864692228509,7.787851487613531,0.0,0.3382753866375438,0.3070324994804919,0.24686644594074342
2016-03-02,18900000.0,-0.0,10.1,4.95906147415925,5.812454876612405,0.0,0.32266388670252877,0.2857454906276796,0.2828733060700023
2016-03-03,18680000.0,3.2,15.4,6.956051042729524,3.0917949987335804,0.0,0.2868913853260696,0.2455191720852019,0.2907859408622283
2016-03-04,12290000.0,6.5,15.9,10.819360726873144,4.884617074475512,0.5599999999999999,0.22792606263108878,0.19932340437147528,0.20686043446306793
2016-03-05,4170000.0,8.9,16.2,13.413437516786983,9.302322222714395,1.07,0.13544923584981078,0.12541975149195675,0.11685874271356451
2016-03-06,16520000.0,3.1,14.7,6.578949363126222,6.051896890067086,0.0,0.3665852183581334,0.3303948656643222,0.3418057936482041
2016-03-07,14810000.0,3.4,16.7,7.876278870898752,6.860013685476638,0.0,0.4048678335195013,0.37140328669676237,0.34433484444004003
2016-03-08,9100000.0,1.0,8.8,3.2951230580121025,7.605276952354337,0.0,0.4129155572967368,0.39522560364388903,0.3543002946057207
2016-03-09,17980000.0,-1.6,9.5,3.055620518824833,8.278707615195628,0.0,0.47460241719659885,0.4407241257471693,0.38185066011897545
2016-03-10,20080000.0,-3.3,5.0,2.4600498406199436,9.505847934150875,0.0,0.47166093366096745,0.43776052624104655,0.3229188199992643
2016-03-11,21140000.0,-2.9,5.0,2.8941489798995845,6.545746042817368,0.0,0.3675903737469452,0.33163310702635174,0.2822985837097857
2016-03-12,19160000.0,1.1,8.5,4.064822415981673,4.570349431816242,0.0,0.3316761419688239,0.29455024216616654,0.2962180632298066
2016-03-13,11450000.0,-1.8,9.1,4.715024267341279,4.339886493866111,0.0,0.23001323468034207,0.20865547975617765,0.22457796403688768
2016-03-14,19510000.0,-1.5,10.6,4.544027185570698,6.408066885080926,0.0,0.3737899086490427,0.33629211071155324,0.3143336684248611
2016-03-15,21360000.0,2.4,12.7,4.8583207109048585,4.48355170193892,0.0,0.3859390060460181,0.34090119632881233,0.3588609218763493
2016-03-16,19220000.0,0.8,15.0,4.786197470995247,5.866329329639708,0.0,0.5185293220073308,0.47759179570252347,0.4169802273310649
2016-03-17,17590000.0,7.7,17.8,7.020723698421551,3.6006092773247804,0.19,0.3865204160982824,0.3440137962176731,0.3948237344659857
2016-03-18,2860000.0,3.6,12.0,10.41219602744578,3.5197975977838247,0.41,0.04293957554043178,0.03686542451817028,0.06329293838314164
2016-03-19,18920000.0,4.0,17.7,8.26230599219859,3.2534183578154914,0.0,0.35660473319811986,0.31295946233291405,0.32435372110585936
2016-03-20,15960000.0,3.5,14.2,7.0711570032363635,6.021966638385251,0.0,0.36416171766526784,0.3292463537037536,0.3195485939824961
2016-03-21,20920000.0,1.7,15.7,6.7793830276125595,4.914547326157347,0.0,0.4306652755908865,0.38508879281069575,0.3532119538445017
2016-03-22,20100000.0,5.2,16.0,6.324313316196931,6.357185457221806,0.0,0.49744678769014616,0.45137491216757325,0.439940760252609
2016-03-23,15660000.0,2.7,13.9,6.5809274887298574,3.756246586070324,0.26,0.30217103582868415,0.268434157322431,0.28986500115187025
2016-03-24,17490000.0,2.3,11.9,5.080500368720083,4.854686822793677,0.0,0.36883050107480586,0.33243663981751614,0.33317696718155615
2016-03-25,17700000.0,0.9,11.4,5.9451096910073655,4.1573119586069165,0.08000000000000002,0.3028905424693531,0.2671007381504676,0.26742261216891244
2016-03-26,19300000.0,-0.6,12.1,4.641884090231165,3.902904819311316,0.0,0.3517761602646617,0.31323182424612656,0.3180259360784944
2016-03-27,21740000.0,0.6,13.5,4.763854300595687,7.231148806331396,0.0,0.5419971840295008,0.4968267762755527,0.41740413062955284
2016-03-28,23450000.0,4.6,16.6,5.545212579586526,5.914217732330644,0.0,0.5458864654801571,0.4921359440371552,0.48987643465939845
2016-03-29,17620000.0,7.4,18.3,8.442998339398528,9.065873234427896,0.0,0.5832167538059378,0.5405377569080412,0.47331138481076723
2016-03-30,23110000.0,6.0,19.7,6.981022924110176,5.139024213771111,0.0,0.5993920580243199,0.543415235191721,0.5101687307958744
2016-03-31,19720000.0,5.0,20.4,6.521811807584037,2.538085342619629,0.0,0.45470818175942407,0.4071103433311903,0.41136274082313024
2016-04-01,24050000.0,8.9,22.9,7.521825299522438,3.9897025491886384,0.0,0.6271338329443688,0.5648545650142831,0.5659752113528643
2016-04-02,22690000.0,10.5,24.0,8.745970175386491,5.393431353066711,0.0,0.7033565960042876,0.6430002896967184,0.6266528104814414
2016-04-03,8790000.0,8.3,17.2,10.843922874871577,4.1034375055796115,0.5599999999999999,0.2459807921787875,0.22473956484788613,0.24213889501765493
2016-04-04,9410000.0,4.7,14.4,9.100540622140931,5.453291856430381,0.0,0.24369746836081624,0.22271528859600895,0.22093230449187223
2016-04-05,24480000.0,6.3,19.1,5.489350127308893,6.321269155203603,0.0,0.6966985797997791,0.6376116079578336,0.5978915104849585
2016-04-06,19460000.0,9.8,22.0,8.418378564648181,7.279037209022332,2.6,0.6764760682290095,0.6260829474839175,0.6122909779888668
2016-04-07,10580000.0,7.0,19.3,10.727688258811263,5.866329329639708,0.1,0.33494966225750017,0.30914365942597455,0.31917059172333573
2016-04-08,23290000.0,7.7,21.6,10.018584259761521,7.4616117442815275,0.0,0.7003681466781138,0.6416237138643979,0.5256691595966517
2016-04-09,21750000.0,9.1,23.2,10.064539378570442,6.901916037831207,0.0,0.735867950861284,0.6792570985084322,0.5805276204784131
2016-04-10,19510000.0,6.8,23.0,9.577360557108385,6.605606546181038,0.16000000000000003,0.7344187149939742,0.6849431308975109,0.5439096304469329
2016-04-11,18690000.0,5.0,14.3,6.696561948054418,7.0934696485949535,0.0,0.4937672486962292,0.4519809834549028,0.39360974165735446
2016-04-12,20380000.0,9.9,18.9,9.222402573680746,6.874978811317557,0.79,0.583877712199998,0.5327519912095149,0.4864846777728406
2016-04-13,5110000.0,11.0,17.1,14.758684920226814,4.145339857934181,0.42000000000000004,0.13353491716283009,0.12081436013414644,0.12254210859921141
2016-04-14,22630000.0,6.5,21.9,10.597483558134448,7.560381574831584,0.0,0.7083129348100292,0.651791688629179,0.49453571609618746
2016-04-15,25050000.0,8.0,21.1,9.893159244689393,6.138694619944409,0.0,0.6431857816656628,0.5801389527541323,0.5121192698542486
2016-04-16,15850000.0,10.3,20.2,13.446822121532302,16.00669859944549,2.68,0.5999530295915252,0.5594589568259831,0.3691942871694863
2016-04-17,19060000.0,7.9,16.5,6.916673582075101,14.968118866085808,0.0,0.9213656893950551,0.8759046890349327,0.5742887620942226
2016-04-18,23730000.0,7.2,18.4,8.163668566513238,11.538112023347487,0.06999999999999999,0.7852733182123335,0.7278619633461357,0.5465176523516743
2016-04-19,24560000.0,7.7,17.7,8.178038104449271,3.944807171665886,0.0,0.5066184577272755,0.447338391206108,0.438184607685398
2016-04-20,13670000.0,10.6,19.8,10.194785049287605,5.055219509061973,1.6300000000000001,0.43406676095262753,0.39917904776807683,0.40999245158824105
2016-04-21,3730000.0,10.8,15.2,14.122267679529756,5.261738245666637,1.4400000000000002,0.09503257964289577,0.08596616939050011,0.09278254198903776
2016-04-22,23900000.0,11.3,24.8,12.839096603883766,8.506177527977577,0.0,0.8153020474490618,0.750755550783956,0.6106244680892033
2016-04-23,17370000.0,6.8,20.7,7.4774167447753985,4.028611876375024,0.0,0.5232321260844488,0.4802811550454601,0.4717855054842396
2016-04-24,22530000.0,9.6,21.1,8.622143274678841,4.022625826038658,0.0,0.5486341859919261,0.49095265331973204,0.5121822716851874
2016-04-25,26260000.0,10.3,24.5,11.345582233577177,1.9933547620102272,0.0,0.5574198832031805,0.48736541484686063,0.4836933858614364
2016-04-26,23800000.0,11.7,25.7,11.004776621549954,8.392442571586601,0.05,0.9637874496206583,0.8987396836214951,0.7303465957646493
2016-04-27,4130000.0,9.0,11.5,10.66089703611296,6.584655370003754,2.0,0.15264840460455137,0.1432672895441343,0.13445229328003783
2016-04-28,17310000.0,9.8,19.5,9.206426411277459,3.917869945152234,0.06999999999999999,0.452166768340141,0.40850570642492323,0.4235532629500174
2016-04-29,20090000.0,8.8,20.3,10.397378546935764,5.62988034135321,0.0,0.5215854096446199,0.4710221045415202,0.44805657857583514
2016-04-30,26480000.0,11.2,23.9,9.932916319361226,9.047915083418795,0.0,0.9404024716314291,0.8695583667554416,0.7280525665497807
2016-05-01,26720000.0,12.5,26.4,11.432221032571253,6.024959663553436,0.0,0.8734464261070751,0.7994374761789852,0.7109676496027243
2016-05-02,22450000.0,16.8,24.9,16.794449295399318,13.073533934625635,2.16,0.887131540288142,0.823457284980577,0.604253279463755
2016-05-03,7800000.0,11.9,18.3,10.709436039544721,19.99939417380231,1.11,0.8510390283655775,0.8311744580308208,0.4935824602310479
2016-05-04,27670000.0,9.7,21.6,8.077918166821608,15.698417007122588,0.0,1.2282870782513053,1.1570015935610352,0.7901862313449002
2016-05-05,26090000.0,14.5,25.6,11.054690732212595,7.165302252631357,0.04000000000000001,0.8656642616500942,0.7926485406810329,0.7602296699908441
2016-05-06,9640000.0,11.3,23.8,15.428522726454243,9.835080702651062,0.0,0.44286308090788795,0.4170724022445752,0.3806715816015341
2016-05-07,26850000.0,10.6,22.7,10.253146885711864,7.075511497585852,0.0,0.7663276472662208,0.695738776260089,0.628298550825712
2016-05-08,22120000.0,13.0,24.1,11.374397419761548,5.605936140007742,0.0,0.6680152810115244,0.6077234597818444,0.603160180311927
2016-05-09,23480000.0,15.6,25.5,13.37642894652146,2.807457607756146,0.41,0.5853047920528205,0.5190383876054657,0.5348262099937735
2016-05-10,2770000.0,11.5,15.6,12.871221837621345,4.965428754016468,1.01,0.1292336261733937,0.12241509942417068,0.15476396139727483
2016-05-11,24610000.0,11.6,22.7,12.810600029472292,4.740951866402703,0.0,0.5975578670897479,0.5322207744825581,0.49765517143702453
2016-05-12,26190000.0,11.8,25.4,13.925761128219863,7.329918636881453,0.0,0.8074103361228525,0.7359600924220687,0.604643136938121
2016-05-13,20310000.0,9.8,21.3,11.525925391877726,5.7615734487532855,0.0,0.5419311244588458,0.48971551069137187,0.457698545898341
2016-05-14,27010000.0,11.4,23.2,12.8890997011147,6.545746042817368,0.0,0.7008722901397544,0.6289553292912556,0.5530077497139048
2016-05-15,17850000.0,10.4,25.1,15.89980340816013,11.987065798575015,1.82,0.7110771406968264,0.6631401746771786,0.4638155734961276
2016-05-16,24970000.0,9.3,20.9,8.672496875537025,8.889284749505068,0.0,0.8115925092502156,0.748000416781129,0.6339629968170178
2016-05-17,28390000.0,11.3,25.8,12.968021859042699,4.854686822793677,0.0,0.7855138598350262,0.7081320874701704,0.6151764329075775
2016-05-18,28300000.0,16.5,29.3,12.427836179358247,3.0199623946971763,0.0,0.7612168131820287,0.6783319263248583,0.7012788452721599
2016-05-19,27980000.0,14.0,28.9,11.981149486510065,4.55239128080714,0.0,0.9132372534919551,0.8331041045516591,0.7556593665208674
2016-05-20,28340000.0,13.8,27.9,12.348366611742723,4.253088763988789,0.0,0.8368789249287062,0.7564990409457933,0.7058339919047548
2016-05-21,28310000.0,13.5,27.4,10.477614060344141,5.216842868143884,0.0,0.9223503137756385,0.842585525971524,0.7773548288921724
2016-05-22,28470000.0,12.8,28.0,11.211958915675988,5.716678071230532,0.0,1.0105244234457889,0.9303758883251048,0.7882669688077328
2016-05-23,24930000.0,18.1,28.4,14.110641418856122,5.635866391689576,0.31000000000000005,0.8305060135198439,0.7571116447563686,0.7626186144446535
2016-05-24,5390000.0,11.8,19.6,16.064019912474265,5.869322354807891,1.8600000000000003,0.17277013908217592,0.15886965343180806,0.15945644144867388
2016-05-25,27510000.0,14.0,26.1,15.162403491274379,5.570019837989539,0.0,0.742449276017031,0.6654595296061887,0.6102507809264687
2016-05-26,21600000.0,16.5,26.7,16.632645530251395,5.136031188602928,0.0,0.6486758359423997,0.5866668649504825,0.564600252726023
2016-05-27,25120000.0,17.2,28.7,15.525155682758497,3.4599370944201544,0.0,0.694310843097852,0.6206846355490859,0.6353607682389233
2016-05-28,24860000.0,15.8,27.9,14.110641418856122,4.405733047566148,0.03,0.7257375544482596,0.6540880382820988,0.6646673042362048
2016-05-29,17740000.0,14.4,26.2,13.994840361155807,5.8992526064897275,0.0,0.6220363201000818,0.5721785549638605,0.5813656964925944
2016-05-30,28660000.0,14.9,29.1,15.336585552618484,6.027952688721619,0.0,0.9500433026821083,0.8672479888775098,0.7469885293544639
2016-05-31,26480000.0,17.7,28.7,15.487279716404053,8.153000558131922,0.0,0.9649619022759552,0.8870616225574569,0.817049498881959
2016-06-01,27620000.0,15.3,26.2,12.045047565216091,5.902245631657911,0.0,0.8444396462975673,0.7662305860122411,0.7425564404412534
2016-06-02,26980000.0,15.8,28.1,13.428266117052825,3.780190787415792,0.0,0.7480914008251112,0.6702101083850871,0.680793782703265
2016-06-03,26940000.0,18.6,29.3,14.15331218321138,4.277032965334256,0.0,0.8123019491791931,0.7321833675364071,0.7563661852743708
2016-06-04,11280000.0,15.2,24.3,14.258530341737426,3.9388211213295183,0.020000000000000004,0.4104810751278653,0.37907458369882835,0.4125504274213424
2016-06-05,27330000.0,15.9,27.4,14.352633650980335,7.89859341883632,0.0,0.9257142421285106,0.8471935263962292,0.7698706713972644
2016-06-06,11020000.0,16.8,22.4,17.01689961882744,4.54341220530259,0.04000000000000001,0.3656699165738326,0.33506688208143903,0.3278180863404481
2016-06-07,14650000.0,18.3,26.1,18.216768655230286,3.214509030629106,0.0,0.44684603440530335,0.4043925921225967,0.4128721239206352
2016-06-08,14750000.0,17.3,26.7,17.497618068909834,3.612581377997514,0.0,0.4675283004088106,0.4249173137159345,0.44206892953344196
2016-06-09,22690000.0,18.4,29.7,17.9758230418898,3.3821184400473827,0.0,0.6564693054030669,0.5888942383587272,0.5995666014319897
2016-06-10,23990000.0,20.4,31.2,19.73316684225242,4.663133212029932,0.0,0.7748226447674934,0.7016553975779549,0.7002586263773475
2016-06-11,18930000.0,22.3,29.7,22.342173763738646,4.444642374752534,0.08000000000000002,0.6354903882956288,0.5776054777753605,0.5633469808066749
2016-06-12,7910000.0,19.6,26.1,23.26846717561552,3.4090556665610348,0.06,0.26444109834177576,0.24129164358762784,0.24729183776878044
2016-06-13,20780000.0,19.9,29.7,20.121176631608343,4.59429363316171,0.06999999999999999,0.6698060332817433,0.6072700648529977,0.5992844701481946
2016-06-14,19580000.0,19.9,28.8,20.467490408078895,5.393431353066711,0.05,0.6557449640859687,0.5971855676676097,0.5722351068657894
2016-06-15,13560000.0,20.7,27.8,20.911814828970805,8.419379798100255,0.6200000000000001,0.6291973791620069,0.5886991728400162,0.5443171839171803
2016-06-16,21790000.0,17.6,26.4,17.65733738166701,9.194573316659786,0.0,0.7980903844285895,0.735141679341283,0.6175236460608569
2016-06-17,27340000.0,19.4,30.8,17.357742541059253,5.486215133280401,0.0,0.8886591387219344,0.8060454574773888,0.7969814727924389
2016-06-18,26850000.0,21.6,32.4,18.178028199911214,4.63619598551628,0.0,0.884930745485254,0.8017840903536717,0.8208487116485713
2016-06-19,22740000.0,18.8,30.4,19.006921701010242,5.707698995725981,0.03,0.766613448691015,0.6983667609389103,0.6883183451469324
2016-06-20,23140000.0,21.0,32.6,19.650139728507668,3.8699815424612973,0.08000000000000002,0.7494076986299043,0.6779272685460278,0.7048459381322071
2016-06-21,15040000.0,20.9,26.6,22.727564716604874,5.7615734487532855,0.0,0.5060140068202472,0.46141324952993346,0.41617200287204364
2016-06-22,14220000.0,20.3,27.3,22.51080231258181,6.677439150217443,0.020000000000000004,0.5202931807397222,0.4780938669661922,0.4360550443308986
2016-06-23,23980000.0,21.3,32.6,21.888399004437172,3.8460373411158293,1.57,0.7507065838758479,0.6764933349488829,0.6770954014018352
2016-06-24,6480000.0,19.4,25.1,21.701248415136295,8.679772987732221,4.63,0.3538413809949649,0.335048870951276,0.3123058220778509
2016-06-25,23790000.0,17.9,26.5,17.080929536503028,10.493546239651439,0.0,0.9173430752905343,0.8484033215768421,0.6864835619297563
2016-06-26,24340000.0,18.7,28.1,19.143179368010937,5.522131435298603,0.0,0.7409221766297107,0.6691072220220677,0.6161883888702404
2016-06-27,17810000.0,18.8,28.6,20.211251838325786,3.007990294024442,0.0,0.5166918539025195,0.46391467187172897,0.4659495950568752
2016-06-28,21640000.0,18.9,28.6,19.36194912178401,5.357515051048509,0.0,0.6914966293357975,0.6273237312132982,0.5981268231698816
2016-06-29,14000000.0,19.7,27.2,22.05402888949012,5.094128836248358,0.04000000000000001,0.46872808041945585,0.42739109174049766,0.4069173262546327
2016-06-30,15890000.0,22.3,29.9,25.106540298556304,5.37547320205761,0.27999999999999997,0.5634518973664399,0.5148001045231325,0.48828690493165305
2016-07-01,8070000.0,22.4,27.6,26.899367091740142,11.262753707874603,2.59,0.4127058661993111,0.3883535634607276,0.32247126356514183
2016-07-02,12040000.0,22.0,27.7,25.338518863451604,5.650831517530495,0.0,0.42987911591390826,0.3936208193441718,0.36360288519956113
2016-07-03,5200000.0,20.0,23.9,23.58865779688145,4.001674649861372,5.3100000000000005,0.17972105800712537,0.1647105791083809,0.1700859727465996
2016-07-04,1910000.0,19.9,23.4,25.22229653193795,6.063868990739821,5.050000000000001,0.05376651175973011,0.04827896814287473,0.07404585265565333
2016-07-05,12090000.0,23.4,30.9,29.240024099048117,6.689411250890178,0.6900000000000001,0.4752021797601548,0.4376938512463625,0.407504371180704
2016-07-06,7760000.0,22.7,26.8,28.129797056909478,4.378795821052497,1.11,0.2541129955081946,0.23077579308297574,0.21294726604859923
2016-07-07,12740000.0,21.5,29.1,26.892551254206477,3.4419789434110535,0.020000000000000004,0.3890698251753282,0.3504697057715406,0.33353959005364114
2016-07-08,24330000.0,22.0,31.4,26.77012382243302,2.544071392955996,0.0,0.6684256589144854,0.5933630302300232,0.5435349634189801
2016-07-09,25800000.0,22.4,32.6,26.231871817041068,3.3581742387019147,0.0,0.752381424490217,0.6719976959863498,0.6252693110248806
2016-07-10,21850000.0,23.9,32.3,26.44602732569642,2.4033992100513704,0.0,0.6430323821449451,0.5744683375589507,0.5480079130267583
2016-07-11,19260000.0,23.6,30.7,28.565080642484464,4.235130612979687,0.9,0.595484566675762,0.5357318448250061,0.47929223169075874
2016-07-12,12650000.0,23.2,29.0,27.595585899620183,3.935828096161335,0.06999999999999999,0.4126319522114625,0.37390034872072386,0.35209068847155717
2016-07-13,21670000.0,21.6,31.2,24.730365342598194,6.144680670280776,0.010000000000000002,0.7318520603810077,0.6652482883798455,0.6105814684675713
2016-07-14,18340000.0,21.7,29.1,23.796085575704577,4.465593550929818,0.15000000000000002,0.5806380697404859,0.5249967572967279,0.4936672512853826
2016-07-15,15260000.0,20.4,28.2,21.973933238855256,8.464275175623008,1.7300000000000002,0.6320823597589128,0.5864750045352445,0.52713457497871
2016-07-16,4670000.0,21.2,23.2,24.4906996386656,5.707698995725981,0.75,0.17157033410230535,0.1580373937978521,0.15403489666576892
2016-07-17,13950000.0,20.0,27.8,22.563361173432913,5.827420002453322,0.0,0.4921396952461041,0.4506824318714645,0.4273379925682489
2016-07-18,15450000.0,19.5,27.9,22.96989122320924,4.184249185120567,0.0,0.46529905519659814,0.41951536837033687,0.39905245163478903
2016-07-19,20270000.0,21.7,30.3,25.100123031378274,5.174940515789314,0.0,0.6455940929324366,0.5836116768602846,0.535153316647517
2016-07-20,22990000.0,20.2,29.8,22.698166229861844,7.14135805128589,0.0,0.7647572387529054,0.6953818434666553,0.6155630656879305
2016-07-21,22150000.0,21.6,30.2,23.43110500227443,6.36017848238999,0.0,0.7481203385383044,0.6804769027124362,0.6186391427687352
2016-07-22,23520000.0,21.3,30.8,23.631233798078437,6.458948312940047,0.0,0.7832906408205449,0.7113237903525154,0.645118311208542
2016-07-23,18800000.0,23.6,31.3,26.49307688010238,3.5916302018202293,0.0,0.5950723315544104,0.5365334685872288,0.5134410821909505
2016-07-24,17110000.0,24.4,33.2,30.056274438173677,3.570679025642945,0.17,0.5629533968785445,0.5088282729651883,0.48780332710933844
2016-07-25,17180000.0,24.8,32.6,30.616508894846934,3.2713765088245923,0.010000000000000002,0.5477219605007694,0.4934371236145836,0.46316605198509037
2016-07-26,20070000.0,24.4,33.4,28.229182868670847,5.914217732330644,0.0,0.7364735015955571,0.6729129783616363,0.6356438622078647
2016-07-27,19190000.0,25.1,33.3,28.897204370275045,6.201548148476262,0.34,0.7287998783412257,0.6678216439097729,0.6271579806872536
2016-07-28,20460000.0,24.4,32.6,26.20520918744763,6.054889915235271,0.06,0.7640664058435591,0.6995653275918247,0.6664280316079156
2016-07-29,18800000.0,24.4,33.4,30.953921269800674,4.420698173407066,0.18000000000000002,0.6209458108298465,0.5614073037646888,0.5204170178153336
2016-07-30,21530000.0,23.9,34.1,30.60887786692684,4.1992143109614855,0.06999999999999999,0.6872756466896563,0.6190145896302711,0.5730690610965399
2016-07-31,22690000.0,24.6,33.8,29.951296266141103,3.142676426592701,0.010000000000000002,0.693043885722071,0.6209440347971278,0.5770533289558977
2016-08-01,20320000.0,25.2,33.4,29.071820394765258,3.247432307479124,0.04000000000000001,0.6482897862232829,0.5836491535733959,0.5567646068350942
2016-08-02,11810000.0,23.7,30.9,28.364553823139925,1.1253774632370053,0.8900000000000001,0.34376728488757424,0.3070604778323881,0.2996307106037849
2016-08-03,19060000.0,23.8,31.6,27.84049359309928,2.612910971824217,0.1,0.5619116621028809,0.5023847664057637,0.475358814378432
2016-08-04,21510000.0,24.2,33.1,28.10853988207784,3.714344233715754,0.020000000000000004,0.6787641775248111,0.6108362824679441,0.5795106850487054
2016-08-05,22600000.0,24.6,34.6,28.745166924432482,3.142676426592701,0.0,0.7061514068111636,0.6340202593708761,0.609778286485561
2016-08-06,22680000.0,25.9,35.1,29.328119209179945,2.9660879416698727,0.0,0.7219693948747069,0.648883214765475,0.62555151952868
2016-08-07,20790000.0,24.8,34.7,28.918981194190437,3.4419789434110535,0.03,0.677729875159729,0.6112672367620068,0.5969706630605345
2016-08-08,22250000.0,25.3,35.9,28.759616539113917,3.0858089483972138,0.020000000000000004,0.720844386405326,0.6490689960875701,0.6411846219363138
2016-08-09,18910000.0,25.3,32.8,28.122709773223722,3.2534183578154914,0.0,0.6113432463359196,0.5513552867999411,0.5352793606412956
2016-08-10,21550000.0,24.7,34.7,28.41456997875642,4.785847243925456,0.0,0.7498936400715086,0.6810387655649963,0.6635316335667109
2016-08-11,24800000.0,25.7,36.3,27.924897662121243,4.256081789156972,0.0,0.8491721062250436,0.7688399749057105,0.762379217114512
2016-08-12,24780000.0,25.4,36.9,26.749766646155784,5.22282891848025,0.0,0.9113855959365285,0.8309955559420853,0.8444684318142726
2016-08-13,23990000.0,24.9,36.5,26.66170836527822,6.114750418598941,0.0,0.922938071752227,0.8454692425839969,0.8526976894778174
2016-08-14,21840000.0,25.7,36.1,29.27670229194933,4.947470603007366,0.1,0.7965718468665652,0.7259001695132156,0.7199148772181402
2016-08-15,22620000.0,25.5,35.5,25.604995908582588,4.262067839493339,0.08000000000000002,0.7966472493646054,0.7237544189382021,0.7432339819941316
2016-08-16,15880000.0,24.3,32.2,27.37331854312744,4.079493304234145,0.04000000000000001,0.5521115315819435,0.5021936587593188,0.5007578013983692
2016-08-17,20120000.0,24.8,34.1,26.385642291716664,3.944807171665886,0.010000000000000002,0.6867737096129416,0.6226632842549156,0.6296626626196407
2016-08-18,18810000.0,25.2,34.7,25.57889080678068,5.360508076216692,0.0,0.7499744081745274,0.689711646672409,0.7181714653101909
2016-08-19,23740000.0,24.6,35.9,23.419023760206855,5.947141009180664,0.0,0.9221901576504896,0.8458891666813324,0.88464547979014
2016-08-20,23150000.0,24.4,35.7,23.071028879895334,6.120736468935308,0.0,0.915512753248542,0.841266166360586,0.8830609590729945
2016-08-21,20160000.0,24.8,35.2,23.741023619762583,3.843044315947646,0.0,0.7139285534683738,0.6493060663857904,0.6957744782874566
2016-08-22,20240000.0,25.1,35.4,24.45931631341966,5.2108568178075165,0.0,0.7926634083741857,0.727611510429125,0.7718494206679465
2016-08-23,15960000.0,23.1,31.9,23.46133195286605,6.620571672021956,0.0,0.6811426661683935,0.6314169178380943,0.6446893816853276
2016-08-24,19850000.0,22.6,34.8,21.325578482780934,5.315612698693939,0.03,0.7807842718878668,0.7180628509221632,0.7787757550883294
2016-08-25,19810000.0,24.0,35.7,22.74521978992652,6.333241255876338,0.08000000000000002,0.851171803440104,0.7877735574961998,0.8542562776455241
2016-08-26,3360000.0,19.0,23.1,17.325246332105717,6.794167131776601,0.29,0.31670600542863014,0.3071449610412207,0.35116779179816676
2016-08-27,21740000.0,18.3,28.4,15.41595742657624,8.796500969291378,0.7200000000000001,0.8834451700063362,0.8193483270203499,0.7815627741101019
2016-08-28,5960000.0,16.7,22.2,18.613109450548325,6.961776541194878,0.5,0.2667416144982878,0.25023363015804023,0.24414315932206027
2016-08-29,17220000.0,17.1,25.3,15.618083798699592,8.314623917213833,0.0,0.675055166272,0.6259355884661381,0.5809095575860808
2016-08-30,12820000.0,18.5,25.0,16.80347872845541,15.369184238622397,0.22000000000000003,0.8608688154090449,0.8239780240495274,0.6223907255023258
2016-08-31,8390000.0,19.7,25.3,18.377338912576267,13.23815031887573,0.34,0.6762509743751539,0.6518260769988781,0.5448419064994011
2016-09-01,19190000.0,21.2,30.6,21.8656391330407,8.928194076691454,0.8900000000000001,0.7917177899808829,0.7331138381299389,0.6859971786376498
2016-09-02,4680000.0,19.5,22.5,23.64341070433507,6.952797465690328,3.91,0.14907384812810223,0.13576751193358655,0.11738409588416598
2016-09-03,6390000.0,20.9,25.9,25.461705401737305,4.172277084447834,0.010000000000000002,0.21355431356335147,0.19470067511048217,0.19648402058420117
2016-09-04,14970000.0,22.1,29.5,26.702319138198103,3.5587069249702106,0.6000000000000001,0.4360573998526899,0.3904003056289554,0.3735840711848426
2016-09-05,9680000.0,21.2,27.3,26.76333659416371,2.406392235219554,0.06,0.26253166352716817,0.23362143954509804,0.22843195815963302
2016-09-06,14880000.0,19.5,28.9,22.423442174527228,3.573672050811129,0.0,0.43407741189708665,0.3896680975975537,0.40078346187535596
2016-09-07,17980000.0,19.2,28.8,21.269999316444114,3.097781049069948,0.21000000000000002,0.48164231313956546,0.42813244633833414,0.43638885235194563
2016-09-08,18830000.0,20.5,27.6,21.087486462649995,3.5557138998020275,0.04000000000000001,0.5139060026127968,0.45782673807137264,0.4531875728365483
2016-09-09,16410000.0,19.4,27.0,22.557516004146425,2.1070897184012014,0.05,0.3955081317141051,0.34723231637496027,0.3402667871469401
2016-09-10,12650000.0,18.6,26.3,22.63360661289094,3.896918768974949,0.35000000000000003,0.34214453223107666,0.30534598786803413,0.29795525821717456
2016-09-11,13220000.0,20.5,26.5,22.668801009804515,3.7742047370794243,0.36000000000000004,0.38083995481442956,0.34177763712275067,0.3375659292550793
2016-09-12,12540000.0,19.1,25.2,21.98535986955693,2.424350386228655,0.03,0.31091378152275,0.2746028364692403,0.2730258051517894
2016-09-13,13940000.0,18.9,27.3,20.699447978638563,3.8939257438067654,0.0,0.41004169680968827,0.3690927494883315,0.3838395724206688
2016-09-14,15630000.0,20.0,27.4,21.831538151261565,2.2417758509694603,0.010000000000000002,0.394241753610068,0.3479246646071901,0.35285163721907126
2016-09-15,16840000.0,22.2,28.4,22.128632013376347,1.8826128307874368,0.0,0.43241028244954255,0.38138783262538367,0.38819741119758416
2016-09-16,5080000.0,18.7,24.4,21.487477454887294,3.1336973510881503,5.57,0.18232856580036205,0.16775654266660087,0.19068068373416036
2016-09-17,1570000.0,19.0,20.1,20.666944292432618,6.662474024376526,7.73,0.09187453625268768,0.08751836408396499,0.12000821645626507
2016-09-18,6240000.0,18.6,22.6,18.60323302084901,5.261738245666637,0.03,0.27457667417299086,0.2569512063215461,0.2734980484956741
2016-09-19,10250000.0,15.4,22.2,14.949157003776689,8.844389371982315,0.0,0.4729088074643758,0.444843941491656,0.41371262959450616
2016-09-20,20800000.0,13.3,22.8,13.240276177639895,6.429018061258212,0.0,0.5540981712728665,0.4979238143425655,0.48331636725131794
2016-09-21,13620000.0,16.2,22.2,15.20371713797638,4.995359005698303,0.0,0.4041215860062106,0.3665624276049413,0.3755961541883049
2016-09-22,11160000.0,17.1,23.1,17.86592923400802,2.846366934942532,0.0,0.2868213270022942,0.2555622936801053,0.2729219729957488
2016-09-23,14090000.0,18.0,24.6,18.76678268757132,2.801471557419779,0.0,0.3462038345314804,0.30594769972118113,0.32005236267122505
2016-09-24,15920000.0,17.7,25.9,19.09766537899398,2.8972483628016517,0.0,0.38425146998210064,0.3384040926918828,0.35409549250636185
2016-09-25,9180000.0,17.3,24.6,20.596672876262467,1.6790871193509573,0.0,0.21789245655973674,0.19181284648194613,0.20734940390294643
2016-09-26,11330000.0,20.2,26.0,23.352674242968106,2.8194297084288804,0.06,0.2935794971954363,0.26029746181875246,0.2631549075810571
2016-09-27,9450000.0,19.0,28.2,23.521888159247748,3.3013067605064275,0.020000000000000004,0.2803192163745515,0.2523559642923462,0.27744709375761234
2016-09-28,14030000.0,17.6,26.9,19.660501357987357,6.093799242421656,0.06,0.4477027778326903,0.40701467352513543,0.41806125856875764
2016-09-29,5080000.0,15.7,19.0,14.64222548347855,6.527787891808267,0.0,0.2776308884606004,0.26409184109353606,0.271306147713727
2016-09-30,2940000.0,15.2,17.8,17.488262386520493,1.8796198056192535,0.5,0.07050013342120212,0.0627938690687759,0.08942624541630753
2016-10-01,9750000.0,16.8,23.0,19.214167776592788,2.594952820815116,0.16000000000000003,0.231049733945073,0.2038330804756451,0.21816946005518645
2016-10-02,9270000.0,20.2,25.1,22.963954043593404,6.551732093153736,0.13,0.3139011295613735,0.28685295372752423,0.27355406687816997
2016-10-03,7560000.0,16.5,25.4,22.886892753921938,4.989372955361935,0.04000000000000001,0.19386482115623535,0.17238749520981955,0.1796994950849249
2016-10-04,15670000.0,17.1,24.9,18.20707676435777,10.161320445983067,2.2,0.5604778209712078,0.5159243405934171,0.45224860184710014
2016-10-05,4700000.0,15.2,22.3,18.057429246613673,7.629221153699804,4.65,0.23012707392604964,0.2172698985815636,0.226367381396068
2016-10-06,16760000.000000002,17.0,23.0,16.41018681479858,5.510159334625869,0.0,0.4397596009591019,0.39289483807846826,0.39349466058026195
2016-10-07,11280000.0,16.2,22.1,16.871335290593283,5.468256982271299,3.8100000000000005,0.32605016968333006,0.29497142694970435,0.30171604669415497
2016-10-08,5770000.0,9.0,20.1,11.256345319433686,10.79284875646979,0.63,0.4172275067698831,0.4027053429846723,0.38194190158839725
2016-10-09,18440000.0,9.2,16.4,8.430680525567567,4.663133212029932,0.0,0.3746623960944316,0.330049442713366,0.35887241910199374
2016-10-10,15210000.0,12.0,19.0,12.187360466506382,2.858339035615266,0.0,0.28376101412018245,0.24469784700791092,0.2773023409780773
2016-10-11,13190000.0,11.2,20.0,12.279626193393783,4.516474978788939,0.0,0.30971087752657794,0.27576504255283674,0.3086490197645541
2016-10-12,16300000.0,12.3,20.1,12.008017512055813,2.8104506329243297,0.0,0.3039517580922654,0.26148319922615837,0.30476983593666657
2016-10-13,14270000.0,9.5,20.4,11.101666053258944,2.9181995389789366,0.0,0.2738438650134389,0.23761774042959857,0.2928970503326568
2016-10-14,16860000.0,10.8,22.3,13.189077387944021,1.9903617368420439,0.0,0.2765674792931067,0.2323303547823256,0.2798026224090451
2016-10-15,15290000.0,13.1,22.8,15.361611516658272,4.193228260625117,0.0,0.32219190348728144,0.28097534286138187,0.31206613915403497
2016-10-16,3290000.0,13.9,18.6,17.209623447347063,2.663792399683337,1.47,0.08365857126474471,0.07507803687465722,0.09378361577883818
2016-10-17,13260000.0,11.5,23.0,15.319921462683737,4.854686822793677,0.0,0.29150873008828454,0.25623660044357915,0.293869985065077
2016-10-18,11490000.0,14.1,21.9,16.623696659517027,3.7502605357339562,0.0,0.24507017632633837,0.21406815568884968,0.23768930425494755
2016-10-19,14080000.0,10.1,22.6,13.998686905896934,4.525454054293489,0.0,0.29766306754145755,0.2608675230654246,0.30236391354196196
2016-10-20,13620000.0,14.8,22.9,14.329056838591628,8.658821811554937,0.0,0.4886959422770468,0.45137034785168106,0.44791452626531536
2016-10-21,5350000.0,13.0,16.6,12.807041869693439,6.677439150217443,0.020000000000000004,0.23603985459412216,0.22250181068178393,0.22756414017210114
2016-10-22,10220000.0,14.4,19.9,14.26244046762805,5.549068661812255,0.0,0.29116113086283374,0.264028051364846,0.28533618531050386
2016-10-23,4480000.0,8.6,14.5,10.570408168598648,7.2760441838541485,0.22000000000000003,0.20624161898862411,0.19572405424765527,0.19628391243878257
2016-10-24,13850000.0,12.5,18.3,11.183506197074284,6.435004111594578,0.22000000000000003,0.37064695939144177,0.33515086418076023,0.35382448060644767
2016-10-25,4500000.0,8.5,19.0,14.29767399827534,5.558047737316805,1.02,0.1157216232319022,0.10459442866221605,0.13688557968746468
2016-10-26,10110000.0,8.3,18.6,11.19614399580155,4.74693791673907,0.0,0.23168961295118434,0.20685974584783606,0.25317726378541633
2016-10-27,7070000.0,12.8,17.4,12.939273887689103,6.8630067106448225,0.42000000000000004,0.255763516687706,0.23775806639709965,0.24450177885132196
2016-10-28,3560000.0,9.4,16.5,11.390433663974223,5.980064286030683,0.06,0.18926901650567246,0.18062587677221553,0.20493380235810207
2016-10-29,3740000.0,3.5,13.0,6.79361329151084,5.842385128294239,0.0,0.22617895412789238,0.21813312213984415,0.246843922458749
2016-10-30,15050000.0,5.9,13.2,5.553720321706801,4.256081789156972,0.0,0.28094196116845777,0.2473838521928627,0.3138609732953588
2016-10-31,4340000.0,0.1,11.5,5.516372451004416,9.28137104653711,0.0,0.30912076374973735,0.3004397506350032,0.2808914785668535
2016-11-01,15150000.0,-2.1,7.3,3.5180722444780095,7.3179465362087175,0.0,0.30287509927207823,0.2756206866328103,0.27260141599896837
2016-11-02,14560000.0,2.3,9.5,5.501157946769828,6.117743443767125,0.0,0.2569223563684805,0.22770822508054417,0.24519220862576843
2016-11-03,9150000.0,2.9,12.7,8.030623272089384,4.9325054771664485,0.0,0.16356952801442193,0.14413649240124263,0.17809772633100657
2016-11-04,12640000.0,4.6,16.0,9.388925920758654,5.537096561139521,0.0,0.21122763852912474,0.1824790063962286,0.2276920225730422
2016-11-05,9540000.0,9.4,18.7,11.924230422833173,8.323602992718381,0.0,0.2909569102169409,0.2672085513023339,0.28169652651434957
2016-11-06,7150000.0,8.3,12.7,9.859193386997903,8.578010132013983,0.0,0.22522556502699462,0.20887897059844623,0.19278842242200817
2016-11-07,10530000.0,6.3,16.6,10.733778414157479,6.973748641867613,0.45999999999999996,0.21026161149446426,0.18560176046949992,0.2143035239281798
2016-11-08,12030000.0,-1.3,9.1,4.106334752948762,9.906913306687466,0.0,0.3646208620288637,0.341991590835731,0.3019330949048339
2016-11-09,13560000.0,0.9,8.8,5.430646792312417,3.843044315947646,0.0,0.1627978324561305,0.1364803858200189,0.1841495919705856
2016-11-10,8510000.0,4.5,13.6,8.967093970504417,4.59429363316171,0.17,0.14708104964676297,0.12836120192520503,0.16709806126650828
2016-11-11,9470000.0,5.6,13.7,8.051875654232726,5.845378153462424,0.0,0.2217497064769712,0.2005771044526073,0.2364840943957185
2016-11-12,10190000.0,7.4,16.4,8.730723932932467,3.941814146497702,0.0,0.20444728124285794,0.18031830927816025,0.24889888949055594
2016-11-13,8780000.0,9.7,17.2,12.18055028402409,4.028611876375024,0.0,0.15849375007332817,0.13693032443857073,0.17941030128645444
2016-11-14,7140000.0,6.5,19.5,12.065288074141796,7.1802673784722755,0.0,0.2122132420828075,0.19485823693479015,0.23212452883147958
2016-11-15,12850000.0,-0.1,10.9,4.996150527287688,6.833076458962988,0.0,0.2562837328963335,0.23090162795625196,0.2691379721329241
2016-11-16,11110000.0,2.3,11.9,5.267597157356938,4.9325054771664485,0.0,0.22389775066475726,0.20077963753905745,0.26436230926863924
2016-11-17,11600000.0,5.9,14.2,7.795496608893962,3.4629301195883384,0.0,0.16909927862760815,0.14288801980628657,0.212014680020335
2016-11-18,8160000.0,7.4,15.7,11.555143117687521,2.7984785322515955,1.32,0.10279975980658018,0.08364276688552971,0.12545314630758445
2016-11-19,2720000.0,11.5,15.3,13.758160200197471,5.339556900039408,0.0,0.0946646527977624,0.0879920268320751,0.10339531272344442
2016-11-20,11100000.0,6.8,15.4,8.514755177741275,4.824756571111841,0.0,0.20643452966759854,0.18066618564235923,0.24636467084460079
2016-11-21,6170000.0,6.6,15.6,10.694246745243774,4.717007665057235,0.0,0.12948041300263152,0.11515692808049402,0.15790027721617167
2016-11-22,7570000.0,-0.3,6.4,3.378583120325777,10.125404143964863,0.03,0.37733411055429955,0.3635005349587649,0.2965397060159974
2016-11-23,7640000.0,-3.2,5.9,2.836402393223023,9.32327339889168,0.0,0.3374591198250095,0.32431919634492856,0.2814233210538058
2016-11-24,12100000.0,-2.9,2.5,2.6295258424644397,8.994040630391492,0.0,0.29203270897882916,0.27240654037353895,0.23674888133938082
2016-11-25,9860000.0,-1.1,5.7,4.507097209295443,4.702042539216317,0.0,0.13934444347454664,0.12179370313973689,0.1593243568450889
2016-11-26,3750000.0,-1.3,3.6,5.475882943421973,1.8287383777601336,0.13,0.04810544133741084,0.04170330967691337,0.0647988099528729
2016-11-27,9150000.0,-1.3,9.0,5.977740349100146,6.0339387390579855,0.0,0.1335495824627182,0.11636662960250373,0.15426542447863006
2016-11-28,11490000.0,-2.5,6.1,3.8185826106801186,7.647179304708906,0.0,0.22565566287807606,0.20556704431219996,0.2174473549519062
2016-11-29,11310000.0,0.5,7.8,5.137431750562236,3.6963860827066526,0.0,0.12217312908867009,0.10072011541827293,0.15904069342529775
2016-11-30,3410000.0,5.2,10.1,8.94891306503385,5.2078637926393325,0.1,0.09082936364907279,0.08361842886214495,0.10104141839799863
2016-12-01,9020000.0,-2.1,9.0,3.881346550632144,10.39477640910138,0.0,0.34921424472315643,0.33250302492487455,0.2995973087866593
2016-12-02,11210000.0,-1.6,6.5,4.316863060546356,7.060546371744935,0.0,0.19561449029411512,0.17555438215330743,0.19914604197482724
2016-12-03,10690000.0,0.6,9.8,6.052657661028766,3.4359928930746864,0.0,0.10533609499752634,0.0843543084712583,0.1477481440736365
2016-12-04,5160000.0,2.6,8.6,6.265346222570128,4.378795821052497,0.0,0.128207154816297,0.11795033278657963,0.1525120136933029
2016-12-05,6360000.0,-1.5,13.2,6.037974794396144,11.900268068697693,0.0,0.43181220315255614,0.4190708981516324,0.2922111045138213
2016-12-06,11190000.0,-2.5,3.7,2.8467393672061516,5.797489750771486,0.0,0.19299095629895788,0.1742760189942029,0.20878652596866631
2016-12-07,4040000.0,-3.6,5.7,5.199744127845886,4.399746997229781,0.0,0.07854896894533467,0.07167728694196676,0.10015330297700076
2016-12-08,9380000.0,-1.0,7.5,6.252098535329569,5.168954465452947,0.13999999999999999,0.08688650406511741,0.06962677535947176,0.10857961826494482
2016-12-09,8359999.999999999,-3.9,5.1,4.007075442460259,9.404085078432635,0.0,0.2116935633231098,0.19771171561374862,0.18409013559761772
2016-12-10,11010000.0,-3.9,5.0,2.8979718975825963,5.614915215512292,0.0,0.18217822568534564,0.16379910603104503,0.20948146253093322
2016-12-11,11030000.0,-2.0,5.4,3.8615581000783004,2.116068793905752,0.0,0.07435652325000991,0.05514194220909587,0.11884124872201865
2016-12-12,6700000.0,-0.5,7.5,5.740328820931173,2.3585038325286174,0.0,0.06828768726501729,0.05585355166173818,0.1011561749746179
2016-12-13,8540000.0,0.3,9.7,5.909038244317583,5.977071260862498,0.18000000000000002,0.1539895350619344,0.13733464955086888,0.18174207524378233
2016-12-14,1780000.0,-2.2,1.7,4.780230234459634,7.0904766234267695,0.24,0.09291973906003151,0.090038189780568,0.08914659842389873
2016-12-15,10840000.0,-5.4,0.5,2.148509868092799,11.47226546964745,0.0,0.3211012215311408,0.3050452164609285,0.2235971478764517
2016-12-16,11070000.0,-4.5,1.1,3.1224183527275473,8.904249875345986,0.0,0.19594144831720556,0.17902784064452731,0.1641588285711865
2016-12-17,8730000.0,-0.6,8.4,5.7088474504263935,6.240457475662649,0.0,0.1393617779403186,0.12294003749841931,0.16069489230635864
2016-12-18,7750000.0,1.7,8.8,7.092265137892555,2.9660879416698727,0.010000000000000002,0.06854829022594161,0.05331273150808062,0.09844121933190324
2016-12-19,4820000.0,4.0,10.8,9.095274627515115,2.825415758765247,0.0,0.05551341163302409,0.0453947783371272,0.07892155534879271
2016-12-20,8550000.0,2.0,12.6,8.054240090433439,3.9388211213295183,0.0,0.09253694259050028,0.0746404813032078,0.13571267096829828
2016-12-21,5160000.0,3.6,13.9,11.840957965642705,7.069525447249485,4.4,0.03140981625588396,0.020152585545560264,0.029362361614465943
2016-12-22,2490000.0,1.1,9.2,7.235130795308767,12.84905704701187,0.04000000000000001,0.17968155677393366,0.17480210696323412,0.14001609495014056
2016-12-23,4290000.0,-3.3,2.3,3.7243318637052942,11.538112023347487,0.0,0.24273554880403986,0.23585820223493922,0.1679871830509945
2016-12-24,10140000.0,-2.0,4.0,4.154801700919335,3.5227906229520087,0.0,0.09193775235386774,0.07472256814881977,0.12441809556198087
2016-12-25,9770000.0,0.3,9.2,7.202927036514729,3.046899621210828,0.020000000000000004,0.05940074369112255,0.0405002942654842,0.09134267357540682
2016-12-26,1570000.0,0.3,5.5,6.8980899255473425,5.5311105108031535,0.79,0.04025103160603554,0.03739686534181587,0.056990639503889315
2016-12-27,8380000.000000001,-4.8,1.8,2.5653288147773834,9.969766835219321,0.0,0.27824588307530534,0.2653375284447467,0.214059417192847
2016-12-28,10920000.0,-3.1,3.9,3.153207580633934,6.042917814562536,0.0,0.17876965043570242,0.1606442064236137,0.19300222458793437
2016-12-29,10870000.0,-5.1,-0.1,2.276338478206211,10.61326724637878,0.0,0.2836327690959306,0.26763345575742004,0.2052125299326924
2016-12-30,10760000.0,-4.1,2.4,3.266294480300007,6.108764368262573,0.0,0.15190424906586825,0.1348914804922639,0.1594019010270617
2016-12-31,4700000.0,-0.6,4.6,5.7666805056797505,4.501509852948021,0.0,0.07438339697603984,0.06610663993234582,0.08621271314293902
2017-01-01,10050000.0,-1.1,9.1,5.900050683192513,5.130045138266561,0.0,0.11600115382962088,0.0970330732597248,0.1501193148414839
2017-01-02,6240000.0,-1.5,10.5,6.437897779964957,7.452632668776976,0.0,0.14299863078439617,0.1310250938637319,0.1662922847482436
2017-01-03,10850000.0,-0.5,8.2,4.855296466199339,5.779531599762385,0.0,0.16866568060637682,0.1482902665590187,0.19628894469142805
2017-01-04,8980000.0,-0.9,10.0,5.50284661153628,4.489537752275287,0.0,0.13188779354328795,0.11462842780886173,0.1762489395526355
2017-01-05,4780000.0,0.8,7.7,6.17874230924148,5.89326655615336,0.0,0.12755075186282186,0.1184538730986076,0.13790645364857174
2017-01-06,10350000.0,-0.8,9.2,5.617037409095596,3.3462021380291804,0.0,0.09941750701291799,0.07975286093479787,0.1427339338846115
2017-01-07,9360000.0,0.7,8.1,6.272927465767769,3.0558786967153786,0.04000000000000001,0.08283282477360636,0.06493136601967646,0.11350491125771764
2017-01-08,6310000.0,3.1,10.9,7.3238040370623905,7.0934696485949535,0.06999999999999999,0.17347052165229393,0.1603793443837711,0.18053163668472677
2017-01-09,9500000.0,-3.7,6.8,3.4627947434817097,10.170299521487616,0.0,0.30951423104018067,0.29305511809626933,0.25997687567501154
2017-01-10,9800000.0,-7.0,3.1,2.064288916293611,10.951479090383518,0.0,0.342297752923364,0.32747740179151624,0.2563008589019196
2017-01-11,11520000.0,-4.5,2.3,2.945168301658291,9.43401533011447,0.0,0.24918079997379605,0.23114710304293692,0.19927564002346948
2017-01-12,9250000.0,-5.5,5.1,2.4658421955990564,12.289361340561552,0.0,0.4034346050820738,0.3884311290821619,0.28814200417200614
2017-01-13,10770000.0,-8.2,3.3,2.219131767493295,13.324948048753052,0.0,0.3744196123776823,0.35846728999703786,0.25149478965816147
2017-01-14,12210000.0,-8.8,-3.8,1.0095140679105898,13.354878300434885,0.0,0.3924267611338096,0.377194147544089,0.22551614538276823
2017-01-15,12270000.0,-7.5,1.0,1.3679182037304192,7.802816613454448,0.0,0.27402072651181536,0.256453532168443,0.24155229210061285
2017-01-16,12230000.0,-6.6,4.5,1.648323060856561,3.3970835658883005,0.0,0.1494740994044648,0.13029060245931914,0.2024058489275875
2017-01-17,9370000.0,-4.6,5.9,1.785036307501388,3.7742047370794243,0.0,0.18356653805424245,0.1678658985038191,0.2342275051501991
2017-01-18,10000000.0,-4.0,6.1,3.7893594927758567,5.327584799366674,0.0,0.16330284230961384,0.14629372843989133,0.18397135069270926
2017-01-19,12010000.0,-2.3,7.1,3.1408596700423144,4.046570027384125,0.11000000000000001,0.17394984833066243,0.15249614082561563,0.21759266133306304
2017-01-20,10110000.0,-6.5,1.3,2.6772702433792386,11.178949003165464,0.03,0.2758045208415913,0.2609238347466196,0.19198347484631306
2017-01-21,10560000.0,-7.0,1.6,2.878902102753975,8.859354497823233,0.05,0.20864011436249688,0.19316250264935422,0.16938221607747073
2017-01-22,11280000.0,-8.8,-3.0,1.7017256698364356,12.49288705199803,0.0,0.3063806083057202,0.29204108480836855,0.18312318577184378
2017-01-23,13090000.0,-8.0,-2.0,1.530751880574044,9.538771211000894,0.0,0.28154084790859907,0.2641955664440293,0.20362258695580157
2017-01-24,13190000.0,-6.7,0.6,1.6739544301775215,7.066532422081302,0.0,0.24754551228857635,0.22849852375593951,0.2205596147942684
2017-01-25,13360000.0,-6.3,2.6,1.8980483764866116,5.998022437039783,0.0,0.22668325890272661,0.2063958855029821,0.22576014679429862
2017-01-26,12780000.0,-3.6,7.0,3.0137769106281196,9.098796511277914,0.15000000000000002,0.33779430921646997,0.3155311772397808,0.2904985114440056
2017-01-27,13040000.0,-6.1,2.8,2.1092656782781622,7.9135585446772385,0.0,0.2782654955157168,0.2583012451412324,0.2395396093584191
2017-01-28,13050000.0,-2.6,7.1,2.476631637177181,2.5769946698060147,0.010000000000000002,0.1513809974658879,0.12819335887852365,0.2024540688954984
2017-01-29,3770000.0,-3.0,7.6,5.027245490641027,6.590641420340121,0.36000000000000004,0.15831562999359974,0.1516050528067607,0.1654360623585352
2017-01-30,13280000.0,-7.0,0.0,1.901331404803546,10.493546239651439,0.0,0.32191470042294107,0.3031056282454709,0.2214334799740131
2017-01-31,13460000.0,-4.4,3.8,1.3518399406340074,7.051567296240384,0.0,0.33051009919296725,0.30876278926545164,0.30370038965252555
2017-02-01,13920000.0,-6.7,3.0,1.5410722929283127,10.580343969528759,0.0,0.40932372395161476,0.3881859816069707,0.2969967965778262
2017-02-02,14430000.0,-4.0,4.7,3.009818490713798,8.733647440759524,0.0,0.3021156183282844,0.278209687040098,0.24539826372255452
2017-02-03,13530000.0,-3.4,7.7,3.6720805908965684,5.827420002453322,0.0,0.23051294417604784,0.20655803305430612,0.2380932726382409
2017-02-04,12540000.0,0.7,11.2,4.310056924177936,2.50516206576961,0.0,0.16895882738324924,0.14375870575875013,0.21653100157710375
2017-02-05,7600000.0,-3.3,10.2,4.514178400718867,11.55906319952477,0.05,0.42867603782407143,0.41459563089869,0.29135352353231414
2017-02-06,14750000.0,-5.2,3.9,2.744860842802762,9.260419870359824,0.0,0.3145809548898022,0.29107420286829055,0.24210141043004868
2017-02-07,13690000.0,-3.7,6.9,2.9920627237719684,3.4659231447565215,0.0,0.18362832709452953,0.15986657012939676,0.21440993832820338
2017-02-08,9210000.0,-4.9,5.1,2.4633582731523616,9.60461776470093,0.0,0.36313392404659395,0.34802116192913346,0.28313495118502335
2017-02-09,14930000.0,-7.4,0.7,1.7968730204009489,14.590997694894682,0.0,0.4651968573561627,0.4439131753026625,0.2557778829138804
2017-02-10,14590000.0,-7.5,-1.1,1.7088817450982587,13.57935518804865,0.0,0.41418019090859765,0.3942290887206645,0.22993312753953304
2017-02-11,15480000.0,-6.2,1.9,2.341965842758878,10.514497415828723,0.0,0.3452561092000436,0.32203881495543674,0.23442838797181537
2017-02-12,15660000.0,-4.1,5.0,2.8167608015007053,8.23680526284106,0.0,0.32573238538577426,0.2996898652976683,0.2637850583804342
2017-02-13,15330000.0,-3.3,7.8,3.648545853464222,6.833076458962988,0.010000000000000002,0.2854734935550329,0.25823468132941646,0.2627524365427697
2017-02-14,16030000.000000002,-3.9,7.3,2.7312225876463585,5.68974084471688,0.0,0.28503814431648894,0.2571134177447888,0.2819420319110302
2017-02-15,15950000.0,-4.1,11.0,3.268422221557552,4.9354985023346325,0.0,0.3607271064531683,0.3311767787610847,0.3075075223238278
2017-02-16,15420000.0,3.4,14.8,6.465113243157672,8.452303074950272,0.22999999999999998,0.40791760207348726,0.3739510578406927,0.36900433044121006
2017-02-17,14880000.0,-6.0,7.8,2.502530036647319,11.319621186070089,0.0,0.5769328341879878,0.5517643875875237,0.3475991798091297
2017-02-18,16890000.0,-4.6,3.8,2.3602265120161476,9.371161801582616,0.0,0.3825772241982577,0.35539439704078674,0.2786305846940686
2017-02-19,12910000.0,-0.2,11.0,5.318180709006209,5.73164319707145,2.35,0.26017766208611764,0.23467704148094626,0.257549537850031
2017-02-20,15470000.0,-6.3,5.0,2.35306599230391,11.460293368974716,0.0,0.43708642677395426,0.41243222651817213,0.2973417430043755
2017-02-21,17010000.0,-2.7,7.4,3.7028771273152468,4.0645281783932266,0.010000000000000002,0.2300654005721509,0.1997338961613706,0.23091435868358307
2017-02-22,2170000.0,-1.7,4.8,6.163789286334309,8.811466095132296,1.8800000000000001,0.07057612055333168,0.0668165126493014,0.0695685903658159
2017-02-23,16320000.0,-5.3,4.4,2.7466838452005944,12.322284617411569,0.0,0.43791460791270687,0.4117004940340546,0.2742743384338228
2017-02-24,17860000.0,-3.0,5.0,2.995015537455136,8.721675340086792,0.0,0.3747763915258459,0.3444545779260277,0.2772350774490942
2017-02-25,17680000.0,-1.7,8.4,3.7543131019967437,7.877642242659037,0.0,0.3743934321302146,0.3417495812924407,0.30626408953250267
2017-02-26,17270000.0,-0.4,9.8,4.5511597649634625,4.333900443529744,0.0,0.26699437366670276,0.23363908914284304,0.2620702676570825
2017-02-27,15570000.0,-3.7,10.8,4.775759132829115,3.097781049069948,0.0,0.2309427540909575,0.20199817629936057,0.21951949821909342
2017-02-28,18210000.0,-1.4,12.5,4.081641700004398,4.23812363814787,0.0,0.3488411890722377,0.31270100267577994,0.32103479697603154
2017-03-01,13920000.0,2.3,12.4,5.300182710281857,5.782524624930569,0.30000000000000004,0.3349472521964536,0.30576775516982213,0.32197082261690335
2017-03-02,16910000.0,-3.1,8.0,3.6368287652784868,10.322943805064975,0.0,0.43063160986754345,0.40037144673988445,0.30948593550873027
2017-03-03,18530000.0,-1.0,11.6,4.338706767774113,5.5311105108031535,0.0,0.3595309317003849,0.3230452302131977,0.32628742883348544
2017-03-04,18340000.0,-0.2,13.6,4.66809791668312,2.9870391178471576,0.0,0.3046386926466093,0.2669291633596623,0.2973658941156195
2017-03-05,16370000.000000002,-1.0,14.6,5.1885108333694445,7.9644399725363595,0.0,0.5694359329070167,0.5356757521534403,0.38791274217963956
2017-03-06,19710000.0,-2.7,5.9,2.4617035622342067,11.475258494815632,0.06,0.5545345857517969,0.5203239042483078,0.3566592085555788
2017-03-07,19890000.0,-4.5,3.3,2.4149582051697025,11.02331169441992,0.0,0.4642508436094489,0.43249006129249884,0.2877977097079797
2017-03-08,13820000.0,-2.5,5.0,3.3425874005547027,11.25976068270642,0.0,0.4279495574819313,0.4042681613134067,0.2739023525291573
2017-03-09,18760000.0,-1.2,10.5,3.9994310864211604,11.86435176667949,0.0,0.5640899017945649,0.5279157339152168,0.38571564255658564
2017-03-10,20120000.0,-2.9,11.8,3.4818846566151542,6.342220331380889,0.0,0.5082275303116119,0.4696837887244267,0.3768762353256109
2017-03-11,19740000.0,-0.5,15.6,4.269419506705287,3.3671533142064654,0.0,0.42309281474014504,0.3814707939621656,0.36602104419920123
2017-03-12,18910000.0,2.6,16.9,4.926808783930218,6.1297155444398586,0.0,0.5822895530178493,0.5398984907539052,0.475506145692216
2017-03-13,19920000.0,1.7,14.4,5.313266807086204,5.41737555441218,0.0,0.4247185320159641,0.38210758399458533,0.37970864392589954
2017-03-14,20610000.0,-2.1,11.9,4.656431179131241,6.464934363276413,0.08000000000000002,0.4447507725555851,0.4046859434583112,0.3349870643414171
2017-03-15,21140000.0,-0.4,12.1,4.342813353062744,4.711021614720868,0.0,0.38101263740663527,0.33866182172746406,0.3446675418268641
2017-03-16,19740000.0,-0.5,13.3,3.956356890173725,5.309626648357573,0.0,0.46854077530571125,0.4283195609786863,0.39211625508495
2017-03-17,21110000.0,0.3,15.3,4.359274170170581,3.292327685001877,0.0,0.42118720024314954,0.3763531694459677,0.37228540638494717
2017-03-18,17980000.0,1.1,16.9,3.5271711481994084,5.9920363867034165,0.0,0.6965730188131289,0.6570757568104983,0.5200709527134093
2017-03-19,21440000.0,1.5,17.1,5.710592400065092,3.9717443981795366,0.0,0.480399535833494,0.4329145116426908,0.39910154992079305
2017-03-20,13130000.0,5.4,15.9,6.370301631850605,5.827420002453322,0.05,0.4103168913569081,0.3801825213433646,0.3970695357214967
2017-03-21,21180000.0,1.2,14.7,5.061647768604499,7.949474846695442,0.0,0.6020146515697464,0.5568377304964229,0.44399633573102
2017-03-22,20010000.0,4.9,14.4,3.854160539270106,5.767559499089652,0.0,0.5224324843217325,0.47769502217732696,0.4888358431341545
2017-03-23,17460000.0,1.7,15.5,4.813131769303507,5.1150800124256435,0.0,0.4819858493384849,0.4440531083748981,0.4162459739105017
2017-03-24,16730000.0,5.7,15.6,5.777251105009077,4.274039940166073,0.13999999999999999,0.4003646009040053,0.36196795122185904,0.3953288672281808
2017-03-25,6310000.0,3.5,9.3,8.030623272089384,3.6365255793429823,0.66,0.1331627787029236,0.12030584545046523,0.12382253851830857
2017-03-26,11360000.0,1.6,11.0,6.791578782364408,4.53443312979804,0.4,0.2321167027142677,0.20904065339038244,0.21012254231087
2017-03-27,20500000.0,-0.1,12.3,5.658448656320861,8.170958709141022,0.21000000000000002,0.4562425785598688,0.4148548462012103,0.3369935025854668
2017-03-28,20440000.0,4.9,14.1,5.175699093684537,6.252429576335383,0.020000000000000004,0.512746201289946,0.4672307927779668,0.4435783194918261
2017-03-29,19610000.0,2.6,17.3,5.55883050896573,4.289005066006991,0.0,0.5030760246406418,0.4588820391849861,0.42688318111969403
2017-03-30,22300000.0,7.6,18.9,6.985192593844077,5.11208698725746,0.12,0.5351830926954507,0.4806650490598294,0.5022260447793443
2017-03-31,9090000.0,6.1,12.0,8.809749171866043,4.606265733834444,0.73,0.21792004090688014,0.19792433987409971,0.19193372186704521
2017-04-01,16970000.0,1.4,12.8,7.825415683122305,3.9298420458249685,0.7400000000000001,0.26824112449496496,0.23292929913554777,0.22695048859098463
2017-04-02,23140000.0,3.9,16.0,4.665178807001199,8.691745088404955,0.0,0.6985557062568762,0.6464063526901312,0.5586606442139137
2017-04-03,23920000.0,3.2,19.9,4.986855309807179,7.629221153699804,0.0,0.9452328385113914,0.8890765553408609,0.6373650583465393
2017-04-04,22500000.0,9.6,21.7,6.912540063092076,4.54341220530259,0.0,0.5827971452296974,0.5248309939636664,0.5790221899788337
2017-04-05,6550000.0,12.4,16.8,12.493823758361803,8.545086855163962,1.6800000000000002,0.32301655823205433,0.306513357455433,0.26862785747884754
2017-04-06,6700000.0,5.9,17.4,11.623571346503553,6.183589997467161,0.08000000000000002,0.19619559246058005,0.18042737581459758,0.19405308110710742
2017-04-07,23640000.0,7.3,23.1,11.186664469325109,4.420698173407065,0.0,0.5920025494470351,0.5316700300847251,0.469060994341595
2017-04-08,23590000.0,11.6,24.3,10.552391760321097,5.5281174856349695,0.0,0.6753499093239211,0.6117594145453096,0.6061076511722543
2017-04-09,10770000.0,7.5,16.2,7.111310019018164,7.988384173881826,0.0,0.5021188124619297,0.4766475070712658,0.43788900392470287
2017-04-10,22150000.0,8.4,17.4,7.809292844528251,8.44931004978209,1.46,0.6575430331247272,0.6038288236015644,0.5105097701278525
2017-04-11,15530000.0,7.0,19.4,6.229445818491071,10.16431347115125,0.13,0.7889189433328017,0.7509955467705449,0.6310846803028333
2017-04-12,24360000.0,4.6,17.1,4.077754858461391,8.913228950850536,0.0,0.8325825428617486,0.776388103206547,0.643996644785317
2017-04-13,24200000.0,6.9,20.5,7.207213544349453,7.985391148713644,0.0,0.8195479090219775,0.7597756707155878,0.6167381132860252
2017-04-14,19400000.0,9.6,21.8,9.278511736170362,9.224503568341623,0.010000000000000002,0.7364279581970059,0.6863965256149768,0.6081399434875654
2017-04-15,23710000.0,9.1,24.7,10.727688258811263,6.626557722358323,0.0,0.8304041878968205,0.7677625038322325,0.6153876795003785
2017-04-16,22040000.0,12.2,27.3,9.456818446315141,3.549727849465661,0.010000000000000002,0.7014675691247025,0.6401024032474,0.6263281938681678
2017-04-17,3870000.0,8.4,15.4,12.637268506192653,5.9441479840124805,1.32,0.11799789404560188,0.10883409409433789,0.11970009160866613
2017-04-18,19850000.0,8.5,22.4,8.995729756884591,12.65151738591176,0.53,1.0611144050470975,1.0101877056293245,0.6807185506124208
2017-04-19,25140000.0,9.4,18.7,6.10059526535159,7.695067707399842,0.0,0.7812166203460317,0.7186344669798659,0.6494272842533753
2017-04-20,10260000.0,6.1,17.1,7.742810094788384,4.600279683498076,0.08000000000000002,0.34309736195493357,0.3189805220120924,0.3466770904030405
2017-04-21,23560000.0,7.3,19.8,8.649805756320664,4.956449678511916,0.0,0.5626046054294713,0.5046102046310257,0.4828341343699073
2017-04-22,23530000.0,7.1,19.2,9.588385766155875,3.9507932220022526,0.08000000000000002,0.4839828229638593,0.4265900775360903,0.41649590544054627
2017-04-23,26020000.0,6.0,22.2,8.259887749659699,4.764896067748171,0.0,0.729036368084768,0.6641917093120829,0.5575562822140969
2017-04-24,25990000.0,8.5,23.6,8.969693899040195,4.043577002215941,0.0,0.7010646293334182,0.633555139290451,0.5759066026432247
2017-04-25,20500000.0,12.8,23.7,9.978525242019053,7.2820302341905165,0.010000000000000002,0.7399672224604763,0.6843974257981074,0.6677243963973031
2017-04-26,23940000.0,7.8,20.5,5.548614291585383,7.832746865136284,0.0,0.8598751100402275,0.8001479711820005,0.705629133661241
2017-04-27,25670000.0,7.6,19.3,5.694904825390986,9.882969105341997,0.0,0.91031006658998,0.8472652902751483,0.7070071737492251
2017-04-28,26680000.0,9.5,23.2,8.168455935557716,11.738644709615782,0.0,1.2127090535326506,1.1429856780624401,0.7988144213596752
2017-04-29,26650000.0,12.9,25.2,7.207213544349453,7.904579469172687,0.0,0.9984713520139834,0.9251753744099289,0.8876000764895521
2017-04-30,26370000.0,11.7,28.7,12.462528184965308,9.694408519746435,0.0,1.2675663246027482,1.1935790434519178,0.8480341814823695
2017-05-01,26960000.0,9.2,25.1,7.215793318523519,6.402080834744559,0.0,1.0633088237199695,0.9917327157683304,0.7824230040846215
2017-05-02,24450000.0,10.1,25.8,8.39627492850151,4.582321532488976,0.0,0.838861013164426,0.7729522553290274,0.6823268082471017
2017-05-03,27160000.0,10.4,28.1,8.206844136694155,3.2504253326473074,0.0,0.8014719213535351,0.7265080431464471,0.6917652869147635
2017-05-04,21780000.0,17.5,27.8,11.525925391877726,6.378136633399091,0.020000000000000004,0.8353279888101269,0.7717779057830247,0.8074595892368123
2017-05-05,21460000.0,11.2,28.2,12.48686322179291,8.583996182350349,0.35000000000000003,1.0687802741770691,1.0090815455060045,0.7591088052471526
2017-05-06,25670000.0,10.8,23.5,5.8660081122238,11.274725808547338,0.0,1.2527574162992114,1.1846061295366532,0.9412328041124498
2017-05-07,27120000.0,11.6,25.2,6.360696431400957,10.364846157419546,0.0,1.3460498100992484,1.272331933069082,0.9857588273590849
2017-05-08,20150000.0,15.4,25.9,8.61963237629589,7.814788714127184,0.0,0.9094575344974277,0.8524947719532492,0.8595107915774381
2017-05-09,9200000.0,14.3,18.0,13.94108613049466,6.58166234483557,0.52,0.3387953832261967,0.3148496433803927,0.28256116501657175
2017-05-10,13300000.0,11.7,22.6,13.018465908867528,6.387115708903642,0.2,0.46930632211918083,0.4339961501697448,0.4300290804896556
2017-05-11,19890000.0,13.7,26.3,15.158277551396283,5.228814968816617,0.04000000000000001,0.6054998690442399,0.5498829159597649,0.533246767713625
2017-05-12,10970000.0,11.0,24.5,13.784704863985125,4.875637998970962,0.010000000000000002,0.4221459244668524,0.39268550333320895,0.39924540062943875
2017-05-13,23620000.0,11.7,27.4,12.75022933825598,10.269069352037674,0.09000000000000001,1.1843271973112974,1.118790390543635,0.7717671420408777
2017-05-14,27970000.0,10.8,22.1,7.620344574241774,13.046596708111982,0.0,1.1839664215085757,1.1107252412331048,0.8362376007349411
2017-05-15,22020000.0,10.5,22.4,10.058784854276741,9.838073727819244,0.0,0.8158432083136595,0.7581824721797354,0.6433134465921067
2017-05-16,18880000.0,10.7,22.8,10.615567719969045,5.228814968816617,0.010000000000000002,0.5701757745699445,0.5204418476438238,0.5248574355686686
2017-05-17,21420000.0,11.5,24.6,12.166939957581718,3.633532554174799,0.010000000000000002,0.5736512833791301,0.5158024985018679,0.5097018790848957
2017-05-18,27480000.0,14.7,28.4,10.86853409102312,7.189246453976826,0.0,1.0838133169412791,1.0049867036114057,0.8876412442516031
2017-05-19,27810000.0,14.9,30.5,9.195789192635095,8.877312648832335,0.0,1.547342457568962,1.466136690149173,1.1071781663296627
2017-05-20,24620000.0,15.4,30.9,9.259775345737173,6.252429576335383,0.0,1.2063078662328033,1.1339328088480838,0.9746628302998335
2017-05-21,26340000.0,14.6,29.6,9.949998101130813,5.156982364780213,0.0,1.0186012520093335,0.9423898861589922,0.8532735346472048
2017-05-22,26580000.0,14.1,30.1,12.105858846525164,3.6245534786702485,0.0,0.8712839143647143,0.7943781397139141,0.7246295524314286
2017-05-23,18940000.0,17.4,27.3,13.472838377276238,4.7050355643845005,0.6900000000000001,0.6587437744956105,0.6037318985331533,0.6412928916183944
2017-05-24,18680000.0,13.6,24.1,15.596921020355861,4.318935317688826,0.08000000000000002,0.49578302858960016,0.44459050995040544,0.428027360550119
2017-05-25,28300000.0,11.1,28.4,8.863640066601889,11.119088499801794,0.0,1.6614081001421375,1.5826134452270897,1.0397686741985264
2017-05-26,28030000.0,9.4,24.9,8.695240467936374,7.2820302341905165,0.0,1.0873137648241011,1.0128969137156278,0.767084278005252
2017-05-27,27820000.0,12.5,26.0,11.014120379964796,4.4326702740798,0.0,0.7926630385897508,0.715877505021224,0.6749412424825524
2017-05-28,26500000.0,16.3,30.5,13.998686905896934,7.838732915472651,0.020000000000000004,1.1536971869206614,1.0755091714275413,0.9083643970742667
2017-05-29,27790000.0,16.1,33.0,15.554670944002051,7.71003283324076,0.0,1.3083238667928638,1.224978853200915,0.9693379387362769
2017-05-30,20310000.0,18.4,31.0,12.289915756706533,6.411059910249109,0.0,0.9281014583144614,0.8670636348922276,0.9032616712774958
2017-05-31,21030000.0,18.9,30.6,15.656240305969739,5.249766144993902,0.010000000000000002,0.7677334185581258,0.7044883970372042,0.7497197737833093
2017-06-01,21810000.0,12.8,27.6,14.31335786509159,6.698390326394729,0.6200000000000001,0.837900146454019,0.7767070254111821,0.6498092161340017
2017-06-02,28720000.0,15.4,27.2,9.299965659807544,6.764236880094765,0.0,0.9859034885046285,0.903848400374622,0.9053235406620853
2017-06-03,22760000.0,12.9,26.0,9.516921337768771,7.123399900276788,0.0,0.9240601797447618,0.8610196220964339,0.7876913458950003
2017-06-04,29130000.0,12.2,28.4,8.837941596128285,5.393431353066711,0.0,1.1071778172535365,1.0253087812660433,0.8583980442273859
2017-06-05,26950000.0,15.2,28.4,11.345582233577177,5.8543572289669745,0.0,0.9496395085262135,0.8720272712164541,0.8269391039347702
2017-06-06,8310000.000000001,16.8,23.5,14.574331959848227,8.081167954095516,0.9,0.5288454019004666,0.5055494433263361,0.4938059881252922
2017-06-07,8220000.000000001,14.9,23.1,16.984963661048376,9.628561966046398,0.24,0.41316280948455164,0.39057533202673034,0.3489215270650362
2017-06-08,26470000.0,15.2,27.6,13.011249074171126,8.317616942382013,0.0,0.9867042445781667,0.9109561992839103,0.8185554640969548
2017-06-09,26070000.0,18.9,29.0,14.586293045251464,11.286697909220072,0.0,1.1990086614159998,1.1214774281781588,0.9683223278745705
2017-06-10,25100000.0,14.4,29.6,10.56139658221522,5.9890433615352325,0.0,1.0831781432440741,1.0106672438548414,0.8720059754238866
2017-06-11,28850000.0,14.9,28.6,11.215124257513649,6.186583022635345,0.0,1.03775022612214,0.9547315575790755,0.8638483781703845
2017-06-12,23500000.0,13.5,27.2,11.947638816465062,6.473913438780964,0.0,0.8911614723482986,0.825059878122342,0.7370666811062269
2017-06-13,22980000.0,13.5,26.7,14.64222548347855,3.340216087692813,0.18000000000000002,0.6168121900481105,0.5524454708954312,0.5366408784138651
2017-06-14,26340000.0,16.3,29.1,12.479906094813096,8.242791313177426,0.0,1.0913409525454916,1.014427615118766,0.9188187209546784
2017-06-15,28650000.0,16.4,32.2,14.223381551318527,7.332911662049636,0.0,1.313482132260257,1.2278562654740122,0.9771701662156687
2017-06-16,28450000.0,16.0,32.0,15.265872870217786,5.552061686980438,0.0,1.1025535264927513,1.0178841321381888,0.855266096625401
2017-06-17,28410000.0,17.6,32.8,15.445290441210261,3.1277113007517836,0.0,0.8926952818868712,0.8067328022475003,0.7604797863022796
2017-06-18,29090000.0,18.1,34.7,11.947638816465062,4.351858594538845,0.0,1.1558110592568558,1.0664015656013963,0.9749548639107563
2017-06-19,27080000.0,20.8,34.5,13.01485705187935,6.087813192085289,0.0,1.1962785295140013,1.1117546463544303,1.0861537313526917
2017-06-20,22800000.0,19.5,32.0,15.805405481357644,5.507166309457685,0.010000000000000002,0.8764202111789533,0.8069277661374684,0.8328963283785409
2017-06-21,22840000.0,18.8,31.5,16.817030860711625,5.764566473921469,0.010000000000000002,0.8646029058529955,0.795540449242036,0.7906398320714212
2017-06-22,26480000.0,20.3,32.7,15.27833074505102,3.504832471942907,0.010000000000000002,0.829098387998654,0.7476077518236953,0.7916028314325235
2017-06-23,21100000.0,21.7,33.8,16.547801596716486,3.7682186867430576,0.0,0.7568136327190104,0.690876244246851,0.7689751694488334
2017-06-24,19360000.0,19.8,33.2,18.801636540373018,4.4685865760980015,0.21000000000000002,0.7617474446865499,0.7021681880269125,0.7103619728336007
2017-06-25,18730000.0,20.0,31.3,20.661531357531516,5.857350254135158,1.31,0.7043576654742673,0.6473450340508277,0.6576420136317859
2017-06-26,13990000.0,19.9,25.9,22.186169176754472,5.396424378234895,0.8900000000000001,0.45190847416661184,0.4109346378722013,0.3725114170614986
2017-06-27,21030000.0,19.9,29.1,21.50428685216972,4.13636078242963,0.010000000000000002,0.6293287218140333,0.5663012907286065,0.5402354119761673
2017-06-28,23580000.0,21.8,30.0,21.979645904535904,4.094458430075062,0.03,0.7198178567988432,0.6478073729715759,0.6166254086891061
2017-06-29,19950000.0,20.4,29.2,22.117140259057873,3.5826511263156786,0.04000000000000001,0.5901504133796796,0.5301122723713314,0.510441295055223
2017-06-30,21800000.0,23.1,31.9,22.071225435982658,5.37547320205761,0.05,0.7930514889357698,0.7251303539983937,0.7174347830976856
2017-07-01,6720000.0,23.5,26.3,26.804082517678264,4.74693791673907,0.67,0.2668756579470801,0.2466246769078538,0.24202765312058627
2017-07-02,10350000.0,23.6,28.9,28.940772339108875,6.8181113331220695,2.79,0.3985128923071908,0.3667623824459658,0.3278244331799499
2017-07-03,5800000.0,23.4,27.6,27.917855467427835,8.188916860150124,0.97,0.304715762397734,0.2870959147946144,0.26992344261177537
2017-07-04,13950000.0,22.3,29.1,27.331817901166865,4.2471027136524215,1.33,0.4397186506693857,0.3972280796843033,0.365482680297918
2017-07-05,21280000.0,23.6,31.2,26.533463243341878,2.687736601028805,0.05,0.6237978386465637,0.5575768845063,0.5232301001868516
2017-07-06,19830000.0,22.6,31.4,26.892551254206477,3.513811547447458,0.24,0.6027708211615542,0.5413630680420282,0.5076559481280193
2017-07-07,12880000.0,24.1,30.3,29.883979347911232,3.8011419635930763,0.53,0.42172949055461284,0.3817457891209651,0.3563260387862409
2017-07-08,9720000.0,22.5,29.2,28.998952133105078,3.675434906529368,1.32,0.31325137552336774,0.2835869601910308,0.2713812563145619
2017-07-09,19720000.0,24.5,32.0,29.906403638710888,4.208193386466036,0.4,0.6303162130979623,0.5683275196431663,0.513691935815989
2017-07-10,9260000.0,23.7,30.6,30.593620788125634,8.649842736050386,2.92,0.41180823901406055,0.3830797756527938,0.34710312892334233
2017-07-11,21800000.0,23.7,31.8,26.49307688010238,6.324262180371788,0.0,0.7722648116414738,0.7041399268692902,0.6388485239926267
2017-07-12,25080000.0,22.4,33.0,26.425885583126323,5.4353337054212805,0.0,0.8136966240096136,0.7353684737428926,0.6761218227900007
2017-07-13,27310000.0,22.1,33.1,25.461705401737305,5.836399077957873,0.0,0.8868564787795364,0.8016657539868849,0.7336820686130726
2017-07-14,21700000.0,24.1,34.0,28.314614533910255,4.55239128080714,0.76,0.7334159957468794,0.664577353656412,0.6339493035876934
2017-07-15,9580000.0,23.8,29.6,28.839202793254433,5.441319755757648,1.77,0.3759488672703549,0.346392764401586,0.33420485707670977
2017-07-16,9350000.0,23.7,29.5,29.225364053406345,5.968092185357948,0.08000000000000002,0.3687658293636902,0.33995547611033594,0.32161154657386126
2017-07-17,12560000.0,23.9,31.5,27.974236462193378,6.794167131776601,0.19,0.5433556442768386,0.5041291065037119,0.4889180164782013
2017-07-18,12860000.0,22.5,29.5,27.938986704054404,4.821763545943658,0.06999999999999999,0.42626516470875886,0.3869413427705312,0.3585119777704815
2017-07-19,25930000.0,23.7,33.8,28.044852472374608,3.0558786967153786,0.0,0.7684338837105339,0.6864544444849019,0.6394293312780297
2017-07-20,23650000.0,25.9,34.0,29.07911600181424,4.459607500593451,0.0,0.7991316486567411,0.723362679516651,0.6766040759820626
2017-07-21,21540000.0,26.0,34.3,30.761814061755732,6.782195031103867,0.0,0.8232321946409012,0.7540754931351936,0.6851227298833035
2017-07-22,15240000.0,26.1,33.2,31.481756315272666,4.172277084447834,0.04000000000000001,0.5496870692613891,0.5010198922655953,0.4813655850808429
2017-07-23,9470000.0,26.4,30.8,32.29621926300546,7.374814014404206,0.13999999999999999,0.43025760890793147,0.4003687379084173,0.36957131832052753
2017-07-24,12470000.0,25.4,32.1,31.82746399630558,5.091135811080175,2.1,0.4680020722487666,0.4285773284329689,0.40663036405042813
2017-07-25,13710000.0,21.3,29.2,26.466182476221444,6.1267225192716745,0.18000000000000002,0.4668309594648957,0.4253196671282007,0.3869449774331032
2017-07-26,25690000.0,18.6,30.8,19.670867772214784,6.051896890067086,0.0,0.829753645342558,0.7525472601275317,0.715392743216827
2017-07-27,26010000.0,22.3,31.8,21.448300236420987,2.9271786144834873,0.0,0.74401484521153,0.6634197813374981,0.6558571148518049
2017-07-28,15830000.0,23.1,32.0,29.130230003400165,4.483551701938921,2.58,0.525444650801439,0.47609424271991624,0.4512219876300617
2017-07-29,5570000.0,22.5,25.4,24.69871373042368,5.836399077957873,0.38,0.26835859575704923,0.25179361803803224,0.25325234876862746
2017-07-30,12290000.0,24.1,30.2,28.730723646453594,2.732631978551558,0.32000000000000006,0.391272806402461,0.353143992718879,0.3433170601609807
2017-07-31,3610000.0,23.4,26.3,29.98125733697911,2.526113241946895,3.7600000000000002,0.10639687467260373,0.09552540867453493,0.11038644017239788
2017-08-01,15470000.0,23.9,31.5,29.564172761357913,2.5350923174514453,0.15000000000000002,0.4668888841272393,0.4185740322681415,0.39694080529787906
2017-08-02,17150000.0,21.9,32.0,27.26277224714379,3.8909327186385823,0.0,0.540469703273631,0.48739392266072645,0.47272884983505126
2017-08-03,22010000.0,23.6,32.6,26.08552008875032,5.836399077957873,0.0,0.7722309686084289,0.7031648532153973,0.6625768965411225
2017-08-04,21000000.0,24.7,33.2,29.97376461897717,3.280355584329143,0.020000000000000004,0.6484631909515872,0.5819199241208982,0.5411262893615756
2017-08-05,22810000.0,24.9,34.6,31.567874788390636,3.3731393645428325,0.03,0.7086775770205992,0.6357572892932282,0.5856479564003703
2017-08-06,22180000.0,25.1,34.8,31.19358676865446,2.9421437403244046,1.2000000000000002,0.6867235231268147,0.6156640839924723,0.5761747574275284
2017-08-07,23730000.0,23.1,33.6,26.73620270764861,5.734636222239633,0.010000000000000002,0.8057039290474597,0.731023398736968,0.6890135517671456
2017-08-08,22010000.0,24.4,32.4,25.972919153640408,4.085479354570511,0.0,0.7121552149189423,0.6428476164139901,0.6194651462568468
2017-08-09,8020000.0,24.0,27.4,28.948039237899664,5.875308405144259,0.5599999999999999,0.2979157499342936,0.27348747901670495,0.24930715610567145
2017-08-10,15000000.0,22.8,29.9,27.345645339805397,3.6724418813611845,0.19,0.4635420367736597,0.4174681023444561,0.3950895776912752
2017-08-11,19740000.0,21.4,29.9,25.254533691596617,3.9837164988522713,0.30000000000000004,0.575278171550645,0.5151911803974843,0.47917486103786294
2017-08-12,19380000.0,21.0,30.8,23.55221748010991,4.046570027384125,0.03,0.596266237777158,0.537082048779175,0.5288628612919697
2017-08-13,8500000.0,21.9,27.0,23.112786857624513,7.464604769449711,3.33,0.4309051020911771,0.40544806719003484,0.39584007383246567
2017-08-14,4120000.0,21.8,23.9,25.28680684953472,5.734636222239633,4.37,0.16410098583553,0.15204336844146057,0.1558917559804729
2017-08-15,4590000.0,22.2,25.1,26.60764458623544,5.486215133280401,2.7300000000000004,0.176368922196596,0.1627769611232563,0.16229862878460005
2017-08-16,9030000.0,21.5,27.7,25.742429948897932,6.042917814562536,5.0,0.3450109283086247,0.31791033066563845,0.30593125916436276
2017-08-17,9100000.0,22.3,26.2,25.64419720655463,4.067521203561411,0.31000000000000005,0.2981899691281239,0.2710119693102688,0.2607055013258515
2017-08-18,16500000.0,22.5,28.8,27.276569180309778,2.3136084550058644,0.9900000000000001,0.4440068983726113,0.3937822097187538,0.36431835599631246
2017-08-19,9570000.0,22.5,27.6,27.159489346392377,3.7891698629203416,1.87,0.3051843450623336,0.27628604731004375,0.26582877698183605
2017-08-20,8240000.0,23.5,26.2,28.115624048376283,6.620571672021956,1.82,0.28930600792728944,0.26449135977657284,0.2277746805897502
2017-08-21,12780000.0,22.7,29.9,29.064526385125276,4.387774896557047,1.09,0.40024453168573615,0.361014525638646,0.33512807747520323
2017-08-22,18940000.0,24.2,30.6,29.093712009319493,5.881294455480626,0.06999999999999999,0.6155057895753424,0.5565666508809538,0.484601322470254
2017-08-23,14990000.0,26.0,30.9,30.85389534199663,6.237464450494466,0.97,0.5513030107200033,0.5040735480992135,0.4516522229910752
2017-08-24,15580000.0,21.8,31.3,28.500491079350994,9.649513142223682,0.2,0.5912628274177165,0.5432860444287778,0.4686557748576485
2017-08-25,23640000.0,18.9,31.9,18.746891627091415,4.369816745547945,0.0,0.749739419154249,0.678018556222382,0.6820810620491145
2017-08-26,24980000.0,14.8,28.1,15.702987108194618,4.345872544202478,0.0,0.6879308636685791,0.6163895462801378,0.5956201709584448
2017-08-27,22980000.0,18.8,28.3,20.764589625464993,2.520127191610528,0.0,0.5610570028191031,0.49310666823855664,0.47943391961536574
2017-08-28,16710000.0,19.0,29.7,23.02933689602506,7.1742813281359075,0.51,0.575384798664661,0.5254089297090541,0.49966072949966167
2017-08-29,23420000.0,16.3,26.4,12.76795940885548,6.488878564621881,0.0,0.7676649789465835,0.7006986373264252,0.7051309223176634
2017-08-30,7080000.0,15.0,20.9,15.063652533686865,3.852023391452196,0.0,0.259775695279816,0.240690459882081,0.26384422156841475
2017-08-31,24290000.0,14.2,26.6,16.5433466611109,4.274039940166073,0.0,0.5954458081348395,0.5270647783462407,0.5121067635990368
2017-09-01,21340000.0,14.8,26.3,16.503299554359938,4.54341220530259,0.0,0.5518213399711345,0.4915945481948758,0.49229775384947516
2017-09-02,21330000.0,16.2,25.6,17.007769690969493,3.4509580189156037,0.0,0.5178667625893508,0.4573195391664432,0.45529680673970585
2017-09-03,23450000.0,15.5,26.6,17.690378955764942,3.2953207101700603,0.0,0.5436135284196426,0.47688540613251407,0.4717484493743818
2017-09-04,19510000.0,16.8,27.3,18.348052406730364,3.780190787415792,0.0,0.5126597725489548,0.4562538860410804,0.4647975029683133
2017-09-05,5160000.0,20.0,22.0,20.688608447951644,2.2986433291649466,0.010000000000000002,0.1715947303219711,0.1569236416972487,0.17307531325713038
2017-09-06,10990000.0,18.2,25.9,18.85652146674581,3.783183812583975,0.22000000000000003,0.3598675550706034,0.3280940700515599,0.3541327444145253
2017-09-07,19220000.0,17.3,27.6,19.39264856588799,6.10577134309439,0.0,0.5761865456609947,0.5202760300358817,0.5023938734970741
2017-09-08,22210000.0,16.5,27.8,19.957826421873936,3.9717443981795366,0.0,0.5436679639822593,0.4793564735804686,0.4663718007048742
2017-09-09,18670000.0,17.3,28.7,20.036721259148973,2.154978121092138,0.0,0.44803898755317445,0.39327686799048267,0.4075367116690252
2017-09-10,10900000.0,18.4,27.4,22.20345582761386,3.597616252156597,2.29,0.32455796638688883,0.29263410537122947,0.3084967626393432
2017-09-11,6450000.0,17.1,23.6,20.15822376325669,5.016310181875587,1.64,0.2294163239090042,0.21127354591932682,0.22122611976191417
2017-09-12,21590000.0,14.4,27.8,15.809685603550884,5.794496725603303,0.0,0.6667085891213164,0.6052232870729776,0.5783567756947161
2017-09-13,22470000.0,14.3,26.0,15.33241803938417,3.849030366284013,0.0,0.5304020063448598,0.4674104071678783,0.4874763576345066
2017-09-14,20650000.0,15.2,26.0,17.339166741582844,4.271046914997889,0.0,0.502819090571225,0.44449122019745346,0.44601844625845394
2017-09-15,16739999.999999998,15.8,23.5,14.530548296413977,8.832417271309582,0.0,0.6283232418021358,0.581795174737937,0.5275042382941421
2017-09-16,13400000.0,17.5,23.5,16.58794339106044,8.670793912227671,0.0,0.5416989388706793,0.5039122758975477,0.45772554230936746
2017-09-17,13990000.0,14.3,25.9,18.182866804855504,6.183589997467161,0.010000000000000002,0.41115241958843207,0.3719665883897383,0.3802325661602485
2017-09-18,20080000.0,16.6,26.3,17.723474716742157,5.848371178630607,0.0,0.5599117294635715,0.502403736943159,0.4913802015493987
2017-09-19,16030000.000000002,16.1,26.5,19.921102018526962,9.736310872101006,0.15000000000000002,0.5301699654053728,0.484371112246459,0.4275330699721717
2017-09-20,20040000.0,10.4,23.0,12.52867763495167,5.393431353066711,0.0,0.4973592577716476,0.44462175677772847,0.4448363218618116
2017-09-21,21080000.0,14.3,24.5,15.386673314426945,3.109753149742682,0.0,0.45087399252002774,0.3925377691011197,0.41086027487593874
2017-09-22,18260000.0,14.5,25.0,16.41903479661152,3.3731393645428325,0.0,0.41539860731326667,0.364557957180801,0.38461998002512515
2017-09-23,15910000.0,15.4,27.1,18.377338912576267,3.513811547447458,0.010000000000000002,0.39878398135138327,0.35336453257748013,0.38420357358548796
2017-09-24,15060000.0,15.8,26.8,20.232497242455015,3.1875718041154535,0.020000000000000004,0.3555340042626124,0.3125065102780059,0.3272454683420074
2017-09-25,19700000.0,15.2,28.8,17.880229730990283,3.699379107874836,0.0,0.5178674733102622,0.46095652837130235,0.4725090889658833
2017-09-26,17380000.0,16.7,28.2,19.655319945271128,4.606265733834444,1.04,0.46781632514075155,0.4172583250593542,0.440689408700798
2017-09-27,1950000.0,17.1,19.6,19.341506482134772,3.1247182755836,1.2800000000000002,0.06325121493311602,0.057955565278367836,0.09703992352333835
2017-09-28,13970000.0,10.4,23.2,11.345582233577177,6.237464450494466,0.09000000000000001,0.4907872525703568,0.4539510246578452,0.47093352196972715
2017-09-29,17800000.0,9.0,20.4,9.481365444533235,4.007660700197739,0.0,0.39414075778912483,0.3491952231494641,0.3994524395804895
2017-09-30,18770000.0,12.5,24.2,14.498778216391004,2.4453015624059398,0.0,0.3664588555898989,0.31548483301573305,0.35286584719533065
2017-10-01,7180000.0,15.8,20.5,16.383667958431545,5.468256982271299,3.34,0.2557956939223385,0.23636867743811002,0.2451924870847691
2017-10-02,6670000.0,14.7,23.6,19.219247189342884,3.6784279316975512,0.010000000000000002,0.1837087211276559,0.16533148584101737,0.18966663306371717
2017-10-03,12870000.0,14.8,23.3,15.990371606841318,5.3455429503757745,0.36000000000000004,0.3674219054859519,0.332025311423506,0.3498340850463147
2017-10-04,12070000.0,12.4,19.3,13.599833164269171,5.492201183616768,0.06999999999999999,0.3098842437378824,0.27866011293774967,0.2806841507896599
2017-10-05,11060000.0,13.4,20.9,13.339510128128767,5.195891691966599,0.010000000000000002,0.33899808953836097,0.30963489391725096,0.3352475931066603
2017-10-06,4410000.0,15.0,19.1,18.20707676435777,3.6036023024929635,0.25,0.11026354483960195,0.0985781586043367,0.10605699882868683
2017-10-07,12350000.0,16.9,24.4,19.402891183919294,3.3581742387019147,0.020000000000000004,0.2939744782952478,0.2590618173810738,0.2744464120691359
2017-10-08,12440000.0,15.7,24.7,18.10076384002347,2.612910971824217,0.0,0.2812409041560997,0.24633753754569648,0.27528844973881317
2017-10-09,16379999.999999998,16.4,27.3,18.77673515012461,3.376132389711016,0.0,0.3860630653172137,0.3388539311739429,0.3768969803255945
2017-10-10,15570000.0,18.6,26.8,20.323008509274565,4.253088763988789,0.13999999999999999,0.40456264814219906,0.3590979304605696,0.37807349724222694
2017-10-11,2990000.0,12.5,19.3,13.287974212188853,6.88695091199029,0.27999999999999997,0.24090853718596508,0.23316570928114358,0.2633293103718412
2017-10-12,2380000.0,5.9,14.7,11.183506197074285,4.453621450257085,0.91,0.07501395544477771,0.06960084274886846,0.10876329390182468
2017-10-13,16840000.0,8.6,18.0,8.879090751256786,6.1716178967944275,0.0,0.4119198799212735,0.3707029114388273,0.3928913044587109
2017-10-14,16750000.0,10.0,19.6,8.76123988838807,4.471579601266186,0.04000000000000001,0.38520187959813446,0.34281641501277643,0.40724834579144
2017-10-15,9270000.0,10.8,18.7,11.054690732212595,5.818440926948772,0.0,0.3142672937793764,0.29083501177176807,0.3192548729971813
2017-10-16,7550000.0,11.3,19.5,13.343197976425994,2.954115840997139,0.0,0.18465891047800867,0.16530905352200534,0.2028902088788353
2017-10-17,15980000.0,12.3,20.7,12.269344205939944,4.378795821052497,0.020000000000000004,0.3460520712802655,0.30416564122864276,0.3458487377997933
2017-10-18,4190000.0000000005,9.6,16.8,11.984505095622703,4.851693797625493,0.010000000000000002,0.16620802343777125,0.15597627639360795,0.18269904364757866
2017-10-19,9350000.0,11.9,18.4,13.476558593182842,3.8669885172931133,0.05,0.20930813482619173,0.1854708715175502,0.2106464877785597
2017-10-20,12340000.0,10.0,20.0,13.004035755863825,3.606595327661147,0.0,0.23574860962929037,0.20438859224837178,0.24354278359638265
2017-10-21,15540000.0,8.5,21.1,11.512960612610465,5.30663362318939,0.0,0.34421494892467475,0.30489135969145303,0.34472933194780725
2017-10-22,13710000.0,8.2,20.8,9.955697775539013,10.203222798337634,0.0,0.5517464612484447,0.5172781042984752,0.4733199736199351
2017-10-23,15380000.0,6.7,17.0,8.85078260819715,4.217172461970586,0.0,0.2759158885608321,0.23954182385253014,0.2915432642440517
2017-10-24,11420000.0,5.2,16.4,9.467721301001566,2.915206513810753,0.0,0.18213251900990676,0.15582201141109966,0.20455067653543937
2017-10-25,15290000.0,4.2,18.7,9.211749086303753,4.025618851206841,0.0,0.29095468486164877,0.2551475507522752,0.2850243758702148
2017-10-26,12400000.0,9.1,18.1,9.558093316803426,2.110082743569385,0.0,0.2054140284361503,0.17485604819587489,0.23483854453990188
2017-10-27,11460000.0,9.2,20.3,11.781318939882397,3.780190787415792,0.0,0.23684171233996182,0.20787364849884069,0.267820983807182
2017-10-28,12460000.0,9.2,21.9,12.88194593827549,4.57633548215261,0.0,0.274116044978982,0.2420822415549188,0.29353525580509265
2017-10-29,13800000.0,2.1,18.9,5.298549205098159,11.529132947842937,0.0,0.978348676749049,0.9467986063834593,0.5849249544128251
2017-10-30,14880000.0,2.2,12.2,4.379927949921974,6.363171507558173,0.0,0.3524383685770836,0.3213838246999373,0.35631054315638727
2017-10-31,14550000.0,6.7,15.5,7.548582044885483,5.165961440284764,0.0,0.29687276614605423,0.26309534222107833,0.31588543732642876
2017-11-01,10470000.0,9.2,17.9,10.5254178381702,6.270387727344484,0.0,0.28832276141267393,0.2625502072378129,0.2969186834137201
2017-11-02,10930000.0,9.1,19.1,11.824364992169793,3.8909327186385823,0.0,0.2095271456758337,0.1822884016179763,0.23550904082317542
2017-11-03,10000000.0,3.9,18.1,7.656451141649226,9.787192299960125,0.020000000000000004,0.536654069913886,0.5134978331989484,0.41376443770995824
2017-11-04,11080000.0,1.3,13.3,5.955969030720812,4.968421779184651,0.0,0.2295437996508564,0.20635166034521885,0.2637993290641623
2017-11-05,13830000.0,2.2,14.3,7.050104372775487,4.914547326157347,0.0,0.2238435077860635,0.19409113976608838,0.25172169723638377
2017-11-06,13080000.0,4.3,16.9,7.943771439138874,4.297984141511542,0.0,0.2408551084960223,0.21087400740969117,0.27648244829311047
2017-11-07,12120000.0,11.1,19.8,12.654860430793123,4.579328507320793,0.0,0.2414578708359218,0.2103630800579163,0.2629625071736489
2017-11-08,12060000.0,2.7,18.0,7.016535299801222,8.413393747763887,0.0,0.5345594590774727,0.5070943105656925,0.40878428096192276
2017-11-09,12970000.0,3.7,15.2,6.261558639281385,2.8733041614561836,0.0,0.18752029850468163,0.1586777980470693,0.24538459566108695
2017-11-10,9400000.0,3.1,19.0,7.354301718408231,12.175626384170577,0.08000000000000002,0.7826904481085821,0.7608960850516989,0.47838131891741753
2017-11-11,13180000.0,-0.6,9.9,4.55830226347721,6.09679226758984,0.0,0.24565841986921916,0.22024394584737444,0.2591707611404517
2017-11-12,12670000.0,-0.1,12.8,5.083648505930906,3.3940905407201174,0.0,0.19208783816306946,0.16631140387823817,0.2341143586554418
2017-11-13,10030000.0,6.4,13.4,7.484063236570471,5.602943114839558,0.0,0.24192903589620726,0.21935482484666707,0.26086382062689795
2017-11-14,12380000.0,1.4,12.8,4.679790544672308,8.15898660846829,0.0,0.3680543532209657,0.34229357549853884,0.36375136502817706
2017-11-15,11040000.0,-1.6,8.8,3.6838984059247326,9.778213224455573,0.0,0.3702712664478872,0.34971311231321095,0.3130995701607056
2017-11-16,12320000.0,-3.3,7.6,3.5845141295374696,4.582321532488976,0.0,0.18081533355900697,0.15900273156197384,0.2143912634126849
2017-11-17,8990000.0,-2.9,9.3,4.414543716696681,6.560711168658286,0.0,0.22211963534708992,0.20560592163805821,0.23395247288847032
2017-11-18,12650000.0,-4.2,2.5,1.888882767482615,11.442335217965615,0.0,0.42044920258022556,0.4004481317199936,0.290472401477354
2017-11-19,12230000.0,-2.4,3.5,3.004876964157113,7.799823588286266,0.0,0.26081356062244293,0.24039788093378753,0.22748940898713815
2017-11-20,11070000.0,-3.6,7.2,3.9324656862384257,6.084820166917106,0.0,0.19284083463600446,0.17348652588715777,0.20838213000677713
2017-11-21,12040000.0,-1.6,9.0,3.5511552463526797,3.917869945152234,0.0,0.17635347752863087,0.15385721883369916,0.22891878394753257
2017-11-22,6560000.0,-2.1,11.5,4.495787776886289,8.808473069964114,0.0,0.38097328669766284,0.36830330021957824,0.3090652865383566
2017-11-23,9080000.0,-1.3,6.0,3.8418592079690943,9.577680538187279,0.04000000000000001,0.2996250921940935,0.28343402458387096,0.2441665483361633
2017-11-24,8510000.0,-3.7,6.0,3.844316683754142,7.249106957340497,0.03,0.20509332925035131,0.1905647584687957,0.20058549077054955
2017-11-25,10570000.0,-0.1,10.7,5.475882943421973,5.7615734487532855,0.03,0.18901681584143376,0.16820441083767937,0.22080604959206257
2017-11-26,8490000.0,-4.4,11.5,5.44234281317512,5.0731776600710745,0.0,0.19476057133554048,0.17897768980370635,0.19286662948814487
2017-11-27,11070000.0,-0.3,10.2,5.632535096936132,2.7416110540561083,0.0,0.10392039463586977,0.08236614891022241,0.15012516539429305
2017-11-28,7710000.0,4.1,12.9,7.73367937462937,5.372480176889427,0.09000000000000001,0.16839183596854598,0.15168822649564537,0.1988167389741195
2017-11-29,9860000.0,-2.2,10.0,2.3947063308039698,9.311301298218945,0.0,0.4470665793228911,0.4285192298661755,0.39969481993887257
2017-11-30,10760000.0,-4.7,3.8,1.727492691685112,10.762918504787955,0.0,0.41128991238831275,0.39400658730655436,0.31001955210600884
2017-12-01,11290000.0,-3.8,2.5,2.625143614484817,6.402080834744559,0.0,0.20323259205167324,0.18523996626707212,0.20267367998896257
2017-12-02,9920000.0,-2.6,7.0,3.963928183077589,3.7861768377521585,0.0,0.12839261994865997,0.11079784306529031,0.17088892002616154
2017-12-03,5180000.0,1.4,10.2,6.545401524849197,4.3368934686979275,0.0,0.1227343593530085,0.11237315015155162,0.15437832917395705
2017-12-04,10150000.0,-6.8,4.7,2.281744186518764,10.999367493074454,0.0,0.34747448484464954,0.33155359408477814,0.2720965201782318
2017-12-05,10850000.0,-5.3,0.0,2.480792596478412,6.964769566363062,0.04000000000000001,0.18332281366290473,0.16738655381180648,0.17020090845330066
2017-12-06,8710000.0,-2.1,6.2,4.116771398208357,4.2411166633160535,0.16000000000000003,0.130914720461271,0.11554874794324665,0.16453023330269556
2017-12-07,6130000.0,-5.2,7.1,3.2282049477009567,7.620242078195253,0.0,0.25183717224429014,0.2414493432584924,0.24379150575067646
2017-12-08,10940000.0,-3.9,0.5,2.7077256523797795,7.0874835982585855,0.0,0.18944659005090136,0.17273160649723385,0.17605167039019226
2017-12-09,9990000.0,-2.0,5.6,4.397898004045623,3.908890869647683,0.03,0.10674368860551822,0.08927760510046148,0.14025099516689535
2017-12-10,5780000.0,-5.2,7.9,3.6309827551371114,11.385467739770128,0.03,0.3715997721962193,0.3616588353225455,0.2658485117836856
2017-12-11,8070000.0,-9.4,-2.3,1.704704112291736,13.363857375939439,0.0,0.3130087341829354,0.3027258938790038,0.1865921381636893
2017-12-12,10770000.0,-7.8,-3.3,1.4116320721948865,10.819785982983442,0.0,0.29172664027332224,0.27781089021851885,0.1988324444745285
2017-12-13,10960000.0,-7.7,-1.2,0.897881404070563,8.55107290550033,0.0,0.2961882587093849,0.2813008864520238,0.2443050958518791
2017-12-14,8500000.0,-6.7,2.1,1.2556870573215706,3.049892646379012,0.0,0.13033146034413873,0.11766223435550263,0.17841613358119618
2017-12-15,8400000.0,-4.7,4.4,2.3602265120161476,7.92253762018179,0.0,0.2720441406261182,0.25839290100738155,0.25270099461239864
2017-12-16,10120000.0,-8.2,-0.8,1.5372628311836267,11.885302942856777,0.0,0.3354220836877466,0.3217064169226548,0.22397501226865862
2017-12-17,10500000.0,-6.6,-1.1,2.4255493078098143,7.686088631895292,0.0,0.1725129406621203,0.15786653275869195,0.15250448768716024
2017-12-18,7290000.0,-2.8,5.8,3.5010679486268454,9.032949957577879,0.0,0.2704189190343821,0.2578117769766965,0.23670168078636614
2017-12-19,10170000.0,-6.0,-0.4,2.2123537415748467,7.970426022872726,0.0,0.20860848682827887,0.19401658237359573,0.1810895905007178
2017-12-20,10160000.0,-3.5,4.5,3.456079347915386,3.8131140642658106,0.0,0.11225766627755847,0.0953295455420845,0.1513158389374556
2017-12-21,10290000.0,-2.9,4.9,3.6898199613652554,5.9411549588442965,0.0,0.1613694291069279,0.1438995824136396,0.1800019625097721
2017-12-22,9620000.0,-1.7,7.8,4.996150527287688,5.249766144993902,0.0,0.13116502370582872,0.11358523543250729,0.1641680583972089
2017-12-23,8060000.000000001,-0.6,9.5,6.1712617936717855,3.9567792723386193,0.13,0.09458404960605019,0.07914356465611415,0.13426420762877492
2017-12-24,1580000.0,-5.0,5.0,5.072637576346412,10.113432043292129,1.01,0.10355038318990384,0.10096771210458728,0.10425839650968016
2017-12-25,10490000.0,-3.3,1.7,3.1061069030814155,9.296336172378028,0.0,0.23201233126148718,0.21539352272014764,0.18849635805218687
2017-12-26,10170000.0,-7.8,2.5,1.6077012759981897,13.911580981717023,0.0,0.4465022147838053,0.4315647251353565,0.28472067321504485
2017-12-27,10780000.0,-7.1,-1.3,1.3664495161557848,8.910235925682352,0.0,0.2757762768834318,0.2609695582002506,0.22069500306700168
2017-12-28,9570000.0,-3.2,4.4,3.691005285619243,6.012987562880701,0.010000000000000002,0.15773661495079344,0.14173107875718258,0.1714863255377106
2017-12-29,7050000.0,-3.7,7.4,5.417307154021948,6.9946998180448965,0.0,0.11437207864904989,0.1020238587009334,0.1330473634368662
2017-12-30,7860000.0,-0.5,7.3,5.793139141581355,5.145010264107479,0.05,0.10836136388068163,0.09382406890419707,0.13009749915832902
2017-12-31,10570000.0,-4.7,4.6,2.4550946064628105,9.565708437514546,0.0,0.31424980071408315,0.2970053756568388,0.265464828966146
2018-01-01,10690000.0,-3.2,4.2,2.937416406897984,6.97075561669943,0.0,0.21954836715156265,0.2017371849997697,0.21920045410314087
2018-01-02,5790000.0,-5.9,3.9,2.385039239084174,9.344224575068964,0.0,0.29911817974715105,0.2900180529663351,0.24695087527991402
2018-01-03,10710000.0,-5.0,1.3,1.876506848792974,8.380470470913869,0.0,0.27746318661729413,0.2611998805460917,0.23712695603835043
2018-01-04,8820000.0,-4.2,2.7,1.9317736316272576,4.669119262366299,0.0,0.18223099930435413,0.16823018853901678,0.2102024031980975
2018-01-05,9910000.0,-4.0,3.3,2.8382793569863165,8.554065930668513,0.0,0.2531325654939072,0.23715218507006802,0.21934838039761964
2018-01-06,10980000.0,-6.0,4.1,2.7677258964764886,6.237464450494466,0.0,0.1829736942964471,0.16568200969733163,0.1975801332956112
2018-01-07,5020000.0,-3.1,2.6,2.85805425369171,1.9903617368420439,0.010000000000000002,0.08979109534991904,0.081664478842668,0.12000937244867045
2018-01-08,3720000.0,-3.5,5.7,4.741603575224742,10.55340674301511,0.22000000000000003,0.19441967550985656,0.1880805234974609,0.15836492572048394
2018-01-09,6290000.0,-5.2,0.0,3.055620518824833,10.969437241392619,0.15000000000000002,0.22585283465182499,0.21659472233358837,0.1552703654706376
2018-01-10,10000000.0,-10.0,-0.9,1.4753467430845666,10.9544721155517,0.010000000000000002,0.2993494732094545,0.2863688435840595,0.2103495718421108
2018-01-11,10830000.0,-12.0,-5.1,1.3197146321399054,11.253774632370051,0.0,0.2412394462619983,0.22913604673911755,0.15555363039890274
2018-01-12,11620000.0,-11.7,-3.8,1.6727816979395465,7.512493172140648,0.0,0.15660221196693255,0.14308670118887568,0.13391832057011183
2018-01-13,7880000.0,-6.3,3.6,3.4304439901945294,4.833735646616392,0.0,0.12151091679142137,0.1092987927582844,0.14129918918169818
2018-01-14,11150000.0,-4.3,5.7,4.146907902524013,2.9002413879698357,0.0,0.09024433539639878,0.07152585271771739,0.12589513941229172
2018-01-15,7740000.0,-2.8,9.0,5.408984613507848,5.031275307716505,0.0,0.12660386154756412,0.11243517011970001,0.1589077512143649
2018-01-16,3980000.0,1.4,8.8,6.7388701320536,3.103767099406315,1.2400000000000002,0.08668928697475728,0.07890246938411541,0.11172351580368409
2018-01-17,4540000.0,2.5,9.4,7.145279130564898,5.851364203798791,0.32000000000000006,0.13350549472919593,0.12438200572000724,0.14289658639793915
2018-01-18,9930000.0,-4.0,6.9,4.0920226785060665,7.030616120063099,0.0,0.1948997636749054,0.17775848391457869,0.1994590575791753
2018-01-19,11120000.0,-3.4,6.9,2.8382793569863165,5.698719920221431,0.0,0.22942059744965002,0.2100140525800107,0.2532001154933982
2018-01-20,11290000.0,-3.3,7.6,4.301902118538827,5.809461851444222,0.0,0.17634209419784813,0.15635311071193062,0.1960523663785168
2018-01-21,11750000.0,-0.8,7.9,3.1738832980038443,3.3491951631973644,0.0,0.16713995606768756,0.1452967454670926,0.2184069749726761
2018-01-22,7750000.0,-8.9,6.9,3.756720827285072,10.337908930905893,0.27,0.3168673667895877,0.3046867134992036,0.20161690774072222
2018-01-23,12520000.0,-13.1,-6.6,0.9965251723960472,14.653851223426537,0.0,0.32428630145285237,0.3111991152075365,0.1659974889607147
2018-01-24,12450000.0,-14.3,-7.8,0.7142702075833642,13.989399636089793,0.0,0.3196780617022683,0.3074691840284502,0.16660351682181285
2018-01-25,12410000.0,-16.3,-6.6,0.6323119310880674,12.034954201265952,0.0,0.28183684557090527,0.2699289743893846,0.16963309854178205
2018-01-26,13360000.0,-15.3,-7.8,0.5851346095345326,10.092480867114844,0.0,0.2463103561079622,0.23356088216460624,0.16080246081663052
2018-01-27,13140000.0,-10.8,1.4,0.7566989123168225,6.689411250890178,0.0,0.2734089420194309,0.25575945002947376,0.25491402355620507
2018-01-28,12580000.0,-7.9,0.7,1.798748360322777,11.771567986465802,0.0,0.35936476995962446,0.34162434806609776,0.2362724551471341
2018-01-29,13270000.0,-8.4,-3.7,1.4524502913022692,10.185264647328534,0.0,0.2864132716334781,0.2696620875783806,0.18993203431697253
2018-01-30,13250000.0,-7.4,1.6,2.6942516658818496,8.793507944123196,0.0,0.23040785456520915,0.21115148762854044,0.18177893784981713
2018-01-31,10330000.0,-5.8,4.5,2.1172076681837257,6.288345878353585,0.0,0.25492917938085,0.23846648457527606,0.24985724072816265
2018-02-01,13770000.0,-6.0,3.8,1.5574941900708779,5.704705970557797,0.0,0.2577140445541411,0.2361581411914735,0.2613228293559987
2018-02-02,13750000.0,-4.4,4.7,2.0784737724028193,8.673786937395855,0.0,0.35927314105535196,0.33666729125669537,0.29678360824312733
2018-02-03,13910000.0,-10.6,-2.8,1.4061004544823348,14.465290637830973,0.0,0.37792834497677663,0.3609020380008394,0.2016427622628974
2018-02-04,14450000.0,-10.1,-4.0,1.1845084892547524,11.933191345547714,0.0,0.33858606338525293,0.32119412764065153,0.2001044213946009
2018-02-05,14360000.0,-11.0,-3.4,1.0177558792095371,12.504859152670766,0.0,0.36951438894871186,0.35235597694744925,0.21506580198134628
2018-02-06,14640000.0,-11.4,-4.0,1.0811173846194289,10.649183548396982,0.0,0.30510694556688217,0.28803675173578625,0.19417321519184108
2018-02-07,14700000.0,-9.8,-1.1,1.2924574420685648,5.399417403403079,0.0,0.2043146285646046,0.1852331030152739,0.19153587247369414
2018-02-08,14670000.0,-6.5,4.8,1.7517738957684168,2.7416110540561087,0.0,0.16511342788387368,0.1419185101352885,0.20202190927867494
2018-02-09,12400000.0,-1.6,9.8,3.8566249946667472,4.435663299247984,0.0,0.22837154774994944,0.20489004139124586,0.25757676271083807
2018-02-10,6670000.0,-6.6,5.3,2.2198860219227927,11.858365716343124,0.0,0.4276031981034878,0.41697336515545513,0.30187050109992486
2018-02-11,12490000.0,-7.4,-0.8,1.892151659237646,13.292024771903032,0.020000000000000004,0.388843719093972,0.3716121476676854,0.2200971189836558
2018-02-12,9220000.0,-5.6,-1.1,2.495823611075894,10.322943805064975,0.03,0.2744916121391794,0.2613479049366829,0.17903119955882305
2018-02-13,15310000.0,-4.7,4.5,2.7330375326763994,6.919874188840309,0.0,0.2803310221436504,0.255401773663818,0.24340019452398431
2018-02-14,13300000.0,-2.6,13.0,3.933719920023431,9.215524492837071,0.0,0.6205974417037329,0.594492880356739,0.39708209941241857
2018-02-15,13970000.0,-3.4,7.4,2.0770513891957676,6.6744461250492595,0.0,0.354674962374749,0.33007362282147124,0.33437377079580316
2018-02-16,13960000.0,-5.5,6.8,1.8545407960637275,10.72400917760157,0.0,0.5109054200262039,0.48751364541319314,0.36640681339699427
2018-02-17,16190000.000000002,-2.9,2.7,1.6082671529113586,9.745289947605556,0.0,0.4581399797794655,0.43177782870902226,0.32634235932795763
2018-02-18,11670000.0,-1.6,6.8,2.297252108122543,4.600279683498076,0.0,0.27442774864968345,0.25343375554735625,0.28656707014460936
2018-02-19,12810000.0,-2.6,9.2,3.594923292272223,5.647838492362311,0.0,0.2800326930297115,0.25642111875168205,0.28136565868705277
2018-02-20,14530000.0,-3.9,8.6,2.369004597268819,8.078174928927332,0.0,0.43806392934674354,0.41215465485593594,0.36135718781491033
2018-02-21,14050000.0,-4.6,5.6,1.9019886176487595,7.027623094894916,0.0,0.3551985595267882,0.3317891012262558,0.311958505729342
2018-02-22,14080000.0,-2.5,6.8,3.3687321275427364,6.779202005935683,0.06999999999999999,0.3083469351699914,0.2834182471733821,0.2694744004494081
2018-02-23,14880000.0,2.6,10.9,5.15493974294798,9.311301298218945,0.0,0.43418290613801425,0.40354158377913835,0.34220717064197104
2018-02-24,14670000.0,0.6,11.3,4.825145601897421,4.202207336129669,0.05,0.2621455134234087,0.23266498836508318,0.2733334856426661
2018-02-25,14460000.0,-3.7,11.4,3.378583120325777,5.204870767471149,0.010000000000000002,0.39482664936805284,0.3676719500938779,0.3236446623020991
2018-02-26,17290000.0,-2.3,11.4,3.8259195603830944,2.693722651365172,0.0,0.25437730855749363,0.22114630259443918,0.25810197098272175
2018-02-27,15110000.0,1.0,13.8,4.687111606675051,4.965428754016468,0.010000000000000002,0.3552591988425801,0.3235387529710029,0.34920250445413614
2018-02-28,1930000.0,2.5,8.4,7.613591350740121,13.3159689732485,3.8000000000000003,0.1589268787406008,0.15510859280789738,0.1212906503443872
2018-03-01,15990000.0,-6.3,4.4,2.8270341185140007,15.153686426513186,0.0,0.48765939169134526,0.4624777854308847,0.26889290814964406
2018-03-02,18110000.0,-2.8,9.1,2.9822386896011155,4.845707747289127,0.0,0.31543649588628125,0.28222747573165774,0.3103945480510043
2018-03-03,17560000.0,3.2,16.1,6.7126515964312246,4.0136467505341065,0.0,0.3341028650523292,0.294843003220457,0.32835863755089634
2018-03-04,13140000.0,4.9,19.3,11.151966604290893,8.009335350059112,3.9700000000000006,0.35993137623875315,0.32866587406816566,0.2920337903637761
2018-03-05,6980000.0,-2.1,7.8,5.240038996681796,6.243450500830832,0.11000000000000001,0.19085384000894207,0.17818667932072443,0.177332969317409
2018-03-06,18080000.0,-1.0,10.6,5.275726876249485,4.028611876375024,0.0,0.2606048921163173,0.22557168395180566,0.2473722132509503
2018-03-07,6510000.0,0.9,8.0,6.600737671288653,6.641522848199242,2.0100000000000002,0.16945494161857177,0.1569837806974696,0.144857788371453
2018-03-08,5700000.0,-1.4,7.8,6.206865692035975,6.668460074712892,0.52,0.1472919213024528,0.13682160226558066,0.13308182603424923
2018-03-09,8510000.0,-2.2,7.7,5.62392060652618,3.1875718041154535,0.0,0.13691860313092882,0.12152863468494764,0.13926214870670753
2018-03-10,17960000.0,1.0,11.5,5.462445005059937,6.9557904908585115,0.0,0.37539564040205814,0.33896850110262394,0.3135075209784133
2018-03-11,17880000.0,-2.7,12.9,5.1294909906171435,5.492201183616768,0.0,0.40303755641592687,0.3680555718629931,0.3077169205033544
2018-03-12,19310000.0,0.5,17.6,6.1414197399725525,4.23812363814787,0.0,0.45010078007667015,0.4076236638013138,0.37965030714816317
2018-03-13,18710000.0,4.3,20.0,9.638137714023914,6.135701594776225,0.0,0.49355813683093136,0.4489855942804584,0.3829609531451901
2018-03-14,17930000.0,8.4,22.8,11.47091364334189,4.396753972061598,0.38,0.45366109075437056,0.40751637346254493,0.4052045102847307
2018-03-15,2610000.0,2.9,16.0,10.99543984018898,6.279366802849035,1.4900000000000002,0.07885214053116138,0.07304805986852698,0.1218959434282771
2018-03-16,11780000.0,-2.7,8.1,4.561162042903017,6.665467049544709,0.0,0.2720797650381176,0.25081338706736134,0.23173140818751814
2018-03-17,19440000.0,-0.4,11.6,5.656717810081533,3.0618647470517457,0.0,0.2722444748547489,0.23360249418465093,0.25553544644346077
2018-03-18,8359999.999999999,6.1,12.3,8.85335278359408,2.568015594301464,1.06,0.16783611314455474,0.1493707385222417,0.16631146717418654
2018-03-19,1630000.0,3.8,9.5,6.865161196755062,10.316957754728609,1.42,0.23847303460775846,0.23512657714632917,0.20886428858277264
2018-03-20,13110000.0,0.1,7.5,4.463413118759338,12.588663857379906,0.63,0.48216177515693703,0.4575835908141334,0.29519761484554935
2018-03-21,5060000.0,0.4,4.6,5.272473656922595,7.431681492599692,0.6400000000000001,0.19332542178322742,0.18425463237650747,0.15124858368161845
2018-03-22,20930000.0,-1.0,12.1,4.940608546982053,7.147344101622258,0.0,0.4647418748896649,0.42320348382553197,0.34968110894556653
2018-03-23,21320000.0,2.6,14.0,5.77020213625811,5.842385128294241,0.0,0.4399152992279195,0.3939848873662772,0.3812200491651022
2018-03-24,19300000.0,2.6,16.0,7.448675457348599,7.823767789631733,0.0,0.4975306080002027,0.4547852270821756,0.3716045466273593
2018-03-25,21430000.0,4.4,18.3,8.037701893593809,7.449639643608793,0.0,0.5885991208901845,0.5385375324666499,0.44095340294207475
2018-03-26,21530000.0,5.0,18.9,8.522208907211343,6.437997136762761,0.0,0.552201821802948,0.5011587638316676,0.43249090517114963
2018-03-27,20860000.0,8.7,21.0,9.095274627515115,8.200888960822857,0.0,0.6550997000850536,0.6022572787266383,0.5525412083611103
2018-03-28,20930000.0,10.3,21.4,10.235607520824425,7.757921235931695,0.0,0.6228010919677233,0.5686568452695644,0.5353080483965178
2018-03-29,17830000.0,6.9,21.3,9.227733388398386,4.866658923466411,0.0,0.517266807503549,0.4728325159617744,0.445931440282579
2018-03-30,19210000.0,4.1,18.2,8.170850548724301,5.085149760743808,0.0,0.46709394317215736,0.42244235014561127,0.38612521284715196
2018-03-31,21250000.0,7.7,22.3,9.321463289449493,5.650831517530495,0.0,0.6409290063960101,0.58692573497425,0.5216801435644933
2018-04-01,15340000.0,9.5,23.1,12.986017834710662,5.980064286030683,0.0,0.47066478934484135,0.43061674155426005,0.40743769500184435
2018-04-02,21030000.0,10.0,25.4,12.441702779172859,5.824426977285138,0.0,0.685130087226967,0.6287064177852285,0.5434523280700428
2018-04-03,16700000.0,14.5,25.2,14.293755390539381,6.015980588048884,0.86,0.5458426130676031,0.4992653287580754,0.5159936366578873
2018-04-04,4230000.0,7.1,13.8,8.871362443391218,8.47624727629574,0.9400000000000001,0.288074925309405,0.27841662785357535,0.25463295146911735
2018-04-05,2910000.0,6.8,9.2,9.155996035901667,6.524794866640084,2.2100000000000004,0.11626675339215757,0.1100508410912913,0.11414508297486078
2018-04-06,15450000.0,2.4,12.9,5.389056666279792,13.959469384407958,0.010000000000000002,0.6820815155280202,0.6494102714054292,0.4303779073747407
2018-04-07,17730000.0,0.4,8.1,3.5408586769196844,13.878657704867003,0.0,0.6924749126641225,0.6587327242771941,0.3948505063125186
2018-04-08,19330000.0,3.9,14.0,5.771963664830714,8.982068529718758,0.0,0.5808822608734114,0.5384777070098544,0.4377787646729859
2018-04-09,23210000.0,2.3,16.1,6.067372091141348,4.782854218757273,0.0,0.5142550540535942,0.4629893429311198,0.4166053196301783
2018-04-10,21550000.0,10.3,22.4,11.4838367589536,11.600965551879343,0.45,0.7738096266952751,0.7174925824155515,0.5748319757824518
2018-04-11,23470000.0,5.4,18.9,6.225677428495367,8.89826382500962,0.0,0.8332082284205065,0.7772960117631255,0.6006851501745014
2018-04-12,23430000.0,4.7,19.9,5.848160844479189,8.135042407122821,0.0,0.9274223497313269,0.8714040388047589,0.6293892220375774
2018-04-13,13230000.0,7.9,17.1,7.209357642889314,8.108105180609169,1.06,0.5577274220917054,0.5259449538796888,0.4784752267913371
2018-04-14,2850000.0,5.9,11.6,9.67143190467867,9.137705838464301,1.4300000000000002,0.1439375855370119,0.13771992904003075,0.13187770247631578
2018-04-15,20880000.0,2.8,16.4,7.267461629128351,10.119418093628497,0.0,0.6622982561115273,0.6156781016806472,0.43061076695307243
2018-04-16,22250000.0,5.9,17.3,8.26714435096168,3.4838812957656224,0.0,0.43006377213602887,0.37776360754263566,0.38042947335437083
2018-04-17,19580000.0,5.5,19.6,8.257470131498225,3.9388211213295183,0.0,0.4865504190173377,0.4394575404257835,0.4189963226843901
2018-04-18,24540000.0,6.3,20.8,7.724558158976435,5.770552524257836,0.0,0.7131919158486151,0.6527851842869065,0.5540046191871945
2018-04-19,24560000.0,6.4,21.9,7.3586676708722365,6.590641420340121,0.0,0.8598359217933893,0.7985619648026605,0.6240175676424354
2018-04-20,24300000.0,9.6,27.1,12.1160202659855,3.0648577722199293,0.0,0.6346091264709596,0.5686171846194823,0.5417008614127514
2018-04-21,23890000.0,9.6,28.3,10.53140679119852,3.852023391452196,0.0,0.7442269038883149,0.6786389357514496,0.6432030728967093
2018-04-22,8359999.999999999,9.9,20.8,10.549391655492439,7.77887241210898,0.9900000000000001,0.45611958023085214,0.43471622412168476,0.43733851890083564
2018-04-23,2210000.0,9.2,11.4,11.174036087713533,7.937502746022706,3.6200000000000006,0.10088171146399769,0.09585524967493911,0.10385115566223821
2018-04-24,5060000.0,3.9,13.6,8.974895749810297,4.555384305975324,0.03,0.1658026070437144,0.15476353971924967,0.17080271272820927
2018-04-25,25650000.0,5.4,20.2,7.248047855759382,3.169613653106352,0.0,0.5733436747188378,0.511287153340078,0.4810054675539293
2018-04-26,22420000.0,8.6,22.8,9.386219177097201,5.73164319707145,0.0,0.7081286014627832,0.65030877061283,0.571185019544854
2018-04-27,23190000.0,7.5,21.3,11.136226181249441,4.618237834507179,0.0,0.545441578284595,0.4872666288356598,0.4366928609383784
2018-04-28,25530000.0,8.0,23.0,9.569098982132243,6.7672299052629485,0.0,0.8323577822850268,0.7667902177632454,0.607550070647451
2018-04-29,24310000.0,11.6,24.0,10.229766940234457,6.1716178967944275,0.0,0.7377426972282778,0.6723955495475866,0.6455926354479077
2018-04-30,23820000.0,12.6,26.2,15.03495672421778,4.348865569370662,0.0,0.6336185652075483,0.5676997396933934,0.5276379994358075
2018-05-01,11740000.0,15.0,25.0,17.904086189120264,5.282689421843921,2.89,0.38184115143906655,0.34901344760740555,0.353567285835359
2018-05-02,6710000.0,8.2,17.7,12.18055028402409,11.636881853897544,0.13999999999999999,0.31627109384964913,0.2999802321610267,0.24462757479589464
2018-05-03,24850000.0,8.2,16.7,7.356484408667443,16.18328708436832,0.0,1.03525629902219,0.9756299384113705,0.590049861591378
2018-05-04,26280000.0,8.7,20.1,7.022818725722589,12.606622008389007,0.0,1.0440450376800796,0.9781184455490741,0.7289842392456254
2018-05-05,22760000.0,14.3,24.7,11.630106874527916,6.638529823031058,1.05,0.7517134400047261,0.6886178112808705,0.6664758184187011
2018-05-06,1380000.0,13.6,16.4,16.388085155606603,4.190235235456934,1.57,0.030619500536266893,0.02711246455687729,0.06675054182321385
2018-05-07,7420000.0,10.6,18.3,13.971780582535079,4.031604901543208,0.34,0.2044684458042642,0.18583412295020352,0.18855895910231302
2018-05-08,16970000.0,7.6,19.2,10.709436039544721,8.120077281281903,0.0,0.4994195561769782,0.45778923903076024,0.39505782319550986
2018-05-09,21030000.0,9.3,19.9,10.096241120688008,4.477565651602553,0.010000000000000002,0.5110261794911806,0.45803956692135667,0.4437416657978822
2018-05-10,25080000.0,10.2,22.4,12.452111654291583,5.584984963830457,0.0,0.6140364569263853,0.5485602484134924,0.49484165202208674
2018-05-11,22760000.0,13.3,22.6,11.512960612610465,5.0731776600710745,0.12,0.6327600058684172,0.5714069045050769,0.55234490899572
2018-05-12,2930000.0,13.6,17.1,16.53889277748382,3.2953207101700603,0.8,0.07037258576003795,0.06287117028158573,0.08919731310180092
2018-05-13,23300000.0,10.8,23.3,13.769530981124065,6.653494948871976,0.010000000000000002,0.6236379607634088,0.5618988452800346,0.4863185472911756
2018-05-14,26050000.0,14.3,26.5,16.029324898702235,4.411719097902515,0.0,0.6684593278841395,0.5951235590083471,0.5628407014014132
2018-05-15,22770000.0,18.6,29.1,18.391997520819352,3.576665075979312,0.19,0.6480685428329707,0.5804478684138676,0.5827682698871228
2018-05-16,9170000.0,20.7,27.4,25.781815000393422,5.094128836248358,1.75,0.3119191383350769,0.28460916192271035,0.2713928322442295
2018-05-17,14020000.0,20.7,31.1,25.54629213267915,6.596627470676489,0.8,0.5363498578880395,0.49353446419600006,0.4836393499150873
2018-05-18,8930000.0,11.2,24.5,16.36600961160946,7.671123506054374,0.41,0.37678392269721905,0.3527568105111921,0.3380555173005525
2018-05-19,24480000.0,7.7,19.6,10.081820352250848,7.970426022872726,0.0,0.6449565668234781,0.5845609392965518,0.4825287711431071
2018-05-20,20690000.0,9.4,20.5,10.60652224593615,9.176615165650686,0.0,0.6707797872117552,0.6182557144969929,0.5099181744009731
2018-05-21,14670000.0,11.1,22.4,13.306359776016002,5.369487151721244,0.0,0.440385349156699,0.4017414557241678,0.3981727672756465
2018-05-22,18460000.0,15.9,24.6,15.741325546104688,3.7173372588839375,1.8399999999999999,0.5114008558033869,0.4595632209486654,0.4547606194051072
2018-05-23,26850000.0,9.1,23.1,10.555392616277262,7.2760441838541485,0.0,0.841541751336386,0.7717274709352735,0.6139969451437985
2018-05-24,27530000.0,13.1,25.5,10.908632186324397,8.182930809813756,0.0,0.9568744478530846,0.8808223561987658,0.7798215238406305
2018-05-25,25300000.0,11.9,26.5,11.594201435236712,4.2500957388206055,0.0,0.7653671180807209,0.6955986373500225,0.6370193515428564
2018-05-26,26780000.0,14.5,28.4,14.674271352368114,2.8912623124652845,0.0,0.7060784071777455,0.6293819908581916,0.6058058209808509
2018-05-27,17350000.0,15.2,27.0,16.357186700386894,3.241446257142757,0.0,0.49058488123377214,0.4411745064983076,0.4618130319270116
2018-05-28,23030000.0,17.1,28.8,17.09467768554015,5.094128836248358,0.010000000000000002,0.7128143437996066,0.6453138836145713,0.6400804930425243
2018-05-29,20150000.0,17.5,27.7,19.092614125417036,3.6634628058566343,0.12,0.5646731814089432,0.5059235830217342,0.49478265863380616
2018-05-30,20840000.0,14.1,24.7,16.677453290387923,6.593634445508305,0.9199999999999999,0.5936342215858905,0.5359621676935736,0.47108817875138664
2018-05-31,25380000.0,14.3,27.0,14.807112404907407,5.540089586307704,0.0,0.7585697343731266,0.6868220959924192,0.6373674016196358
2018-06-01,25440000.0,16.3,30.1,15.635032159895761,5.546075636644072,0.0,0.8928132133829634,0.817972461266702,0.7505936406706473
2018-06-02,26850000.0,16.2,31.1,12.553126182924835,5.638859416857761,0.0,1.0746218971922146,0.9951133667305214,0.8862072513380497
2018-06-03,25490000.0,18.2,31.1,13.822703854303802,4.9295124519982645,0.0,0.8960379890171181,0.8194853265711387,0.8295223670652143
2018-06-04,21860000.0,18.7,29.9,15.265872870217786,5.414382529243996,0.06,0.7847654717924893,0.719432786000262,0.7515118171234969
2018-06-05,16280000.000000002,17.1,26.6,16.835115280330893,4.4326702740798,0.010000000000000002,0.5321224962862129,0.4852015741950987,0.49493929145514476
2018-06-06,26660000.0,17.4,30.5,18.197389392706437,4.755916992243621,0.0,0.8247431905088304,0.7454573186975207,0.6993804113665048
2018-06-07,27040000.0,18.7,30.9,19.037127533097163,6.225492349821731,0.0,0.8891475231059861,0.8077725189523152,0.7628933846120793
2018-06-08,26370000.0,17.5,28.2,17.177370525331767,5.872315379976074,0.0,0.8059872064475225,0.7288126019131509,0.6810229396062598
2018-06-09,22850000.0,17.0,27.4,14.875956803635127,10.64020447289243,0.010000000000000002,0.992169608664639,0.9259538300871751,0.7962162788195333
2018-06-10,10980000.0,16.5,23.3,14.96954642576905,8.838403321645949,0.03,0.5762873873923144,0.5456372484082819,0.49698111817351
2018-06-11,12370000.0,15.0,23.2,14.447281917406373,4.699049514048133,0.19,0.43502669585419723,0.40097499810486276,0.41098450944335596
2018-06-12,20070000.0,17.2,26.3,15.673224994421043,4.1124165810841635,0.08000000000000002,0.6038516402621356,0.5460982718857299,0.5474288806167332
2018-06-13,16980000.0,16.5,27.0,16.273576912969656,6.426025036090027,0.0,0.6329069681767178,0.5840453740047512,0.5764549127593845
2018-06-14,18580000.0,15.6,26.7,14.762715225995613,8.835410296477765,0.010000000000000002,0.780795203276503,0.7278390799747525,0.6724030042386835
2018-06-15,22580000.0,14.1,25.9,12.824841359557416,8.886291724336884,0.0,0.8614434082913919,0.7983046048400372,0.719854679969372
2018-06-16,26370000.0,13.5,27.6,13.975621559708687,5.067191609734707,0.0,0.8208167238780171,0.7463940200757706,0.667004125993915
2018-06-17,17790000.0,18.8,28.7,17.64319327619326,2.6907296261969886,0.0,0.5284252754460603,0.47566945947566924,0.49836708110822886
2018-06-18,21990000.0,20.5,32.1,16.610281271277255,3.3581742387019147,0.0,0.7086002491177049,0.6410988537362095,0.6951243938101003
2018-06-19,9190000.0,17.2,25.7,20.08946941100287,4.7080285895526846,0.66,0.33153530384929136,0.30521565986211063,0.31487407868471423
2018-06-20,23000000.0,17.2,29.1,16.984963661048376,7.967432997704543,0.0,0.853340110716216,0.7857273438661527,0.7359513325923439
2018-06-21,27140000.0,18.1,30.3,13.592333875578532,7.296995360031433,0.0,1.034516498860105,0.9535172522143174,0.9342558774398823
2018-06-22,24750000.0,20.3,32.6,13.354266897146925,4.681091363039032,0.0,0.8945188136044925,0.8184002918056239,0.8898161615570143
2018-06-23,20120000.0,19.3,32.0,15.315757924112111,8.500191477641211,0.0,1.0525764701498894,0.991332789197428,0.9558324099131912
2018-06-24,27280000.0,19.7,34.4,16.650555947925607,7.928523670518157,0.0,1.344731626140251,1.2602013169328852,1.0663098582937889
2018-06-25,20520000.0,21.6,34.3,18.28473857994059,4.070514228729594,0.0,0.7810238833443532,0.716746768538759,0.7641977900568107
2018-06-26,4540000.0,22.7,26.4,27.407944432107726,8.188916860150124,9.23,0.22875894364935326,0.21514302563181292,0.208282221050548
2018-06-27,17560000.0,21.7,28.9,24.259294139046048,6.030945713889802,0.04000000000000001,0.6017432590138894,0.5485393267744457,0.4965236335912162
2018-06-28,9900000.0,19.9,26.3,24.692387658418042,3.8460373411158293,0.52,0.29779413762951623,0.2687127474945498,0.2537331668391943
2018-06-29,16530000.000000002,21.1,29.3,24.69871373042368,3.400076591056484,0.26,0.4956006387481821,0.4455844547130254,0.4253975910930185
2018-06-30,8860000.0,20.6,26.6,25.061649520729873,3.9986816246931887,3.78,0.28786727560975794,0.26164987736125644,0.25338036281670356
2018-07-01,8100000.0,21.2,26.9,26.892551254206477,6.36017848238999,3.9000000000000004,0.28205564829539276,0.2579323321623319,0.23045015481743575
2018-07-02,8029999.999999999,21.8,26.6,27.574681609395142,3.9956885995250055,0.8800000000000001,0.246701198394583,0.22273568805686472,0.20490800768751857
2018-07-03,11760000.0,22.3,27.4,25.31265131747229,9.691415494578253,0.5900000000000001,0.5147386511684781,0.47932357079803783,0.40035357104559105
2018-07-04,20510000.0,21.9,31.6,27.26277224714379,5.049233458725605,1.1300000000000001,0.648648019592362,0.5853312558184123,0.5322091779750246
2018-07-05,7880000.0,20.6,25.8,23.789962072093264,6.979734692203979,0.31000000000000005,0.3302830317937452,0.3071012264998719,0.2857235670957366
2018-07-06,16210000.0,17.1,25.1,18.22161629593376,9.326266424059863,0.0,0.6233615813285585,0.5771977672385367,0.4842048473033741
2018-07-07,18200000.0,15.6,24.5,16.361597634324003,7.87165619232267,0.0,0.625401196713125,0.5744665044311428,0.5012940512797242
2018-07-08,15620000.0,17.9,24.8,17.709284179214748,6.162638821289878,0.0,0.5443221015299676,0.4996588113460705,0.4646838689119345
2018-07-09,6080000.0,18.7,22.1,21.42594133160924,5.004338081202852,2.1100000000000003,0.206241670810921,0.18912529941879747,0.17739005174855166
2018-07-10,13770000.0,19.9,28.9,27.077109200105262,2.5889667704787485,0.0,0.37057217994370745,0.32936046474229086,0.3071367047271207
2018-07-11,12570000.0,23.6,29.1,30.169107128197147,2.499176015433243,0.09000000000000001,0.36311425803983616,0.3245043009881635,0.296423810769055
2018-07-12,19620000.0,24.1,32.0,28.45034292053099,6.602613521012855,0.0,0.7100290364419521,0.6484987031784347,0.5807550729748089
2018-07-13,21290000.0,23.3,32.3,27.394089489877853,6.402080834744559,0.0,0.7493787464000807,0.6828080209899688,0.6185920973712262
2018-07-14,26300000.0,23.7,33.5,27.609529778904292,5.41737555441218,0.0,0.8631014923070106,0.7800943848849176,0.7086247674081942
2018-07-15,26640000.0,24.2,33.8,28.536358414015382,4.74693791673907,0.0,0.8524475536387603,0.7679851959953781,0.6976493522073192
2018-07-16,24110000.0,24.4,34.7,27.819427409468688,5.315612698693939,0.0,0.8438730187586136,0.7669645319780961,0.7298549287675267
2018-07-17,26140000.0,23.0,33.8,26.64818343377009,5.354522025880326,0.0,0.8592418760195715,0.7769292624384968,0.7226016229751265
2018-07-18,26000000.0,23.7,34.1,26.36554072781835,4.085479354570511,0.0,0.8253589456916947,0.743018457197328,0.7093782549818751
2018-07-19,25460000.0,22.9,35.6,26.553676582151784,3.2534183578154914,0.0,0.8024507119579145,0.7215039340724257,0.6944080012895963
2018-07-20,26830000.0,23.8,36.0,28.00952503960931,2.8343948342697978,0.0,0.8156105372318647,0.7296997994561484,0.6983674496970739
2018-07-21,25260000.0,25.3,36.5,28.314614533910255,3.6036023024929635,0.0,0.8356248998420842,0.7538865037823033,0.7397122083069709
2018-07-22,21660000.0,25.7,36.2,26.960777548908332,4.16928405927965,0.0,0.7888515271099934,0.7187263611448074,0.735208505447914
2018-07-23,20000000.0,25.7,34.4,27.63743599369858,4.0136467505341065,0.0,0.7089548473898041,0.6448109278321745,0.6415279706419226
2018-07-24,23210000.0,26.8,37.0,30.02624797011429,4.627216910011729,0.0,0.8553078491418356,0.7794460627655726,0.769018540223487
2018-07-25,22760000.0,26.3,35.9,27.742303752629763,6.375143608230907,0.0,0.9232725569441822,0.8494731942100513,0.8360905741111896
2018-07-26,24430000.0,26.8,36.4,28.264752011366067,4.549398255638957,0.0,0.8830685532700822,0.8034551098928141,0.794555065705327
2018-07-27,23510000.0,27.2,37.0,29.876507844965744,3.968751373011353,0.010000000000000002,0.8367754776680678,0.7597832067495192,0.750141290745217
2018-07-28,19800000.0,24.7,35.5,29.006231779335106,3.5676860004747613,0.34,0.6740151417590299,0.6104787571143455,0.6092447812370854
2018-07-29,23080000.0,26.0,36.1,24.2343921861756,8.470261225959375,0.0,1.0987622001115036,1.0239633282956468,1.0212748380258045
2018-07-30,21090000.0,23.8,33.7,25.01682890111741,6.803146207281151,0.22000000000000003,0.8407449868042303,0.774067533149445,0.7568270281272178
2018-07-31,20580000.0,23.6,36.9,24.63551670649635,5.683754794380514,0.0,0.9063960264785982,0.8402513594969108,0.8343066770108438
2018-08-01,25350000.0,25.0,39.2,24.2343921861756,4.438656324416168,0.0,1.038824867450196,0.9558068296881708,0.9260043537995193
2018-08-02,24620000.0,26.0,39.4,25.119379134265287,4.196221285793301,0.0,0.978132359223405,0.8970409760884639,0.9025209581133261
2018-08-03,23290000.0,27.8,38.2,26.378940283526447,6.429018061258212,0.0,1.0299987630897935,0.9530722719255209,0.9968680014842832
2018-08-04,22300000.0,26.1,37.0,27.714305104848663,7.850705016145385,0.0,1.0053333812513012,0.9326973910822568,0.9286671598938174
2018-08-05,18910000.0,26.6,36.2,27.546830730654694,8.006342324890928,0.010000000000000002,0.929639633824063,0.8681378624293803,0.8752268684988381
2018-08-06,15150000.0,25.0,33.9,29.43856372888879,5.884287480648809,0.30000000000000004,0.6212018651334432,0.5729278619438758,0.5712503389754444
2018-08-07,17680000.0,25.6,36.3,25.939882145667273,3.6395186045111663,0.020000000000000004,0.6700556704881275,0.6128159228304871,0.6608400447670456
2018-08-08,23140000.0,25.7,37.0,27.56771658582928,4.722993715393602,0.08000000000000002,0.8514603963682091,0.7762389890186447,0.7927786384228268
2018-08-09,19540000.0,25.1,35.4,28.831959745164497,4.570349431816242,0.4,0.7107357033075881,0.6479336239673466,0.6504119743566953
2018-08-10,17730000.0,24.3,32.4,28.3931250648825,5.468256982271299,0.08000000000000002,0.6351575762244431,0.5793596073072488,0.5493276616372317
2018-08-11,16640000.0,24.2,33.2,24.92739776581078,7.105441749267688,0.08000000000000002,0.7506616846036869,0.6980831231493136,0.7051088064668333
2018-08-12,15220000.0,24.1,32.6,28.897204370275045,4.782854218757273,0.22000000000000003,0.5474783885442686,0.4995796244766037,0.48991596004664134
2018-08-13,19830000.0,26.3,36.1,29.38697787197788,2.6907296261969886,0.020000000000000004,0.6561214685057746,0.5917573649847436,0.5912806660513187
2018-08-14,23010000.0,25.7,38.0,27.20076143169597,3.3042997856746115,0.010000000000000002,0.7933934663265143,0.7182222384378893,0.7382131464332585
2018-08-15,22690000.0,25.1,38.0,26.56041734986991,6.551732093153736,0.010000000000000002,1.00686623365489,0.93295992796271,0.9241680084874307
2018-08-16,18350000.0,20.8,33.2,20.661531357531516,10.197236748001268,0.06999999999999999,0.9822777195429033,0.9254530967621012,0.8786082329960495
2018-08-17,21330000.0,17.4,30.5,16.817030860711625,8.224833162168327,0.0,0.9233887123274684,0.859954066951053,0.7863784583734559
2018-08-18,23480000.0,18.4,30.6,17.48358619008461,4.971414804352834,0.0,0.7442453841760568,0.6738752423840538,0.6933044685816795
2018-08-19,24000000.0,21.3,32.4,19.921102018526962,3.615574403165698,0.0,0.721579551853164,0.6473964201094669,0.6764621742408465
2018-08-20,21050000.0,22.8,34.9,21.392441219525075,7.4107303164224065,0.0,0.9317969862693971,0.8651705043089871,0.9031212497231259
2018-08-21,21430000.0,23.7,35.0,24.197081153262165,5.312619673525756,0.0,0.7962606509732438,0.7280512513862488,0.7599379413398173
2018-08-22,20400000.0,27.4,37.5,25.254533691596617,10.400762459437747,0.05,1.1975151837835882,1.1304824356133123,1.1393122409054826
2018-08-23,13410000.0,24.9,33.6,28.264752011366067,15.955817171586371,3.7200000000000006,0.9715372737128313,0.9289019126977331,0.7787713476087943
2018-08-24,15640000.0,22.4,28.9,26.065618404248106,11.083172197783592,0.1,0.6446700976587917,0.5970631806559836,0.48018289720168356
2018-08-25,12770000.0,20.7,29.0,22.232293098315196,5.303640598021206,2.42,0.4821773220557077,0.4437206403949491,0.45768733126507605
2018-08-26,4640000.0,19.4,21.0,21.571639569100096,2.4722387889195914,7.51,0.13532376401461402,0.12230514495735752,0.13195215808258
2018-08-27,3920000.0,20.6,26.4,28.058994333063854,3.85501641662038,2.43,0.11071253807421955,0.09912976308546152,0.10914934572106727
2018-08-28,7560000.0,22.3,26.9,29.468076823617004,2.571008619469648,1.07,0.20227009193891438,0.17958121949362366,0.16717516131701754
2018-08-29,16840000.0,23.4,31.5,27.180118548319143,5.372480176889427,0.29,0.5824927513284088,0.5300568762024865,0.5090933675549397
2018-08-30,14120000.0,23.2,29.1,28.41456997875642,7.910565519509056,1.06,0.49735254239019283,0.4540923180499224,0.3835831517046374
2018-08-31,7290000.0,19.4,25.2,22.63360661289094,2.523120216778711,1.9000000000000001,0.21984823370238704,0.19869040753794603,0.21054158203007436
2018-09-01,19340000.0,16.2,27.8,19.321082750299052,7.120406875108605,0.0,0.5975897696288694,0.5417188216532612,0.5119037559700464
2018-09-02,16070000.0,20.3,26.4,20.9501331507471,4.938491527502816,0.16000000000000003,0.49499939977135216,0.4476196266901745,0.43026638320202715
2018-09-03,8980000.0,21.6,27.0,26.729422991255394,5.785517650098753,5.86,0.29720342098072794,0.2703650166616885,0.24848878030818175
2018-09-04,21360000.0,19.2,28.2,20.323008509274565,9.46993163213267,0.0,0.7673091858235527,0.7040121275317119,0.6105265922299664
2018-09-05,21830000.0,17.2,27.5,17.742410937994794,7.796830563118081,0.0,0.715742301784586,0.6523363222565798,0.6067788636044739
2018-09-06,14400000.0,20.5,27.9,22.002509563165052,5.3485359755439585,0.48,0.4857910995290714,0.4428143437553299,0.4391444383318818
2018-09-07,14530000.0,14.5,26.3,16.436743314862174,6.330248230708155,0.06,0.4920009640180326,0.45109621462205307,0.47011689398747797
2018-09-08,18690000.0,16.2,24.3,16.912164470341292,2.574001644637831,0.0,0.4255324763290308,0.37304897711804796,0.37800797563653143
2018-09-09,22490000.0,15.8,26.3,16.663999859537533,4.672112287534482,0.0,0.5763945154613315,0.5123981201420341,0.5100158633835485
2018-09-10,19130000.0,13.4,24.8,14.336911994219786,6.099785292758024,0.0,0.5513974976946229,0.49873711144201416,0.5011090727018392
2018-09-11,18540000.0,15.0,24.2,14.380182982808824,6.916881163672125,0.010000000000000002,0.5901038093850985,0.5386173974532495,0.5205958692593541
2018-09-12,11310000.0,16.5,23.7,18.50472099395519,4.8427147221209434,0.04000000000000001,0.33495348372859024,0.30327430210906015,0.3036921966241505
2018-09-13,4910000.0,18.6,21.3,21.3980213862927,4.049563052552309,0.39,0.148671722132522,0.13495396302415386,0.13520038534623025
2018-09-14,4300000.0,19.5,22.3,22.002509563165052,4.651161111357197,1.35,0.16090437288141196,0.1486984159794662,0.15560726360099603
2018-09-15,7330000.0,19.8,23.3,23.256459296466524,3.8340652404430946,1.08,0.2032332395831995,0.18220707234491812,0.17548862390003334
2018-09-16,14300000.0,19.2,25.7,20.77546399510037,4.471579601266186,0.1,0.4088612348973859,0.3672628804000334,0.36127723281850643
2018-09-17,18340000.0,12.9,26.7,17.544462328008684,4.085479354570511,0.020000000000000004,0.4596313891628755,0.40852399214523666,0.40197049083011666
2018-09-18,20400000.0,15.2,26.9,16.632645530251395,2.7296389533833745,0.0,0.4609816140532444,0.4029324159868296,0.432165936313591
2018-09-19,7820000.0,17.9,22.5,19.868741240205367,3.211516005460922,0.8,0.21960148446684952,0.19766062217638708,0.20672650618418614
2018-09-20,5160000.0,18.1,22.4,20.063080155972138,5.372480176889427,0.9900000000000001,0.2087809400943587,0.1942911136669285,0.20268818644220749
2018-09-21,3410000.0,16.6,20.1,19.847830698421507,4.806798420102741,1.77,0.10155031279110383,0.0922897151897237,0.1031258470707996
2018-09-22,18110000.0,11.2,25.0,14.471029448015114,5.411389504075813,0.0,0.5037587061884004,0.4548036986718686,0.43888011097333524
2018-09-23,15040000.0,13.6,25.0,14.638224073468288,4.90856127582098,0.0,0.433812959604891,0.3922647046655175,0.4329990443333408
2018-09-24,16530000.000000002,9.3,21.2,10.85929912947843,5.088142785911992,0.0,0.4154493142947282,0.37321795638845623,0.40536429597159557
2018-09-25,18850000.0,13.5,22.6,12.535658659007357,5.33357084970304,0.0,0.497611805320825,0.44670379435273955,0.4654036471965334
2018-09-26,10800000.0,10.1,20.6,12.789264098207319,5.752594373248734,0.0,0.316971960624926,0.28932169196714985,0.3091112113638108
2018-09-27,16920000.0,11.1,22.0,12.567115605165878,4.6122517841708115,0.010000000000000002,0.3998312265524813,0.35543667455233796,0.3834493434072783
2018-09-28,8770000.0,12.4,19.6,14.811154318617742,4.0615351532250425,0.010000000000000002,0.22232799039318998,0.19957095210939088,0.21321565499816014
2018-09-29,16100000.000000002,13.2,23.8,15.741325546104688,5.079163710407442,0.03,0.3954469620738588,0.35160365232951524,0.3661576285329623
2018-09-30,18800000.0,12.9,24.9,11.170880953168755,9.422043229441735,0.0,0.7391370393948684,0.6875694163001231,0.6775043864545642
2018-10-01,14890000.0,9.4,17.8,11.512960612610465,8.994040630391492,0.13,0.40768112704696435,0.37098690722618205,0.318134349041501
2018-10-02,19140000.0,8.2,20.8,11.221457300386353,4.100444480411428,0.0,0.3803045787355276,0.3321846405865547,0.3565545537706801
2018-10-03,19060000.0,11.6,22.2,12.51124002609224,3.5317696984565594,0.0,0.38718783835906406,0.3368314276348531,0.3761003628378165
2018-10-04,12780000.0,15.9,22.5,15.307433826251811,7.751935185595328,1.3900000000000001,0.4615305430437913,0.4262878085086796,0.4114718368667047
2018-10-05,1990000.0,16.6,19.3,18.67741830281845,9.727331796596454,6.870000000000001,0.12634145308427241,0.12097710019705595,0.12907715959210453
2018-10-06,4930000.0,14.3,20.9,16.552257584511793,10.831758083656174,2.3800000000000003,0.2908289950489538,0.27762681408187234,0.24900425552739694
2018-10-07,17820000.0,9.9,23.1,11.145668087201992,6.339227306212706,0.0,0.5282758602219786,0.4815664620042116,0.4825524715393346
2018-10-08,15340000.0,9.2,19.0,9.424176235329684,4.007660700197739,0.0,0.34067543847077675,0.3024464966731983,0.3517868979717891
2018-10-09,13110000.0,13.2,20.1,12.75022933825598,4.669119262366299,0.04000000000000001,0.33776662321940687,0.3033003253091503,0.3299487847827142
2018-10-10,16340000.0,6.2,16.3,7.559755463090236,8.123070306450085,0.0,0.46198302792502205,0.4239071128485071,0.4032357517072726
2018-10-11,17360000.0,4.0,14.2,6.349187090696451,8.051237702413681,0.0,0.4408273585550596,0.40258746180529875,0.3762954670812996
2018-10-12,17780000.0,5.5,15.8,7.461928524892642,3.247432307479124,0.0,0.28863948572617415,0.24783300447401863,0.29776155010998784
2018-10-13,16469999.999999998,8.2,17.8,10.353037446704187,2.0771594667193662,0.0,0.24596212459349234,0.20592894044953622,0.24678287883679162
2018-10-14,15620000.0,7.6,18.9,10.218094583040491,3.1366903762563334,0.0,0.27138780860070694,0.233200730502572,0.28341508158897505
2018-10-15,16379999.999999998,8.9,19.9,11.649732858689903,4.74693791673907,0.0,0.320195738730762,0.27910450664910785,0.31386769594205177
2018-10-16,8690000.0,6.3,17.3,10.403303309606557,2.756576179897026,0.0,0.1714438190066326,0.15091684065957306,0.1942977474712811
2018-10-17,13760000.0,5.0,18.6,9.343004701311308,3.4509580189156037,0.0,0.2687632476687948,0.2362602301710341,0.2743710055745451
2018-10-18,11450000.0,7.7,15.9,10.282437980050387,5.082156735575625,0.51,0.24177220407632402,0.21472572512651594,0.23397329829990765
2018-10-19,16129999.999999998,4.5,17.9,9.158644183128885,3.7891698629203416,0.0,0.2790537945313965,0.24151426013533756,0.2770553812389885
2018-10-20,16070000.0,4.3,19.0,8.104034966489504,2.409385260387737,0.0,0.27350797846767316,0.2356877931690257,0.27952209446593096
2018-10-21,15780000.0,6.1,19.0,8.33027084254699,2.579987694974198,0.0,0.2642343402397728,0.22628103972012395,0.2902807733549998
2018-10-22,11930000.0,7.3,17.7,10.145407714309396,2.5350923174514453,0.0,0.1990323063028821,0.17037283194389802,0.22061870479557982
2018-10-23,12170000.0,7.2,19.4,11.249994953126073,6.009994537712518,0.04000000000000001,0.28079722416361025,0.25101037698835077,0.28791698465602356
2018-10-24,15460000.0,3.6,18.1,9.259775345737173,3.576665075979312,0.0,0.2605629239192724,0.22489929349770357,0.25776263492842527
2018-10-25,14710000.0,6.8,18.5,9.676990776701652,2.469245763751408,0.010000000000000002,0.2182684867312677,0.1828049950945903,0.24588647276539896
2018-10-26,3820000.0,8.5,13.7,10.549391655492439,7.072518472417668,0.71,0.1801735130150624,0.17130548831448458,0.1721391382666939
2018-10-27,11180000.0,5.5,12.9,6.553281503158336,9.311301298218945,0.0,0.4100549451091581,0.38536081971711755,0.34432907419649517
2018-10-28,11660000.0,5.0,16.4,8.599568391210944,9.029956932409693,0.30000000000000004,0.3498147126530305,0.3230198003637813,0.32219902728533756
2018-10-29,10490000.0,1.6,13.9,6.126546615128791,7.6441862795407225,0.0,0.33274761686411325,0.31050075094027635,0.31811426722677005
2018-10-30,14730000.0,2.6,10.9,5.589579095765828,7.240127881835947,0.0,0.3178253163475542,0.28749287828665077,0.28877265564650406
2018-10-31,14350000.0,1.3,12.7,5.921641171415709,5.611922190344108,0.0,0.2602983933415847,0.23052685708115642,0.27348780924464633
2018-11-01,14330000.0,0.6,14.3,6.474857664872865,4.351858594538845,0.0,0.24796291032800566,0.2178359024984342,0.25414201189207386
2018-11-02,13930000.0,2.1,15.7,5.9378798626155085,1.8676477049465194,0.0,0.18447610752707083,0.15395966606067918,0.2179083075155174
2018-11-03,14040000.0,1.7,17.8,7.328154000246795,3.1336973510881503,0.0,0.26121227083123266,0.2297384202661467,0.26523561265632534
2018-11-04,13810000.0,2.4,17.8,7.3586676708722365,3.9567792723386193,0.0,0.29612052048027737,0.26487455420831063,0.2935077556197493
2018-11-05,12570000.0,5.7,16.3,8.36932890045455,2.1849083727739727,0.0,0.166252389745344,0.1371450001946675,0.20385687169095235
2018-11-06,12150000.0,8.7,17.3,11.174036087713533,2.511148116105977,0.12,0.16725166683831544,0.13771899001080684,0.18854323922987148
2018-11-07,3850000.0,10.7,15.2,13.232951388635952,2.858339035615266,0.61,0.08647847996342875,0.07713126424044867,0.10032699823264779
2018-11-08,2870000.0,10.8,15.9,13.929590990852134,8.051237702413681,2.5100000000000002,0.11393225221119285,0.10689969380732542,0.10883172143585244
2018-11-09,8790000.0,6.1,15.7,9.108444653126217,7.901586444004505,0.0,0.27125231894958296,0.2509494821358557,0.26859960189767573
2018-11-10,10160000.0,2.9,17.0,9.163942502908878,5.513152359794053,0.0,0.2249969118924156,0.20209987506276433,0.23311630358391655
2018-11-11,7540000.0,3.8,14.1,8.17564163303273,3.145669451760884,0.03,0.13523776976364127,0.11869714192446792,0.17201796516376294
2018-11-12,12320000.0,4.9,14.1,7.245893599239582,3.908890869647683,0.0,0.1963152678776064,0.16888132302107098,0.23613029620465262
2018-11-13,9280000.0,5.5,14.2,8.524694762141744,2.8553460104470827,0.0,0.13968336165072567,0.11882479239502508,0.1736331226948633
2018-11-14,12070000.0,4.1,14.0,8.36199323462876,3.025948445033543,0.0,0.13979417320276835,0.11324322584681017,0.1725781290846685
2018-11-15,10620000.0,5.1,14.2,8.79184984987881,2.0921245925602836,0.0,0.11717507752219511,0.09343135698378491,0.14827753502262492
2018-11-16,6440000.0,0.6,13.7,7.519599354659025,4.253088763988789,0.0,0.1444868800477403,0.13106643937279222,0.17641269123593012
2018-11-17,12000000.0,1.9,13.0,4.95906147415925,4.390767921725231,0.0,0.2206020709501634,0.19537359265603518,0.2791947101890636
2018-11-18,5070000.0,1.0,9.8,5.124731752364099,5.399417403403079,0.0,0.20304646899904633,0.19303189529895196,0.22509025229485813
2018-11-19,11280000.0,-0.5,12.5,5.2611013684764565,4.767889092916355,0.0,0.2164032164614841,0.19370005209053096,0.2475171561161944
2018-11-20,12000000.0,2.9,12.2,4.254604450711751,4.055549102888675,0.0,0.22063837587016183,0.1953362355795968,0.2860895081928777
2018-11-21,7480000.0,-1.1,11.8,5.64634256559541,5.74960134808055,0.06999999999999999,0.20698195801462366,0.19223039110050358,0.22574673281860075
2018-11-22,11930000.0,-4.3,6.6,3.1988530830664113,7.072518472417668,0.0,0.23914167143830395,0.21877435658237462,0.2416180385552368
2018-11-23,11730000.0,-2.5,6.7,3.4482593362240923,3.992695574356822,0.11000000000000001,0.1567767995090648,0.13604590468935293,0.1967309452035352
2018-11-24,3640000.0,0.3,3.5,5.548614291585383,2.615903996992401,0.29,0.06464907572198818,0.058262024409577104,0.07942621534272146
2018-11-25,8460000.0,-1.4,10.3,6.290014920558975,4.13636078242963,0.0,0.10757731298743933,0.09137055086877198,0.14467765611249322
2018-11-26,10710000.0,0.4,11.3,6.186230840426046,3.1247182755836,0.0,0.11441714943650298,0.09296127261890964,0.16106927614560468
2018-11-27,10370000.0,0.5,14.3,6.883666478411396,5.947141009180664,0.0,0.2270720628461254,0.20530230614935138,0.2397134071348455
2018-11-28,5790000.0,-3.0,9.8,3.4863899568992225,3.9837164988522713,0.0,0.19347238746143014,0.1827636167344778,0.23241504485147138
2018-11-29,8730000.0,-0.9,10.6,4.649152593655499,2.903234413138019,0.0,0.12589698669828378,0.10895367481530041,0.18300421946048454
2018-11-30,11030000.0,0.4,9.9,3.6391695074644717,4.941484552670999,0.0,0.2204155274546052,0.1988009365260848,0.2734901878453105
2018-12-01,9150000.0,0.2,10.2,5.5367163715860945,2.954115840997139,0.0,0.11029442886256376,0.09233527575542133,0.1578778105152285
2018-12-02,7560000.0,2.6,9.9,7.570943478387473,3.025948445033543,0.21000000000000002,0.08096636845558611,0.06563289556562381,0.10872504015141762
2018-12-03,4960000.0,6.5,13.9,12.40014373826739,3.2683834836564087,1.32,0.03931520875645368,0.02806348097345382,0.05302490386638816
2018-12-04,5280000.0,-2.8,14.0,5.153345927403837,9.347217600237148,0.43,0.4798546207598452,0.4693592679852506,0.3343693610253151
2018-12-05,8330000.0,-0.1,7.3,4.852273889012546,3.666455831024818,0.12,0.11936266975223205,0.10385094656909313,0.15539150498069515
2018-12-06,6290000.0,-7.8,7.3,3.739895484687226,10.966444216224433,0.0,0.34530196663763013,0.3351194132849192,0.22020533781626436
2018-12-07,10450000.0,-8.3,-2.7,1.388628437799998,10.897604637356213,0.0,0.3004506032333513,0.28691709490024614,0.20446351436677
2018-12-08,10570000.0,-8.9,-2.9,1.382188395880959,9.514827009655423,0.0,0.2557284586810439,0.2422915115740397,0.19073063593459322
2018-12-09,11040000.0,-7.8,-0.5,0.7090855455457862,6.321269155203603,0.0,0.23935751458524618,0.22416005180170342,0.2383670231223462
2018-12-10,10460000.0,-4.7,5.1,1.7683353450823451,2.6757645003560713,0.0,0.11941321927763345,0.10218333753679032,0.18197995488747637
2018-12-11,1970000.0,-4.2,1.8,4.638979509135084,5.219835893312067,0.4,0.06379508050554054,0.06072354157470159,0.07275835309848962
2018-12-12,10860000.0,-5.6,2.1,2.496661038689595,7.204211579817744,0.0,0.20222832608341915,0.18566947550633117,0.19509792794374764
2018-12-13,5710000.0,-6.5,5.0,2.837340737108095,8.120077281281903,0.010000000000000002,0.23639837306222988,0.22733435611550917,0.2226529186200378
2018-12-14,10730000.0,-6.7,1.5,1.8817089225014028,5.626887316185026,0.0,0.17843506470830447,0.16264181428307736,0.19542655634202916
2018-12-15,10340000.0,-4.5,5.6,1.5801900498561696,3.4060626413928508,0.0,0.1520891775838222,0.13482849663691326,0.2187731223447907
2018-12-16,5050000.0,-1.2,4.6,4.338706767774113,5.450298831262198,0.1,0.14434773342883614,0.1355504864427422,0.15462846087935056
2018-12-17,10440000.0,-3.0,5.3,3.506727921874204,7.380800064740572,0.0,0.20990009819981964,0.19207656365699463,0.2101982528413342
2018-12-18,8289999.999999999,-0.5,7.2,4.653518534322753,7.314953511040534,0.0,0.20314739767499518,0.1878409766656544,0.20477661795733226
2018-12-19,9850000.0,-0.1,10.1,5.611879903478376,5.363501101384876,0.0,0.14972386273767996,0.13051418799716524,0.1907654534270789
2018-12-20,7840000.0,-2.9,9.4,4.227784715040654,2.1609641714285046,0.0,0.089962203183686,0.07553616128045978,0.1426863283767029
2018-12-21,9510000.0,-0.2,10.4,4.762368046494723,2.9750670171744233,0.0,0.1145755050509744,0.09596931528037037,0.17673476851711017
2018-12-22,10020000.0,3.5,12.3,6.644505668342196,4.468586576098002,0.04000000000000001,0.15245967737928548,0.13111763713088959,0.20446612402314002
2018-12-23,9730000.0,-5.7,8.5,2.7539866268857285,9.67345734356915,0.0,0.448016115163163,0.4312508553433071,0.31612100642218577
2018-12-24,10760000.0,-5.8,2.3,2.1035063676686203,6.20753419881263,0.0,0.19639965315748634,0.179993278184239,0.2070424511771603
2018-12-25,7020000.0,-1.3,5.5,3.931211807207874,4.630209935179912,0.0,0.14695453661802152,0.13454781184100723,0.17426893710951893
2018-12-26,9870000.0,-8.8,5.3,1.4545185932501408,10.499532289987805,0.0,0.5043718990585315,0.4893225569594654,0.3185755911452172
2018-12-27,10700000.0,-11.5,-5.2,0.9499337498035078,13.743971572298745,0.0,0.33960796924270975,0.3275288084975664,0.19145480513134153
2018-12-28,10790000.0,-9.9,-5.1,0.9053025519884097,11.358530513256476,0.0,0.30975518294734616,0.2970498075911107,0.19960764184601582
2018-12-29,10850000.0,-8.8,-2.8,1.2552334072559912,10.90359068769258,0.0,0.30326965221742236,0.28941225411015536,0.2079563971027975
2018-12-30,10880000.0,-8.5,-0.1,0.8490378493000162,5.908231681994278,0.0,0.21515443668886639,0.200276575701566,0.22475987955841464
2018-12-31,11000000.0,-7.6,4.1,1.596420992062192,6.001015462207967,0.0,0.21788553660845386,0.2011132201859891,0.24464196377852238
2019-01-01,7880000.0,-5.4,0.7,2.692459647594812,9.960787759714771,0.0,0.24355054641873278,0.231829909226563,0.1834677550049586
2019-01-02,10800000.0,-5.7,1.5,2.026419691875645,7.584325776177051,0.0,0.23736427096858628,0.22113254945040733,0.21750644094595004
2019-01-03,10770000.0,-4.6,3.6,1.5296691190313094,6.10577134309439,0.0,0.24727723135623098,0.23001172493450284,0.26294130706870095
2019-01-04,8510000.0,-3.0,5.5,3.0848130467249644,6.668460074712892,0.0,0.22596079179411754,0.211378398060822,0.2307673538166089
2019-01-05,10640000.0,-5.2,3.0,1.8277229787116613,7.054560321408567,0.0,0.2561102723563061,0.23945414949655422,0.24865874416216793
2019-01-06,10040000.0,-3.7,5.4,2.1632089857467407,5.546075636644072,0.0,0.22469109165603504,0.20774088794607462,0.2534919080103249
2019-01-07,10530000.0,-3.8,3.7,2.6233925432146745,7.377807039572389,0.0,0.2425123546599616,0.2253331875972575,0.2297292344485132
2019-01-08,10950000.0,-7.4,2.3,1.6020522728637012,11.331593286742825,0.0,0.37663776338183586,0.36048675824249704,0.27255565452273456
2019-01-09,9950000.0,-5.9,3.0,0.8958669350658169,4.725986740561785,0.0,0.21553466396925214,0.20017680044701303,0.25275304403959586
2019-01-10,10260000.0,-3.1,3.9,3.2218951996201315,7.92253762018179,0.0,0.23366422746703291,0.21663427732380672,0.21081148270292432
2019-01-11,10400000.0,-0.4,6.3,4.467624148813176,2.9211925641471197,0.1,0.10583021322024296,0.0868907648287696,0.14327340645782288
2019-01-12,6200000.0,-2.7,8.1,4.847743148094907,3.947800196834069,0.020000000000000004,0.11765624742888725,0.1064634169179629,0.15370396730458324
2019-01-13,11310000.0,-4.2,8.8,3.5534469792303276,4.262067839493339,0.0,0.17869111249942352,0.15855938093890645,0.21440674335957377
2019-01-14,10470000.0,-1.3,7.8,4.090723777042093,5.022296232211954,0.0,0.1795218369637646,0.16025644682004284,0.2112217539942291
2019-01-15,9520000.0,-7.9,6.1,2.4534448369275355,10.64020447289243,0.0,0.4320266841062865,0.4170043807426618,0.2791899990693399
2019-01-16,11250000.0,-6.7,0.3,2.035479326525628,9.685429444241887,0.0,0.27896802206877747,0.26282653484014573,0.21041611818051797
2019-01-17,7390000.0,-3.4,4.0,3.1000096573872087,8.982068529718758,0.0,0.27635312144987,0.2641335592146025,0.2265094459877016
2019-01-18,11810000.0,-3.1,6.6,3.063649006875541,5.076170685239258,0.0,0.1981076198114829,0.17749689185191092,0.2288979333387607
2019-01-19,10910000.0,-0.2,9.3,4.108941712167573,4.938491527502816,0.0,0.20674041835759466,0.18577163437512362,0.24423284523003694
2019-01-20,12150000.0,-5.5,2.5,2.1317159297246024,11.11609547463361,0.0,0.3633711814476944,0.3446556076098318,0.2584978345725198
2019-01-21,12030000.0,-3.3,5.5,3.980376756934567,9.793178350296492,0.0,0.25629538927175527,0.23579538961876617,0.20739717096440163
2019-01-22,12150000.0,-1.1,7.6,4.133781121662929,6.973748641867613,0.0,0.24271680552893762,0.22036012069166735,0.23905426515110229
2019-01-23,11670000.0,-4.5,8.3,3.0586290081634395,8.494205427304843,0.0,0.35134660413935764,0.33086943688225956,0.2983891455437216
2019-01-24,12710000.0,-2.7,6.9,1.8823600849373114,5.827420002453322,0.0,0.287211573103365,0.2647486853660642,0.31007082993122975
2019-01-25,11930000.0,-5.6,4.7,1.4879710905362233,11.325607236406457,0.0,0.471594958219095,0.4524323124732419,0.34287917381260236
2019-01-26,13130000.0,-5.4,2.4,1.919810095592391,8.099126105104618,0.0,0.29850154568403275,0.2782764029275607,0.2518599553182703
2019-01-27,13020000.0,-3.0,6.6,2.7658904791598173,7.943488796359073,0.0,0.3210971692901659,0.29833356496225416,0.29161766043238446
2019-01-28,12090000.0,-5.5,5.6,2.4092723706880697,10.032620363751175,0.0,0.36663023971494746,0.3468297859973135,0.29179151425709215
2019-01-29,13310000.0,-2.7,6.7,2.185425644993068,3.7173372588839375,0.0,0.20014671573561266,0.17670764419272597,0.24583654954747286
2019-01-30,12160000.0,-0.5,8.9,3.0266737487138045,7.117413849940421,0.12,0.3416736906899336,0.3185701065053982,0.33326257936665027
2019-01-31,4730000.0,-6.2,1.1,2.0201687048070527,9.320280373723495,0.16000000000000003,0.3021378845439099,0.29516124031477087,0.22658846648966136
2019-02-01,13660000.0,-4.0,4.2,3.170774282447541,8.057223752750048,0.0,0.2637218208165043,0.24130701837084628,0.22128124247435577
2019-02-02,13400000.0,-1.8,8.4,4.6346256568031485,4.2471027136524215,0.5900000000000001,0.17380346143672287,0.14910439076337428,0.19558009879001753
2019-02-03,2570000.0,-1.5,9.7,5.934267865141743,9.933850533201117,0.30000000000000004,0.21023778787693334,0.20537105631710525,0.1936557640296485
2019-02-04,14000000.0,-4.6,5.2,1.933774002487252,7.054560321408567,0.0,0.31879965552628414,0.29565028187354464,0.2943809192666893
2019-02-05,13660000.0,-2.2,10.1,2.6674824666369283,2.6278760976651343,0.0,0.18726814457599877,0.16152968733466355,0.24079479865398995
2019-02-06,13600000.0,1.7,13.3,5.562239611431966,5.41737555441218,0.010000000000000002,0.2697785419380652,0.24114451367723938,0.2975896243098576
2019-02-07,10730000.0,-7.7,5.1,1.5231868968120827,11.636881853897544,0.0,0.5245876165031886,0.507925079565384,0.33687339219829504
2019-02-08,14160000.0,-5.3,3.7,1.3980890282824932,5.596957064503191,0.0,0.27880030146577695,0.25636728631369227,0.27546346015324935
2019-02-09,14980000.0,-6.4,0.4,1.15765325314374,9.167636090146136,0.0,0.37821236425474947,0.3565343003210082,0.2777607679692996
2019-02-10,11130000.0,-5.3,4.4,1.2062172355069933,6.204541173644447,0.0,0.31807120170599357,0.3001935615424275,0.3042675728938629
2019-02-11,15100000.0,-4.5,2.5,2.0565240697178178,8.688752063236771,0.0,0.34962496109692964,0.32589233339566526,0.2669200220672921
2019-02-12,13740000.0,-3.8,5.3,2.164683812865755,6.351199406885439,0.0,0.3057406013570686,0.2826306468796925,0.2848178555214914
2019-02-13,15290000.0,-2.8,4.5,2.052299677709602,6.979734692203979,0.0,0.34108910201464215,0.3152754949702901,0.2978758161913079
2019-02-14,11700000.0,-1.9,5.7,4.03393284610777,4.761903042579988,0.0,0.19667821350680886,0.17614840571691612,0.1929588041247152
2019-02-15,11990000.0,-2.4,6.3,3.776032009956217,10.191250697664902,0.0,0.3512536715001961,0.3301770704940791,0.25800662471749886
2019-02-16,15160000.0,-5.5,2.8,2.6260195399691377,9.437008355282654,0.0,0.3260831746374506,0.30258878373106024,0.2338784539619323
2019-02-17,16350000.000000002,-3.7,5.7,2.30426123853206,7.716018883577127,0.0,0.36738933545795943,0.3396311242397608,0.3079053761452374
2019-02-18,12290000.0,0.2,8.5,3.7724044680527307,3.002004243688075,0.7000000000000001,0.2021255245617494,0.1786589453362568,0.22644474386781616
2019-02-19,2500000.0,-0.8,5.6,6.006878237452501,6.542753017649185,1.03,0.09777211653497703,0.09330631563883908,0.09994741926319575
2019-02-20,11580000.0,-3.4,6.4,4.351036861432001,8.003349299722744,0.0,0.2483565313633025,0.22833037155150562,0.20320857438844236
2019-02-21,16420000.000000002,-3.4,9.4,4.34007524690225,2.858339035615266,0.0,0.19903269414937702,0.1690783287545458,0.20772494623284468
2019-02-22,12410000.0,-2.4,10.6,4.556872969673488,2.612910971824217,0.0,0.18905035273446735,0.16554990967708735,0.20570480167570165
2019-02-23,15080000.0,-0.7,11.6,4.66955807828269,3.8161070894339937,0.0,0.2508326159924107,0.22099854766848964,0.2657289821618092
2019-02-24,16950000.0,1.8,13.3,4.644790282526523,6.135701594776225,0.0,0.3833164830240066,0.3475772098635835,0.3755118135248271
2019-02-25,16660000.0,-2.0,12.6,4.546879027794746,6.219506299485364,0.0,0.4162385469291685,0.38343488871133047,0.33117656413308716
2019-02-26,17100000.0,2.5,12.4,4.3937452784254365,4.375802795884312,0.0,0.3244415454052084,0.2884909638360757,0.33680722726226886
2019-02-27,7380000.0,0.4,10.9,6.710638524241047,3.3372230625246297,0.010000000000000002,0.14459573472246373,0.12990306078533415,0.16030403556913747
2019-02-28,16170000.000000002,0.1,13.5,4.532635660631734,5.827420002453322,0.0,0.4111647628194134,0.3778170460945919,0.36428371309873303
2019-03-01,17900000.0,-0.7,13.0,4.289695555551298,4.803805394934557,0.0,0.377350602198742,0.3411563933112815,0.3411121338108214
2019-03-02,17040000.0,1.5,13.7,5.390714843179271,3.412048691729218,0.0,0.2812397915197328,0.24525849408821876,0.29491602503488046
2019-03-03,14830000.0,5.3,14.7,6.341524427472645,2.8643250859516334,0.0,0.26854773377728275,0.2350820677673417,0.2879205933884398
2019-03-04,14530000.0,0.4,15.4,5.903644255798719,4.863665898298227,0.0,0.3817936131448892,0.3508455248405786,0.32924633585075147
2019-03-05,14990000.0,5.4,15.1,6.343439326513337,4.411719097902515,0.0,0.3365175961960526,0.30246846429395785,0.3442373363116376
2019-03-06,15460000.0,2.4,16.0,5.620478075552163,5.974078235694315,0.020000000000000004,0.4578525644249047,0.4237048740348378,0.40174884674300476
2019-03-07,14580000.0,-0.9,12.4,5.007014336141731,6.94681141535396,0.020000000000000004,0.3977275418915707,0.3686095927128017,0.3255138967934255
2019-03-08,19130000.0,-2.4,14.5,4.356526865982798,4.23812363814787,0.0,0.4250359529429746,0.386473633001708,0.3527368533935181
2019-03-09,14990000.0,4.4,15.7,4.314139463534543,3.3731393645428325,0.0,0.3377023186918689,0.30383104543914385,0.3782710284974728
2019-03-10,5090000.0,1.0,10.9,6.047147890328515,4.7948263194300065,0.13,0.19439529959481044,0.18416654209331915,0.20701322232784705
2019-03-11,11410000.0,1.4,11.3,7.170849923565592,8.712696264582242,0.12,0.2773367912963987,0.25412375931613623,0.2167835652247109
2019-03-12,16910000.0,-1.0,13.2,4.470433457930632,12.83109889600277,0.15000000000000002,0.7802783559162261,0.7461385240047667,0.4399093311079378
2019-03-13,18650000.0,-2.7,8.3,2.6277721709711748,12.280382265057003,0.0,0.6255795140058613,0.5917928319641343,0.4055335152931684
2019-03-14,19170000.0,2.4,11.3,3.898735187370005,7.61724905302707,0.09000000000000001,0.5076921790136277,0.4680982656985867,0.41845911501914734
2019-03-15,16129999.999999998,0.4,12.7,5.796675060511358,8.919215001186902,0.17,0.42987535694066625,0.3968596906757804,0.3330843208427513
2019-03-16,17320000.0,-0.8,12.3,4.916099246120569,7.539430398654298,0.0,0.4506146417789368,0.4160245951550493,0.3480013603306543
2019-03-17,19690000.0,-2.0,12.6,4.247885414487714,6.78518805627205,0.0,0.5192742578374349,0.48050450811899365,0.37572768966243264
2019-03-18,16050000.0,2.2,14.0,3.753109752930301,4.7499309419072535,0.0,0.4050580011756872,0.3706764369876558,0.4120588799144674
2019-03-19,20130000.0,3.8,19.3,7.2050700089336,6.198555123308079,0.0,0.6177101815481135,0.5704515703347868,0.46914436854558417
2019-03-20,9580000.0,9.5,17.6,10.549391655492439,6.692404276058361,1.3,0.343952934128877,0.3203711701369793,0.31715835904370404
2019-03-21,8790000.0,0.7,13.3,6.096895875376132,12.489894026829848,0.010000000000000002,0.49454428861529715,0.47630792598608707,0.3436733615797772
2019-03-22,20480000.0,-0.1,10.0,3.159397694379654,9.035942982746061,0.0,0.5681836548688501,0.5283073267332352,0.42413338354589236
2019-03-23,18050000.0,-1.7,9.6,3.7978623339582573,10.32593683023316,0.03,0.5184015847690395,0.48439139785790475,0.3638580954926053
2019-03-24,21690000.0,-0.9,10.7,4.199785417391081,7.796830563118081,0.0,0.4729436608592173,0.4307793647350121,0.3657161078311394
2019-03-25,18750000.0,3.8,15.2,5.8892815702583885,6.919874188840309,0.0,0.49255643614390127,0.4508042879247423,0.42729398009657205
2019-03-26,21070000.0,5.4,17.7,5.941493804270501,8.8653405481596,0.0,0.6880935372414559,0.6386281155690867,0.5570232157382542
2019-03-27,19480000.0,7.2,21.2,8.288947908596432,12.139710082152376,0.0,0.9677212833773738,0.9190675548929302,0.6283780313359336
2019-03-28,18130000.0,4.5,16.9,7.437647113273996,3.675434906529368,0.0,0.36920111230418423,0.3275380111203002,0.34937264448611444
2019-03-29,20130000.0,4.0,17.1,6.3014294038547645,5.37547320205761,0.21000000000000002,0.5067595048731098,0.4606781865391805,0.43893227426959924
2019-03-30,17290000.0,2.9,13.1,5.417307154021948,14.914244413058503,0.020000000000000004,0.7425243773485162,0.70559203244062,0.4505659470701936
2019-03-31,17310000.0,-0.3,9.5,3.5960815205179975,12.328270667747937,0.0,0.6377748678876612,0.6044510428903502,0.4054441251566872
2019-04-01,22200000.0,-1.4,10.7,3.083802297066871,9.254433820023458,0.020000000000000004,0.6061611807954008,0.5633537966311404,0.4414676023127958
2019-04-02,22890000.0,0.0,12.8,3.1905104996638434,8.108105180609169,0.0,0.6595425636197287,0.6129030704107318,0.4918897548908044
2019-04-03,23100000.0,1.9,14.0,3.6473726388366474,7.428688467431508,0.0,0.6176962448304802,0.5684239654728895,0.5104704671429874
2019-04-04,23040000.0,6.8,17.2,4.077754858461391,10.81080690747889,0.0,0.9192845338435461,0.8645952751142418,0.7033250159893505
2019-04-05,17610000.0,2.4,19.1,5.438998820397744,10.230160024851287,0.0,1.0116918525442438,0.9711719503038706,0.60665870460812
2019-04-06,20890000.0,9.6,21.0,5.900050683192513,4.528447079461673,0.03,0.5740266107097194,0.5205999740024957,0.5848830054259526
2019-04-07,18050000.0,6.5,20.9,6.435957698710726,4.043577002215941,0.0,0.5556711806000786,0.5110889945905607,0.5003902932754642
2019-04-08,22090000.0,4.6,18.7,4.281574914964132,7.626228128531621,0.0,0.8588173872745284,0.8068293416462071,0.643833080872356
2019-04-09,13090000.0,2.8,17.0,6.083963625921374,11.017325644083554,2.8000000000000003,0.7710956915133983,0.7416344330250153,0.49799220021459795
2019-04-10,4870000.0,1.3,9.2,7.302088401716876,4.414712123070698,0.0,0.131763507934983,0.12218967942453358,0.12676870753803476
2019-04-11,15940000.0,3.8,14.8,6.67249136529879,3.756246586070324,0.0,0.3445804695158719,0.3092767714934184,0.3247163159375542
2019-04-12,18720000.0,3.2,17.1,5.501157946769828,5.411389504075813,0.0,0.5616524611528942,0.5192417708147492,0.46497123882755675
2019-04-13,22210000.0,7.7,18.9,5.465801750877033,5.285682447012104,0.0,0.6042585637532307,0.5498981795492446,0.5725142447772058
2019-04-14,12970000.0,3.7,15.0,6.50416885856405,10.284034477878588,0.09000000000000001,0.5408364334693287,0.5120717185397342,0.41519880350790855
2019-04-15,24220000.0,3.5,19.8,4.894742002986018,6.61458562168559,0.0,0.8933172431713817,0.8363163167287407,0.6248560544628667
2019-04-16,21830000.0,9.2,23.1,5.771963664830714,4.028611876375024,0.0,0.668773106504403,0.6119540303268051,0.620144550275324
2019-04-17,23280000.0,8.3,23.6,7.254514019080317,5.082156735575625,0.0,0.7925784435422156,0.732231434977231,0.6419340195692327
2019-04-18,21460000.0,10.4,23.0,10.576419653048887,8.8473823971505,0.0,0.7673407827021641,0.7108663929152628,0.6126817417390307
2019-04-19,12400000.0,7.9,16.1,7.164449660793051,6.324262180371788,0.0,0.4634843545456547,0.4340508993267583,0.4192481972509478
2019-04-20,21840000.0,10.9,22.8,10.834706323692593,4.7080285895526846,0.0,0.5640783342794399,0.5064337628055303,0.517848167660593
2019-04-21,15120000.0,10.9,23.2,13.406028613664459,5.303640598021206,0.0,0.445913318616255,0.40584913723820276,0.41022095702985323
2019-04-22,23820000.0,11.2,27.1,11.355180150704841,5.228814968816617,0.0,0.8404047193418138,0.7747756721862321,0.664070585453498
2019-04-23,13640000.0,14.4,25.0,14.075813060059572,5.05222648389379,2.45,0.48008577110220507,0.44214119239422167,0.4739239807456683
2019-04-24,10200000.0,14.4,22.7,15.673224994421043,4.779861193589088,0.010000000000000002,0.34308761273671473,0.31528577835413174,0.32652641454096226
2019-04-25,11350000.0,9.4,20.7,11.249994953126073,6.641522848199242,0.8300000000000001,0.4204831341015189,0.3916083185114059,0.3939617308383512
2019-04-26,5850000.0,3.6,11.4,9.364589971716518,4.902575225484614,0.54,0.13131154704419862,0.11899470400553458,0.11383524820722273
2019-04-27,24080000.0,9.2,17.9,7.640635979945722,2.954115840997139,0.06,0.49609776116474985,0.4368233481245728,0.4472953018607296
2019-04-28,11580000.0,7.4,16.5,9.361889411790395,2.7146738275424567,0.03,0.27400620474880116,0.24655248383345385,0.26410696089010766
2019-04-29,7800000.0,8.6,15.9,11.50972142318417,3.3372230625246297,2.2100000000000004,0.20006584935100186,0.18143931487075715,0.1883329743575615
2019-04-30,17470000.0,10.3,21.3,11.807792474355399,5.650831517530495,0.0,0.48918263750470936,0.44403555592017413,0.42906537406411316
2019-05-01,22150000.0,9.2,21.7,10.752067145158772,8.616919459200366,0.0,0.7029905468269416,0.6461630207763787,0.5405098415413745
2019-05-02,25950000.0,7.8,22.7,7.983572865844131,6.566697218994654,0.0,0.8841932180222566,0.817895351254697,0.6567751323070918
2019-05-03,25780000.0,9.9,27.1,9.424176235329684,4.606265733834444,0.0,0.8644526546377092,0.7942488953079466,0.7009447149695831
2019-05-04,23660000.0,11.8,27.3,10.335347683093891,3.7472675105657727,0.0,0.7550892938628778,0.6894415018170312,0.6412533124552837
2019-05-05,21250000.0,10.8,26.9,8.247805899862097,6.815118307953885,0.15000000000000002,1.0792047963278246,1.020969195627456,0.8085869985169813
2019-05-06,23810000.0,5.4,20.1,7.674560986793384,6.15665277095351,0.0,0.7230729114559308,0.6655355254776871,0.5371942711031299
2019-05-07,26690000.0,8.7,21.5,5.78254282920126,6.9976928432130805,0.0,0.8835595521929205,0.8155870672910416,0.7355479047220796
2019-05-08,23460000.0,11.8,22.3,6.8037939161076935,9.79916440063286,0.0,1.0001275988709284,0.937964523796252,0.8239295338115253
2019-05-09,24870000.0,9.4,24.2,6.010529290065639,6.809132257617518,0.0,1.0471648402871714,0.9815873894507959,0.8060172945203732
2019-05-10,26220000.0,10.8,27.8,9.2144114407606,2.8224227335970635,0.0,0.7392578884045031,0.666824693955675,0.6365400090682245
2019-05-11,25270000.0,12.2,29.2,9.690900273954721,3.456944069251971,0.0,0.8230149223729105,0.7515191530050458,0.7053123601055789
2019-05-12,24010000.0,10.3,28.0,9.873333323482969,5.192898666798415,0.0,0.9149675008496251,0.8488149642331047,0.7381562167997139
2019-05-13,15670000.0,13.0,25.4,10.492532164354024,4.13636078242963,0.0,0.551143521282889,0.5079311855892112,0.5576346352219392
2019-05-14,23640000.0,15.4,27.8,12.612675930342169,4.049563052552309,0.0,0.7006571077697578,0.6327917339619372,0.660076858265289
2019-05-15,21610000.0,15.1,28.3,13.743011990885332,3.573672050811129,0.0,0.6537798867593019,0.5916440083977885,0.6015578459628478
2019-05-16,23000000.0,16.6,29.2,13.558632017901587,3.852023391452196,0.0,0.7102517262524085,0.6428894507147788,0.6732334854567208
2019-05-17,17370000.0,16.3,29.6,13.083575899969325,6.641522848199242,1.8100000000000003,0.8499421060189128,0.7990309903691488,0.7798201319262325
2019-05-18,7710000.0,15.9,20.1,16.107481316633358,7.386786115076939,0.8300000000000001,0.33585678751482145,0.31505386505050137,0.2845471767184098
2019-05-19,8790000.0,16.8,23.4,18.87151442274763,6.369157557894541,0.38,0.3357167527330485,0.31109606250885136,0.2962185360848675
2019-05-20,18440000.0,10.1,20.0,9.432327465960471,11.58300740087024,0.0,0.7964143180056102,0.749502282808986,0.5791236947434826
2019-05-21,27160000.0,12.2,23.1,9.682552463473758,9.993711036564788,0.0,0.9799277085825816,0.9071261573828414,0.7544940670245123
2019-05-22,27440000.0,12.4,27.0,10.02718673985749,7.264072083181413,0.0,1.09415545110224,1.017821195988819,0.8328771019973986
2019-05-23,27160000.0,13.6,27.9,13.584838220268717,6.521801841471901,0.0,0.945464215539408,0.8685576957222662,0.7363253222751176
2019-05-24,26390000.0,16.9,33.0,16.11618596566637,5.866329329639708,0.0,1.1127021892934565,1.033120824993538,0.8725816078986387
2019-05-25,19680000.0,16.4,30.0,10.669983319071799,5.312619673525756,0.0,0.8746654469244577,0.8167697707590481,0.8205997886375045
2019-05-26,24660000.0,18.5,32.3,12.853365774043962,9.802157425801044,0.9400000000000001,1.4101410042401017,1.3353255863086366,1.1308299454625683
2019-05-27,6060000.0,13.4,23.1,15.311595378702002,13.986406610921613,1.1,0.5266109370088174,0.5101839629710635,0.4205490735505567
2019-05-28,18920000.0,12.1,23.1,10.044411219784969,8.305644841709281,0.0,0.7618017772138512,0.7111353950846055,0.6562275835212414
2019-05-29,27220000.0,13.4,26.6,10.540395846164227,8.634877610209468,0.0,1.0898898081480823,1.0137765118705857,0.8540206448340637
2019-05-30,21220000.0,14.8,28.1,11.496772681954873,8.206875011159223,0.18000000000000002,1.0125631673859763,0.9517902788758594,0.8472315457411235
2019-05-31,25500000.0,11.6,25.1,11.506483035574961,7.398758215749672,0.0,0.8845536854583663,0.8153028822808903,0.6846179671044802
2019-06-01,21660000.0,14.4,24.4,12.668949467102445,4.965428754016468,0.0,0.6446009280189168,0.5846596282440806,0.5762392813130633
2019-06-02,25940000.0,14.5,28.5,11.16457303594352,4.947470603007366,0.0,0.8984858632452241,0.8241359121355826,0.7751538660070876
2019-06-03,27140000.0,17.0,31.2,13.66372402811236,3.9507932220022526,0.0,0.8910436500383799,0.810158475630032,0.7812559969043157
2019-06-04,27020000.0,16.9,32.5,14.690317366440153,5.821433952116955,0.0,1.1295620636529293,1.0483586176229562,0.8989053891034384
2019-06-05,25410000.0,18.9,32.6,18.095944388599445,4.277032965334256,0.0,0.8608834114253752,0.7834359101751939,0.7540573950190199
2019-06-06,11250000.0,17.3,29.7,18.851526134335852,7.8267608147999175,4.720000000000001,0.6063696655754803,0.5731282832735599,0.5866176959435322
2019-06-07,7430000.0,14.1,20.7,18.26043813751939,4.639189010684463,0.9400000000000001,0.19923933524950693,0.17941813571076143,0.16591248430589373
2019-06-08,24130000.0,16.4,27.3,16.17286684492371,3.501839446774724,0.0,0.6470269081070212,0.5774813399216047,0.5719628418418303
2019-06-09,24630000.0,14.2,26.0,14.786917358619776,6.1716178967944275,0.0,0.7265997304802088,0.6576113800567758,0.6112854502487334
2019-06-10,14910000.0,14.8,23.0,13.644905281493097,5.106100936921093,0.0,0.5042574732296491,0.4633599593816357,0.4604289962772737
2019-06-11,21290000.0,15.3,24.7,14.871899368405765,3.711351208547571,0.0,0.5707192937567653,0.5111876230092303,0.5006717427727921
2019-06-12,22880000.0,16.6,26.6,16.22096410596984,2.8523529852788987,0.0,0.5919633324001634,0.5262797557198362,0.5224681422502611
2019-06-13,25860000.0,17.7,29.2,16.69091624620527,3.528776673288376,0.0,0.7185900103612618,0.6422346869871292,0.6455042720952624
2019-06-14,13350000.0,15.7,25.8,17.947098126750312,2.4033992100513704,0.0,0.366752720933878,0.3289507312593992,0.34178545902466084
2019-06-15,21700000.0,14.9,27.5,16.45003569547168,6.294331928689951,0.15000000000000002,0.7088997101834501,0.6470010552248435,0.598400970949392
2019-06-16,19710000.0,17.4,26.6,16.672967755391074,3.9507932220022526,0.0,0.5841119198925384,0.5271720861490409,0.5252633441750861
2019-06-17,23950000.0,17.6,28.2,15.745590438275569,6.339227306212706,0.0,0.8137250138223836,0.7435803834255909,0.7170443147162604
2019-06-18,20330000.0,18.0,29.3,18.622990474223233,6.749271754253848,0.04000000000000001,0.7326368431944928,0.6724354121223803,0.6496755114588133
2019-06-19,18560000.0,17.4,28.3,17.98061444333519,6.608599571349222,0.0,0.6735940290460716,0.6192762186494869,0.6014952809693239
2019-06-20,26510000.0,18.8,31.3,18.357810027719943,6.1716178967944275,0.0,0.914981643613111,0.8349300371958481,0.7931082075441485
2019-06-21,27210000.0,17.9,31.0,17.01689961882744,4.693063463711767,0.06999999999999999,0.8700358115786141,0.7885433504421341,0.7550855121860938
2019-06-22,23260000.0,17.4,29.8,14.301593549405096,5.354522025880326,0.0,0.8207225948316831,0.7518945267436308,0.7666110686124373
2019-06-23,18580000.0,17.1,28.9,14.301593549405096,5.0701846349028905,0.0,0.6838413427359258,0.6293432076810349,0.67628886385169
2019-06-24,23260000.0,18.6,30.4,17.021466194163096,3.1307043259199667,0.04000000000000001,0.674625182704957,0.6049143863641568,0.6300104661331287
2019-06-25,21130000.0,19.9,32.9,18.57363127747827,4.28002599050244,0.0,0.7686257482116632,0.7036816918025925,0.7178212200293856
2019-06-26,5790000.0,20.7,25.0,22.394388106895224,4.193228260625117,4.4799999999999995,0.251183426437501,0.2342383767502044,0.2495545281917333
2019-06-27,13180000.0,21.9,28.6,24.421702727878927,4.672112287534482,0.06999999999999999,0.4635670010314377,0.42366044866107727,0.41117740459280494
2019-06-28,15980000.0,20.9,28.2,24.509546523201127,4.9325054771664485,0.6900000000000001,0.50289980896723,0.45497417682619573,0.4148627153720872
2019-06-29,5940000.0,19.6,23.3,22.804156699163872,4.90856127582098,3.8000000000000003,0.20912046645169427,0.19210863997902244,0.18336627393789348
2019-06-30,17850000.0,21.7,28.6,22.92835914278157,7.623235103363436,0.010000000000000002,0.6803276553715174,0.6263537127048961,0.5565818610457833
2019-07-01,15250000.0,18.1,27.5,20.33901783197081,6.5038436904628,0.020000000000000004,0.5447102426101939,0.5001129241599287,0.47355644157503285
2019-07-02,27320000.0,18.0,29.2,18.22161629593376,5.710692020894165,0.0,0.8285109109035611,0.7476690011801908,0.7002377305394809
2019-07-03,21700000.0,18.5,28.8,18.50472099395519,2.8433739097743485,0.0,0.5994208353159738,0.5351625444027991,0.537195263242863
2019-07-04,26940000.0,19.3,31.6,18.727019040637604,3.852023391452196,0.0,0.8011795463224882,0.7193925946724409,0.7160995813677415
2019-07-05,23160000.0,18.1,32.3,19.707187928956635,4.082486329402328,0.0,0.7769607929896891,0.706883671256221,0.6662342687655957
2019-07-06,27560000.0,19.1,31.4,18.13935996628982,7.7369700597544115,0.0,1.0186334777457302,0.9351869994963271,0.8674355616690598
2019-07-07,23170000.0,17.9,28.6,16.817030860711625,7.67710955639074,0.020000000000000004,0.850405853126729,0.7821929560449109,0.7298970734860628
2019-07-08,18180000.0,17.8,27.5,17.971032759553943,5.522131435298603,0.1,0.6147185095901494,0.5616725725179401,0.5504701931233577
2019-07-09,15340000.0,18.6,28.1,17.14057495163592,7.153330151958624,0.0,0.677310122536616,0.632082635351472,0.6308911611909218
2019-07-10,7370000.0,20.0,25.0,21.297773032821603,7.943488796359073,3.44,0.38290822681398495,0.36145274485174983,0.34092481834071114
2019-07-11,12380000.0,19.8,26.5,21.80315622203419,7.395765190581488,0.020000000000000004,0.48740629165730825,0.45101298497888304,0.4102227138057901
2019-07-12,18250000.0,20.2,28.6,20.478228454090665,6.749271754253848,0.0,0.679441151678262,0.6248214129400013,0.5881174456595948
2019-07-13,19870000.0,20.9,29.1,21.973933238855256,2.568015594301464,0.03,0.557294051463081,0.4973336728489972,0.4846402669560364
2019-07-14,18590000.0,21.3,28.7,24.547278327017057,2.831401809101614,1.32,0.5187087235799199,0.4626109159082633,0.4324949068830174
2019-07-15,16000000.0,20.8,28.1,23.980432634612605,3.708358183379387,1.1300000000000001,0.4759265562435049,0.42800743172370775,0.4032006775504879
2019-07-16,18030000.0,21.5,27.8,24.327889877700297,3.4629301195883384,0.8500000000000001,0.5145991726585514,0.46045070251728004,0.42255307098241773
2019-07-17,16540000.0,22.1,29.7,24.011278217642197,3.690400032370286,1.21,0.5302473887895613,0.4797362181999514,0.46990076044623236
2019-07-18,14520000.0,21.4,26.9,24.197081153262165,4.076500279065961,0.020000000000000004,0.44002793469007734,0.3967235291583225,0.36585610543016733
2019-07-19,10520000.0,23.6,28.2,27.331817901166865,9.233482643846173,3.0700000000000003,0.4747008260902074,0.4425740114225715,0.3800641337964866
2019-07-20,4870000.0,23.3,26.1,28.10853988207784,11.238809506529135,3.41,0.25795312444665014,0.24331727018440108,0.20383248313649158
2019-07-21,11260000.0,23.9,28.4,27.714305104848663,10.532455566837823,0.16000000000000003,0.5229779730069467,0.48848008872426635,0.40182270564908285
2019-07-22,21670000.0,24.7,31.9,27.94603355187062,8.362512319904766,0.020000000000000004,0.8361326453962098,0.7679746480331799,0.6604235561370283
2019-07-23,20610000.0,24.6,32.6,28.32887506456815,5.058212534230157,0.010000000000000002,0.7062230741335916,0.6411745386214495,0.595952252349377
2019-07-24,9890000.0,24.3,30.2,30.06378514702448,3.8849466683022156,0.1,0.34983055541901864,0.3191100381283817,0.311401543576528
2019-07-25,11430000.0,24.9,29.6,31.930236305170624,3.8460373411158293,0.75,0.3605833690593065,0.32507927273655823,0.2904581504855638
2019-07-26,10050000.0,24.4,31.9,31.2091044785345,3.7323023847248553,0.7000000000000001,0.3640691395458696,0.33251435829172415,0.33304321346418064
2019-07-27,14810000.0,24.8,31.0,31.87486147282342,3.552720874633844,1.3,0.4598018387744693,0.4134381960422419,0.37158753977938286
2019-07-28,10140000.0,23.4,29.5,31.092885573832596,3.9897025491886384,0.7400000000000001,0.31500591453486987,0.28382038681606053,0.2578932199336189
2019-07-29,18740000.0,23.3,33.1,28.400271799253858,4.648168086189014,0.010000000000000002,0.6309385752671425,0.5720647538058184,0.5479687621067916
2019-07-30,20390000.0,24.9,33.6,28.10853988207784,7.446646618440609,0.0,0.8193707091752256,0.7545433407115526,0.7009885482276876
2019-07-31,23700000.0,24.4,33.5,29.12292320622386,7.380800064740572,0.010000000000000002,0.8586407920981907,0.7835419623892702,0.6906171975062538
2019-08-01,22430000.0,24.1,33.3,28.701856091226237,4.968421779184651,0.05,0.7414055426441728,0.6705319168375868,0.6199242199958277
2019-08-02,25010000.0,25.4,35.3,28.34314186421814,2.831401809101614,0.0,0.7732384829292129,0.6927707296600112,0.6663302341806552
2019-08-03,20920000.0,25.1,34.7,29.51239487380549,3.1875718041154535,0.010000000000000002,0.6740060223481007,0.6070193419803038,0.5865409501472244
2019-08-04,23040000.0,25.4,34.6,29.144848397360473,3.28634163466551,0.0,0.7324388593378971,0.658584588386373,0.628855455988172
2019-08-05,23040000.0,23.8,35.5,26.412465199889287,4.375802795884312,0.020000000000000004,0.78649663756502,0.7129210628942138,0.7181845438705157
2019-08-06,16660000.0,24.2,32.8,26.29194939117087,10.634218422556064,5.59,0.8589072920869117,0.8063858862377475,0.7342532358284989
2019-08-07,19520000.0,24.0,32.4,28.550716375694815,5.27371034633937,0.26,0.6629920194691515,0.6016677401241651,0.5581249646030034
2019-08-08,18040000.0,24.7,31.8,30.654688931807303,3.262397433320042,0.13,0.550017263206577,0.49330955377835595,0.4511613128121219
2019-08-09,23590000.0,24.9,34.0,30.471802778472775,2.3525177821922503,0.010000000000000002,0.6891753310701212,0.6140080878198312,0.5670192844493152
2019-08-10,23260000.0,24.0,33.7,26.466182476221444,8.170958709141022,0.010000000000000002,0.9194684401921013,0.8458469689142323,0.7779072896307911
2019-08-11,22110000.0,25.8,33.0,26.533463243341878,11.05623497126994,0.29,1.0504936040144746,0.980081001986768,0.8484257663396656
2019-08-12,16399999.999999998,24.1,32.4,29.013513020320435,7.518479222477014,0.03,0.6517878511620122,0.6002353880454476,0.5527278510484954
2019-08-13,20150000.0,24.9,35.0,28.443185188952054,4.522461029125306,0.06,0.7140892129387303,0.6495334104789917,0.6467773115606541
2019-08-14,14920000.0,24.4,33.2,27.077109200105262,8.883298699168702,0.81,0.7428269066468127,0.6956295455254056,0.6730148995164841
2019-08-15,12740000.0,23.3,29.4,28.85369365369683,8.928194076691454,0.37000000000000005,0.4926855686677854,0.4535534403592485,0.380670923849131
2019-08-16,20000000.0,23.3,30.9,26.112076316035463,10.212201873842186,0.06,0.8209975448951592,0.7589870697190471,0.6385638296911553
2019-08-17,23460000.0,20.4,32.5,23.722694405432684,7.174281328135909,0.05,0.8134440572621671,0.7412929250843302,0.6972428719291639
2019-08-18,23770000.0,20.8,30.7,20.73199640558853,2.903234413138019,0.0,0.6520975096421864,0.5796485877721823,0.5818891358446079
2019-08-19,18680000.0,21.4,30.3,25.093707197623612,4.121395656588713,0.08000000000000002,0.5601959105610937,0.5031865197783721,0.4799950796914648
2019-08-20,19830000.0,21.3,30.8,22.528310020993633,6.045910839730719,0.0,0.6937904345609487,0.6331143017046125,0.6175319711392633
2019-08-21,19080000.0,24.6,32.0,27.595585899620183,3.8101210390976266,2.2800000000000002,0.6108776074048264,0.5508658589190575,0.5291959449607635
2019-08-22,13190000.0,21.2,29.1,24.895525854254902,5.312619673525756,0.27999999999999997,0.45426701623790444,0.41438374992010435,0.40333498003644425
2019-08-23,17550000.0,20.0,28.9,21.021458824589498,6.5367669673128175,0.08000000000000002,0.6264957816208782,0.5739344919132257,0.5544500050244929
2019-08-24,12830000.0,18.5,26.2,21.275551522506415,4.7529239670754375,0.0,0.39509514116891997,0.3578299685924508,0.34902198953045155
2019-08-25,23250000.0,18.3,29.3,19.915860508848546,4.441649349584351,0.0,0.6484086526355073,0.5794118843349045,0.5695965056390105
2019-08-26,22380000.0,22.4,30.1,22.93428827314294,3.6963860827066526,0.22999999999999998,0.6487807539363388,0.5801260282654003,0.5630987127426227
2019-08-27,9260000.0,20.1,26.3,23.99893582466139,2.5141411412741608,1.9000000000000001,0.26409249662684564,0.23685093355308076,0.24011504853508278
2019-08-28,12980000.0,20.8,27.5,23.89424922002672,3.630539529006615,0.09000000000000001,0.38652685204271864,0.34781533800675596,0.34102828311257627
2019-08-29,9360000.0,19.8,25.7,22.792358643380602,6.180596972298978,0.04000000000000001,0.33943886966620923,0.31208689915880256,0.29756630109313836
2019-08-30,20580000.0,18.2,26.6,18.941619729612892,7.521472247645197,0.0,0.6632328312462901,0.6034117787697967,0.5405487078601856
2019-08-31,18420000.0,17.2,26.7,19.69680475335256,4.411719097902515,0.020000000000000004,0.4961367494304426,0.4429650145621977,0.4293759074446847
2019-09-01,13520000.0,18.9,26.8,21.87701647905409,3.1845787789472704,0.03,0.37244117406645966,0.3328734587344647,0.33349935244801376
2019-09-02,9500000.0,19.4,26.0,22.40019628449434,3.3581742387019147,1.8100000000000003,0.28962869844181294,0.261888504609091,0.2701190621817481
2019-09-03,5750000.0,20.0,23.2,24.45304386831724,3.630539529006615,1.62,0.15649949708148542,0.1399924793405815,0.13257227451692777
2019-09-04,7160000.0,22.0,26.0,26.899367091740142,3.4659231447565215,1.07,0.21595457254031575,0.19464586028799002,0.18917056425101295
2019-09-05,11330000.0,22.3,28.1,27.819427409468688,3.9328350709931517,0.35000000000000003,0.3336463786673544,0.29936426341518707,0.2789453532059043
2019-09-06,9050000.0,24.2,28.7,28.831959745164497,9.362182726078064,0.9300000000000002,0.4178475504463681,0.3900143131825392,0.34348801817006047
2019-09-07,15880000.0,22.0,29.5,26.695546926658743,11.975093697902283,0.61,0.6441713468980251,0.595770468509482,0.4736725165095327
2019-09-08,10570000.0,23.0,29.0,26.56041734986991,2.568015594301464,0.54,0.32572011901086806,0.2933987505904119,0.2991899177593961
2019-09-09,5570000.0,23.2,24.8,27.519004415968265,2.6907296261969886,1.34,0.1653685467023922,0.14879179708710527,0.1483792264969213
2019-09-10,18450000.0,21.0,30.7,25.959699942202963,4.806798420102741,0.06,0.544694461416123,0.48838700638715016,0.4645560409880584
2019-09-11,12440000.0,20.9,27.4,22.446709164130535,7.5065071218042805,0.22999999999999998,0.4974889163418063,0.46038789672644614,0.4373025529555907
2019-09-12,5130000.0,15.8,21.5,17.64319327619326,4.318935317688826,0.1,0.1983154868281351,0.18430737403376482,0.20294989226984725
2019-09-13,21310000.0,15.5,26.9,18.071863997073358,4.468586576098002,0.0,0.5293418440954971,0.4685556534425982,0.46796975702466026
2019-09-14,14760000.0,19.5,28.9,22.429256943210262,2.3944201345468197,0.0,0.39059234022638634,0.3465411655583012,0.3600773509629419
2019-09-15,14820000.0,17.8,28.1,21.3980213862927,4.211186411634219,0.06999999999999999,0.4187672556758176,0.3753301380057255,0.3871044287926984
2019-09-16,20240000.0,16.1,26.9,16.925793438628684,3.028941470201727,0.0,0.4806336208529586,0.42262116863787974,0.4481164567311412
2019-09-17,21310000.0,16.1,26.4,16.75386948305798,4.214179436802402,0.0,0.533154236226699,0.47231900974198016,0.4854471065113047
2019-09-18,21460000.0,15.6,27.5,14.149428345360436,5.770552524257836,0.0,0.647282501112072,0.5857243088974037,0.6295039020040525
2019-09-19,19200000.0,14.4,24.5,15.299113699424968,3.3731393645428325,0.0,0.4388715557230115,0.3856914719423481,0.4072618643948
2019-09-20,8750000.0,16.3,23.0,15.805405481357644,5.9441479840124805,0.22999999999999998,0.3693048856966027,0.34498465948323714,0.36499706214067007
2019-09-21,4170000.0,15.5,21.2,16.916706390073617,8.90724290051417,6.15,0.2779630179887941,0.26663847488094794,0.25717110882001204
2019-09-22,1860000.0,15.7,17.7,15.23683916227896,12.385138145943426,5.1000000000000005,0.2738830981093835,0.26898830011294195,0.23984832706048906
2019-09-23,12380000.0,11.6,22.1,14.924721881698531,3.385111465215566,0.0,0.28144385109358894,0.2487680363112171,0.27294604801997135
2019-09-24,20520000.0,11.3,24.4,14.372307010741503,3.1965508796200046,0.0,0.4303812109859825,0.3751699744734099,0.39059404873994685
2019-09-25,15600000.0,15.9,24.1,16.844163883956842,2.984046092678974,0.0,0.36257843708440257,0.3189572974103046,0.33863021314083586
2019-09-26,9940000.0,15.1,25.0,18.450734464366274,3.9507932220022526,0.0,0.2815615905903613,0.25374341249789406,0.2831091677825778
2019-09-27,17230000.0,18.1,26.3,21.09850869813629,3.1127461749108654,0.0,0.3995007466589537,0.3495708619810673,0.3472250967378801
2019-09-28,16000000.0,17.1,27.3,21.264448378497487,2.2567409768103777,0.0,0.3571474461628318,0.31078191192915905,0.3214492752792245
2019-09-29,18540000.0,14.1,28.1,18.21192214477954,3.403069616224667,0.0,0.45513591220258337,0.4023365838109112,0.41127700578649284
2019-09-30,18460000.0,19.2,27.9,21.209008691427563,2.55604349362873,0.020000000000000004,0.43108426100225855,0.37649926638272474,0.38713928056031016
2019-10-01,7020000.0,20.3,25.6,23.949621698757408,3.759239611238507,0.96,0.21947062359769937,0.19889514680660308,0.210358844659922
2019-10-02,1620000.0,20.8,21.9,23.43110500227443,9.559722387178176,18.56,0.11229665834775127,0.10766448612637396,0.12350312588630952
2019-10-03,11890000.0,14.3,26.1,18.911546709969077,7.443653593272425,0.1,0.37252503349738175,0.339164822163162,0.3540274262752736
2019-10-04,15840000.0,19.0,26.9,20.808117020135903,3.7083581833793873,0.020000000000000004,0.40462084948133203,0.3581941326193713,0.371462278401822
2019-10-05,8910000.0,14.4,22.8,16.194713704253726,6.201548148476262,0.58,0.3141159830727242,0.28980816820544725,0.30889269874660363
2019-10-06,14230000.0,13.7,20.4,12.493823758361803,5.267724296003003,0.27999999999999997,0.39184578135208104,0.35413987520064694,0.37487646754821435
2019-10-07,4480000.0,12.7,16.3,14.855679341299771,4.717007665057235,0.5900000000000001,0.12642280678529838,0.11515962377028281,0.11970312588357439
2019-10-08,15040000.0,7.3,21.2,9.063735027255829,8.126063331618269,0.0,0.606693007162706,0.5690873152131598,0.49738571807165427
2019-10-09,18030000.0,7.5,20.6,9.932916319361226,2.424350386228655,0.0,0.31305312398116625,0.26817021924003787,0.31479682741485354
2019-10-10,13410000.0,11.3,20.5,10.810162554683318,3.262397433320042,0.0,0.30782622762979855,0.2731000329128568,0.32959188845318
2019-10-11,16620000.000000002,12.7,23.5,13.678795438745851,3.7742047370794243,0.0,0.36408194242231795,0.31915470747340796,0.37030461016882843
2019-10-12,15720000.0,9.7,22.5,11.685789510284497,6.916881163672125,0.0,0.47062342251374556,0.42974891644650215,0.4380608039612047
2019-10-13,16410000.0,10.1,21.3,11.994576882851018,4.085479354570511,0.0,0.33425266468738657,0.2919322621785671,0.339645812313021
2019-10-14,14550000.0,11.2,21.2,11.422565840809884,6.099785292758024,0.020000000000000004,0.40860377472392295,0.37069472371153905,0.4071583150683848
2019-10-15,9100000.0,8.5,17.2,11.24682095232695,4.731972790898152,0.020000000000000004,0.2213301709831299,0.19928823728444317,0.22539557411334568
2019-10-16,15250000.0,8.5,19.4,11.496772681954873,2.4333294617332055,0.0,0.24242639574242034,0.20454826221509737,0.2491350040461371
2019-10-17,10230000.0,9.7,18.8,12.075419540852389,4.6122517841708115,0.0,0.24381539528779833,0.21823652370243546,0.25080612740614505
2019-10-18,6970000.0,11.2,19.1,13.622352845637055,5.405403453739445,0.19,0.2134348438941303,0.1956652476095066,0.21963760031602422
2019-10-19,15970000.0,9.6,22.0,11.525925391877726,3.4210277672337686,0.0,0.3123263648505524,0.27105567836486094,0.33331589854090915
2019-10-20,15390000.0,9.1,21.3,11.243647739541382,3.1067601245744987,0.0,0.2825810976278462,0.24330370875365195,0.3072250316076766
2019-10-21,14800000.0,9.0,22.1,12.796372602043608,3.843044315947646,0.0,0.2955061907414694,0.257456408183192,0.300459933333131
2019-10-22,14120000.0,10.8,21.8,12.514725839860304,4.615244809338995,0.0,0.31617954613574184,0.27931654517074783,0.33606373952233853
2019-10-23,6750000.0,12.0,19.3,12.75022933825598,4.73795884123452,0.010000000000000002,0.2318519475533111,0.2144621021735018,0.2536798538123357
2019-10-24,11030000.0,11.5,22.1,13.156255828889854,5.725657146735083,0.010000000000000002,0.3194975975949267,0.29041358944353063,0.3416540531265019
2019-10-25,13250000.0,10.5,23.1,11.778013421827099,6.255422601503567,0.0,0.4127136286287506,0.3777759035148795,0.4275705910728049
2019-10-26,14520000.0,4.7,16.0,7.5129250087392085,7.183260403640459,0.0,0.35409084589094336,0.3210233536528797,0.3457848900394759
2019-10-27,15330000.0,3.0,15.8,7.3892934681275175,4.995359005698303,0.0,0.28580277171829593,0.2517580907255589,0.29173456306758705
2019-10-28,14400000.0,8.4,17.7,9.555343643743083,4.84870077245731,0.0,0.2905692188468802,0.2555268910076084,0.30699334658653343
2019-10-29,10670000.0,4.5,17.2,8.315665575647847,6.692404276058361,0.0,0.31982615777156675,0.29521225501618903,0.3197568544363123
2019-10-30,14790000.0,5.6,16.4,8.15171097168109,5.671782693707779,0.0,0.29660305107145213,0.2623549769700595,0.31135035863131294
2019-10-31,13610000.0,11.7,19.3,12.320829949437389,7.359848888563287,0.0,0.3505353404747099,0.3155813822631375,0.3283306471288996
2019-11-01,13530000.0,8.3,20.7,11.243647739541382,4.187242210288751,0.0,0.2641100697194699,0.23009425137278217,0.2960099640975928
2019-11-02,9410000.0,9.0,17.8,12.35870680261235,2.8643250859516334,0.0,0.15410187500234332,0.1310175329666384,0.17137880343831297
2019-11-03,11870000.0,9.8,19.8,11.814419028180664,3.8250861649385444,0.09000000000000001,0.22837045251368004,0.19833370835677264,0.25894139923389925
2019-11-04,12300000.0,5.4,17.6,9.574606000767881,2.9660879416698727,0.0,0.18150378131915437,0.15266311403677277,0.21690198321195284
2019-11-05,13420000.0,4.8,18.3,9.203766090412302,4.992365980530119,0.0,0.27397358203126393,0.24246784122237947,0.285335198963528
2019-11-06,13350000.0,8.5,18.1,8.209248674824089,4.354851619707028,0.0,0.28218620909208136,0.2495112370469117,0.33435417493889485
2019-11-07,12880000.0,2.2,16.2,5.444015491749176,6.988713767708529,0.0,0.45483049394836816,0.4263814478795414,0.4032930202896421
2019-11-08,13760000.0,2.5,14.4,4.272118061415699,5.722664121566899,0.0,0.33409974347218696,0.30433065576554885,0.38475386360287056
2019-11-09,12990000.0,1.7,16.3,5.779014536924075,4.558377331143508,0.0,0.321965685723336,0.2934301221296668,0.32319268352292996
2019-11-10,7170000.0,6.2,14.3,9.206426411277459,6.5367669673128175,0.79,0.20531548668472682,0.18902914407378493,0.21197284405942515
2019-11-11,10040000.0,4.3,16.5,9.150701766036088,8.904249875345986,0.0,0.2789155223626923,0.2560209929078133,0.2741913530838859
2019-11-12,10330000.0,2.3,15.4,7.413435485102533,2.430336436565022,0.0,0.14860490654191344,0.12600617786256246,0.18795668570730106
2019-11-13,4740000.0,-0.8,13.2,5.225501113847298,9.80814347613741,0.12,0.4491358966730935,0.43953677743403485,0.3361632110373606
2019-11-14,13050000.0,-2.2,5.1,3.1666331373209022,6.602613521012855,0.0,0.24685798226910455,0.22433092276535196,0.23595474379970494
2019-11-15,11060000.0,3.1,15.7,8.44792990766769,5.16296841511658,0.06999999999999999,0.19588992053323434,0.17132800456587147,0.22631647199683394
2019-11-16,9310000.0,4.0,17.2,9.225067641663822,3.729309359556672,0.0,0.17027983185181758,0.14894007259235714,0.20812635881332486
2019-11-17,2020000.0,6.7,14.4,11.630106874527916,6.1267225192716745,2.5600000000000005,0.07089294778901042,0.066268791652173,0.09598894176325382
2019-11-18,7870000.0,0.4,9.8,4.787690310729528,11.343565387415557,0.0,0.384824581331258,0.36942702996483806,0.3022383680410017
2019-11-19,11020000.0,-2.9,5.3,3.735100542543618,8.275714590027446,0.0,0.24306824569274918,0.22421966706667598,0.2129837930176634
2019-11-20,12240000.0,-4.2,7.3,3.1061069030814155,4.740951866402703,0.0,0.18621413671720627,0.16500786909262993,0.2250677123828985
2019-11-21,10180000.0,0.4,9.1,4.954442529619806,2.7865064315788612,0.0,0.12388341795870675,0.10418980740056975,0.16571944359204088
2019-11-22,11220000.0,4.0,15.1,8.690181796251665,3.6484976800157165,0.0,0.1392856840210554,0.11426761208044567,0.18328161553694208
2019-11-23,8910000.0,5.9,14.7,10.235607520824425,2.2926572788285795,0.020000000000000004,0.09436236028178448,0.07409730392861166,0.1228733975745681
2019-11-24,10280000.0,0.6,20.0,9.16659267575642,8.497198452473025,0.0,0.3549618682138891,0.3315808604349198,0.3342858611668045
2019-11-25,2970000.0,3.3,9.0,6.656486812828668,5.088142785911992,0.0,0.14437348446395856,0.13836807662062017,0.15909777216419574
2019-11-26,8720000.0,4.7,12.4,7.404648524699044,4.2411166633160535,0.0,0.15619562383690366,0.1372774128143228,0.19261376328916788
2019-11-27,9050000.0,1.4,8.8,4.861346623922624,5.923196807835195,0.0,0.21275982306912625,0.1950536172411592,0.23058203162300245
2019-11-28,3260000.0,-0.9,7.6,6.763152120700615,4.588307582825343,0.05,0.06642733083057897,0.06040815923945099,0.08374139488145697
2019-11-29,11440000.0,-0.9,8.7,3.8763910226659535,4.7529239670754375,0.0,0.18571753323840262,0.16419809330079352,0.23101611940563554
2019-11-30,8990000.0,1.6,9.8,5.548614291585383,3.355181213533731,0.0,0.12805085789603846,0.11012482383414604,0.17168608043389294
2019-12-01,2210000.0,0.5,7.5,6.83032664602823,5.519138410130419,1.0,0.08357726021453198,0.07940616986035581,0.09627344144137011
2019-12-02,10530000.0,-3.9,5.1,3.2051227323907248,10.25709725136494,0.0,0.2992704727240062,0.2816593655015692,0.24130076295155525
2019-12-03,8810000.0,-0.4,6.7,5.37911708112658,7.066532422081302,0.0,0.1580795577019794,0.14192431377253528,0.15803395851651666
2019-12-04,10830000.0,-2.9,8.0,3.6076820337205304,6.9498044405221435,0.0,0.23263936372779734,0.21319075514805977,0.25021412289057887
2019-12-05,10930000.0,-7.7,2.2,1.8635577192481059,10.897604637356213,0.0,0.330068444566462,0.31408236187286576,0.24750811593886604
2019-12-06,11330000.0,-5.3,1.2,1.7856575542506592,7.395765190581488,0.0,0.24871855009271635,0.23165499871379472,0.22926967370783533
2019-12-07,8710000.0,-4.0,6.4,4.235814852629874,5.638859416857761,0.0,0.1402081898134238,0.1253106290300211,0.16528738500192616
2019-12-08,10890000.0,-4.4,7.3,3.3994637106294063,4.2500957388206055,0.0,0.1409497893181476,0.12215134655984372,0.19318072467539044
2019-12-09,10170000.0,-1.1,10.5,5.166108676342037,3.525783648120192,0.0,0.11804459045339503,0.09840224861160847,0.17588804948479084
2019-12-10,7760000.0,0.7,12.4,6.376070904097801,3.424020792401952,0.0,0.11633573601063223,0.1004521916699308,0.17234646641147258
2019-12-11,6870000.0,-3.3,13.6,4.928340403351714,10.924541863869866,0.06,0.5462929827702893,0.5328304043769134,0.347125614284675
2019-12-12,10740000.0,-5.3,4.3,2.807450241874888,5.737629247407816,0.0,0.17162465751006953,0.15440724442099243,0.19561978347023476
2019-12-13,9390000.0,-1.0,8.3,2.847680750891397,5.2527591701620855,0.03,0.22858057846206864,0.21106535411814695,0.27609131601726267
2019-12-14,10530000.0,-1.4,7.4,4.312778236352875,4.785847243925456,0.0,0.14522709902676006,0.1260176308411588,0.184784382025538
2019-12-15,10040000.0,-0.1,9.9,5.9759233883635,2.9152065138107526,0.0,0.08585758384591394,0.06634031629925556,0.13345644755093877
2019-12-16,9690000.0,2.5,10.6,7.177255235048499,2.4033992100513704,0.010000000000000002,0.07470690979110005,0.054872947850198396,0.11492935272852867
2019-12-17,3320000.0,-1.1,11.0,8.063703962399984,7.087483598258586,0.2,0.0596297820090043,0.05316545537764483,0.091013846795834
2019-12-18,9940000.0,-3.1,7.4,4.171950655497205,8.323602992718381,0.0,0.21911183731947242,0.20151303343550256,0.21788968594665709
2019-12-19,10320000.0,-2.4,5.1,2.9646276523068793,8.506177527977577,0.0,0.2807818996596837,0.26303268364994087,0.2546717119044526
2019-12-20,10010000.0,-4.1,4.8,3.5021992939995474,6.539759992481001,0.0,0.17201338947884537,0.15542999570235572,0.18457156855490095
2019-12-21,8000000.0,-3.1,7.0,4.291050322309828,3.034927520538094,0.0,0.09317397110453192,0.07911118477851556,0.13750424482224602
2019-12-22,7090000.0,-2.7,7.3,5.370846491224622,3.4629301195883384,0.03,0.07708359083332629,0.06446343373659189,0.11217187179395072
2019-12-23,7040000.0,-2.3,8.2,5.364238124661002,6.925860239176677,0.0,0.14599393297240854,0.1331733832920266,0.16364893238294762
2019-12-24,9740000.0,-2.8,8.0,4.101125234421103,2.4572736630786736,0.0,0.08714673354487526,0.06962475472596638,0.14100212514819122
2019-12-25,8750000.0,-2.2,11.0,3.175957479371781,3.379125414879199,0.0,0.18332515671536778,0.16659035285886278,0.23939568823314072
2019-12-26,2240000.0,-4.4,5.5,4.594163959966603,9.586659613691829,0.13,0.17093908477896633,0.16719982701097058,0.1499905729820487
2019-12-27,10690000.0,-5.0,3.4,2.672817300898044,7.129385950613156,0.0,0.20891183861321538,0.19197617957537746,0.20763723117182967
2019-12-28,10370000.0,-3.8,6.7,3.3004864139866323,2.7296389533833745,0.0,0.09937331358017532,0.08147250077910907,0.1549821426270084
2019-12-29,3420000.0,-0.0,4.6,5.497781992834329,2.6488272738424192,1.1,0.066491040285394,0.060403460980622256,0.0867660878093083
2019-12-30,7440000.0,-9.6,11.6,4.251915706397948,13.199240991689344,0.0,0.4404820144755435,0.427850755058822,0.29669387233333994
2019-12-31,11050000.0,-7.1,-2.3,1.7505526436437446,9.356196675741698,0.0,0.24488601069549767,0.23004378189115773,0.18659307701513542
2020-01-01,5210000.0,-1.5,2.7,4.246542736702463,5.89326655615336,0.0,0.13461094996898168,0.12589738219795635,0.134569302104684
2020-01-02,7550000.0,-1.0,5.6,4.986855309807179,6.566697218994654,0.0,0.14548681088900867,0.132047856575843,0.1489213208482156
2020-01-03,10390000.0,-2.7,6.7,3.996885843700072,7.479569895290628,0.0,0.2095637687306911,0.19126685262771642,0.21228035046832594
2020-01-04,9640000.0,-3.2,6.7,4.148222611336185,7.473583844954261,0.0,0.19575405481721606,0.17893039541583805,0.19942035316814807
2020-01-05,10870000.0,-1.7,8.1,3.340416829472466,3.0648577722199293,0.0,0.1297819160099803,0.1098148339168574,0.19127811006824302
2020-01-06,1970000.0,1.7,5.4,6.632543583310935,3.3701463393746485,2.93,0.056624569056015796,0.05296234566170327,0.07561389395747428
2020-01-07,1410000.0,3.9,10.9,9.206426411277459,8.428358873604806,2.9600000000000004,0.07706411914757348,0.0741041040132966,0.0951013136894513
2020-01-08,4570000.0,-2.5,6.1,5.563944856277184,11.137046650810897,0.020000000000000004,0.15500208021960105,0.14701209006763816,0.12603247832392978
2020-01-09,10680000.0,-4.3,4.8,3.9062085915545435,7.329918636881453,0.0,0.1716964903771605,0.1540705260147512,0.17013864170432996
2020-01-10,10720000.0,-2.4,8.3,3.877629378140869,3.8310722152749115,0.0,0.14302349721360935,0.12350129656393687,0.1942088622704805
2020-01-11,11130000.0,-2.3,6.3,4.0764599742538525,6.794167131776601,0.0,0.19522724010147485,0.1756271750171526,0.20052179998305583
2020-01-12,11140000.0,-2.1,4.1,3.700500051642499,9.580673563355463,0.0,0.25852848209640716,0.23961554796975687,0.2079931100341513
2020-01-13,7330000.0,-3.7,2.4,2.703227679601839,8.07518190375915,0.0,0.2523554393416624,0.2406737788455485,0.21461843966831168
2020-01-14,11320000.0,-4.8,4.4,2.905631202973817,5.5760058883259065,0.0,0.18066115506466773,0.16230014443558632,0.19817900099602154
2020-01-15,11720000.0,-4.7,3.2,2.836402393223023,6.007001512544333,0.0,0.18595058314082363,0.1673463311941395,0.19141523653138715
2020-01-16,10180000.0,-3.8,5.8,2.423917221263861,4.387774896557047,0.0,0.18697494632816092,0.16969185212624888,0.2264914226891154
2020-01-17,9610000.0,-1.4,6.4,3.1091595199986646,4.127381706925081,0.0,0.17875329880757382,0.16152596951931714,0.21638197593537684
2020-01-18,10690000.0,-3.2,7.0,2.9548837385804196,5.923196807835195,0.0,0.23341585413754257,0.2146582776184013,0.253776200803586
2020-01-19,4870000.0,-1.2,6.8,4.813131769303507,7.117413849940421,0.0,0.19074705550334517,0.18192447418735533,0.1835425307370095
2020-01-20,8860000.0,-5.3,5.7,3.344759224134536,9.242461719350723,0.0,0.2630394543407252,0.24844511856406454,0.2267330171646306
2020-01-21,12280000.0,-2.6,5.6,3.3090839120654922,2.642841223506052,0.0,0.11987316469216439,0.09863644254286683,0.15986287370506014
2020-01-22,3850000.0,1.4,6.1,5.372499708257373,1.9364872838147404,0.26,0.0833090910156219,0.07610337950185095,0.10651412411289221
2020-01-23,4019999.9999999995,-0.9,9.8,6.573018138574106,3.7771977622476083,0.010000000000000002,0.09333741294698993,0.08563632740124019,0.12309709683173187
2020-01-24,12100000.0,1.9,10.9,6.630551753644052,4.0196328008704745,0.0,0.148156844729951,0.12350250362777257,0.17618634685377116
2020-01-25,5670000.0,1.2,9.8,6.590826002796696,3.585644151483862,0.0,0.11384170963017737,0.10260654324448944,0.1401573203370487
2020-01-26,8690000.0,2.0,10.6,6.435957698710726,10.01166918757389,0.18000000000000002,0.2800082599561357,0.2623558947603115,0.23543218020634477
2020-01-27,2150000.0,3.2,6.1,7.48849712812478,8.048244677245497,1.47,0.08791438542291782,0.08376862524484754,0.08072301640445216
2020-01-28,6180000.0,0.1,10.6,6.041642555166838,4.354851619707028,0.0,0.14697134940121503,0.1347835574855383,0.1775473632860325
2020-01-29,10010000.0,-2.3,9.6,5.450710756434888,3.768218686743057,0.0,0.1313745377745403,0.11270282364433197,0.16349633756727003
2020-01-30,8029999.999999999,-0.6,8.3,5.497781992834329,3.115739200079049,0.03,0.11788980635094534,0.10281012203755495,0.14322230332884156
2020-01-31,8199999.999999999,-1.9,7.9,5.214218568012268,5.228814968816617,0.0,0.15295309934566054,0.1379941592581078,0.16539953424715148
2020-02-01,8520000.0,-2.3,7.0,5.190114273235261,6.6295507475265065,0.0,0.16390153463236787,0.14870903506859076,0.15885278256399113
2020-02-02,12010000.0,-2.6,7.6,4.005800483871509,6.363171507558173,0.0,0.23273855074316843,0.2112088707481671,0.2307541254498416
2020-02-03,13390000.0,-5.5,4.6,3.1254852084357623,7.5753467006725,0.0,0.24355760506766702,0.22204982413414048,0.21441993911192875
2020-02-04,14210000.0,-8.7,5.6,2.3658092093687255,8.835410296477765,0.020000000000000004,0.39133195186445313,0.3694876277137075,0.2643202506014989
2020-02-05,14660000.0,-8.7,-1.5,1.2225100097746735,9.308308273050763,0.0,0.3195608986233151,0.3002234842982797,0.22863619833740914
2020-02-06,13180000.0,-6.7,2.8,2.1056644652171803,3.7233233092203046,0.0,0.16950931362244648,0.14957745363083907,0.18792512881653547
2020-02-07,14150000.0,-2.0,5.3,2.7521593145463865,7.811795688958999,0.0,0.3356355367115412,0.3110305914470764,0.2848149884316996
2020-02-08,14290000.0,-4.6,4.5,3.0989944844009822,8.658821811554937,0.0,0.2930006810329282,0.2696872624834465,0.23311250630524882
2020-02-09,14890000.0,-2.8,5.3,3.201986544498093,5.752594373248734,0.0,0.24471996518775513,0.21920506005393964,0.23214443272497332
2020-02-10,14350000.0,-3.6,9.8,4.4242794820825395,5.001345056034669,0.0,0.24138029103645295,0.2151114639059814,0.23309802053509202
2020-02-11,14650000.0,0.4,12.4,5.48766512808562,3.468916169924705,0.1,0.20453650410365695,0.17468641343035826,0.23770770486922776
2020-02-12,2009999.9999999998,5.3,9.9,9.99853708049126,6.219506299485364,1.1199999999999999,0.04154920509024267,0.037304932329835214,0.054556789892971455
2020-02-13,12450000.0,2.1,13.3,7.726837572306692,5.513152359794053,0.0,0.20993357376627494,0.18356812021414323,0.21370248556699606
2020-02-14,14550000.0,2.2,16.4,7.060623757825766,3.7442744853975887,0.0,0.27556095659350194,0.24333581191177683,0.2794218376823224
2020-02-15,12010000.0,2.3,16.2,9.148055643103119,6.746278729085665,0.42000000000000004,0.25797461111506853,0.23141110035391854,0.2347240621442109
2020-02-16,5300000.0,-3.0,3.2,3.43600248606659,14.941181639572156,0.020000000000000004,0.39991494898480584,0.39121813690852564,0.22455624128871157
2020-02-17,13230000.0,-6.7,0.0,2.25865706580748,13.121422337316572,0.010000000000000002,0.3780612351289934,0.35920101318875175,0.21407018045000886
2020-02-18,16480000.0,-5.5,3.5,2.6050689313836872,7.61724905302707,0.0,0.2976882944028463,0.27178672456729414,0.23776285107175207
2020-02-19,15510000.0,-2.2,9.2,4.542601858939812,4.2860120408388065,0.0,0.22075822137858087,0.19197412537755712,0.22705804281808878
2020-02-20,15900000.0,-1.4,12.8,5.311629733071476,3.100774074238131,0.0,0.24180928106628544,0.2101047269412477,0.24131083069137768
2020-02-21,13090000.0,3.2,13.5,6.985192593844077,6.030945713889802,0.2,0.2858618986835289,0.25762185691461464,0.27634502771401326
2020-02-22,14550000.0,-2.5,9.6,3.9236959780109064,14.115106693153503,0.0,0.546482444881042,0.5194340436692413,0.3507352601213056
2020-02-23,16900000.0,-3.3,8.5,3.8863076979876574,6.282359828017218,0.0,0.2930214800848874,0.2626188679658361,0.26709268935953306
2020-02-24,15250000.0,3.7,14.3,5.2611013684764565,3.80413498876126,1.1500000000000001,0.2959632227764525,0.26246304226810346,0.32539382019216645
2020-02-25,2049999.9999999998,4.4,7.4,8.48995091942781,5.26473127083482,2.75,0.05449853707806657,0.05038528370304807,0.06810776636095199
2020-02-26,10020000.0,2.6,13.0,7.185803509820094,5.246773119825719,0.05,0.23206960945220406,0.21078884258400116,0.23379730191437628
2020-02-27,7780000.0,0.5,7.5,6.03064517916838,4.2860120408388065,0.0,0.15154705209765632,0.13686330415399545,0.14679868657272893
2020-02-28,5260000.0,1.2,7.4,7.132523958014513,4.100444480411428,0.13999999999999999,0.1006383385586668,0.09061141678402193,0.09787115593814752
2020-02-29,13710000.0,0.5,12.3,7.054310464555587,3.54972784946566,0.0,0.19799136692161895,0.17005657216865477,0.19934709792181177
2020-03-01,11200000.0,1.2,12.8,6.99562639385963,8.410400722595705,0.020000000000000004,0.2967667670026535,0.2735304460189046,0.25684949950375524
2020-03-02,18080000.0,-0.3,9.1,4.840200239593125,5.998022437039783,0.0,0.3107565055824049,0.2761776194423352,0.265837539090787
2020-03-03,10940000.0,2.0,11.4,6.889844690261059,6.515815791135533,0.0,0.25329278998416893,0.23079866509871638,0.2248692509047979
2020-03-04,16270000.0,-3.4,8.0,3.7820847917807754,13.767915773644214,0.0,0.5084383277753427,0.47947782622895785,0.3131501170994501
2020-03-05,18990000.0,-4.7,7.7,3.4875170903473762,6.402080834744559,0.0,0.33019845288568633,0.2973576260440609,0.27298848081395916
2020-03-06,18810000.0,0.6,12.4,4.185184836731902,3.010983319192626,0.0,0.2887185805934163,0.25027564352774895,0.3041321245435295
2020-03-07,9100000.0,-0.4,10.6,5.747345500478095,2.5560434936287297,0.0,0.16317567033499505,0.14537164016543702,0.1786544146135829
2020-03-08,18930000.0,1.1,15.1,6.951896742714726,3.5587069249702106,0.0,0.3165396901452511,0.2759887237851618,0.28577773856916566
2020-03-09,13100000.0,6.3,14.2,9.177200123637002,3.4539510440837877,0.81,0.23492407181516453,0.2051679925678369,0.2208006289568662
2020-03-10,4120000.0,0.0,9.8,6.7267580479198985,11.026304719588104,0.55,0.2235759529504308,0.2155668750328778,0.17622929909733306
2020-03-11,20120000.0,-3.4,8.4,3.6193157511892493,9.371161801582616,0.0,0.44215099802954744,0.40608295793800486,0.32102497563431925
2020-03-12,19640000.0,3.4,14.9,4.88409422918752,6.662474024376526,0.0,0.4947370118643198,0.4514157094915509,0.4511156848437653
2020-03-13,16840000.0,-2.9,12.0,3.408289765948145,9.08682441060518,0.0,0.6632956257485689,0.6309295100506027,0.41751833671147837
2020-03-14,20220000.0,1.2,9.4,4.2157648150412745,10.664148674237898,0.0,0.5560320651568526,0.5162187416775798,0.37431608261429966
2020-03-15,18210000.0,-2.7,10.0,3.252494126728386,12.433026548634361,0.0,0.6638578904814528,0.6298906662745504,0.4086167646324073
2020-03-16,20640000.0,-0.5,10.0,4.352408787323039,6.408066885080926,0.0,0.3963914726224489,0.35646258048885876,0.3258859396408386
2020-03-17,14530000.0,-0.1,13.9,7.459718235686695,10.66714169940608,0.0,0.41004128316160615,0.37998599596990745,0.2715590192196228
2020-03-18,20740000.0,1.7,17.2,5.939686590364069,3.9118838948158663,0.0,0.46506922261790395,0.4189479073140582,0.39045456329853734
2020-03-19,16100000.000000002,3.5,16.2,5.37911708112658,16.80583631935049,0.010000000000000002,0.9979635869939354,0.9617757674878169,0.5758103699991198
2020-03-20,20940000.0,3.0,14.8,4.666638159621533,7.431681492599692,0.0,0.5560936325995807,0.5102203889307908,0.4785771807628726
2020-03-21,20010000.0,8.5,22.0,10.767328702300027,7.967432997704543,0.0,0.6305760548164071,0.579453884719341,0.49813169663442725
2020-03-22,21120000.0,3.7,19.3,5.417307154021948,6.452962262603679,0.0,0.7511682786477356,0.7016467426311584,0.5560841252535221
2020-03-23,21230000.0,4.0,17.4,6.139558855220602,6.429018061258212,0.0,0.5819877003951631,0.5332007374534168,0.4765355100337076
2020-03-24,20940000.0,2.5,16.7,6.844651327894372,3.364160289038282,0.0,0.40030357392425103,0.35354945353236267,0.35103583375839376
2020-03-25,20780000.0,6.3,20.1,7.559755463090236,3.211516005460922,0.0,0.45603589495581326,0.4052922902833281,0.42291606671395404
2020-03-26,13860000.0,10.8,19.2,12.928507848365959,4.510488928452571,0.9900000000000001,0.3234200934497057,0.2881972538306189,0.28693402044766525
2020-03-27,9220000.0,4.8,18.8,7.045900496145625,8.895270799841434,0.22999999999999998,0.6304196874363902,0.6086407760025709,0.4860834747020264
2020-03-28,7860000.0,3.0,11.2,5.954157923496313,3.4150417168974014,0.0,0.2192305347977323,0.20287514603373585,0.22634221052246312
2020-03-29,18430000.0,4.8,14.3,6.893966218994298,5.067191609734707,0.0,0.39793275534920614,0.3568380079458694,0.34789079154413993
2020-03-30,22090000.0,3.1,17.3,7.36522089044698,2.8553460104470827,0.0,0.4022980569490824,0.35218703543164953,0.35191769485820457
2020-03-31,20870000.0,9.3,19.5,6.8692696793121755,3.633532554174799,0.0,0.4808081040721041,0.4284531581902895,0.4792962956411104
2020-04-01,15990000.0,2.1,19.1,5.572478020946769,7.907572494340871,0.0,0.7987900855279804,0.7621388770898738,0.547600429288031
2020-04-02,19660000.0,4.5,16.9,4.247885414487714,7.0366021703994655,0.0,0.6473081908032623,0.602129119138885,0.5665439944365176
2020-04-03,23150000.0,5.2,18.2,5.116808375903767,9.170629115314318,0.0,0.8408506195467977,0.7863009175019959,0.629753091075874
2020-04-04,21910000.0,-0.2,16.1,3.488644547307084,9.003019705896042,0.0,0.9701296139430914,0.9233956035221038,0.5782059082214793
2020-04-05,24080000.0,1.1,14.9,3.5158007770410795,6.617578646853773,0.0,0.6865488442496601,0.6351127039730761,0.5205999418220333
2020-04-06,23340000.0,5.5,17.7,3.7088257460932694,6.47092041361278,0.0,0.6867273172143622,0.6318650321981915,0.623852832503117
2020-04-07,22830000.0,4.3,19.9,6.630551753644052,10.023641288246623,0.0,1.005867251489208,0.9515452260284386,0.6129873328258549
2020-04-08,24060000.0,3.0,15.9,3.6438550036911432,9.23946869418254,0.0,0.84264466385576,0.7891403800461877,0.6127270313700357
2020-04-09,23240000.0,4.8,16.0,5.506225317203089,5.971085210526131,0.0,0.5633100915039086,0.5103151846780734,0.48796695140037627
2020-04-10,11150000.0,4.6,14.2,7.119788898384042,4.690070438543582,0.010000000000000002,0.313138136280142,0.28837634938718576,0.29726066447923316
2020-04-11,12750000.0,2.1,14.4,5.724568991653484,5.836399077957873,0.0,0.3957305732363269,0.3683016005497988,0.3610381918628528
2020-04-12,18600000.0,4.1,14.7,6.5198493935640345,11.119088499801794,0.010000000000000002,0.6285044316231431,0.5871977736671801,0.43690958901102495
2020-04-13,19890000.0,4.3,16.8,4.3909787259371225,8.242791313177426,0.0,0.727718787097573,0.6821868734531689,0.5874814243896254
2020-04-14,24520000.0,6.5,21.7,4.207768390705494,8.422372823268438,0.0,1.1643580322847957,1.1032515360086144,0.8009817615037405
2020-04-15,20690000.0,5.5,22.4,6.678501832661728,5.237794044321168,0.0,0.7503707671168114,0.698980696121381,0.590530336369041
2020-04-16,23110000.0,7.6,21.8,7.8623782417386,7.895600393668138,0.34,0.859729444606604,0.8013760004761232,0.6366482244752347
2020-04-17,11870000.0,8.8,18.2,11.158268253427892,8.069195853422784,1.17,0.4012293124446952,0.3720437371287896,0.3299331783524731
2020-04-18,18080000.0,7.9,19.4,8.664927343906461,6.860013685476638,0.0,0.5533202346528764,0.5087143136689375,0.4832853164260644
2020-04-19,6730000.0,8.9,15.2,10.119352138638815,7.536437373486115,1.52,0.3081551840694027,0.2921610614268809,0.2647978904809172
2020-04-20,14540000.0,6.0,17.7,8.308371416184151,12.040940251602319,0.0,0.6298329018438835,0.5954454570546306,0.46022919249310246
2020-04-21,21810000.0,3.6,13.4,3.9199428455741643,15.375170288958767,0.0,1.008691062574157,0.9614399960885589,0.5902926800067201
2020-04-22,17160000.0,3.4,10.6,4.323678722821539,13.998378711594345,0.0,0.77890361218777,0.7433022489662406,0.45781449817807107
2020-04-23,21460000.0,3.2,14.4,4.5826611138398725,13.384808552116722,0.0,0.8740160168422676,0.8271332642450021,0.558863327772062
2020-04-24,24390000.0,4.1,15.5,4.392361809117497,11.035283795092655,0.0,0.8606314354217706,0.8058829577284341,0.6070176110159162
2020-04-25,25000000.0,6.0,22.9,7.941435641121034,13.51051560918043,0.0,1.408923910427725,1.3461398037765768,0.7526993781225119
2020-04-26,25660000.0,5.9,18.4,5.030364392023271,7.488548970795179,0.0,0.790996947438796,0.7298675277784468,0.639208600991949
2020-04-27,20420000.0,6.1,18.2,5.538414691103438,8.197895935654673,0.04000000000000001,0.7253061970845326,0.6766599480796872,0.6036639188397308
2020-04-28,25680000.0,7.4,21.0,6.7793830276125595,8.84139634681413,0.0,0.9591043971583204,0.8949653957476162,0.69247768611963
2020-04-29,25600000.0,7.7,24.0,5.977740349100146,6.039924789394353,0.0,1.0095980083237035,0.9433728427492714,0.7518149808799263
2020-04-30,25320000.0,12.9,26.8,12.245382336819246,7.0455812459040175,0.0,0.9099296486012639,0.8393106762229859,0.7224397436102012
2020-05-01,23120000.0,16.4,31.3,16.51663913163623,8.470261225959375,0.0,1.1045467019156185,1.0358866231905566,0.8394287870666648
2020-05-02,17560000.0,16.7,29.6,14.34870181811774,6.722334527740196,0.30000000000000004,0.7982048522641283,0.7465839746168628,0.7448886278244895
2020-05-03,9080000.0,14.8,21.5,17.33452551591631,5.674775718875963,0.27,0.289040306625366,0.2644724361968431,0.2488610796950927
2020-05-04,22490000.0,14.3,30.2,13.581091754662738,8.473254251127559,0.020000000000000004,1.1929996916135521,1.1277769214156257,0.8590969996712847
2020-05-05,10020000.0,11.3,22.1,14.646227853831034,3.8340652404430946,0.51,0.2891610318050847,0.26279228130812515,0.2822485112561579
2020-05-06,25450000.0,9.5,28.3,9.819696419153685,4.7948263194300065,0.0,0.8857266488527223,0.8159183505675486,0.7317042082360528
2020-05-07,24970000.0,8.3,24.0,6.604706025289781,7.204211579817744,0.0,1.0908476449477957,1.0258557836489124,0.7768618652593784
2020-05-08,22480000.0,15.0,26.1,12.218047740029665,8.030286526236397,3.3100000000000005,0.848004159857062,0.7845600043214344,0.7432943025172067
2020-05-09,6650000.0,13.9,20.8,16.15104584456097,8.970096429046022,0.47000000000000003,0.31233537053356514,0.2946120112833726,0.2620604933853156
2020-05-10,15440000.0,12.6,22.0,13.90662568585703,11.358530513256476,0.0,0.6230497268300443,0.5819391057452303,0.45865560263606875
2020-05-11,25270000.0,13.4,25.0,10.831635672583099,9.08682441060518,0.03,0.9313488972305007,0.8616631459235935,0.7712016769079679
2020-05-12,25900000.0,9.6,22.8,9.497761285188128,12.573698731538986,0.0,1.1165542077106516,1.0490734914755493,0.7252905199838466
2020-05-13,26790000.0,9.3,23.4,7.384911475947141,8.263742489354712,0.0,1.0647203943115533,0.994709553650124,0.7790346919076652
2020-05-14,22790000.0,16.0,27.9,8.62465481803423,4.743944891570886,0.27999999999999997,0.7755323878357334,0.7097460774314283,0.7978915669369735
2020-05-15,4520000.0,14.3,17.2,16.11183312542724,5.195891691966599,2.06,0.14561872748402177,0.13394988119150053,0.13445159739432885
2020-05-16,13960000.0,14.9,24.1,16.794449295399318,3.6963860827066526,0.05,0.3929604133282318,0.3542602825292413,0.3561147404565005
2020-05-17,23000000.0,15.9,27.9,17.927970541848637,4.495523802611654,0.010000000000000002,0.6359583879839299,0.5696177113113695,0.5525634426193953
2020-05-18,19360000.0,11.5,25.4,15.125305494412043,9.945822633873853,0.9,0.7496384267329572,0.6969656644940189,0.5336690096057246
2020-05-19,17040000.0,8.3,18.1,9.910180794121217,9.556729362009994,0.03,0.5754744319224514,0.5338636993132528,0.4243249815800086
2020-05-20,20030000.0,9.2,19.9,10.300047984014965,5.52811748563497,0.0,0.5328495806968025,0.4824372859623531,0.450057531870203
2020-05-21,20120000.0,12.9,24.1,11.907534847426223,4.357844644875212,0.0,0.5764942084424304,0.5217036871967041,0.5348824259842239
2020-05-22,22800000.0,11.0,24.1,12.903417703098246,5.8962595813215435,0.020000000000000004,0.662986218958412,0.6019875183854317,0.5364918139857288
2020-05-23,25890000.0,15.6,26.0,14.83542614864534,4.615244809338995,0.0,0.704859168284016,0.6314884249496255,0.6058645961014422
2020-05-24,17390000.0,13.6,24.6,15.059550191157202,8.518149628650312,0.05,0.6271638300592264,0.5792932541610107,0.5172434251290153
2020-05-25,16200000.0,13.3,23.7,14.282005225760543,4.941484552670999,0.0,0.48923645316224285,0.445120824723835,0.4415090929804945
2020-05-26,22600000.0,13.6,26.7,12.77150802249351,7.305974435535983,0.0,0.8532515633479925,0.7898955267925951,0.7060732077312476
2020-05-27,25680000.0,12.3,25.8,10.939565420989531,6.0788341165807385,0.0,0.8590080925643674,0.7883799235260139,0.7076434963669759
2020-05-28,23630000.0,12.1,26.5,10.930277354471707,5.300647572853022,0.0,0.8284079210017833,0.7631296454554137,0.6853292348357024
2020-05-29,26180000.0,14.4,28.1,11.218290385694813,3.606595327661147,0.0,0.7754447143559742,0.7007067401950198,0.6929836535679657
2020-05-30,24960000.0,14.4,30.1,10.764274866298564,4.142346832765998,0.0,0.9214823325454704,0.8490963679327427,0.7753079108607569
2020-05-31,20960000.0,18.2,30.0,13.80749323063406,6.707369401899279,0.0,0.8643857202065947,0.8019187616362566,0.8380865645197266
2020-06-01,24440000.0,14.5,27.5,10.33829412743618,8.700724163909506,0.010000000000000002,1.0953751969100705,1.025886552338711,0.902402162435014
2020-06-02,20340000.0,19.3,29.2,11.96103317929021,4.917540351325531,0.04000000000000001,0.7747902060295124,0.7140428965465264,0.7848692512991666
2020-06-03,20650000.0,20.9,31.0,18.16351915496763,6.303311004194503,0.03,0.8205895650927124,0.7574860248114466,0.7711358031661112
2020-06-04,25960000.0,20.3,34.0,17.75662474005249,9.374154826750798,0.0,1.322778437051639,1.2422394620129251,1.066576896289245
2020-06-05,25340000.0,19.5,34.3,15.784020117862841,5.80048277593967,0.03,1.1269701180142486,1.0485964776036478,0.9550046241295564
2020-06-06,22920000.0,18.9,31.3,13.37273302891287,6.647508898535608,0.0,0.9700425707200182,0.9007848686671658,0.9258197662495421
2020-06-07,22510000.0,18.7,32.5,16.51663913163623,3.5587069249702106,0.0,0.7737904612446298,0.7053168729555213,0.7054523107784457
2020-06-08,26970000.0,21.0,35.9,16.50774502975831,4.4745726264343695,0.0,1.080035433468675,0.9950602095272003,0.9412273606107204
2020-06-09,26630000.0,22.3,37.4,14.875956803635127,6.093799242421656,0.0,1.35452330527505,1.269298909036475,1.1629215665350134
2020-06-10,21840000.0,22.1,36.6,20.200636463090824,5.079163710407441,3.4299999999999997,0.995083449853768,0.9255690640870868,0.8861474306659055
2020-06-11,18890000.0,23.5,32.4,23.56435877942018,2.562029543965097,0.0,0.5964405565276343,0.5372692749156617,0.5446799645552949
2020-06-12,7680000.0,20.4,27.9,25.202971501195602,2.1699432469330553,1.8,0.2441841968465283,0.2212793873090712,0.23192585503218535
2020-06-13,22730000.0,23.0,30.3,24.03597965217093,5.381459252393977,0.61,0.752959507804714,0.6828770908488438,0.6263472465486007
2020-06-14,21340000.0,17.5,29.5,20.933703494029995,10.4456578369605,0.1,0.8065103390692947,0.7434551303294743,0.6320670757141771
2020-06-15,24200000.0,18.3,28.9,17.450883496823852,8.682766012900405,0.0,0.9175380648930206,0.8459284669682197,0.7605737477071672
2020-06-16,26020000.0,18.3,30.2,16.677453290387923,3.54972784946566,0.0,0.7441049097842544,0.666393749865508,0.6810054857301602
2020-06-17,16090000.0,20.2,27.8,17.904086189120264,4.417705148238882,0.0,0.5776864369211416,0.5298013558960131,0.5469626448448459
2020-06-18,9240000.0,16.0,22.8,17.58201685682132,3.7622326364066905,0.27,0.2975321442443878,0.271961617470635,0.277444592232278
2020-06-19,22280000.0,17.0,29.1,18.328550798638297,3.899911794143133,0.0,0.6421178402043416,0.5767184787575046,0.5737350960770307
2020-06-20,20020000.0,18.8,29.3,18.98680781291751,4.283019015670623,0.0,0.633516055791042,0.5738927485090817,0.5779671026763153
2020-06-21,25070000.0,17.2,31.4,18.489983685423734,4.253088763988789,0.0,0.8118758748924879,0.7369495055964613,0.6831703420061446
2020-06-22,27210000.0,20.5,33.8,19.26501486006457,4.968421779184651,0.0,0.9642682842855269,0.8798512769356271,0.8458500494341242
2020-06-23,23520000.0,21.9,33.5,18.50472099395519,7.087483598258586,0.0,0.9878753857418798,0.9144193213769165,0.938415014981403
2020-06-24,8510000.0,20.3,26.6,21.888399004437172,6.297324953858136,1.8100000000000003,0.392878317169543,0.3677513333368335,0.3685989268946249
2020-06-25,6950000.0,19.6,24.9,22.475822597102773,7.165302252631357,0.16000000000000003,0.3071448158164275,0.286989268778829,0.26976727264805034
2020-06-26,19440000.0,19.2,29.6,19.515873105835873,8.377477445745685,0.0,0.7949662956196034,0.7367850506293684,0.6862961411646276
2020-06-27,19340000.0,19.4,29.8,20.710292480518863,3.9627653226749864,0.0,0.6016278410950536,0.5435851435961221,0.5434348011390929
2020-06-28,24960000.0,20.0,31.5,20.456757291866055,4.845707747289127,0.0,0.792420752597099,0.7163448127622102,0.7043567740733797
2020-06-29,9230000.0,20.1,27.8,22.429256943210262,10.466609013137786,5.210000000000001,0.5316200242868386,0.5041703394849487,0.4575884879844419
2020-06-30,10490000.0,17.5,24.2,20.48897143182056,10.442664811792318,0.52,0.4285106559972432,0.39875818659072393,0.32050582948179923
2020-07-01,18150000.0,17.7,26.2,19.382410684093493,5.055219509061973,0.0,0.5454334728691183,0.4930411282513852,0.45776975898721106
2020-07-02,21910000.0,18.8,29.1,20.041990611278937,3.5108185222792745,0.0,0.6238319775811992,0.5586724332681537,0.546416963662429
2020-07-03,12270000.0,17.0,24.7,18.387110180040747,5.728650171903267,0.5700000000000001,0.43242918465215796,0.3976281551366201,0.3822426816097829
2020-07-04,14180000.0,18.6,25.4,19.295579652014272,3.974737423347721,0.0,0.4407771240192647,0.39981279918502866,0.3917198760409325
2020-07-05,18180000.0,19.6,28.2,21.214546961707374,3.079822898060847,0.0,0.5206929194518422,0.4666647439571506,0.4560273539219379
2020-07-06,16079999.999999998,22.0,28.5,24.346627206342394,5.363501101384876,0.08000000000000002,0.5459511778159698,0.4972639727996273,0.45922555704119394
2020-07-07,22210000.0,20.1,30.2,22.645332764355537,6.3122900796990535,0.08000000000000002,0.7332235637514042,0.666066069822796,0.6101740978530608
2020-07-08,22450000.0,21.8,31.8,21.622275177943948,3.908890869647683,0.0,0.7171801322241,0.6478311410666657,0.6496529978372294
2020-07-09,18560000.0,21.5,30.8,23.33460747278462,7.692074682231659,0.82,0.7380352712421698,0.6811719735257804,0.6341693375313444
2020-07-10,10220000.0,22.1,26.6,26.112076316035463,5.683754794380514,2.0,0.3514746852111875,0.3209089532706547,0.28736799629110915
2020-07-11,17870000.0,20.6,30.5,22.727564716604874,5.360508076216692,0.13999999999999999,0.6236371115447743,0.5693138595825777,0.5587482019285757
2020-07-12,4250000.0,17.8,23.5,20.879019393858208,8.170958709141022,11.91,0.22930044097615415,0.21728596252390803,0.22097778679530383
2020-07-13,5910000.0,18.2,21.3,20.221872097478897,6.833076458962988,3.14,0.23144295356798156,0.21498795672883192,0.1922639886326277
2020-07-14,6840000.0,18.9,21.2,20.408519223742495,2.888269287297101,0.67,0.2042410437096993,0.18509855496196534,0.18434900579327385
2020-07-15,12130000.0,17.5,23.6,20.360380770535755,3.585644151483862,0.25,0.3298656246234593,0.2956317453242083,0.2764665354536949
2020-07-16,23540000.0,17.2,29.0,20.478228454090665,3.543741799129293,0.0,0.6241453722761827,0.5549962890663737,0.530629199224222
2020-07-17,25640000.0,18.7,29.3,21.231169367508137,2.984046092678974,0.0,0.6668124140536289,0.5905057964349651,0.5574375408733074
2020-07-18,20350000.0,20.3,27.6,20.857180789436516,5.552061686980438,0.17,0.6492724044527491,0.5887522434865019,0.5403418765807005
2020-07-19,8220000.000000001,22.7,26.9,28.00952503960931,9.221510543173439,0.32000000000000006,0.3261512394225038,0.30141371966868824,0.2453586177647084
2020-07-20,12120000.0,20.6,28.4,24.78742758803736,8.251770388681976,0.29,0.48382355810841926,0.44749961779670394,0.4013899088101517
2020-07-21,24520000.0,22.4,31.7,23.900396185348086,3.142676426592701,3.7600000000000002,0.7131464154699381,0.6371682929712351,0.6113894273004308
2020-07-22,4840000.0,21.6,24.1,25.81467608101469,3.3821184400473827,2.29,0.15172076844195687,0.13755599461008886,0.14136821848509223
2020-07-23,3860000.0,19.4,22.0,22.43507303086963,10.388790358765014,10.020000000000001,0.18081643525148988,0.169895435260989,0.1486252527135427
2020-07-24,10480000.0,20.3,25.3,23.771599826640667,6.024959663553436,1.33,0.34708922749137455,0.3164413653694874,0.2800066045375077
2020-07-25,7920000.0,20.3,23.7,24.80012370243656,4.965428754016468,1.01,0.22343994173558723,0.20056000854185313,0.17005287602360253
2020-07-26,13440000.0,21.4,27.5,25.57889080678068,3.241446257142757,0.39,0.3883535464311231,0.34810148183449346,0.32514319087950383
2020-07-27,6220000.0,21.1,25.1,25.429237265468085,3.798148938424893,1.6,0.20396742086062072,0.18569608281622768,0.18188823601241974
2020-07-28,6170000.0,21.3,25.1,26.332067846134755,4.0585421280568585,2.66,0.19233625906364987,0.1741850231926856,0.16393887546128738
2020-07-29,6850000.0,21.5,25.9,28.172353510837752,3.310285836010978,2.23,0.1875428646003618,0.1672439484346731,0.15162782362680569
2020-07-30,7870000.0,23.1,27.2,27.917855467427835,4.651161111357197,0.16000000000000003,0.2764421624077059,0.2526452476297615,0.23957240068872793
2020-07-31,15320000.0,23.7,30.5,28.45750222430451,5.031275307716505,0.03,0.5188612966856394,0.47136127270073747,0.4348330112359207
2020-08-01,14990000.0,23.5,31.3,28.32887506456815,3.5796581011474955,0.17,0.4853725619020051,0.43872537663120853,0.42331496381960604
2020-08-02,15720000.0,24.3,31.0,29.342824222372897,5.734636222239633,0.58,0.5536909226691917,0.504624621219101,0.4584093150580782
2020-08-03,13980000.0,23.2,30.6,29.006231779335106,5.809461851444222,0.06999999999999999,0.4873563400507851,0.44411784388108505,0.4062922339687816
2020-08-04,15030000.0,24.2,32.3,30.60124849812108,3.9897025491886384,0.5900000000000001,0.4981344073272312,0.4508884609466236,0.4275946298142129
2020-08-05,10260000.0,25.0,30.4,30.738831229390446,7.790844512781715,2.32,0.4444102699563686,0.41236693575634636,0.37423108209800227
2020-08-06,10420000.0,22.2,28.3,28.665807249397442,9.667471293232785,0.97,0.38583346439447236,0.3542836710940812,0.28458791056686
2020-08-07,4410000.0,20.5,24.3,25.22229653193795,4.289005066006991,10.93,0.14333555556068345,0.13051675860143486,0.13645445425910213
2020-08-08,3690000.0,20.9,25.6,26.553676582151784,2.7685482805697603,5.760000000000001,0.11459215745504484,0.10372873103157014,0.12509117923712204
2020-08-09,10430000.0,23.4,30.4,29.682819961756504,5.507166309457685,0.34,0.3846538476667781,0.35239508407235964,0.33680406741367996
2020-08-10,8050000.000000001,23.7,28.1,30.525045994485264,6.297324953858136,4.71,0.276569944198486,0.2519862124423579,0.218680578558216
2020-08-11,7940000.0,23.9,28.5,30.041257931276803,4.2919980911751745,1.85,0.27227901264396376,0.2479371930181291,0.235782221332635
2020-08-12,14510000.0,24.2,30.9,31.294572280957123,4.366823720379762,0.13999999999999999,0.4576792213256168,0.41244394518772076,0.36980003730422595
2020-08-13,20170000.0,25.2,32.6,30.58599473663649,5.561040762484989,0.010000000000000002,0.6845697867631938,0.6206925693427561,0.555641444830287
2020-08-14,19160000.0,25.7,32.2,30.5783703433497,9.607610789869113,0.04000000000000001,0.7813497581876077,0.7206369490220836,0.6013590477367912
2020-08-15,18670000.0,24.1,32.1,30.01874544343159,6.58166234483557,0.03,0.6479135708156668,0.5893281835195332,0.5208445856284805
2020-08-16,20520000.0,23.9,32.5,29.013513020320435,6.252429576335383,0.0,0.7033863066590934,0.638920414642745,0.5758328882961503
2020-08-17,22990000.0,23.2,33.4,28.407420103781483,3.9986816246931887,0.0,0.7003859876756257,0.6280762341280453,0.588554175483368
2020-08-18,24790000.0,23.0,33.0,28.37883630544453,4.456614475425268,0.0,0.7444573265631924,0.6667590352162424,0.6072540912905098
2020-08-19,24840000.0,22.9,33.3,27.735301776490164,5.124059087930194,0.0,0.7764348944784415,0.6984884016859425,0.6432861855252824
2020-08-20,24640000.0,23.4,33.4,28.08021879658835,2.5590365187969137,0.0,0.6920759102353776,0.6144866677473256,0.5766409733074107
2020-08-21,18010000.0,23.8,32.1,28.08729673158351,4.480558676770737,0.12,0.5918829740444107,0.5354682158743933,0.5116363587448166
2020-08-22,13400000.0,22.3,29.6,27.512051673286415,3.097781049069948,1.8100000000000003,0.3959921114478157,0.35504356714907664,0.34114581482899436
2020-08-23,19890000.0,21.2,29.7,25.47470279484755,2.065187366046632,0.06,0.5117230473262546,0.451339139816253,0.4262502736283609
2020-08-24,19890000.0,23.9,30.9,29.951296266141103,3.1307043259199667,0.24,0.5610915055567645,0.4991960742668282,0.4458348345705357
2020-08-25,21700000.0,24.9,33.1,29.416445837147357,4.630209935179912,0.03,0.7012518855652012,0.632451841989323,0.5865338124432702
2020-08-26,16719999.999999998,25.8,30.8,30.388298538784163,13.088499060466555,0.9800000000000001,0.768858980801244,0.7162700691302766,0.54712780601222
2020-08-27,16579999.999999998,25.0,31.7,31.28679405513576,7.440660568104241,0.22999999999999998,0.60161399485986,0.5494351835430477,0.4743131663075225
2020-08-28,7270000.0,24.5,28.1,31.70137104571939,3.669448856193001,1.4100000000000001,0.22403705713527938,0.20172077044026024,0.18552572346776736
2020-08-29,11960000.0,23.7,29.5,31.0233355600674,3.0229554198653594,0.66,0.3422732994552206,0.30542069786055576,0.27793065883814894
2020-08-30,15930000.0,23.9,31.6,29.262026199800292,3.3282439870200795,0.68,0.4878348495995106,0.43805368380038745,0.41844102135436706
2020-08-31,14530000.0,20.3,28.7,24.4655901648155,6.25841562667175,0.0,0.47956498919358054,0.4360182191664169,0.40814763653219044
2020-09-01,10920000.0,23.4,28.3,27.707309298937364,4.303970191847909,0.41,0.35679444470629584,0.3234677558761396,0.3084896802353747
2020-09-02,5290000.0,21.4,26.2,27.93194140756737,16.09948237965918,8.61,0.2301443401559679,0.21444572061574477,0.14986046582300042
2020-09-03,20820000.0,18.1,26.8,20.710292480518863,11.286697909220072,0.05,0.7154784002494556,0.6549135232819816,0.5126181229702071
2020-09-04,22100000.0,18.3,27.8,18.57363127747827,4.4745726264343695,0.0,0.6071603206101079,0.5422893202521591,0.5391675130311053
2020-09-05,5230000.0,17.2,22.2,19.45417538269521,3.2234881061336558,0.73,0.17655746477942189,0.16200833379388282,0.1783090127480761
2020-09-06,5890000.0,17.9,23.0,20.71571659626028,8.673786937395855,3.48,0.26417145856349333,0.2475761000270668,0.22463110299682548
2020-09-07,8119999.999999999,19.2,22.4,20.857180789436516,16.731010690145904,2.43,0.44564423080655124,0.42263262648537514,0.27978724518718573
2020-09-08,18270000.0,18.1,26.6,20.75915430931635,8.278707615195628,0.0,0.5788586200136054,0.5257927819019849,0.45597254892992056
2020-09-09,13760000.0,17.9,26.2,21.644813257204262,4.0585421280568585,0.73,0.3686877688698729,0.32890586224002394,0.3215274080303691
2020-09-10,14220000.0,18.7,26.3,19.94732769077102,3.0618647470517457,0.010000000000000002,0.38629118886474456,0.3448940445631185,0.3570451858045986
2020-09-11,6640000.0,18.1,23.5,20.596672876262467,5.522131435298603,2.44,0.24671219200290645,0.22789482098164915,0.23109461002713266
2020-09-12,6070000.0,17.1,22.2,20.285696321391427,2.8613320607834494,0.31000000000000005,0.1684228311437893,0.1515515427877746,0.16121487888766753
2020-09-13,17700000.0,16.7,24.8,18.826566858938833,2.8822832369607343,0.0,0.4049341770417117,0.35481468511375097,0.35180468011647675
2020-09-14,17960000.0,15.6,25.8,18.971734636389346,3.85501641662038,0.0,0.42805444734709963,0.37724067537057226,0.3743503003611955
2020-09-15,19260000.0,20.1,26.9,21.3980213862927,3.504832471942907,0.61,0.492471362637941,0.4355621161370533,0.42269929335289086
2020-09-16,12410000.0,19.4,25.7,22.469997269515133,3.7053651582112033,0.12,0.33474619987067883,0.29859085734226654,0.2925937829227234
2020-09-17,7090000.0,17.9,24.5,20.710292480518863,4.067521203561411,0.16000000000000003,0.23690452217887445,0.2166804915956247,0.23421192628650664
2020-09-18,15510000.0,15.6,24.1,15.537799056666204,7.26107905801323,0.020000000000000004,0.5254146171548191,0.4821563129847129,0.46702472583630106
2020-09-19,14560000.0,14.6,24.0,16.998644058764306,8.003349299722744,0.24,0.45883331404514616,0.4186110672421356,0.38809014687957294
2020-09-20,21350000.0,11.2,23.6,12.595135573237695,5.456284881598566,0.0,0.5309863787663407,0.4740304420029198,0.4801871790660314
2020-09-21,17160000.0,12.8,22.5,14.702361984647235,3.5557138998020275,0.0,0.37406001864376226,0.3280631622892872,0.34268406522731
2020-09-22,12950000.0,12.9,21.9,14.26244046762805,5.614915215512292,0.0,0.3738311339797126,0.33928409036911317,0.34860388021728006
2020-09-23,10960000.0,14.0,21.8,15.183047980539696,5.797489750771486,0.0,0.34433562169440546,0.31481889462237456,0.32147701741837376
2020-09-24,14820000.0,14.7,23.2,15.929942669600727,5.914217732330644,0.010000000000000002,0.41831322180349834,0.3776261691543421,0.3756204068198441
2020-09-25,17130000.0,13.9,24.1,15.428522726454243,6.189576047803529,0.04000000000000001,0.47057395168979027,0.4235029676444766,0.4255464399219284
2020-09-26,14800000.0,12.8,22.9,15.378315397618488,4.0615351532250425,0.0,0.34263238553388686,0.30281141572949727,0.3218847133206276
2020-09-27,16350000.000000002,12.6,23.3,14.722455616730986,4.0585421280568585,0.0,0.37511763672843795,0.3310436821023125,0.35694109065368984
2020-09-28,19250000.0,12.4,23.0,14.758684920226814,2.3225875305104147,0.0,0.35689154434937076,0.3052436300957585,0.32925476766786704
2020-09-29,17310000.0,13.5,24.1,14.344770931165987,3.193557854451821,0.0,0.3831961261329522,0.3358007280853641,0.37651551699419256
2020-09-30,17140000.0,13.8,23.5,15.071860161719126,3.594623226988413,0.0,0.3798023133362508,0.3329993789706551,0.3603220837776647
2020-10-01,16610000.0,15.6,23.7,16.966738149519028,3.564692975306578,0.06999999999999999,0.3715345060148034,0.3253677680257748,0.3390826457184589
2020-10-02,14750000.0,17.1,24.9,16.632645530251395,5.007331106371036,0.32000000000000006,0.43352490711124,0.39158720222467885,0.4185286804482762
2020-10-03,8680000.0,16.9,22.8,18.16351915496763,2.645834248674236,0.08000000000000002,0.226432501058137,0.2022234694529454,0.22599941270290494
2020-10-04,10070000.0,9.2,22.6,11.017236517329351,9.529792135496342,0.0,0.5851571480766237,0.559080132357041,0.49262303857404816
2020-10-05,18510000.0,7.5,18.0,8.814869161638965,7.9195445950136065,0.0,0.4853557210484061,0.4406259010376,0.4202235220637817
2020-10-06,18770000.0,9.4,20.0,8.920408723686304,3.714344233715754,0.0,0.3818073782358101,0.33441256446129153,0.3966364492235911
2020-10-07,16920000.0,10.4,21.2,11.794549173707164,6.405073859912743,0.0,0.4294710117994165,0.3857452750844573,0.4033846379725922
2020-10-08,17400000.0,10.2,20.6,10.6487925884743,8.392442571586601,0.0,0.5219956316925368,0.47740125937009215,0.46295666287550696
2020-10-09,16880000.0,10.6,20.8,11.364785211252721,7.751935185595328,0.0,0.4786334727071645,0.43510096848115143,0.43200791705109215
2020-10-10,17200000.0,10.4,21.8,11.884195583860656,3.8610024669567466,0.0,0.35074525019159564,0.30602250818417914,0.3580495523921238
2020-10-11,12700000.0,12.9,20.6,13.258603740045688,2.756576179897026,0.0,0.2651733414624543,0.2317188461254982,0.27046276894904936
2020-10-12,12880000.0,8.9,22.1,11.584425983170254,6.204541173644447,0.0,0.4080739154958734,0.374994783845245,0.39037776379583805
2020-10-13,12680000.0,8.2,18.1,7.60684341052021,5.908231681994278,0.0,0.40446110903958826,0.3735329317329962,0.4188072549186142
2020-10-14,9350000.0,6.0,18.8,7.215793318523519,5.665796643371412,0.0,0.39345505087337246,0.37104687234185496,0.4078075542034738
2020-10-15,13920000.0,5.7,18.2,6.290014920558975,3.1247182755835996,0.0,0.3017314054236219,0.2687300414217536,0.3451409432635426
2020-10-16,8560000.0,7.0,17.5,9.462268489900303,2.8553460104470827,0.0,0.19660047863532276,0.17615905105187468,0.22853494895827078
2020-10-17,15660000.0,4.6,19.4,8.672496875537025,4.5194680039571224,0.0,0.3702572439464858,0.3330856384039118,0.3430426598843142
2020-10-18,16710000.0,6.5,19.3,9.243742130878356,4.55239128080714,0.0,0.339804307254229,0.29928221058912524,0.34379423326413727
2020-10-19,15420000.0,7.2,20.6,9.774727762013185,2.7715413057379434,0.0,0.28392627072394905,0.24566862132242337,0.30045532004345477
2020-10-20,15590000.0,8.3,20.5,10.507468966314526,3.3521881883655475,0.0,0.2839920154029335,0.244882594880773,0.3099809533268972
2020-10-21,6050000.0,8.2,16.2,12.497305305687599,2.1699432469330553,0.06,0.10678984225834631,0.09235967162987094,0.11895257457942243
2020-10-22,10240000.0,6.4,19.8,8.632193319354977,9.853038853660163,0.0,0.5642988193626755,0.539350961659107,0.46275367392360156
2020-10-23,16149999.999999998,4.3,13.9,5.132665989653238,9.374154826750798,0.0,0.5160330472028726,0.48045848887864223,0.4405281035327172
2020-10-24,15930000.0,6.3,13.3,5.853509975064121,9.499861883814507,0.0,0.5047086087948089,0.468950377976652,0.4167875761307253
2020-10-25,14880000.0,6.3,18.2,8.37177538345874,6.868992760981189,0.0,0.3756622780300095,0.34012858148308106,0.3828855490975394
2020-10-26,14800000.0,5.3,19.8,8.904894663144045,3.8131140642658106,0.0,0.3146693594267205,0.2790731079887735,0.31738509778795865
2020-10-27,14400000.0,11.1,21.4,10.522424486259046,3.5676860004747613,0.0,0.29931700121787086,0.26176086285396216,0.34640649672374846
2020-10-28,13450000.0,4.2,20.1,6.4417794932125565,7.332911662049636,0.0,0.6582578711311962,0.6262161449257518,0.5043899352229715
2020-10-29,14390000.0,6.4,17.7,5.4156417398848955,2.870311136288,0.0,0.25854667606604415,0.2243482474143519,0.3333344459731183
2020-10-30,14190000.0,5.8,18.0,8.554574939144826,4.223158512306953,0.0,0.26269306210055327,0.22909246227925198,0.29999830160695473
2020-10-31,12690000.0,9.1,17.4,9.724354957576251,2.400406184883187,0.11000000000000001,0.19757709958529873,0.16655315457471415,0.22743669100379665
2020-11-01,2600000.0,10.3,13.7,12.753773619965541,5.282689421843921,0.63,0.0835095517539273,0.07733802082093288,0.09137728361048418
2020-11-02,13260000.0,4.9,16.7,5.37911708112658,7.67710955639074,0.010000000000000002,0.4535872405794385,0.4230375618788972,0.4672964170224369
2020-11-03,14490000.0,-0.3,9.7,3.384066940428888,10.741967328610668,0.0,0.4889917823561489,0.46100579088245297,0.38308866844502004
2020-11-04,14530000.0,-0.4,10.1,3.253553850567624,6.865999735813006,0.0,0.348531134092019,0.320331097246687,0.34663289562442046
2020-11-05,13020000.0,5.4,16.0,7.2050700089336,2.2298037502967256,0.0,0.17556568492249566,0.14564546553947466,0.22293027976058416
2020-11-06,6050000.0,9.8,17.4,10.46867216462715,4.327914393193376,0.03,0.2054202944369686,0.1905109573036084,0.24188790556538514
2020-11-07,10560000.0,8.1,19.4,9.243742130878356,8.682766012900405,0.0,0.41170473972008426,0.3855929231298873,0.4164674165618852
2020-11-08,13540000.0,1.0,14.9,3.3687321275427364,10.014662212742074,0.0,0.7120758638947173,0.6831950559942074,0.5201465012520379
2020-11-09,13510000.0,2.1,10.7,3.9626654091127143,6.237464450494466,0.0,0.3173840386408514,0.2898567536581712,0.3317368358572718
2020-11-10,13220000.0,0.1,12.8,4.740123472373848,5.788510675266937,0.0,0.2925108867437239,0.2655334925486951,0.3091583030554974
2020-11-11,12890000.0,3.9,15.0,4.939073551457028,2.4033992100513704,0.0,0.17841602534278925,0.14975142774073663,0.24980944067390665
2020-11-12,12730000.0,3.7,18.1,6.16378928633431,3.543741799129293,0.0,0.28398389787564693,0.2545805858575868,0.3169846085010303
2020-11-13,12370000.0,5.1,18.4,8.748513496818777,4.9744078295210175,0.0,0.267114449848033,0.23793053313591175,0.2960401801929341
2020-11-14,9480000.0,6.0,17.3,9.27047776722381,3.5108185222792745,0.0,0.170837857549118,0.14852700772763835,0.2213959599444709
2020-11-15,11310000.0,5.6,18.3,9.105809304062516,4.211186411634219,0.0,0.2165681702692261,0.18975456201770816,0.26343027583828615
2020-11-16,11250000.0,7.1,18.8,9.757911345932115,3.947800196834069,0.0,0.20076289925660076,0.17344960655958097,0.2589450299770114
2020-11-17,8540000.0,10.7,20.0,13.539940505422695,2.831401809101614,0.13,0.1455694024911214,0.12370520857099106,0.1796459536183188
2020-11-18,5350000.0,14.5,21.2,17.966243596105652,7.641193254372539,1.07,0.16718931000456894,0.15279456754149567,0.16875304046948086
2020-11-19,2550000.0,6.6,20.9,11.768101761872183,11.283704884051888,2.6300000000000003,0.3948722174586103,0.38856680720245473,0.3311046436680404
2020-11-20,5740000.0,0.1,7.7,5.857078465828218,8.479240301463925,0.0,0.18559198913672256,0.17479464776942572,0.1661713472072641
2020-11-21,10700000.0,2.3,13.5,8.04006265717024,3.9268490206567837,0.21000000000000002,0.12701141546953532,0.10422101320827426,0.1659008509719186
2020-11-22,6050000.0,-1.0,11.1,6.10059526535159,9.484896757973589,0.09000000000000001,0.2321445297597379,0.22032673630720684,0.22181292727497773
2020-11-23,11780000.0,0.0,7.5,3.7893594927758567,6.800153182112968,0.0,0.258112396733474,0.23606479111471512,0.2608751037039375
2020-11-24,7890000.0,0.4,10.1,4.048064626681603,3.7203302840521206,0.0,0.17746262907866187,0.16195184736460727,0.23077096894372934
2020-11-25,11360000.0,1.6,10.2,5.545212579586526,5.863336304471525,0.0,0.20132802824843044,0.178534585155645,0.22600186344295198
2020-11-26,9810000.0,4.5,12.0,6.52966668471278,3.849030366284013,0.0,0.16153079619210464,0.14042662191329366,0.20693584558662437
2020-11-27,6490000.0,-2.1,8.4,4.247885414487714,11.493216645824734,0.0,0.3440634385948528,0.3321624700248083,0.2711250945499608
2020-11-28,11570000.0,-2.9,4.2,2.8884230092972483,8.006342324890928,0.0,0.26349388356595266,0.24410686119686004,0.23805971308278
2020-11-29,8350000.0,-2.8,5.2,4.107638049154268,7.509500146972464,0.0,0.1905538283690614,0.17627201062607487,0.18079080638874434
2020-11-30,11230000.0,-3.8,5.3,3.4237843356019724,6.782195031103867,0.0,0.1992240943431145,0.18033582732849054,0.20484962723446043
2020-12-01,10930000.0,-1.7,8.2,2.6710379692958446,3.807128013929443,0.0,0.17601717354809812,0.15590535747638093,0.24039470846600638
2020-12-02,8220000.000000001,-0.8,8.8,3.037624742623397,6.545746042817368,0.0,0.2879490542252659,0.27243486295317176,0.3072841631178615
2020-12-03,10910000.0,-3.5,6.1,2.86183475795485,8.302651816541097,0.0,0.2865211585550974,0.2677917168229735,0.26774981237967344
2020-12-04,10240000.0,-3.1,5.6,2.6692596913893674,6.979734692203979,0.0,0.2552756802441815,0.23772882809036883,0.2577399163761772
2020-12-05,8640000.0,-1.9,6.7,4.760882203162216,5.803475801107854,0.0,0.14528337399987407,0.12984956610282128,0.16374307620893086
2020-12-06,10590000.0,-1.0,8.8,5.241656524974562,5.3485359755439585,0.0,0.14479797901100258,0.12487744850931722,0.17869336127619243
2020-12-07,7020000.0,-3.1,9.0,4.107638049154268,7.027623094894916,0.0,0.2250633601043058,0.2122792324400613,0.2417201902015969
2020-12-08,10650000.0,-4.3,4.6,2.673707362004381,6.3092970545308695,0.0,0.20788925189682966,0.19037999368914288,0.2223184244994573
2020-12-09,10450000.0,-1.7,8.0,3.201986544498093,4.139353807597814,0.0,0.16656885232979454,0.14740627581870588,0.22434700069557761
2020-12-10,9780000.0,-0.1,11.3,6.152595524627715,5.27371034633937,0.0,0.1432885035321509,0.12384824782466333,0.18877060750135616
2020-12-11,8480000.0,1.4,10.3,5.6775189117620535,5.504173284289502,0.0,0.17381541345952584,0.15682700679162748,0.2085441899479786
2020-12-12,10670000.0,-2.1,7.4,3.200941754515549,7.063539396913119,0.0,0.25356739956355656,0.23433863718101247,0.2673450064246928
2020-12-13,2300000.0,-8.1,4.2,3.11425313896873,8.640863660545836,0.19,0.20732689994252368,0.20384865426872273,0.18312944243367885
2020-12-14,11070000.0,-8.6,-2.9,1.256140853940113,11.780547061970355,0.0,0.32613003148724234,0.311958707088644,0.21199538859553316
2020-12-15,11050000.0,-8.1,-2.6,1.260686889649337,9.954801709378403,0.0,0.2870092006923365,0.27259944076036424,0.21036726540637468
2020-12-16,11040000.0,-7.8,-2.5,1.3163979400154002,10.167306496319434,0.0,0.29213679290845485,0.277607563718848,0.21137296188931232
2020-12-17,10810000.0,-5.7,0.9,2.2686358197984715,6.758250829758398,0.0,0.19017121659600178,0.1741260935538384,0.18669863991617325
2020-12-18,6230000.0,-7.7,5.0,2.7357619613811366,9.79018532512831,0.0,0.2940317397340204,0.2843767228905631,0.23199724156395093
2020-12-19,11110000.0,-5.9,-0.1,1.4478062126062015,8.254763413850162,0.0,0.27345374214255525,0.25737608591399275,0.23462083277069076
2020-12-20,10690000.0,-4.6,2.3,2.5661869620032904,6.330248230708155,0.0,0.1857598248535029,0.16905893984336426,0.19262177687960888
2020-12-21,9660000.0,-4.1,5.5,3.9087025488514224,5.498187233953134,0.0,0.13673160336406515,0.12051451433482188,0.16356000563222847
2020-12-22,8530000.0,-3.0,7.4,4.042920725437184,6.030945713889802,0.0,0.17539191049774316,0.1602625307784747,0.20253468645452893
2020-12-23,7660000.0,0.6,9.3,6.218146693988897,6.042917814562536,0.0,0.14042838370535277,0.1255137023811921,0.16286170982642317
2020-12-24,9770000.0,-3.1,8.3,3.947539930282606,10.574357919192392,0.0,0.30776516049763764,0.2901892125447897,0.26818424668822327
2020-12-25,10570000.0,-3.1,3.9,3.317701295423453,8.212861061495591,0.0,0.22395330271543235,0.20640880242167992,0.20460705112856878
2020-12-26,7650000.0,-2.8,8.4,4.980667009114546,5.103107911752909,0.0,0.12781055013429493,0.11395166983299673,0.1646255070459607
2020-12-27,7020000.0,-2.0,7.4,5.53501851289462,2.3974131597150032,0.0,0.06364144462173503,0.05096827201097874,0.09799997190886364
2020-12-28,8670000.0,-1.3,10.9,5.9759233883635,3.310285836010978,0.0,0.09698516380174091,0.08018550037329422,0.14749471324453392
2020-12-29,7030000.0,-10.0,9.8,3.6827151074195945,10.948486065215333,0.09000000000000001,0.39013042331856596,0.3786834855776632,0.26869474386223086
2020-12-30,10550000.0,-11.5,-6.3,1.2543265466182143,13.929539132726124,0.0,0.28543696587998013,0.2738540740002459,0.15629694774968236
2020-12-31,10390000.0,-10.0,-2.5,2.09346127883795,8.530121729323046,0.0,0.16413005887757554,0.15113732469982502,0.13534942405208006
2021-01-01,7560000.0,-5.9,1.6,3.339332013422429,5.4353337054212805,0.06,0.11568349552974211,0.10434481694516666,0.1257349968558062
2021-01-02,10930000.0,-6.0,-0.1,1.7732691878479119,10.227166999683103,0.0,0.3088754825592551,0.2930920417206106,0.2286093543378865
2021-01-03,10270000.0,-6.0,1.0,2.052299677709602,7.2730511586859645,0.0,0.22060373970494673,0.2054238709141823,0.20430740838441747
2021-01-04,10290000.0,-3.9,4.6,3.6204809523344963,5.318605723862123,0.0,0.14354284100853745,0.12649557607746065,0.1659298652178479
2021-01-05,10580000.0,-8.8,-0.1,1.6145035417225369,10.41872061044685,0.0,0.29413327431246133,0.2797620700713226,0.21756537366587017
2021-01-06,11240000.0,-13.5,-1.4,1.621331481895683,11.017325644083554,0.05,0.2305371821648179,0.21726948143752806,0.16976522803936334
2021-01-07,11730000.0,-15.6,-8.8,0.7244643436077643,12.316298567075203,0.0,0.24457864851090338,0.23377961192386282,0.14275197073493406
2021-01-08,11600000.0,-14.3,-8.3,0.9442931122748299,9.302322222714395,0.0,0.18414828905071906,0.17292620546160176,0.13003349639259026
2021-01-09,11210000.0,-11.4,-5.1,1.3728240202474438,9.107775586782466,0.0,0.19962567111081786,0.18690715853811568,0.148126740499484
2021-01-10,11440000.0,-8.6,0.0,1.7695676564851395,5.016310181875587,0.0,0.1511784244495543,0.13553479120555462,0.16758092500013183
2021-01-11,6890000.0,-6.7,0.5,2.419026824836927,3.920862970320417,0.0,0.11915810510378148,0.10922986923232898,0.13856847453896048
2021-01-12,8410000.0,-4.8,3.1,3.591450594047955,5.318605723862123,0.0,0.13085658563866906,0.11755943101933701,0.1420082313266695
2021-01-13,10430000.0,-3.3,10.4,5.085223222143374,6.755257804590215,0.0,0.22318353106135427,0.20379419603461338,0.217031603352252
2021-01-14,11740000.0,-2.8,9.8,3.18842787637231,3.3222579366837124,0.0,0.16565981132678226,0.14387223640402155,0.22426790024717946
2021-01-15,7260000.0,-4.1,13.5,5.839255234233811,9.293343147209844,0.0,0.3492823824251414,0.3352604156826271,0.269491498205464
2021-01-16,11580000.0,-7.8,1.1,2.178739404947372,12.22052176169333,0.0,0.32207380681830466,0.3055657667526963,0.21522189772090528
2021-01-17,12280000.0,-6.1,-0.4,2.438641252777201,8.371491395409318,0.0,0.2144654156181472,0.19688390408297102,0.17330138368986983
2021-01-18,7340000.0,-8.7,4.0,2.013934907574349,11.714700508270315,0.05,0.40291796641041555,0.3920005200918209,0.26840810764911777
2021-01-19,12270000.0,-6.9,2.3,1.1712251759198653,2.8942553376334685,0.0,0.13681859544958805,0.11853019511069807,0.18427372029699912
2021-01-20,12370000.0,-4.5,7.2,1.434464388469235,2.1250478694103028,0.0,0.12717194561220574,0.10589696479432605,0.19540439204129348
2021-01-21,6470000.0,1.8,9.8,5.524841032058505,2.7595692050652096,0.43,0.12546571139610765,0.11252420106146943,0.16327339772939847
2021-01-22,4150000.0000000005,3.3,9.0,8.507307198294049,2.5650225691332804,0.0,0.05686352954537079,0.048472134747439985,0.07163385221401322
2021-01-23,4400000.0,3.4,11.0,7.679094351328477,6.273380752512667,0.06999999999999999,0.15567946275336564,0.14649666752087614,0.16417349635597747
2021-01-24,10020000.0,0.2,11.1,6.463165914889738,4.076500279065961,0.0,0.13634425313928222,0.11639566332220383,0.16931106037294927
2021-01-25,9810000.0,1.2,12.2,6.859002543065704,4.69605648887995,0.0,0.15891508013433853,0.13874438862370875,0.1910116666291935
2021-01-26,3410000.0,0.6,7.7,6.813988016710393,7.1293859506131545,0.45999999999999996,0.11488374545792342,0.10841559544766219,0.11156582357168543
2021-01-27,10850000.0,-2.7,7.8,2.86940910680377,5.3455429503757745,0.0,0.2430961825399157,0.22361165778551567,0.269011882368183
2021-01-28,9280000.0,-9.8,7.8,2.011860788010399,15.722361208468055,0.06,0.870518449795512,0.8559330997910264,0.36777803709539136
2021-01-29,13660000.0,-8.7,-2.5,1.6133680500988437,9.407078103600817,0.0,0.26462828654901155,0.24701919733979866,0.18773932533433252
2021-01-30,10420000.0,-4.2,8.3,3.2652310711272574,7.5573885496634,0.0,0.307639896922033,0.28925718353078,0.28097210691571395
2021-01-31,12530000.0,-1.9,10.1,4.291050322309827,3.28634163466551,0.91,0.16460020978008028,0.14087252633858383,0.2095676916206187
2021-02-01,6390000.0,-6.9,11.9,4.965225998707009,10.945493040047149,0.03,0.3861953580528289,0.3747403492961213,0.26959023122717796
2021-02-02,14430000.0,-7.0,-0.9,1.8258207206408017,11.954142521724997,0.0,0.35863189370228465,0.3385917441645466,0.22126493645982848
2021-02-03,14260000.0,-5.0,2.8,2.3706037315182735,9.43401533011447,0.06,0.32942769698370755,0.3071047353314461,0.24838491964311324
2021-02-04,14480000.0,-5.5,2.2,1.9707761952545817,7.270058133517781,0.0,0.2825462815967851,0.2603773900766521,0.24239917229331823
2021-02-05,11790000.0,-1.4,9.5,3.1687031088579003,5.860343279303341,0.0,0.2945227054161398,0.2722334643820586,0.31023342203582754
2021-02-06,12910000.0,3.0,13.1,7.5129250087392085,8.967103403877841,0.0,0.29128661586527815,0.26367078559640267,0.255808647527339
2021-02-07,12780000.0,-5.1,11.5,3.7183611772384553,10.298999603719508,0.0,0.5982767174557749,0.5748011600362617,0.355125088836904
2021-02-08,15170000.0,-5.3,1.7,1.9112108869007356,10.502525315155987,0.0,0.3889627047449871,0.3658794955567252,0.26685572437235855
2021-02-09,15040000.0,-2.7,5.8,2.815828511679161,7.452632668776976,0.0,0.32312219955826404,0.2970648249607454,0.2810742312809123
2021-02-10,14640000.0,-2.1,9.8,5.007014336141731,6.473913438780964,0.0,0.2422635450854514,0.21477082050910826,0.23617219021281644
2021-02-11,12460000.0,-1.2,10.9,5.131078272713339,3.2294741564700233,0.0,0.17549980073321875,0.15131725021065595,0.2054670159468186
2021-02-12,12640000.0,-2.9,14.7,4.741603575224742,4.004667675029556,0.0,0.3101424075860793,0.28478068921523353,0.29371077128119316
2021-02-13,15340000.0,1.7,15.4,4.456402552059581,3.5317696984565594,0.0,0.3095460147049845,0.2762655838464535,0.3323554207888044
2021-02-14,7800000.0,5.2,13.7,7.9695052569283416,4.121395656588713,0.27,0.19236777126626434,0.17502224284919604,0.2136382884402142
2021-02-15,8540000.0,-5.4,6.7,2.996985518509216,16.306001116263843,0.0,0.5393214901037856,0.5250116222531329,0.3116081469150211
2021-02-16,10660000.0,-9.4,2.5,2.047380994420655,13.303996872575766,0.25,0.3961735342813382,0.3810425481766689,0.24652107158185324
2021-02-17,15660000.0,-9.2,-4.3,1.4040937629246486,16.38082674546843,0.0,0.4414000871878172,0.4222775740507257,0.20118092391930792
2021-02-18,16559999.999999998,-8.5,0.0,2.080608974518801,9.140698863632483,0.0,0.28798154234590717,0.2652861902044662,0.1999683415985901
2021-02-19,16480000.0,-1.4,9.8,5.143792192485379,12.187598484843312,0.0,0.4039166521140161,0.37260521565339577,0.28068521995253864
2021-02-20,15910000.0,2.0,16.3,6.736850114250044,8.479240301463925,0.0,0.5075635292017305,0.472469745049452,0.38496794439541493
2021-02-21,16370000.000000002,3.9,22.4,7.60909213711459,7.692074682231659,0.0,0.703664400262539,0.6637358306640442,0.5502061061811643
2021-02-22,16340000.0,-3.4,19.4,4.019844837584926,10.481574138978702,0.0,0.9093167648084288,0.8744136696207467,0.6207323167487648
2021-02-23,16900000.0,-1.0,8.4,1.950515701006121,7.344883762722369,0.0,0.4523080589484487,0.4207310845344666,0.4004747401944012
2021-02-24,13040000.0,-0.6,10.7,4.211764920272719,4.034597926711392,0.0,0.24976823902964057,0.22429649909228436,0.2690492486733918
2021-02-25,5770000.0,1.4,7.6,6.6146361352234555,2.777527356074311,0.16000000000000003,0.10716861522715052,0.09609693124762599,0.11436577290591751
2021-02-26,15660000.0,0.6,13.4,5.4156417398848955,8.56005198100488,0.0,0.44916936533752294,0.41668000939060257,0.36136356280892895
2021-02-27,12280000.0,-2.1,10.3,5.300182710281857,8.455296100118458,0.0,0.30779316208741975,0.2845388961128326,0.2523467460324376
2021-02-28,9670000.0,3.0,11.3,7.740526523236589,3.1127461749108654,0.31000000000000005,0.15864419020168471,0.13849268999566802,0.1609504475927735
2021-03-01,2520000.0,1.7,13.5,8.65484369785566,7.0425882207358335,4.08,0.12565619852845597,0.12033502073928841,0.15902710869088876
2021-03-02,11140000.0,-3.3,7.3,4.439616993388844,4.788840269093639,0.0,0.201325389913795,0.18170771470810324,0.19429466462221176
2021-03-03,15870000.0,0.4,9.5,5.0147870013963916,2.789499456747045,0.0,0.21838426515415282,0.1874840050217207,0.2195418082996564
2021-03-04,8300000.000000001,1.0,9.6,6.8037939161076935,2.3674829080331685,0.12,0.13109847023785576,0.11475571134181399,0.13784341960866117
2021-03-05,18580000.0,2.5,18.6,7.2717820313044665,4.863665898298227,0.0,0.46831855559106605,0.4257854758769873,0.3854852117419969
2021-03-06,12640000.0,2.8,9.8,5.8072942741267095,9.736310872101006,0.0,0.3907640410496614,0.3650878734920989,0.2854231488740574
2021-03-07,11440000.0,-1.7,10.2,5.985013078445315,3.7742047370794243,0.0,0.1811461283791814,0.15937451895185684,0.18264586211084644
2021-03-08,19060000.0,1.8,13.5,6.437897779964957,3.6484976800157165,0.0,0.2901193940065815,0.24981428637055658,0.2801329065492729
2021-03-09,14230000.0,-0.5,14.0,5.362587157883729,5.623894291016843,0.0,0.3979278552729268,0.36862503153859855,0.3300867324512863
2021-03-10,19640000.0,0.8,15.6,5.925246371342809,4.734965816066335,0.0,0.42644982665726844,0.3842582433292817,0.35653739628003667
2021-03-11,18260000.0,4.4,17.3,6.9831074840822716,2.738618028887925,0.8300000000000001,0.324463695291538,0.28234093387511844,0.3251864954309791
2021-03-12,3910000.0,3.1,9.8,8.933355304499974,5.246773119825719,0.9900000000000001,0.08678978771937737,0.07881084586593089,0.08151231773790897
2021-03-13,16980000.0,4.4,16.5,6.993538533280213,4.711021614720868,0.0,0.36834750033137076,0.329577313381019,0.3617954807778798
2021-03-14,15930000.0,2.0,15.4,7.4222316502889925,5.698719920221431,0.0,0.35961621083650397,0.3249109827921236,0.3076524089906077
2021-03-15,16640000.0,7.9,18.5,8.42329744778648,6.593634445508305,0.05,0.47135715463674394,0.43072319978832463,0.43626411436306356
2021-03-16,20350000.0,-0.1,15.7,4.855296466199339,7.742956110090778,0.0,0.6934347444073996,0.6502148236720775,0.45963655924479657
2021-03-17,20400000.0,2.6,17.1,7.448675457348599,3.492860371270173,0.0,0.3815684886563827,0.3357155993442822,0.3347464993404777
2021-03-18,18490000.0,7.0,17.2,8.504825815603876,5.581991938662273,0.0,0.42088670721492205,0.37689133924428564,0.37929996727846566
2021-03-19,17440000.0,5.3,17.6,8.168455935557716,7.207204604985927,0.24,0.4663813940259143,0.42553924759900286,0.4023359333592908
2021-03-20,4230000.0,5.7,11.9,9.440484908632968,5.905238656826094,0.35000000000000003,0.15004517143501697,0.14080406968821207,0.13983677655768548
2021-03-21,14310000.0,0.7,10.8,4.822139656322805,13.609285439730487,0.0,0.5891704867875777,0.560591758889897,0.37146800760416715
2021-03-22,20760000.0,-0.1,12.3,4.498612774699691,10.727002202769752,0.0,0.6133190856963655,0.5714064357565729,0.4201407544912266
2021-03-23,21660000.0,1.6,17.7,5.59986201414332,8.437337949109354,0.0,0.8138096651333262,0.7653832068600717,0.5198402410562466
2021-03-24,17690000.0,2.6,18.5,5.050679047760525,4.827749596280026,0.0,0.5938857093946368,0.553390005404214,0.4770277269339246
2021-03-25,21650000.0,4.1,21.5,7.706344207230227,5.22282891848025,0.0,0.6310961728821202,0.5787170817378647,0.5038820718329735
2021-03-26,19900000.0,6.4,23.4,5.787838840395401,4.375802795884312,0.0,0.6954185407569117,0.644953952160314,0.5937889320421365
2021-03-27,6580000.0,10.0,16.7,12.6196980837431,8.844389371982315,2.27,0.2554953834806608,0.23937195689618423,0.20857630030269686
2021-03-28,10570000.0,7.8,14.8,10.145407714309396,11.232823456192769,0.03,0.3816758941157252,0.3570145961380543,0.2655981573137958
2021-03-29,21700000.0,4.9,17.4,5.707102972490339,7.719011908745308,0.0,0.6515355735384488,0.6010962414886805,0.5371211593306056
2021-03-30,22270000.0,3.0,18.6,5.148567098059378,5.354522025880326,0.0,0.6770865768593126,0.6257787831443009,0.5207944700851816
2021-03-31,22270000.0,6.2,21.5,7.09649343638066,4.172277084447834,0.0,0.6123090783870044,0.5571180785658251,0.5161238705806362
2021-04-01,16870000.0,10.3,19.0,7.706344207230227,10.66714169940608,0.0,0.7694381605706433,0.7268869118987933,0.6066628022523272
2021-04-02,18760000.0,10.4,21.1,10.528411939763185,6.117743443767125,0.0,0.5279714273618046,0.4795405520415173,0.4763003321547926
2021-04-03,4690000.0,9.6,16.8,14.336911994219786,6.117743443767125,4.760000000000001,0.1204768235455462,0.1090241043004088,0.10642341965557389
2021-04-04,7840000.0,2.9,12.8,7.61809291249083,5.2527591701620855,0.06,0.22897563526924736,0.2123008377403713,0.2182019783293312
2021-04-05,23100000.0,4.2,16.5,6.039808428590307,4.181256159952383,0.0,0.47104768111417455,0.4184403070990733,0.42823368953759305
2021-04-06,19220000.0,5.6,19.2,6.299525719345672,7.524465272813381,0.0,0.7151240366240823,0.669061449311166,0.5632575434973145
2021-04-07,23410000.0,6.9,20.7,6.095046924324923,6.701383351562912,0.0,0.7850639265647852,0.7271127116280292,0.63280598181522
2021-04-08,23630000.0,3.6,18.8,6.347270658007905,5.267724296003003,0.0,0.6466932850862595,0.5916989144862053,0.4974320450498527
2021-04-09,17960000.0,2.8,14.6,6.987278253520166,7.347876787890552,0.05,0.4426353577083074,0.40350755509204433,0.3555963141037978
2021-04-10,23340000.0,3.7,17.5,6.626569679943131,3.507825497111091,0.0,0.4799177421595792,0.42641935535874076,0.4134520564104022
2021-04-11,22690000.0,8.6,20.7,7.278266886980506,3.343209112860997,0.0,0.5052720915956781,0.4480410404774636,0.49376992024461475
2021-04-12,3930000.0,11.6,13.5,12.149945857287276,5.3455429503757745,2.09,0.15382968669052338,0.14437743884247392,0.1504095716288622
2021-04-13,17260000.0,3.8,17.7,7.130400052081768,11.90625411903406,0.0,0.8004040180692611,0.7606894517621151,0.4996650861939923
2021-04-14,24880000.0,1.7,15.5,4.936004827397648,7.955460897031809,0.0,0.727511528361521,0.6734584587639243,0.5050235733862207
2021-04-15,20280000.0,5.4,16.8,5.939686590364069,3.968751373011353,0.0,0.45865421991194666,0.4115747589361039,0.4346355730241968
2021-04-16,16579999.999999998,3.4,19.6,9.440484908632968,7.443653593272425,0.0,0.5538443263939333,0.5149680448051621,0.39278117940332935
2021-04-17,22140000.0,5.6,16.7,5.418973021388583,11.364516563592842,0.0,0.8423206972652387,0.790858632215383,0.6046056722419536
2021-04-18,23580000.0,4.5,16.6,6.449549125980633,9.6644782680646,0.0,0.7014886633715389,0.6475096526256845,0.5144727924617577
2021-04-19,25050000.0,7.6,21.8,7.202927036514729,9.796171375464677,0.0,1.0508674964678446,0.987615494067648,0.7146766381573517
2021-04-20,24740000.0,8.5,25.4,8.647287755427739,3.687407007202103,0.0,0.7167983165119566,0.6513713610132121,0.6010358745016122
2021-04-21,23030000.0,14.3,28.3,9.148055643103119,3.7742047370794243,0.0,0.7464211065291319,0.6806227541741858,0.7010581751560936
2021-04-22,18080000.0,14.7,28.8,6.861054885106953,7.4616117442815275,0.06999999999999999,1.1251691761540221,1.0731422254691485,0.9799861404764576
2021-04-23,12680000.0,10.9,20.8,7.573182834537907,8.928194076691454,0.15000000000000002,0.7172639011534938,0.6844617488299078,0.6407494517076324
2021-04-24,19800000.0,9.0,24.0,7.797794486661404,4.42369119857525,0.0,0.6940593454240251,0.6421600140709506,0.595629207285645
2021-04-25,24740000.0,6.9,22.3,7.3107678238430305,7.189246453976826,0.0,0.9355675223896485,0.8732332953341354,0.6645954595012389
2021-04-26,24290000.0,9.3,21.6,6.773292409098484,4.929512451998265,0.0,0.6671029411020024,0.6047850807061481,0.6210715537114722
2021-04-27,15920000.0,14.2,23.3,9.522401890264938,6.506836715630983,0.0,0.6684212582051041,0.6248709961871854,0.6427382226367874
2021-04-28,17810000.0,11.3,22.8,6.408850766618954,5.309626648357573,0.1,0.6498129529295993,0.6026209509227799,0.6624383270893974
2021-04-29,21070000.0,9.0,21.3,8.720572795219246,8.880305674000518,0.8800000000000001,0.764042293910471,0.7103255946684306,0.6147679911665911
2021-04-30,19440000.0,10.2,18.9,8.967093970504417,8.664807861891303,0.31000000000000005,0.677080403510566,0.6281530440678453,0.5319679962649246
2021-05-01,12000000.0,7.5,14.5,8.680072237519871,12.094814704629625,0.24,0.5278067868657916,0.5000193028078666,0.3512647020214916
2021-05-02,22260000.0,7.2,18.8,7.99531260600824,6.868992760981189,0.03,0.6179589223513284,0.5638521415957448,0.5119025725798674
2021-05-03,25430000.0,10.7,23.4,7.876278870898752,5.6687896685395955,0.0,0.7770561212288545,0.7096730436862706,0.6893780702138954
2021-05-04,9990000.0,12.3,21.7,14.730499818097718,9.906913306687466,1.34,0.4336339993063629,0.40718880831190934,0.3542800529675449
2021-05-05,25830000.0,6.0,20.9,6.700581162260666,9.598631714364563,0.0,1.0783542367005738,1.0149165050210995,0.6882448739809292
2021-05-06,21720000.0,9.9,25.0,7.887879290753755,3.9837164988522713,0.0,0.7250264236056309,0.6670279267741785,0.6245838960236723
2021-05-07,20740000.0,7.3,24.3,8.897146556829979,11.01433261891537,0.06999999999999999,1.2013106588764304,1.1477130359764156,0.7363892485285792
2021-05-08,26680000.0,9.7,25.0,8.873937886811946,12.20256361068423,0.0,1.4463157612737367,1.3752091109286033,0.858474989644416
2021-05-09,25820000.0,10.0,23.0,6.238875617254123,9.460952556628122,0.010000000000000002,1.1053116584420803,1.0376328334149902,0.8490886045123396
2021-05-10,5270000.0,10.7,13.1,11.994576882851018,2.4183643358922877,1.8100000000000003,0.13477869958053518,0.12229982987945993,0.13037209013707654
2021-05-11,15570000.0,9.9,21.3,9.93576148790877,7.288016284526883,0.0,0.5809668129023352,0.5408958007309062,0.5177683210219779
2021-05-12,23980000.0,12.1,24.5,11.458003324288734,6.060875965571637,0.0,0.7262546247614934,0.6611915748254638,0.6264417460065977
2021-05-13,25630000.0,14.0,29.5,12.821279723028685,3.211516005460922,0.0,0.7729520040973828,0.6991991973466466,0.6574271034068107
2021-05-14,21030000.0,18.6,32.1,15.754123264518341,4.9354985023346325,0.25,0.8302593641042175,0.7664993745535356,0.7692522046725365
2021-05-15,9480000.0,19.2,25.1,21.82585918071819,4.971414804352834,2.19,0.32686165829685543,0.2994112787827188,0.289857058487924
2021-05-16,3630000.0,15.6,23.4,21.2200864976507,3.684413982033919,5.19,0.10606069235048513,0.0959975494564783,0.12640122115511848
2021-05-17,4680000.0,15.2,17.7,17.516342597874335,2.9870391178471576,0.79,0.1191950588347952,0.10694018848480587,0.11414265564004836
2021-05-18,17820000.0,13.3,23.7,14.282005225760543,3.8939257438067654,0.0,0.47896963887639155,0.43044244759414296,0.431240250434616
2021-05-19,25850000.0,15.8,27.1,13.796094913969197,4.579328507320793,0.0,0.7345763792147891,0.66054343067631,0.6633310218276757
2021-05-20,5320000.0,14.6,19.6,15.891201385404466,6.423032010921844,1.17,0.241677403915235,0.22756703274875875,0.22348398840534306
2021-05-21,11250000.0,12.2,18.6,14.799031482532037,8.3206099675502,0.22999999999999998,0.33573699920663935,0.3069044308947139,0.24077758219240017
2021-05-22,26310000.0,12.7,25.2,13.633624966718088,7.707039808072575,0.0,0.8113450712091579,0.7391131983886922,0.6338968405960232
2021-05-23,20230000.0,17.0,28.1,15.470472000222042,4.510488928452571,0.0,0.6460869773849419,0.5871488162769822,0.6102962992696636
2021-05-24,21070000.0,11.2,24.8,11.351980051506429,6.770222930431132,0.11000000000000001,0.7718646221650755,0.7150140934590801,0.6262264605491838
2021-05-25,20880000.0,10.5,20.7,10.983001643874326,9.221510543173439,0.13999999999999999,0.6933288192612835,0.6395919705689623,0.5225648420070339
2021-05-26,17130000.0,14.1,25.6,10.853146326258422,5.680761769212331,0.0,0.6591177797895937,0.6113412001355693,0.6489887248691715
2021-05-27,16030000.000000002,10.7,21.9,13.925761128219863,7.434674517767875,0.53,0.47886259262141284,0.43701316588849126,0.3876723874303339
2021-05-28,14910000.0,13.1,21.0,13.822703854303802,9.805150450969228,1.3,0.5653529609820013,0.5258452265675332,0.42255368313054953
2021-05-29,22540000.0,10.8,23.7,12.803484578649638,5.396424378234895,0.010000000000000002,0.6256563558623276,0.5656990555462145,0.514188366119678
2021-05-30,26560000.0,15.7,26.6,15.265872870217786,3.004997268856259,0.24,0.6571096865577031,0.5814092218163418,0.572784734320192
2021-05-31,17110000.0,14.0,26.0,17.14057495163592,3.9897025491886384,0.0,0.4694337523463343,0.4215903100499359,0.4223500779494135
2021-06-01,24020000.0,17.1,28.1,16.884935402098975,2.9211925641471197,0.0,0.6317724127798501,0.561739392766909,0.5623996899160655
2021-06-02,23550000.0,15.6,29.8,15.660484963170312,4.1124165810841635,0.0,0.7614670168514601,0.6927005363503441,0.6546657582748123
2021-06-03,7190000.0,15.0,22.5,18.77673515012461,6.051896890067087,2.39,0.24724941775865142,0.22758067505080998,0.21824021597571192
2021-06-04,25940000.0,13.9,25.1,12.626723673900301,8.3206099675502,0.0,0.8706831464418882,0.798771871877002,0.7040110240169014
2021-06-05,26060000.0,17.8,27.7,17.65262157581882,8.769563742777727,0.0,0.9025028065431553,0.8263497775449696,0.7054769042229263
2021-06-06,24240000.0,15.4,28.9,17.666772306532177,4.268053889829706,0.18000000000000002,0.7077695118222186,0.6375799338240465,0.5924513466016607
2021-06-07,20430000.0,17.9,28.8,16.31753521102691,3.9507932220022526,0.0,0.6389701279454917,0.5787356062249901,0.6029728169724711
2021-06-08,25600000.0,18.6,31.9,17.671491425988457,3.049892646379012,0.0,0.7610050008034859,0.6834930326182639,0.6768546773283799
2021-06-09,26220000.0,17.8,33.0,17.122203095413923,3.666455831024818,0.0,0.8845866983194519,0.8050384315650716,0.7479146891923476
2021-06-10,18490000.0,20.5,31.3,19.341506482134772,8.251770388681976,2.22,0.8518510133260344,0.7953847772799711,0.7838464895489123
2021-06-11,17340000.0,18.5,28.7,21.611013841217286,3.666455831024818,0.03,0.5095506749175867,0.4582403266524606,0.44933745599668373
2021-06-12,21120000.0,21.0,30.5,22.96989122320924,4.38178884622068,0.0,0.6628517445655857,0.598479795474526,0.5737152877423384
2021-06-13,22070000.0,21.0,31.2,21.448300236420987,4.001674649861372,0.1,0.6963257923545327,0.628752156857252,0.6249981473119116
2021-06-14,12520000.0,20.6,27.3,22.804156699163872,5.623894291016843,0.34,0.45665259113627227,0.41941856581453196,0.3996407079672587
2021-06-15,5790000.0,19.2,23.2,21.481876878220117,7.545416448990666,0.78,0.26874859407576296,0.25223277784487214,0.23231662762380392
2021-06-16,16649999.999999998,17.0,25.4,17.77084852253451,8.769563742777727,0.03,0.6386783043074702,0.5911846358714887,0.5106323466052662
2021-06-17,9680000.0,19.1,23.2,19.546786183034694,3.103767099406315,0.30000000000000004,0.3046135742989978,0.2770239470890439,0.2786720691812753
2021-06-18,12340000.0,18.8,26.6,20.868097591043178,7.054560321408567,0.03,0.4840386493210434,0.4480055975425393,0.41915032658228757
2021-06-19,26230000.0,16.9,29.8,17.521026473928647,3.1606345776018014,0.0,0.7201838269663488,0.6428489515513338,0.6248137578380745
2021-06-20,26520000.0,19.1,32.5,15.647754020167126,8.697731138741323,0.0,1.2431589371467096,1.1622754275399334,1.0252505182173877
2021-06-21,24120000.0,17.0,29.1,16.83059257729209,6.186583022635345,0.0,0.7982413768074241,0.7274409908963958,0.7014873440594162
2021-06-22,19230000.0,18.0,29.5,19.24974837377551,4.085479354570511,1.37,0.5973673213774416,0.5403412201345736,0.5498709221604022
2021-06-23,14930000.0,17.8,24.6,19.62943081629949,4.297984141511542,0.09000000000000001,0.43341161189902777,0.3908241962984749,0.3638297476762215
2021-06-24,20420000.0,18.4,27.0,19.500432630582893,3.44796499374742,0.06999999999999999,0.563793201838142,0.504166385199807,0.4820670514991943
2021-06-25,21990000.0,20.5,29.1,20.64529999851716,3.100774074238131,0.71,0.6283724059179605,0.5621950264305633,0.5476157868975506
2021-06-26,17480000.0,18.9,26.8,20.51585046501202,2.663792399683337,0.17,0.475363527127728,0.424206451387841,0.41144518655904594
2021-06-27,20150000.0,19.3,28.3,19.69680475335256,4.755916992243621,0.12,0.6359054592502529,0.576108260056397,0.5559652893441885
2021-06-28,19540000.0,18.7,28.7,21.76914052707908,4.100444480411428,0.8300000000000001,0.5680655398239884,0.5101617702068271,0.484759421557165
2021-06-29,20150000.0,21.2,28.9,21.905482508197764,2.6458342486742357,1.31,0.570081831045797,0.5092353629466705,0.49364231818025106
2021-06-30,14140000.0,19.2,26.6,24.12880799661424,3.771211711911241,0.27999999999999997,0.388591056275618,0.34717790079291866,0.3137767430436984
2021-07-01,25280000.0,18.6,31.4,19.655319945271128,3.4270138175701352,0.010000000000000002,0.7397365400080974,0.6634507638951614,0.6469601290165714
2021-07-02,20430000.0,20.1,30.7,21.115051505923933,6.686418225721994,0.0,0.7538954356702485,0.6919133193547646,0.6660890060489161
2021-07-03,7290000.0,21.2,26.5,23.869675178134106,8.362512319904766,5.57,0.3780814910747329,0.35643218424490153,0.3330714918475447
2021-07-04,14470000.0,21.0,28.2,23.771599826640678,9.445987430787204,0.0,0.6051599065767165,0.5617329245286534,0.47987153025485174
2021-07-05,10040000.0,20.8,26.8,24.421702727878927,3.5826511263156786,0.9900000000000001,0.3220739601111755,0.2922792266170657,0.28607555222643366
2021-07-06,10270000.0,21.9,28.3,25.663817511939133,3.666455831024818,1.25,0.3497836596142754,0.31875064913945883,0.3172390518853101
2021-07-07,7850000.0,22.9,27.1,28.615405262721378,4.366823720379762,3.94,0.25641738346139276,0.23272896010353877,0.2140812812811262
2021-07-08,16370000.000000002,22.2,28.9,26.858494685181164,3.612581377997514,1.26,0.4819403592419052,0.43217697733809113,0.3925617761682584
2021-07-09,20520000.0,22.1,30.1,25.794955044510242,3.609588352829331,1.29,0.6031783875675245,0.5403505216679232,0.49726558552144695
2021-07-10,19360000.0,21.5,30.3,26.594143611914006,3.9956885995250055,1.7800000000000002,0.5719268437891458,0.5128037323855879,0.4673062923349887
2021-07-11,17880000.0,21.9,30.0,27.686331131094875,4.184249185120567,0.48,0.5306181612545131,0.4759793573693301,0.42562703235833954
2021-07-12,22400000.0,24.4,32.6,30.0112445522804,3.0379205457062777,0.03,0.668669124896178,0.5980521086283943,0.542294605975958
2021-07-13,21320000.0,23.5,33.8,29.028080287735847,4.268053889829706,0.0,0.6930595180579202,0.6257316369508813,0.5893769451294711
2021-07-14,23830000.0,24.4,34.0,29.28404274640673,2.481217864424142,0.29,0.7071382676818494,0.6314159473847407,0.5890271099379363
2021-07-15,18320000.0,22.8,31.8,29.093712009319493,2.738618028887925,1.2300000000000002,0.5359520032940586,0.47901138472919735,0.44536573114042205
2021-07-16,21660000.0,22.6,32.2,27.24898140824908,4.791833294261823,0.17,0.6909053294522223,0.6235018582737398,0.5750894756539326
2021-07-17,17950000.0,21.5,29.6,26.278588442730207,5.33357084970304,0.27999999999999997,0.5619261132244746,0.5073596681924977,0.45219083039928537
2021-07-18,17410000.0,23.0,31.2,27.735301776490164,3.621560453502065,0.5900000000000001,0.5430783857420708,0.4890982671012651,0.4609379760825104
2021-07-19,12660000.0,23.6,29.9,28.471825549600748,2.9062274383062023,0.13,0.39809350858727144,0.3590106110066668,0.34474844176573205
2021-07-20,19520000.0,22.1,33.1,26.57390336915721,3.621560453502065,0.03,0.6173403193197278,0.5564496950812599,0.5467653065182201
2021-07-21,24690000.0,22.0,34.4,24.221949591139463,5.267724296003003,0.0,0.85800096029726,0.7804345434413321,0.7587256209626794
2021-07-22,24320000.0,23.3,34.5,25.631124284939574,6.150666720617143,0.0,0.8835827339890676,0.8065627078281828,0.78000592020411
2021-07-23,24810000.0,23.2,34.4,26.32537772601328,4.666126237198115,0.0,0.8176795377390469,0.7391965263836777,0.7141023170860785
2021-07-24,20270000.0,22.6,34.2,26.33875945129003,4.363830695211579,0.0,0.6883737531967645,0.6245452651597184,0.6260833951894148
2021-07-25,22060000.0,23.4,33.9,25.775247171575735,6.273380752512667,0.0,0.8240316305376079,0.754366852994396,0.7309748744435345
2021-07-26,23540000.0,22.7,34.7,24.553571894531185,5.869322354807891,0.0,0.8582027611799165,0.7838217914301603,0.7821993336565534
2021-07-27,23870000.0,24.2,36.1,25.939882145667273,4.091465404906878,0.020000000000000004,0.8160034499469646,0.7393660096061454,0.7518510703230834
2021-07-28,24290000.0,24.5,35.5,25.513729763494084,3.8011419635930763,0.0,0.8084274572351433,0.7305663356460583,0.7365030243345105
2021-07-29,21080000.0,25.4,34.4,26.058987457644527,3.783183812583975,0.05,0.7284125604710885,0.6609135536760047,0.6662108044824112
2021-07-30,21150000.0,25.8,36.2,26.412465199889287,3.379125414879199,0.04000000000000001,0.7369267885566083,0.6684177330161288,0.6900830258075239
2021-07-31,21040000.0,26.3,35.3,26.78370278890784,4.693063463711767,0.12,0.794345185493109,0.7263322454098676,0.7374203902876292
2021-08-01,13430000.0,24.9,35.2,29.854103113895082,2.047229215037531,0.91,0.45415149438708935,0.4110788524041412,0.42151160820702194
2021-08-02,14810000.0,24.0,32.0,30.19925818255993,2.5141411412741608,0.7400000000000001,0.4535001314590229,0.40708174925457224,0.3887646112427633
2021-08-03,14680000.0,24.0,30.8,29.586387537757023,2.591959795646932,0.06,0.4415057709247172,0.39582327060615197,0.37308120824673924
2021-08-04,23540000.0,24.5,34.3,26.94029380672258,3.2983137353382443,0.04000000000000001,0.7389374860196527,0.6639708351045821,0.6468856670852341
2021-08-05,22360000.0,24.9,34.7,30.041257931276803,2.8822832369607343,0.08000000000000002,0.6905740989540814,0.6190536875683217,0.5865862538855262
2021-08-06,23330000.0,23.9,36.4,26.878924103713167,3.241446257142757,0.020000000000000004,0.763536013697908,0.6886323068210205,0.6851833573915259
2021-08-07,20710000.0,23.6,34.1,28.00952503960931,2.984046092678974,0.33,0.6394151991171415,0.5738648693594174,0.5598851648877898
2021-08-08,9770000.0,23.2,29.9,27.13200501284587,4.405733047566148,0.73,0.37621401601054405,0.3461284467036164,0.3543918084108506
2021-08-09,22380000.0,22.8,32.0,24.25306655481574,5.974078235694315,0.42000000000000004,0.7800315207732591,0.710387490996046,0.6764827933315891
2021-08-10,17310000.0,22.2,30.0,26.702319138198103,3.5197975977838247,0.7200000000000001,0.5099787611788152,0.45697923102666627,0.427636730776325
2021-08-11,21430000.0,22.2,31.4,25.55932724381523,2.879290211792551,0.020000000000000004,0.6095044620665666,0.5433062936699602,0.5192907751585205
2021-08-12,15630000.0,22.2,29.2,26.238541175900988,3.3013067605064275,0.26,0.4600533941279953,0.4124456791103007,0.39016499904602003
2021-08-13,15300000.0,22.3,29.3,24.876419806872384,4.277032965334256,0.37000000000000005,0.49832739009737115,0.45166382686269246,0.43778302198009167
2021-08-14,9600000.0,19.4,25.1,24.265523121060205,3.3940905407201174,0.51,0.2590973911731605,0.2312566355528806,0.215924600606599
2021-08-15,21740000.0,20.2,29.3,22.528310020993633,4.600279683498076,0.15000000000000002,0.6343200330922096,0.5689397778442383,0.5346972839847901
2021-08-16,17580000.0,20.1,28.9,21.021458824589498,5.9890433615352325,0.020000000000000004,0.6146843191652643,0.5619966235646079,0.5469476700379708
2021-08-17,8950000.0,19.5,25.8,23.87581661622405,3.85501641662038,2.97,0.26942160503061846,0.24330713105942636,0.23766239546248116
2021-08-18,13200000.0,18.6,25.1,22.739333433117416,4.312949267352459,1.3,0.3523705464667839,0.3143265555820968,0.28269727609660417
2021-08-19,12440000.0,19.9,25.0,23.491592994349276,2.7924924819152284,0.19,0.322153673016908,0.28596601358005036,0.2675310640437987
2021-08-20,17220000.0,22.2,28.8,25.06805819142649,5.294661522516655,0.6200000000000001,0.5495284928637575,0.49721577291104735,0.4561901802483531
2021-08-21,5700000.0,21.4,25.9,26.634664494921882,8.78752189378683,2.7800000000000002,0.23550570505959612,0.21862679915152722,0.19024146896577995
2021-08-22,13770000.0,21.5,27.9,24.578760270224933,5.561040762484988,0.03,0.4601488095448545,0.418765706220179,0.39083923803584086
2021-08-23,3360000.0,20.7,23.1,24.63551670649635,5.2318079939848,8.86,0.11564499078183366,0.10595348323314654,0.11728105284529369
2021-08-24,9500000.0,21.9,29.0,27.505100464429006,7.111427799604055,3.7,0.36984113457155116,0.3410001531062412,0.3205844413176188
2021-08-25,5140000.0,20.7,25.2,26.824475788069215,4.175270109616017,3.78,0.14934928175995085,0.1342840466166126,0.1270833595828813
2021-08-26,19420000.0,19.5,30.5,24.585060891893946,4.516474978788939,0.0,0.5580152926381587,0.4994128491210221,0.4774634390737674
2021-08-27,8300000.000000001,18.6,25.3,23.00554250115925,3.798148938424893,2.2800000000000002,0.24553908543126313,0.221580051804421,0.22154314795486055
2021-08-28,17520000.0,20.2,27.9,20.30701022046296,3.3970835658883005,0.010000000000000002,0.5051247139084382,0.4529468745687805,0.4592700772666822
2021-08-29,9130000.0,19.1,25.2,22.04829931285367,2.636855173169685,0.27999999999999997,0.260930938748556,0.23449402261310587,0.2416328879080622
2021-08-30,10210000.0,20.2,26.7,22.042571038563203,2.083145517055733,0.06,0.29607149886516126,0.2659250235500067,0.2792898514639708
2021-08-31,8820000.0,19.8,26.3,22.99365336865248,4.217172461970586,2.0300000000000002,0.29630531464593285,0.27041562129040764,0.2772529091548195
2021-09-01,5500000.0,19.5,23.5,22.727564716604874,4.570349431816242,1.4900000000000002,0.19147970295645528,0.17571544963714036,0.17701300663484756
2021-09-02,10200000.0,17.7,24.1,20.650709210814956,4.884617074475512,0.020000000000000004,0.3053533911016456,0.2763997258923789,0.2666299675399183
2021-09-03,18050000.0,17.1,26.1,19.351725437555,4.764896067748171,0.010000000000000002,0.48986013582835214,0.4380424540503841,0.42057744936831803
2021-09-04,16680000.0,17.4,25.6,18.811605194804986,4.163298008943283,0.0,0.4541334588472331,0.40632477787156535,0.40156570469324376
2021-09-05,14170000.0,17.0,26.1,19.510725091418095,5.249766144993902,0.25,0.42894175915603644,0.38829499384001354,0.3855060306362981
2021-09-06,9930000.0,19.3,24.4,19.942080139021613,7.488548970795177,2.4000000000000004,0.4143495571680491,0.3857301003888868,0.36269229625205207
2021-09-07,7180000.0,19.6,24.9,24.11641280460688,5.818440926948772,0.79,0.23251785193481106,0.21169528679381006,0.19830268839136772
2021-09-08,17290000.0,15.7,27.1,20.285696321391427,5.0252892573801375,0.04000000000000001,0.4537673187952665,0.4042892793869668,0.3944341732930208
2021-09-09,19380000.0,18.9,27.6,20.301679908385665,1.8676477049465194,0.0,0.4549453026866043,0.39789023382835526,0.4003964447501975
2021-09-10,13360000.0,17.7,26.3,21.678658920363475,3.343209112860997,0.0,0.3454410125667241,0.30684556970456656,0.30595824942322375
2021-09-11,21460000.0,17.1,28.7,20.18472255341956,3.028941470201727,0.0,0.5179027988219135,0.4550508669507162,0.4601567388840285
2021-09-12,19560000.0,20.1,29.4,22.880974341531836,3.4180347420655854,0.0,0.5224018415511839,0.46357765605668905,0.4579607881757221
2021-09-13,15690000.0,18.4,26.9,19.351725437555,6.743285703917482,0.0,0.5389451824596817,0.49316461300627334,0.4806437738105095
2021-09-14,14190000.0,16.6,24.8,18.34317530080849,7.955460897031809,0.0,0.48469808724103114,0.4445506805402001,0.4081825804673561
2021-09-15,19700000.0,14.0,26.0,16.30433679798853,8.524135678986678,0.0,0.616427522747881,0.5613418527748214,0.5242456695470107
2021-09-16,16700000.0,18.4,25.9,19.495288183699305,7.72799098424986,1.8,0.5551916404919691,0.5068349592803572,0.4618005557457222
2021-09-17,7020000.0,14.2,21.4,18.426240792141133,4.223158512306953,1.1,0.17963248200661772,0.16076218267636466,0.16481802939321163
2021-09-18,18010000.0,16.6,25.6,20.451392581834668,3.3013067605064275,0.010000000000000002,0.4063876430929202,0.35509768061535735,0.34201549886649085
2021-09-19,18750000.0,15.1,26.1,18.981782255453115,4.196221285793301,0.0,0.43983065178417,0.38686951040362694,0.38390152365277636
2021-09-20,13130000.0,21.0,25.4,21.431529144692878,7.719011908745308,0.25,0.48778945266527585,0.4491629166870325,0.4094692071051343
2021-09-21,7610000.0,19.4,25.8,21.656090003704136,7.407737291254223,0.8800000000000001,0.3468782489581944,0.32469043537374465,0.32505865761703523
2021-09-22,14470000.0,16.1,25.2,18.861517958798792,7.910565519509056,0.13999999999999999,0.4594702154588511,0.41856444999908604,0.3884796998803758
2021-09-23,17790000.0,13.4,24.7,16.2955430594315,6.551732093153736,0.0,0.4744618378277597,0.4255336786691807,0.4180902023694186
2021-09-24,15510000.0,16.3,24.9,18.529306048178643,4.297984141511542,0.0,0.3915235427155434,0.3477140865655582,0.35157553940408437
2021-09-25,8180000.0,16.1,22.8,19.04216592471857,5.456284881598566,0.05,0.25123596254787395,0.22857903102048716,0.23087642399325997
2021-09-26,12680000.0,14.0,24.6,16.556714624708064,5.4832221081122166,0.0,0.3733108709113177,0.33828215597572886,0.3616067555158225
2021-09-27,11980000.0,16.9,24.3,18.28473857994059,3.96575834784317,0.0,0.33008420837436836,0.29624556977496,0.31409336697701723
2021-09-28,10770000.0,19.2,24.9,20.813563556286116,4.115409606252347,0.08000000000000002,0.31567057743647986,0.2845331403432042,0.2939758795629731
2021-09-29,7100000.0,18.6,26.5,23.304523349338464,4.217172461970586,1.6,0.22799848068370815,0.20731331291966892,0.2268319272919105
2021-09-30,18170000.0,15.8,26.5,19.915860508848546,3.1247182755836,0.0,0.39385083367176654,0.3420632792910988,0.34968102008264434
2021-10-01,17680000.0,17.1,27.5,19.443909055590996,4.387774896557047,0.0,0.45556402410679714,0.4042512166188249,0.4244314227979036
2021-10-02,17680000.0,14.5,26.5,18.22646506711372,3.5796581011474955,0.010000000000000002,0.3942386267129493,0.3443827907901906,0.37037646571918803
2021-10-03,17260000.0,15.6,28.2,19.290482572241668,3.678427931697552,0.0,0.4251767947073268,0.3753924434304402,0.4014537571679804
2021-10-04,12720000.0,17.4,29.3,21.701248415136295,4.372809770716129,0.0,0.3737626993490216,0.3362598546948474,0.3784121067179712
2021-10-05,17040000.0,16.7,28.0,20.211251838325786,5.549068661812255,0.0,0.4618641885672464,0.4123709274056694,0.4290755610730962
2021-10-06,9060000.0,16.5,23.9,19.505578266411465,4.525454054293489,0.06,0.2555055181575889,0.23008554215354932,0.24528664180529827
2021-10-07,10340000.0,18.4,26.0,21.347845711564695,3.633532554174799,0.1,0.28500605725389166,0.25504233075538063,0.2755895839087977
2021-10-08,3870000.0,17.2,20.6,20.85172426347978,3.9118838948158663,0.13,0.1011768391565178,0.09056158908329101,0.0951887301789579
2021-10-09,11770000.0,19.1,26.2,22.598460019091316,3.5557138998020275,0.03,0.29956306433437485,0.2652203426985167,0.27386935315572347
2021-10-10,14370000.0,14.0,29.8,18.578562033348057,7.255093007676863,0.43,0.6241238493156839,0.5826753482815669,0.5186236161265586
2021-10-11,3200000.0,14.8,17.1,16.343960156568095,4.627216910011729,1.4500000000000002,0.10799710313171973,0.09970198167948816,0.11326089940735351
2021-10-12,3790000.0,14.3,17.0,15.999020709140135,4.0106537253659225,0.6900000000000001,0.11383673061920943,0.1040726544726202,0.1145542033135507
2021-10-13,9390000.0,14.3,21.7,16.503299554359938,4.711021614720868,0.0,0.24930558499679173,0.2239697300110634,0.24365965032454467
2021-10-14,12150000.0,15.1,24.4,16.66848327851167,4.217172461970586,0.15000000000000002,0.31894732594665076,0.28511852533824666,0.32578297278936824
2021-10-15,5710000.0,14.7,20.3,17.4555520243396,3.292327685001877,1.64,0.14609326899515254,0.13083139382875258,0.14981756293277337
2021-10-16,3230000.0,1.9,15.8,5.306721189433694,10.738974303442488,0.0,0.6319906295737813,0.6249244249625225,0.45379457828491504
2021-10-17,17360000.0,1.0,11.6,4.813131769303507,5.124059087930194,0.0,0.31058684082607846,0.2753227372818312,0.30683241263735184
2021-10-18,16320000.0,6.2,15.5,8.182832906493948,2.4901969399286927,0.06999999999999999,0.2347320956120465,0.19708458924205924,0.2468995667938358
2021-10-19,13350000.0,3.5,16.2,8.259887749659699,6.482892514285514,0.020000000000000004,0.31311501149725374,0.2831083412856586,0.29469980140640856
2021-10-20,15900000.0,5.3,15.2,8.445463806054644,2.9451367654925886,0.0,0.226681132452042,0.19056497519765198,0.23593723640716985
2021-10-21,13230000.0,5.0,15.5,8.607087554000227,3.630539529006615,0.0,0.221329787706195,0.19127841912282517,0.235835466752009
2021-10-22,15060000.0,2.8,15.8,7.96482091697014,5.15398933961203,0.010000000000000002,0.28177847530466404,0.24842378946914642,0.27402865259371106
2021-10-23,15490000.0,3.8,17.1,8.146932261978902,2.14001299525122,0.0,0.21547483053878502,0.1801067389097538,0.23243772175667243
2021-10-24,14730000.0,4.3,17.3,8.76888355601567,2.4572736630786736,0.0,0.2128502789429862,0.17891387115573323,0.2310696182668023
2021-10-25,15200000.0,3.7,17.7,8.44792990766769,4.38178884622068,0.0,0.29620713189345704,0.2612772290807136,0.29126593745045876
2021-10-26,14490000.0,9.7,18.9,10.46867216462715,4.1513259082705485,0.0,0.2849968472479018,0.2487265034756926,0.3049757106469754
2021-10-27,14720000.0,5.8,19.1,8.584547441592676,6.297324953858136,0.0,0.3969895708607215,0.36166965020916153,0.3800914545223233
2021-10-28,15030000.0,7.4,18.5,8.557069117995775,3.076829872892663,0.0,0.2507010045093073,0.21421044546608892,0.2934532002624918
2021-10-29,13060000.0,7.1,17.8,9.771923254296643,3.7412814602294056,0.0,0.22979533870330532,0.19845850692957065,0.25756961173943843
2021-10-30,7550000.0,5.9,15.5,9.989956253954363,1.837717453264684,0.0,0.11915561829654583,0.10180556788626868,0.14200800271262984
2021-10-31,13220000.0,9.2,20.0,11.211958915675988,3.247432307479124,0.0,0.2323630839443997,0.19905433367463882,0.2657768027965971
2021-11-01,12540000.0,7.3,18.5,10.364845428716851,6.057882940403454,0.0,0.27850947970593143,0.2480997195515089,0.2949672680152546
2021-11-02,13560000.0,6.5,16.6,9.042762224448103,5.785517650098753,0.0,0.2751521288927548,0.24331771418571502,0.2873808417057413
2021-11-03,13650000.0,6.5,17.5,8.873937886811946,5.27371034633937,0.0,0.2761546223897481,0.24375408499152748,0.3050854427103192
2021-11-04,12770000.0,5.3,18.5,9.721563186362417,3.4180347420655854,0.0,0.2138639356621624,0.18362576372995545,0.24116191923648214
2021-11-05,11860000.0,7.4,17.8,10.727688258811263,3.1396834014245174,0.0,0.18059559510635487,0.15203673166224935,0.20911899570667464
2021-11-06,12020000.0,6.4,19.3,10.730732956153856,4.244109688484238,0.0,0.22449306286727516,0.19537833286087797,0.25214118966365606
2021-11-07,11770000.0,10.2,19.8,11.294513799402067,5.872315379976074,0.42000000000000004,0.29598488655828165,0.2660734275166761,0.32226635062588316
2021-11-08,1810000.0,4.4,14.4,7.9929634401467204,9.56271541234636,1.2400000000000002,0.2698063890821566,0.2657867626896678,0.27132990538812063
2021-11-09,10290000.0,2.9,10.5,7.175119570041964,9.448980455955388,0.11000000000000001,0.24604954986985894,0.22489191320886195,0.20355228160543853
2021-11-10,8540000.0,2.3,9.1,6.517887501410167,9.215524492837071,0.04000000000000001,0.23793936146719927,0.22091062610695883,0.19663598730083987
2021-11-11,9410000.0,1.3,11.0,5.844597159828954,8.81445912030048,0.0,0.2910679780756128,0.2720407431241601,0.26309097850176333
2021-11-12,10030000.0,-0.1,8.9,5.506225317203089,6.973748641867613,0.0,0.20971467893537543,0.1905318123432903,0.20376308956628147
2021-11-13,11030000.0,2.3,13.8,7.276104701263231,5.9890433615352325,0.0,0.21195932005557133,0.18836500496140435,0.23789842431655783
2021-11-14,10590000.0,4.7,16.3,8.238151647210156,6.351199406885439,0.0,0.2528205799796975,0.2286093303295817,0.2857033065681843
2021-11-15,11820000.0,2.4,16.0,7.742810094788384,3.7233233092203046,0.0,0.19217830884514214,0.16607056625713498,0.22499692998759802
2021-11-16,12150000.0,0.5,15.3,6.167524539435218,4.9594427036801,0.0,0.2835522706290674,0.257673449369785,0.2820453087424878
2021-11-17,12190000.0,2.0,13.7,6.5552528071817955,4.390767921725231,0.0,0.18555159336608268,0.15962483547360837,0.23390223851600722
2021-11-18,11070000.0,5.0,17.0,9.310709006617019,6.3092970545308695,0.0,0.22200382712160907,0.19636987307817316,0.2578578093679826
2021-11-19,9020000.0,6.1,17.6,10.609536649706401,5.866329329639708,0.0,0.18624191270812457,0.16490939881547934,0.22221734021458978
2021-11-20,9650000.0,4.8,16.7,9.65754703114829,2.9062274383062023,0.0,0.12672504217975966,0.10452078002078177,0.17249576085695134
2021-11-21,5150000.0,5.7,12.8,9.91586037374185,5.381459252393977,0.1,0.11008410222834646,0.09869342109429795,0.12335280209921602
2021-11-22,9990000.0,-2.3,7.9,4.04420615697243,10.646190523228796,0.0,0.3290355578465232,0.3109374906295338,0.26719866514909435
2021-11-23,9610000.0,-0.9,4.6,4.247885414487714,10.463615987969604,0.0,0.2705592213043051,0.2537271087225463,0.20272008025896607
2021-11-24,10880000.0,2.8,11.1,5.96503187667885,8.254763413850162,0.0,0.27951467496437543,0.2569758205026859,0.26767964321586135
2021-11-25,11170000.0,0.1,13.2,5.105733870645315,7.521472247645197,0.0,0.33511976955648765,0.3121872972594536,0.32125446036410243
2021-11-26,11450000.0,-2.0,9.7,4.23983499006259,6.219506299485364,0.0,0.21906172277130306,0.19755955771671777,0.25031851167610114
2021-11-27,11490000.0,-0.2,9.3,3.7954312250310185,2.065187366046632,0.0,0.10885249994340992,0.08676896850815857,0.16632900686777502
2021-11-28,10880000.0,-1.3,11.4,4.660803174820747,3.7173372588839375,0.0,0.16354833928619156,0.1422958446145324,0.21529955313696889
2021-11-29,9570000.0,1.8,12.9,6.765179104704474,2.50516206576961,0.24,0.10556890774433211,0.08550800353852298,0.1567356239525311
2021-11-30,1530000.0,-2.5,10.0,5.679255387536219,12.002030924415934,1.32,0.2511254456831672,0.24826187721146079,0.21345421214243582
2021-12-01,11360000.0,-4.1,2.6,2.624267948922317,10.619253296715145,0.0,0.31544483432614745,0.29741204404335464,0.2352994216996876
2021-12-02,10880000.0,-0.9,6.7,4.928340403351714,6.662474024376526,0.03,0.16744508505821706,0.14766589464120433,0.174176625039868
2021-12-03,10970000.0,-2.4,7.4,3.1418870191699155,8.838403321645949,0.0,0.3185681228547693,0.2989027948326906,0.2919862345624043
2021-12-04,9670000.0,-4.0,7.8,4.554015573408001,5.438326730589464,0.0,0.13724272001017762,0.1202749216060526,0.17145010301371347
2021-12-05,10540000.0,-0.5,8.0,5.044420661433412,2.0292710640284293,0.0,0.07694809660124943,0.057221291573938834,0.11934758620565493
2021-12-06,9690000.0,-1.2,11.4,5.625642571479136,3.8191001146021772,0.0,0.13065940009531604,0.11170104269498451,0.17993676387557828
2021-12-07,10450000.0,0.7,13.2,6.120977409400365,2.846366934942532,0.0,0.11750119216040959,0.09585311963056996,0.1773036970115014
2021-12-08,10350000.0,1.0,11.2,6.53556332800424,2.550057443292363,0.0,0.08630174935196586,0.0654059917952773,0.13430795334524975
2021-12-09,6660000.0,1.6,9.3,7.470775464503865,1.6521498928373057,0.0,0.05119596580717373,0.03801991175960647,0.07842293469219054
2021-12-10,5920000.0,2.3,11.2,8.381567624504106,3.424020792401952,0.0,0.06923977852431264,0.05704914489766307,0.09865065042366612
2021-12-11,8310000.000000001,3.8,12.2,7.334683222406409,6.42003898575366,0.0,0.18393689075814168,0.16618629583711125,0.20854688239414645
2021-12-12,9680000.0,-5.9,8.6,2.8410968732841453,11.146025726315445,0.0,0.5192427625177832,0.502594273082288,0.32524710899316417
2021-12-13,10850000.0,-3.7,2.8,2.276338478206211,6.593634445508305,0.0,0.22316671258025678,0.20573882437049104,0.22579377310085894
2021-12-14,8820000.0,0.5,8.3,5.80375262589671,6.925860239176677,0.0,0.16155852482378782,0.14468984253643083,0.17181044347224406
2021-12-15,6760000.0,3.1,12.7,7.981226743877277,6.015980588048884,0.0,0.14517344052196743,0.13077501815877818,0.17555430812357967
2021-12-16,5810000.0,-3.5,11.7,5.6101616662559595,8.23680526284106,0.0,0.2751072528006706,0.2641050308696974,0.22707758174057865
2021-12-17,10590000.0,-10.0,-0.4,1.3718416013485073,13.986406610921613,0.0,0.3876034293192857,0.3736982370047844,0.23595428257653478
2021-12-18,10700000.0,-7.7,1.1,2.602460588831415,7.916551569845423,0.010000000000000002,0.17602719817262863,0.1607407379271601,0.16326754615860722
2021-12-19,10490000.0,-2.8,4.4,3.656767738457836,6.8121252827857015,0.0,0.17884675373060366,0.16116998052206383,0.18397122058401214
2021-12-20,6780000.0,1.9,11.0,6.395335180696096,6.9557904908585115,0.0,0.1935907203002834,0.17975511268740177,0.21150136574935283
2021-12-21,9000000.0,-2.5,12.5,5.437327505981332,6.647508898535608,0.0,0.26659860526015067,0.24904661818759916,0.24562204804287152
2021-12-22,10470000.0,-3.0,10.5,3.506727921874204,3.570679025642945,0.0,0.1723470913124855,0.15275129922178893,0.222050474522849
2021-12-23,10100000.0,-1.9,9.2,4.276168728771634,3.5227906229520087,0.0,0.1222684647606926,0.10342887308086202,0.1822730981935478
2021-12-24,7400000.0,-10.6,10.2,3.1224183527275473,9.787192299960125,0.0,0.422085152664508,0.41008237186457847,0.3027873116606684
2021-12-25,11070000.0,-13.3,-5.2,0.8690650509729604,12.875994273525523,0.0,0.30466479551696307,0.2927270665100611,0.1829054151289027
2021-12-26,10940000.0,-12.3,-4.7,0.8369684971870986,10.565378843687842,0.0,0.2732915963417639,0.26103437356839865,0.18884152671824142
2021-12-27,10180000.0,-8.7,0.8,3.0019155104936535,6.617578646853773,0.0,0.11430872476502041,0.10017090617221565,0.12090407946743872
2021-12-28,6840000.0,-2.3,5.7,4.775759132829115,4.300977166679725,0.0,0.10186620785340887,0.08995072876729357,0.1279019889226098
2021-12-29,7670000.0,-4.4,7.5,4.417323424452565,11.241802531697319,0.010000000000000002,0.24706411496073377,0.23377554693128114,0.21113978048663337
2021-12-30,9750000.0,-6.9,1.9,1.9545528825677863,12.56771268120262,0.020000000000000004,0.37412011247836896,0.3597088446390356,0.25124190364336524
2021-12-31,10960000.0,-7.6,-1.0,1.438045571882357,9.921878432528384,0.0,0.29735304021264775,0.2823657831886761,0.22291842899366263
2022-01-01,10440000.0,-5.9,3.5,2.0628751859877315,4.830742621448209,0.0,0.16987042367522684,0.15359282649859804,0.2042452056666845
2022-01-02,7740000.0,-4.9,6.4,2.8703571524467293,7.258086032845047,0.0,0.24495215242626472,0.23193388112678215,0.249062469622027
2022-01-03,10910000.0,-3.3,4.1,2.668370947402739,6.722334527740196,0.0,0.2259064061206062,0.20779756050046996,0.22893022142789646
2022-01-04,11080000.0,-5.6,4.3,2.0077182590168263,5.875308405144259,0.0,0.2139640001710879,0.196306046788149,0.23740063343834067
2022-01-05,6780000.0,-3.3,5.0,3.977842273208946,2.9241855893153037,0.0,0.09240967858451324,0.08096322627838458,0.1256114338779753
2022-01-06,11210000.0,-5.5,5.3,2.621642511096168,6.473913438780964,0.0,0.21297885199004507,0.19472562694374063,0.23002553223068486
2022-01-07,11190000.0,-3.9,7.3,2.012551949580417,4.357844644875212,0.0,0.19510546188545286,0.1756121561875537,0.25733307525322824
2022-01-08,11020000.0,-1.4,6.7,4.0454919509660225,6.0339387390579855,0.0,0.18927905438472262,0.16941954534483172,0.2073800518952443
2022-01-09,8890000.0,-3.9,8.7,4.740123472373848,4.052556077720492,0.0,0.1225631712534125,0.10668278326674592,0.16044635683835812
2022-01-10,9210000.0,-6.1,8.3,3.81980456801839,6.0788341165807385,0.010000000000000002,0.2261917488191707,0.21049723536912665,0.21067887158095183
2022-01-11,11710000.0,-9.3,-1.9,1.648323060856561,12.346228818757039,0.0,0.3077352355503464,0.2926398889442057,0.1950885258092911
2022-01-12,11650000.0,-8.0,-0.5,1.7420251220039338,9.622575915710032,0.0,0.27137787951995435,0.25541164446875947,0.2064762375762382
2022-01-13,11740000.0,-8.2,-1.2,1.561899662247337,13.046596708111982,0.0,0.36575123833370804,0.3499822097216763,0.22330481349268377
2022-01-14,11940000.0,-6.8,2.3,1.4055985415709245,5.584984963830457,0.0,0.21638023781085916,0.19854659181337356,0.23272179080795877
2022-01-15,9580000.0,-2.5,6.9,3.6228123535481878,6.045910839730719,0.0,0.20929582082262627,0.19230409072759794,0.22481660260927439
2022-01-16,11910000.0,-6.7,3.2,2.1869139557246227,10.870667410842561,0.0,0.33813478027903626,0.3199749358616221,0.2532759334641848
2022-01-17,10280000.0,-7.6,2.1,2.364212954715748,11.433356142461063,0.010000000000000002,0.30547363565064334,0.29043823491046317,0.21741705332528882
2022-01-18,12330000.0,-6.6,1.0,1.328277585127292,5.905238656826094,0.0,0.2271441440183891,0.20914858539844147,0.22883911037945107
2022-01-19,10000000.0,-6.4,5.0,2.862780578415983,7.952467871863624,0.010000000000000002,0.2403500535778381,0.22444469968031022,0.22444340938465968
2022-01-20,12370000.0,-7.5,4.1,1.8226542136748778,2.9002413879698357,0.0,0.1287881934299203,0.10988834456713532,0.17696841774210412
2022-01-21,12540000.0,-5.9,4.6,2.670148698664501,3.0199623946971763,0.0,0.12330804318043997,0.10332331976689721,0.16368835969562853
2022-01-22,6370000.0,-2.1,5.7,4.344182980279889,2.1310339197466694,0.0,0.08949552432701832,0.07835849210207224,0.11739796776352121
2022-01-23,9250000.0,-0.8,11.7,5.360936640840693,3.902904819311316,0.0,0.16677560463179592,0.14847552956573026,0.2082242748778862
2022-01-24,9990000.0,0.4,8.6,4.63172510033284,5.438326730589464,0.1,0.20876466033585603,0.1895954882465233,0.2262521115887664
2022-01-25,2940000.0,-1.2,4.7,5.963218332466448,4.28002599050244,0.1,0.06654730815256166,0.061416441073718166,0.07433470114947083
2022-01-26,11120000.0,-3.3,7.7,3.7639522264618095,6.877971836485741,0.0,0.23943720617093853,0.21971402885812896,0.2404769318610024
2022-01-27,12610000.0,-4.4,7.6,2.619893517593864,7.437667542936058,0.0,0.3076571363171414,0.28576993724261074,0.2998811202868626
2022-01-28,13240000.0,-5.2,4.5,2.2902619677462113,9.386126927423534,0.0,0.3444008464064129,0.3230506711479233,0.2769498492958452
2022-01-29,13470000.0,-5.5,3.2,2.065703509823233,8.428358873604806,0.0,0.31197099087266744,0.2909269383856171,0.25891773177146504
2022-01-30,12220000.0,-5.1,4.5,1.8869238500980345,7.231148806331396,0.0,0.3053796836807686,0.2856358406410776,0.2805263135000612
2022-01-31,13630000.0,-2.8,5.7,2.7677258964764886,7.775879386940797,0.010000000000000002,0.3142848598233571,0.2907565976749933,0.27813162149185616
2022-02-01,10530000.0,-3.4,3.3,3.497675859049726,11.122081524969976,0.0,0.29967625951630555,0.28249709245360144,0.20570919126032788
2022-02-02,10010000.0,-4.4,2.9,2.7879870881830118,9.140698863632483,0.0,0.29177391246123835,0.27588410341803793,0.22442960789576621
2022-02-03,14140000.0,-4.9,3.1,2.0382741584931443,8.44931004978209,0.0,0.32994785791375675,0.3076353190942554,0.26710896712468685
2022-02-04,14120000.0,-7.9,1.6,1.9796138421212863,12.813140744993671,0.0,0.39372741930019745,0.37342455113097706,0.24522522990563167
2022-02-05,13560000.0,-6.9,-0.9,1.8551835694568826,14.13905089449897,0.0,0.41561334905764225,0.39674001294294553,0.2276817543722708
2022-02-06,11980000.0,-5.4,2.8,2.3594299419356584,10.16431347115125,0.0,0.3466072670941236,0.32800361448322896,0.24952036557580662
2022-02-07,9950000.0,-4.4,2.3,2.1085449970135786,6.432011086426395,0.0,0.26056611676692,0.24495893814024788,0.2342037293521963
2022-02-08,12250000.0,-4.3,6.3,2.724878718255051,5.1180730375938275,0.0,0.23429240297401516,0.21349496643438623,0.2453201387843788
2022-02-09,13300000.0,-1.9,7.7,2.7879870881830118,3.0917949987335804,0.0,0.1946859766952212,0.17050737076265968,0.2321920115905014
2022-02-10,14780000.0,-3.5,8.8,3.1988530830664113,6.464934363276413,0.0,0.30904643001138643,0.2824108997382841,0.2957977226388058
2022-02-11,15190000.0,-1.1,10.4,3.378583120325777,4.9325054771664485,0.0,0.2814288591300337,0.25213858140683026,0.3079868763335427
2022-02-12,14980000.0,-0.6,11.0,4.406213893303036,3.49884642160654,0.0,0.21392101024816873,0.18451903062576508,0.24765516664426598
2022-02-13,11430000.0,0.6,11.0,5.923443528806502,3.2773625591609594,0.0,0.17116883715545078,0.14830616897540214,0.19361173563931172
2022-02-14,13030000.0,-3.0,11.6,4.198456228203575,10.756932454451587,0.0,0.5652057182544608,0.5403671648849507,0.3549269978284667
2022-02-15,11830000.0,-6.7,-0.3,2.315202181543659,13.714041320616909,0.0,0.37197034625746045,0.3552149754849098,0.20519980015119388
2022-02-16,15290000.0,-8.8,-2.1,1.489027460798998,15.210553904708673,0.0,0.4510984848684201,0.431251102171191,0.2258263517565212
2022-02-17,16730000.0,-7.8,0.7,1.0854908876788008,5.2527591701620855,0.0,0.25760642483253116,0.23396231340081936,0.23998726525195752
2022-02-18,16270000.0,-4.9,5.7,1.7615713045918018,3.2025369299563713,0.0,0.21660444675589385,0.18959886304923795,0.24377525113279894
2022-02-19,9550000.0,-7.4,5.0,2.307382514891614,12.070870503284155,0.0,0.4419370512949201,0.4270471036860307,0.28798153726629366
2022-02-20,17180000.0,-6.1,-0.3,1.8417269602754183,11.759595885793068,0.0,0.4124461107799343,0.38779626628323255,0.24494144058843634
2022-02-21,13170000.0,-5.6,4.9,2.325403018724788,12.444998649307095,0.0,0.47531844145198204,0.45408114476359024,0.3070723634288506
2022-02-22,16480000.0,-7.1,2.0,1.7305113312058646,11.630895803561176,0.0,0.44373638620852907,0.41942875472941454,0.2794841052356992
2022-02-23,17150000.0,-6.6,1.4,1.3412151198849418,9.356196675741698,0.0,0.4095009634772916,0.38425825660006463,0.28817472343675976
2022-02-24,17800000.0,-3.6,4.6,2.2085961441896984,9.326266424059863,0.0,0.4343607153000044,0.404703180940611,0.315788603458463
2022-02-25,16820000.0,0.8,10.6,4.796656013747188,9.071859284764264,0.0,0.4233381138189496,0.3897990823483121,0.3343570131355168
2022-02-26,15890000.0,-1.2,12.6,4.676864957737076,13.516501659516797,0.12,0.6978571567383776,0.6661725425844878,0.4022260356011321
2022-02-27,17940000.0,-2.4,11.1,3.4954160873103866,8.425365848436622,0.0,0.5179783915389143,0.4837236778444199,0.38091996697107494
2022-02-28,12620000.0,2.9,13.9,3.5203450146654793,3.64251162967935,0.13,0.31146460887903893,0.2842001828100138,0.35880986544163246
2022-03-01,11980000.0,-2.8,14.6,5.853509975064121,9.775220199287393,0.020000000000000004,0.515478574007452,0.49144112257685607,0.3401980346885239
2022-03-02,18280000.0,0.2,10.4,4.04420615697243,9.906913306687466,0.0,0.5033891420000066,0.46739569228679667,0.3785594144153185
2022-03-03,18310000.0,-2.6,13.6,4.139027405843268,6.300317979026319,0.0,0.5238206776434307,0.48753921441204684,0.37867384771805557
2022-03-04,17370000.0,1.2,18.0,5.100994154203111,12.406089322120708,0.0,1.0645563649770378,1.0257732192651419,0.5839668090510053
2022-03-05,19350000.0,-2.2,6.5,2.1346281870940103,14.42039526030822,0.0,0.7170488057222808,0.6827895647610316,0.41313322141710634
2022-03-06,19520000.0,-3.6,8.0,2.2449048590579177,7.605276952354337,0.0,0.4445344935912347,0.40991251327234596,0.36887028896617735
2022-03-07,17780000.0,-2.2,11.8,2.535454052629697,4.42369119857525,0.0,0.41474724889326414,0.38029534396157066,0.3722151882903969
2022-03-08,18590000.0,-0.4,14.0,4.62448074466982,4.920533376493715,0.0,0.42618668278747424,0.38784815131472017,0.3613720941584372
2022-03-09,19200000.0,1.3,16.9,5.167705985861473,3.4778952454292558,0.0,0.4227917744453369,0.3804988010815461,0.3739782746178139
2022-03-10,12740000.0,0.8,17.4,4.494375867626542,4.722993715393602,0.0,0.5082117429248042,0.4801485928907054,0.42599430126174875
2022-03-11,14100000.0,8.1,19.9,9.195789192635095,4.965428754016468,0.0,0.3806986033682245,0.345637820238535,0.3938462708670737
2022-03-12,11970000.0,10.8,22.3,11.577913044029097,5.459277906766749,0.09000000000000001,0.3914561334538497,0.3600493493260888,0.4093061903955797
2022-03-13,3740000.0,9.4,17.6,13.872240087042677,5.37547320205761,1.31,0.12196070199541505,0.11276490994137238,0.13210475906098823
2022-03-14,5370000.0,2.5,15.1,9.032291874152726,11.289690934388254,0.44000000000000006,0.273120020825082,0.2613884093876489,0.22760612063577126
2022-03-15,19260000.0,3.7,18.1,6.592807283660456,4.088472379738694,0.0,0.4475034490401179,0.4030173697417802,0.3991941028428422
2022-03-16,19280000.0,8.0,20.9,7.267461629128351,4.327914393193376,0.09000000000000001,0.49369070354529976,0.44527160049593456,0.4879337940214077
2022-03-17,4320000.0,4.4,10.5,8.504825815603876,9.835080702651062,1.32,0.1966702038517011,0.18758795166581493,0.15027017375525098
2022-03-18,6050000.0,1.4,8.3,6.330045759732203,7.2850232593587,0.71,0.21024337239985974,0.1985014437753409,0.1751609460458325
2022-03-19,6910000.0,1.5,7.0,7.11554834333472,2.9421437403244046,0.7200000000000001,0.11271199556579939,0.09956148672464445,0.1039676023635407
2022-03-20,13310000.0,-1.2,10.8,5.0412940440327585,7.201218554649561,0.03,0.3378981920382383,0.31210770527553633,0.28862709322733526
2022-03-21,17920000.0,2.4,12.5,3.933719920023431,4.9354985023346325,0.0,0.4124742921424966,0.3747997645565985,0.3921241786561005
2022-03-22,20780000.0,2.2,13.3,4.832667728315927,4.618237834507179,0.0,0.40390605059615703,0.3598364725315878,0.37511620092708
2022-03-23,12110000.0,-0.1,11.3,5.222275326194369,5.650831517530495,0.03,0.30451880019213945,0.2804470725216206,0.2817218944988503
2022-03-24,18340000.0,3.0,16.7,6.997714804976543,4.22016548713877,0.0,0.40335351168714484,0.3621308651193055,0.35644386608936485
2022-03-25,15310000.0,9.3,18.9,11.42578344058816,8.679772987732221,2.69,0.4543252306750075,0.41617105212735916,0.36303897633812915
2022-03-26,8210000.000000001,5.0,15.3,9.397050279318082,11.535118998179303,0.05,0.3462366271738815,0.3276366395843425,0.2648303604753142
2022-03-27,21320000.0,-0.3,17.0,4.295116898694629,10.101459942619396,0.0,0.9773210779878327,0.9313258380708541,0.5717609935312673
2022-03-28,21100000.0,0.6,13.8,4.722394135730942,3.726316334388488,0.0,0.4014817484843534,0.3574460713467334,0.35982699702243626
2022-03-29,22290000.0,2.4,18.2,6.608676487365187,3.3821184400473827,0.0,0.4766753827484849,0.4259786256090661,0.3976869150739188
2022-03-30,14790000.0,9.6,19.9,11.249994953126073,3.86399549212493,0.19,0.3514952893433001,0.31410980381012554,0.3358915459694141
2022-03-31,10610000.0,1.9,14.5,8.37177538345874,5.89326655615336,0.18000000000000002,0.2562915523564353,0.23349864506977852,0.22924909186699352
2022-04-01,16280000.000000002,1.3,13.5,5.625642571479136,4.0196328008704745,0.0,0.3348462832378261,0.3006696545952532,0.3159199906622111
2022-04-02,22970000.0,0.8,15.2,4.395129133954031,5.447305806094015,0.0,0.5837677874786427,0.5347026652962035,0.4549421743296784
2022-04-03,23010000.0,1.4,17.2,5.2271146690276895,3.8460373411158293,0.0,0.5368330947600264,0.48587085564480326,0.43317110378784474
2022-04-04,23170000.0,2.8,18.8,4.996150527287688,5.007331106371037,0.0,0.6906504580568127,0.6372691567376919,0.5271874667512408
2022-04-05,20550000.0,5.4,18.7,4.617246430119538,8.3385681185593,0.0,0.8311771457796795,0.7823392230005083,0.6470051447230319
2022-04-06,22420000.0,8.1,20.8,5.432316289343085,6.4918715897900645,0.0,0.739317789617034,0.6830130027722844,0.6644537638012583
2022-04-07,21320000.0,2.1,19.0,5.3313041183685534,7.979405098377277,0.0,0.8776260059244777,0.8288205560049857,0.5803625948554073
2022-04-08,23370000.0,7.3,22.7,5.642887894033542,4.779861193589088,0.0,0.774716621662153,0.7153257297503162,0.6389832669579528
2022-04-09,22780000.0,7.8,27.8,8.075547598690143,6.20753419881263,0.0,0.9589468059471906,0.8977124158128366,0.7840834013744968
2022-04-10,22850000.0,11.4,28.6,7.504034016209714,3.8011419635930763,0.0,0.8045013955000793,0.7406076107851345,0.7108452385738355
2022-04-11,22210000.0,12.9,29.9,12.362155224318398,4.666126237198115,0.0,0.8249235227960356,0.761366133827942,0.6961892430081419
2022-04-12,21820000.0,17.1,30.0,14.203887344901192,6.455955287771862,0.0,0.8467540352727221,0.7822337436910195,0.7830311253759815
2022-04-13,6340000.0,7.7,17.1,9.992815808485167,9.682436419073701,2.0,0.3761462631814349,0.360951840519422,0.3211285535664767
2022-04-14,11060000.0,5.3,14.6,7.793199328750521,7.76091426109988,0.0,0.3927006037139956,0.36777528606282006,0.32658354794777905
2022-04-15,22980000.0,5.8,19.6,6.521811807584037,4.507495903284387,0.0,0.598950939768385,0.5434844931618529,0.5132133294648237
2022-04-16,24360000.0,5.6,19.8,4.876501241490257,6.285352853185402,0.0,0.8116462579174835,0.7528489280943711,0.63936803745537
2022-04-17,24270000.0,10.5,21.7,5.392373471610833,6.56370419382647,0.0,0.7875778637622821,0.7244719946622822,0.7415860271743508
2022-04-18,18890000.0,8.5,22.9,4.846233734022612,6.375143608230907,0.0,0.8894080592541291,0.8406918859822461,0.7386689461078781
2022-04-19,23940000.0,7.8,24.9,5.565650563674524,7.060546371744935,0.0,1.124033109141224,1.0614702302522874,0.8227991770070051
2022-04-20,24810000.0,7.7,24.9,5.496094703450747,6.102778317926207,0.0,1.032168045647481,0.9673967245468085,0.7892228807292667
2022-04-21,13960000.0,9.2,20.6,7.704070130635992,5.285682447012104,0.0,0.5063979067704352,0.4709966174835758,0.5087874806238487
2022-04-22,22040000.0,12.6,28.2,12.521700029045292,11.385467739770128,0.0,1.3068793626408373,1.2448325163443894,0.843789582639549
2022-04-23,19270000.0,10.6,26.6,11.026589585412413,4.911554300989163,0.0,0.7419272471539243,0.6893558001850774,0.6051437933659908
2022-04-24,23780000.0,14.6,28.8,12.996825952484532,7.365834938899654,0.0,0.9865576882002992,0.9181823440338585,0.7946892765137752
2022-04-25,17340000.0,16.0,29.4,13.069082333472657,5.809461851444222,3.9299999999999997,0.7709169188574732,0.720283765061747,0.7232367363182336
2022-04-26,8700000.0,11.2,24.1,12.846229447509788,6.279366802849035,0.11000000000000001,0.4466823263411806,0.42336224182579996,0.4386179634347177
2022-04-27,24750000.0,9.6,23.6,10.041538664708433,5.315612698693939,0.0,0.7230788290050446,0.65807539309742,0.5904269301587108
2022-04-28,22390000.0,10.1,24.0,10.223929294727007,8.404414672259337,0.78,0.8830028041491355,0.8236749588412922,0.6628478635189727
2022-04-29,11650000.0,7.9,14.9,8.612103549562264,6.204541173644447,0.21000000000000002,0.3800768501679231,0.352827963843024,0.32380525566245794
2022-04-30,15280000.0,7.0,17.7,9.262449929721054,7.192239479145011,0.0,0.46434875773356454,0.42777241845511355,0.38618612357170967
2022-05-01,24870000.0,7.5,19.6,6.1191220024620065,9.386126927423534,0.0,0.871755755682825,0.8105367086600175,0.6841177996578371
2022-05-02,22490000.0,4.9,18.6,7.597854369200004,5.100114886584726,0.03,0.5756739640652182,0.5226144420882088,0.4623951046171707
2022-05-03,26280000.0,8.5,21.8,6.182485572420269,6.8540276351402705,0.0,0.8852582044324764,0.8182589231756744,0.7179883813511728
2022-05-04,26000000.0,9.5,27.0,8.325399908140525,6.429018061258212,0.0,1.0693410916921569,0.9988623251935425,0.8092183789695557
2022-05-05,26280000.0,10.8,27.4,10.229766940234457,3.310285836010978,0.0,0.7588453818248938,0.6865027288861296,0.6366400338171533
2022-05-06,24990000.0,13.8,27.9,13.108973634534525,5.890273530985177,0.0,0.865545244942201,0.7946668645352498,0.7115927736833413
2022-05-07,20910000.0,11.4,24.9,9.741120422145586,8.497198452473025,0.0,0.9324413312151781,0.8758648807019167,0.7362261524445975
2022-05-08,18920000.0,11.4,22.4,9.632598511129608,6.6744461250492595,0.33,0.6591687115600942,0.6091821800332278,0.5953808474177622
2022-05-09,23850000.0,9.0,23.2,7.740526523236589,6.1716178967944275,0.0,0.8457169669218338,0.7837031647778291,0.6759722397872412
2022-05-10,25460000.0,12.6,24.6,7.899494785079308,5.773545549426019,0.12,0.7999667268944848,0.7305080325599315,0.7560714937136895
2022-05-11,21830000.0,15.7,27.7,11.438661815581769,3.7412814602294056,0.0,0.6529827699983272,0.5902143190667293,0.6521564517530185
2022-05-12,14240000.0,13.9,27.9,13.148971904536939,4.642182035852646,0.0,0.6115518920462029,0.5711303045383639,0.5721382792791128
2022-05-13,8340000.0,10.4,20.1,14.447281917406373,5.034268332884688,0.37000000000000005,0.24645625279386416,0.22514896150903,0.22820728919283623
2022-05-14,25220000.0,10.6,22.8,6.341524427472645,9.990718011396606,0.0,1.0643481269823458,0.9979788767295197,0.8581083317820397
2022-05-15,27340000.0,9.4,21.8,5.360936640840693,6.554725118321919,0.0,0.8718350759901906,0.8014727463327163,0.7630472901199756
2022-05-16,27010000.0,10.3,24.6,6.885725338359264,6.883957886822107,0.0,1.0452407240460906,0.9731164423049522,0.8160954005196194
2022-05-17,25530000.0,13.0,28.3,8.433142819540763,6.168624871626244,0.0,1.1107401594631108,1.038568480666442,0.8824646275667745
2022-05-18,23560000.0,15.9,29.7,7.604595270562907,9.544757261337262,0.0,1.4283929186332136,1.3594937171454595,1.1506070000038071
2022-05-19,18800000.0,15.0,28.4,6.728775391900107,8.22782618733651,0.0,1.1698773593123304,1.115821157868719,1.028974906145201
2022-05-20,23910000.0,14.5,28.8,11.57140332642217,5.270717321171187,0.0,0.897099401583368,0.8284045492906914,0.767825832473771
2022-05-21,25140000.0,15.0,29.0,14.075813060059572,9.080838360268812,0.0,1.1140231218861165,1.0413966672787334,0.8392144954878965
2022-05-22,26270000.0,15.0,30.5,15.092396408459866,8.434344923941172,0.0,1.1994174451456092,1.1226507501424499,0.8604464350903296
2022-05-23,25260000.0,16.8,32.5,13.712759522101267,6.749271754253848,0.0,1.218864943181281,1.1430030266106481,0.9521691112395196
2022-05-24,26820000.0,17.3,33.2,10.8162939043112,4.998352030866486,0.0,1.1641161681933352,1.082910270274286,0.9685016534149005
2022-05-25,24670000.0,14.9,31.8,12.736060868056008,8.8473823971505,0.68,1.4082647171007792,1.3355292471622195,1.0110486149574431
2022-05-26,26960000.0,15.2,27.9,9.16659267575642,9.763248098614657,0.0,1.2506313546399823,1.1732963657253759,1.0286805874016216
2022-05-27,25770000.0,15.4,27.5,11.380809532100251,10.828765058487992,0.0,1.1512512141848394,1.07744738115441,0.9412083857178823
2022-05-28,24300000.0,14.9,31.6,9.828148301036835,7.542423423822482,0.0,1.3860072089579583,1.3144675715350764,1.048138957267274
2022-05-29,25140000.0,19.4,32.5,10.986110031429618,5.41737555441218,0.020000000000000004,1.0224429737424923,0.9456186152596343,0.9826256391717358
2022-05-30,13240000.0,14.6,28.3,14.498778216391004,6.363171507558173,0.010000000000000002,0.6773272763399331,0.6394086597577487,0.6152372550735045
2022-05-31,27460000.0,15.1,30.1,8.342459177946667,6.449969237435495,0.0,1.2425069410731389,1.1624442129484363,1.0069021014543345
2022-06-01,27690000.0,15.4,33.2,8.889404394607656,6.297324953858136,0.0,1.3663259529541287,1.2835692251596744,1.100642222267807
2022-06-02,27500000.0,17.6,32.4,13.138052663004734,7.159316202294991,0.0,1.2735315610464133,1.190546638455205,1.0194493167086212
2022-06-03,26380000.0,16.9,33.9,14.064220397612985,6.479899489117331,0.0,1.2654940906933707,1.1854604035468965,0.9987592582320903
2022-06-04,19790000.0,17.3,30.7,14.823285872210201,7.701053757736209,0.010000000000000002,0.9755731281198953,0.9166765617129782,0.8458341181592864
2022-06-05,6060000.0,13.8,20.3,17.339166741582844,6.285352853185402,1.6300000000000001,0.2038852025691685,0.18782773304859995,0.17476863479167676
2022-06-06,13270000.0,12.5,22.0,15.13354260112157,5.192898666798415,0.36000000000000004,0.3850912315793951,0.34979250153525926,0.3331022281152754
2022-06-07,14650000.0,14.2,22.5,14.19609623501142,5.429347655084913,0.31000000000000005,0.4785854863398738,0.43880022098497073,0.42310347251162456
2022-06-08,15490000.0,14.8,23.2,14.227283211005346,3.8460373411158293,0.0,0.45880324539584166,0.4162387653688769,0.4211401210768958
2022-06-09,21160000.0,14.8,27.3,17.42755727519539,3.403069616224667,0.42000000000000004,0.5624825443586744,0.5022707291093933,0.48999998016309804
2022-06-10,23810000.0,17.3,30.0,18.727019040637604,3.9807234736840877,0.78,0.7030842565365348,0.6325778092258119,0.6136798539141575
2022-06-11,22090000.0,16.1,29.5,16.064019912474265,6.324262180371788,0.04000000000000001,0.8348131313285571,0.7702128188979761,0.7094328957285263
2022-06-12,21820000.0,16.9,29.6,15.478873856213829,6.3541924320536225,0.0,0.831598129209946,0.7673596564293994,0.7436780942633574
2022-06-13,20110000.0,16.7,26.3,14.706378783698858,10.945493040047149,0.13,0.9237169655325559,0.8660771229413881,0.7332928375039927
2022-06-14,13260000.0,15.3,21.0,14.949157003776689,7.29400233486325,2.0100000000000002,0.48083408900627217,0.4449563399003015,0.38872897500244424
2022-06-15,16200000.0,16.8,25.4,18.236166001798377,6.1297155444398586,0.27999999999999997,0.5317246863305853,0.48558935084271654,0.4487605756273396
2022-06-16,23010000.0,16.1,27.6,15.63927177113416,7.069525447249485,0.0,0.7888884179448282,0.7225708247435667,0.6811428494530677
2022-06-17,25260000.0,19.3,30.7,21.05995292032667,5.309626648357573,0.020000000000000004,0.7828506165825342,0.7066251931405736,0.6684360432935621
2022-06-18,25730000.0,20.5,32.7,20.87355786717832,6.671453099881076,0.0,0.9311435595981408,0.851861165030354,0.8164222458925746
2022-06-19,19180000.0,20.7,32.0,22.68054310786533,4.678098337870849,0.11000000000000001,0.6577393308028361,0.5988261266460277,0.6063952106322772
2022-06-20,25230000.0,22.0,34.1,22.698166229861844,3.0259484450335434,0.010000000000000002,0.7651935465587887,0.686069677637354,0.6886571265015444
2022-06-21,24350000.0,22.7,36.4,21.70689900602156,5.088142785911992,0.0,0.9926145248809183,0.9149404621224942,0.8871862249189192
2022-06-22,25830000.0,23.0,36.9,21.50428685216972,6.393101759240009,0.0,1.1603406278534423,1.0775874577524474,1.0068277886543833
2022-06-23,14820000.0,23.9,32.7,27.2696699518008,9.586659613691829,1.89,0.742850834267948,0.6962379352868633,0.6479851665526194
2022-06-24,20980000.0,22.3,30.7,23.521888159247748,11.065214046774491,0.0,0.9349049791698454,0.8703402681822837,0.7292203051572309
2022-06-25,21950000.0,21.9,33.2,24.503262820284487,5.662803618203228,0.020000000000000004,0.7763004676924357,0.707870811508644,0.6903474590592071
2022-06-26,16050000.0,23.4,31.3,27.30418133855033,6.186583022635345,1.9600000000000002,0.6050276900141233,0.5551121691984291,0.5195831035790974
2022-06-27,12910000.0,24.1,30.5,28.229182868670847,9.182601215987054,0.44000000000000006,0.5923846419101239,0.5522589112511523,0.4881545805087352
2022-06-28,20130000.0,24.9,34.2,26.86530298410645,11.544098073683854,0.04000000000000001,1.0429267543100893,0.9787140691631867,0.8677071427197148
2022-06-29,14700000.0,24.2,33.2,28.314614533910255,8.027293501068213,0.18000000000000002,0.6800354453127516,0.633586836335631,0.6094342229672851
2022-06-30,16820000.0,22.1,32.2,27.85454545152888,3.947800196834069,0.66,0.5414317166718449,0.48924891389252434,0.4715845434957383
2022-07-01,24060000.0,22.4,34.4,26.94029380672258,3.8340652404430946,0.04000000000000001,0.754553216128434,0.6787903437963508,0.6544751888275694
2022-07-02,24940000.0,22.7,36.3,22.898733595505472,4.366823720379762,0.0,0.9293355358790272,0.8498230010094827,0.8250469516342054
2022-07-03,25170000.0,23.7,36.9,26.072250824782408,4.1064305307477955,0.19,0.8989891633480138,0.8180493291820179,0.7907596213761714
2022-07-04,20150000.0,25.0,34.7,28.709070605674178,3.9058978444794996,1.36,0.6968237991749114,0.6323374460315663,0.6202493113468626
2022-07-05,19870000.0,25.4,34.4,28.92624331754849,3.872974567629481,0.54,0.6883727090207505,0.6247481708320259,0.6093898591015238
2022-07-06,14760000.0,25.1,31.7,29.638278665842137,5.605936140007742,0.68,0.5610067476378924,0.5145287760825494,0.4831019202656516
2022-07-07,21100000.0,25.9,36.6,27.366397950829548,8.347547194063848,0.16000000000000003,1.004343020461114,0.935822127542092,0.9253030753860181
2022-07-08,23700000.0,24.7,33.9,25.074468294193675,8.144021482627371,0.020000000000000004,0.996173795246871,0.9207809313786466,0.8613760130573507
2022-07-09,18570000.0,23.9,32.9,26.145304809273192,4.561370356311692,0.0,0.6640781027136634,0.6056027685820431,0.5999590950378931
2022-07-10,22050000.0,24.3,35.3,27.94603355187062,3.8610024669567466,2.4600000000000004,0.743658314891946,0.6731294655602822,0.664029112030096
2022-07-11,15460000.0,22.9,30.9,27.63743599369858,2.762562230233393,0.5900000000000001,0.471761232634979,0.42394527049023206,0.40740521460624446
2022-07-12,14460000.0,22.7,29.5,24.87005397272065,5.004338081202852,0.06,0.5233399863398935,0.47906654867380016,0.4642089102758482
2022-07-13,5880000.0,23.0,25.3,27.498150789110394,5.752594373248734,3.6799999999999997,0.21510039797244734,0.19756390317033173,0.17864298487891683
2022-07-14,15470000.0,21.6,29.9,26.145304809273192,7.895600393668138,0.04000000000000001,0.5818895059814666,0.5347382724379679,0.47313928461356836
2022-07-15,26010000.0,20.4,31.7,22.774671569715355,5.049233458725605,0.0,0.8003793978749414,0.720793607880322,0.6795717665947967
2022-07-16,22340000.0,21.5,29.6,24.352875785205462,5.471250007439483,0.18000000000000002,0.6938826165991214,0.6259709518629452,0.5570279594205138
2022-07-17,19930000.0,22.6,31.1,24.2343921861756,6.069855041076187,0.13,0.7192077593137822,0.6576048503282867,0.6211057210849333
2022-07-18,5760000.0,20.9,25.2,25.28680684953472,3.379125414879199,2.19,0.19134205077715244,0.17443449593272778,0.1758215337577247
2022-07-19,23610000.0,23.5,30.7,26.425885583126323,6.56370419382647,0.05,0.7891519246548595,0.7159485587094588,0.6182460202886586
2022-07-20,22190000.0,22.6,32.7,25.390323259202194,5.381459252393977,2.19,0.7564167445935538,0.6871558521522362,0.65578244869074
2022-07-21,9250000.0,22.1,27.0,25.481203665052192,7.82077476446355,0.5,0.3946239851104378,0.36688230192492055,0.3296606581931664
2022-07-22,22540000.0,21.6,29.1,24.92739776581078,4.84870077245731,0.27999999999999997,0.6616664643836505,0.593328368117727,0.520764645040334
2022-07-23,13180000.0,22.4,27.4,25.900286199507388,5.869322354807891,1.21,0.44669932179191674,0.4069808798131961,0.36083944222109093
2022-07-24,17170000.0,23.4,29.9,27.79837514375249,4.731972790898152,0.19,0.548405500925138,0.49546598930471164,0.4463240036860535
2022-07-25,23700000.0,24.0,32.4,27.125137725609306,3.8340652404430946,0.04000000000000001,0.7318041126393611,0.6573478923280817,0.6116923811770028
2022-07-26,21260000.0,21.7,32.4,25.82125268637102,4.070514228729594,0.010000000000000002,0.6591440065746266,0.5932673799709388,0.5702792487366892
2022-07-27,17410000.0,22.0,30.8,24.421702727878927,5.746608322912367,0.010000000000000002,0.6274637133724743,0.5739532532644801,0.5534639556810257
2022-07-28,16800000.0,23.8,31.8,29.130230003400165,5.498187233953134,0.35000000000000003,0.5846975837698862,0.5321664336106624,0.49083551122091895
2022-07-29,21560000.0,23.7,33.9,28.34314186421814,5.136031188602928,0.0,0.7365537175293919,0.6683516326917556,0.6339059011741298
2022-07-30,15170000.0,25.5,31.8,29.660542018616084,6.183589997467161,2.45,0.5942355300748107,0.5463291531332637,0.510081388597747
2022-07-31,6040000.0,24.8,28.4,30.532658788862584,8.512163578313944,2.79,0.29814848544479733,0.2795373053752509,0.25372012530175103
2022-08-01,13980000.0,25.6,31.3,30.692910492258218,9.865010954332897,0.79,0.6323810993688169,0.5883338753902548,0.5009059970382613
2022-08-02,17050000.0,24.6,32.5,30.15404145153908,7.458618719113343,0.26,0.6604497177720933,0.6066679448129929,0.544169594443309
2022-08-03,23250000.0,24.8,33.2,29.876507844965744,7.4107303164224065,0.05,0.8362006584482222,0.7624863260454956,0.6608050124955909
2022-08-04,24280000.0,25.3,34.0,29.159473192767365,6.566697218994654,0.0,0.876086603102227,0.7985512318779572,0.723165924513454
2022-08-05,23180000.0,26.0,33.7,30.876953190956005,7.398758215749672,0.04000000000000001,0.8612940348348085,0.7871107263552679,0.6861517491096595
2022-08-06,22380000.0,26.4,34.5,30.411052601591933,5.396424378234895,0.020000000000000004,0.8040466295972564,0.7319649621866753,0.6824220353295285
2022-08-07,19170000.0,26.5,35.0,31.139327762005237,6.165631846458061,0.25,0.7589060381281743,0.6969699663702296,0.665219434166591
2022-08-08,15890000.0,26.4,33.7,28.97712276000072,10.870667410842561,0.11000000000000001,0.8744071365807535,0.823444792492217,0.7486855064067359
2022-08-09,10850000.0,25.6,31.7,29.18142239376195,10.203222798337634,0.76,0.6276798008061789,0.5934158463028313,0.5485054823825333
2022-08-10,5450000.0,25.1,28.3,30.677616882824093,6.00400848737615,3.0300000000000002,0.2475000642234105,0.2306857885830357,0.22630400644456466
2022-08-11,4420000.0,23.4,26.5,29.218036436155273,6.770222930431132,4.5600000000000005,0.17776850671329705,0.16443960825912346,0.1578353183887437
2022-08-12,25290000.0,22.3,33.1,26.641423215403673,3.723323309220304,0.0,0.7406825087487119,0.6616985007644465,0.6223562668819811
2022-08-13,12500000.0,24.1,31.1,30.191717955584497,2.8254157587652475,0.8400000000000001,0.3929810233205881,0.35398856415148733,0.34143641621698634
2022-08-14,12540000.0,24.9,30.6,31.732853375378866,4.004667675029556,0.37000000000000005,0.40530909255038916,0.366121658832812,0.3348524282592114
2022-08-15,18570000.0,25.2,33.2,28.918981194190437,12.456970749979828,3.14,0.931549772274942,0.8725416527651934,0.7330894266278216
2022-08-16,16040000.0,22.8,30.2,26.79728777050537,5.225821943648434,0.1,0.5364950732782728,0.4871329205499368,0.45555798944929504
2022-08-17,15570000.0,20.7,28.5,25.84757374774289,3.8699815424612973,0.49000000000000005,0.4391210069356539,0.39239273392332896,0.3611699161493467
2022-08-18,21770000.0,20.6,30.7,23.28048047609646,4.0196328008704745,0.0,0.6346836280792163,0.5684174782613691,0.5503925945984139
2022-08-19,14030000.0,25.1,31.5,29.028080287735847,8.50917055314576,0.4,0.6266865567250697,0.5825584209150415,0.5315442236244673
2022-08-20,18630000.0,22.6,31.9,27.602557070491372,5.165961440284764,0.12,0.6072956357539279,0.5494267543459839,0.5162370656531187
2022-08-21,23300000.0,19.0,30.8,23.148632002677253,3.9268490206567837,0.0,0.637119579845175,0.5669041247538098,0.5448240838265221
2022-08-22,20600000.0,24.3,32.3,26.58739536877839,4.690070438543582,0.1,0.6857455400172954,0.6209529813796204,0.5976104856512747
2022-08-23,11370000.0,22.2,28.7,27.875634848941175,5.130045138266561,1.05,0.36796332167125423,0.33344522069645693,0.30782540618623977
2022-08-24,9750000.0,18.6,25.5,20.683190546202095,5.01032413153922,0.15000000000000002,0.3452415333641033,0.31705304574484255,0.3213574174560967
2022-08-25,14940000.0,17.7,28.2,20.020920480673205,5.27371034633937,0.04000000000000001,0.4936729628498605,0.44988412762778385,0.4606938700825333
2022-08-26,20180000.0,19.7,28.3,20.317674520668636,5.809461851444222,0.0,0.6419010253308652,0.5818437888431651,0.55598032557153
2022-08-27,22030000.0,13.6,25.6,15.166530416876885,5.204870767471149,0.0,0.5827939450734108,0.5216156465373464,0.5151156818341779
2022-08-28,23040000.0,16.8,26.9,16.94398037809533,4.2411166633160535,0.0,0.6082759878157052,0.5418719309987967,0.5384898477748615
2022-08-29,4760000.0,18.0,21.4,20.020920480673205,2.7505901295606594,0.47000000000000003,0.15321634773794512,0.1399746912386782,0.15350601228459912
2022-08-30,4670000.0,18.7,22.5,22.946150556824367,4.22914456264332,4.470000000000001,0.1359159582097438,0.12272510326322986,0.12106548575120826
2022-08-31,7190000.0,16.7,23.9,21.87132715875095,2.7416110540561083,0.52,0.18386607104878272,0.16365878066944606,0.1682758238898508
2022-09-01,13760000.0,16.0,26.6,20.521229974519652,3.9867095240204544,0.0,0.36847630042689283,0.3291629991501209,0.33288317748156704
2022-09-02,13310000.0,19.4,25.6,20.403165590656883,9.131719788127933,0.09000000000000001,0.5402778314018224,0.5015298714401737,0.43866028886915254
2022-09-03,10810000.0,19.6,24.8,21.24225730296069,8.212861061495591,0.19,0.4250765494847573,0.39375083541813205,0.3501568778632207
2022-09-04,8610000.0,21.2,28.5,26.824475788069215,3.8669885172931133,0.76,0.279100073017762,0.253171174889404,0.25764515981188363
2022-09-05,3300000.0,18.9,26.2,25.157930071713075,11.65783303007483,7.490000000000001,0.18349153175629745,0.17387729885188485,0.17792285502073185
2022-09-06,17300000.0,16.0,25.9,17.039743243229715,9.374154826750798,0.6400000000000001,0.6446884838558086,0.5955406347985345,0.5346579761938703
2022-09-07,22690000.0,14.6,27.0,16.190342262420128,4.549398255638957,0.0,0.5878272066116583,0.523525075817633,0.5248053994210536
2022-09-08,22970000.0,16.9,27.6,18.717089670619092,3.1636276027699854,0.0,0.5466585817412732,0.48004377376233276,0.4805936829336116
2022-09-09,21370000.0,16.7,27.1,18.294466689060926,4.486544727107104,0.0,0.5564647820977717,0.49482564033722315,0.4909721121827735
2022-09-10,14660000.0,17.7,25.4,18.309067357082295,4.085479354570511,0.04000000000000001,0.42115873079412147,0.3791063963175586,0.38931802794762616
2022-09-11,16090000.0,18.3,25.6,22.082696316638383,3.9238559954886005,0.11000000000000001,0.3973562987691966,0.35091041309981225,0.32441887564657074
2022-09-12,9310000.0,19.0,24.8,22.394388106895224,2.3704759332013516,0.19,0.24300405028655803,0.21615049812040424,0.22091993002822666
2022-09-13,11270000.0,19.9,27.7,18.771758340965388,6.165631846458061,0.010000000000000002,0.5052565423651909,0.4718116572577589,0.5063544078839811
2022-09-14,17170000.0,19.7,27.7,19.650139728507668,9.308308273050763,0.0,0.6968677055779514,0.6459870646195756,0.589441019537238
2022-09-15,17770000.0,18.7,29.2,20.26972375324252,7.2850232593587,0.0,0.6273164608415103,0.5744691261795833,0.5682876192185584
2022-09-16,12600000.0,21.2,29.1,25.631124284939574,4.731972790898152,0.05,0.3992454265053637,0.36114617285833706,0.35762517712395814
2022-09-17,17910000.0,22.2,31.3,26.715868062785272,3.004997268856259,0.36000000000000004,0.4980157603325054,0.44272550001112865,0.4340214294072256
2022-09-18,16120000.000000002,24.6,31.1,24.92102053231713,10.22417397451492,0.0,0.7969394773782034,0.7465046661115331,0.6869905846836375
2022-09-19,15860000.0,13.7,29.0,16.024992647916154,8.398428621922971,0.010000000000000002,0.8039156731407008,0.7585661352203033,0.6284276099901447
2022-09-20,14640000.0,11.6,21.7,13.247604529310014,5.097121861416543,0.0,0.3852424272113751,0.346753746707473,0.3613714071178519
2022-09-21,20530000.0,11.5,23.0,12.839096603883766,4.687077413375399,0.0,0.47233338837681227,0.4177227683462087,0.4372316039300211
2022-09-22,18550000.0,13.3,23.2,15.228552724200725,2.3435387066876996,0.0,0.36822656258164027,0.3179426734066673,0.3361176633160812
2022-09-23,17410000.0,11.6,25.2,12.20099087701372,7.8267608147999175,0.03,0.6920307646271958,0.644706714513066,0.5848716568730605
2022-09-24,20090000.0,13.9,22.6,12.014742792459968,4.90856127582098,0.0,0.513147107646056,0.4586887069169344,0.48469578606653113
2022-09-25,13820000.0,14.0,23.4,14.875956803635127,2.4213573610604717,0.0,0.31399205485488607,0.2762206209847838,0.31014032184666146
2022-09-26,8720000.0,14.5,22.7,14.180525274203303,2.442308537237756,0.0,0.25301877107422593,0.22922930467213223,0.2734428588135932
2022-09-27,19340000.0,14.3,25.9,16.610281271277255,3.666455831024818,0.0,0.4374002443886103,0.3832291239180787,0.4101375605349988
2022-09-28,13030000.0,12.2,24.7,15.059550191157202,3.0947880239017644,0.0,0.31973714380543433,0.2842864159142481,0.3256649177947367
2022-09-29,19490000.0,12.0,26.7,15.117072323391357,3.2893346598336937,0.0,0.46847105877219636,0.41458224823333467,0.4229446955580228
2022-09-30,19340000.0,10.8,28.1,14.05649661553512,2.6218900473287676,0.0,0.46879980622176765,0.4152319509968702,0.4318910549235332
2022-10-01,17770000.0,15.4,29.2,13.975621559708687,2.6727714751878873,0.0,0.47703570922856836,0.425461694010171,0.47634819942260653
2022-10-02,12320000.0,18.3,27.5,17.46022164676083,4.827749596280026,0.31000000000000005,0.4398823493997808,0.40379960006832,0.46232999655410206
2022-10-03,11110000.0,21.8,29.1,23.23845763821193,8.191909885318307,1.8100000000000003,0.5197780473470686,0.486049278496585,0.4890507341027791
2022-10-04,7630000.0,14.4,23.7,17.297434905221074,6.039924789394353,1.69,0.27990890855372,0.25892398138227773,0.2859644616236288
2022-10-05,7890000.0,14.0,18.5,14.079679145462508,4.809791445270924,0.09000000000000001,0.24545863044339228,0.22488099629816732,0.2382663940962814
2022-10-06,12320000.0,14.1,20.6,14.799031482532037,4.38178884622068,0.06,0.30294113600983597,0.2701062809779003,0.2848741401564113
2022-10-07,11850000.0,9.5,18.5,12.018106674721391,5.968092185357948,0.020000000000000004,0.2969214467993795,0.2674554694882575,0.2748913094211774
2022-10-08,14460000.0,11.0,19.4,11.142520002759918,5.2976545476848385,0.0,0.3678606135332274,0.3309567120958753,0.3550453829562732
2022-10-09,4460000.0,9.8,14.9,12.814159058167135,6.548739067985552,0.66,0.13637177859266597,0.12569570050484585,0.12274755084137454
2022-10-10,16110000.0,8.2,14.2,8.554574939144826,13.28903174673485,0.020000000000000004,0.560460287118407,0.5229672989522254,0.36557987708768735
2022-10-11,17630000.0,4.1,15.9,8.848213090653601,5.755587398416918,0.0,0.30834345552892944,0.2685592551408471,0.2810434558611438
2022-10-12,16469999.999999998,8.6,20.8,11.834318320195635,4.022625826038658,0.0,0.3164184004025922,0.2748311557107263,0.3159354306703214
2022-10-13,16100000.000000002,9.8,21.1,12.338034028529265,3.974737423347721,0.0,0.31596374315457804,0.2746579567250492,0.3178296526124648
2022-10-14,15080000.0,12.2,20.5,14.207784307891547,2.7805203812424946,0.0,0.26818724128241417,0.22877837688620847,0.2560674372886023
2022-10-15,15890000.0,15.1,22.6,15.968766796145404,2.624883072496951,0.0,0.30460526378642616,0.2610587369568328,0.2903745524728808
2022-10-16,13180000.0,12.5,23.9,13.86460899316837,5.01032413153922,0.0,0.3588749746326322,0.32318065026577847,0.38235601541208863
2022-10-17,16230000.0,4.4,15.2,5.392373471610833,10.107445992955762,0.0,0.577191315213276,0.5407596713853609,0.47934723636639254
2022-10-18,16950000.0,3.4,14.0,5.656717810081533,6.584655370003754,0.0,0.3879033393209809,0.3509759309498417,0.3690905531855246
2022-10-19,16750000.0,3.2,15.1,6.486568103438543,5.74960134808055,0.0,0.33813638276581776,0.3011897526872088,0.33979512075381396
2022-10-20,16520000.0,5.1,19.6,8.063703962399984,3.9268490206567837,0.0,0.36476484541077075,0.325220269175168,0.3545540440949634
2022-10-21,11720000.0,8.9,19.8,10.073176601589239,4.53443312979804,0.0,0.29817681596812723,0.26880793469941416,0.3318558369178396
2022-10-22,14260000.0,11.2,20.0,10.788726916564494,5.842385128294239,0.04000000000000001,0.3776145377803162,0.34091494667148,0.3835065279074617
2022-10-23,14720000.0,6.2,19.1,8.099280923789077,6.9079020881675754,0.0,0.4440179663303173,0.40853036626968564,0.4219760423924865
2022-10-24,14560000.0,3.9,14.8,7.094379008924567,6.665467049544709,0.0,0.3275947389174582,0.2953037405076743,0.3188294520081109
2022-10-25,14220000.0,5.8,15.9,7.239434221657127,4.387774896557047,0.0,0.2844584787011831,0.2516553205773339,0.3120760896088524
2022-10-26,14320000.0,5.9,17.5,9.254428219654715,2.9271786144834873,0.0,0.21613914444936477,0.182396089016036,0.2434010042959339
2022-10-27,14710000.0,6.7,20.2,10.012852884940617,4.537426154966223,0.0,0.3182339370617805,0.2821066032249603,0.32504278443135187
2022-10-28,14520000.0,8.0,19.5,11.558393550367972,3.60958835282933,0.010000000000000002,0.23413002548988615,0.19822627767836543,0.25334793208101647
2022-10-29,13640000.0,8.6,19.1,11.351980051506429,3.621560453502065,0.0,0.23180816184199687,0.19800460380154394,0.2525974360914904
2022-10-30,12320000.0,7.8,18.9,11.432221032571253,4.274039940166073,0.0,0.2227052521262188,0.19251670873400734,0.2438392553135787
2022-10-31,9670000.0,5.5,17.2,10.174427633710046,3.3521881883655475,0.010000000000000002,0.16650828217092387,0.14391866200967426,0.19747847110868566
2022-11-01,13250000.0,4.7,20.1,9.972814057588762,5.198884717134782,0.0,0.3305318062867603,0.2987769008811339,0.30935941155685553
2022-11-02,14410000.0,4.7,19.6,6.797683925209208,3.807128013929443,0.0,0.3540361887961988,0.319707469493563,0.3612387912879934
2022-11-03,9810000.0,1.7,16.4,5.64979910820888,7.4107303164224065,0.0,0.4920759230726063,0.4704964041362393,0.4015990301696995
2022-11-04,14530000.0,0.4,10.0,3.161463463491795,8.554065930668513,0.0,0.43311675969377317,0.4045980171094257,0.38495104508291866
2022-11-05,14220000.0,-0.1,12.5,4.280222800671646,5.9441479840124805,0.0,0.32269413291011667,0.2938967751929409,0.33106705603806347
2022-11-06,13440000.0,0.5,15.6,7.033302147136832,2.8912623124652845,0.0,0.20008972138648268,0.17134016609495006,0.2168159817033526
2022-11-07,12620000.0,4.1,16.9,6.354939457935615,3.540748773961109,0.0,0.2479424110595989,0.21909010033396528,0.2993821846374941
2022-11-08,12950000.0,3.5,18.1,8.340020253238247,3.2324671816382065,0.0,0.22709717030082407,0.1972616997750314,0.24929882932981967
2022-11-09,12520000.0,4.1,18.2,8.642253692679859,3.783183812583975,0.0,0.2372957184413162,0.20819431580246367,0.26095098079909634
2022-11-10,12640000.0,7.0,19.7,9.738324410942285,3.875967592797664,0.0,0.23935707440215537,0.20838441299975657,0.2848616255346804
2022-11-11,12250000.0,7.9,20.1,11.278596448520005,3.540748773961109,0.0,0.20206581923465156,0.17160520977800642,0.24640417025144198
2022-11-12,10610000.0,10.3,22.3,15.141783645120988,7.6441862795407225,1.6,0.24637168249080724,0.21867221788467503,0.2640316171864863
2022-11-13,8150000.0,8.8,14.5,10.047284498594117,5.459277906766749,0.08000000000000002,0.19547833806390208,0.17629759691990848,0.20630385812577062
2022-11-14,2990000.0,3.1,12.9,7.997662381055028,5.100114886584726,0.0,0.14251670438360725,0.1361299078957756,0.1716498433566878
2022-11-15,8730000.0,5.2,13.3,8.02826495420987,6.264401677008117,0.06,0.21490827612801428,0.1955994127687437,0.22640104290891294
2022-11-16,10930000.0,3.2,13.8,6.574994688168339,5.381459252393977,0.0,0.2275736480365827,0.2038939526359597,0.2654717559495318
2022-11-17,11970000.0,3.9,15.3,7.1601856220956925,2.939150715156221,0.0,0.16011751380413838,0.13339130458298729,0.21711770577293305
2022-11-18,11740000.0,3.5,17.1,7.349938053211951,3.4359928930746864,0.0,0.20953083797847194,0.18282918123478523,0.2533873458972546
2022-11-19,10770000.0,7.2,16.8,10.03005567860972,3.456944069251971,0.03,0.1589633982620623,0.13339901820500472,0.1995619873259023
2022-11-20,10850000.0,5.0,17.5,9.54160573050955,2.2956503039967635,0.0,0.1300857894752709,0.10480282260989837,0.17476031269568174
2022-11-21,10320000.0,7.4,19.3,9.12691092820154,3.247432307479124,0.0,0.1878899616365419,0.16260215580800114,0.26001684197488023
2022-11-22,5190000.0,8.8,15.1,11.085988131651256,3.7861768377521585,0.27999999999999997,0.12180704281719146,0.1095026549458052,0.1478576577507162
2022-11-23,9660000.0,5.4,16.9,7.929765739466704,6.710362427067462,0.0,0.2793829037167013,0.25692926557841733,0.32266410103655513
2022-11-24,8610000.0,1.2,15.7,6.500253936319515,2.870311136288,0.0,0.1752887802503237,0.1566614659222602,0.21307758167588114
2022-11-25,10150000.0,4.1,17.3,7.60909213711459,4.642182035852646,0.0,0.23778892628820544,0.21446402408101167,0.2833306522033143
2022-11-26,11280000.0,-1.6,13.8,4.009626439438736,7.006671918717631,0.0,0.4572121418449517,0.4344387944788215,0.3664537490920666
2022-11-27,11020000.0,1.5,12.6,4.0868292661923515,3.615574403165698,0.0,0.18881733903739817,0.1659204718134557,0.266849976568165
2022-11-28,4240000.0,5.0,13.7,10.261926488973785,3.9717443981795366,1.7100000000000002,0.08000799555199764,0.07060457293815946,0.10609126484268198
2022-11-29,3300000.0,-6.9,14.9,3.4639151017254557,12.78021746814365,0.0,0.7923949362137841,0.7861666112505347,0.4749273274746456
2022-11-30,10740000.0,-6.2,-1.4,1.5541973689315836,10.077515741273928,0.0,0.31167076058106263,0.29665672528492815,0.2246220112515806
2022-12-01,10990000.0,-5.7,0.7,2.099196083406539,7.401751240917856,0.0,0.22473112173341345,0.20848703624066744,0.2025272332298956
2022-12-02,11130000.0,-4.0,3.6,3.074718784447794,3.7682186867430576,0.0,0.12188753922148751,0.10383470809943134,0.15636795279940222
2022-12-03,6170000.0,-4.2,8.6,4.03393284610777,6.387115708903642,0.0,0.21551743085716887,0.20457390531579883,0.22194766910042268
2022-12-04,6620000.0,-4.0,1.5,1.6733679723917299,8.488219376968477,0.0,0.3225688035518402,0.31226792353302274,0.2643554204879896
2022-12-05,8840000.0,-3.9,3.1,2.0784737724028193,7.096462673763137,0.0,0.2616421447219929,0.24741501671299088,0.2477491654518959
2022-12-06,7490000.0,-1.8,6.2,4.759396770500207,7.4107303164224065,0.0,0.1726033176938965,0.15931855168014258,0.169505930322426
2022-12-07,7960000.0,-1.1,8.5,5.056944308209558,8.242791313177426,0.0,0.21524356110939627,0.20037061931440822,0.2104549947971012
2022-12-08,10470000.0,-1.6,9.8,4.205105906008836,3.974737423347721,0.0,0.14722652170869105,0.1273997981945276,0.20816424775520853
2022-12-09,8140000.000000001,-2.8,10.2,5.1805002102746265,3.8131140642658106,0.0,0.1253545617396196,0.11014529714022223,0.16644262788108466
2022-12-10,7590000.0,-1.3,9.1,3.6650060632898898,4.606265733834444,0.05,0.18727154463081505,0.1729942239029782,0.23725716880336778
2022-12-11,10560000.0,-3.2,8.9,3.592607829119128,4.9295124519982645,0.0,0.17644493455098936,0.15728086336652253,0.22940696932485544
2022-12-12,6170000.0,0.1,8.4,4.808633417618042,5.396424378234895,0.0,0.1754740448697899,0.1637318394356472,0.2019216639862595
2022-12-13,8029999.999999999,-9.7,5.8,3.0929096474786686,13.788866949821497,0.11000000000000001,0.44428945221505156,0.43214583797130296,0.22802852457344258
2022-12-14,10800000.0,-8.0,-3.7,1.987803003345177,8.359519294736584,0.0,0.17634736703088993,0.16258594506280308,0.14226951480936595
2022-12-15,6480000.0,-7.2,4.7,3.0686763258658236,8.494205427304843,0.06,0.21241333200194418,0.20233029536721045,0.20029829814820288
2022-12-16,8470000.0,-6.3,0.6,1.3856527874074729,8.1021191302728,0.0,0.2846545488592188,0.27231882817723646,0.24416157220610035
2022-12-17,7610000.0,-10.0,-0.9,1.6350647237618674,9.371161801582616,0.010000000000000002,0.24215470956701052,0.2322764504220849,0.19004312348026797
2022-12-18,10770000.0,-8.7,-4.4,1.5580442667873362,8.778542818282277,0.0,0.20521350391065277,0.1919358870376499,0.15916789906441586
2022-12-19,10570000.0,-6.9,0.0,2.419026824836927,5.315612698693939,0.0,0.13097949042388674,0.11597625185668645,0.145172692148614
2022-12-20,10300000.0,-3.7,3.5,3.3425874005547027,3.385111465215566,0.18000000000000002,0.09814488518785303,0.08137341168411208,0.1361868422094486
2022-12-21,2620000.0,-7.8,1.8,4.363398005926483,6.231478400158098,0.42000000000000004,0.04986367227784005,0.04607218179009625,0.0607194990714662
2022-12-22,10420000.0,-11.5,-4.2,1.6993462596039746,14.019329887771628,0.0,0.254618573052699,0.24255857254110658,0.14654527252904628
2022-12-23,9870000.0,-12.3,-6.0,1.6088332075827914,13.935525183062492,0.0,0.2251830683296025,0.21448451994452275,0.12599667991608154
2022-12-24,10530000.0,-11.2,0.2,2.011860788010399,7.6830956067271075,0.0,0.16835722859511737,0.15472011445659128,0.16245612372029505
2022-12-25,10720000.0,-6.0,0.7,2.86183475795485,7.171288302967724,0.0,0.15813215404642472,0.1423868355575977,0.15104847972230223
2022-12-26,8550000.0,-5.3,2.8,2.469987020149343,6.303311004194503,0.0,0.1943024786875765,0.18099847201674732,0.19976907257054233
2022-12-27,10670000.0,-3.9,4.1,3.203031637420731,6.545746042817368,0.0,0.18273692054791174,0.1652284328396269,0.19191920292814685
2022-12-28,9670000.0,-5.4,1.9,2.87605127658997,9.113761637118833,0.0,0.22195203269835337,0.20720764180696843,0.1846753311742948
2022-12-29,10470000.0,-3.3,1.5,2.8998850393204685,7.066532422081302,0.0,0.19280958287931796,0.1762882051254156,0.18277146511596007
2022-12-30,9610000.0,-5.1,3.7,3.2082616487995432,7.0395951955676495,0.0,0.1800173470097713,0.16473230191424704,0.18087508176497358
2022-12-31,9050000.0,-2.7,4.2,3.719554634521753,8.11109820577735,0.0,0.2088559426451233,0.1936343205184673,0.18988928204159844
2023-01-01,10510000.0,-6.3,5.5,2.256359834642392,9.251440794855275,0.0,0.3111303628987665,0.2942155308428151,0.2781457179934269
2023-01-02,11010000.0,-6.6,1.0,1.8993609808487966,9.365175751246248,0.0,0.28018606653247596,0.2641170397355884,0.22520419789145013
2023-01-03,11120000.0,-4.7,1.7,1.9714547635858297,7.704046782904392,0.0,0.25701764421076173,0.23988865811388668,0.23303159990421735
2023-01-04,10650000.0,-4.5,4.5,2.9646276523068793,6.267394702176301,0.0,0.19076374013663389,0.17335522934003822,0.20408119030316368
2023-01-05,10190000.0,-4.2,6.6,3.76757255583749,4.956449678511916,0.0,0.14498619318398093,0.1275572443455339,0.18128928681197265
2023-01-06,10890000.0,-2.7,7.6,4.6360765384672895,4.477565651602553,0.11000000000000001,0.12335163762587968,0.10386416415100048,0.1620129755453867
2023-01-07,9050000.0,-3.5,5.6,4.450801126984271,8.69473811357314,0.0,0.18253238711756364,0.16713913906546476,0.16749564855323237
2023-01-08,10920000.0,-2.7,8.5,3.9199428455741643,4.23812363814787,0.010000000000000002,0.1500580423700691,0.13020613434122913,0.20135659332135297
2023-01-09,5250000.0,-5.2,8.7,4.7445650092206515,5.7555873984169175,0.010000000000000002,0.16682392095986204,0.1576616583190701,0.1724556658005517
2023-01-10,11220000.0,-2.8,8.1,4.301902118538827,3.6484976800157165,0.0,0.12175860823622872,0.10153867253499682,0.16939478299968883
2023-01-11,11250000.0,-3.7,10.8,3.5271711481994084,4.348865569370662,0.0,0.23667714823006464,0.2157634359528992,0.2507063403993869
2023-01-12,11210000.0,-0.3,12.2,4.861346623922624,3.7472675105657727,1.37,0.1686777845749227,0.14615040312271893,0.22734518830126776
2023-01-13,2330000.0,6.8,12.4,12.088939801235682,3.379125414879199,0.97,0.02940503479964482,0.0242026899804901,0.036959455180033844
2023-01-14,1730000.0,4.6,10.0,8.438069310396516,5.459277906766749,0.45999999999999996,0.09142484979420043,0.08780369446940325,0.1142500871874688
2023-01-15,2590000.0,-5.8,4.1,4.375790268767577,9.939836583537485,0.24,0.14706747281707,0.1429723919057656,0.1254458448233909
2023-01-16,12030000.0,-5.5,0.8,2.388257736049337,8.206875011159223,0.0,0.23488673754691242,0.2169934297522674,0.1964847493392094
2023-01-17,9770000.0,-3.7,2.8,2.9891124978173256,6.686418225721994,0.0,0.204459587156213,0.18876645648253457,0.19325322383191523
2023-01-18,11490000.0,-5.0,4.6,2.6550713362302387,6.333241255876338,0.0,0.21865295123757292,0.2000162010495742,0.22381833076185945
2023-01-19,11940000.0,-1.7,5.2,3.6146582744319735,7.108434774435871,0.0,0.232282695073386,0.21144509203889922,0.21960759618582362
2023-01-20,12540000.0,-6.9,1.3,2.0298999053538735,10.780876655797055,0.0,0.3233821381568557,0.3050800858377849,0.2313199135116068
2023-01-21,12650000.0,-5.4,1.7,1.9912240553635159,4.420698173407065,0.0,0.16968665334587837,0.15047742628698857,0.19070809931736638
2023-01-22,7150000.0,-3.8,4.9,2.6515347465337933,2.681750550692438,0.0,0.12932318206748955,0.11738760481696738,0.1668228379329914
2023-01-23,11810000.0,-13.7,7.3,2.932580687772359,11.478251519983816,0.0,0.36658342512428965,0.3496384505313882,0.24388041803756016
2023-01-24,13260000.0,-15.0,-10.0,0.6988173798524209,15.084846847644965,0.0,0.3030630511529755,0.29105858976639143,0.14466263426366116
2023-01-25,13270000.0,-14.6,-4.3,0.6826129755578977,5.315612698693939,0.010000000000000002,0.1635741290961003,0.14941100166114823,0.1617917926268905
2023-01-26,5730000.0,-7.5,0.8,2.684408677593867,5.05222648389379,0.13999999999999999,0.13612736401862008,0.1279588778721662,0.13982138595014643
2023-01-27,13450000.0,-9.3,-2.2,1.2771746399587307,12.507852177838949,0.0,0.3689110538545139,0.35169295871800554,0.22236105150907495
2023-01-28,12670000.0,-8.3,0.2,2.1266279952230067,7.853698041313567,0.0,0.2220674100473261,0.20454886747163678,0.18380421488015847
2023-01-29,9210000.0,-4.1,4.6,3.183226600979168,9.598631714364563,0.0,0.2966594414002798,0.28145952269449426,0.23280846781906034
2023-01-30,13500000.0,-5.9,3.4,2.632158301798476,6.288345878353585,0.0,0.21619621201956085,0.195189885697199,0.20679925744557445
2023-01-31,13370000.0,-2.3,10.6,4.276168728771634,5.911224707162461,0.0,0.26996600236850915,0.24460554323736766,0.27011641245436385
2023-02-01,12700000.0,-4.7,7.8,3.325257849309974,10.346888006410445,0.0,0.38057266469545437,0.3585694294967518,0.2905524241156716
2023-02-02,11240000.0,-3.0,4.8,2.2502440535454693,5.165961440284764,0.0,0.24281045767677673,0.2237988084973938,0.2521834282615876
2023-02-03,10760000.0,-4.3,5.4,2.1543788039602743,6.701383351562912,0.0,0.29566441473835325,0.27770262295994513,0.28048426793604503
2023-02-04,14010000.0,-4.9,5.5,3.0286622248881403,6.707369401899279,0.0,0.24807161002856434,0.22490570110893002,0.2332716284138529
2023-02-05,14130000.0,-5.3,7.9,3.759129922675747,4.351858594538845,0.0,0.19816929416361478,0.17391200620074482,0.20481938254984083
2023-02-06,13510000.0,-2.8,11.3,2.9802773266657243,2.846366934942532,0.0,0.2291524863766099,0.20344143363507539,0.25380991523902363
2023-02-07,12070000.0,-2.7,11.4,3.7869332141184704,4.082486329402328,0.0,0.26579095708294476,0.24274444681022742,0.26859015003099057
2023-02-08,14630000.0,-3.9,8.8,3.707635344335396,5.647838492362311,0.0,0.26021602702978824,0.23403588589686972,0.25415704859630106
2023-02-09,11150000.0,-0.8,10.3,5.447362213800909,5.7555873984169175,0.91,0.21555546416022264,0.19398535043495474,0.222651978794508
2023-02-10,7740000.0,-3.6,9.8,5.81615675964042,5.381459252393977,0.03,0.15732141746592979,0.14315272603806567,0.16135143434214777
2023-02-11,10940000.0,-4.2,9.4,5.135842728474958,3.1366903762563334,0.0,0.14676028934162993,0.12707954516515532,0.16029515837519134
2023-02-12,10980000.0,2.0,11.2,5.238421910261955,4.268053889829706,0.0,0.22761456984977363,0.20510616673580775,0.250837952123704
2023-02-13,7320000.0,2.6,9.8,6.430140555005693,5.267724296003003,0.06999999999999999,0.19040782557387678,0.1755838692806471,0.192053501326289
2023-02-14,13260000.0,0.9,8.6,4.439616993388844,6.135701594776225,0.010000000000000002,0.2852277880480852,0.2595757962994706,0.26755006231063294
2023-02-15,6180000.0,-0.8,4.7,5.159723808310081,5.067191609734707,0.020000000000000004,0.1362293407407205,0.12536583830387282,0.12924769366164712
2023-02-16,6700000.0,-2.2,6.8,4.989952012634783,5.863336304471525,0.010000000000000002,0.16862133872613883,0.15669537926942229,0.16355317529276878
2023-02-17,13910000.0,2.5,11.4,4.789183562900503,2.511148116105977,0.0,0.20385923332916517,0.17504347362676614,0.2345685360956986
2023-02-18,3460000.0,4.2,9.0,6.326223620625941,5.097121861416543,0.03,0.18601617452822952,0.17892336261799985,0.19158848724100444
2023-02-19,10890000.0,-2.2,7.2,3.865261602128651,11.630895803561176,0.0,0.40533348745861336,0.3858115711267595,0.2816678277102925
2023-02-20,16649999.999999998,-6.1,4.8,2.1244507656522793,10.475588088642336,0.0,0.43137063168639045,0.4048358912688875,0.305816457427169
2023-02-21,17100000.0,-4.5,5.5,2.4882980035148603,3.4599370944201544,0.0,0.21804574041375296,0.189554513585347,0.22889922877390964
2023-02-22,16329999.999999998,-3.1,9.7,4.049351508580314,5.653824542698678,0.0,0.3013887423530498,0.271289053987693,0.2741363397291109
2023-02-23,16239999.999999998,0.2,10.3,4.265374508101247,6.054889915235271,0.0,0.33215119628608275,0.3002253287276231,0.3114253041819121
2023-02-24,16450000.0,-3.3,10.4,3.5055952777867385,9.206545417332523,0.0,0.5163138287893477,0.4857333339485147,0.35908284099964816
2023-02-25,17430000.0,-4.5,7.2,2.692459647594812,8.108105180609169,0.0,0.38612937406724074,0.3561517737717158,0.31676668266549396
2023-02-26,17770000.0,-4.2,10.8,3.0827918417024116,4.070514228729594,0.0,0.348121001050607,0.3153670841949799,0.3039226687850336
2023-02-27,18020000.0,-1.1,14.6,3.2040770333595683,5.165961440284764,0.0,0.5271071060346644,0.48999980570489676,0.4224727714533877
2023-02-28,17870000.0,3.3,13.5,5.449036257491801,6.443983187099128,0.0,0.40186189812451845,0.36325529797765,0.3713640815375071
2023-03-01,6700000.0,-2.1,11.5,4.005800483871509,10.313964729560427,0.0,0.5256098632647114,0.5126694807337409,0.36531959377420364
2023-03-02,18710000.0,-2.8,7.2,2.4816255345026303,8.419379798100255,0.0,0.44978376870912645,0.41659845868010964,0.35280622424964464
2023-03-03,18300000.0,-1.0,12.3,4.640431598331409,6.515815791135533,0.0,0.4138026757998484,0.3773696225411124,0.34168714002310596
2023-03-04,14270000.0,1.7,13.7,5.62908790086093,3.1366903762563334,0.0,0.2518273387089092,0.22160765821180717,0.27294051261077507
2023-03-05,18120000.0,-1.0,15.7,5.206172815096502,3.5467348242974768,0.0,0.3738233705633619,0.33583971495110887,0.3297519081980829
2023-03-06,18900000.0,2.6,17.1,4.546879027794746,6.369157557894541,0.31000000000000005,0.6149496472015152,0.5724682938682457,0.49746291999855174
2023-03-07,18200000.0,4.6,22.1,6.113558764954336,8.326596017886565,0.0,0.9146276268711853,0.870030915041782,0.650054491314777
2023-03-08,18570000.0,5.1,22.8,5.428977749362053,5.177933540957497,0.0,0.7004541573596874,0.6543297678775637,0.5943831679706084
2023-03-09,17340000.0,3.6,21.6,7.457508524499863,6.306304029362686,0.0,0.6345656564772104,0.5928109606828775,0.5088061686133643
2023-03-10,18950000.0,4.9,23.8,7.062729297577354,2.7835134064106777,0.0,0.45961648832037466,0.41213011459664484,0.44424752375811405
2023-03-11,16520000.0,7.7,25.2,5.990472759339123,5.007331106371037,0.0,0.741281817044092,0.6980231721334459,0.6469674845671722
2023-03-12,5580000.0,-2.3,15.6,4.436824854895149,11.960128572061366,1.0,0.8325507075395879,0.8210947365980079,0.47590987217011466
2023-03-13,20280000.0,-2.0,9.4,2.573061339789132,6.282359828017218,0.0,0.43160101298499925,0.3937086436882206,0.38052767446209884
2023-03-14,18680000.0,0.8,19.0,4.495787776886289,4.9354985023346325,0.0,0.5973097788756171,0.5552672801313088,0.49563859220801093
2023-03-15,18820000.0,1.9,21.9,5.912636657712008,10.260090276533122,0.0,1.0214951437902429,0.9769311347249229,0.6762793233294242
2023-03-16,17830000.0,3.7,13.0,2.25865706580748,6.7672299052629485,0.0,0.572608832285343,0.5341428319232544,0.5304736373815542
2023-03-17,12520000.0,5.3,14.8,5.914436591060459,3.7472675105657727,0.010000000000000002,0.31737233118112534,0.2890822483843196,0.331888694466134
2023-03-18,19360000.0,1.4,17.2,4.131160191503971,7.350869813058736,0.0,0.7897632968027027,0.7468850286901116,0.5433348773169946
2023-03-19,21000000.0,0.9,17.7,4.115465532474159,4.591300607993527,0.0,0.5944187428791463,0.5479082247818111,0.48017541506487016
2023-03-20,20030000.0,4.1,19.9,4.495787776886289,3.944807171665886,0.0,0.5911700870076442,0.5436255621661527,0.5075696984566285
2023-03-21,20940000.0,6.2,22.8,6.156324779851992,3.738288435061222,0.0,0.6104933435229964,0.5578480193412049,0.5334184854294615
2023-03-22,14720000.0,12.9,23.2,14.172745420204736,5.74960134808055,2.5,0.43102910370962644,0.3912749434204902,0.405388285592271
2023-03-23,5870000.0,11.4,18.6,13.450536024843691,3.7323023847248553,0.6900000000000001,0.189599699389775,0.17468208982527,0.19817511691758066
2023-03-24,5800000.0,6.0,14.5,8.247805899862097,7.165302252631357,0.12,0.29763830244514805,0.28446385514480454,0.27860917563633886
2023-03-25,10430000.0,8.0,14.7,8.74342750591378,4.4745726264343695,0.15000000000000002,0.28749787003473853,0.2631328505640216,0.273635847605816
2023-03-26,18950000.0,0.7,17.2,4.375790268767577,7.9135585446772385,0.0,0.8214809694245495,0.7799100281046113,0.5405199199763642
2023-03-27,22500000.0,-0.4,14.8,3.3665464851237887,4.845707747289127,0.0,0.5804196595574436,0.5334621839367586,0.4554551892737962
2023-03-28,19300000.0,1.0,18.1,5.484296502663693,5.0701846349028905,0.0,0.5792860083559466,0.5362513569786053,0.4555249415680363
2023-03-29,21770000.0,3.1,20.9,4.464816404419735,3.5227906229520087,0.0,0.593761780271752,0.5420870770366412,0.5192297862174107
2023-03-30,21210000.0,5.4,23.6,4.022403043196193,4.528447079461673,0.0,0.7742367158079945,0.72091258372128,0.6635127434564481
2023-03-31,22450000.0,8.3,24.5,6.267240773617383,3.1995439047881877,0.0,0.6419658793540685,0.5832379688348479,0.5682649403219028
2023-04-01,22180000.0,5.9,25.2,7.334683222406409,5.243780094657535,0.0,0.7799497238265679,0.7229264686142306,0.6521335314136657
2023-04-02,22610000.0,6.9,21.3,6.8651611967550625,7.707039808072575,0.0,0.8509893110172679,0.7946427416533013,0.637995377600107
2023-04-03,22270000.0,7.2,22.3,7.841567890361778,7.120406875108605,0.0,0.8303754485818067,0.7740823611697851,0.6182382386905573
2023-04-04,12000000.0,12.6,20.8,11.393643298836723,7.793837537949898,1.7000000000000002,0.5161932099479264,0.4846138680354001,0.4637676821160038
2023-04-05,4900000.0,9.0,17.8,12.626723673900301,11.400432865611045,0.68,0.27890730464951435,0.26688676522603355,0.22836832784662567
2023-04-06,11020000.0,5.3,15.3,9.732734509524738,10.146355320142149,0.5,0.3445046315397721,0.3194405551074529,0.2569595517089499
2023-04-07,21770000.0,2.1,17.8,5.3428106056482605,12.528803354016233,0.0,1.1461759560459854,1.0971140966186714,0.6028823678829718
2023-04-08,23600000.0,1.7,15.3,4.688577036079294,10.313964729560427,0.05,0.8317609205230294,0.7806318435372378,0.533052490335808
2023-04-09,23900000.0,2.1,19.2,4.672479615482783,6.824097383458436,0.0,0.865070596391095,0.8102182397023144,0.6029888283032456
2023-04-10,23060000.0,5.4,22.9,6.698571288808527,6.141687645112592,0.0,0.8513947127883149,0.793863057731059,0.6441871302542796
2023-04-11,12970000.0,3.7,24.0,8.46026994499392,11.609944627383891,0.18000000000000002,0.9977383074503952,0.9655951881113427,0.665151974133732
2023-04-12,24840000.0,2.6,17.8,3.1470282446100084,8.275714590027446,0.0,1.0291936561502415,0.9728442774950568,0.6760628153350425
2023-04-13,19700000.0,7.6,23.6,4.743084087474441,3.699379107874836,0.0,0.705316289752194,0.654616293620071,0.6099850289593984
2023-04-14,15990000.0,10.9,22.3,6.8037939161076935,3.9268490206567837,0.0,0.5095390698083727,0.46754291060987097,0.5454215615376792
2023-04-15,11280000.0,6.5,19.2,10.688176339656724,5.414382529243996,0.30000000000000004,0.3359631290827196,0.30864082005841337,0.311093892352939
2023-04-16,15810000.0,4.5,17.8,6.569066614555266,5.387445302730344,0.010000000000000002,0.5024120512922203,0.46566339508453203,0.43968676180807187
2023-04-17,21940000.0,10.7,21.3,6.486568103438543,4.372809770716129,0.17,0.5997996495166288,0.5428681307085841,0.593950289035793
2023-04-18,7480000.0,12.6,16.8,15.369961465567798,3.2893346598336937,0.27,0.1671993763989755,0.14831215173017426,0.14086172905400182
2023-04-19,23040000.0,13.2,26.3,14.594271889852774,5.288675472180288,0.0,0.6593531948822082,0.5952037655803456,0.5614921608771752
2023-04-20,17530000.0,13.8,27.6,15.917019710927747,7.9195445950136065,0.0,0.724167819996968,0.674570636102284,0.5897262525305879
2023-04-21,17060000.0,6.7,20.8,7.0102568399509355,7.323932586545085,0.0,0.7487531451425791,0.7065687141739466,0.5872955833652348
2023-04-22,22490000.0,6.5,20.2,6.887784742267989,7.0006858683812645,0.0,0.7589348906426208,0.703826096739144,0.5916764577841194
2023-04-23,19160000.0,10.2,20.9,6.7793830276125595,4.863665898298227,0.0,0.587830721387289,0.5385716785618433,0.5773970755826856
2023-04-24,12020000.0,6.0,17.4,7.187941982833123,6.440990161930945,0.04000000000000001,0.456161782645215,0.4278383520370717,0.42688813384354435
2023-04-25,5210000.0,6.2,10.7,9.511443564837634,4.764896067748171,0.33,0.14405677021358052,0.13278518976651768,0.12489640902824702
2023-04-26,19930000.0,1.5,17.4,7.0817041246921475,8.293672741036547,0.010000000000000002,0.692107514863298,0.647787465971994,0.4402306251453239
2023-04-27,25310000.0,6.7,23.0,7.73367937462937,3.5587069249702106,0.0,0.677987449449174,0.6138723159601281,0.5546241720686906
2023-04-28,24400000.0,15.1,25.9,11.218290385694813,6.048903864898903,0.27,0.7824716997981322,0.7136661343843703,0.722048466422337
2023-04-29,5930000.0,7.8,19.8,11.821048852843557,10.475588088642336,0.27,0.3589573393132016,0.34427768512375423,0.3238156061328237
2023-04-30,25710000.0,8.5,21.4,8.366883048074396,11.436349167629249,0.0,1.0051830379418605,0.939915086782047,0.686838473338884
2023-05-01,25210000.0,5.9,21.1,6.225677428495367,6.587648395171937,0.0,0.8925340847208126,0.8305485452335356,0.6481391627873365
2023-05-02,22260000.0,12.0,25.4,7.731398180000484,2.903234413138019,0.0,0.6137664253751332,0.5529276324700335,0.5899327859533787
2023-05-03,23050000.0,13.6,27.2,9.294598084435073,4.2471027136524215,0.0,0.7591031289957126,0.6942129381094547,0.7030719837024229
2023-05-04,17350000.0,16.8,25.2,15.618083798699592,10.457629937633234,0.63,0.7710432804992927,0.7217131666157786,0.6143622726200398
2023-05-05,7230000.0,14.3,22.3,20.142339114269816,8.221840137000141,4.58,0.19099259011888625,0.17137599916653032,0.1441649581272236
2023-05-06,4620000.0,11.0,14.9,11.09852890889037,7.476576870122444,1.85,0.26577359910698006,0.2545569402394039,0.23908132922353623
2023-05-07,6270000.0,3.7,13.8,8.951508346017244,4.495523802611654,0.22000000000000003,0.18403189376166448,0.17035304946830607,0.1812555065388902
2023-05-08,25910000.0,5.9,21.4,8.320531486211214,3.379125414879199,0.0,0.6192957427968104,0.5553721027141856,0.5003904982017551
2023-05-09,26110000.0,10.0,25.0,9.525143209227153,6.554725118321919,0.0,0.9414722024900829,0.8716845386381209,0.7090285324399839
2023-05-10,24510000.0,10.1,25.5,9.53611544002594,3.8939257438067654,0.0,0.7418363731778085,0.675951610131583,0.6164703152772898
2023-05-11,24090000.0,11.1,25.2,11.380809532100251,4.172277084447834,0.0,0.6849348990818396,0.6197542824933906,0.5800444259922345
2023-05-12,17940000.0,13.0,24.4,11.281778338653517,3.9537862471704357,0.0,0.5353559623902047,0.4863241589437767,0.523858946636568
2023-05-13,22030000.0,11.4,25.2,11.81773353157128,3.1995439047881877,0.010000000000000002,0.5872233232814772,0.5274510551375766,0.5186706254812595
2023-05-14,23550000.0,10.8,25.8,10.050158501291845,4.387774896557047,0.0,0.7608893086525319,0.6969929439322025,0.6337021215387528
2023-05-15,26540000.0,14.2,29.2,12.953640863937453,4.277032965334256,0.0,0.8572455149131712,0.78093426032203,0.7150279153504966
2023-05-16,26710000.0,15.4,33.8,12.153343006480485,7.60826997752252,0.0,1.4078354558843873,1.3276741089249011,1.0908403854933908
2023-05-17,25420000.0,17.7,34.1,11.96103317929021,6.494864614958248,0.0,1.3310252291472264,1.253395606632844,1.063604122220856
2023-05-18,6270000.0,15.7,23.3,13.491448484129858,7.518479222477014,0.19,0.48085031781174586,0.4634685255402794,0.47984997736654156
2023-05-19,15790000.0,13.4,27.1,14.09128299811601,6.192569072971713,0.06,0.6660961758534121,0.6217561837431168,0.5833014134953625
2023-05-20,24960000.0,16.0,30.5,14.977709027569755,7.865670141986303,0.0,1.101542667168672,1.0280599778651687,0.8547364761497427
2023-05-21,22860000.0,15.4,27.2,12.0990887312117,8.147014507795554,0.0,0.9049213194998945,0.8396086692682806,0.807181791482828
2023-05-22,13200000.0,10.3,22.8,11.202467606555683,3.3282439870200795,0.020000000000000004,0.4009616050542898,0.3663275573946035,0.39728922518147136
2023-05-23,26060000.0,11.7,26.2,8.542113659294422,3.711351208547571,0.0,0.7824141447241895,0.710868625693352,0.6811438973624895
2023-05-24,19930000.0,15.9,27.1,9.424176235329684,4.645175061020829,0.0,0.7108735915266704,0.6537496699532256,0.7285146537908611
2023-05-25,21750000.0,17.9,28.7,9.814065388970683,5.821433952116955,0.0,0.8639286317787775,0.7998492357558412,0.8725294753735613
2023-05-26,18380000.0,19.1,29.0,14.459151401632965,4.387774896557047,0.020000000000000004,0.6653640466964741,0.6106249663846642,0.664754457753129
2023-05-27,8970000.0,20.1,28.0,17.91363658130956,4.983386905025569,0.13,0.467261504324468,0.4405471653474858,0.4950158954909698
2023-05-28,4550000.0,20.3,23.9,24.042158480793113,3.2234881061336558,6.81,0.14980538757533843,0.13664055406664238,0.1508539050185921
2023-05-29,7500000.0,16.5,23.0,21.582882950304292,3.80413498876126,0.8900000000000001,0.19709980294405283,0.17621782725985274,0.16508594102139654
2023-05-30,19570000.0,13.7,27.9,15.960132045543995,6.602613521012855,0.0,0.7389964358368765,0.683536202269707,0.5963207064816191
2023-05-31,25160000.0,14.8,26.6,12.878370365758368,4.714014639889052,0.0,0.7264192844360392,0.6552347352751575,0.6606167175776066
2023-06-01,14210000.0,18.4,23.8,17.135980367887235,4.277032965334256,0.26,0.4596512601063026,0.41918316644688175,0.4122073523223927
2023-06-02,26040000.0,15.5,28.0,17.404258393505515,6.635536797862874,0.0,0.796336536313587,0.7214039148625855,0.6406524096900623
2023-06-03,26300000.0,16.6,28.0,12.119409072235774,8.248777363513794,0.0,1.0159079843819163,0.9395772809354416,0.892041863859007
2023-06-04,26510000.0,17.3,29.1,12.957234797990472,8.377477445745685,0.0,1.0451617075084652,0.9671731721860561,0.9251074620273563
2023-06-05,23100000.0,16.7,28.3,14.079679145462508,7.895600393668138,0.010000000000000002,0.8985361936527969,0.8312876680995226,0.7979353492343935
2023-06-06,26660000.0,16.6,29.1,15.395035217610316,7.0366021703994655,0.010000000000000002,0.9283962749608012,0.8503729546389828,0.786554444698711
2023-06-07,20620000.0,18.2,28.5,18.357810027719943,5.067191609734707,0.03,0.6623127575353511,0.601518051814512,0.5909733114008782
2023-06-08,20320000.0,18.5,29.7,17.813579812050012,5.980064286030683,0.03,0.7339041335887476,0.6733445630663588,0.6763784444903767
2023-06-09,26020000.0,17.7,29.5,15.170658328404205,3.8789606179658476,0.010000000000000002,0.755907419448749,0.6789123063081159,0.6998978493237503
2023-06-10,21570000.0,17.4,31.2,19.377293518704445,4.615244809338995,0.24,0.7352719377008097,0.670805970979019,0.633284151966422
2023-06-11,21350000.0,17.7,28.9,20.211251838325786,3.516804572615641,0.26,0.5930994488100437,0.530198524438104,0.5164134981228475
2023-06-12,24900000.0,18.7,29.6,17.64790687406742,3.8669885172931133,0.03,0.7269711650893519,0.6527094779171276,0.6531669615116762
2023-06-13,24170000.0,17.1,29.1,16.83059257729209,4.869651948634594,0.0,0.7370502794484634,0.6660505623209747,0.6628944239645396
2023-06-14,22510000.0,16.8,28.5,18.120052896877993,3.1995439047881877,1.33,0.608071796580638,0.5423917061793494,0.5398182642947105
2023-06-15,22990000.0,16.5,27.7,17.923191438406207,3.424020792401952,0.09000000000000001,0.612521357363653,0.5460027810197139,0.5330112222841423
2023-06-16,26910000.0,19.1,31.8,17.506978138778564,5.806468826276038,0.0,0.9436299344502361,0.8619340595837632,0.8308195553200628
2023-06-17,25580000.0,21.1,34.2,14.819241052071533,6.512822765967349,0.0,1.1310538420374927,1.051211857871251,1.0456451930528161
2023-06-18,24600000.0,21.7,35.6,17.450883496823852,4.127381706925081,0.0,0.9482747949544151,0.8705887782924471,0.869890345241933
2023-06-19,25890000.0,19.2,34.7,17.19579427043767,8.036272576572763,0.0,1.3695782897029378,1.289453977162524,1.0457121186005836
2023-06-20,17250000.0,19.9,30.9,17.904086189120264,7.67710955639074,2.06,0.8123917595309779,0.7600573735083593,0.7741842439682118
2023-06-21,10530000.0,19.0,26.4,22.140128991132958,6.3541924320536225,0.75,0.3953851615734027,0.3646373467251331,0.34526492441959566
2023-06-22,22980000.0,18.4,29.1,19.510725091418095,6.414052935417294,0.09000000000000001,0.7557813191646129,0.6876346833580033,0.6397508998189462
2023-06-23,20430000.0,19.6,30.2,20.753720238624517,3.5197975977838247,0.0,0.6151194361279326,0.5535528375220704,0.5541108867394892
2023-06-24,22460000.0,19.5,32.3,21.054449989291008,4.11840263142053,0.0,0.7310078574590955,0.6624177189196373,0.6514699752748023
2023-06-25,18810000.0,21.0,31.3,21.718204050161003,6.423032010921844,3.49,0.7307653456664178,0.6731361091338055,0.6654424874508884
2023-06-26,7240000.0,22.4,26.0,27.056548290648177,5.57899891349409,1.72,0.2568991061167912,0.23529134835277116,0.21321390177055327
2023-06-27,20870000.0,22.1,30.9,24.265523121060205,6.533773942144634,0.16000000000000003,0.7441870073324448,0.679960814848631,0.6247308514134824
2023-06-28,18680000.0,22.4,30.5,25.742429948897932,4.788840269093639,0.13999999999999999,0.6109545643684146,0.5535043022592077,0.5156310870910518
2023-06-29,6350000.0,23.0,27.8,28.33600768062383,6.390108734071825,10.06,0.2717796191226408,0.25251449731141595,0.24172965332161928
2023-06-30,12780000.0,22.4,28.5,27.53987184981769,3.1815857537790864,0.37000000000000005,0.3823290969432067,0.3435303871404002,0.3195394986003361
2023-07-01,22580000.0,23.3,31.5,25.748990471494903,4.5673564066480585,0.03,0.7253942225326694,0.6551278153669198,0.608429807434099
2023-07-02,21500000.0,21.7,32.7,25.663817511939133,3.525783648120192,0.0,0.6584419134631254,0.5916989335855302,0.5729738675022708
2023-07-03,24500000.0,23.7,33.6,24.97846699710007,5.357515051048509,0.020000000000000004,0.8560537835569271,0.7786835637106583,0.7495027269200388
2023-07-04,12240000.0,23.2,29.6,27.07025404808565,9.164643064977952,2.87,0.5545295518676255,0.5169093317802133,0.4554824726552097
2023-07-05,24430000.0,19.8,30.0,23.1187576754202,8.443323999445724,0.0,0.8252603755761936,0.7516396215898393,0.6340566482933958
2023-07-06,23460000.0,22.3,33.8,21.437118233025025,4.312949267352459,0.010000000000000002,0.798247618073514,0.7246746507767698,0.7486604263743519
2023-07-07,4650000.0,18.8,25.8,22.645332764355537,3.8340652404430946,4.66,0.19086708360596055,0.1773713508673253,0.20935678393084717
2023-07-08,13460000.0,20.3,29.8,27.235196661352813,2.6039318963196663,0.19,0.37934209909489974,0.3386972623398504,0.3243108428757383
2023-07-09,15690000.0,21.9,32.6,26.78370278890784,4.920533376493715,0.22999999999999998,0.5612476568274183,0.5125110626625958,0.5127276187682565
2023-07-10,18680000.0,22.5,31.4,28.08021879658835,4.16928405927965,0.1,0.5794460237699207,0.5216352026708504,0.47986936587780205
2023-07-11,8900000.0,22.1,26.8,27.84049359309928,5.142017238939296,2.9600000000000004,0.2817899052358147,0.2551348922216775,0.22444663879787816
2023-07-12,17610000.0,23.3,31.0,28.55789772080488,4.001674649861372,0.24,0.5513747393735832,0.496741020173593,0.45584633582363043
2023-07-13,4650000.0,24.1,25.6,29.534575699947517,5.884287480648809,7.45,0.16440078825563945,0.1503973763744705,0.14000832298998656
2023-07-14,6020000.0,24.9,27.6,29.891452480984004,10.230160024851287,3.44,0.32267382231365016,0.30420637599823236,0.2601248734253866
2023-07-15,4050000.0,22.9,28.0,28.30036026991992,6.725327552908379,3.35,0.21679541481851464,0.20450004903593513,0.22360869187286717
2023-07-16,11710000.0,23.1,28.0,28.22207373084307,4.16928405927965,1.02,0.3672837117930373,0.3316863262039315,0.300159215086443
2023-07-17,16860000.0,23.5,32.1,29.79442881525007,3.507825497111091,1.4400000000000002,0.5284731352452061,0.4757543738354134,0.44513050694995526
2023-07-18,4460000.0,20.1,25.0,26.178570233880027,4.040583977047758,7.120000000000001,0.12951456322768642,0.11652078178717724,0.12165196603964593
2023-07-19,22790000.0,21.1,31.1,26.45946260247511,2.355510807360434,0.0,0.6123105390371993,0.5425324170171255,0.5014122730669879
2023-07-20,24900000.0,22.9,33.0,27.56771658582928,2.6278760976651343,0.0,0.7097515994926284,0.6317545157373019,0.5877712114861466
2023-07-21,22900000.0,20.6,32.2,27.82644792386056,3.8220931397703612,0.30000000000000004,0.6486942516985428,0.5783100164042827,0.5251919310749908
2023-07-22,17690000.0,23.7,29.9,27.24208827344316,7.928523670518157,0.17,0.661720876732584,0.6070757251256792,0.5183048619554338
2023-07-23,8109999.999999999,23.8,29.4,30.63941193633445,5.145010264107479,5.45,0.2961194952954531,0.27112998033452235,0.25637977545488777
2023-07-24,9630000.0,22.8,29.9,29.475459130067794,2.7505901295606594,0.96,0.3032462854605581,0.27366681955700944,0.2687709752656148
2023-07-25,17610000.0,22.2,30.6,28.817478411778946,3.6484976800157165,0.9,0.5124691202115474,0.4583439506250008,0.4130605216498216
2023-07-26,18700000.0,21.8,31.8,29.247356528030856,2.9870391178471576,0.5599999999999999,0.5324945236048098,0.4747294396563011,0.4366103977349627
2023-07-27,23450000.0,23.0,32.5,29.262026199800292,3.0199623946971763,0.06999999999999999,0.6712439912874627,0.5979628652366508,0.5411463261562584
2023-07-28,23950000.0,23.8,33.5,29.519786866932602,3.38810449038375,0.010000000000000002,0.7186307069127542,0.6429973695528302,0.5897235404599097
2023-07-29,25230000.0,23.6,34.3,29.564172761357913,2.379455008705902,0.06,0.7246425296360968,0.6446955476295118,0.5970907135993178
2023-07-30,24060000.0,23.4,33.3,29.98125733697911,3.247432307479124,0.010000000000000002,0.7041827296425838,0.6284636584554605,0.5692086580732706
2023-07-31,22820000.0,24.0,33.2,29.152159994735353,3.2564113829836745,0.010000000000000002,0.6873570928132668,0.6153334353466446,0.5699081407062623
2023-08-01,23980000.0,24.2,34.1,29.705112503325445,2.7266459282151905,0.0,0.7097234498693675,0.6335669134546762,0.5889161634644038
2023-08-02,23120000.0,25.3,34.2,29.379614906768285,3.3282439870200795,0.0,0.728511366042348,0.6546000529228032,0.6176207234477836
2023-08-03,24330000.0,25.6,35.3,28.88269443985644,4.465593550929818,0.010000000000000002,0.8286104222206679,0.7502481805718995,0.7199500042600262
2023-08-04,22180000.0,25.4,35.0,30.15404145153909,3.211516005460922,0.0,0.7094898379857872,0.6382405002637328,0.6090114706836549
2023-08-05,24870000.0,25.0,35.7,29.921361320545852,3.1247182755835996,0.0,0.775396962207594,0.6953796481810026,0.6607599377844755
2023-08-06,22400000.0,26.3,35.0,30.12392978721113,3.561699950138394,0.06,0.7409539923649588,0.6686571331302459,0.6393520879359201
2023-08-07,24130000.0,24.7,35.0,28.10853988207784,5.746608322912367,0.0,0.8611066129326694,0.783883004925279,0.7482202946010892
2023-08-08,21870000.0,25.4,34.8,27.449545976981327,6.851034609972087,0.06,0.877430125858648,0.8072513010011102,0.7803709548453792
2023-08-09,6270000.0,24.2,30.3,28.428874441212706,9.110768611950649,8.57,0.422652221902551,0.4031762215575264,0.40201166692102913
2023-08-10,4230000.0,22.0,23.8,24.421702727878927,12.62757318456629,6.03,0.2870239134284093,0.27463511231866267,0.22710618861543524
2023-08-11,21300000.0,22.3,31.7,26.87211279018988,5.36649412655306,0.41,0.6780823893977191,0.6121224730363523,0.5607119848771547
2023-08-12,15380000.0,21.2,29.6,26.03910345865113,1.972403585832943,0.010000000000000002,0.4174334211926925,0.3707723860026707,0.35774287884076245
2023-08-13,20060000.0,21.9,31.3,27.609529778904292,2.909220463474386,0.0,0.5606351813600287,0.49882387801646866,0.463993250170957
2023-08-14,23710000.0,22.2,31.6,27.345645339805397,3.3013067605064275,0.0,0.6617028895831967,0.5883706475099789,0.5372359786248408
2023-08-15,22190000.0,23.6,33.4,27.2696699518008,3.7173372588839375,0.0,0.6899157824134008,0.6199608006731275,0.5971755147481186
2023-08-16,19630000.0,23.4,31.9,27.407944432107726,3.3252509618518955,0.06,0.5922070234218492,0.5309365719291467,0.5059045688532282
2023-08-17,16260000.000000002,22.2,30.2,28.45750222430451,3.292327685001877,0.4,0.4636851339066522,0.41383652091974155,0.38072754492938754
2023-08-18,18480000.0,24.1,31.2,28.85369365369683,3.3132788611791617,0.18000000000000002,0.5534507126362139,0.49576971703839723,0.4597738140424047
2023-08-19,18320000.0,24.1,32.5,30.669972571038343,2.14001299525122,0.87,0.5247388215847709,0.467117478174955,0.4343382065209262
2023-08-20,16360000.0,24.3,31.9,30.900026067969275,2.645834248674236,1.06,0.48423621267487443,0.4328994726553382,0.40287514836210453
2023-08-21,20480000.0,22.4,33.4,28.586638869860447,4.8397216969527594,0.04000000000000001,0.6511823115715948,0.5870683748291222,0.5562840089562018
2023-08-22,21380000.0,24.3,33.1,29.682819961756504,6.231478400158098,0.2,0.7321885630336954,0.6646326950111896,0.5992284971053328
2023-08-23,18600000.0,23.7,32.6,29.705112503325445,6.578669319667387,2.9600000000000004,0.6504731673111646,0.5920732736467759,0.5361219214834273
2023-08-24,10760000.0,23.7,28.8,28.608211296876743,7.395765190581488,1.8600000000000003,0.4168103275366071,0.3838020680093818,0.3419713159558039
2023-08-25,21760000.0,19.4,30.4,24.24061557864572,5.674775718875963,0.0,0.6380242028347338,0.572449597564858,0.5266663181212667
2023-08-26,23330000.0,21.7,30.9,25.33204981243821,2.6009388711514827,0.0,0.6171106185591219,0.5454959048596998,0.514697140730687
2023-08-27,17970000.0,21.9,30.0,25.972919153640408,3.7742047370794243,0.27999999999999997,0.5233462631451486,0.4684324317236307,0.442949423713455
2023-08-28,11210000.0,23.2,28.5,27.62347980950027,5.926189833003379,0.27,0.3992932801053242,0.3650815418465283,0.33739192441250687
2023-08-29,8480000.0,22.1,28.4,28.52918179686222,6.6295507475265065,2.79,0.3018108891069235,0.2761350496455687,0.2535929849349601
2023-08-30,4179999.9999999995,21.7,23.9,25.100123031378274,3.028941470201727,3.6700000000000004,0.13984411962034285,0.12762006774348328,0.1413694589076016
2023-08-31,15890000.0,17.9,27.0,21.336709555046173,2.9301716396516704,0.12,0.4066304132263781,0.36040678714505436,0.35696414936166526
2023-09-01,21370000.0,17.1,29.4,20.10531754829017,3.07383684772448,0.0,0.5455043322061478,0.48259066752602475,0.4864057185661318
2023-09-02,21150000.0,20.9,30.4,24.83824615216638,3.9567792723386197,0.010000000000000002,0.5904588487378153,0.5260799296451433,0.49802430603133513
2023-09-03,20020000.0,21.8,30.5,27.609529778904292,2.9481297906607717,0.42000000000000004,0.5328843824413013,0.4715480020381702,0.43358353896194923
2023-09-04,15560000.0,22.5,30.4,26.94712021014877,3.630539529006615,0.17,0.46810221615877035,0.42024750103996633,0.4071920663713671
2023-09-05,19270000.0,20.9,30.7,22.429256943210262,3.5108185222792745,0.0,0.5613465280107832,0.5025748375838381,0.5137914558931262
2023-09-06,21620000.0,16.8,29.9,21.93398093960827,3.5826511263156786,0.0,0.5580122483682601,0.49426920580353934,0.47415982323536854
2023-09-07,22900000.0,17.2,29.2,19.209089539794732,4.872644973802778,0.0,0.6293224247307625,0.5619539804122727,0.564257646302738
2023-09-08,22740000.0,16.9,27.8,19.753971561925063,2.915206513810753,0.0,0.5302577333214604,0.46420862775724314,0.4586312681237331
2023-09-09,22390000.0,18.0,29.1,21.281104996929837,2.6278760976651343,0.0,0.5342963957824434,0.46809065203751576,0.463695531492364
2023-09-10,21180000.0,19.0,29.8,21.93398093960827,2.8942553376334685,0.0,0.5361056728854743,0.47271684732512564,0.47353429692014404
2023-09-11,20330000.0,19.8,29.6,22.875057267734444,2.3495247570240667,0.0,0.5041704614076292,0.44307253180772693,0.4384738118631499
2023-09-12,18400000.0,22.1,29.7,23.95578111573511,2.574001644637831,0.11000000000000001,0.4951868879445717,0.43899550107342156,0.4358325954843035
2023-09-13,3520000.0,20.5,24.3,24.6544609568708,3.3521881883655475,3.5700000000000003,0.12103682622106174,0.11080504270710367,0.13195576475474668
2023-09-14,4920000.0,21.3,24.3,24.66077853579152,3.3013067605064275,2.1100000000000003,0.16611340605469593,0.15172528757762677,0.1605160003232109
2023-09-15,5370000.0,21.3,24.3,26.16525963005479,3.4778952454292558,1.7600000000000002,0.15204261665643024,0.1363385117332877,0.13277070331671553
2023-09-16,10930000.0,21.5,28.1,26.419174647179496,5.121066062762011,3.0300000000000002,0.34709168800631807,0.31419861125337345,0.3006556236681311
2023-09-17,14270000.0,20.7,29.0,25.08729279702169,2.978060042342607,0.30000000000000004,0.3879089785256382,0.34493506722579287,0.3433817320974126
2023-09-18,19100000.0,20.2,30.1,24.553571894531185,4.447635399920717,0.010000000000000002,0.5311582472997725,0.4734046167713431,0.45826227721893814
2023-09-19,16800000.0,20.8,29.8,22.79825700376781,4.133367757261447,0.0,0.5026347100379925,0.45173345368134943,0.46474959828535034
2023-09-20,2680000.0,18.4,23.8,21.831538151261565,7.976412073209093,11.040000000000001,0.17293977257640433,0.16530750719939888,0.18954797821445157
2023-09-21,6680000.0,18.4,22.3,20.232497242455015,2.517134166442344,0.17,0.18695712608274628,0.16816739631979355,0.18134596842933387
2023-09-22,17610000.0,13.3,24.5,16.374836697064712,2.888269287297101,0.0,0.3729602811823455,0.32465677891115063,0.34400672147464884
2023-09-23,15840000.0,15.4,25.2,16.898545126756986,4.854686822793677,0.0,0.43182189629046475,0.3873040270820235,0.4041656072446124
2023-09-24,19220000.0,17.7,24.1,15.766930111710831,6.270387727344484,0.03,0.5709357694662887,0.5163779807092194,0.5037486247836342
2023-09-25,13700000.0,19.2,25.5,20.857180789436516,3.543741799129293,2.5,0.36105766610996104,0.32126554886151,0.3255968262622474
2023-09-26,2610000.0,19.5,21.6,23.28048047609646,2.3884340842104526,1.4000000000000001,0.06460099368331015,0.05723492402370214,0.08224251255811245
2023-09-27,6530000.0,20.2,24.7,22.952083710657742,6.680432175385626,0.03,0.26438871938143893,0.24539310715292767,0.2418703046955902
2023-09-28,17900000.0,17.1,27.4,19.98935165302869,5.647838492362311,0.0,0.4902961981157235,0.43838478919874324,0.4381371392737873
2023-09-29,9980000.0,17.2,24.3,18.563773205557858,2.2238176999603585,0.4,0.25356249499228145,0.22530303005210933,0.250580959865328
2023-09-30,17360000.0,13.7,24.8,16.024992647916154,6.596627470676489,0.0,0.47332788601316833,0.4254128298395658,0.42894792941909643
2023-10-01,19610000.0,11.1,22.3,11.940946583484424,6.36017848238999,0.0,0.49992784565548465,0.4483219377467645,0.4612359993741529
2023-10-02,19130000.0,10.7,22.5,11.669387971666643,4.4745726264343695,0.0,0.4280263142199973,0.37778325446594246,0.42253817078393296
2023-10-03,7230000.0,10.0,18.9,13.60733608784149,1.9813826613374932,0.0,0.15270147905960402,0.13454431541609202,0.16195228301626502
2023-10-04,17020000.0,10.7,23.0,11.857571416325639,7.365834938899654,0.03,0.5228527536975496,0.4779301068804277,0.4849392047985801
2023-10-05,19310000.0,8.5,18.2,8.411004990216185,6.458948312940047,0.0,0.4774717262893062,0.4301551051120656,0.43840489779133607
2023-10-06,17910000.0,9.7,20.9,10.636700241413529,2.60692492148785,0.0,0.3251742942170427,0.27936907337327155,0.33314562570574124
2023-10-07,11290000.0,14.1,21.0,13.200033886530978,3.807128013929443,0.010000000000000002,0.3087759404448171,0.27857088213477554,0.3181978421293751
2023-10-08,8640000.0,13.0,19.6,12.982416884668034,5.183919591293864,0.020000000000000004,0.29104826497444164,0.26849186778339723,0.2936793681195776
2023-10-09,10440000.0,11.5,20.7,14.47895290495321,3.7323023847248553,0.020000000000000004,0.23483663123624604,0.20769096690151184,0.23522305682303618
2023-10-10,15800000.0,10.9,21.9,13.098083590575094,4.001674649861372,0.0,0.33094357230186094,0.28961167982062774,0.3299886240047899
2023-10-11,14770000.0,11.3,21.2,12.038307368087088,3.1815857537790864,0.0,0.3061578466765785,0.26763672420193046,0.31763362455364413
2023-10-12,15710000.0,12.2,21.8,13.000430414899476,2.6218900473287676,0.0,0.2994067756849676,0.25781979365064667,0.3038878277096573
2023-10-13,12780000.0,9.7,21.4,13.269610975091464,2.7146738275424567,0.0,0.23979308927516763,0.2069365878498443,0.25147146847400775
2023-10-14,14700000.0,10.7,21.6,13.310039570024694,4.342879519034295,0.22999999999999998,0.31044685199420885,0.27218572419710896,0.3112255109647277
2023-10-15,13900000.0,12.0,20.2,13.130777596503789,7.635207204036171,0.0,0.38931434688713146,0.35317213096253325,0.34441529239209695
2023-10-16,16770000.0,6.5,20.2,9.329536184071742,5.644845467194127,0.0,0.4267594658451085,0.38566678137372973,0.3927336974593123
2023-10-17,16920000.0,5.6,20.2,9.113717368193653,3.8400512907794626,0.0,0.3597655965659492,0.31873424554419244,0.34345620809932237
2023-10-18,15500000.0,10.2,22.9,11.774708719588233,3.4599370944201544,0.0,0.33092668393934604,0.29025791585410843,0.3517101321053243
2023-10-19,7020000.0,11.3,20.7,13.66372402811236,7.332911662049636,0.48,0.28465940181208926,0.26644339169210407,0.2886725739558954
2023-10-20,16550000.0,3.9,15.5,5.84637876198776,10.601295145706043,0.0,0.5597373624423578,0.5226861772062374,0.46056213923818873
2023-10-21,14190000.0,4.9,16.7,8.009420398811422,6.770222930431132,0.0,0.3454066076035107,0.3127143043787232,0.34116894822548566
2023-10-22,14390000.0,8.6,18.0,9.833786448492983,5.474243032607666,0.0,0.32288496574736414,0.287664527715155,0.3251186180886382
2023-10-23,14250000.0,7.3,20.7,10.837777741001572,3.7532535609021402,0.0,0.2886012750527545,0.2531675048684938,0.299496948039038
2023-10-24,12100000.0,8.3,21.3,12.20099087701372,3.852023391452196,0.020000000000000004,0.25767865706632104,0.22705990354495795,0.27570763264456877
2023-10-25,14930000.0,10.5,22.2,13.517540577225374,4.13636078242963,0.0,0.2859348747897241,0.24691800838154437,0.30216022382941343
2023-10-26,12390000.0,11.7,22.0,14.40383364432277,7.623235103363436,0.13,0.3416148897470593,0.30891268093012986,0.32828189655037143
2023-10-27,12360000.0,6.3,19.1,10.933372605147468,5.285682447012104,0.020000000000000004,0.25989324064608965,0.23006011270628385,0.26778642273485426
2023-10-28,13910000.0,7.8,19.6,10.927182875073756,2.8972483628016517,0.0,0.2206988944325618,0.18634220704240145,0.24962400884126779
2023-10-29,14480000.0,7.5,18.6,10.767328702300027,2.4183643358922877,0.0,0.20111659245270003,0.1658795850143212,0.22294209741818588
2023-10-30,14150000.0,6.6,21.3,10.958162396273227,3.7203302840521206,0.0,0.28886611870532664,0.25372017841604017,0.2936368474402754
2023-10-31,14130000.0,8.5,22.4,10.597483558134448,4.4296772489116165,0.0,0.35432686329275825,0.31807526315305373,0.3677208069450562
2023-11-01,12790000.0,11.1,24.7,14.977709027569755,5.818440926948772,0.0,0.3528077917121651,0.3183626330213553,0.3524791827533777
2023-11-02,13400000.0,10.9,25.7,12.265918559490034,4.69605648887995,0.0,0.4338744907922366,0.3975173236052975,0.4323985087695692
2023-11-03,11220000.0,16.3,24.0,16.637121549826418,5.468256982271299,0.08000000000000002,0.32483145545198433,0.29337770633023397,0.34157062906929714
2023-11-04,5440000.0,14.3,20.7,17.007769690969493,4.678098337870849,0.17,0.1564766977637518,0.14193648744760196,0.16912361322955366
2023-11-05,6710000.0,16.6,23.2,19.18371598700212,10.502525315155987,2.5600000000000005,0.30040405787296426,0.2816734173827221,0.2672332375768972
2023-11-06,8970000.0,7.7,19.8,9.35918953819875,17.23084589323255,0.1,0.7145674647155973,0.6923872568733562,0.5121945643262898
2023-11-07,13300000.0,0.5,11.2,5.763160776453661,7.425695442263325,0.0,0.2658112489432436,0.2391666960325068,0.2562107415730099
2023-11-08,13150000.0,4.8,14.6,7.5933633657358905,2.544071392955996,0.0,0.1645015954930256,0.13506213411205978,0.20251638509650408
2023-11-09,11430000.0,4.9,19.1,11.057816969007131,5.05222648389379,0.22000000000000003,0.21878897459463617,0.19165797514689542,0.23042246033968478
2023-11-10,10100000.0,-0.1,9.1,3.723137046234317,8.628891559873102,0.0,0.365917423960747,0.3465371799064667,0.32341279165339254
2023-11-11,7760000.0,-1.5,8.3,3.7135907456435477,7.264072083181413,0.0,0.2863764574277651,0.2720241153135768,0.2747527881128691
2023-11-12,12770000.0,-3.2,5.3,3.7507040815316914,7.560381574831584,0.0,0.23276109463439082,0.21104045622275516,0.20788980462348752
2023-11-13,13180000.0,-0.7,6.9,4.142965992680687,6.910895113335759,0.0,0.24643355482525048,0.2223065066315491,0.233183583453543
2023-11-14,12530000.0,-0.5,10.0,5.96503187667885,6.001015462207967,0.0,0.17907051469814853,0.15483073667325103,0.1912311631920141
2023-11-15,12420000.0,0.6,12.4,6.561169863838653,3.8340652404430946,0.0,0.1505375820689326,0.12515420735571686,0.19074044259858153
2023-11-16,2840000.0,1.5,7.0,7.788606560802197,4.525454054293489,0.77,0.04877843798523065,0.04337359788264308,0.054789101245346306
2023-11-17,11240000.0,-4.2,8.6,3.76757255583749,10.403755484605933,0.010000000000000002,0.3662448952206346,0.346308877864881,0.28144452097015726
2023-11-18,11990000.0,-1.6,6.4,4.700315091655208,10.1732925466558,0.0,0.25559874937041527,0.23418076827253764,0.201650271753967
2023-11-19,9440000.0,-0.1,13.2,7.035400489276914,8.913228950850536,0.0,0.25806974687248135,0.238747497055958,0.23279038832655524
2023-11-20,12110000.0,-2.3,12.4,5.005461083876151,3.2773625591609594,0.0,0.18097578943820516,0.15732066899024627,0.20724974980218805
2023-11-21,11780000.0,-0.1,14.9,5.634259395255925,3.920862970320417,0.0,0.24004696342303786,0.21531719159198692,0.25790903693117967
2023-11-22,11760000.0,4.6,15.8,8.308371416184151,3.193557854451821,0.010000000000000002,0.14821832379311983,0.12154084017858788,0.20150098570448752
2023-11-23,11240000.0,-2.1,17.0,5.675782905717253,11.397439840442862,0.010000000000000002,0.6468970128609379,0.6232663381921044,0.43280055408792795
2023-11-24,12030000.0,-5.8,2.5,2.374605772037828,9.814129526473778,0.0,0.29577328372748535,0.2773553441565462,0.23070631685283421
2023-11-25,11740000.0,-3.7,5.1,2.821426368726155,3.007990294024442,0.0,0.1250492247043005,0.10534025729194896,0.17012067822206403
2023-11-26,9720000.0,1.5,9.6,5.768441083244637,1.9664175354965758,0.11000000000000001,0.09171443433542563,0.07242379118476285,0.1305522464475819
2023-11-27,3770000.0,0.4,11.3,7.726837572306692,7.0904766234267695,0.06999999999999999,0.11448553893441667,0.10693291002663637,0.13470401215165478
2023-11-28,10570000.0,-1.4,6.0,3.927452297775453,8.937173152196005,0.0,0.26800549342334706,0.2491909573849151,0.23179394542580328
2023-11-29,8279999.999999999,-6.7,6.5,3.3687321275427364,9.619582890541848,0.010000000000000002,0.29512890455537505,0.28164659381644547,0.22942871433599316
2023-11-30,11460000.0,-5.4,0.3,2.592050437339674,9.6106038150373,0.0,0.24058851656141594,0.22368527282654624,0.18400430899127748
2023-12-01,11160000.0,-4.5,2.1,3.217694789694837,6.99769284321308,0.0,0.17254596081255075,0.15514577072718894,0.1638877514380454
2023-12-02,8590000.0,-3.1,8.1,4.966768189769257,7.314953511040534,0.0,0.1687069079225749,0.15330807768468468,0.18114217355206771
2023-12-03,11100000.0,-4.4,7.2,3.661473337783292,5.686747819548697,0.0,0.17165484266673264,0.15252900669546854,0.20525950514783803
2023-12-04,11050000.0,-3.3,9.6,3.7615403888431183,3.334230037356446,0.0,0.14407954703883757,0.12381672690031802,0.19614240129448243
2023-12-05,8850000.0,-3.1,9.8,5.036607335349943,2.247761901305827,0.0,0.08681676773950303,0.0704763786040789,0.13058645418463716
2023-12-06,6810000.0,1.2,8.4,6.354939457935615,7.87165619232267,0.18000000000000002,0.16529707479363437,0.15210149140866064,0.16012469026952048
2023-12-07,10250000.0,-1.2,10.9,5.142201428762892,5.674775718875963,0.0,0.17965666062385913,0.15976331047488093,0.22414032476642606
2023-12-08,10360000.0,2.5,11.3,7.239434221657127,4.031604901543208,0.0,0.11209915126686879,0.09066950396432247,0.15178143878018976
2023-12-09,9010000.0,4.6,17.3,10.558394223521702,3.0109833191926256,0.0,0.10035196968587656,0.07951458165766968,0.14752664159769804
2023-12-10,8680000.0,6.4,16.5,11.032828845776677,4.803805394934557,0.04000000000000001,0.12137795511143348,0.10105055654574588,0.1602686154210026
2023-12-11,910000.0,6.5,11.9,10.41219602744578,10.888625561851663,2.9800000000000004,0.09100355807702959,0.08899357112651465,0.10118956997379609
2023-12-12,2790000.0,3.0,8.9,7.232979929364441,3.7742047370794243,0.0,0.0915618530835272,0.08595512745893769,0.11398223473025595
2023-12-13,8029999.999999999,3.6,11.7,8.030623272089384,3.334230037356446,0.0,0.09172967932565981,0.0747490909564426,0.12841517620222898
2023-12-14,1670000.0,6.2,9.6,10.256072684888574,3.2025369299563713,4.03,0.024781150661721374,0.02122414395365539,0.04666648260746197
2023-12-15,1020000.0,1.7,10.6,9.048001410618008,6.851034609972087,1.92,0.022069531806651395,0.02000706850691901,0.06186504548706203
2023-12-16,5520000.0,-10.1,1.2,2.1346281870940103,14.908258362722135,0.020000000000000004,0.34213715937295275,0.3346391397688803,0.20764543345182415
2023-12-17,10760000.0,-8.9,-4.4,1.3513553676348888,9.18858726632342,0.0,0.23059414305632803,0.21739200783671664,0.1734983629294735
2023-12-18,9100000.0,-5.8,-0.7,1.602616374870597,6.327255205539971,0.0,0.20638667616989373,0.19335803162835435,0.20045703521649907
2023-12-19,8230000.0,-5.0,4.9,2.886516591728171,6.264401677008117,0.0,0.19416037072645306,0.18073353834980968,0.20946295073753993
2023-12-20,8240000.0,-10.9,-2.1,1.646588289542612,12.145696132488744,0.0,0.27204879185018144,0.2618660299189374,0.1780194737918577
2023-12-21,10660000.0,-11.9,-5.1,1.1797797148671005,11.089158248119958,0.0,0.247255802541465,0.23531229296522427,0.16427891727710225
2023-12-22,10730000.0,-10.8,-5.1,1.269364892777771,9.185594241155236,0.0,0.21051086153283563,0.1981534814560224,0.15791965706767375
2023-12-23,10340000.0,-6.2,0.2,2.256359834642392,4.408726072734332,0.020000000000000004,0.12439953941674349,0.10943617619412102,0.1491153854694458
2023-12-24,7320000.0,-5.1,3.5,3.442683236446393,4.274039940166073,0.010000000000000002,0.1105151643511287,0.0989184361792883,0.13751996861604934
2023-12-25,7290000.0,-4.0,4.2,4.2599864619194365,6.8181113331220695,0.0,0.1332591404031041,0.12129692152837153,0.13728702388934394
2023-12-26,8770000.0,-2.0,7.5,4.663719858725415,6.25841562667175,0.0,0.16281501689328692,0.1469548496463709,0.18423666940855404
2023-12-27,10270000.0,-3.8,7.2,4.849252978551269,2.2417758509694603,0.0,0.06060455118492225,0.042713912264687695,0.10340014678929285
2023-12-28,10290000.0,-4.1,7.4,4.528370367617911,5.219835893312067,0.0,0.12265385434335736,0.10476092948319175,0.16067783364230573
2023-12-29,9890000.0,-3.4,6.6,4.795160697917762,4.372809770716129,0.0,0.0973151005022665,0.08014901018925236,0.13219525456366074
2023-12-30,4280000.0,-0.4,4.7,5.941493804270501,1.6401777921645715,0.39,0.04296350557876066,0.03538575098888227,0.06278374225674381
2023-12-31,4720000.0,-3.8,6.2,5.750856684552754,7.0395951955676495,0.0,0.07754175596048293,0.06946868054169295,0.09092930018026055
2024-01-01,8460000.0,-1.1,7.7,6.028814005180157,3.0947880239017644,0.0,0.07001745310818837,0.0544238607278504,0.10197518170402105
2024-01-02,4640000.0,0.7,7.2,5.779014536924075,5.674775718875963,0.08000000000000002,0.13431813773225404,0.12557535284207866,0.1457608975468831
2024-01-03,6420000.0,-4.4,6.3,4.710607238807143,8.099126105104618,0.0,0.15087939441823,0.1400001346973782,0.1522828117716161
2024-01-04,10800000.0,-2.9,6.5,4.816132740815477,5.043247408389239,0.0,0.11412107446281819,0.095238822024919,0.1421188797421356
2024-01-05,5520000.0,-2.5,9.5,6.253989544668655,7.225162755995028,0.0,0.12027670437196121,0.11003246130776709,0.14300789581435902
2024-01-06,10980000.0,-3.4,5.7,3.5158007770410795,7.371820989236022,0.0,0.21528204845977048,0.19653660695783384,0.21477090797524068
2024-01-07,11230000.0,-8.1,0.1,1.9451443553454613,10.215194899010369,0.0,0.269989527957443,0.25442777532032035,0.20268396022356122
2024-01-08,11380000.0,-6.3,2.4,2.3666076964255383,4.824756571111841,0.0,0.15050084753544657,0.1332910928537704,0.17593307553323673
2024-01-09,5980000.0,-3.0,7.9,5.64116125962435,3.70237213304302,0.31000000000000005,0.08101593344929069,0.07031482312975187,0.11307182083546094
2024-01-10,10850000.0,-3.7,7.4,4.4816863567019425,3.968751373011353,0.0,0.11243924195492509,0.09343524387874581,0.15287575407071693
2024-01-11,10270000.0,-2.2,5.1,5.119976424009185,7.560381574831584,0.0,0.13518690889609966,0.11745871724065604,0.12879387748672233
2024-01-12,11430000.0,-3.5,7.1,2.9832198012288402,7.3628419137314705,0.0,0.26704349573951375,0.24705977857607048,0.26970431256114374
2024-01-13,11650000.0,-4.1,5.2,2.7131320054919486,3.6604697806884503,0.0,0.14287756923746675,0.12343009022088167,0.18755135145732235
2024-01-14,9330000.0,-5.8,13.1,4.69150911266732,8.443323999445724,0.12,0.3847911886846431,0.3673878827071363,0.3034669965695862
2024-01-15,11900000.0,-5.9,2.7,2.26095637947981,7.347876787890552,0.0,0.236771725823773,0.2185156395912901,0.2203640811140445
2024-01-16,10950000.0,-3.7,5.2,2.8242290060801953,2.002333837514778,0.0,0.09724133107368813,0.07882400927403252,0.14115325308392118
2024-01-17,3140000.0,1.2,5.5,6.152595524627715,1.7329615723782608,0.79,0.057589415918897414,0.051791808926215856,0.0760299164953218
2024-01-18,3640000.0,3.6,9.3,7.2609852757216755,6.680432175385626,0.0,0.15557179903494692,0.14814383270590722,0.15478822511735055
2024-01-19,5950000.0,3.5,7.4,5.88032059339331,9.751275997941924,0.0,0.2683271891684166,0.2565557895313257,0.21377363461669469
2024-01-20,2340000.0,-0.3,6.2,6.90427957095199,7.650172329877089,0.8800000000000001,0.06517392771022736,0.06091255182214585,0.0659517316049791
2024-01-21,7980000.0,-5.1,9.0,5.240038996681796,8.503184502809393,0.020000000000000004,0.2059792274534578,0.19195159809325646,0.17719437265676752
2024-01-22,8180000.0,-12.0,-4.7,1.6413937467737776,15.144707351008634,0.0,0.280375273436014,0.271140924380381,0.14515159026017566
2024-01-23,9280000.0,-11.4,-6.2,1.4329320355182413,15.36020516311785,0.0,0.30238575065474654,0.29214517463127604,0.1489201943845539
2024-01-24,12170000.0,-8.2,-3.1,1.3906153748340075,11.083172197783592,0.0,0.3186429475399125,0.30299092315383186,0.20514390477745556
2024-01-25,12820000.0,-6.1,0.9,1.7166644451403805,8.251770388681976,0.0,0.29063045781759966,0.2717609824726406,0.2376557313247845
2024-01-26,12550000.0,-3.1,5.0,3.7255270214326575,6.348206381717256,0.0,0.19981140869500488,0.17854431998835535,0.1938205117512118
2024-01-27,12760000.0,-3.5,5.8,3.5420014298779763,5.926189833003379,0.0,0.20473766298820473,0.18295334299141863,0.20867934051406278
2024-01-28,12780000.0,-4.9,4.5,3.641511586715085,5.800482775939671,0.0,0.17088167794164852,0.15015255110068912,0.17170155684519087
2024-01-29,13120000.0,-5.5,5.6,3.3884596859914926,4.660140186861748,0.0,0.16391273870922057,0.14242539770216042,0.18420151140878746
2024-01-30,12790000.0,-2.2,7.8,3.8234725219617207,2.879290211792551,0.0,0.14539194728372945,0.1222213487146309,0.18321188640973135
2024-01-31,11220000.0,2.3,12.6,5.121561099198694,3.798148938424893,0.0,0.20945998078939584,0.18587135358438597,0.2587852596997021
2024-02-01,6260000.0,1.6,9.2,5.392373471610833,7.7369700597544115,0.0,0.2619176761757204,0.24955254178467684,0.24007862890403442
2024-02-02,3660000.0,1.9,6.5,6.370301631850605,4.447635399920717,0.0,0.1090138395573033,0.10205996471228693,0.11574444816502734
2024-02-03,4110000.0000000005,2.7,7.0,7.128276704714971,4.845707747289127,0.38,0.10082703382542817,0.09285028561935009,0.10247486091175229
2024-02-04,6710000.0,3.3,8.5,7.149535328999865,7.895600393668138,0.87,0.18228688160718298,0.16882350104797608,0.15547908096288382
2024-02-05,3070000.0,0.4,5.4,5.794906862491866,7.518479222477014,0.52,0.1447820957568021,0.13920101904906046,0.1257580659766
2024-02-06,3200000.0,-2.7,4.1,5.452385710736829,4.049563052552309,0.12,0.06996068377459265,0.0645885631851953,0.07713591241366655
2024-02-07,10970000.0,-4.6,5.3,4.202444915145428,4.525454054293489,0.0,0.14394969859235782,0.1257758894287123,0.15059124187409448
2024-02-08,14520000.0,-3.5,6.7,4.399283018794892,4.809791445270924,0.0,0.1767965685647363,0.15159417914664072,0.17977003580134296
2024-02-09,14840000.0,-3.6,6.5,3.8850668840298215,6.282359828017218,0.0,0.230620845187062,0.20500386717666444,0.21572647608283818
2024-02-10,10030000.0,-3.7,6.9,4.203775223893245,6.405073859912743,0.0,0.2084484410326511,0.1910393524745589,0.20017466112201263
2024-02-11,9140000.0,-5.0,5.9,4.231798095107634,7.6830956067271075,0.010000000000000002,0.19849682615511804,0.18329704112285186,0.17683069368266152
2024-02-12,15090000.0,-3.2,10.5,4.4242794820825395,3.4539510440837877,0.0,0.21478800969606676,0.18664054054273577,0.2225325595822555
2024-02-13,14850000.0,2.1,14.8,7.222234066848884,4.59429363316171,0.0,0.25000172492671124,0.21787447547587,0.2597050012470377
2024-02-14,9370000.0,6.5,17.0,11.039071212996237,3.2025369299563713,0.04000000000000001,0.15959616555644154,0.137489997440631,0.17838847652486894
2024-02-15,6060000.0,-1.9,15.2,6.7570743877622865,7.757921235931695,0.13,0.3430316082530421,0.3305901774455195,0.27872768573423434
2024-02-16,15280000.0,-4.4,7.7,4.676864957737076,2.9930251681835247,0.0,0.15303223913601624,0.12646237598117366,0.16395809418463253
2024-02-17,15840000.0,-0.9,12.1,6.089503045544308,2.642841223506052,0.0,0.18692673414199562,0.15544067581821203,0.1981739246131966
2024-02-18,11690000.0,2.7,15.0,10.061661754089148,3.8250861649385444,3.6200000000000006,0.14908378832219799,0.12350981559600119,0.1528914140036807
2024-02-19,5320000.0,6.1,17.1,11.623571346503553,7.4556256939451595,0.12,0.16941002744142653,0.15690499932291632,0.17989196877531702
2024-02-20,2130000.0,3.8,6.9,7.602347717111321,9.655499192560052,0.6200000000000001,0.12238363135790395,0.11818298462968527,0.10417024924624148
2024-02-21,2200000.0,0.6,4.4,6.690537120766779,9.335245499564412,1.2000000000000002,0.06953496693477038,0.06559114545358778,0.06077961732596315
2024-02-22,2590000.0,0.4,3.5,4.960601969542109,7.626228128531621,0.16000000000000003,0.16571860569804717,0.16116577862499934,0.14360650127775454
2024-02-23,8930000.0,-2.6,6.5,4.474650357111268,7.0904766234267695,0.0,0.22720733784801994,0.21150975261160415,0.19691594964867037
2024-02-24,7110000.0,-0.1,6.1,5.394032551680415,5.959113109853397,0.43,0.17621867874204578,0.16324818312954575,0.15678392130780405
2024-02-25,6120000.0,-3.3,7.7,5.64116125962435,4.648168086189014,0.05,0.12161801855400507,0.11076317636386165,0.12993636002944903
2024-02-26,12280000.0,-1.1,8.4,5.083648505930906,4.3847818713888636,0.0,0.20419663253048342,0.1812906735375805,0.1990500229466857
2024-02-27,13250000.0,-2.0,8.5,4.652062817324141,5.159975389948396,0.0,0.2358433383266339,0.2114625914876355,0.2236602113151355
2024-02-28,12810000.0,1.0,9.7,5.81615675964042,2.8373878594379813,0.0,0.18635899625583327,0.16109595184809555,0.19009715690507187
2024-02-29,4430000.0,-4.5,6.2,5.074209272297385,6.602613521012855,0.19,0.13258539526180713,0.12510637111488235,0.12931181537654926
2024-03-01,18600000.0,-7.2,0.1,1.632768666085963,11.912240169370428,0.0,0.4481407290550349,0.42185379106161963,0.2603070888179092
2024-03-02,17780000.0,-3.4,5.0,3.7123989867109297,9.853038853660163,0.0,0.35671388984669206,0.32675268606710783,0.23816415891303616
2024-03-03,14850000.0,1.2,9.9,6.22191105397044,8.979075504550574,0.06,0.32600356891008325,0.29653175298545953,0.2410401716818052
2024-03-04,15400000.0,4.3,12.6,6.976855453036943,3.2773625591609594,0.25,0.251683899579774,0.21836675200112388,0.2458859571354261
2024-03-05,3360000.0,1.2,7.6,8.00706757580527,6.369157557894539,0.29,0.06165476653081089,0.05522860184991298,0.05789994622944994
2024-03-06,11080000.0,2.8,10.9,5.999582015376397,5.046240433557422,0.04000000000000001,0.2643458534279373,0.24146110853849265,0.25094344365080296
2024-03-07,7600000.0,-1.4,9.2,4.979120996887119,8.081167954095516,0.19,0.2825598990410271,0.26826376761394416,0.2430605749254074
2024-03-08,19430000.0,-4.1,7.3,3.071696234841631,11.274725808547338,0.0,0.498578325344358,0.46485364033102483,0.33150279851923925
2024-03-09,19720000.0,-3.9,7.4,3.3709190299870646,4.968421779184651,0.0,0.30143467019474396,0.2670194665230454,0.2686245660264883
2024-03-10,19640000.0,-1.8,11.6,4.342813353062744,4.049563052552309,0.0,0.3371819145137854,0.2990027178388481,0.3028575605812829
2024-03-11,11220000.0,1.1,12.1,6.113558764954336,3.8939257438067654,0.0,0.2314931023469967,0.20849271227972008,0.23621330094647366
2024-03-12,12320000.0,-0.5,11.1,6.478759066617994,6.060875965571637,0.42000000000000004,0.24111442092935986,0.21685625350776533,0.21477416599416901
2024-03-13,19460000.0,0.0,12.5,5.249750798175327,7.572353675504317,0.0,0.44042966743571393,0.4009601724041444,0.34951368480785044
2024-03-14,20070000.0,0.4,15.1,6.036141652470592,6.7762089807675,0.0,0.5076777626280448,0.4651139304934969,0.3751399341632592
2024-03-15,20430000.0,-0.0,17.0,5.344456182577883,6.737299653581114,0.0,0.6383452838733248,0.5940839684996077,0.456884861430614
2024-03-16,18900000.0,6.6,18.7,6.376070904097801,6.285352853185402,0.0,0.536453485298493,0.4908885640249917,0.513228003255404
2024-03-17,15850000.0,-1.2,14.1,5.064785560422042,8.60195433335945,0.0,0.5991572399682569,0.566812936035488,0.3917626915967608
2024-03-18,20620000.0,4.5,14.7,3.6720805908965684,4.9803938798573855,0.010000000000000002,0.4829758188236287,0.43693618355711783,0.47425456304597446
2024-03-19,14740000.0,1.1,13.3,5.400673390458475,15.096818948317697,0.06999999999999999,0.6816640858171381,0.6509017217882983,0.422264116953236
2024-03-20,19680000.0,-2.0,8.7,3.739895484687226,10.601295145706043,0.010000000000000002,0.5154092317345198,0.47907263758930557,0.3466776755116546
2024-03-21,20140000.0,0.2,11.0,4.69150911266732,5.192898666798415,0.0,0.37260921017838133,0.33257580016316657,0.3243055191158995
2024-03-22,17110000.0,6.4,17.7,8.941131201631087,9.33225247439623,0.020000000000000004,0.5135268603789742,0.47286423951514844,0.40921603306500226
2024-03-23,19750000.0,7.7,20.6,8.82255406542817,5.094128836248358,0.0,0.5081933037727726,0.45891966164871334,0.46324560847539364
2024-03-24,13360000.0,5.5,16.8,8.59455883473322,7.102448724099505,0.0,0.3907804614196113,0.3597265685078645,0.34724989329784434
2024-03-25,6710000.0,3.4,13.2,8.364437826178913,10.598302120537861,2.34,0.28825476765242347,0.2737991830561936,0.22581516460066714
2024-03-26,12580000.0,0.7,12.4,6.927016933472967,4.265060864661523,0.2,0.24041534404299406,0.21466598994427963,0.22515096509335644
2024-03-27,19400000.0,6.7,16.7,9.25175567725948,3.0888019735653973,0.0,0.34566687085402154,0.2999535136328918,0.3110687264155244
2024-03-28,2730000.0,4.8,9.6,9.898830230832008,5.186912616462049,2.27,0.04515565762653244,0.039458150584556,0.05369386073314993
2024-03-29,17270000.0,1.5,17.2,8.54958850474752,10.831758083656174,0.010000000000000002,0.5804570387655702,0.5421558339209983,0.35301847110954965
2024-03-30,16629999.999999998,1.3,17.6,7.5911187428434,6.096792267589839,0.0,0.4918864496191648,0.4549048935196973,0.3686363342303228
2024-03-31,21640000.0,3.2,18.3,5.634259395255925,3.280355584329143,0.0,0.4926114062654827,0.44281863599395094,0.42784202853521275
2024-04-01,22310000.0,4.6,19.8,7.050104372775487,4.690070438543582,0.0,0.5951542696059102,0.541941524693301,0.48101206250328576
2024-04-02,19480000.0,10.8,22.6,11.004776621549954,4.714014639889052,0.87,0.5024163252217082,0.4511525268503737,0.47815479896418067
2024-04-03,3670000.0,8.8,13.8,12.714834112834176,3.49884642160654,0.9800000000000001,0.07842653272613902,0.06986390608677742,0.08388950883470495
2024-04-04,6450000.0,9.1,14.6,7.546349111456537,5.794496725603303,0.03,0.34962166112474813,0.33436725817490764,0.34187199939942214
2024-04-05,15410000.0,6.5,17.5,9.640908367728787,4.4745726264343695,0.0,0.34715297544078483,0.3105747863340757,0.31600409820115477
2024-04-06,15300000.0,5.8,20.2,8.296227024843635,3.771211711911241,0.0,0.43655976393605833,0.3993704671903068,0.39589367128399483
2024-04-07,23050000.0,8.4,23.2,8.899728598287025,3.585644151483862,0.0,0.5931525888743265,0.5335853175220919,0.5151185326053257
2024-04-08,14420000.0,9.2,23.5,9.25175567725948,5.26473127083482,0.0,0.592822166333292,0.5551380930844003,0.5289651234561589
2024-04-09,23190000.0,7.7,17.9,6.22191105397044,7.3239325865450855,0.0,0.6781907868441933,0.6220858850596537,0.5729654557880253
2024-04-10,18990000.0,10.2,17.9,9.41060464448227,2.2507549264740105,0.0,0.3769298677604864,0.3296571910531082,0.3478437306310254
2024-04-11,15430000.0,6.8,21.0,10.549391655492439,3.687407007202103,0.0,0.3990620119469943,0.3607795521372965,0.35782716332824693
2024-04-12,23050000.0,7.6,24.8,10.951960315237212,2.9630949165016895,0.0,0.5566259790385097,0.49657074702232773,0.4764347107515329
2024-04-13,23360000.0,8.8,27.1,10.749017119776989,2.7236529030470074,0.0,0.5995143162261811,0.5365438220325243,0.5307878190342572
2024-04-14,22810000.0,12.6,26.6,11.307261908536022,6.647508898535608,0.0,0.8521259026695981,0.7887815091331647,0.7052395402136089
2024-04-15,5210000.0,11.5,18.0,15.575783410613049,6.440990161930945,1.85,0.14941458195948504,0.136244982255101,0.12642689626852074
2024-04-16,18330000.0,7.1,20.6,10.29711114036792,7.847711990977201,0.010000000000000002,0.591255104868086,0.5458284759178291,0.4524799809292691
2024-04-17,23080000.0,6.6,23.1,10.197696177773826,2.8613320607834494,0.0,0.5325948892088415,0.47412877775379697,0.4482405692717702
2024-04-18,24290000.0,8.7,25.0,8.745970175386491,4.1992143109614855,0.0,0.7477613338224798,0.6836502238819457,0.6103247088268804
2024-04-19,23130000.0,13.5,26.3,9.91586037374185,4.7080285895526846,0.0,0.7173578289189836,0.6527915525345871,0.6791311566324802
2024-04-20,3080000.0,13.4,16.0,14.30943548261975,7.692074682231659,1.4900000000000002,0.16302859846514234,0.1552515059544595,0.15881880827673592
2024-04-21,5990000.0,12.8,17.5,12.932095652993658,6.237464450494466,0.12,0.2747698401077121,0.25949869495062516,0.25318915077026194
2024-04-22,17520000.0,8.9,20.7,10.191874652681289,7.063539396913119,0.0,0.5460486164874998,0.5017146857689643,0.4747794182981764
2024-04-23,18420000.0,9.6,20.0,11.07972242085252,8.302651816541097,0.22000000000000003,0.5649439392089654,0.5183325805425596,0.445917801666435
2024-04-24,15830000.0,10.3,20.0,11.310450913386871,7.662144430549823,0.34,0.516467211375543,0.47610957734604603,0.4264326847025064
2024-04-25,24380000.0,8.7,23.9,11.874205365788534,4.962435728848284,0.0,0.6650449702761835,0.6013962476468242,0.5169607185187114
2024-04-26,18950000.0,10.3,26.4,11.487069538587896,3.8161070894339937,0.0,0.6327555681859344,0.5812927164128687,0.5364445879210713
2024-04-27,25820000.0,9.1,27.2,10.435942671904902,4.651161111357197,0.0,0.8192038659329187,0.7493423665425595,0.6675386245511324
2024-04-28,21950000.0,14.2,29.4,12.633752702248474,3.9388211213295183,0.13999999999999999,0.7586980356376544,0.6954851002406518,0.6592148004274445
2024-04-29,5660000.0,11.0,16.8,14.96138772933716,3.403069616224667,1.2000000000000002,0.1315384488014635,0.11749575777600078,0.11608828807631928
2024-04-30,11840000.0,11.2,21.8,13.472838377276238,5.192898666798415,0.4,0.37079431234483945,0.3397595606670413,0.34814137901111586
2024-05-01,18660000.0,8.4,21.0,9.3268445348523,5.22282891848025,0.0,0.5430067335790161,0.49588967310845045,0.483779123247286
2024-05-02,25890000.0,8.2,23.9,9.615997727626397,3.669448856193001,0.0,0.6851867401205888,0.6179370018669366,0.5547753658578115
2024-05-03,26360000.0,12.4,27.1,10.435942671904902,1.8018011512464818,0.0,0.614436796281932,0.5410436124105302,0.5441168223398829
2024-05-04,24970000.0,17.2,28.0,13.998686905896934,4.085479354570511,0.43,0.7133371785692839,0.6405343263743156,0.6669238892212339
2024-05-05,3280000.0,15.3,18.3,18.067051290327523,10.715030102097018,6.18,0.12305217366728911,0.11440343869570442,0.10034881645913521
2024-05-06,10860000.0,13.4,18.7,13.61484264779683,9.565708437514546,0.09000000000000001,0.4419126140634524,0.4137035697438439,0.33138416459566217
2024-05-07,6230000.0,8.5,15.9,12.382863526820111,4.941484552670999,0.65,0.1755534156878988,0.16069391766882418,0.15721926623026072
2024-05-08,18200000.0,6.2,18.8,9.486827951417064,4.812784470439108,0.0,0.4493072761800068,0.40558536223754993,0.38399209473171503
2024-05-09,25900000.0,9.8,22.1,9.895994379931018,6.913888138503942,0.0,0.7397007373267502,0.672562098072751,0.6011328658215619
2024-05-10,26230000.0,9.7,26.1,12.563616965298376,4.561370356311692,0.0,0.7561103237015212,0.6854694704990238,0.5872132869939835
2024-05-11,20130000.0,12.5,25.9,15.162403491274379,7.88063526782722,1.5,0.706390316592556,0.6508788732285655,0.5516170004218233
2024-05-12,23770000.0,10.0,22.0,10.62763891590037,6.363171507558173,0.0,0.6554717135812628,0.593791576750487,0.5496140436968812
2024-05-13,27100000.0,8.1,24.2,9.580115811665943,3.8879396934703987,0.0,0.7404725387705264,0.6699367181377776,0.5850564285652805
2024-05-14,27010000.0,10.6,25.6,10.579426523815211,5.1150800124256435,0.0,0.8439706389766046,0.770957124176962,0.6656301504078789
2024-05-15,24640000.0,7.6,23.9,10.549391655492439,11.798505212979455,1.9300000000000002,1.1582272199196022,1.094616518006389,0.6678574387742515
2024-05-16,26330000.0,10.1,19.9,9.5994221563741,10.209208848674002,0.0,0.8384595332499094,0.7715463032953237,0.5911512396943517
2024-05-17,23860000.0,10.0,25.7,11.705498121973273,5.11208698725746,0.0,0.7767344104836114,0.7125365497043724,0.6027385290520195
2024-05-18,27030000.0,12.5,27.3,13.079951184668118,4.55239128080714,0.0,0.8088617539246092,0.7334088161524417,0.6531192831609662
2024-05-19,26150000.0,13.5,29.7,14.09128299811601,5.258745220498453,0.0,0.9401023960163888,0.8650313501164518,0.7334814545127257
2024-05-20,20920000.0,13.7,26.8,15.601151561721158,5.133038163434745,0.0,0.6387324963871378,0.5799869210263159,0.5452057221700584
2024-05-21,19340000.0,12.1,25.5,14.542477826258894,4.767889092916355,0.0,0.5746053180089622,0.5216517074809233,0.4910917100857743
2024-05-22,24440000.0,16.2,29.3,16.18160248412118,4.163298008943283,0.0,0.735220030966776,0.6638009968641032,0.6453846292291626
2024-05-23,27320000.0,14.3,31.1,12.245382336819246,6.943818390185776,0.0,1.2376573923963798,1.1578824349742785,0.932980302222089
2024-05-24,22930000.0,17.5,30.5,12.978816812262313,6.180596972298978,0.11000000000000001,0.9387807958218068,0.8705393472260206,0.8617582927205797
2024-05-25,16350000.000000002,14.0,25.2,10.676044627866455,5.96210613502158,0.0,0.6586737126230359,0.6132690289614539,0.6461584707418295
2024-05-26,19510000.0,14.8,29.8,17.50229755530006,8.44931004978209,2.25,0.9029332472677816,0.8463092159278303,0.6785357407853366
2024-05-27,22280000.0,12.7,24.1,11.705498121973273,8.530121729323046,0.0,0.7983506163234326,0.7377888795892107,0.6584584117025993
2024-05-28,19980000.0,10.6,23.7,11.564896828988594,5.216842868143884,0.020000000000000004,0.6148353755125373,0.5617904705839859,0.5284498148629657
2024-05-29,25620000.0,15.6,28.8,12.51124002609224,4.513481953620755,0.0,0.8223084899161883,0.7480656782245199,0.7385110136071941
2024-05-30,17130000.0,18.5,29.0,13.675026217556558,5.156982364780213,0.010000000000000002,0.6945824329600517,0.6437838310728792,0.7054586253716757
2024-05-31,26370000.0,16.0,27.8,12.839096603883766,7.985391148713644,0.0,0.9642335762880171,0.8881725482943033,0.8379816795029731
2024-06-01,22250000.0,13.3,25.7,12.824841359557416,7.611263002690703,0.06,0.7938178879907133,0.7321360892602307,0.666508430398808
2024-06-02,21480000.0,13.7,26.7,12.221461627707576,6.53078091697645,0.0,0.8073772772886162,0.7471100494114891,0.6979230565408108
2024-06-03,24720000.0,14.0,27.3,12.953640863937453,5.444312780925832,0.0,0.8100418937290224,0.7401600331785462,0.6905739399702249
2024-06-04,27650000.0,13.9,28.5,11.864222535048663,4.121395656588713,0.0,0.8624260716348789,0.7835552048327836,0.7265003158598753
2024-06-05,23580000.0,16.2,30.9,12.591630076337289,4.259074814325156,0.0,0.878181953362423,0.8084574586100608,0.7702794495454153
2024-06-06,22150000.0,14.8,30.4,12.917749683179325,3.9388211213295183,0.0,0.8222966728856541,0.7577158488520719,0.7012112907961401
2024-06-07,19980000.0,19.6,30.6,14.114515904677804,4.815777495607291,0.0,0.7571468385163813,0.6967729778263294,0.7657776956865188
2024-06-08,7880000.0,18.5,23.0,20.677773886526623,3.6604697806884503,1.0,0.2511085346165299,0.2287954500745904,0.22592900278917377
2024-06-09,22990000.0,17.1,30.2,17.956668624984143,3.780190787415792,0.010000000000000002,0.6983838946453151,0.6303056408161036,0.6160437892789735
2024-06-10,26010000.0,17.9,32.2,18.7817131152768,6.057882940403454,0.0,0.9745315987662858,0.8959898302671153,0.7904865543923801
2024-06-11,26590000.0,19.5,33.5,17.751885697391014,6.348206381717256,0.0,1.0876376444960383,1.0058084898173316,0.9144098166102864
2024-06-12,27440000.0,19.6,34.0,14.215581050926502,5.198884717134782,0.0,1.1088296196720018,1.0240663093218907,0.9680382897035711
2024-06-13,26000000.0,19.5,35.3,15.809685603550884,3.193557854451821,0.0,0.936850718200436,0.8559416576907154,0.8079986634193714
2024-06-14,25390000.0,21.4,35.0,16.921249379431394,3.783183812583975,0.0,0.9111255812356923,0.8313600355098109,0.842192123094558
2024-06-15,21330000.0,18.9,31.8,21.59413145918154,5.806468826276038,0.5599999999999999,0.7595385594242495,0.694869012248023,0.6564216235808515
2024-06-16,26540000.0,17.5,31.1,13.887513344053243,6.761243854926581,0.0,1.0825544286850222,1.0032346903078166,0.918318850284578
2024-06-17,21460000.0,18.7,31.5,12.300212900640886,5.156982364780213,0.0,0.8791577289254657,0.8143117304065213,0.8613603157157497
2024-06-18,27150000.0,19.3,34.3,15.929942669600727,6.910895113335759,0.0,1.2759853326468638,1.1921178444542426,1.027629601712787
2024-06-19,24760000.0,21.2,37.5,15.529369137173106,4.22914456264332,0.0,1.1149661618482665,1.0361577281677252,0.9635937299156087
2024-06-20,21780000.0,19.7,33.2,16.848689784970897,6.437997136762761,0.0,0.990440285804007,0.9234559866210024,0.8872819575239758
2024-06-21,17290000.0,23.1,32.4,20.840814960046817,4.38178884622068,0.27,0.6724555716945442,0.6184244130839454,0.6613504250595801
2024-06-22,4950000.0,22.8,24.7,27.519004415968265,4.483551701938921,4.220000000000001,0.16188967748013292,0.1472105718559938,0.1422097006744274
2024-06-23,15690000.0,22.6,29.6,24.654460956870803,9.083831385436998,0.08000000000000002,0.6866189141918104,0.6385794787159458,0.5624560672323545
2024-06-24,24110000.0,18.0,31.4,19.36194912178401,9.67345734356915,0.05,1.059155243778092,0.9866972465988673,0.8166152964450623
2024-06-25,24320000.0,17.6,28.8,16.436743314862174,7.955460897031809,0.0,0.8941173193871098,0.8225714431501808,0.7628399887475172
2024-06-26,26200000.0,17.2,30.0,16.663999859537533,3.331237012188263,0.0,0.7403822688078675,0.66285452229424,0.6547519971270097
2024-06-27,16520000.0,17.8,30.0,17.37168583840232,2.8673181111198165,0.0,0.5223050313967296,0.4732101216512782,0.5118346631525321
2024-06-28,27280000.0,19.4,33.2,17.908860827212255,3.166620627938169,0.0,0.8426527221981018,0.758912928382404,0.7402084602320075
2024-06-29,15520000.0,23.4,31.6,25.293265803904646,9.020977856905143,3.38,0.7458612914646209,0.6975064284266355,0.6491072727235536
2024-06-30,16860000.0,21.4,29.5,25.429237265468085,8.850375422318681,0.13,0.6411865828692576,0.5900014305002971,0.5015409284463852
2024-07-01,24830000.0,22.7,32.7,23.612978720043095,3.8580094417885635,3.3200000000000003,0.7769451804203126,0.6993978131506681,0.6807840502681787
2024-07-02,4680000.0,22.9,26.5,28.407420103781483,7.542423423822482,2.7300000000000004,0.20232136969327613,0.18825652411887658,0.17878568780621862
2024-07-03,23760000.0,21.8,30.8,25.435727997069865,8.964110378709655,0.04000000000000001,0.8489970276319804,0.7760623685021788,0.6424023098769279
2024-07-04,25420000.0,23.4,33.9,26.695546926658743,9.484896757973589,0.06999999999999999,1.0204517884758084,0.9401762379251084,0.8227641214708374
2024-07-05,24200000.0,23.3,30.3,23.75936521486839,7.452632668776976,0.11000000000000001,0.8744744960571629,0.7997196815355634,0.7014227177724234
2024-07-06,18710000.0,25.2,33.9,29.431189486488943,10.143362294973967,0.37000000000000005,0.8737850679995651,0.8141020407219421,0.7216559942693018
2024-07-07,9690000.0,24.6,29.7,30.297430734194588,9.212531467668889,1.6600000000000001,0.4419122340420736,0.4118497275657587,0.3568597179988327
2024-07-08,5400000.0,23.6,27.5,30.04876536635805,4.998352030866486,3.6100000000000003,0.1977647490292384,0.18134921681906152,0.1749825647817818
2024-07-09,5190000.0,22.4,26.4,28.37883630544453,6.716348477403829,9.8,0.19397712431187258,0.1784441684734302,0.16416733630395097
2024-07-10,14940000.0,21.8,28.6,26.479626695824226,3.262397433320042,0.05,0.4360886042621481,0.3908834143356362,0.36186077134903755
2024-07-11,21460000.0,21.8,30.1,26.065618404248106,4.262067839493339,0.020000000000000004,0.6331006439840227,0.5675218558757437,0.5093072408081729
2024-07-12,24350000.0,21.9,31.8,25.364409504886716,2.870311136288,0.0,0.6890822419458963,0.61381727286427,0.5769065431240861
2024-07-13,21110000.0,21.6,30.7,25.986144245319206,5.884287480648809,0.36000000000000004,0.6779365835431216,0.6132607099012585,0.5460295764068733
2024-07-14,17130000.0,21.4,28.7,25.794955044510242,6.324262180371787,0.48,0.5534967024080835,0.5017696553342355,0.433401430951621
2024-07-15,16370000.000000002,22.6,29.7,26.479626695824226,5.590971014166825,0.45,0.5553000327111994,0.5051463590249228,0.45955955633409784
2024-07-16,14780000.0,23.2,29.5,28.229182868670847,4.869651948634594,3.1300000000000003,0.48019871688006244,0.43480053348915393,0.39156904903842515
2024-07-17,16170000.000000002,24.2,31.9,29.071820394765258,6.467927388444597,0.0,0.6119162174857196,0.561205438236429,0.5165714337434532
2024-07-18,7170000.0,24.4,28.9,28.918981194190437,8.748612566600443,1.1300000000000001,0.3841230530025432,0.36201610493507336,0.33605521502419244
2024-07-19,15140000.0,22.0,30.6,27.43567267337852,5.228814968816617,0.0,0.5071308746428717,0.46065651693137355,0.42992225981316007
2024-07-20,12460000.0,25.4,30.1,30.244534052917444,7.623235103363436,0.7200000000000001,0.5115773865080657,0.4726399523676343,0.41611362440059824
2024-07-21,22370000.0,25.1,31.4,29.45331705063257,7.114420824772238,0.04000000000000001,0.7785429890668151,0.7082241719986719,0.5943682180954337
2024-07-22,17470000.0,26.7,33.6,27.94603355187062,7.314953511040534,0.0,0.7970685231386623,0.740979034962956,0.7173291725933998
2024-07-23,9260000.0,24.7,29.7,30.647049603753267,4.9594427036801,0.43,0.344679238470203,0.315933192253155,0.29937719535724616
2024-07-24,21600000.0,23.9,33.2,29.697680033590387,4.196221285793301,0.09000000000000001,0.6838195071655967,0.6156854135634517,0.5653307478478204
2024-07-25,21420000.0,24.9,33.5,31.364652236155187,3.612581377997514,0.26,0.6696794363860541,0.6016151434458917,0.5470659783924221
2024-07-26,19200000.0,25.3,32.8,30.685262856462565,8.53311475449123,0.27,0.7621243680687433,0.7012164451131226,0.6035822320172303
2024-07-27,16059999.999999998,25.2,32.7,33.26001996127091,3.9238559954886005,0.4,0.5182440632589156,0.46735430776839804,0.42193693743309807
2024-07-28,23460000.0,25.9,34.3,29.342824222372897,7.695067707399842,0.010000000000000002,0.9235997723210068,0.8483187832420018,0.7652056438369026
2024-07-29,20070000.0,25.6,32.2,29.313420627035917,12.268410164384267,0.0,0.928841197333419,0.8652806740994985,0.6910217097667953
2024-07-30,19820000.0,24.8,32.6,29.35017914135424,8.637870635377652,0.0,0.7893634623347413,0.726736834448583,0.6308700936513084
2024-07-31,23710000.0,25.6,34.5,30.06378514702448,5.240787069489351,0.010000000000000002,0.8200662317466421,0.7440236151110724,0.6875022510369828
2024-08-01,20260000.0,26.4,34.5,31.178075788179807,5.150996314443846,0.0,0.736178792052091,0.6709252361209752,0.6308331337887947
2024-08-02,23710000.0,26.6,35.1,32.2482759071111,5.534103535971337,0.05,0.8392706846545099,0.7625873293266843,0.6913683928537907
2024-08-03,24390000.0,25.6,35.2,31.58355474360301,4.235130612979687,0.020000000000000004,0.7980141026052305,0.7194998442116994,0.6619924952819536
2024-08-04,22550000.0,25.0,36.1,30.915416338972598,3.2683834836564087,0.33,0.7262448595193072,0.6535396225020664,0.627969681584711
2024-08-05,19880000.0,24.8,34.0,32.08096245739796,2.2208246747921754,0.67,0.5906162877222794,0.5273054542392035,0.48758008399278535
2024-08-06,21720000.0,25.2,33.8,31.302352193130304,2.909220463474386,0.06999999999999999,0.660998100393609,0.5917514180613516,0.544697977144551
2024-08-07,21990000.0,24.6,33.6,31.513048389433607,3.2085229802927384,0.43,0.6629531055762624,0.5931554559167462,0.5386333983426066
2024-08-08,18270000.0,24.1,32.9,29.786976850458824,4.522461029125306,0.03,0.6060863354189912,0.5484893315255801,0.5152759290053038
2024-08-09,24280000.0,23.6,34.1,28.03778387566124,3.1845787789472704,0.0,0.7266128311586134,0.6497629032726866,0.6173381394922947
2024-08-10,22620000.0,24.8,35.1,27.819427409468688,4.235130612979687,0.020000000000000004,0.7653320213011365,0.6928629269269784,0.682707844524228
2024-08-11,21590000.0,23.9,34.6,28.314614533910255,2.9152065138107526,0.010000000000000002,0.6631481525200702,0.5945055392228313,0.5794498043813688
2024-08-12,24320000.0,24.0,35.3,27.152615984748895,3.7891698629203416,0.020000000000000004,0.7780484480923809,0.7003853414954188,0.6905306674581594
2024-08-13,24870000.0,23.3,35.3,24.895525854254902,4.145339857934181,0.0,0.8092418150602629,0.7301270250010754,0.7403404925328398
2024-08-14,24760000.0,23.9,35.7,25.520239334578473,5.055219509061973,0.010000000000000002,0.8627782047970303,0.7835811839602049,0.7916891449329013
2024-08-15,23310000.0,23.9,36.2,25.781815000393422,4.758910017411804,0.0,0.8333750250451917,0.7586152868007744,0.7704737236031578
2024-08-16,21550000.0,23.7,34.2,25.946486608797844,4.405733047566148,0.05,0.7274181437588247,0.6591320770825699,0.6616106759488943
2024-08-17,22570000.0,24.5,35.3,28.257635054719184,3.4749022202610718,0.24,0.7221377988372899,0.6498677521880942,0.640304877799954
2024-08-18,21710000.0,24.4,36.5,24.730365342598194,4.875637998970962,0.0,0.8174820278015394,0.7475583012830535,0.7929287751745167
2024-08-19,21330000.0,26.0,37.1,27.560753098374565,5.510159334625869,0.06,0.8499075909389793,0.780431103481324,0.8119542760150205
2024-08-20,17330000.0,26.3,35.4,31.575713917262107,7.204211579817744,0.41,0.7447507220697765,0.688701690107262,0.6665089314699081
2024-08-21,9990000.0,24.8,32.6,32.9577006879265,3.9956885995250055,0.86,0.3583166639776184,0.32675056848908546,0.3245402848517548
2024-08-22,18780000.0,24.3,35.6,29.490228584373618,10.191250697664902,0.19,0.8852031794419176,0.8250365307970595,0.7756384345546925
2024-08-23,21780000.0,24.3,33.4,26.953948124116625,6.671453099881076,0.12,0.8053364119908345,0.7363993679481868,0.69737943429846
2024-08-24,22170000.0,23.2,34.4,27.875634848941175,3.645504654847533,0.2,0.6839070517859214,0.6137753161249566,0.6000787753677072
2024-08-25,22290000.0,23.7,34.5,27.861573702409487,2.684743575860622,0.08000000000000002,0.6575678619655416,0.5868179933475057,0.5730948312265756
2024-08-26,15870000.0,23.3,33.9,28.723504382994925,3.5467348242974768,0.9199999999999999,0.5252381519885112,0.47514983279502765,0.48321201341670666
2024-08-27,7760000.0,20.0,27.0,23.57043148103921,5.321598749030307,0.30000000000000004,0.3043497167443989,0.28142054992991866,0.29128937929430243
2024-08-28,18860000.0,22.2,32.5,23.28048047609646,8.135042407122821,0.0,0.7985447705630756,0.7398901461030138,0.7261876321693139
2024-08-29,22140000.0,22.7,33.1,25.520239334578473,10.056564565096643,0.0,0.9199639416343504,0.8506532697848218,0.7650244238902122
2024-08-30,21460000.0,21.9,34.7,24.484420159429728,7.518479222477014,0.06,0.8882814318578023,0.8207839411604961,0.7860569184384979
2024-08-31,23280000.0,21.6,33.7,21.126086350337832,4.9325054771664485,0.0,0.7786495677063658,0.7059864953298955,0.7437029824575542
2024-09-01,22230000.0,21.5,33.7,22.446709164130535,4.504502878116204,0.0,0.7246415707548925,0.6552973813685635,0.6821899184103906
2024-09-02,13010000.0,23.0,30.5,22.963954043593404,5.590971014166825,0.27,0.5496161755380413,0.5094527871080519,0.5383337358344915
2024-09-03,17550000.0,18.2,31.0,18.28473857994059,5.9890433615352325,0.0,0.6896047257760881,0.6369341290280917,0.6557105170217558
2024-09-04,23000000.0,20.4,32.9,19.727968661593742,3.6814209568657352,0.0,0.6951740435792956,0.6242591474074957,0.6588406989794707
2024-09-05,20810000.0,24.1,35.2,25.703097472517662,6.390108734071825,0.19,0.8129440867087488,0.7464897590655424,0.768633203899532
2024-09-06,13680000.0,23.1,31.6,24.90189738592253,5.875308405144259,0.19,0.56041606305538,0.5178712453134053,0.5391185582465378
2024-09-07,15120000.0,22.4,31.3,26.479626695824226,3.0379205457062777,0.22999999999999998,0.4546743707757436,0.4079389977772143,0.4116066375187241
2024-09-08,19560000.0,23.6,34.6,26.52672845092102,4.073507253897777,0.7200000000000001,0.648190127432044,0.5861054513365399,0.6070706522579149
2024-09-09,18140000.0,22.7,34.2,26.358843179743165,4.175270109616017,0.05,0.6027702509170012,0.5456159846100548,0.5707195862698262
2024-09-10,21140000.0,24.4,36.5,24.0730734570373,2.885276262128918,0.0,0.6676445449719558,0.5995566786154015,0.6479782704433416
2024-09-11,12770000.0,24.8,32.5,30.75415145283603,3.3581742387019147,2.37,0.42261235301507777,0.38228509965030816,0.38084196331617565
2024-09-12,12630000.0,24.7,32.3,30.464203221776863,1.8227523274237665,0.17,0.3757065271820675,0.3358898791703663,0.3307653970268266
2024-09-13,18070000.0,25.1,34.7,27.861573702409487,4.306963217016092,0.03,0.6352753680600928,0.5774145021783486,0.5976843874745643
2024-09-14,19470000.0,24.5,35.8,27.152615984748895,4.309956242184276,0.0,0.6775295983747815,0.6150188751474776,0.6500652437223928
2024-09-15,16990000.0,23.8,32.9,25.080879829301896,9.586659613691829,0.13,0.8160596857529574,0.7625905660742698,0.7361203034603205
2024-09-16,8380000.000000001,24.9,29.9,26.702319138198103,5.121066062762011,0.0,0.3895922475323708,0.36351463495269937,0.391701654117892
2024-09-17,17110000.0,24.9,36.5,30.62414158218548,3.190564829283637,0.8,0.5684590622497293,0.5132072211881027,0.5321132973045559
2024-09-18,14010000.0,24.3,34.9,31.185830437395172,2.122054844242119,1.7300000000000002,0.43057764201902254,0.38586271389342836,0.3902917920848855
2024-09-19,14960000.0,25.5,33.1,31.614935029854806,1.9245151831420064,0.21000000000000002,0.43773755912946505,0.3901478020210837,0.3752256464244837
2024-09-20,6040000.0,18.7,29.5,28.236293569682296,5.258745220498453,5.23,0.18225533435487634,0.16425435965235533,0.1848992507097424
2024-09-21,3190000.0,18.3,21.8,22.11139634005991,4.600279683498076,2.3800000000000003,0.09837480138256091,0.08944723718588382,0.10413043002285735
2024-09-22,11530000.0,15.5,24.8,17.33452551591631,7.027623094894916,0.020000000000000004,0.4150022882572279,0.3826794961561778,0.3878711784587952
2024-09-23,20060000.0,13.7,24.1,13.81509670353525,5.411389504075813,0.0,0.519148681950149,0.4641249309245857,0.4806354600166799
2024-09-24,19120000.0,17.7,26.2,17.390292176335173,3.1965508796200046,0.0,0.46068330210197495,0.40549092584351454,0.42985645101989867
2024-09-25,15920000.0,18.0,27.4,21.02695420784076,2.960101891333506,0.0,0.38878300543150346,0.3422962806086685,0.35476875460445395
2024-09-26,17240000.0,18.1,28.3,22.05402888949012,2.0891315673921,0.08000000000000002,0.39143534212971925,0.3407177884157121,0.3487850768453108
2024-09-27,18000000.0,18.7,27.9,20.387112067887177,3.0828159232290306,0.010000000000000002,0.4429481564468708,0.38991693215202705,0.40733443180131335
2024-09-28,16610000.0,17.6,26.4,19.214167776592788,7.057553346576752,0.05,0.5155874200837426,0.4676031157468835,0.4521983332368237
2024-09-29,16129999.999999998,15.1,26.3,16.780913124224355,6.066862015908004,0.03,0.4797778172587637,0.4341416178165928,0.4597051394143647
2024-09-30,18780000.0,13.7,26.3,15.224410988664454,2.8942553376334685,0.0,0.4171564132811077,0.3646432720580589,0.4057297372000873
2024-10-01,10870000.0,11.2,26.5,12.74668592239065,8.581003157182165,0.010000000000000002,0.7391207046730728,0.7093314821030489,0.5859449448454258
2024-10-02,17540000.0,10.6,19.8,9.161293005415498,5.444312780925832,0.0,0.4611630985346385,0.4163986150483897,0.4513936529634469
2024-10-03,5490000.0,9.9,17.9,13.461683142963226,5.142017238939296,0.53,0.16719695476588115,0.15357604067934574,0.17030901003701496
2024-10-04,18510000.0,11.0,22.0,13.350576360749564,3.307292810842795,0.0,0.3503186117062173,0.3018006004261461,0.3340434597619176
2024-10-05,16290000.0,11.8,22.6,13.502625386253856,3.2683834836564087,0.0,0.33614106302057145,0.29285084968263125,0.33435220163297014
2024-10-06,4290000.0,13.3,19.1,15.462074146805726,2.9870391178471576,0.75,0.13527209131113455,0.12409478348686462,0.14918260853405105
2024-10-07,8920000.0,10.9,21.0,13.921932190561238,3.6275465038384316,0.04000000000000001,0.22368963853349627,0.20056698748540075,0.23873228832411247
2024-10-08,16180000.0,12.9,23.0,14.6702622541238,3.1845787789472704,0.03,0.3292491081670758,0.2856334148428734,0.32221862136546014
2024-10-09,14680000.0,11.3,22.5,13.465400652352969,4.1064305307477955,0.0,0.3287098470170374,0.28992537118118133,0.33439053343111735
2024-10-10,16110000.0,11.8,22.4,13.383823474479838,2.502169040601426,0.0,0.3003574928955669,0.25762853058505314,0.303259232117054
2024-10-11,16290000.0,9.4,24.1,13.369038008637,2.4453015624059398,0.0,0.322666740374426,0.2797554231272595,0.3112531284387858
2024-10-12,17010000.0,9.9,24.0,12.483384232193442,2.8403808846061653,0.0,0.3537475937408483,0.3087632561081223,0.3477134255182827
2024-10-13,12070000.0,14.3,23.6,14.863787412486532,4.022625826038658,0.010000000000000002,0.32061869289613243,0.2874815319328857,0.3378382969079815
2024-10-14,3200000.0,15.2,19.4,17.46022164676083,2.0741664415511822,2.5100000000000002,0.09306763273054948,0.08454729675442227,0.11021768680285175
2024-10-15,5130000.0,14.7,22.0,18.509635716863738,3.0439065960426444,0.03,0.13741340117783007,0.12348176900918488,0.1489892266300657
2024-10-16,12770000.0,14.9,24.4,17.325246332105714,2.858339035615266,0.0,0.27395009791368025,0.23845646491428854,0.2757002751458416
2024-10-17,11330000.0,13.6,23.1,16.383667958431545,4.025618851206841,0.0,0.2640460251678026,0.23327694281482994,0.26854536695029196
2024-10-18,4640000.0,16.0,22.5,22.140128991132958,4.588307582825343,1.6,0.09218084313097472,0.07937405392328369,0.08321288074549801
2024-10-19,5610000.0,9.7,20.9,11.435441025113665,10.643197498060614,0.32000000000000006,0.4343191417452251,0.41997144275396014,0.4105268517162644
2024-10-20,11910000.0,8.4,15.8,9.254428219654715,8.799493994459562,0.0,0.38451434529155537,0.35617552254789503,0.32880442130202864
2024-10-21,8730000.0,14.7,18.6,15.390853767620676,2.801471557419779,1.9300000000000002,0.18086494833579428,0.15791370647793462,0.18069621917547782
2024-10-22,4150000.0000000005,12.8,19.5,17.007769690969493,7.305974435535983,0.45,0.12529974278017045,0.11449813187146538,0.12066666109353474
2024-10-23,11790000.0,5.6,17.1,9.766316365367128,9.694408519746435,0.0,0.33856559602947034,0.31102354621549594,0.30000630547222545
2024-10-24,15570000.0,5.8,18.1,9.435045923091035,4.663133212029932,0.0,0.28031644542831674,0.2434032818141581,0.29398056565876324
2024-10-25,13790000.0,11.5,20.8,13.251270041606482,3.7622326364066905,0.0,0.26385786844582937,0.22796528665521665,0.2751544566140286
2024-10-26,12830000.0,10.9,22.7,14.126144968943906,4.740951866402703,0.0,0.2796061811910171,0.24577591604301965,0.3022518105567464
2024-10-27,5070000.0,11.4,19.1,14.71441527245625,3.3671533142064654,0.06999999999999999,0.1292634810980811,0.11631048747528623,0.14829992477055892
2024-10-28,8150000.0,9.4,18.7,12.221461627707576,6.539759992481001,0.06,0.2419253041523199,0.22163713589717865,0.24912017044384113
2024-10-29,11050000.0,8.1,19.9,11.396853729432232,3.6604697806884503,0.0,0.2159071444334874,0.1884304314134116,0.2518358760622913
2024-10-30,14130000.0,8.6,21.3,11.561644787411671,4.040583977047758,0.0,0.27626612465948475,0.24039540704423143,0.30291457347631673
2024-10-31,13330000.0,10.8,20.4,12.74668592239065,2.645834248674236,0.04000000000000001,0.21408172858471103,0.17977558906992935,0.23539026516661102
2024-11-01,2380000.0,12.5,14.4,14.47895290495321,3.23546020680639,1.7800000000000002,0.056384042730032904,0.050538831680975636,0.07288168629615294
2024-11-02,10990000.0,10.2,22.2,13.975621559708687,4.13636078242963,0.0,0.22378220825481257,0.19514849893343122,0.25819881906182546
2024-11-03,13210000.0,9.7,19.6,12.739601687471033,3.307292810842795,0.0,0.20426803270126306,0.17094841237197214,0.22238727208915327
2024-11-04,8780000.0,8.2,20.1,9.505968570264713,6.9946998180448965,0.0,0.35333525245026304,0.3314303117996686,0.3931371518801655
2024-11-05,12640000.0,4.1,16.5,6.083963625921374,8.20388198599104,0.0,0.4419495026421325,0.4132008705092364,0.4257771761473707
2024-11-06,14010000.0,0.4,12.3,5.142201428762892,5.5760058883259065,0.0,0.2557665600990851,0.22726396780780753,0.28388138845167665
2024-11-07,13190000.0,4.0,15.1,8.46273985929312,2.3944201345468197,0.0,0.147627040565213,0.11821631249955859,0.18017378180761384
2024-11-08,12470000.0,8.7,16.8,10.540395846164227,3.3521881883655475,0.03,0.18669499175252666,0.15656096390083835,0.21180232764105628
2024-11-09,10520000.0,9.2,17.8,12.310517629961986,3.699379107874836,0.0,0.16620501019770956,0.14033877158580338,0.1849642734150242
2024-11-10,8119999.999999999,6.0,17.3,11.221457300386353,2.7984785322515955,0.0,0.11976657300030993,0.1006564358114476,0.15194501304720176
2024-11-11,11740000.0,8.5,18.7,11.545396644126312,2.9241855893153037,0.0,0.1682401053044602,0.13930859820600588,0.20155194116577616
2024-11-12,12430000.0,6.4,18.7,9.179853675467182,4.369816745547945,0.0,0.234529660040914,0.2046336191372869,0.2860748568111263
2024-11-13,10920000.0,7.2,19.3,11.07032969820302,2.493189965096876,0.0,0.15235088987728976,0.12565416178307512,0.1953774727579491
2024-11-14,8369999.999999999,10.8,17.9,12.65134032462402,1.6341917418282044,0.13,0.11891286711838893,0.09793867460822439,0.14194685917822988
2024-11-15,5300000.0,10.0,17.7,12.789264098207319,2.400406184883187,0.05,0.10757725511177736,0.09444244150368349,0.13612426556925714
2024-11-16,11160000.0,10.2,21.6,13.898977978399655,5.905238656826094,0.0,0.23200389628279225,0.20310424430359236,0.26568579847888085
2024-11-17,2910000.0,-0.0,11.9,3.7820847917807754,10.975423291728985,0.0,0.49361444256209863,0.4877665674482795,0.40932467576568926
2024-11-18,12600000.0,0.1,8.4,3.4237843356019724,4.588307582825343,0.0,0.2144621357094803,0.19048291553602842,0.25572886435848824
2024-11-19,9000000.0,0.8,10.1,6.602721584840084,2.639848198337869,0.0,0.09703766973129228,0.07923219128863383,0.12876432726858641
2024-11-20,10480000.0,4.5,12.7,7.321629910561754,4.923526401661898,0.0,0.18465561980812478,0.16188728502585736,0.21534803658435392
2024-11-21,7860000.0,3.1,13.6,8.271985208893891,6.8121252827857015,0.0,0.17693138162921324,0.15997441231648096,0.196741570906231
2024-11-22,11830000.0,0.2,11.6,4.712079174170702,4.672112287534482,0.0,0.19947921526522705,0.17574273359377884,0.254099066895772
2024-11-23,10070000.0,0.9,11.6,6.050820577767957,1.8227523274237665,0.0,0.09367604345718612,0.07325169530878398,0.13751133940112084
2024-11-24,10820000.0,1.1,12.1,7.048002157629426,1.6132405656509197,0.0,0.08024788254458551,0.058067470732826754,0.11830084099364897
2024-11-25,10160000.0,4.6,14.7,9.28119108905522,5.36649412655306,1.7600000000000002,0.15038616277560884,0.12767088964281714,0.1812017990260289
2024-11-26,6940000.0,2.4,11.8,6.108,12.181612434506944,0.21000000000000002,0.3814024356588036,0.3669614180987355,0.30201770423906316
2024-11-27,6190000.0,-0.2,5.5,4.943679805524055,9.640534066719134,0.35000000000000003,0.22288000872104713,0.21172480355254222,0.17860852562535845
2024-11-28,9110000.0,-1.7,7.3,5.107314642396095,8.503184502809393,0.0,0.19329704766541736,0.17679320458766226,0.18036954578614156
2024-11-29,10150000.0,0.0,7.0,5.038169142723842,9.589652638860013,0.0,0.24270376705972688,0.22386697954132645,0.20489335049794075
2024-11-30,7880000.0,1.6,10.1,6.5335972575781796,5.177933540957497,0.0,0.14121110456440075,0.1254247078022499,0.16741811165480963
2024-12-01,7750000.0,2.9,13.2,8.218873043518283,1.3528473760189532,0.0,0.06725116647627241,0.05067311189968182,0.10159699740841455
2024-12-02,10000000.0,-1.2,16.8,6.3453547366526495,7.524465272813381,0.0,0.3949035360218146,0.373665245734187,0.33874775376809
2024-12-03,9600000.0,-1.6,7.0,3.037624742623397,6.752264779422032,0.0,0.26217160685010715,0.24484077251061137,0.27153694217218394
2024-12-04,10830000.0,-1.4,6.6,3.966454801881895,6.021966638385251,0.0,0.18920575443623783,0.16972289708420674,0.20863584961020534
2024-12-05,9510000.0,0.0,7.6,5.1565339948784,9.490882808309955,0.0,0.23803367004682907,0.2202046438759624,0.2078714712223444
2024-12-06,10150000.0,-2.4,7.1,3.54886482562879,8.997033655559676,0.0,0.28952490653515534,0.27142586069333163,0.26280415138309504
2024-12-07,10460000.0,-3.9,5.9,3.5706768664247845,9.416057179105369,0.0,0.2565247347228007,0.23876627054284,0.22656069205613188
2024-12-08,10800000.0,-3.3,3.2,3.010807662250562,6.731313603244747,0.0,0.19724806556313876,0.17962840703728838,0.19720680398701143
2024-12-09,10490000.0,-2.3,6.7,4.0920226785060665,5.57899891349409,0.0,0.16100937802302717,0.14240361093567358,0.18924453759589308
2024-12-10,10750000.0,-0.4,7.5,3.7267225195002283,6.300317979026319,0.0,0.22380934107740927,0.20382512712367337,0.24659912298306716
2024-12-11,9110000.0,-2.9,9.5,3.9487984278945265,4.525454054293489,0.0,0.16853816030974264,0.15174647868032434,0.2176655120227718
2024-12-12,10410000.0,-1.6,6.7,2.542255140426068,6.366164532726356,0.0,0.2603765373946222,0.24168216848279692,0.2830946198933665
2024-12-13,6990000.0,-4.1,6.2,2.7907601720327055,8.443323999445724,0.020000000000000004,0.2935254558164563,0.2816360852215202,0.26960871730571434
2024-12-14,10650000.0,-2.4,3.1,3.531728429504576,7.446646618440609,0.0,0.190673459740563,0.17302978903930274,0.18086480911693276
2024-12-15,5610000.0,-3.8,6.3,3.5879808738731755,8.796500969291378,0.0,0.25430338575760236,0.2446903153881796,0.22959947056361707
2024-12-16,8840000.0,-3.4,6.3,4.042920725437184,7.237134856667764,0.020000000000000004,0.1855695853053219,0.17030987603228182,0.19284621540922203
2024-12-17,10330000.0,-5.2,5.6,3.2114032957810754,6.075841091412555,0.0,0.17245508229852394,0.15543933866727064,0.1987272985774485
2024-12-18,10740000.0,-5.5,1.3,2.1346281870940103,7.730984009418044,0.0,0.23046588975761217,0.21432434447008974,0.21025216156895019
2024-12-19,10650000.0,-3.9,6.4,2.6515347465337933,2.801471557419779,0.0,0.11059464325547656,0.0923452315915991,0.17279861112495212
2024-12-20,7280000.0,-1.7,7.5,5.150159605062484,5.294661522516655,0.25,0.12605447455103413,0.11281986919847416,0.15288726942843817
2024-12-21,9150000.0,-7.0,4.4,3.081781680557309,13.103464186307471,0.0,0.3035036067700176,0.2892946400429987,0.21857151929554494
2024-12-22,10780000.0,-5.8,0.1,2.374605772037828,7.479569895290628,0.0,0.19210195964184257,0.1764019515011377,0.17567646059408865
2024-12-23,9910000.0,-4.2,6.8,3.719554634521753,6.809132257617518,0.0,0.18818010874207175,0.1711673894418565,0.20802216959178305
2024-12-24,10760000.0,-4.0,4.7,3.0197232159231966,4.4296772489116165,0.0,0.13958060131838473,0.12175469552067957,0.1793468651386057
2024-12-25,6460000.0,-0.7,6.3,4.85680838006267,6.731313603244747,0.0,0.16780061560417733,0.15609756112752554,0.1711364995275799
2024-12-26,10120000.0,-5.3,4.7,2.8420365978393063,13.208220067193894,0.0,0.3723917602913932,0.3560408853681794,0.25823743870240834
2024-12-27,10380000.0,-5.5,1.6,2.7230685927959306,10.02064826307844,0.0,0.24809239428078694,0.23239492032685033,0.19378783351740203
2024-12-28,10260000.0,-4.1,0.5,3.1388058671460803,8.583996182350349,0.0,0.18841780326650256,0.1728058239473485,0.1574362975465008
2024-12-29,7940000.0,-2.3,5.6,4.825145601897421,4.944477577839183,0.0,0.10917438632160097,0.0953677951272652,0.13106107643466033
2024-12-30,6540000.0,-2.2,9.5,5.437327505981332,8.784528868618644,0.0,0.1994412031831816,0.18724210124396456,0.20191413415572917
2024-12-31,10980000.0,-3.6,4.7,2.835464325260696,7.784858462445348,0.0,0.2494140796936192,0.23108503938442576,0.2377725039860385
2025-01-01,10110000.0,-2.4,8.1,4.304618866006374,5.93516890850793,0.0,0.17479694949732136,0.15644952907355622,0.205993652991269
2025-01-02,10730000.0,-3.7,7.6,2.170592081973204,7.5005210714679125,0.0,0.3122959025079243,0.2934341903481549,0.32075615412925024
2025-01-03,10890000.0,-4.4,2.9,2.881755440870326,6.9917067928767125,0.0,0.19735184791487578,0.1800651325821633,0.19333788222368997
2025-01-04,10920000.0,-4.4,4.5,3.2061687345903347,3.947800196834069,0.0,0.121817449435127,0.10393316865790928,0.16025252783457294
2025-01-05,3120000.0,-2.2,3.2,4.5999249710685,1.5114777099326797,0.1,0.053029249900636885,0.04783085061966457,0.0729425350343164
2025-01-06,9750000.0,-5.0,6.0,3.4661567837752383,10.077515741273928,0.0,0.2686759795838935,0.25243098183085505,0.22979303933119985
2025-01-07,10600000.0,-4.0,2.4,3.0346346213207647,9.541764236169076,0.0,0.2504909189052929,0.2336978425908792,0.19978770417525232
2025-01-08,7910000.0,-8.9,2.6,2.6515347465337933,10.945493040047149,0.0,0.24654282980854644,0.2351691975692735,0.1916153922968111
2025-01-09,11120000.0,-11.9,-5.1,0.9310166230505853,11.693749332093029,0.0,0.29589266088252647,0.2834337653395812,0.18589626429185022
2025-01-10,11370000.0,-9.5,-2.1,1.7566665076072352,5.806468826276038,0.0,0.14901097170964767,0.13448944023687115,0.14890777087583845
2025-01-11,11480000.0,-5.6,0.8,2.545661767631319,6.764236880094765,0.0,0.18398426970496168,0.1669446755769288,0.17395493651757904
2025-01-12,11190000.0,-4.6,2.7,2.9142694276559733,6.761243854926581,0.0,0.19332225519939067,0.1756998553210571,0.18738485550571943
2025-01-13,9350000.0,-2.2,5.4,3.9149436230154158,6.797160156944785,0.0,0.1980502628059879,0.18182145143827483,0.19564228760771749
2025-01-14,9640000.0,-4.6,8.9,3.582204618799982,9.993711036564788,0.0,0.3888378627748847,0.37177020991356985,0.289655817814654
2025-01-15,12010000.0,-5.2,0.1,2.0671189670352463,8.778542818282277,0.0,0.26752113080204326,0.2498066493661109,0.21314821950602472
2025-01-16,5820000.0,-4.4,4.5,3.8173610001879745,6.575676294499203,0.0,0.1653011077026979,0.15576937564011484,0.16433059751800325
2025-01-17,11650000.0,-4.3,6.2,3.397260370520041,3.4090556665610348,0.0,0.12706873158085016,0.10732677274160973,0.16922501511953697
2025-01-18,11520000.0,-3.8,9.7,2.6015916577736133,3.190564829283637,0.0,0.19243879703777092,0.17145971574260044,0.23595320874443643
2025-01-19,10450000.0,-2.1,9.3,4.825145601897421,3.3222579366837124,0.0,0.12503845620418294,0.10557897153866054,0.16931743923392178
2025-01-20,10260000.0,-3.1,9.3,4.623033078855382,3.576665075979312,0.0,0.13589289534155163,0.11711114158833644,0.176093456364788
2025-01-21,11940000.0,-2.8,8.9,4.434034272863969,4.0615351532250425,0.0,0.14873787546133185,0.12691847088924685,0.1904083103291754
2025-01-22,9180000.0,-2.8,9.2,4.586971687029104,4.462600525761634,0.0,0.15627616918134574,0.13941344483775164,0.1944844234157523
2025-01-23,12440000.0,-4.8,10.6,3.1957223460417317,2.6578063493469695,0.0,0.1881591355913282,0.16554395831305263,0.2089808153533637
2025-01-24,12650000.0,-1.8,9.1,3.4740128177602903,1.5563730874554327,0.0,0.10544891719744502,0.08185279494498394,0.15303487503345042
2025-01-25,9760000.0,-2.4,9.3,4.738643778824072,4.351858594538845,0.0,0.15716420331044828,0.1390819965220636,0.19283607603585812
2025-01-26,7530000.0,0.1,7.7,5.497781992834329,3.1875718041154535,0.5900000000000001,0.11482672630420827,0.10066226977184842,0.1391898890578299
2025-01-27,7220000.0,-2.8,2.6,3.8002948244893036,11.373495639097394,0.13999999999999999,0.2633424326619022,0.2515861182252993,0.17769868200121133
2025-01-28,9470000.0,-6.1,0.4,3.898735187370005,15.23449810605414,0.0,0.18697560633794577,0.17318348415868093,0.10230269221620543
2025-01-29,7800000.0,-5.8,-2.6,2.9607266649727895,11.705721432765765,0.0,0.20560939351136426,0.1948958122749252,0.12411254592259846
2025-01-30,12900000.0,-4.0,3.3,3.410499456663488,3.896918768974949,0.0,0.14130508148463133,0.12050317356661658,0.1545592981636281
2025-01-31,7650000.0,0.9,6.7,5.085223222143374,2.6488272738424192,0.010000000000000002,0.11782044760173627,0.10347848648637029,0.1405173577878193
2025-02-01,3990000.0,-1.0,6.0,6.437897779964957,2.3914271093786366,0.1,0.05576548339942979,0.04861282534946683,0.0693474750173928
2025-02-02,12490000.0,-3.0,10.2,4.415933376718325,7.985391148713644,0.0,0.3249086440211214,0.3016503700046262,0.275303020612773
2025-02-03,14430000.0,-10.4,-0.2,1.5840943179642761,14.893293236881217,0.0,0.4150117529355824,0.39615105088882796,0.22995447961578064
2025-02-04,13620000.0,-9.8,-3.7,1.6798291023869811,13.08550603529837,0.0,0.3108136318079321,0.2941821740220325,0.17239619759638392
2025-02-05,13770000.0,-8.8,-2.9,1.438045571882357,10.738974303442488,0.0,0.31632739486154665,0.29878158185223586,0.20177492378574952
2025-02-06,14670000.0,-6.8,0.6,2.3475100766205905,8.586989207518531,0.05,0.26077464405615075,0.23963571513971998,0.19658463103093815
2025-02-07,14050000.0,-11.8,-3.1,1.5437984944988015,14.393458033794568,0.0,0.33538794138177563,0.3188033154726633,0.17850994536193626
2025-02-08,15180000.0,-9.4,-2.8,1.9451443553454613,9.46993163213267,0.0,0.23922363057370083,0.22010634304211343,0.16058863107605828
2025-02-09,14190000.0,-6.0,0.2,2.753072835892348,8.955131303205105,0.0,0.24559528919186505,0.22497281018572696,0.17480003206074718
2025-02-10,8109999.999999999,-6.1,1.4,3.2961951094999957,6.722334527740196,0.010000000000000002,0.1658881962308833,0.1538254592221908,0.14204447600875855
2025-02-11,15110000.0,-2.1,7.9,3.00784101408503,1.4366520807280918,0.21000000000000002,0.13947580295630385,0.11200672508855913,0.170744894319949
2025-02-12,3260000.0,-5.3,4.3,4.0454919509660225,9.859024903996529,0.4,0.19940216804158617,0.19417602589350505,0.15840231343435304
2025-02-13,15710000.0,-2.7,5.9,3.1306025826633714,7.674116531222556,0.0,0.32277868801867515,0.2955108135174161,0.27077065397880157
2025-02-14,15120000.0,-3.7,10.5,4.0972219426384955,4.633202960348096,0.0,0.27803202979169794,0.25006715701250626,0.2574514646029623
2025-02-15,6110000.0,-1.5,8.0,3.7711959747761816,3.9717443981795366,0.0,0.19216233791738405,0.18091959352596665,0.21675770364768737
2025-02-16,14600000.0,-2.4,12.1,4.319588181703122,11.729665634111232,0.0,0.629775340109564,0.6014394462388244,0.378041969795187
2025-02-17,16559999.999999998,-4.9,4.8,2.0877404369450807,12.337249743252489,0.0,0.5105740257774917,0.4835572160378544,0.3293600733019679
2025-02-18,16670000.000000002,-5.1,3.0,1.8980483764866116,12.028968150929586,0.0,0.4848725543590521,0.45872464805687885,0.3052144039958763
2025-02-19,16710000.0,-5.7,3.0,2.037575130102547,9.565708437514546,0.0,0.38699399714785027,0.36109747524509406,0.27652113390386546
2025-02-20,16860000.0,-5.7,3.4,1.89411541434078,9.320280373723495,0.0,0.3986906660093291,0.37235044886518154,0.29127663671781723
2025-02-21,16970000.0,-4.4,3.5,2.0984784682389797,10.37681825809228,0.0,0.4397874608912655,0.41252927997700517,0.30007001862575566
2025-02-22,17170000.0,-5.2,3.8,2.0664111304402675,10.098466917451214,0.0,0.42806385201129765,0.4007543593692424,0.2984687073766058
2025-02-23,16810000.0,-5.5,1.7,2.013934907574349,12.474928900988932,0.0,0.46484801130675707,0.43937417529958467,0.27442817003360975
2025-02-24,17510000.0,-3.5,5.1,2.6462377187666455,8.68575903806859,0.0,0.3902195557057238,0.3607133308361782,0.2939149520666038
2025-02-25,15620000.0,1.1,8.0,4.492964351338822,9.862017929164713,0.0,0.41809520920016796,0.388073907109774,0.30101089642578727
2025-02-26,17540000.0,-3.8,10.1,2.670148698664501,7.075511497585852,0.0,0.4848088359521593,0.4526450472435951,0.37112941447170117
2025-02-27,17560000.0,1.8,13.3,3.034634621320765,3.2324671816382065,0.0,0.3058965588649717,0.26887109357311156,0.35217403960440374
2025-02-28,15580000.0,-1.1,15.2,6.547370733998154,4.315942292520642,0.0,0.3196639230033069,0.28729249003152624,0.2776600967049355
2025-03-01,6170000.0,3.8,9.6,8.301082901047312,2.2926572788285795,0.33,0.1029084091041174,0.09022205165043896,0.10724114372252144
2025-03-02,5260000.0,0.8,14.9,7.710894137873137,10.52946254166964,2.66,0.3568286887633124,0.34564126082939817,0.2707345490557687
2025-03-03,13900000.0,0.5,3.5,5.064785560422042,12.606622008389007,0.32000000000000006,0.31716211027642444,0.2926840415727336,0.17334743111728493
2025-03-04,5380000.0,0.9,4.1,5.96684590862736,5.381459252393977,0.5599999999999999,0.12186217765972747,0.11221774149210821,0.10363501054615268
2025-03-05,5250000.0,-0.2,7.2,6.284314536091409,2.9181995389789366,0.06999999999999999,0.10272676471390159,0.09298359875610826,0.10917494719989221
2025-03-06,13110000.0,-3.4,8.8,5.201350640482862,3.3282439870200795,0.06,0.17905365233083442,0.15538623168596052,0.17776050219588863
2025-03-07,16110000.0,2.0,10.2,5.349395605232707,3.385111465215566,0.04000000000000001,0.25522183568874024,0.22269713479615544,0.24725410477832913
2025-03-08,13320000.0,-2.1,10.4,5.59471846470215,5.510159334625869,0.05,0.2478195175674794,0.22255389934557934,0.2231188240721711
2025-03-09,19080000.0,-1.1,13.6,5.2481310589565275,2.247761901305827,0.0,0.2789312433195616,0.24023247840679968,0.2625817873180919
2025-03-10,16469999.999999998,-0.4,13.7,5.589579095765828,2.870311136288,0.0,0.28083769745250786,0.24702410580236003,0.26679108752075337
2025-03-11,19560000.0,2.3,17.6,5.417307154021948,3.1875718041154535,0.0,0.41731101555261424,0.37322971236482105,0.3786708113067458
2025-03-12,16559999.999999998,3.7,17.3,7.546349111456537,8.5929752578549,0.0,0.5410575865209135,0.5031975020822056,0.4121354429667491
2025-03-13,17860000.0,1.1,15.9,4.3209513140660505,4.3309074183615595,0.0,0.4695448081981519,0.43085136264873497,0.4093198639802507
2025-03-14,19760000.0,5.9,18.0,5.963218332466448,6.758250829758398,0.03,0.5518149555481703,0.5049681917064378,0.5156957579006642
2025-03-15,10830000.0,3.7,11.1,6.42626504140032,7.976412073209093,0.06,0.3470084795218198,0.3242730441287568,0.28018126017289524
2025-03-16,7740000.0,-1.8,7.3,3.7088257460932694,13.767915773644214,0.19,0.5014268688023529,0.48742941218990943,0.3107083617006182
2025-03-17,19650000.0,-2.4,7.4,3.1061069030814155,6.557718143490102,0.19,0.3913638173248091,0.35613832091333736,0.3173630238795151
2025-03-18,16670000.000000002,-2.1,4.9,4.346923383450082,8.56903105650943,0.06999999999999999,0.3189542305727736,0.29023101565016346,0.21165239725444845
2025-03-19,20850000.0,-1.9,8.3,3.50446295849889,6.36017848238999,0.0,0.3955375788333687,0.35723825393533637,0.3210714122214555
2025-03-20,20770000.0,4.1,15.3,6.5120049549521974,9.936843558369302,0.0,0.5881462030612984,0.5416475252755448,0.4428475035065035
2025-03-21,21010000.0,8.4,21.6,6.513965282223545,12.22052176169333,0.0,1.0867181467493388,1.0333247946283417,0.7645549054598771
2025-03-22,21020000.0,6.2,23.2,6.7834461276072116,10.355867081914994,0.0,1.183304342606894,1.1302282112515196,0.7483592010503133
2025-03-23,20670000.0,8.6,26.0,7.256670538532866,4.971414804352834,0.0,0.7883793837741004,0.7333433385783038,0.6690922687594931
2025-03-24,19660000.0,7.6,23.5,9.84789428448205,9.793178350296492,0.06,0.9361140968586936,0.8855695884062792,0.6140053754932908
2025-03-25,21220000.0,5.2,26.6,7.431037028535613,11.30166303506099,0.0,1.3102388340681967,1.2552880621149154,0.8814534807651271
2025-03-26,21330000.0,10.9,26.1,8.840508483700715,6.018973613217068,0.06999999999999999,0.8516889335674683,0.7936033561235647,0.701196886123069
2025-03-27,10260000.0,4.3,21.6,9.881825857226309,9.640534066719134,0.26,0.6252532936014953,0.6003435706618132,0.44776222585065656
2025-03-28,19530000.0,-0.2,12.9,3.338247510262204,11.30166303506099,0.0,0.7979351033062541,0.7582023675854368,0.5109248584248597
2025-03-29,19840000.0,-3.1,9.2,2.6347931052551523,12.011009999920486,0.020000000000000004,0.6807814260277938,0.6445253969900914,0.42879637524157266
2025-03-30,18180000.0,-1.4,8.3,3.410499456663488,7.659151405381639,0.0,0.44829160246167665,0.4146097869480666,0.34234682415473366
2025-03-31,19740000.0,-0.3,14.6,4.837185988108058,3.9507932220022526,0.0,0.43975863797931425,0.39862206982349524,0.36564402044260325
2025-04-01,22780000.0,1.8,17.6,4.425671858054512,2.400406184883187,0.0,0.45718781893005395,0.4061892691005178,0.4026319597121759
2025-04-02,20060000.0,-0.4,18.8,5.749100855398429,4.031604901543208,0.61,0.5025659880676567,0.45825792408158017,0.4289664403188357
2025-04-03,19700000.0,1.7,16.4,6.152595524627715,2.8224227335970635,0.0,0.38976118600973014,0.346426168369931,0.3440026452931189
2025-04-04,19270000.0,4.1,18.1,6.6146361352234555,3.8220931397703612,0.0,0.4631256072053954,0.41839083338860616,0.4107542952162285
2025-04-05,8780000.0,5.5,15.4,8.907478686833613,9.89194818084655,0.53,0.3745768695860597,0.3545296233302241,0.29967390929360754
2025-04-06,22930000.0,3.2,17.5,5.698387654507274,8.8653405481596,0.0,0.810420643585649,0.7582004234052908,0.5467755774738892
2025-04-07,23360000.0,10.6,22.2,6.445663274901867,8.910235925682352,0.0,0.8864943677738232,0.8253859495230887,0.7775676293009512
2025-04-08,23400000.0,4.8,20.0,7.048002157629426,7.371820989236022,0.0,0.7974842839512716,0.741403922706618,0.5612998654543905
2025-04-09,19070000.0,8.8,22.7,8.247805899862097,4.992365980530119,0.03,0.6261149820615503,0.5768838097610236,0.5553346593630168
2025-04-10,18340000.0,4.5,20.9,8.037701893593809,4.902575225484614,0.0,0.5814724584414869,0.5372055032298333,0.46369762595920283
2025-04-11,23550000.0,8.2,25.2,7.073265316941732,2.591959795646932,0.0,0.6089270833711482,0.5469526248678152,0.5435738024672873
2025-04-12,13830000.0,2.6,22.5,8.099280923789077,11.496209670992918,2.0500000000000003,0.9263792345384324,0.8931159806609456,0.60499551663388
2025-04-13,20950000.0,1.2,10.8,5.097836507893427,12.229500837197882,0.08000000000000002,0.618893513867097,0.5767276190469315,0.3765281396061914
2025-04-14,11050000.0,1.6,9.1,7.077483609979974,6.189576047803529,0.8400000000000001,0.2298417995226291,0.20804971203586087,0.17346078495042033
2025-04-15,21050000.0,3.9,16.8,6.620600531665342,10.610274221210595,0.0,0.7375011769963766,0.6895624227531783,0.5011756002462046
2025-04-16,22660000.0,8.3,25.9,9.505968570264713,4.675105312702665,0.0,0.7486121456696135,0.6885104519417277,0.6171921865557353
2025-04-17,21300000.0,13.7,28.3,15.88690190546196,6.1267225192716745,0.010000000000000002,0.7438792654225967,0.683318376332173,0.6028172883358385
2025-04-18,22380000.0,14.3,27.7,15.336585552618484,6.845048559635721,0.0,0.7679627786088192,0.7043311965504303,0.635879667004293
2025-04-19,19370000.0,15.0,28.8,16.291147750565546,9.571694487850912,0.34,0.8981175753619673,0.8422471880946849,0.6971857256342876
2025-04-20,14620000.0,8.8,21.9,12.535658659007357,5.148003289275662,0.0,0.41483969492330647,0.3774094238328725,0.3669376329670865
2025-04-21,19040000.0,14.2,25.6,13.29532575721692,5.794496725603303,0.1,0.6170578055844913,0.5639085663990651,0.578358211282131
2025-04-22,4120000.0,10.5,17.3,16.848689784970897,4.0136467505341065,2.8000000000000003,0.07691340084855876,0.06669151268161416,0.06418732258719881
2025-04-23,19660000.0,10.2,22.5,12.707765442013566,4.085479354570511,0.0,0.4701344440789521,0.41875657444835507,0.416055663289545
2025-04-24,23240000.0,8.0,23.3,7.729117579270488,10.35886010708318,0.0,1.195468058779536,1.1355954652052,0.7590769295253159
2025-04-25,25630000.0,4.3,18.0,4.404826944655803,8.539100804827596,0.0,0.9271678524524118,0.8675936551973168,0.6558714920428369
2025-04-26,25200000.0,8.4,22.6,5.825031206173542,7.5992909020179695,0.0,1.0127726289051935,0.9480525887191813,0.7700727632698194
2025-04-27,20590000.0,9.5,25.1,5.605009747017855,8.775549793114093,0.0,1.2966465188655627,1.2418234820691691,0.8992093292232844
2025-04-28,25580000.0,6.0,22.6,6.640516190235852,7.171288302967724,0.0,1.0052223661650976,0.9411923182911771,0.6973936560234015
2025-04-29,25860000.0,6.9,22.2,6.676497812216812,5.16296841511658,0.0,0.8138510522774904,0.74876558338918,0.6341625398186421
2025-04-30,24840000.0,10.0,28.8,7.683630079276484,6.186583022635345,0.0,1.104112535836746,1.0353709898345795,0.8802332479571623
2025-05-01,12460000.0,8.2,23.6,12.986017834710662,10.215194899010369,1.3,0.6507102786868871,0.6184441797925475,0.45504583494018574
2025-05-02,24240000.0,10.8,19.5,8.450396644377847,7.611263002690703,0.17,0.7418833220569344,0.6800848982492905,0.5950511562824365
2025-05-03,10140000.0,7.8,15.8,9.763513983847508,8.431351898772988,0.63,0.38477877767088675,0.36082669936948464,0.30554064924226915
2025-05-04,26510000.0,5.9,21.5,6.3876233053667235,9.137705838464301,0.0,1.1423320464691884,1.0768542763244615,0.719354134376289
2025-05-05,10980000.0,8.2,16.5,9.145410194640338,2.9241855893153037,0.11000000000000001,0.2871250318823553,0.2608417723746725,0.27936231513519916
2025-05-06,11690000.0,7.5,17.8,10.534402392636752,3.4359928930746864,0.0,0.28886235047974895,0.2606796028772501,0.2726158310928934
2025-05-07,23440000.0,7.8,22.6,9.489560244633498,4.23812363814787,0.0,0.6414305815908226,0.581608489634285,0.523240037011355
2025-05-08,23750000.0,12.1,25.2,9.530627933334577,5.623894291016843,0.37000000000000005,0.7901848586611852,0.7253324846131746,0.6957934452967733
2025-05-09,4120000.0,12.3,16.3,15.580008920296356,9.10478256161428,1.52,0.11613243943114696,0.10581954665395565,0.08883405535795764
2025-05-10,11680000.0,11.0,15.9,12.441702779172859,13.193254941352977,0.08000000000000002,0.4310684999314332,0.40238275831253034,0.2579536482305237
2025-05-11,17860000.0,10.0,20.6,11.994576882851018,7.434674517767875,0.1,0.5286802773720731,0.48300293263339344,0.424119980794475
2025-05-12,26470000.0,8.7,24.4,11.218290385694813,4.818770520775474,0.0,0.7501849651953061,0.6807332044716777,0.5725109461665902
2025-05-13,24080000.0,10.3,27.2,11.7087857317333,4.905568250652797,0.0,0.8140979196859164,0.7482254128145922,0.646990468344917
2025-05-14,24820000.0,16.2,27.5,13.933421778648425,5.255752195330269,0.18000000000000002,0.7582275273356593,0.6866932959903613,0.6904096540521439
2025-05-15,12210000.0,17.6,26.1,19.94732769077102,6.303311004194503,0.06999999999999999,0.44340299711477565,0.4082123055464401,0.39283198141263265
2025-05-16,10080000.0,16.0,24.9,20.047261176789316,6.2165132743171805,3.8700000000000006,0.33712843583915064,0.3087275506019385,0.29518371474563326
2025-05-17,20580000.0,13.3,26.9,15.861126452917619,10.43667876145595,0.010000000000000002,0.8581923163557443,0.8005479699605251,0.6202767120777699
2025-05-18,23490000.0,8.4,22.9,9.525143209227153,4.196221285793301,0.0,0.6536389642190104,0.593122302297274,0.5394444290314991
2025-05-19,20450000.0,16.9,25.0,17.521026473928647,10.13139019430123,0.0,0.7394501465638108,0.68135341169553,0.5430510312432122
2025-05-20,24600000.0,18.7,34.2,21.66173030453941,5.632873366521393,0.0,0.965098212755145,0.8894410153308145,0.7700335410858582
2025-05-21,16760000.000000002,18.9,30.9,20.387112067887177,4.4326702740798,0.0,0.5773986910974622,0.5268917800532011,0.557931747167124
2025-05-22,11760000.0,12.6,24.6,12.982416884668034,6.665467049544709,0.2,0.5167716125227371,0.48468857067771165,0.5073577594881848
2025-05-23,13300000.0,15.4,23.9,9.267801140315964,9.158657014641586,0.0,0.8443038320442442,0.8073370881999284,0.7680022337137251
2025-05-24,11720000.0,10.2,18.6,11.791240390666436,6.6744461250492595,0.06,0.39100952654589777,0.3616084740430291,0.32939772732669953
2025-05-25,25890000.0,10.9,24.6,11.63337585061905,4.9354985023346325,0.010000000000000002,0.7312269315294962,0.6616981892186458,0.5962603593474617
2025-05-26,26650000.0,11.6,27.3,11.265876783176852,4.28002599050244,0.0,0.8441712013443669,0.7703561371383939,0.6778799648397421
2025-05-27,26560000.0,13.3,28.6,12.283055205834119,4.172277084447834,0.0,0.8538105847830174,0.7783558523575145,0.7030774677577777
2025-05-28,23540000.0,13.8,28.7,15.732798802638994,2.469245763751408,0.9500000000000001,0.6270110337827378,0.5598096620581823,0.5344246361733628
2025-05-29,22050000.0,12.8,26.9,15.228552724200725,3.355181213533731,0.25,0.5995296706206876,0.5380309209784668,0.5099636196019027
2025-05-30,26790000.0,12.3,26.9,11.32321484809109,3.376132389711016,0.0,0.747226360608892,0.672829328480832,0.6349671975722193
2025-05-31,24460000.0,13.6,28.8,11.490303118853314,3.4210277672337686,0.0,0.7779630023271766,0.7081915230512543,0.6693985651690935
2025-06-01,24260000.0,17.7,31.4,13.324767689709661,2.624883072496951,0.0,0.7282048092409589,0.6554466217727805,0.6734769248216199
2025-06-02,7320000.0,17.0,23.5,16.23410329881812,2.5350923174514453,0.05,0.27096452044017316,0.25040918527567907,0.28134935021046614
2025-06-03,23760000.0,15.2,28.7,11.202467606555683,11.526139922674753,0.0,1.3636338503414884,1.2950475082964559,1.0075534161765436
2025-06-04,26950000.0,13.8,28.3,9.5994221563741,12.729336040284531,0.0,1.6708609419666813,1.5941733984426676,1.0819525888744441
2025-06-05,26030000.0,16.9,29.9,10.406266805549187,5.809461851444222,0.0,0.9949854935527596,0.9181842089004609,0.9169629173846129
2025-06-06,18800000.0,15.5,31.8,11.256345319433686,5.671782693707779,0.0,1.051172099103244,0.9955013217222447,0.8690768426456554
2025-06-07,24730000.0,21.3,33.0,16.120539837558635,6.417045960585477,0.010000000000000002,0.9850808042453055,0.9083578130007993,0.9546232944104697
2025-06-08,21670000.0,21.5,32.5,20.031453120162574,5.148003289275662,0.03,0.788477955699155,0.721372256753107,0.7457960729789307
2025-06-09,24480000.0,19.9,33.9,19.05728810921752,4.8906031248118795,0.0,0.9279803922535725,0.8522666307203639,0.8092792481638013
2025-06-10,22040000.0,17.0,32.4,15.758391199000306,9.772227174119207,0.0,1.3484870623672405,1.2822500545766924,0.9739029126698104
2025-06-11,27370000.0,17.9,30.9,11.758197439624515,7.024630069726732,0.0,1.127773242316976,1.0458585985215678,1.0018173414368818
2025-06-12,26060000.0,20.1,33.1,13.937253491799122,2.8104506329243297,0.0,0.7972022412690721,0.7169030107041084,0.7568337651267647
2025-06-13,9040000.0,18.6,26.9,18.460539918916098,3.9597722975068024,12.490000000000002,0.37856044778611586,0.35214358738152657,0.39095926628527444
2025-06-14,17340000.0,19.6,28.0,24.52211815458313,2.2567409768103777,0.17,0.45161358756727044,0.4001553526282403,0.3724573994334414
2025-06-15,21060000.0,23.1,30.9,27.290372210020564,5.686747819548697,0.38,0.6898150560313232,0.6245983499951547,0.5509561884708095
2025-06-16,14580000.0,19.8,28.8,23.95578111573511,6.740292678749297,0.6000000000000001,0.5170650414216484,0.4734899929838316,0.4356102112714648
2025-06-17,17840000.0,20.1,28.9,24.13500768081846,5.234801019152985,0.25,0.554944675727762,0.5014777536847751,0.4563670015993079
2025-06-18,26320000.0,19.2,30.4,21.905482508197764,4.55239128080714,0.0,0.7580228371619805,0.6788146230597388,0.6301736256003427
2025-06-19,22310000.0,22.6,31.6,25.716202459960712,4.513481953620755,0.06,0.7077059816924611,0.638533296633508,0.5943088611955677
2025-06-20,4860000.0,22.9,26.5,28.357414935185478,8.374484420577502,4.14,0.2174688443768499,0.20286304320343507,0.18599422072664634
2025-06-21,3200000.0,17.9,23.2,23.304523349338464,5.411389504075813,8.22,0.09162194396767112,0.08259074745014405,0.10043116791639313
2025-06-22,26310000.0,17.2,28.0,19.952576451643054,4.968421779184651,0.0,0.7166567835569968,0.6399470101789586,0.573322868783567
2025-06-23,26520000.0,18.8,29.9,21.8656391330407,1.9664175354965758,0.0,0.662947578947172,0.5836321962599971,0.5520425584945278
2025-06-24,9360000.0,19.6,26.3,22.008228728050543,5.174940515789314,2.7600000000000002,0.3583737599763349,0.3309397909215398,0.3302127994754277
2025-06-25,17530000.0,19.7,26.4,22.446709164130535,7.856691066481752,0.13999999999999999,0.5805988521754226,0.5291423527964707,0.4339538770110568
2025-06-26,17630000.0,20.4,26.8,23.12472984209061,6.210527223980814,0.0,0.5552040928125982,0.5030356130020925,0.4310472434764141
2025-06-27,23460000.0,22.0,30.7,26.15195493857601,2.5081550909377937,0.0,0.6436543206946876,0.5715946872474132,0.5246888754026287
2025-06-28,16860000.0,22.2,31.0,29.291384806847734,2.493189965096876,0.8500000000000001,0.4786691452068067,0.4267180697146621,0.3930595608549788
2025-06-29,25410000.0,24.3,32.9,29.549370997295092,4.142346832765998,0.0,0.7821663714301692,0.7019682497725499,0.6236416022334605
2025-06-30,24750000.0,23.7,33.1,29.10101241036604,4.318935317688826,0.0,0.7685261251683,0.6905905021334264,0.6206275520857563
2025-07-01,23420000.0,24.8,32.7,30.58599473663649,5.653824542698678,0.05,0.7725664939570807,0.6985225885708755,0.6028011517628007
2025-07-02,24750000.0,24.7,34.1,28.904461720847802,6.521801841471901,0.0,0.8883512947954951,0.8095312178988087,0.7304141372100716
2025-07-03,24000000.0,23.1,33.9,26.519995151625295,6.871985786149373,0.0,0.8796907592575589,0.8040296703992192,0.747470607998386
2025-07-04,21660000.0,23.6,32.1,26.19188675227098,7.976412073209093,0.0,0.8413019850238745,0.7735341182722569,0.6900911239638498
2025-07-05,25870000.0,25.2,34.3,26.967608484806185,8.904249875345986,0.0,1.067411886422225,0.9847092190172674,0.878868643750655
2025-07-06,21860000.0,24.9,35.1,27.967183406177284,8.302651816541097,0.0,0.9396183991656228,0.8695465952159562,0.8163219776661197
2025-07-07,24340000.0,25.8,37.9,26.49307688010238,4.7080285895526846,0.0,0.9221389773651559,0.8426227806329034,0.8684805717165448
2025-07-08,23000000.0,23.9,36.2,26.025854823903625,5.872315379976074,0.0,0.9020566695004723,0.8282911620091985,0.8248069320211922
2025-07-09,27280000.0,22.9,36.1,17.718743430465377,6.836069484131171,0.0,1.2207198122552612,1.1337469994548934,1.107435820683992
2025-07-10,26880000.0,22.6,35.3,17.567925658485294,9.029956932409693,0.0,1.3239241835720348,1.238748802028753,1.1800538288991507
2025-07-11,27100000.0,20.4,33.9,18.921566398777788,9.215524492837071,0.0,1.275078608598617,1.1910028680921019,1.026408764133931
2025-07-12,26760000.0,21.6,35.1,20.063080155972138,5.291668497348472,0.0,1.0192224521410365,0.9350062283269291,0.8984280255650064
2025-07-13,15610000.0,21.2,33.6,24.315405329237084,4.8427147221209434,3.2100000000000004,0.6111499515970783,0.5625733964218191,0.5885540602916551
2025-07-14,18420000.0,19.7,27.7,23.46133195286605,6.363171507558173,0.32000000000000006,0.5696253224106624,0.5150404996702267,0.44337872598297257
2025-07-15,13690000.0,19.6,26.5,23.69827469975798,4.582321532488976,0.11000000000000001,0.40300189607061343,0.36281709992127775,0.32851341505508574
2025-07-16,8870000.0,21.6,26.0,26.145304809273192,6.78518805627205,1.16,0.31060557901257657,0.2842829409555294,0.24484917653459792
2025-07-17,8100000.0,21.4,27.0,28.20786014357862,4.38178884622068,3.09,0.23938845415869267,0.21521402903596315,0.19286043576937856
2025-07-18,15330000.0,22.8,28.9,29.057233972599253,5.614915215512292,2.6300000000000003,0.4701927152854431,0.42340717135080064,0.3536028393291851
2025-07-19,7120000.0,22.1,27.3,28.68022204121786,4.672112287534482,2.17,0.2295102151684114,0.20811241591847027,0.19204858131435604
2025-07-20,18020000.0,22.8,31.6,28.918981194190437,3.6784279316975512,0.03,0.5490127105849326,0.49307278047357145,0.45533421262112644
2025-07-21,22950000.0,22.9,31.8,29.556771070838163,4.226151537475136,0.05,0.6755357570497218,0.6041612272852246,0.5265467210204408
2025-07-22,23490000.0,23.2,32.7,30.28986912780368,3.2504253326473074,0.19,0.6793440259770763,0.6057636445548826,0.5397254890910544
2025-07-23,24130000.0,23.5,33.1,28.752390939538827,2.639848198337869,0.0,0.6955728658132445,0.6196775046517349,0.5716377666244737
2025-07-24,25790000.0,23.0,34.8,29.63086078916157,1.2450984699643464,0.0,0.7023062276105668,0.6206307969078855,0.5730285346984106
2025-07-25,25620000.0,23.1,33.9,28.68022204121786,3.699379107874836,0.0,0.7698092006149773,0.6890409882586996,0.6352802912292009
2025-07-26,24970000.0,23.7,34.3,29.11561800852297,3.6335325541747983,0.0,0.7651622120327131,0.6859946042866449,0.6379137086552695
2025-07-27,25820000.0,24.5,35.3,28.00952503960931,4.1094235559159795,0.0,0.8395847092162763,0.7569080320128101,0.7258297929380559
2025-07-28,24650000.0,25.2,35.9,30.146511074785664,2.154978121092138,0.0,0.7397986310198981,0.6603226180498323,0.6238648361789604
2025-07-29,26720000.0,22.9,36.4,26.39905077016303,3.507825497111091,0.0,0.8731844835893842,0.7878572546308795,0.7447747845527799
2025-07-30,25600000.0,24.1,35.5,27.283469932954954,5.148003289275662,0.0,0.8807686852202398,0.7988848510755417,0.7739494151067084
2025-07-31,22590000.0,23.5,35.7,27.546830730654694,3.920862970320417,0.0,0.7536585460029992,0.6815593149996321,0.6752925611233248
2025-08-01,25750000.0,24.7,36.1,27.331817901166865,2.3525177821922503,0.0,0.7719837754813675,0.6890915182598247,0.6719071167330896
2025-08-02,22690000.0,26.2,36.2,28.357414935185478,2.8433739097743485,0.0,0.7404802249327249,0.666833149345625,0.6610202024856631
2025-08-03,10210000.0,22.1,33.1,28.08729673158351,5.653824542698678,6.16,0.4452368359023108,0.4133877952529893,0.44816323800560837
2025-08-04,21360000.0,24.5,33.1,31.56003735667901,6.150666720617143,0.13999999999999999,0.714693543827979,0.6471241313914339,0.5600291967778299
2025-08-05,22700000.0,25.3,33.5,29.682819961756504,6.7732159555993166,0.010000000000000002,0.8252550749782575,0.7529635297033168,0.6736992860705097
2025-08-06,15800000.0,24.5,32.1,30.44900906811714,9.137705838464301,0.7400000000000001,0.6524300742445839,0.6027348108234545,0.5213138519227064
2025-08-07,21110000.0,21.8,31.4,26.49307688010238,6.015980588048884,0.010000000000000002,0.6837313953729587,0.6186847047656531,0.5591374465450109
2025-08-08,21430000.0,22.8,31.5,25.716202459960712,2.517134166442344,0.03,0.6070770221550916,0.5405920362121168,0.5171540256794467
2025-08-09,7650000.0,20.4,26.6,26.052357984694964,2.217831649623992,0.47000000000000003,0.21673332111965093,0.19412918115434513,0.19465000220394393
2025-08-10,21820000.0,21.4,30.0,24.315405329237084,2.2986433291649466,0.0,0.579317605818899,0.5128556517762826,0.48665283496163303
2025-08-11,8870000.0,18.8,28.5,24.75571215100759,2.2507549264740105,0.58,0.2589634864203832,0.2326975398581777,0.2456315093589548
2025-08-12,12150000.0,22.3,27.5,26.26523342552106,3.678427931697552,0.76,0.36892353068129663,0.3323090337130526,0.3121100843910329
2025-08-13,13470000.0,23.6,31.2,29.320769114375086,4.869651948634594,0.04000000000000001,0.46677046114040427,0.4248533440224838,0.40468431745183686
2025-08-14,22390000.0,25.0,33.4,29.166787991752077,6.345213356549072,0.06,0.7962495486310142,0.7251029791197988,0.6596128572292024
2025-08-15,22190000.0,23.4,33.9,28.846447429333985,4.615244809338995,0.06,0.7127429297193475,0.6426676163157268,0.6058580380161557
2025-08-16,22910000.0,23.4,34.9,26.899367091740142,5.599950089671375,0.0,0.8067275276701696,0.7339691352906625,0.7217674820525296
2025-08-17,23250000.0,23.8,35.0,26.26523342552106,6.039924789394353,0.0,0.8510819286632902,0.7770388261239787,0.7677136704687423
2025-08-18,21090000.0,25.5,35.2,27.207645434467647,6.012987562880701,0.0,0.8282572136026138,0.7604017591265058,0.7605882694447101
2025-08-19,22090000.0,25.1,35.3,28.08729673158351,7.757921235931695,0.08000000000000002,0.9098469913272371,0.8388867627302945,0.8033327226233847
2025-08-20,23050000.0,25.3,35.2,26.75655086883166,6.063868990739821,0.010000000000000002,0.8744795765403006,0.8003962639101795,0.7919428325581128
2025-08-21,22500000.0,24.8,36.9,25.76868080455193,3.1307043259199667,0.0,0.7399551908976865,0.6671852417253509,0.6953326641728074
2025-08-22,22850000.0,24.4,37.0,27.463425405604813,5.501180259121319,0.0,0.8769783367491509,0.8031908108427708,0.798852558978723
2025-08-23,23370000.0,25.6,37.0,27.917855467427835,4.875637998970962,0.010000000000000002,0.8483066086438296,0.7723757518734926,0.7874979877596205
2025-08-24,22290000.0,26.0,37.3,27.53291450394816,4.731972790898152,0.0,0.8302393656421534,0.7575637963702552,0.7886741990130742
2025-08-25,21590000.0,26.5,37.6,26.885736924958106,8.048244677245497,0.05,1.023246359747266,0.9525761712742371,0.9803724312921507
2025-08-26,14440000.0,22.5,30.8,27.819427409468688,8.087154004431882,0.03,0.555319411903565,0.5107971901330959,0.4620510519719014
2025-08-27,23310000.0,23.2,35.6,22.963954043593404,4.989372955361935,0.020000000000000004,0.8431680748704717,0.7689338933568655,0.7998223601817566
2025-08-28,20940000.0,25.2,35.9,26.15195493857601,5.968092185357948,0.020000000000000004,0.8353810975398673,0.7678667887531259,0.7962783821428452
2025-08-29,20130000.0,25.6,35.3,28.593828100738524,8.455296100118458,0.0,0.891800017933701,0.8269651669517977,0.7953490051263534
2025-08-30,21750000.0,24.1,36.3,26.627907272044386,3.968751373011353,0.0,0.7399475961092813,0.6700795575405397,0.6920788911774675
2025-08-31,16120000.000000002,24.0,35.2,28.044852472374608,6.186583022635345,0.12,0.671167796668112,0.6197185003522963,0.6485165198449396
2025-09-01,18170000.0,24.0,35.5,27.083965868036092,8.607940383695817,0.66,0.8453241908123722,0.7872373154065706,0.7922831555773788
2025-09-02,12950000.0,20.0,30.7,21.37570835938047,3.633532554174799,0.0,0.448130550284053,0.40886797944804104,0.4557852625857047
2025-09-03,18850000.0,22.0,34.2,26.16525963005479,3.807128013929443,3.54,0.6060069308339051,0.546856713879855,0.5625639504286654
2025-09-04,12330000.0,22.9,28.9,27.421805492514398,3.507825497111091,0.55,0.3749393088341104,0.3372849718709974,0.32506350050159843
2025-09-05,20330000.0,22.8,32.8,26.75655086883166,2.6997087017015393,0.19,0.5780811063945922,0.514512160993579,0.50516717617135
2025-09-06,19190000.0,24.8,34.2,27.553791146745006,9.550743311673628,0.12,0.8779898680447419,0.8168092127060669,0.7677717044603899
2025-09-07,10130000.0,18.5,30.1,24.36537714850028,5.884287480648809,0.08000000000000002,0.37362033340967515,0.3433449396733868,0.3718721462266781
2025-09-08,10760000.0,21.0,27.8,21.109535975727944,3.172606678274536,0.16000000000000003,0.3649367017256432,0.332733502338044,0.36358380072874324
2025-09-09,4800000.0,19.7,23.4,23.425063700202756,1.9843756865056765,0.9800000000000001,0.1380401573395491,0.12427131658323931,0.13465458320731508
2025-09-10,16970000.0,17.4,28.1,21.84289997113953,3.1845787789472704,0.05,0.42564216685612344,0.37605210921609233,0.37638955698831034
2025-09-11,20000000.0,20.1,30.7,19.36706273778183,5.902245631657911,0.0,0.6926739213149428,0.6319963723032109,0.6612549533506094
2025-09-12,4640000.0,21.5,26.1,24.234392186175604,5.153989339612029,1.74,0.2324243910731981,0.21865471344245418,0.23966767681124707
2025-09-13,14240000.0,20.4,29.3,25.88050803498801,5.387445302730344,0.35000000000000003,0.4324313228804398,0.38954775617337606,0.37018198831285537
2025-09-14,13090000.0,20.5,28.4,24.622894275558934,2.026278038860246,0.0,0.340327010441227,0.301123176693468,0.30278583179608465
2025-09-15,14770000.0,22.1,29.7,25.125800703337745,1.7329615723782608,0.06,0.38970606167573074,0.3446002581927478,0.34507168730635696
2025-09-16,16770000.0,22.6,30.9,27.833469984974887,4.16928405927965,0.12,0.4971123649159096,0.4453414176468148,0.42385631101678944
2025-09-17,8020000.0,19.6,29.5,26.03910345865113,6.366164532726356,1.4500000000000002,0.3084472394775922,0.2843944503805275,0.30333867755626587
2025-09-18,9080000.0,17.6,23.2,18.48016452763995,5.133038163434745,0.22999999999999998,0.3125958990183242,0.28703394963666595,0.29473549775301244
2025-09-19,9060000.0,17.5,24.4,18.53422649205739,5.980064286030683,4.15,0.35230881870900466,0.32657011856687146,0.33847069891451775
2025-09-20,13110000.0,15.9,24.6,19.43364747402182,4.2411166633160535,0.08000000000000002,0.3311200233025249,0.2943057549956236,0.29465654082907966
2025-09-21,16719999.999999998,15.8,24.6,17.450883496823852,4.606265733834444,0.0,0.4274234930532209,0.38051157265724495,0.3823533738417065
2025-09-22,9490000.0,17.1,23.3,17.131386864077786,4.420698173407065,0.0,0.3195806445089212,0.2929542016525927,0.31646113339284304
2025-09-23,17340000.0,16.5,25.5,17.506978138778564,4.824756571111841,0.0,0.4651534963482443,0.415851814807026,0.42451147803933303
2025-09-24,11400000.0,21.5,28.0,25.781815000393422,3.9597722975068033,0.65,0.33687670804004477,0.30259267354938835,0.2996569674643127
2025-09-25,5950000.0,16.7,24.5,23.637321565609316,3.5916302018202293,0.47000000000000003,0.13650352698683157,0.11969719145540587,0.12330058042359213
2025-09-26,19660000.0,15.8,26.8,18.75186265970236,1.9903617368420439,0.010000000000000002,0.4063688320572286,0.35019881002951514,0.36590496355223456
2025-09-27,16520000.0,18.7,27.4,20.387112067887177,3.4060626413928508,0.0,0.4245968303597746,0.37610502375736227,0.3924228685456531
2025-09-28,6250000.0,17.7,24.3,21.054449989291008,4.95046362817555,1.05,0.21930884282329885,0.20153862888831534,0.2169938133028443
2025-09-29,15750000.0,15.1,24.9,17.567925658485294,2.1370199700830366,0.0,0.3293291234353801,0.2852885497259542,0.30721421443471125
2025-09-30,13440000.0,13.8,23.8,17.742410937994794,2.331566606014966,0.06,0.2745498985362363,0.23775069866566517,0.2561400112182928
2025-10-01,17220000.0,15.3,26.0,17.343809056713138,3.247432307479124,0.0,0.39357003592709555,0.34489019617470057,0.37557404697617763
2025-10-02,13370000.0,18.2,25.4,19.402891183919294,2.571008619469648,0.4,0.3234093653010083,0.2849056319862965,0.3058381832328253
2025-10-03,4350000.0,18.2,21.0,20.742855832643865,5.507166309457685,0.49000000000000005,0.148772993341788,0.13669284814742214,0.13684127096022708
2025-10-04,7030000.0,18.8,23.7,22.99365336865248,2.0053268626829612,0.55,0.1657285289125904,0.14565947015202857,0.15392620321112976
2025-10-05,8490000.0,20.1,24.3,23.82672376901697,2.451287612742307,1.11,0.20580961044228863,0.18120689883954605,0.18401165774614184
2025-10-06,2940000.0,18.0,21.2,21.47067955704491,6.177603947130795,4.86,0.10072029991420153,0.09255578798973357,0.10251815405479396
2025-10-07,2920000.0,19.3,20.9,22.27850088472687,4.11840263142053,1.1,0.0863764745413384,0.07819758768642877,0.09314347357336558
2025-10-08,8800000.0,17.6,24.3,21.1536955462401,4.070514228729594,0.18000000000000002,0.2346916627220843,0.20969160077387547,0.22018674226836515
2025-10-09,9210000.0,15.6,22.4,17.085511175208335,6.168624871626244,0.010000000000000002,0.3031347043363469,0.2778268372576932,0.2869409634935569
2025-10-10,10160000.0,17.1,24.1,19.39264856588799,3.4988464216065402,0.010000000000000002,0.2608175880878548,0.2321197109451179,0.2529726058918568
2025-10-11,14940000.0,19.9,27.8,21.712550884280326,5.121066062762011,0.0,0.43676870719738503,0.3924009919658787,0.40761996155691627
2025-10-12,3470000.0,17.9,23.7,20.9501331507471,3.630539529006615,0.45999999999999996,0.14349059642897094,0.13365681970551269,0.1639841717630144
2025-10-13,2340000.0,15.4,18.5,18.426240792141133,5.480229082944033,6.6000000000000005,0.06654192239961214,0.06035360082050697,0.07934457445788655
2025-10-14,5880000.0,15.8,21.2,18.401775617594406,3.6036023024929635,0.16000000000000003,0.1613198950553471,0.14530755584436944,0.16356649360126213
2025-10-15,9420000.0,17.6,23.4,19.546786183034694,5.228814968816617,4.03,0.27425305855314364,0.24768959846307642,0.2577700638160535
2025-10-16,7200000.0,14.6,23.1,18.352930648959266,3.8789606179658476,0.0,0.19147327179730828,0.17174168003059506,0.2003874405082339
2025-10-17,10310000.0,16.9,23.6,18.702204264484166,4.402740022397965,2.29,0.2752243858046416,0.24627281400874904,0.2678098956970557
2025-10-18,4960000.0,15.5,20.9,16.871335290593283,5.429347655084913,0.31000000000000005,0.20359852847154625,0.1901657630042023,0.21228882867107704
2025-10-19,10090000.0,7.7,21.3,12.846229447509788,5.37547320205761,0.020000000000000004,0.2701933055619273,0.24482600274462651,0.2715418650120472
2025-10-20,9780000.0,10.8,18.0,11.718653434973518,3.8250861649385444,0.0,0.22895751673630635,0.20442319135421977,0.2410922198915464
2025-10-21,8970000.0,11.5,17.7,11.971087616630152,2.7924924819152284,0.0,0.1945870920840915,0.1719865255243521,0.2099375446374696
2025-10-22,5330000.0,12.3,17.5,13.53620492084228,5.755587398416918,0.03,0.19521364492869384,0.18169725009352472,0.19668080616916037
2025-10-23,10470000.0,10.0,18.8,13.495173214630094,3.049892646379012,0.05,0.18185699284934526,0.15559171813048572,0.18667033245375456
2025-10-24,10750000.0,11.7,18.7,13.74679766893122,4.672112287534482,0.06,0.22606080391263847,0.19862533085236636,0.2195623088692067
2025-10-25,11380000.0,11.8,20.5,12.085558488676536,4.558377331143508,0.010000000000000002,0.29113298957703404,0.2615131505068983,0.3147819711088885
2025-10-26,12280000.0,5.7,18.0,8.879090751256786,7.904579469172689,0.0,0.37066584425983307,0.34162335306230723,0.3560124401044212
2025-10-27,15610000.0,1.7,11.4,4.954442529619806,7.77887241210898,0.0,0.36949683071868067,0.3375455256725016,0.33133299977881936
2025-10-28,15220000.0,1.9,13.8,5.849943407414722,4.13636078242963,0.0,0.2462857243026959,0.21391449746730143,0.27882820088137705
2025-10-29,14490000.0,3.4,15.1,7.541884993764659,1.215168218282511,0.0,0.15059995239247295,0.11855122042502386,0.17334086653819275
2025-10-30,11440000.0,4.0,16.3,8.776533102890095,1.7030313206964254,0.0,0.1473041916844871,0.12138654758895404,0.17397069277781937
2025-10-31,13560000.0,7.5,18.1,11.24682095232695,4.052556077720492,0.08000000000000002,0.21468498487335416,0.18187849637838407,0.22908266105287237
2025-11-01,13590000.0,8.7,17.1,9.233066918714115,9.257426845191642,0.0,0.4227180469142426,0.389762014976555,0.374699466671087
2025-11-02,13560000.0,0.6,13.5,5.531624177558445,11.226837405856402,0.0,0.49460076014008736,0.4664263935741473,0.3684727935655451
2025-11-03,13810000.0,4.3,13.6,7.239434221657127,1.0355867081914996,0.0,0.1309724275798872,0.10067719277100343,0.15260457120180154
2025-11-04,12790000.0,3.3,17.9,8.652324403749217,2.2507549264740105,0.0,0.1867382701574331,0.157421887673169,0.20949150888639476
2025-11-05,13240000.0,4.6,17.6,8.512271879221926,1.3917567032053388,0.0,0.15254011346718127,0.12180381843167065,0.18131048042377346
2025-11-06,12380000.0,5.9,20.7,10.064539378570442,2.020291988523879,0.0,0.19841739165457167,0.16811655615500615,0.22321611745919817
2025-11-07,12690000.0,7.5,18.8,11.017236517329351,2.762562230233393,0.0,0.17822557148428336,0.14727300287066714,0.2115900464934845
2025-11-08,4300000.0,8.5,15.9,12.532167719621587,1.9843756865056765,0.06999999999999999,0.07920462763103332,0.06894847330005081,0.09904574027830512
2025-11-09,12560000.0,6.3,18.2,7.497371868774409,9.838073727819244,0.0,0.48204772882050095,0.45205423227282476,0.4594828641427376
2025-11-10,13430000.0,3.5,14.0,4.027523786635682,6.901916037831207,0.0,0.39900787934471615,0.3697085366238543,0.4251542977032961
2025-11-11,12690000.0,2.3,15.9,5.710592400065092,3.172606678274536,0.0,0.2286446567989701,0.2006916447163396,0.27104981147878837
2025-11-12,11850000.0,2.8,15.4,7.289086328058553,3.0409135708744612,0.0,0.1710423738227022,0.14493967932473756,0.21576866286016544
2025-11-13,11940000.0,1.6,17.3,7.911125370677913,5.546075636644072,0.0,0.3018700573887983,0.2753180561965167,0.2815970984201651
2025-11-14,12730000.0,2.3,14.8,6.1414197399725525,4.998352030866486,0.0,0.24955109731437827,0.22193311264494545,0.29034804285516685
2025-11-15,12330000.0,3.3,15.5,6.126546615128791,1.1942170421052263,0.0,0.11572594300509678,0.0883436261988053,0.16067118567338542
2025-11-16,10240000.0,4.6,17.4,7.126153915787945,6.31827613003542,0.0,0.3331488444093206,0.3094368580132245,0.35832809899787776
2025-11-17,11280000.0,-2.4,7.7,3.0177399566540233,11.594979501542973,0.0,0.44702196631097824,0.426693902611344,0.33643224644323183
2025-11-18,12200000.0,-2.9,6.8,3.854160539270106,6.324262180371788,0.0,0.20906006117256482,0.18761431202538986,0.21573487336383526
2025-11-19,12120000.0,-0.0,8.8,4.345552990378188,4.881624049307328,0.0,0.19733394052964764,0.17415384650212304,0.22878695650222083
2025-11-20,9760000.0,0.7,13.8,6.184357955762061,8.691745088404955,0.0,0.33761690418400775,0.3172177534130187,0.30306534052612805
2025-11-21,11890000.0,1.0,11.6,4.608578490012324,5.83340605278969,0.0,0.25343347889658707,0.2292808181165698,0.2916901461651241
2025-11-22,10970000.0,2.4,14.4,7.094379008924567,4.854686822793677,0.0,0.1842303946745038,0.1605306518870865,0.2349102262884016
2025-11-23,9890000.0,5.2,15.3,8.170850548724301,3.4599370944201544,0.0,0.1547980525524078,0.13233334844889102,0.20598748723790128
2025-11-24,11020000.0,6.6,18.3,9.286551840570228,4.59429363316171,0.1,0.20652202925044377,0.18008007778439816,0.2697864254527709
2025-11-25,6690000.0,2.6,10.9,6.906343876068134,8.727661390423158,0.26,0.22575550498364239,0.21197926529406708,0.21057971799332242
2025-11-26,11040000.0,0.1,12.0,6.210624013948177,3.759239611238507,0.0,0.1310639969102994,0.10880952685532903,0.18181255391996545
2025-11-27,6370000.0,-0.8,9.5,6.108,10.64020447289243,0.82,0.2169409262185913,0.20477802063141573,0.18951439331453357
2025-11-28,11250000.0,-2.9,8.5,3.333912624956413,4.0196328008704745,0.0,0.16417764595895556,0.14379693963351706,0.2203566412514643
2025-11-29,11070000.0,-0.5,9.4,5.108895847452513,1.9933547620102272,0.0,0.08710095233342866,0.06589423168878945,0.1328993141334704
2025-11-30,9760000.0,4.2,16.2,8.697770777357759,5.1150800124256435,0.0,0.17277548356537603,0.15063498696011823,0.2270489303724727
2025-12-01,11220000.0,1.1,12.2,3.7470981400064844,7.012657969053999,0.0,0.32737461820716723,0.30433949384076425,0.36389970125827553
2025-12-02,10770000.0,-6.3,7.4,2.230469583627915,10.55639976818329,0.0,0.48817347361151614,0.47019498871807225,0.3310802426494609
2025-12-03,11110000.0,-6.2,-0.1,2.030596586860634,10.355867081914994,0.0,0.28945846349837984,0.27348361467684734,0.2111575799271551
2025-12-04,11020000.0,-5.5,3.0,2.5235910961088854,9.769234148951025,0.020000000000000004,0.28404015790297066,0.2668927715272353,0.22907475335823851
2025-12-05,11220000.0,-4.6,3.5,2.506729691477573,6.390108734071825,0.0,0.20739332520492532,0.18944170703682797,0.21483855947749797
2025-12-06,10210000.0,-0.7,10.2,5.837475552291136,5.06120555939834,0.0,0.13521836162325104,0.11546671488468734,0.1757055801677084
2025-12-07,9510000.0,2.4,14.5,6.740890684987185,8.167965683972838,0.0,0.27625319925810704,0.25567877890271984,0.2987112792474126
2025-12-08,10940000.0,-3.1,8.6,2.2910377136228055,6.842055534467537,0.0,0.29609587911051205,0.27631136033271714,0.325572791138783
2025-12-09,10620000.0,-2.3,7.4,4.253259890190031,5.321598749030307,0.0,0.1551936096644009,0.13612212091861947,0.18937373571280777
2025-12-10,9640000.0,0.6,10.5,5.830361621162501,2.035257114364797,0.05,0.07947354732861293,0.06034167490347001,0.12765361614955711
2025-12-11,7470000.0,-2.1,12.7,4.792171304945782,7.1742813281359075,0.020000000000000004,0.34663758268814066,0.33192909968170314,0.2956477287854264
2025-12-12,8600000.0,-1.3,7.9,5.31654229494858,3.8789606179658476,0.0,0.10105377540055802,0.08520213302811044,0.13837963383566043
2025-12-13,1990000.0,-1.3,3.6,5.6705777048648836,5.692733869885064,0.7200000000000001,0.06690000371273283,0.0635026058448955,0.07341063179659357
2025-12-14,7220000.0,-2.5,3.7,4.198456228203575,8.637870635377652,0.0,0.18276640780371523,0.1706911756910851,0.15802255795854211
2025-12-15,9760000.0,-2.1,7.4,4.89169768607181,3.920862970320417,0.0,0.10197008495551277,0.0843812638820704,0.14232739330156124
2025-12-16,4130000.0,1.6,6.0,6.335782795769391,2.104096693233018,0.0,0.057429855845626196,0.049687071609487446,0.07973119489760754
2025-12-17,8670000.0,-2.9,8.8,4.894742002986018,7.009664943885814,0.0,0.17147481655927535,0.15568587256369132,0.19566979940276452
2025-12-18,10420000.0,-2.1,9.6,4.124614311827028,1.819759302255583,0.0,0.07652243781459715,0.05702022639291058,0.1354880916913998
2025-12-19,7530000.0,0.4,9.0,4.604249929190187,0.9936843558369303,0.0,0.06077476112827337,0.04623131628376474,0.09718640472150489
2025-12-20,5020000.0,-2.0,9.7,5.569063366557861,7.635207204036171,0.34,0.17599858057189732,0.1665714304780966,0.1917988273982448
2025-12-21,8660000.0,-6.2,3.7,2.244143038664858,6.560711168658286,0.0,0.21330455539214205,0.1998293860623899,0.2210777273640326
2025-12-22,10420000.0,-3.7,5.2,3.2514347095002303,1.4306660303917247,0.0,0.05823981567325535,0.040713925887647,0.10160954650038594
2025-12-23,4860000.0,-1.5,5.8,5.7210720098045735,2.211845599287625,0.77,0.05199328316172554,0.043388636594714085,0.0767256208029972
2025-12-24,8240000.0,-1.1,8.0,5.687944816178939,8.808473069964114,0.0,0.17156226294495253,0.15629613754164415,0.16607180701218288
2025-12-25,10530000.0,-10.0,3.1,1.7981230531567123,14.959139790581256,0.0,0.4922149374668125,0.47726847558293173,0.2685466279716266
2025-12-26,10880000.0,-8.8,-2.4,1.2721163862122635,8.778542818282277,0.0,0.24950787515244177,0.23548248052607018,0.19952648673099505
2025-12-27,7880000.0,-4.0,4.2,4.305977810006841,4.53443312979804,0.0,0.09481803756558521,0.08188768300688937,0.11807389053348874
2025-12-28,5170000.0,-1.4,7.4,5.750856684552754,3.4868743209338064,0.0,0.07949740050524212,0.07006597120613874,0.10888457970759724
2025-12-29,7890000.0,-2.7,10.9,5.686205990115809,7.422702417095142,0.0,0.2065524151878869,0.1916113599322279,0.20389353635044358
2025-12-30,10750000.0,-4.4,5.3,2.4117076961717054,8.084160979263702,0.0,0.2825624773524822,0.26468526847974017,0.26828270286338385
2025-12-31,10940000.0,-8.3,-0.5,1.3836721864601536,10.4636159879696,0.0,0.31520645594246527,0.3003130380995296,0.23103801118613349
