day,IRRAD,TMIN,TMAX,VAP,WIND,RAIN,E0,ES0,ET0
2015-01-01,11850000.0,-4.3,-0.6,2.11865452515102,11.122081524969978,0.0,0.3238852023385577,0.3064006032053659,0.2211737562728633
2015-01-02,10270000.0,-6.5,2.6,2.2933663552201176,8.530121729323046,0.0,0.25618669627174057,0.24071439299150446,0.22072158128684047
2015-01-03,11470000.0,-3.8,4.7,2.7870632715572503,2.232796775464909,0.0,0.0961636154664021,0.07715646991972035,0.1416783042495696
2015-01-04,11060000.0,-0.1,10.5,6.083963625921374,3.2444392823109407,0.0,0.10686826836911587,0.08522636543563104,0.1503928581123889
2015-01-05,8289999.999999999,1.9,10.2,7.9695052569283416,5.737629247407817,0.8800000000000001,0.09937971385495768,0.08271816674428406,0.11337638667506758
2015-01-06,10760000.0,-4.3,3.7,2.0132433227496054,10.909576738028948,0.0,0.3994953504240589,0.38217324595995644,0.2950223243106652
2015-01-07,12230000.0,-5.7,1.7,1.6945963420202264,7.198225529481377,0.0,0.2579887947732559,0.23960170581672582,0.23826323224373308
2015-01-08,12190000.0,-4.7,4.1,2.633914576866364,6.2165132743171805,0.0,0.2099518547143337,0.19032764900639604,0.21666504123569763
2015-01-09,10930000.0,-3.4,5.4,3.946281788467599,7.491541995963362,0.0,0.19893344102432475,0.18044155459480396,0.1892839859841255
2015-01-10,12040000.0,-1.8,6.8,4.081641700004398,5.339556900039408,0.0,0.17658815567518354,0.15507637188400253,0.19802828364273517
2015-01-11,11710000.0,-4.8,6.7,3.312313098381047,8.832417271309582,0.0,0.2736617953663735,0.25388726085508095,0.24898838971042198
2015-01-12,12010000.0,-1.9,5.6,3.975309221041186,4.175270109616017,0.0,0.14264349953609726,0.12167901331933106,0.16906629901732179
2015-01-13,12010000.0,0.2,8.2,4.725344939317469,1.762891824060096,0.0,0.09405759511010645,0.07131079857418249,0.13230474466288406
2015-01-14,3430000.0,-0.9,8.3,5.622199107920115,3.4868743209338064,0.05,0.10218210100664833,0.09579377401584141,0.13227483322678796
2015-01-15,8470000.0,-0.3,9.1,6.896027799981558,4.537426154966223,0.0,0.09579405556445365,0.0796454027296615,0.11484610917041324
2015-01-16,9860000.0,-1.7,9.4,4.81013245423368,9.242461719350723,0.0,0.2768336895519178,0.2583763325587794,0.2510322160076068
2015-01-17,13010000.0,-4.6,3.2,2.374605772037828,7.907572494340871,0.0,0.2754220021923349,0.25480477852073774,0.23995081266918997
2015-01-18,13050000.0,-1.4,7.5,3.8578577465637864,5.9411549588442965,0.0,0.22416563467314546,0.20039563370701022,0.23594343608842633
2015-01-19,10000000.0,-3.7,7.4,4.238494568554459,6.88695091199029,0.0,0.20069523626879712,0.18323937763701842,0.20401023155213588
2015-01-20,12650000.0,-0.4,7.7,4.834173399387139,3.280355584329143,0.0,0.13470601532627513,0.11118545770035218,0.16427989556844763
2015-01-21,5100000.0,2.8,9.2,8.13022623490729,3.7083581833793873,0.53,0.07644017761329419,0.06620588302630812,0.08988097636051318
2015-01-22,6570000.0,-0.3,7.6,6.085809603857622,7.213190655322294,0.020000000000000004,0.14923366899302318,0.13701785368849245,0.14229075785285433
2015-01-23,12500000.0,-1.4,7.8,5.31818070900621,3.238453231974574,0.0,0.12022267911565163,0.09733604531778599,0.14362480934638902
2015-01-24,13080000.0,-0.3,9.0,5.357636955535073,4.459607500593451,0.0,0.1657305984091949,0.14083378596545365,0.18610424131641437
2015-01-25,6690000.0,2.8,10.8,9.019218965560995,4.690070438543582,0.35000000000000003,0.08130594137429878,0.06754883366454657,0.08938837624264906
2015-01-26,3870000.0,0.6,12.0,8.81230883890646,6.545746042817368,0.0,0.07444304766972829,0.06660482641784747,0.09798687327203093
2015-01-27,11940000.0,-4.7,5.6,2.809310161579893,8.326596017886565,0.0,0.30149695515758373,0.2817109640653971,0.2608027267029639
2015-01-28,11500000.0,-2.4,4.9,4.3882137175868055,5.764566473921469,0.0,0.16901337990175203,0.14937544468074737,0.16158550728689586
2015-01-29,5730000.0,1.2,5.8,5.726318191560705,5.109093962089276,0.020000000000000004,0.13449166867149437,0.12389191688778271,0.1349884115454286
2015-01-30,13300000.0,-4.3,4.9,2.813033288200132,10.48756018931507,0.0,0.36539357197918537,0.3434797452100836,0.2695557473063194
2015-01-31,14850000.0,-3.3,3.7,2.2281979021969844,5.8992526064897275,0.0,0.26278570496333187,0.23841164557363864,0.2511787531625096
2015-02-01,14690000.0,-1.5,6.7,2.4782952749918863,4.289005066006991,0.0,0.23680240598366561,0.21046300653839958,0.26405770814129165
2015-02-02,13090000.0,-0.3,8.4,4.04035094938848,2.7715413057379434,0.0,0.16512041211987033,0.14045173205718625,0.19735826198680617
2015-02-03,12070000.0,0.2,9.7,5.764920403452925,3.6365255793429823,0.1,0.16035558460926227,0.13692640611844778,0.17902794024622107
2015-02-04,9300000.0,-3.0,7.1,4.182535026554345,5.95312705951703,0.010000000000000002,0.20465739601716582,0.18830581005687358,0.20416713881782367
2015-02-05,13500000.0,-1.8,6.6,3.8763910226659535,7.2760441838541485,0.0,0.27565265395730826,0.2516176623970837,0.2415694790337784
2015-02-06,15160000.0,-0.6,8.2,4.177239868538166,3.492860371270173,0.0,0.19348613321669902,0.16515525924703717,0.21360227526913872
2015-02-07,13230000.0,-4.0,8.9,4.310056924177936,7.374814014404206,0.0,0.28257510644972744,0.25897898538411535,0.24320737927775382
2015-02-08,16250000.0,-7.7,-1.1,1.3273237003964624,13.0076873809256,0.0,0.44942476355792466,0.42739194770457994,0.255149803987251
2015-02-09,16140000.0,-6.4,0.9,2.0984784682389797,8.302651816541097,0.0,0.29536130440715286,0.27184653390306673,0.22183495965475813
2015-02-10,15560000.0,-1.0,9.4,4.575484801190997,6.554725118321919,0.0,0.28392753478475363,0.2544570806549471,0.2643634257880306
2015-02-11,11660000.0,-1.8,10.6,5.2708477132485365,6.8121252827857015,0.0,0.25858996385390187,0.23635935086055165,0.24282346953563766
2015-02-12,16420000.000000002,-3.6,5.5,2.206344315134927,10.01166918757389,0.0,0.45077592674659295,0.42304767254715453,0.331410428867691
2015-02-13,16570000.0,-2.6,5.5,2.70232888293374,6.563704193826469,0.0,0.3165926113492022,0.2880873962819232,0.2788273192383696
2015-02-14,16399999.999999998,1.1,10.4,4.611466200006287,3.9328350709931517,0.0,0.2486893338989778,0.21603455927430862,0.26224467583798916
2015-02-15,8780000.0,4.1,12.6,7.932098508455835,5.429347655084913,0.4,0.20463607338391704,0.1857461264527654,0.2046375676189013
2015-02-16,2280000.0,3.1,8.2,8.519723691595084,4.420698173407065,0.08000000000000002,0.046955363638448676,0.04242978043336542,0.06235332267000757
2015-02-17,10970000.0,-2.1,7.4,4.939073551457028,7.988384173881826,0.0,0.24318583662706214,0.22348177884472276,0.2011133663863244
2015-02-18,13830000.0,-2.0,8.1,4.8583207109048585,7.6441862795407225,0.0,0.2691942043534873,0.2440034676974221,0.22437427666863247
2015-02-19,15860000.0,0.2,9.5,4.919157008255685,4.717007665057235,0.0,0.2542385104817618,0.22355200559887156,0.24576626248128647
2015-02-20,16710000.0,1.2,10.7,5.794906862491866,3.621560453502065,0.08000000000000002,0.2289518790606498,0.19547154174417286,0.22743652071946965
2015-02-21,2250000.0,4.5,10.1,11.30088627225048,6.740292678749297,0.79,0.025209537495923924,0.02051330219023175,0.02791064155271592
2015-02-22,9410000.0,0.3,13.8,6.025153132190565,7.0425882207358335,0.0,0.3475688285111789,0.32807308852625783,0.30295435882511584
2015-02-23,14660000.0,-1.1,10.3,4.464816404419735,5.423361604748546,0.0,0.28647580473285716,0.25834119437583725,0.27843613672441964
2015-02-24,14700000.0,0.9,11.0,4.250571899244312,4.812784470439108,0.0,0.3055612825537712,0.2761082030473553,0.30801154655277135
2015-02-25,13070000.0,4.4,12.5,7.3608515051512855,5.046240433557422,0.0,0.26087983575347906,0.23268059693154916,0.2449485846523054
2015-02-26,15150000.0,-2.4,10.6,3.4404550392632127,9.538771211000894,0.0,0.5255922851615759,0.4969937418032271,0.38003686109960455
2015-02-27,16520000.0,-1.4,3.9,2.8009491422877932,6.842055534467537,0.0,0.3415582435412268,0.3133479226846184,0.2720375149967078
2015-02-28,8369999.999999999,1.2,7.8,6.016009548505555,5.459277906766749,0.65,0.18943711057723028,0.17342649373121227,0.17122141815280228
2015-03-01,16770000.0,-2.5,8.3,4.322314827741481,8.539100804827596,0.0,0.35179874947411055,0.32141187301085977,0.2703628095294105
2015-03-02,19360000.0,1.4,10.8,4.246542736702463,3.6006092773247804,0.0,0.30166287908299616,0.2626922064904606,0.3000504152675677
2015-03-03,3740000.0,-2.9,4.5,5.839255234233811,5.465263957103116,0.61,0.07438862509935742,0.068108369491611,0.0707388459157389
2015-03-04,20070000.0,-4.2,5.5,2.5084113086655897,10.484567164146886,0.0,0.4873447215231037,0.4538330188485715,0.323675501003479
2015-03-05,19340000.0,-0.6,7.9,4.0998237709170295,4.684084388207216,0.0,0.30100760729273224,0.26504811444804055,0.26634068736046645
2015-03-06,17760000.0,1.0,10.4,5.049113806983981,3.2953207101700603,0.0,0.26574173066293033,0.2304343993168263,0.25649746976094356
2015-03-07,19490000.0,0.9,13.2,5.81615675964042,3.0229554198653594,0.0,0.2841882688929892,0.243808675661734,0.27673574529889783
2015-03-08,19300000.0,3.4,13.7,6.541464676690046,4.1573119586069165,0.020000000000000004,0.3284832553311151,0.2867252485028643,0.30667960316152315
2015-03-09,18890000.0,-4.5,13.6,2.6817297833201454,14.315639379421798,0.0,1.181090648478612,1.1448974135703125,0.5468833833420808
2015-03-10,21670000.0,-2.8,3.5,2.114316594774246,11.99903789924775,0.0,0.5872239220230528,0.5514508771146219,0.33967535297959317
2015-03-11,19840000.0,-2.6,9.0,3.4248934801773556,9.79916440063286,0.0,0.4966419954657346,0.4603163303017623,0.357707715160819
2015-03-12,21350000.0,-0.1,10.4,3.6886349749442897,6.860013685476638,0.0,0.45429950319137913,0.4125892569343429,0.37612610449737904
2015-03-13,12950000.0,-3.2,12.6,7.0102568399509355,6.183589997467161,0.36000000000000004,0.2493744511857336,0.22444023896527923,0.19977545067832786
2015-03-14,21330000.0,4.6,12.8,4.285633530101084,3.8879396934703987,0.0,0.3980109806141078,0.3516668129267717,0.38527680153397237
2015-03-15,19120000.0,3.7,16.7,4.983760308902671,4.172277084447834,0.0,0.4432671317462993,0.40000460368831997,0.4261205900374693
2015-03-16,19720000.0,7.1,19.5,6.742911773172636,3.295320710170061,0.0,0.4170042307881826,0.3688484897752239,0.4264998054744485
2015-03-17,19610000.0,9.9,22.5,10.810162554683318,5.3485359755439585,0.19,0.5130206706327154,0.46203248701250493,0.4750699430838005
2015-03-18,1350000.0,7.9,10.8,11.329601566972784,9.912899357023832,3.5700000000000003,0.0374371129959125,0.0344510031326191,0.050233675971849134
2015-03-19,19000000.0,8.2,17.7,10.62763891590037,4.884617074475512,0.0,0.379972987697964,0.3339506005473966,0.32387611372071834
2015-03-20,18630000.0,9.1,20.6,10.621601808270038,3.6634628058566343,0.0,0.39331011309143815,0.34621828981508684,0.37723166957943455
2015-03-21,22330000.0,5.0,21.8,6.618611871696924,5.872315379976074,0.0,0.7588045207133703,0.7041498162861827,0.5818052504656593
2015-03-22,22990000.0,1.2,17.6,3.598398970757758,9.933850533201117,0.0,1.110556282786347,1.059634916323224,0.6462050078949974
2015-03-23,23480000.0,0.6,12.0,3.4415689777396703,7.572353675504317,0.0,0.5689014755817761,0.5213455492266956,0.45489546059937985
2015-03-24,23130000.0,1.9,12.8,4.166667381663488,3.307292810842795,0.0,0.38502295251706453,0.33667449705988006,0.36592894223937733
2015-03-25,23640000.0,3.0,14.7,5.132665989653238,3.690400032370286,0.0,0.420845189214244,0.3692674288896893,0.39226802383793535
2015-03-26,23810000.0,4.0,17.4,4.86437420604647,4.052556077720492,0.0,0.528210582817086,0.4736323216581531,0.47405087007883384
2015-03-27,23160000.0,5.8,19.5,5.735071285325748,4.187242210288751,0.0,0.5674123946640857,0.5117079334994301,0.5102670167358043
2015-03-28,22970000.0,7.9,19.8,8.023550151568665,6.123729494103491,0.0,0.5797848402517106,0.522986356189137,0.5197303030678271
2015-03-29,22400000.0,7.5,20.8,9.378103071593337,4.5673564066480585,0.0,0.5247340378404771,0.4689725502646439,0.45509584905335015
2015-03-30,23080000.0,9.7,20.7,11.202467606555683,6.186583022635345,0.0,0.5446627341164553,0.48588449133315165,0.4536484121670271
2015-03-31,6180000.0,13.9,18.1,15.27833074505102,5.121066062762011,0.020000000000000004,0.2020342321332776,0.18603092705776744,0.18551560060109812
2015-04-01,4640000.0,7.7,14.4,10.308862940973693,8.23680526284106,0.06999999999999999,0.23661390066888788,0.22588254168678956,0.20580990064014867
2015-04-02,17230000.0,12.0,18.9,16.238485104046422,13.720027370953275,1.64,0.37908923260035243,0.33497730865930636,0.19352001501408805
2015-04-03,14270000.0,8.0,21.5,11.850923577407197,9.17960819081887,0.0,0.5377138339541003,0.5017207168941822,0.41513014100917933
2015-04-04,13550000.0,7.7,15.3,10.215178326985962,7.772886361772613,2.67,0.3609023319570196,0.32920829034192567,0.2736986057213965
2015-04-05,5580000.0,9.4,13.8,11.987861531267885,2.70868777720609,0.6400000000000001,0.12918356800533806,0.11609930429239054,0.1250441506885672
2015-04-06,2960000.0,7.5,12.6,11.02970882732023,6.440990161930945,0.26,0.10186221416788219,0.09519104409696713,0.10691346071891272
2015-04-07,10010000.0,6.7,10.6,7.315110949886605,7.60826997752252,0.0,0.3474522359955438,0.3257336136407463,0.2703446481418963
2015-04-08,9610000.0,3.6,11.2,6.962286604355229,4.274039940166072,0.0,0.23954088830380244,0.21942363263031012,0.22130980380801293
2015-04-09,22340000.0,4.3,15.3,7.878597749718114,4.23812363814787,0.0,0.41045920267569846,0.36044265676098075,0.3426740127072259
2015-04-10,24470000.0,5.1,18.4,8.257470131498225,4.9325054771664485,0.0,0.5362515553461918,0.47866040538435756,0.43313442721974854
2015-04-11,25010000.0,4.7,19.0,8.403637112758563,4.633202960348096,0.0,0.5554889480562817,0.49648229433523705,0.43740851628326566
2015-04-12,15210000.0,9.2,16.4,10.087586481243795,10.789855731301607,1.25,0.5320942459497982,0.49538143942255647,0.36917735230021054
2015-04-13,5420000.0,8.5,12.2,11.02970882732023,9.598631714364563,0.86,0.19035325117063534,0.17804131283053007,0.1334499483069199
2015-04-14,18920000.0,5.0,15.0,8.542113659294422,5.42635462991673,0.24,0.39354544932764085,0.3509603324995798,0.3148167970992025
2015-04-15,24890000.0,6.6,20.4,9.343004701311308,7.9584539221999915,0.0,0.7241477352389278,0.6630876893943788,0.5165023503042371
2015-04-16,21210000.0,4.4,21.2,9.058487810851412,9.47591768246904,0.2,0.8320530664599806,0.7808578904939848,0.5284818420655097
2015-04-17,25950000.0,8.0,19.5,5.59986201414332,4.366823720379762,0.0,0.6114057875325297,0.5473830074614165,0.5766201797701871
2015-04-18,16219999.999999998,12.7,19.4,9.715981762170927,5.094128836248358,0.7400000000000001,0.5055605456863618,0.4635153667181314,0.4653999164788368
2015-04-19,1420000.0,11.8,16.9,17.624349919078945,6.087813192085289,2.62,0.013636544744088777,0.010086006200947548,0.036012193161167536
2015-04-20,3350000.0,5.0,11.8,10.064539378570442,6.057882940403454,0.43,0.09228206295905567,0.08506443598054224,0.09750349534701816
2015-04-21,25900000.0,10.6,21.1,10.099127453383,2.98105306751079,0.0,0.5378430105375706,0.4709805023687589,0.4769186594408678
2015-04-22,26130000.0,9.2,22.8,8.804631804285965,5.243780094657535,0.0,0.7317507779965672,0.6640863181870074,0.6074676525862236
2015-04-23,21820000.0,9.9,21.2,8.445463806054644,4.582321532488976,0.0,0.5743593690761589,0.5183791678160278,0.5362170685768918
2015-04-24,24610000.0,10.1,24.1,10.258999219256552,5.0282822825483215,0.0,0.7166997283928108,0.6515546968679923,0.5938156013392175
2015-04-25,27160000.0,12.2,24.6,8.649805756320664,3.432999867906503,0.0,0.6634423539541541,0.589753991303535,0.6260448261130284
2015-04-26,27000000.0,14.9,27.8,10.51943188386923,4.214179436802403,0.0,0.786019702711551,0.70894515515037,0.7306409800876598
2015-04-27,25440000.0,12.7,26.2,11.4612297049667,5.387445302730344,0.0,0.7918502949462942,0.7215131899573727,0.6733533436395669
2015-04-28,17250000.0,14.0,21.7,16.383667958431545,5.93516890850793,0.7400000000000001,0.44364059633504443,0.39731647557875405,0.34041054969375795
2015-04-29,6700000.0,13.0,18.3,16.646076758451574,4.684084388207216,0.9300000000000002,0.16292605516291764,0.14570104336670026,0.13281380681706773
2015-04-30,17100000.0,13.5,21.5,16.343960156568095,3.7203302840521206,0.06999999999999999,0.3894813636252152,0.3438646252536656,0.31400818098265937
2015-05-01,26080000.0,14.7,25.8,15.724276112308525,3.8879396934703987,0.0,0.636487799720528,0.5633796986427251,0.5397522237635372
2015-05-02,23320000.0,15.9,25.8,17.288173131987957,6.432011086426395,1.1199999999999999,0.6684718858930284,0.6024422782246882,0.5363294722164303
2015-05-03,3740000.0,15.9,18.3,18.861517958798792,5.549068661812255,0.45,0.0943455066233004,0.0844453677406177,0.08541283645738919
2015-05-04,26820000.0,8.4,22.7,7.258827624037457,8.386456521250235,0.0,1.0481502587135083,0.9793423303085259,0.7453836353781698
2015-05-05,27960000.0,10.5,22.9,8.54958850474752,4.4296772489116165,0.0,0.7048052721735165,0.6313727806137815,0.6272634030404748
2015-05-06,19830000.0,12.0,22.9,10.21226280391377,3.1336973510881503,0.0,0.5073909073970031,0.45454220977635523,0.4864454003297559
2015-05-07,27410000.0,11.1,25.3,10.933372605147468,5.040254383221056,0.0,0.8035029578717315,0.7294107948251509,0.6495845862411024
2015-05-08,23170000.0,15.3,25.2,10.096241120688008,3.70237213304302,0.0,0.6514376001724784,0.5864868830722985,0.6297802799335439
2015-05-09,22050000.0,11.6,24.4,13.439397017883945,4.100444480411428,0.0,0.5682420308213041,0.5088604870046634,0.48965268991928
2015-05-10,24200000.0,10.4,24.7,12.799928156159986,4.2471027136524215,0.0,0.6427992669294521,0.5781804350148813,0.5226293013304797
2015-05-11,15400000.0,14.4,22.8,16.641598625822496,12.382145120775242,4.64,0.5865462366971259,0.5446107751823035,0.40238937734065255
2015-05-12,22070000.0,13.4,21.3,11.81773353157128,10.966444216224433,0.0,0.8288188208850411,0.7701134232895835,0.5901820361217056
2015-05-13,27190000.0,14.2,25.8,13.667490512428047,12.121751931143274,0.0,1.0369420577999944,0.9610461501783792,0.7541450506058855
2015-05-14,18060000.0,16.4,25.0,20.18472255341956,8.65283576121857,0.0,0.539070897438384,0.4880614085363705,0.3854637130208107
2015-05-15,17340000.0,15.5,27.5,20.688608447951644,4.348865569370662,0.020000000000000004,0.4661750437567932,0.41655675699256944,0.4003956637607855
2015-05-16,24810000.0,13.0,26.2,13.18177749628471,4.208193386466036,0.0,0.6893310437484762,0.6205555111389778,0.592736885328784
2015-05-17,23180000.0,14.6,26.5,10.397378546935764,4.312949267352459,0.0,0.6985483454449588,0.6332409551388516,0.6807195085636168
2015-05-18,6160000.0,12.1,17.7,15.067755857140964,2.4901969399286927,0.36000000000000004,0.15476436508166264,0.13917672320200122,0.14650972655911162
2015-05-19,28170000.0,12.7,28.5,14.93693505635156,5.767559499089652,0.0,0.9252298611947859,0.8457974015546481,0.6885198243110233
2015-05-20,26570000.0,12.0,23.9,10.87469457177191,4.836728671784575,0.0,0.6996885035560882,0.6282015008572337,0.6150260675099322
2015-05-21,28350000.0,17.9,27.1,11.09852890889037,4.995359005698303,0.0,0.8680063176461659,0.7856048980649023,0.8036690650698203
2015-05-22,25890000.0,17.0,28.5,11.316831297343292,5.37547320205761,0.0,0.858720945571438,0.7831834240721882,0.8223804010542489
2015-05-23,23220000.0,16.5,27.7,11.400064955929238,4.082486329402328,0.0,0.7151637714448793,0.6480880120376222,0.6994872147941524
2015-05-24,26340000.0,18.0,29.7,10.727688258811263,3.837058265611278,0.0,0.7956472171791321,0.7175419172564592,0.7928588226298251
2015-05-25,27400000.0,17.0,30.7,12.160139810814856,4.42369119857525,0.0,0.9243818974922776,0.8431334078232862,0.8279342232954041
2015-05-26,29130000.0,19.6,34.1,11.529168592933129,4.866658923466411,0.0,1.1466928148597186,1.056772149906433,1.0179179072621245
2015-05-27,27640000.0,19.3,32.7,10.4418867786201,5.2527591701620855,0.0,1.0785001860905263,0.994097359171126,1.0113654093677134
2015-05-28,23660000.0,17.7,29.8,12.899836892610061,4.570349431816242,0.0,0.7856293167553607,0.7155718075098217,0.7678693591652721
2015-05-29,25980000.0,19.4,30.8,15.651996658370102,4.947470603007366,0.18000000000000002,0.852066202237251,0.773673806203907,0.7991216308626903
2015-05-30,6030000.0,14.7,21.7,16.77189432656147,3.5587069249702106,0.03,0.21611352068643108,0.19981378543758463,0.21961330216898375
2015-05-31,27780000.0,16.8,29.3,15.178917110035117,4.151325908270549,0.0,0.8024827157110812,0.7210653830911729,0.7117917298002567
2015-06-01,22840000.0,17.3,29.3,14.01023211246028,4.785847243925456,0.0,0.7541573725817983,0.6869698720441848,0.7254281425149623
2015-06-02,18610000.0,17.8,28.8,16.971292918892235,5.046240433557422,0.0,0.6449329275918637,0.5901886462869168,0.6093078288138335
2015-06-03,26670000.0,16.6,30.2,10.341241311403861,4.941484552670999,0.0,0.9703767840654296,0.8918074044550097,0.8786421353079868
2015-06-04,25290000.0,17.6,31.1,11.448328976229087,5.022296232211954,0.2,0.9623259128227657,0.886800274180916,0.8832982155282684
2015-06-05,6020000.0,12.4,18.1,14.14554544357684,3.711351208547571,0.24,0.19734884673208056,0.1820013597618545,0.19132965408063501
2015-06-06,27410000.0,15.0,27.4,13.872240087042677,3.9238559954886005,0.0,0.742822352422304,0.6647668347751632,0.653924502932919
2015-06-07,24080000.0,16.5,27.7,15.270024504149339,4.663133212029932,0.0,0.7163222713781559,0.6467622245854446,0.6432846336346968
2015-06-08,7150000.0,16.1,23.8,19.593236210058393,2.2896642536603964,0.18000000000000002,0.20972743708490488,0.18978662149419254,0.205039010695678
2015-06-09,23320000.0,18.9,30.7,18.593361183312364,3.5676860004747613,0.0,0.6920279430247726,0.6219491822739159,0.6343510201908653
2015-06-10,23930000.0,18.4,31.2,17.65733738166701,5.303640598021206,0.1,0.8345422596796915,0.7626303924083366,0.7432040819056851
2015-06-11,5760000.0,20.8,24.0,24.1474112269503,5.474243032607666,0.2,0.21555527076275088,0.19883900903302024,0.18884438782470114
2015-06-12,24800000.0,17.2,32.5,17.16816514493486,7.279037209022332,0.0,1.1340719671595867,1.0594945347733022,0.8715814794857508
2015-06-13,16390000.0,16.4,27.7,18.941619729612892,8.036272576572763,0.0,0.6169357797685466,0.569626745665122,0.5306442521023073
2015-06-14,19550000.0,19.7,28.5,21.774806582849656,6.285352853185402,0.0,0.6497865536172059,0.5916082780022331,0.5374377037420576
2015-06-15,16329999.999999998,20.4,29.4,22.875057267734444,5.100114886584726,0.04000000000000001,0.5569757559974772,0.5078353072603459,0.49242796802760325
2015-06-16,15620000.0,19.1,27.5,22.353767738346086,3.1516555020972516,0.13,0.4425005829607363,0.39655186324105496,0.38205238500328453
2015-06-17,14540000.0,17.6,27.5,19.474722280954957,5.540089586307704,0.020000000000000004,0.5113842555296745,0.4690903912720178,0.46614248413350234
2015-06-18,21240000.0,18.9,27.5,19.92634473614742,9.634548016382766,0.020000000000000004,0.7964546963775003,0.7340659841668713,0.6068163535905986
2015-06-19,21890000.0,18.6,28.1,18.36757219573572,5.267724296003003,0.0,0.6961618598830517,0.6317215712620657,0.6045970950205586
2015-06-20,8650000.0,18.1,24.6,20.802671731621004,2.9750670171744233,1.1500000000000001,0.2670146120789009,0.24232221073059668,0.24966366041770996
2015-06-21,14960000.0,18.1,25.2,19.97358359108257,3.711351208547571,0.04000000000000001,0.4276485835303151,0.3847381833826559,0.36664026682661255
2015-06-22,20520000.0,17.8,27.2,19.639782881902565,4.687077413375399,0.0,0.5964927144756841,0.5368497822073407,0.5008798255488044
2015-06-23,22690000.0,19.3,29.3,20.190025969869783,4.208193386466036,0.0,0.675954113624136,0.608240624357305,0.5864043822508285
2015-06-24,17470000.0,17.8,28.0,20.047261176789316,4.564363381479875,0.0,0.5398334439468085,0.488747204106072,0.4781327157628338
2015-06-25,14010000.0,20.4,28.3,22.67467139401119,7.03959519556765,3.23,0.5479267210741849,0.5060874882797084,0.47269564072283454
2015-06-26,10730000.0,19.4,25.7,23.534015787053427,5.567026812821355,0.11000000000000001,0.34208156975021764,0.31087021050092917,0.28042612333710204
2015-06-27,17290000.0,17.4,26.1,20.041990611278937,3.7053651582112033,0.06,0.47476848119907233,0.4250961878849928,0.40184624266467495
2015-06-28,24730000.0,18.2,28.3,19.608741020612115,4.055549102888675,0.0,0.6837389437128865,0.6110453007586448,0.5729357724864206
2015-06-29,24960000.0,19.6,29.7,19.321082750299052,4.22016548713877,0.03,0.7424938790622365,0.6676416659979673,0.6477150813124541
2015-06-30,5440000.0,18.1,22.3,21.673014762620966,3.576665075979312,2.29,0.16482405341471368,0.14958742979073883,0.15079325603981744
2015-07-01,20310000.0,18.0,29.1,20.211251838325786,5.644845467194127,0.0,0.6524082573366943,0.5924441180864048,0.566408642936305
2015-07-02,25960000.0,19.5,29.7,19.868741240205367,3.7472675105657727,0.0,0.7348202265114109,0.657023004241019,0.6308588327811017
2015-07-03,24470000.0,18.5,29.7,18.84653196134053,4.681091363039032,0.0,0.7398496396927748,0.6670300793706068,0.6498773579111651
2015-07-04,17850000.0,18.4,25.6,19.45417538269521,4.0106537253659225,0.0,0.5096120019640504,0.4581289462951241,0.4305792240555831
2015-07-05,20490000.0,18.0,27.4,19.889671071328014,3.4270138175701352,0.010000000000000002,0.5587639732023707,0.4990268442659197,0.476939725926559
2015-07-06,18150000.0,18.8,27.2,20.200636463090824,3.8610024669567466,0.0,0.530992632808778,0.47783844649962165,0.4600347231485776
2015-07-07,3160000.0,18.6,21.2,21.297773032821603,5.902245631657911,7.9,0.1228621472767252,0.11405671183533321,0.13022075604245725
2015-07-08,2550000.0,19.2,23.2,24.66077853579152,5.2527591701620855,5.66,0.06484561074977832,0.05758397010766925,0.07753558672386733
2015-07-09,9230000.0,20.3,24.6,23.99893582466139,6.638529823031058,0.0,0.30837130053964706,0.2815641138983518,0.2409316426116254
2015-07-10,22800000.0,20.2,29.9,24.45304386831724,5.1180730375938275,0.0,0.6735156780500532,0.6047652819283748,0.537867378523921
2015-07-11,14000000.0,23.0,30.6,29.028080287735847,5.0282822825483215,0.8800000000000001,0.4708104686975766,0.4276212119452083,0.3941751289508778
2015-07-12,1930000.0,22.9,24.4,28.889948610042588,17.41940647882811,4.69,0.06193787973465002,0.056231382894069225,0.04808190368632622
2015-07-13,12970000.0,21.7,26.8,25.455208878285696,11.825442439493107,0.03,0.5326431160626351,0.49396412953422314,0.36904414155941045
2015-07-14,23270000.0,22.0,30.6,27.077109200105262,4.788840269093639,0.010000000000000002,0.6873769365164677,0.6160431035470328,0.5353142509536128
2015-07-15,19810000.0,20.5,30.3,24.415438714941015,8.70371718907769,0.020000000000000004,0.7265983206917029,0.6665816987145637,0.5765433590830599
2015-07-16,17440000.0,17.6,24.5,18.052619909200438,13.486571407834964,0.010000000000000002,0.7702310487233094,0.7206881780464742,0.5218518107390713
2015-07-17,12910000.0,17.3,23.2,18.672464565724134,4.372809770716129,0.12,0.38001565217264865,0.34382602084924246,0.3237629287282885
2015-07-18,18800000.0,19.0,28.1,22.19769230186744,3.1965508796200046,0.0,0.5142208605150584,0.4587149118244903,0.4356814942368902
2015-07-19,14800000.0,21.4,28.5,23.43714766668172,5.198884717134782,0.06999999999999999,0.5162866224727594,0.4717198539281021,0.4519896443215683
2015-07-20,11120000.0,21.8,28.5,27.889702190419115,4.645175061020829,0.36000000000000004,0.35064829662071106,0.31707195856722054,0.2909234480599418
2015-07-21,14010000.0,23.5,29.7,28.940772339108875,3.4060626413928508,0.1,0.4298963418422487,0.38678474259402135,0.3577902987383199
2015-07-22,12110000.0,24.2,28.8,29.734858614691536,6.554725118321919,0.27,0.4263513605257228,0.3891335818307208,0.33329528390659463
2015-07-23,4360000.0,24.7,27.2,30.96162727326861,10.54742069267874,0.53,0.2156532021839296,0.20234795003101888,0.17455622730789852
2015-07-24,14400000.0,25.0,28.5,30.616508894846934,12.959798978234662,0.2,0.5725453324503702,0.5281499072175563,0.3641842389160247
2015-07-25,21030000.0,23.2,29.8,28.572265141025547,8.883298699168702,0.0,0.7068182054058445,0.6421865054920631,0.4941582703719313
2015-07-26,25160000.0,24.0,32.9,29.11561800852297,3.38810449038375,0.0,0.7450215585764456,0.6658471830071638,0.6015784321924427
2015-07-27,22630000.0,25.0,33.5,30.94621693917485,4.217172461970586,0.43,0.7223210101940244,0.6504578579891404,0.5863261785208497
2015-07-28,20170000.0,24.9,32.8,30.456605318426067,4.731972790898152,0.06,0.6677867219100655,0.6040231934369353,0.5478860053148302
2015-07-29,21130000.0,25.1,33.6,32.81960224575887,5.474243032607666,0.6400000000000001,0.7019699252389421,0.6347954483245173,0.5521758121664877
2015-07-30,25420000.0,24.9,35.2,32.336219517081894,5.393431353066711,0.0,0.843906047769851,0.7624733299724971,0.6761032693944966
2015-07-31,25100000.0,24.5,34.4,31.2091044785345,4.082486329402328,0.0,0.781981010071253,0.7020970964243425,0.6312138307559593
2015-08-01,25160000.0,22.8,34.6,28.52200675511096,5.100114886584726,0.0,0.81270094019276,0.7332984159434643,0.6824795765149165
2015-08-02,16520000.0,24.1,32.4,30.350408103036496,5.803475801107854,0.03,0.5844500492249614,0.5325851320153285,0.4885394123712249
2015-08-03,25260000.0,23.0,33.3,27.735301776490164,7.156323177126808,0.0,0.870119118850651,0.7909076190684748,0.6989487591813763
2015-08-04,25700000.0,23.4,34.0,28.550716375694815,6.7762089807675,0.0,0.8811339078815366,0.8000271959098791,0.7140841576968688
2015-08-05,25760000.0,24.7,35.4,29.54197254043082,3.896918768974949,0.0,0.8211847942032439,0.7386628897791748,0.6952633912166399
2015-08-06,24420000.0,25.0,35.6,28.572265141025547,3.8699815424612973,0.0,0.801756244010806,0.7233179850758199,0.7006774357735543
2015-08-07,23630000.0,24.7,35.5,30.146511074785664,3.7323023847248553,0.04000000000000001,0.7606224396995025,0.6848833675387364,0.6511469537738225
2015-08-08,21110000.0,25.1,35.1,31.27124266131651,2.909220463474386,0.09000000000000001,0.6630486693717075,0.595386722130329,0.563781063499271
2015-08-09,23540000.0,24.5,36.2,25.794955044510242,4.606265733834444,0.0,0.8364420917250242,0.7607903575016348,0.7796206426858351
2015-08-10,22470000.0,25.1,35.5,23.43714766668172,4.354851619707028,0.0,0.8151091948372065,0.7429344332373238,0.7822997520141788
2015-08-11,6550000.0,21.1,30.5,22.72168235639087,4.836728671784575,4.510000000000001,0.3711210485911198,0.351171781139484,0.4177609594158992
2015-08-12,4250000.0,20.8,24.3,26.425885583126323,7.1293859506131545,0.8300000000000001,0.13019006249153459,0.11782768813836812,0.10564817172334988
2015-08-13,21110000.0,22.8,30.3,26.045729985122712,2.8733041614561836,0.0,0.592456587496544,0.5275379035701703,0.4916322799432985
2015-08-14,21270000.0,21.9,30.4,25.631124284939574,3.1277113007517836,0.0,0.5946636710433519,0.5295863749714902,0.4943640165061933
2015-08-15,20690000.0,22.6,31.0,27.159489346392377,3.0109833191926256,0.0,0.5854833610943047,0.5216558095081261,0.48407861179341055
2015-08-16,15090000.0,21.7,30.1,26.68200700368508,4.887610099643696,1.04,0.48572008337621153,0.4397004805601042,0.4153262721173041
2015-08-17,19290000.0,20.9,28.8,24.87005397272065,5.177933540957497,0.03,0.5695409603025329,0.5115329493859431,0.45617936416535654
2015-08-18,13920000.0,21.9,28.5,25.1129589994284,5.902245631657911,0.0,0.484579936438392,0.442520752368636,0.4121485454882691
2015-08-19,11970000.0,22.2,28.3,26.709092850146707,4.438656324416168,0.12,0.3822426103738962,0.3460509803777606,0.3264860564177995
2015-08-20,7080000.0,22.1,27.1,28.321744015760498,2.0292710640284293,5.140000000000001,0.2003628148375968,0.17914539058203535,0.1785366682661906
2015-08-21,9890000.0,21.5,26.2,23.931151754191447,4.866658923466411,2.12,0.34498794099329283,0.3156613876054707,0.30710476911677437
2015-08-22,16830000.0,22.4,30.4,25.56584697836194,3.4509580189156037,0.0,0.5120388847971663,0.46038081769727446,0.4493965550611085
2015-08-23,12770000.0,22.1,29.5,26.654945150301483,3.331237012188263,0.0,0.39253333597853096,0.3536398786720595,0.3474746901842981
2015-08-24,7500000.0,22.6,26.2,26.5132633451751,11.146025726315445,1.7300000000000002,0.3599158315551683,0.33750226273140915,0.2740478919636414
2015-08-25,2920000.0,18.4,22.7,22.79825700376781,9.763248098614657,5.0600000000000005,0.12386971583311542,0.11564290048825636,0.117221705932021
2015-08-26,19040000.0,19.9,27.4,22.627745529082212,3.7742047370794243,0.010000000000000002,0.5119611696049876,0.45566495206889507,0.4241651188484303
2015-08-27,19330000.0,21.2,28.4,24.0730734570373,4.5194680039571224,0.020000000000000004,0.5565574940887443,0.4984690530375412,0.45693842197830453
2015-08-28,17720000.0,20.0,28.3,25.048836474466604,3.2594044081518585,0.17,0.46126111385212365,0.4084913049088962,0.37628899552407763
2015-08-29,17220000.0,20.1,27.8,24.11641280460688,1.631198716660021,0.0,0.4190817635300806,0.3679465851530973,0.35180098204349525
2015-08-30,17310000.0,21.1,28.9,24.259294139046048,3.4090556665610348,0.0,0.48763883751000076,0.4354782702895571,0.4185966402316069
2015-08-31,17000000.0,20.7,27.6,24.484420159429728,8.23680526284106,2.6300000000000003,0.5563976180734033,0.5057719548660181,0.4194320741988484
2015-09-01,12850000.0,21.4,27.7,24.616585180080847,4.309956242184276,0.06999999999999999,0.4002439605330788,0.36176164734312055,0.34951971868776943
2015-09-02,16900000.0,19.5,27.2,24.844604870480385,3.1396834014245174,0.54,0.41775838458450865,0.3680077734518151,0.3334378447336025
2015-09-03,17990000.0,18.4,28.3,23.70437756480852,4.450628425088901,0.5900000000000001,0.4755899747606871,0.422630596401092,0.3912707595955752
2015-09-04,16880000.0,20.4,27.9,23.346650627625685,3.1636276027699854,0.010000000000000002,0.45369229573483977,0.4034239901500949,0.38899882023311627
2015-09-05,7350000.0,19.0,24.7,23.57043148103921,4.208193386466036,1.94,0.21489106795111246,0.19374197931999498,0.19034474429599207
2015-09-06,17610000.0,18.1,26.2,19.515873105835873,10.574357919192392,0.06,0.6676843965184667,0.6167747339711014,0.510582387264693
2015-09-07,19800000.0,14.4,24.0,16.436743314862174,9.119747687455199,0.0,0.6012898113408184,0.5467874105544104,0.4588640673273863
2015-09-08,21840000.0,16.8,23.4,16.164135343160766,10.48756018931507,0.0,0.7374938846632848,0.6764272749617696,0.5321008502136585
2015-09-09,22610000.0,14.3,25.5,16.0336581769903,8.19490291048649,0.0,0.667332005827469,0.6043285579382689,0.540676132460286
2015-09-10,22710000.0,17.7,27.1,18.033393783979346,3.1845787789472704,0.0,0.5523637393983138,0.48645639497432364,0.48883694016600077
2015-09-11,19440000.0,20.4,27.9,22.065491950803832,4.073507253897777,0.22000000000000003,0.5343792038092391,0.47648726894149973,0.45749719358527835
2015-09-12,4920000.0,13.8,21.8,19.900143225105612,4.0615351532250425,0.31000000000000005,0.11234795208719603,0.0991479775565476,0.10683830553842759
2015-09-13,22650000.0,14.5,25.0,14.27026354456566,5.429347655084913,0.0,0.6007981077450649,0.5378464003351842,0.5362341861782841
2015-09-14,19170000.0,13.6,25.1,16.029324898702235,5.507166309457685,0.0,0.5009689936021622,0.44806050999779784,0.44482653548246187
2015-09-15,16430000.0,13.6,23.5,15.537799056666204,7.314953511040534,0.0,0.4898655647930486,0.44516616243085777,0.41615622396505747
2015-09-16,13230000.0,16.7,23.4,18.613109450548325,9.302322222714395,1.4000000000000001,0.45505677256170046,0.41809605208421247,0.35204711449897647
2015-09-17,4810000.0,16.7,19.3,19.795638635897962,9.67345734356915,1.47,0.14029544578325817,0.1273419208055692,0.09563268371315806
2015-09-18,18790000.0,15.5,24.9,18.149020260166612,4.965428754016468,0.0,0.46343810245224837,0.4108101322510559,0.39199522442069157
2015-09-19,15600000.0,16.4,25.7,19.551942529860305,2.636855173169685,0.0,0.361121300809666,0.31680543025011165,0.3236898363113214
2015-09-20,15470000.0,17.8,26.1,20.721141955524622,2.2268107251285425,0.0,0.35850034619721777,0.3139165959163206,0.3176115178493927
2015-09-21,17870000.0,15.4,27.1,19.521022309897937,4.4326702740798,0.0,0.4443400224202513,0.39341035856763923,0.39839810056449404
2015-09-22,18400000.0,15.8,25.7,19.510725091418095,4.531440104629857,0.0,0.4372264704207665,0.38521359674954436,0.37029787758173793
2015-09-23,5720000.0,19.8,23.6,23.142654437928964,4.947470603007366,2.58,0.18997097732968327,0.17355103915865203,0.17436333224294828
2015-09-24,10890000.0,18.2,24.0,20.75372023862452,8.715689289750424,0.0,0.377369566365614,0.34640844592380743,0.3003056089140159
2015-09-25,10770000.0,16.4,24.7,19.931588661945955,5.4353337054212805,0.0,0.3127045299282202,0.28236110483776394,0.283802200836455
2015-09-26,15770000.0,17.6,27.1,21.13160566504451,4.049563052552309,0.0,0.4054337392185401,0.35970231279184034,0.3627705957859658
2015-09-27,16340000.0,14.8,25.7,18.966712574331392,4.351858594538845,0.0,0.38600188145965836,0.34019718929664844,0.3448027440176914
2015-09-28,19230000.0,14.9,27.3,17.135980367887235,5.519138410130419,0.0,0.5333650365867607,0.47869264484241353,0.49117858541099
2015-09-29,18330000.0,14.7,24.6,17.039743243229715,7.347876787890552,0.0,0.5032609060791491,0.45240423995413764,0.4224848674749649
2015-09-30,5400000.0,18.0,20.5,18.27015491611521,5.067191609734707,1.17,0.21227167417184473,0.19739419596336738,0.20867139085062902
2015-10-01,2040000.0,10.9,23.9,16.37925180565423,13.396780652789458,2.7100000000000004,0.31017833967575115,0.30474678356850265,0.3089063629126396
2015-10-02,20490000.0,12.6,20.9,10.191874652681289,5.330577824534857,0.0,0.5150911807506222,0.46122406800470994,0.4869470912504945
2015-10-03,17840000.0,11.0,24.5,14.431469248261568,5.929182858171562,0.0,0.4823975545467866,0.4345795081475815,0.4217958302051403
2015-10-04,18460000.0,13.3,22.8,12.975217617311094,3.444971968579237,0.0,0.40146397928065997,0.35170390337138746,0.39128560083158404
2015-10-05,17580000.0,11.7,23.0,14.658240728904296,2.3285735808467822,0.0,0.32336266183273055,0.27660050099321337,0.30585954318570685
2015-10-06,18470000.0,12.2,24.5,15.584235435908553,3.403069616224667,0.0,0.37714404537775403,0.32707885071574616,0.3536991554670669
2015-10-07,14530000.0,11.5,23.1,15.58846295765336,3.4778952454292558,0.0,0.2962111622995278,0.2575991904067051,0.2855921627654028
2015-10-08,12810000.0,13.9,23.3,14.325130678287545,3.899911794143133,0.0,0.3379594276543958,0.30307674830342984,0.3482101322133599
2015-10-09,16129999.999999998,11.4,21.6,10.058784854276741,5.198884717134782,0.0,0.4465273659300714,0.4043331091571119,0.4586100502302154
2015-10-10,16870000.0,9.8,20.9,12.739601687471033,7.198225529481377,0.04000000000000001,0.4052044502559474,0.36210489051281236,0.3574575994215137
2015-10-11,12990000.0,10.3,17.8,10.513448927011796,7.249106957340497,0.0,0.39425032733099546,0.36198549073268227,0.35192611784663785
2015-10-12,14260000.0,9.8,17.7,9.604944547454535,7.048574271072201,0.020000000000000004,0.42041018239335576,0.3852284928436805,0.3816523615600409
2015-10-13,18050000.0,10.5,21.0,10.564399692518643,5.2078637926393325,0.0,0.42343390694261174,0.37693283219854673,0.4199483812257972
2015-10-14,17600000.0,10.6,23.3,13.675026217556558,3.735295409893039,0.0,0.35673855238746294,0.3102862250144987,0.345986126412721
2015-10-15,16059999.999999998,10.8,22.9,15.112957213264155,2.2956503039967635,0.0,0.2734774997438792,0.2311730829076352,0.26471589324499856
2015-10-16,15310000.0,11.1,22.8,14.618231421684557,4.390767921725231,0.0,0.31707003553487406,0.2766617893939603,0.3122065890738709
2015-10-17,16190000.000000002,12.2,23.5,13.971780582535079,3.4958533964383562,0.0,0.33384106044939865,0.29036352334537885,0.34197374070857356
2015-10-18,17090000.0,11.6,25.6,13.61484264779683,3.9148769199840503,0.0,0.42378627024368154,0.37724880028989477,0.4105829976807042
2015-10-19,15030000.0,12.5,23.3,15.852542793167645,3.3521881883655475,0.0,0.29043636373671444,0.25003590961459116,0.28462517932219
2015-10-20,16280000.000000002,11.9,25.3,15.428522726454243,5.043247408389239,0.0,0.4036378970714309,0.3593061234700471,0.38260970287630114
2015-10-21,15590000.0,13.9,24.6,16.579015619099724,3.7053651582112033,0.0,0.32586102103837383,0.2829091904327884,0.32264083071405497
2015-10-22,9680000.0,11.4,20.4,14.068083686326364,4.956449678511916,0.0,0.2410015376686226,0.21598625927489587,0.24619775814616068
2015-10-23,15520000.0,11.2,23.0,15.207853931850961,2.618897022160584,0.0,0.26176403996291764,0.2206811106957424,0.2617814114517922
2015-10-24,12750000.0,12.4,23.6,14.203887344901192,7.60826997752252,0.0,0.41162889101563876,0.3772926241828873,0.40895526088797285
2015-10-25,15590000.0,8.3,18.8,10.02718673985749,6.339227306212706,0.0,0.36025487028613085,0.32196592081684616,0.35300937689554523
2015-10-26,13750000.0,11.4,18.5,12.25906978958474,5.249766144993902,0.0,0.2952492132108718,0.2604180123888288,0.2821165265996913
2015-10-27,6030000.0,7.3,17.9,10.618584386784072,8.76357769244136,1.4500000000000002,0.2897525640955346,0.2752663720942412,0.28535825789484104
2015-10-28,14230000.0,7.3,16.8,8.154101253735885,6.054889915235271,0.0,0.34820826213197004,0.314471002059915,0.35196898632536705
2015-10-29,12170000.0,5.5,17.4,9.195789192635095,5.647838492362311,0.0,0.2701825793070224,0.241751795616096,0.2880896164767338
2015-10-30,15730000.0,0.7,13.2,4.876501241490257,7.26107905801323,0.0,0.38999044831542395,0.3574979561008921,0.3587566306210336
2015-10-31,15610000.0,3.6,12.3,4.608578490012324,6.135701594776225,0.0,0.3611890986622281,0.3279853325715813,0.3609226518610035
2015-11-01,7430000.0,4.4,13.5,8.763787124586692,3.1277113007517836,0.27999999999999997,0.13479262610729253,0.11853695463493892,0.15665795451662726
2015-11-02,13510000.0,6.3,16.2,8.415920073273995,6.638529823031058,0.0,0.3188920843348895,0.28748830196807035,0.31694322027506994
2015-11-03,14740000.0,7.6,18.2,9.527885223533374,3.552720874633844,0.0,0.24388276600886302,0.20822081889944907,0.27509562394254294
2015-11-04,14320000.0,6.8,19.4,11.76479950605126,2.846366934942532,0.0,0.1978699635619879,0.16306221016989306,0.21393160042538573
2015-11-05,13410000.0,7.8,20.6,10.819360726873144,3.8909327186385823,0.0,0.26180982721064233,0.2283905882398652,0.2915762156555274
2015-11-06,11420000.0,12.6,19.2,13.116238083737668,8.56903105650943,0.32000000000000006,0.3492154066907868,0.31970358032132823,0.3132917288724288
2015-11-07,2920000.0,14.7,17.5,17.048888219406223,5.165961440284764,3.8000000000000003,0.08769434887248302,0.08011745197496918,0.09086881030188287
2015-11-08,1660000.0,13.0,15.5,15.257572574387082,3.657476755520267,1.06,0.043035877642157265,0.03889439092941074,0.07189857993008231
2015-11-09,5260000.0,9.4,16.7,12.518212507451848,6.027952688721619,0.0,0.15643157884520956,0.14366089990614925,0.16609984329101213
2015-11-10,6420000.0,7.9,15.6,11.864222535048663,5.16296841511658,0.010000000000000002,0.1314299258570131,0.11632019219313994,0.1408448738409574
2015-11-11,8109999.999999999,10.3,17.3,12.379410026438208,5.06120555939834,0.0,0.18638532541072295,0.16635408522328238,0.19831343302708998
2015-11-12,9330000.0,12.3,18.2,12.525188404819072,9.101789536446098,0.36000000000000004,0.3341401516409236,0.3103540962535135,0.3002168037978324
2015-11-13,1510000.0,12.7,14.4,15.432713156711202,6.482892514285514,1.77,0.018574226151822006,0.014865674920351835,0.03533181500591072
2015-11-14,5670000.0,11.7,19.5,16.077047518088527,3.54972784946566,0.0,0.10572818926191592,0.09116636546427856,0.1208346535410026
2015-11-15,10390000.0,11.4,18.3,13.029297757339055,3.618567428333882,0.0,0.17949037578268168,0.15322714208212937,0.19706269382983765
2015-11-16,3370000.0,14.4,17.9,16.998644058764306,4.309956242184276,0.27,0.08553720045332316,0.07678372287215449,0.09360357570131442
2015-11-17,3240000.0,12.5,17.2,14.722455616730986,7.255093007676863,0.2,0.13867323138575466,0.130483349076824,0.14045417387206086
2015-11-18,2820000.0,10.6,13.3,11.259521685276594,9.69740154491462,0.020000000000000004,0.20596198811498012,0.19929242416440246,0.1769654210996273
2015-11-19,3750000.0,11.1,13.8,11.791240390666436,3.4659231447565215,0.04000000000000001,0.10828302003923367,0.0993062906707197,0.12791348792146043
2015-11-20,7100000.0,6.8,16.8,10.270712711801316,4.561370356311692,0.0,0.1659328120840021,0.14920213770253327,0.20351109237354378
2015-11-21,7570000.0,10.2,17.0,12.310517629961986,3.537755748792926,0.0,0.14077414271898697,0.12216110488098028,0.16515240509501916
2015-11-22,6010000.0,9.0,16.6,12.362155224318398,5.249766144993902,0.0,0.1369853700720834,0.12247886335093136,0.15504750222443922
2015-11-23,2620000.0,5.1,13.7,11.7417065292974,5.153989339612029,0.55,0.034122232923139637,0.028319101990848094,0.05183855131956712
2015-11-24,7740000.0,7.7,13.1,9.024446126116528,8.50917055314576,0.09000000000000001,0.2528868384281357,0.23528194181833162,0.23074904835361773
2015-11-25,2360000.0,1.4,9.2,7.843877748654225,6.432011086426395,0.2,0.0813120785596806,0.07667932472539168,0.09223809369851353
2015-11-26,11780000.0,-1.2,6.3,3.840630992820215,10.442664811792318,0.0,0.33305380956939695,0.31196932472204747,0.2584578179258383
2015-11-27,11660000.0,-1.5,5.6,4.831162472639026,7.41372334159059,0.0,0.17746332588896485,0.1569623052118673,0.16351377425489386
2015-11-28,11010000.0,1.7,8.9,5.936073620912249,3.783183812583975,0.0,0.131520677998142,0.10990770354241272,0.16016294676560122
2015-11-29,9450000.0,3.4,10.8,6.933229500540449,2.011312913019329,0.0,0.0956248447162538,0.0760170885691571,0.12944627415461357
2015-11-30,10230000.0,0.9,12.3,7.048002157629426,5.354522025880326,0.0,0.15166826656042023,0.13075825227056487,0.18593243064240594
2015-12-01,11120000.0,3.7,13.5,8.340020253238247,3.430006842738319,0.0,0.12102948405182075,0.09693621534192311,0.158294935464884
2015-12-02,4890000.0,2.9,15.6,9.574606000767881,8.012328375227295,0.13,0.16603149527065697,0.15524453356952217,0.18687395989702615
2015-12-03,10260000.0,1.2,7.9,4.713551516982973,11.63388882872936,0.020000000000000004,0.3656499508420948,0.3459917936076241,0.2734942967691667
2015-12-04,10710000.0,-0.0,8.4,5.240038996681796,8.89826382500962,0.0,0.24202372410821496,0.2217391120432902,0.21819612716378653
2015-12-05,8670000.0,2.4,9.1,6.001405335785027,5.977071260862498,0.0,0.18013657310548695,0.16287334773988443,0.19291225098101994
2015-12-06,6350000.0,-0.2,9.0,5.083648505930906,3.780190787415792,0.0,0.13376981919633185,0.12166309599669425,0.17235002789009307
2015-12-07,9780000.0,3.6,13.3,8.733263344754919,4.582321532488976,0.0,0.12018570864812786,0.09908482451052458,0.15199860673938198
2015-12-08,8930000.0,4.2,12.2,8.677546468804517,4.468586576098002,0.0,0.11250789055834916,0.09337678536073743,0.13786609775360528
2015-12-09,6800000.0,7.0,14.5,10.203520631015648,3.1127461749108654,0.13999999999999999,0.1023895895250863,0.08678233730594466,0.1348520278102588
2015-12-10,1670000.0,8.7,12.5,12.605657212263296,7.021637044558549,3.3600000000000003,0.02443871973958304,0.020620518412385137,0.03817715156075343
2015-12-11,3950000.0,2.5,10.7,7.720001112686005,8.09314005476825,0.010000000000000002,0.15184023230681976,0.14376647312354227,0.15256031558859723
2015-12-12,8560000.0,2.4,10.6,7.088039064597666,4.315942292520642,0.0,0.1191470019865298,0.10170350400985877,0.15016976023959716
2015-12-13,9930000.0,3.6,12.2,7.459718235686695,3.8101210390976266,0.0,0.12576939828120226,0.1046778176812542,0.16632756630679074
2015-12-14,2900000.0,6.7,9.8,10.483579059475431,3.1815857537790864,0.29,0.03844322248133171,0.03222159923225879,0.04991729756147042
2015-12-15,7920000.0,0.3,10.3,6.732811683545768,6.9079020881675754,0.0,0.14602696593174655,0.13047975814887863,0.16306754843910629
2015-12-16,8630000.0,-2.4,6.6,3.8912744702417132,8.922208026355088,0.0,0.2614458271563144,0.24624496815105687,0.23278836605852912
2015-12-17,11510000.0,-4.2,1.9,2.5868592676866005,7.671123506054374,0.0,0.22686432479390786,0.20894894628520877,0.20438157903752646
2015-12-18,11220000.0,-1.9,4.9,4.421495894865009,6.096792267589839,0.0,0.14693045624320017,0.1275933240348972,0.15571842021450671
2015-12-19,11030000.0,0.5,9.0,5.794906862491866,3.094788023901764,0.0,0.09806317513771046,0.0767911491007047,0.13849826403775994
2015-12-20,3990000.0,2.8,8.8,7.899494785079307,1.8437035036010514,0.39,0.049676112328382,0.04171900279019474,0.07243205728916946
2015-12-21,3310000.0,-1.9,9.0,7.442056719829396,3.507825497111091,0.0,0.03642487080476977,0.030291360330535207,0.0638283493434466
2015-12-22,9600000.0,0.8,11.5,8.233328260241523,3.5676860004747613,0.03,0.06895198730719347,0.04959783151987129,0.10096330962777025
2015-12-23,5270000.0,2.0,13.4,9.688116966214682,3.9597722975068033,0.04000000000000001,0.05679841064497153,0.04566931838880612,0.09080658919779391
2015-12-24,9370000.0,-0.0,10.7,4.890176156562622,7.811795688958999,0.0,0.2659055501554533,0.24748263826994404,0.27447306721011483
2015-12-25,11440000.0,-1.0,6.0,3.1285547403155696,6.027952688721619,0.0,0.22619804156225745,0.20575827357462365,0.2444363471495393
2015-12-26,10210000.0,-1.4,10.1,5.8356963501240084,6.060875965571637,0.0,0.14828475906489777,0.12885077932096825,0.1799572816221964
2015-12-27,11370000.0,-5.3,4.7,2.251771613274392,6.7193415025720125,0.0,0.2381902273761422,0.21988610769613803,0.24544098162917055
2015-12-28,11440000.0,-5.0,2.3,2.6870899518406453,9.011998781400592,0.0,0.2501835793645741,0.23252032565545303,0.20720300984097953
2015-12-29,11380000.0,-2.5,4.3,3.2114032957810754,5.3904383278985275,0.0,0.1755774257199043,0.15639610442622612,0.1945251232757717
2015-12-30,11380000.0,-1.3,7.0,4.217098861543019,2.400406184883187,0.020000000000000004,0.0936901014718662,0.07310574696692046,0.13814693694539568
2015-12-31,10950000.0,-1.8,7.5,5.007014336141731,6.27637377768085,0.0,0.15606046452374084,0.13625390197284842,0.1718455331644694
2016-01-01,11370000.0,-0.4,7.1,5.100994154203111,2.9002413879698357,0.0,0.09480275945822304,0.07387738896329296,0.13061048600605643
2016-01-02,8920000.0,-0.6,10.8,7.207213544349453,2.70868777720609,0.0,0.07003951658989185,0.052640970579239166,0.1061138043386199
2016-01-03,10570000.0,0.4,13.2,7.813896375713633,2.538085342619629,0.0,0.08670565180872378,0.06496983290108839,0.1264986855111681
2016-01-04,10950000.0,-1.7,9.9,4.564023412055405,5.57899891349409,0.0,0.19029606662692639,0.16962583231841685,0.22945771722403596
2016-01-05,3980000.0,-2.9,3.7,2.538002560995154,5.0671916097347065,0.010000000000000002,0.2012082004029053,0.19462542504759522,0.2133507000685603
2016-01-06,10710000.0,-1.8,6.2,4.18916234299063,7.440660568104241,0.0,0.21253489215439375,0.1936025918477287,0.20395555128112308
2016-01-07,11810000.0,-3.5,4.4,3.433778128778857,7.25209998250868,0.0,0.20847584388646512,0.18890527815792885,0.19833745140831266
2016-01-08,10710000.0,-3.3,4.3,3.594923292272223,6.5367669673128175,0.0,0.18510680495202442,0.16732527899339866,0.18351805610224883
2016-01-09,11530000.0,-1.3,6.1,4.183859745637144,5.396424378234895,0.0,0.1709361629722173,0.1504084998100403,0.18723587636850986
2016-01-10,11430000.0,-3.1,7.6,3.8344951410935937,5.2078637926393325,0.0,0.1785604132170258,0.15831921006933808,0.2095631495801745
2016-01-11,11870000.0,-3.8,5.2,2.3395933133072555,6.518808816303717,0.0,0.2571075101188439,0.23725021247594014,0.2606155723682752
2016-01-12,12210000.0,-4.7,4.6,2.3818246036853914,6.671453099881076,0.0,0.24581441902517542,0.22596587065660154,0.24463549076276986
2016-01-13,10860000.0,-2.7,3.8,3.7183611772384553,6.683425200553811,0.0,0.18743306730943182,0.16936823172010895,0.17775154611464244
2016-01-14,7690000.0,-0.9,3.9,3.8173610001879745,3.807128013929443,0.0,0.1352182262276812,0.12196487982109923,0.15611328316400228
2016-01-15,11270000.0,-0.7,7.9,4.303260302214331,3.4180347420655854,0.0,0.14246275667625014,0.1215436225393006,0.18115088984171251
2016-01-16,4510000.0,0.0,5.7,4.8266491969855805,3.121725250415416,0.0,0.10797768994195586,0.0998199185168851,0.13201774577034944
2016-01-17,3600000.0,0.7,7.1,7.153793766245317,4.812784470439108,0.73,0.06738812234273649,0.06063778371687959,0.07685527216251978
2016-01-18,8980000.0,-6.7,2.0,2.5033694663716055,15.246470206726872,0.0,0.4006184971741852,0.3873128790321091,0.22816081369406035
2016-01-19,11800000.0,-9.2,-2.0,1.803757803486029,14.677795424772004,0.0,0.352733705267129,0.33758578548052903,0.19173223035031614
2016-01-20,11830000.0,-7.9,-0.4,1.785036307501388,6.9917067928767125,0.0,0.21856300426416864,0.20234349166829838,0.1915650141939494
2016-01-21,8000000.0,-6.1,1.3,1.7232744879776583,7.665137455718007,0.0,0.278434507445682,0.26660576000520475,0.2361957853898299
2016-01-22,12920000.0,-4.4,2.8,1.3679182037304192,9.52679911032816,0.0,0.4063564808911848,0.3859629761214655,0.31383687760652135
2016-01-23,12350000.0,-10.9,-0.9,1.4273259087213674,11.65783303007483,0.0,0.32622036978849855,0.3105865993213174,0.214096011756813
2016-01-24,13860000.0,-10.4,-5.2,1.436509802382086,11.457300343806534,0.0,0.2689879637738558,0.2529775543473186,0.16184966038215057
2016-01-25,13500000.0,-7.3,0.8,2.6163986442972855,6.611592596517406,0.0,0.1830357262762849,0.16378336721171977,0.16304727417038528
2016-01-26,11580000.0,-3.2,5.0,3.784508314012618,6.075841091412555,0.0,0.19468615528324335,0.17516772816718068,0.18829204115715775
2016-01-27,11570000.0,-0.7,7.4,4.303260302214331,3.552720874633844,0.0,0.15969923828758872,0.13840578739696946,0.1858529820778047
2016-01-28,2520000.0,0.4,3.2,5.961405275877281,5.9411549588442965,1.92,0.078660115016347,0.07426920745544995,0.07530320710488024
2016-01-29,1530000.0,2.0,3.2,7.248047855759382,8.5929752578549,0.8500000000000001,0.01703212767016566,0.014288813772871108,0.024415249320172257
2016-01-30,5930000.0,-6.6,7.4,6.331957594643724,4.815777495607291,0.0,0.03755854322208236,0.027750538735401748,0.06123558296946111
2016-01-31,13050000.0,-4.0,4.0,2.88746966063967,6.357185457221806,0.0,0.2377975855818914,0.21654243582998656,0.2196772764509312
2016-02-01,13990000.0,-5.2,3.6,1.883663012550841,9.062880209259713,0.0,0.36712501836459144,0.3450425778283396,0.2877004107698265
2016-02-02,14830000.0,-5.7,4.0,1.7806929751420266,5.471250007439483,0.0,0.2535431035180611,0.23018129084763134,0.2543643362469033
2016-02-03,15140000.0,-2.7,5.0,2.8646730531082825,5.707698995725981,0.0,0.2522862635465026,0.2265281900073152,0.24254979958831738
2016-02-04,11610000.0,-4.0,6.2,3.1326516159200386,6.279366802849035,0.0,0.25013385198464005,0.23041814572797392,0.24104601064002526
2016-02-05,15140000.0,-3.9,6.9,2.525282774576358,6.440990161930945,0.0,0.3028860646533166,0.27679300033658694,0.2914320030989327
2016-02-06,15170000.0,-4.2,4.7,2.6453557965648753,7.159316202294991,0.0,0.29372967132794325,0.2687825578434809,0.2554279401812063
2016-02-07,15040000.0,-1.8,6.1,3.1490868267644743,3.310285836010978,0.0,0.19134561921896365,0.1648066430516713,0.21184015285623475
2016-02-08,14680000.0,-0.9,8.4,3.9500572813903494,8.470261225959375,0.0,0.3539320249868719,0.32654444659581705,0.2958967091091237
2016-02-09,15740000.0,-1.4,7.5,3.3026339264368123,7.270058133517781,0.0,0.33755980241950395,0.3088900847791233,0.2978612940727097
2016-02-10,15670000.0,1.0,10.0,4.231798095107634,3.1606345776018014,0.0,0.215531199518676,0.18457453713435037,0.24299688547369458
2016-02-11,12670000.0,3.0,13.0,7.836949974532518,5.998022437039783,0.37000000000000005,0.22653223502805994,0.19954338528015272,0.2178945486344201
2016-02-12,1610000.0,9.7,13.7,14.071947907078046,9.113761637118833,1.7100000000000002,0.01574379608920341,0.011959255060354982,0.025321538187240707
2016-02-13,5780000.0,3.9,18.4,13.818899819091385,9.293343147209844,0.68,0.07113113381963665,0.0577293749583905,0.08100291748073078
2016-02-14,11410000.0,-4.7,5.2,3.1132338224153293,12.591656882548087,0.0,0.4092082631026148,0.39044448163539547,0.26552141809199764
2016-02-15,17140000.0,-4.0,1.3,2.4600498406199436,9.398099028096267,0.0,0.34857002739807413,0.3221060266485693,0.23799863191403503
2016-02-16,9600000.0,-2.5,5.3,3.9211935357166023,8.27272156485926,0.0,0.27030968680106765,0.2538252457014785,0.21528662892272382
2016-02-17,17230000.0,-0.7,6.3,3.4571977768743434,5.237794044321168,0.0,0.28043215991143766,0.24932066564182448,0.2585853866986498
2016-02-18,15420000.0,0.3,8.9,5.543512415688145,5.818440926948772,0.0,0.2479873333779783,0.2183941756900351,0.21922771299982266
2016-02-19,15830000.0,2.0,12.1,5.733319720308651,3.0319344953699106,0.0,0.22573722657515205,0.19294046101072057,0.24061554207619654
2016-02-20,12550000.0,-2.0,11.4,4.140339899048998,7.976412073209093,0.0,0.42877663690867013,0.40461259340544986,0.3385056889222957
2016-02-21,17830000.0,-0.4,6.6,3.2897674444997103,5.926189833003379,0.0,0.3266768607012697,0.2941439824368185,0.2877449247419067
2016-02-22,11530000.0,1.6,8.7,5.052244718169664,3.0618647470517457,0.0,0.19322475823828897,0.17069927161797854,0.20257418036914654
2016-02-23,16739999.999999998,-1.7,10.9,3.5362909373488542,8.368498370241134,0.0,0.46994938155660104,0.4378229574517912,0.37675302976179986
2016-02-24,12740000.0,-4.0,4.8,3.09595073760209,6.788181081440235,0.0,0.28082626902779395,0.25975477203617325,0.23592441060862615
2016-02-25,18420000.0,-0.8,6.5,3.150116566423824,6.414052935417294,0.0,0.35437510982234427,0.3210566730928978,0.29925804813451756
2016-02-26,13540000.0,2.8,9.6,6.276721127539888,7.1353720009495225,0.06999999999999999,0.29296473620046404,0.2656252206939592,0.2374379725395938
2016-02-27,17040000.0,2.5,12.8,6.551310723033045,4.046570027384125,0.0,0.27105555886659727,0.23512302043657426,0.26230735373549885
2016-02-28,10750000.0,-1.5,13.3,6.945669401811286,9.990718011396606,0.41,0.35530114405093266,0.3337958111437824,0.249021116323887
2016-02-29,16399999.999999998,-3.8,3.0,2.3027020105880838,12.040940251602319,0.0,0.4923090714544057,0.4660105013916532,0.2961585184574674
2016-03-01,19510000.0,-2.4,5.6,2.865619707481114,5.590971014166825,0.0,0.3261383030565877,0.2923903835400324,0.27890734997797
2016-03-02,19410000.0,0.9,11.2,5.440670589426828,4.69605648887995,0.0,0.30813400382935313,0.26912307145080366,0.2810789319228995
2016-03-03,19120000.0,5.8,15.5,8.652324403749217,4.588307582825343,0.25,0.3299127140662667,0.28614137893196745,0.29685676188772325
2016-03-04,5870000.0,8.8,15.6,12.842662590423883,3.8310722152749115,1.02,0.12320713481373383,0.10923960722635166,0.12119412931018822
2016-03-05,7930000.0,12.5,16.6,15.03495672421778,10.975423291728985,2.1100000000000003,0.21648495536330983,0.19656987382244168,0.14351981427039284
2016-03-06,11310000.0,5.6,19.1,10.555392616277262,4.905568250652797,0.010000000000000002,0.2917475493829157,0.2647384187241725,0.28016456032672077
2016-03-07,16710000.0,6.9,17.3,9.791569703501185,4.13636078242963,0.0,0.31465152674826957,0.27498647932203985,0.2950735694451959
2016-03-08,5670000.0,2.4,9.7,4.63172510033284,6.934839314681226,0.5,0.327400149842452,0.31600437516000096,0.29991871497404565
2016-03-09,15510000.0,0.6,10.7,4.7223941357309425,8.150007532963738,0.0,0.41754540351784125,0.386759528293788,0.3352275991410523
2016-03-10,19080000.0,-3.7,7.2,2.6374302546464214,8.583996182350349,0.0,0.456341485721501,0.4231563769387897,0.3429552545227712
2016-03-11,21600000.0,-2.4,6.8,3.0217076334780133,6.0369317642261695,0.0,0.3818641184800432,0.3436813279455927,0.3078705105726377
2016-03-12,21550000.0,2.0,9.5,4.1534851433004025,3.795155913256709,0.0,0.3435180649886198,0.3006088946738869,0.31212705576937694
2016-03-13,11430000.0,-0.6,10.3,5.007014336141731,3.38810449038375,0.0,0.22095406727847383,0.19883888752995957,0.2265415171460125
2016-03-14,18420000.0,1.1,12.0,5.78254282920126,5.623894291016843,0.0,0.3498128834001212,0.31221966345642926,0.30198092181580705
2016-03-15,21680000.0,4.7,13.6,5.615317774789532,3.1546485272654348,0.0,0.3594456135531692,0.31175169563975164,0.3416675415189066
2016-03-16,17880000.0,3.8,16.6,6.751001480870673,4.0196328008704745,0.0,0.3789826488008007,0.3385258495499288,0.35858856059203664
2016-03-17,20610000.0,8.4,17.6,8.794404931101832,4.495523802611654,0.9199999999999999,0.4278050096675119,0.3778245296024947,0.3877287686769163
2016-03-18,2710000.0,6.3,13.5,12.602149141021574,4.274039940166073,0.68,0.037777125518304436,0.0316936007885026,0.043104404370179386
2016-03-19,19740000.0,5.6,18.6,9.171895048103694,5.216842868143884,0.0,0.43571550971214323,0.3888580569177822,0.37468130867293103
2016-03-20,12560000.0,4.2,13.3,7.5888747056689985,4.274039940166073,0.0,0.2688359202175096,0.2415084969608115,0.25066919409587995
2016-03-21,20130000.0,4.0,15.4,7.955459525084415,2.5650225691332804,0.0,0.3133663810039304,0.2684179956795967,0.2880271400009269
2016-03-22,21640000.0,5.6,18.7,7.343396841793816,5.171947490621131,0.0,0.5211789855812365,0.4697492498083486,0.4553668668922487
2016-03-23,18890000.0,4.3,16.6,7.555284345073191,6.973748641867613,0.04000000000000001,0.47307256211540255,0.430050751741347,0.39561912879684574
2016-03-24,15490000.0,2.6,11.2,5.798443735750695,6.306304029362686,0.0,0.36775195359078455,0.3358030540297337,0.3038773246700772
2016-03-25,15990000.0,1.6,11.2,6.960207535433822,2.8523529852788987,0.39,0.24128749321589776,0.20880239122063332,0.21439253558789187
2016-03-26,18300000.0,-0.4,11.7,7.4552993912023755,3.507825497111091,0.22000000000000003,0.24797384779873308,0.2116500878631964,0.20533844243026972
2016-03-27,21080000.0,3.8,14.1,5.139021207904129,5.6687896685395955,0.0,0.4839736031236691,0.437853878408028,0.42438953095750415
2016-03-28,23850000.0,5.1,17.4,6.873380333764449,5.372480176889427,0.0,0.5230539855489825,0.4676150359228804,0.45491006361616604
2016-03-29,17940000.0,8.0,16.6,10.02718673985749,9.158657014641586,0.0,0.48626424620006226,0.4434735496819996,0.3523667677486627
2016-03-30,23010000.0,9.5,21.0,9.316084780434899,3.409055666561034,0.0,0.4819537249105118,0.4232916526206612,0.45500913676508625
2016-03-31,14300000.0,6.3,19.5,10.13092510973031,2.756576179897026,0.0,0.3106083270392398,0.2760109156644352,0.2969054629316205
2016-04-01,24040000.0,9.1,22.7,9.511443564837634,3.7652256615748736,0.0,0.568451733662253,0.5063270133538655,0.5044143800118784
2016-04-02,19920000.0,10.2,20.9,12.675999154752363,4.818770520775474,0.020000000000000004,0.4446043555697222,0.3934986906246346,0.3789306694078264
2016-04-03,2910000.0,9.7,15.1,13.510081173287336,5.734636222239633,1.7300000000000002,0.07940134198570045,0.07244371771892825,0.08993173225666064
2016-04-04,7940000.0,8.9,14.5,10.890109222211365,4.827749596280026,0.0,0.21889289966898215,0.2002287656509346,0.19617815736596683
2016-04-05,21460000.0,8.4,20.3,6.924947170819053,4.896589175148246,0.0,0.5627004769469257,0.5090423381188901,0.5428255636557904
2016-04-06,16610000.0,11.0,20.3,10.543393698574706,5.552061686980438,4.3,0.4847289931523999,0.44202638928147897,0.4413544854316559
2016-04-07,7290000.0,7.3,17.0,12.065288074141796,4.588307582825343,0.05,0.18519265620434427,0.16786720455072346,0.17885582222906254
2016-04-08,23850000.0,12.1,23.1,10.989219193223963,3.540748773961109,0.0,0.5468253170674593,0.4830802160257991,0.5066776233351664
2016-04-09,23940000.0,11.4,24.4,9.859193386997903,4.881624049307328,0.0,0.6776350994637574,0.6132846755327108,0.6107088486064196
2016-04-10,22310000.0,8.1,21.5,10.819360726873144,6.608599571349223,0.010000000000000002,0.6106727826996708,0.5543396182826237,0.4785402290523219
2016-04-11,18450000.0,4.6,13.8,7.384911475947141,6.012987562880701,0.0,0.41648666083428265,0.3758428919048381,0.3322128297777261
2016-04-12,20660000.0,11.6,16.8,10.964367568338382,7.108434774435871,0.5700000000000001,0.5288244999312693,0.4773374397421377,0.39034599264793457
2016-04-13,3660000.0,11.7,15.7,15.395035217610316,5.336563874871224,1.37,0.07493269601397926,0.065913093897929,0.06895688665203126
2016-04-14,24660000.0,7.9,24.5,10.87161394731649,7.066532422081302,0.0,0.8458962667355167,0.7817775207857772,0.6025102920456965
2016-04-15,25160000.0,7.0,18.3,9.721563186362417,4.609258759002628,0.0,0.50076693247418,0.44025206879098777,0.406918917227953
2016-04-16,16530000.000000002,12.2,20.6,14.638224073468288,15.692430956786218,4.11,0.6131232482861526,0.5699693522115364,0.3678803312883053
2016-04-17,23170000.0,9.3,18.4,7.674560986793384,9.586659613691829,0.0,0.7815324700836216,0.724239441101043,0.5885450281140456
2016-04-18,22190000.0,8.3,19.8,8.672496875537025,7.539430398654298,0.0,0.6489650383838246,0.5938490473047969,0.5352232900669336
2016-04-19,26060000.0,8.0,19.0,9.563594754547717,4.309956242184276,0.0,0.5364155338059773,0.47248524876343223,0.44599468128100916
2016-04-20,20430000.0,12.8,19.6,11.844279016912516,7.5005210714679125,2.2100000000000004,0.6008727619030584,0.5477524869738948,0.46370951271450006
2016-04-21,4350000.0,9.5,16.5,14.807112404907407,4.0136467505341065,0.47000000000000003,0.08451173009052318,0.07396272046981359,0.08140004878758958
2016-04-22,23180000.0,11.9,25.0,14.807112404907407,5.393431353066711,0.0,0.6145821370591518,0.5516341562257112,0.4996067560245372
2016-04-23,11440000.0,9.1,19.0,9.836606590542996,4.01663977570229,0.0,0.346565936044412,0.3181510222118714,0.34431368464640605
2016-04-24,24580000.0,7.9,21.3,9.814065388970683,4.208193386466036,0.0,0.5802571732413512,0.5184606613115099,0.4837050116427083
2016-04-25,26310000.0,12.3,23.2,10.226847750674278,2.936157689988037,0.0,0.587218628877795,0.5166977319740345,0.5374209396327458
2016-04-26,23960000.0,10.8,24.4,12.68305229064976,6.78518805627205,1.16,0.7308036152992157,0.6667645116950994,0.567689640322034
2016-04-27,2750000.0,9.1,11.3,11.981149486510065,12.474928900988932,2.6500000000000004,0.07717947608014644,0.07095709364502914,0.057177488577653056
2016-04-28,10170000.0,8.5,17.5,10.609536649706401,4.037590951879575,0.06999999999999999,0.2862706760169812,0.261607819041667,0.27321144358779437
2016-04-29,21400000.0,9.7,19.8,10.86853409102312,5.4353337054212805,0.010000000000000002,0.5287973567293824,0.47482029260308617,0.4362338318319122
2016-04-30,26760000.0,10.3,22.7,12.262493754097038,7.237134856667764,0.0,0.7095145081092362,0.6395133728801972,0.5421308914956884
2016-05-01,26900000.0,12.3,24.0,13.682565572602874,5.863336304471525,0.0,0.682151501942147,0.6095054880045483,0.55169118454212
2016-05-02,21010000.0,16.9,23.5,18.87651439510047,12.72035696477998,2.44,0.6916660996970245,0.6328202426492835,0.4260496494110179
2016-05-03,8970000.0,13.3,19.3,11.917549723653543,15.156679451681367,2.19,0.6992664392818799,0.6758961585225466,0.47395905206041655
2016-05-04,27570000.0,10.4,23.2,9.121631485348336,10.4456578369605,0.0,1.046228416631181,0.9736766157597954,0.754977321491719
2016-05-05,25090000.0,15.8,26.0,12.721906239820528,7.207204604985927,0.03,0.8479334087364604,0.7768336412718934,0.732515611704609
2016-05-06,7010000.0,12.8,21.6,17.113023643919277,7.189246453976826,0.0,0.2408641336249342,0.22227184224936963,0.21394633483616737
2016-05-07,27100000.0,11.0,24.1,10.558394223521702,6.9079020881675754,0.0,0.8443080669888007,0.7719456560431449,0.6694351572976333
2016-05-08,21470000.0,13.7,22.7,12.532167719621587,4.217172461970586,0.020000000000000004,0.5661040578093441,0.5080683503810302,0.49772669436000205
2016-05-09,16320000.0,16.3,23.8,16.74036200156971,2.8343948342697978,0.49000000000000005,0.4222799341681306,0.3766866644634742,0.3741819121973437
2016-05-10,1960000.0,12.3,16.6,14.05649661553512,7.186253428808643,1.94,0.12992631191835685,0.125014796334388,0.15352920408350282
2016-05-11,18040000.0,11.5,21.2,13.491448484129858,3.711351208547571,0.0,0.42810468840061355,0.38105612812782136,0.3667736640539598
2016-05-12,27710000.0,11.7,23.2,13.803692872910197,6.521801841471901,0.0,0.6932423652731825,0.6193927731870424,0.5284590717156601
2016-05-13,18040000.0,9.7,23.4,13.682565572602874,5.728650171903267,0.0,0.5242062863557737,0.47696845252044096,0.4248847024758349
2016-05-14,26180000.0,11.5,22.1,14.4235686143971,4.540419180134406,0.0,0.5771842396399627,0.5082902916235362,0.44276520148360027
2016-05-15,14640000.0,10.8,23.6,19.999869748999505,12.23548688753425,2.4000000000000004,0.28346987165509613,0.2446408922345161,0.16218427513986294
2016-05-16,20460000.0,11.3,21.4,9.629829961636114,5.611922190344108,0.09000000000000001,0.6193302257622741,0.5659702732577659,0.5504678708490643
2016-05-17,28760000.0,15.7,26.1,12.849797175322724,3.4778952454292558,0.0,0.7240236632139732,0.6425238899066417,0.6431047940115441
2016-05-18,28400000.0,13.7,28.8,15.424333294814423,3.145669451760884,0.0,0.7580372671325185,0.6770970067288149,0.6191462072638035
2016-05-19,24500000.0,12.2,26.7,15.051348448072872,2.9062274383062023,0.0,0.6145235897292582,0.546785418651091,0.5116101525050107
2016-05-20,28080000.0,11.4,26.9,15.525155682758497,4.1513259082705485,0.0,0.7340488857847359,0.6568232386120427,0.5633696008147657
2016-05-21,27500000.0,11.3,26.5,13.391221593998479,5.121066062762011,0.0,0.8167786097529447,0.7414856970536223,0.6250313657787465
2016-05-22,27900000.0,11.5,26.6,14.46310979881675,4.378795821052497,0.0,0.7566039097343531,0.6800100311844416,0.5868092625218639
2016-05-23,25140000.0,17.6,27.2,17.34845246152444,6.117743443767125,0.0,0.7682044790820379,0.6952449617408177,0.6346750969302623
2016-05-24,3650000.0,13.6,20.8,20.221872097478897,4.7080285895526846,1.69,0.07260546050839073,0.06292473818017236,0.06367420528470444
2016-05-25,27650000.0,15.7,27.0,16.948529789702263,3.738288435061222,0.0,0.6944840913363027,0.6155540454079079,0.5802727966718123
2016-05-26,23990000.0,18.2,28.3,18.018985969488245,3.9627653226749864,0.0,0.6806147737317565,0.6100963550308969,0.5946739516812531
2016-05-27,23660000.0,18.9,27.7,18.057429246613673,3.7442744853975887,0.0,0.666734068558059,0.5971344073181317,0.5788080421206715
2016-05-28,21050000.0,18.4,27.9,17.737675220819483,2.544071392955996,0.09000000000000001,0.5667660748752406,0.5049812159752396,0.5084655746338024
2016-05-29,16370000.000000002,15.3,26.1,17.062613753062493,4.387774896557047,0.05,0.49052796769135626,0.4442917919811702,0.4468844532847577
2016-05-30,28830000.0,16.2,30.7,17.65262157581882,4.181256159952383,0.0,0.8669667035129729,0.7819718150852835,0.7032645542069641
2016-05-31,25540000.0,18.5,30.4,16.74036200156971,6.252429576335383,0.0,0.8789492767662749,0.8025702518017344,0.7927284366491614
2016-06-01,27930000.0,13.7,24.5,13.469119063728467,5.920203782667012,0.0,0.7622779665928642,0.6855332427108594,0.6178065530005801
2016-06-02,28010000.0,16.2,26.9,14.25462115730811,3.771211711911241,0.0,0.7384868137621813,0.6582723521765645,0.6485206446280667
2016-06-03,24620000.0,17.9,28.5,16.454468583829637,4.390767921725231,0.05,0.7309193063737521,0.6586024469280982,0.6536294802457648
2016-06-04,8320000.0,16.6,22.6,19.138117570305464,3.7532535609021402,0.48,0.25426997795405687,0.2312061959584492,0.23105848138582602
2016-06-05,19550000.0,17.0,24.9,18.04300460214852,9.011998781400592,0.12,0.6749686110583257,0.6195225351561725,0.5039867075491788
2016-06-06,6760000.0,15.9,22.2,19.55710006796315,3.5347627236247425,0.020000000000000004,0.19803691204491813,0.17947868197332661,0.18191078163907579
2016-06-07,13980000.0,18.4,26.0,21.735171276019127,2.4213573610604717,0.15000000000000002,0.3709345448596452,0.3304876916278,0.3199544481335629
2016-06-08,11980000.0,19.0,25.3,23.346650627625685,2.5320992922832617,0.13,0.313674284251976,0.2790406807700092,0.26291237032754716
2016-06-09,17500000.0,18.2,26.8,22.38858124675362,2.9750670171744233,0.05,0.4543967483171384,0.4035316745015436,0.3738600581958366
2016-06-10,26440000.0,18.5,28.5,21.63917681104366,4.265060864661523,0.0,0.708455788627353,0.6304500164692548,0.5614774762139032
2016-06-11,21780000.0,21.0,28.5,24.781081661286585,5.201877742302966,0.08000000000000002,0.6377026864009901,0.5722967496153173,0.4900656062744063
2016-06-12,6890000.0,20.1,26.3,25.57889080678068,2.202866523783074,0.43,0.20164309879072922,0.1814049525039479,0.18566975409868874
2016-06-13,16660000.0,19.6,27.1,23.527951289901093,2.3016363543331306,0.18000000000000002,0.43462245863828874,0.3855783650601424,0.3609605151372942
2016-06-14,16770000.0,19.0,26.0,22.79825700376781,6.087813192085289,0.11000000000000001,0.4911657338646763,0.44242246027110343,0.370722898268328
2016-06-15,14160000.0,21.8,27.1,24.215730388043276,8.913228950850536,0.58,0.5609699453127023,0.5186235477599264,0.4318156034520535
2016-06-16,19230000.0,17.9,28.8,19.686426369056896,5.237794044321168,0.0,0.6195894997453687,0.56297978068728,0.5491430396178935
2016-06-17,28900000.0,18.6,31.4,19.931588661945955,4.360837670043395,0.0,0.8570753550204093,0.7699904103253877,0.7195072033839468
2016-06-18,25860000.0,21.4,28.9,22.63360661289094,6.593634445508305,0.8500000000000001,0.822449211656423,0.7443661089528917,0.6366741633737212
2016-06-19,23230000.0,20.7,31.2,22.545829638991535,5.249766144993902,0.020000000000000004,0.7539197352825193,0.6830295959448782,0.6491639744302222
2016-06-20,20720000.0,21.8,31.5,25.946486608797844,3.783183812583975,0.8900000000000001,0.6304677628268595,0.566667916545202,0.5337121863393863
2016-06-21,7950000.0,20.5,25.8,25.260985442235263,3.142676426592701,0.5599999999999999,0.23836723568958643,0.21503281154445536,0.20960606786824437
2016-06-22,4890000.0,19.9,23.9,25.403288809138093,3.896918768974949,2.68,0.13384530204427292,0.11976361944442426,0.11704901669538055
2016-06-23,22410000.0,20.3,29.2,23.196501148263525,4.082486329402328,0.53,0.644141933042033,0.5768440889939644,0.5281967874098347
2016-06-24,5810000.0,19.7,26.3,24.90827034264249,6.093799242421656,1.3,0.23077602811411987,0.2137608312845773,0.21308710962102997
2016-06-25,20440000.0,17.6,27.2,18.52438674894592,7.650172329877089,0.0,0.7126897058448279,0.6533701937344643,0.5823309035619972
2016-06-26,24500000.0,20.8,29.1,21.17580563496482,4.208193386466036,0.0,0.7219665124687492,0.6481904429184718,0.6056648174011638
2016-06-27,11850000.0,18.1,27.4,22.85140235334775,3.2324671816382065,0.13,0.3446701075642369,0.31009615508196153,0.30951777359976324
2016-06-28,17410000.0,19.0,26.9,21.588506563660005,3.7323023847248553,0.21000000000000002,0.49282318645029377,0.4418742544487889,0.414043326451238
2016-06-29,10330000.0,19.2,25.9,23.160591182925067,3.3132788611791617,0.0,0.30455414607774484,0.2745063044146367,0.2675745563929925
2016-06-30,19090000.0,22.8,28.4,26.668473078980746,7.2820302341905165,0.020000000000000004,0.628240197932815,0.5702509266590757,0.4618334982182704
2016-07-01,3880000.0,23.0,25.1,29.057233972599253,13.175296790343873,4.15,0.1409575654690987,0.12941938378563161,0.09514850429417533
2016-07-02,3070000.0,21.7,24.0,28.002464216852882,4.22914456264332,5.9,0.0695153971646446,0.06054475822361107,0.0670436364320937
2016-07-03,2880000.0,21.2,24.2,27.186997988905436,3.0708438225562964,3.85,0.06994358727715187,0.06154715334172097,0.08088326091660547
2016-07-04,3220000.0,22.7,25.6,29.906403638710888,5.282689421843921,1.97,0.08119185063527953,0.07160275442776304,0.07437493137143877
2016-07-05,13080000.0,25.2,29.4,32.53686934839029,10.700064976256101,0.06,0.48246127562638075,0.4418599370564382,0.31943993029620577
2016-07-06,15300000.0,23.4,30.5,31.224628920279795,5.803475801107854,0.58,0.4833735311866074,0.4360855019804631,0.36571997801259465
2016-07-07,16739999.999999998,22.9,30.2,29.188741997378443,2.801471557419779,0.06,0.4797522588552156,0.42827244981080553,0.38856919888333363
2016-07-08,20760000.0,22.2,30.1,28.400271799253858,2.232796775464909,0.04000000000000001,0.5571468466993996,0.49362993713419734,0.4420358713665665
2016-07-09,22740000.0,23.1,32.3,28.371694279796003,2.5889667704787485,0.0,0.6513694041367267,0.5804400290945969,0.5337579738588667
2016-07-10,18610000.0,23.7,32.1,30.04876536635805,2.9421437403244046,0.05,0.5577612046752736,0.4995751562838457,0.45968569793482156
2016-07-11,10750000.0,24.3,28.7,29.92884260875386,3.525783648120192,0.9300000000000002,0.341776711141793,0.3087386334397887,0.28561039155346857
2016-07-12,7230000.0,23.6,26.1,30.28986912780368,4.088472379738694,1.99,0.20356907785248418,0.1818273505882569,0.15358026495604668
2016-07-13,16620000.000000002,21.3,30.6,27.43567267337852,4.633202960348096,0.05,0.5141670602343991,0.46344841555977173,0.42633087810467396
2016-07-14,20380000.0,20.5,29.3,24.478142087553884,5.285682447012104,0.09000000000000001,0.618073278089783,0.556745516591759,0.49669779651733387
2016-07-15,17750000.0,21.9,28.4,23.95578111573511,5.121066062762011,0.09000000000000001,0.5759002030446905,0.5223048792632643,0.47856883670828376
2016-07-16,7240000.0,21.0,25.4,26.933468913555824,4.651161111357197,0.22999999999999998,0.20776977908418467,0.1865035702138949,0.16360172081963337
2016-07-17,18930000.0,20.2,29.8,25.05524228183338,4.645175061020829,0.0,0.5646678462295311,0.5076257007943492,0.46574342261446516
2016-07-18,21600000.0,21.8,30.4,25.986144245319206,3.097781049069948,0.0,0.6087902243734894,0.5427459156677359,0.499355852003945
2016-07-19,17810000.0,21.0,28.7,27.0017858407701,4.046570027384125,0.16000000000000003,0.4940878711815221,0.44053044897185556,0.3829338295683352
2016-07-20,18260000.0,19.6,28.8,24.415438714941015,4.516474978788939,0.0,0.526354272587954,0.4719379002839843,0.42909296004151615
2016-07-21,20940000.0,19.8,30.0,24.427968145511585,3.343209112860997,0.0,0.578325787863181,0.5153128670698235,0.4812593767121909
2016-07-22,24110000.0,19.7,29.1,24.38413971135334,3.3132788611791617,0.0,0.6300134958142077,0.55796134323543,0.49818136173177996
2016-07-23,22010000.0,22.0,30.0,26.105435046103196,3.552720874633844,0.0,0.6245104453297508,0.5572996558762053,0.5031057204904654
2016-07-24,16090000.0,24.9,32.1,31.567874788390636,4.309956242184276,0.0,0.53153923546572,0.4808773715700725,0.43880777129003234
2016-07-25,15240000.0,24.9,32.2,33.30105872621045,2.9630949165016895,0.45999999999999996,0.46574507191251274,0.41773187694028013,0.37794697804344796
2016-07-26,21330000.0,24.8,32.7,31.94607308420111,6.072848066244372,0.0,0.7068113015621856,0.6394574088153051,0.5424925722789405
2016-07-27,19610000.0,26.4,32.1,32.64970666600245,9.110768611950649,0.020000000000000004,0.7527192267055259,0.6904462963149924,0.5524887954360184
2016-07-28,18680000.0,25.5,32.2,32.86828516369721,7.997363249386377,0.04000000000000001,0.6720854088732721,0.6130322253394065,0.4991685981650633
2016-07-29,20120000.0,25.6,33.0,34.15633291194306,5.2976545476848385,0.09000000000000001,0.6516851209191838,0.5877570626295958,0.4952292916766258
2016-07-30,21470000.0,24.9,34.0,33.71387996245372,2.7356250037197416,0.010000000000000002,0.6396728078502874,0.5713418267347826,0.5088251883506775
2016-07-31,21910000.0,24.7,34.2,33.21902528348336,1.9334942586465567,0.06,0.6333188895066392,0.5635875529327823,0.5081124250753225
2016-08-01,21800000.0,24.9,34.3,31.77224462238085,1.804794176414665,0.18000000000000002,0.6330778843596605,0.5635819988025857,0.5179609544646997
2016-08-02,16940000.0,24.2,33.0,30.62414158218548,1.8766267804510701,1.4100000000000001,0.4986320621907641,0.4452323425892165,0.4207700295300961
2016-08-03,13380000.0,23.9,29.7,31.03105663289339,2.1699432469330553,1.17,0.37695949103502857,0.3356829013674081,0.3062206515928406
2016-08-04,20970000.0,23.9,31.8,30.297430734194588,3.501839446774724,0.03,0.6173331801506576,0.5518073353378283,0.49068569312640686
2016-08-05,19620000.0,24.0,31.8,31.015616162839866,2.636855173169685,0.010000000000000002,0.561629239948868,0.5002853243422146,0.4492177599151629
2016-08-06,23390000.0,25.5,33.2,32.44042238158677,2.8523529852788987,0.0,0.6912181115412437,0.61685885858202,0.5460105135894684
2016-08-07,22000000.0,26.2,33.3,32.216348153032165,3.2204950809654727,0.010000000000000002,0.67966956009036,0.609421034173518,0.547929005600196
2016-08-08,21390000.0,25.8,34.8,32.68200849019524,2.960101891333506,0.37000000000000005,0.6698307520037764,0.6011250043125662,0.55463564267656
2016-08-09,17100000.0,24.6,31.2,30.146511074785664,3.1247182755836,0.0,0.5175917539653336,0.46412687339072756,0.4265972361233358
2016-08-10,20850000.0,26.1,33.7,32.97398081581394,2.8284087839334306,0.0,0.6388858125326243,0.5722009115720774,0.5177550467437071
2016-08-11,23610000.0,26.6,36.5,33.67239812644057,3.0319344953699106,0.0,0.7582938283311059,0.6814742506853706,0.6317755158017873
2016-08-12,21620000.0,27.3,35.5,34.52748768835619,3.361167263870098,0.0,0.709881378375303,0.6396424793595684,0.5849733943735862
2016-08-13,22350000.0,26.1,36.3,32.37626295618144,4.57633548215261,0.0,0.778874397640734,0.7064107164636855,0.6696529403716789
2016-08-14,23950000.0,26.7,36.9,30.654688931807303,3.6634628058566343,0.0,0.8108570926274645,0.7327373035936827,0.7126460615183069
2016-08-15,18140000.0,25.8,34.2,32.561020112266384,3.118732225247233,0.79,0.5831251900838259,0.525045105472404,0.4931864047223672
2016-08-16,14250000.0,23.8,30.5,30.056274438173677,3.6006092773247804,0.43,0.4367827682687665,0.39263094994049486,0.36251483287001596
2016-08-17,20270000.0,24.0,32.3,29.203386011313082,2.870311136288,0.0,0.5945694731479844,0.5310058507970457,0.4940204475479768
2016-08-18,22360000.0,23.3,32.3,29.152159994735353,4.7050355643845005,0.0,0.6823563903036708,0.6125287930711394,0.5479428527525475
2016-08-19,23210000.0,23.1,32.7,28.629797931423273,4.830742621448209,0.0,0.7144293576277402,0.6418609437016229,0.5809788360892755
2016-08-20,23620000.0,22.5,32.2,26.668473078980746,6.306304029362686,0.0,0.7715252094613986,0.6981621308694739,0.629717709643282
2016-08-21,21460000.0,22.9,32.8,27.69332231234728,6.138694619944409,0.0,0.7243613177866957,0.6573043492753311,0.6063290019189062
2016-08-22,20550000.0,24.2,33.1,28.45034292053099,4.348865569370662,0.0,0.6662087252241513,0.6013920514102774,0.5715080000869955
2016-08-23,17160000.0,21.4,30.3,26.790494527675662,5.168954465452947,0.010000000000000002,0.5292977088702246,0.47699944710573916,0.4390021244988784
2016-08-24,23210000.0,21.0,31.7,24.415438714941015,5.525124460466786,0.0,0.7233742533999518,0.6521788309316666,0.614650698722996
2016-08-25,21090000.0,24.0,33.6,28.831959745164497,4.734965816066335,0.0,0.6910956354550879,0.6244616153998312,0.5918225061572299
2016-08-26,14100000.0,21.4,27.7,20.248444125005587,9.963780784882953,0.05,0.7172657227373185,0.6750399938674033,0.6101432217614196
2016-08-27,19300000.0,18.9,27.2,18.54899469383044,9.269398945864376,2.87,0.7539659365824585,0.6974016990171515,0.6161324605682146
2016-08-28,4660000.0,17.5,20.5,20.34969684688952,9.568701462682728,1.7600000000000002,0.17973125920457184,0.16694960196285022,0.13560196636348937
2016-08-29,18870000.0,16.1,25.2,16.251636745491524,7.596297876849786,0.0,0.6307132498718382,0.577460197466377,0.5298540457157638
2016-08-30,16350000.000000002,19.6,26.3,18.192547401029575,11.996044874079566,0.0,0.8120598125376534,0.7642128832886811,0.6309672440887073
2016-08-31,20870000.0,22.2,28.1,19.00189147979296,13.2980108222394,0.010000000000000002,1.0719572454668564,1.008941222519343,0.812228624107361
2016-09-01,19920000.0,21.8,29.4,25.06805819142649,8.913228950850536,1.9600000000000002,0.7014781881160776,0.6409676441782625,0.5385959381531678
2016-09-02,1480000.0,21.0,22.7,25.64419720655463,4.49253077744347,13.780000000000001,0.0357257696914562,0.03146717769498628,0.06224080137551976
2016-09-03,3750000.0,21.3,26.0,27.77032709280512,3.2444392823109407,1.1900000000000002,0.11249057497042732,0.10140282204183768,0.11501787596483244
2016-09-04,11080000.0,23.2,28.5,28.998952133105078,4.546405230470774,0.44000000000000006,0.34298807392852443,0.3092197324162577,0.28314950704987785
2016-09-05,9060000.0,22.7,27.4,28.918981194190437,2.14001299525122,1.29,0.24438637595662427,0.21706713960301,0.20764106001160335
2016-09-06,11840000.0,21.3,28.6,26.810878769475632,2.9630949165016895,0.0,0.33242560231375984,0.2967721874780339,0.2889029537470666
2016-09-07,13190000.0,20.3,29.4,23.8022104573165,3.1636276027699854,0.11000000000000001,0.39271660938104735,0.35305224110785804,0.3665321460432796
2016-09-08,19690000.0,20.5,28.5,23.364725550793484,3.262397433320042,0.0,0.5153578940088637,0.4564326083125362,0.4353686980147372
2016-09-09,15930000.0,19.9,27.5,24.781081661286585,2.1430060204194032,0.11000000000000001,0.3854394780007041,0.33830461476838414,0.321017811110541
2016-09-10,8289999.999999999,18.7,24.7,24.69871373042368,2.7236529030470074,0.37000000000000005,0.19600773640764269,0.17221030853389285,0.16484075109988872
2016-09-11,13190000.0,21.0,27.5,24.352875785205462,4.537426154966223,0.91,0.39865233537048966,0.35931726734352326,0.34564119040172026
2016-09-12,5400000.0,17.8,22.5,23.2024908737847,5.150996314443846,0.9199999999999999,0.12703125828717393,0.11191951084738763,0.09893592566798289
2016-09-13,13360000.0,17.8,26.3,21.996791698621195,4.4236911985752485,0.0,0.3603936052412992,0.32183053656394994,0.31266456436317647
2016-09-14,13860000.0,20.2,26.7,23.808336717191356,2.104096693233018,0.0,0.3416058367829966,0.30074461050454443,0.2943509586421473
2016-09-15,14340000.0,21.6,27.2,25.248083380889067,2.3255805556785987,0.1,0.3650850321960558,0.3222302886050283,0.30893289581505434
2016-09-16,4200000.0,20.3,27.0,25.533262830329416,3.6814209568657352,3.08,0.1655308982386003,0.1531126149585799,0.17842717441973352
2016-09-17,2089999.9999999998,20.7,23.3,24.97846699710007,7.479569895290628,5.25,0.08996505005703014,0.08393706202632671,0.1025284513966664
2016-09-18,4210000.0,19.6,22.9,21.791812493298384,8.428358873604806,0.09000000000000001,0.23053121855009256,0.21853267994799422,0.20766262930740612
2016-09-19,9290000.0,18.0,22.7,17.62905910363908,12.615601083893557,0.0,0.5381536257430292,0.5120676383357552,0.4103547975484737
2016-09-20,20030000.0,13.7,22.8,14.510684841287668,8.22782618733651,0.0,0.5786977243797131,0.524504247700977,0.4645747465765753
2016-09-21,13790000.0,17.0,22.9,16.374836697064712,6.411059910249109,0.0,0.4524872630028036,0.41402798370267446,0.400306219185463
2016-09-22,8310000.000000001,15.2,22.7,18.901531669791652,4.351858594538845,0.05,0.22391010918260523,0.2011375001535453,0.20892730229246928
2016-09-23,14760000.0,16.8,24.9,20.026186194082914,3.573672050811129,0.010000000000000002,0.3511416215666986,0.3093492969875948,0.3062351588994042
2016-09-24,15060000.0,16.8,25.7,20.537375913104707,3.2983137353382443,0.010000000000000002,0.3540059364582865,0.3110847983709705,0.31163656740329737
2016-09-25,13460000.0,18.4,26.9,21.34227699765084,2.9271786144834873,0.03,0.3449101018788638,0.3056981557395594,0.3190553171510241
2016-09-26,9360000.0,20.9,26.9,26.5132633451751,2.154978121092138,0.04000000000000001,0.2359942295853476,0.2082193688645134,0.20728516260738017
2016-09-27,14380000.0,22.2,29.8,28.421721424469773,2.4213573610604713,0.17,0.37307691251212527,0.32916545624942717,0.3142988681297495
2016-09-28,4080000.0,18.3,23.8,24.302926381465962,5.165961440284764,3.63,0.10701756587122505,0.09542726126334161,0.09611074992152761
2016-09-29,6480000.0,16.4,19.7,16.71337568806178,5.9411549588442965,0.45,0.24318083238753166,0.22571359013985637,0.22675739814969892
2016-09-30,3050000.0,16.5,19.0,19.567418718934324,3.403069616224667,2.2100000000000004,0.07343151605246082,0.06525634556380745,0.08113591812070205
2016-10-01,7950000.0,18.8,23.0,22.32479266505999,2.235789800633093,0.6400000000000001,0.18454594613986774,0.16201732312897466,0.1669113935381229
2016-10-02,10430000.0,21.0,25.9,25.364409504886716,4.480558676770737,0.0,0.2835687124680582,0.2528196078443744,0.23738574567277726
2016-10-03,10990000.0,19.5,28.0,25.591940449457617,5.013317156707404,0.0,0.3077797309096949,0.2752382251358795,0.2707688311203136
2016-10-04,14730000.0,18.9,26.0,21.905482508197764,11.481244545152,3.0100000000000002,0.5271837523243122,0.48440261914703386,0.39125623343919824
2016-10-05,4500000.0,14.6,22.5,19.70718792895663,8.188916860150124,7.28,0.1573790898783904,0.14513640511698697,0.150818605171647
2016-10-06,18940000.0,17.9,25.0,18.588426986038662,5.103107911752909,0.0,0.47389841674539585,0.4197451127128001,0.4115330896626694
2016-10-07,9150000.0,17.6,22.1,18.806620288908665,4.1782631347842,3.09,0.2523580835887806,0.22688327780958786,0.23663967630348576
2016-10-08,3330000.0,10.7,20.3,14.574331959848227,5.905238656826094,0.8400000000000001,0.16673012681010038,0.15819578669556494,0.19706763210536354
2016-10-09,18910000.0,9.6,18.0,10.534402392636752,5.977071260862498,0.0,0.4042926552584733,0.35758602739848555,0.3531527267913245
2016-10-10,11720000.0,11.8,19.6,13.36534388550814,4.513481953620755,0.0,0.2780710765629716,0.24790885260918488,0.2677501898911874
2016-10-11,10300000.0,10.6,20.2,12.732520913763725,4.854686822793677,0.0,0.2762223010370901,0.24988010602524507,0.2828989310307496
2016-10-12,16079999.999999998,12.9,21.5,14.459151401632965,4.043577002215941,0.0,0.332764162902714,0.2901159396046999,0.3109200067948451
2016-10-13,13500000.0,12.1,21.8,14.44332732445683,2.4123782855559206,0.0,0.25594095151531887,0.2203099049508293,0.25531999816629286
2016-10-14,17430000.0,11.0,22.8,13.592333875578532,3.109753149742682,0.0,0.3232422760857912,0.27728382838635734,0.32279245667039386
2016-10-15,13980000.0,12.3,22.9,16.081392112583405,4.193228260625117,0.0,0.28950215497749227,0.25213710203986506,0.277572356408477
2016-10-16,2130000.0,16.3,18.6,19.738366222380158,1.7658848492282797,3.18,0.037027383586510934,0.03135074586931576,0.06152949749092577
2016-10-17,12380000.0,12.7,24.4,17.709284179214748,4.163298008943283,0.0,0.2649978999551117,0.23131691387818404,0.26355818973048184
2016-10-18,8920000.0,13.8,21.9,17.488262386520493,4.088472379738694,0.0,0.20273155117365627,0.17877728119417152,0.19859245326149438
2016-10-19,14170000.0,10.8,22.8,15.596921020355861,3.7861768377521585,0.0,0.26337734404000424,0.22608829730995222,0.26063500819413815
2016-10-20,12520000.0,16.1,23.4,16.216586448603433,8.266735514522894,0.0,0.44701526451398693,0.4122181176366488,0.40569230677470863
2016-10-21,6890000.0,14.3,18.1,13.834121479773662,5.938161933676113,0.04000000000000001,0.2516711389702611,0.23375637175234934,0.2469891202275864
2016-10-22,6920000.0,15.6,20.2,15.474672427794577,5.797489750771486,0.0,0.25957788004154675,0.24097700562204624,0.2610627562448079
2016-10-23,4290000.0,10.2,16.4,11.522682993487402,9.29932919754621,0.0,0.27480353119292755,0.26432745974538224,0.24654279627187053
2016-10-24,13050000.0,11.8,18.3,12.567115605165878,4.666126237198115,0.0,0.2723163268534992,0.23918755726929114,0.2623419414291201
2016-10-25,6260000.0,10.8,20.8,16.77189432656147,6.746278729085665,0.34,0.13627699961486422,0.12013307327400599,0.14049469589873204
2016-10-26,12930000.0,9.6,21.3,12.122798711992658,4.926519426830081,0.0,0.2961206855503839,0.26301754123478754,0.3204915821267028
2016-10-27,5330000.0,14.2,18.1,14.486880171189886,6.788181081440235,0.9,0.22554792483506403,0.21170340391291892,0.21950900031200038
2016-10-28,1680000.0,9.7,16.6,14.017933562362566,6.46194133810823,0.7000000000000001,0.06386576921907494,0.059777439502901986,0.09582374831212048
2016-10-29,5900000.0,5.5,15.2,10.427032098027476,6.1267225192716745,0.0,0.15631201737873032,0.14290972287566367,0.16700177149795406
2016-10-30,15420000.0,8.5,14.4,6.150731646116842,3.8580094417885635,0.0,0.2960612121332093,0.26003798415341606,0.3310794766194151
2016-10-31,3780000.0,2.4,13.3,7.404648524699044,5.465263957103116,0.0,0.17903682857734182,0.1710195704574196,0.2081088104758851
2016-11-01,15690000.0,-1.8,9.0,3.9981582854155384,7.018644019390366,0.0,0.3039390930527808,0.274815648988119,0.28164889718314207
2016-11-02,15220000.0,3.6,10.5,5.175699093684537,5.013317156707404,0.0,0.2719081878564499,0.24037522690315574,0.27789908859097573
2016-11-03,11440000.0,4.9,13.7,8.579545602663686,2.8613320607834494,0.0,0.1575890113361289,0.1323188641368081,0.17592710579146442
2016-11-04,14430000.0,8.2,16.3,9.842249012056705,4.01663977570229,0.0,0.2315944239155673,0.19721717960821267,0.24430452651938445
2016-11-05,13120000.0,7.8,19.5,12.41398316951154,5.9441479840124805,0.0,0.23752862552111514,0.20523266530217438,0.24614400206980536
2016-11-06,5940000.0,7.5,14.8,11.107942683227238,7.856691066481752,0.0,0.17293080617360115,0.15915806436809907,0.16322843722145502
2016-11-07,9730000.0,10.4,16.8,11.653006687022069,3.9867095240204544,0.17,0.19135993913965094,0.1674359156041417,0.2058388604682992
2016-11-08,11160000.0,0.4,11.4,5.049113806983981,8.997033655559676,0.020000000000000004,0.34992480578836765,0.32759926948661905,0.3126859751882323
2016-11-09,13160000.0,3.2,11.1,7.341217580507188,5.285682447012104,0.0,0.18929956308753398,0.1619533814912531,0.18904661462243225
2016-11-10,6380000.0,4.6,14.5,9.978525242019053,3.633532554174799,0.16000000000000003,0.10998772071544158,0.09579904848108503,0.1348755605203184
2016-11-11,10500000.0,7.3,14.6,8.74342750591378,3.7293093595566713,0.0,0.18797754296900643,0.16375474872882043,0.21542267047313052
2016-11-12,10970000.0,9.6,17.4,11.256345319433686,3.70237213304302,0.0,0.1901689226952707,0.1632573637191878,0.2140306668393151
2016-11-13,8060000.000000001,13.1,19.6,15.596921020355861,2.618897022160584,0.11000000000000001,0.13879909974116944,0.1177785123909086,0.15241835049171196
2016-11-14,4380000.0,9.8,18.7,15.265872870217786,3.507825497111091,0.04000000000000001,0.07768306145605794,0.06675552422603999,0.0979503019602476
2016-11-15,12940000.0,3.2,13.6,5.724568991653484,6.231478400158098,0.0,0.29400226246686534,0.26612283169015966,0.319091107427176
2016-11-16,10350000.0,3.5,14.6,6.293817715788962,4.28002599050244,0.0,0.21754883798618332,0.19484220797385324,0.2706768696732559
2016-11-17,12200000.0,5.7,16.1,8.827680615720357,3.9807234736840877,0.0,0.18776434782444215,0.15965555799897596,0.22733176360493457
2016-11-18,8740000.0,10.3,18.3,14.137782447442994,4.097451455243245,2.64,0.13612879908059267,0.11429954046439292,0.14840588927021423
2016-11-19,7240000.0,10.9,19.1,15.08828719526594,2.5530504684605466,0.0,0.10692639282743002,0.08856653373416426,0.12469615702716368
2016-11-20,11370000.0,7.6,17.3,10.700320185687131,5.785517650098753,0.0,0.21271821942050817,0.18550077597517384,0.23510703681075945
2016-11-21,10330000.0,7.5,19.0,12.584621655624153,3.687407007202103,0.0,0.14232699961421183,0.1171304517037824,0.1750521535320731
2016-11-22,7070000.0,2.1,10.0,4.544027185570697,9.517820034823608,0.0,0.38317102489261834,0.3689614786836361,0.3276214979508904
2016-11-23,9660000.0,-2.1,8.5,3.851697481165545,9.691415494578253,0.0,0.3361079460403704,0.3184211554413799,0.28802369874849704
2016-11-24,12700000.0,-2.4,4.2,2.8167608015007053,8.497198452473025,0.0,0.30181506100854527,0.2804088412871294,0.25523063270958957
2016-11-25,11630000.0,-1.3,7.4,4.5511597649634625,5.2976545476848385,0.0,0.17258387439930406,0.15140034097124638,0.1911996904110364
2016-11-26,4490000.0,1.0,6.4,6.257773080291138,3.875967592797664,0.44000000000000006,0.08815811611895796,0.07979555396481128,0.10336087923559056
2016-11-27,7400000.0,0.9,8.9,6.596771424399519,5.596957064503191,0.0,0.12941232282385867,0.11507132383831586,0.14221014259706372
2016-11-28,12040000.0,-2.3,7.9,4.177239868538166,6.25841562667175,0.0,0.20372470497916123,0.18198457781687788,0.21967988525541365
2016-11-29,11750000.0,1.9,9.7,6.095046924324923,5.243780094657535,0.0,0.16664708241070186,0.14321449166541356,0.18826606223830358
2016-11-30,3410000.0,2.7,12.0,9.674210988922733,3.543741799129293,0.16000000000000003,0.04723019775470306,0.04010230181397677,0.07091662319817935
2016-12-01,10120000.0,-1.8,11.5,4.707664590036976,7.437667542936058,0.0,0.3040284936035999,0.28444794950430297,0.2826788784630839
2016-12-02,11840000.0,-1.7,8.5,4.118077631375221,5.0282822825483215,0.0,0.1808365473213207,0.15900881777240095,0.21776599737909405
2016-12-03,10810000.0,2.2,12.5,5.921641171415709,1.694052245191875,0.0,0.09693198207439432,0.07433592485467258,0.146182917921332
2016-12-04,4830000.0,4.3,10.4,7.149535328999865,2.523120216778711,0.010000000000000002,0.09818899489836677,0.08809288422572514,0.13119960775991554
2016-12-05,9840000.0,0.3,14.4,7.043799388198815,7.356855863395104,0.0,0.26363538125464664,0.24306690733771213,0.2502738762508499
2016-12-06,11730000.0,-1.6,5.7,3.030651861989008,5.064198584566523,0.0,0.1953421835757055,0.17471808644514336,0.22495978360095145
2016-12-07,8620000.0,-0.4,8.8,5.943301504447396,3.2504253326473074,0.0,0.09409438864599474,0.07776821161521501,0.12852643191042246
2016-12-08,10800000.0,1.9,10.0,6.385696621335666,3.9956885995250055,0.03,0.12480468817110595,0.1031656909827187,0.15988845973113136
2016-12-09,10930000.0,-2.7,8.9,4.505682152857622,7.383793089908755,0.0,0.21306495120568023,0.19312191366050627,0.22703432068079396
2016-12-10,11600000.0,-3.3,7.1,3.01575785508431,5.387445302730344,0.0,0.20124301148064294,0.18095753312141089,0.2379282581972148
2016-12-11,11550000.0,-0.2,7.8,4.644790282526523,3.2564113829836745,0.0,0.11680586394205719,0.09522132605620001,0.1607875096033749
2016-12-12,6250000.0,1.8,10.7,7.834641916728018,1.750919723387362,0.0,0.05773822591548765,0.04509901335182414,0.0870556215294525
2016-12-13,5740000.0,1.3,10.3,6.856950743382064,5.776538574594202,0.0,0.13562688944381612,0.12417981958186253,0.15785573232523073
2016-12-14,5370000.0,-0.9,5.4,5.8642212202712525,6.985720742540346,0.0,0.10265564812701336,0.09314600150382149,0.10162141148095838
2016-12-15,11290000.0,-3.9,3.0,2.5261289921515058,10.191250697664902,0.0,0.32004909913836566,0.30198027091525825,0.24692744949385909
2016-12-16,11620000.0,-2.7,2.7,2.8998850393204685,6.620571672021956,0.0,0.20495418853253597,0.18602814714424984,0.20150395209642738
2016-12-17,11080000.0,0.1,8.6,5.541812713046697,2.663792399683337,0.0,0.0893879890433967,0.06829802865527336,0.1304844559806464
2016-12-18,9980000.0,1.9,10.2,6.451492827837332,2.08015249188755,0.06,0.08110803489021043,0.06104986357965281,0.12088976509631996
2016-12-19,3200000.0,4.3,12.0,10.516440030840291,2.8733041614561836,1.64,0.035280197919853686,0.028434460598321647,0.05527643679198091
2016-12-20,9080000.0,2.0,14.2,9.000944915476811,4.722993715393602,0.0,0.10170908237480565,0.0823119954294918,0.14229924103353278
2016-12-21,5530000.0,6.4,17.0,15.261722227030765,9.098796511277914,3.44,0.042550817731587955,0.029551742023804235,0.02875470174653864
2016-12-22,3940000.0,3.4,13.1,7.929765739466702,9.437008355282654,0.06999999999999999,0.22884917856685744,0.22039635249742734,0.22172637038399948
2016-12-23,6100000.0,-2.9,5.1,4.268070796133806,9.529792135496342,0.020000000000000004,0.21526673794073328,0.20490792586789408,0.17950442199417488
2016-12-24,10400000.0,-0.7,6.8,5.3526907979448115,3.908890869647683,0.0,0.10062594023322904,0.08168279770083009,0.1294310167297605
2016-12-25,8720000.0,2.0,11.4,8.667449873537171,2.978060042342607,0.0,0.06298197447913326,0.04510438699543694,0.09035753492957074
2016-12-26,1130000.0,1.6,6.9,8.305941284176104,6.330248230708155,1.97,0.0020911386171656127,0.0,0.025029511212507616
2016-12-27,10060000.0,-4.0,4.6,3.1905104996638434,9.466938606964488,0.0,0.27134726187114266,0.2547718410217319,0.2265755521149256
2016-12-28,11150000.0,-2.8,6.2,4.057080422115078,4.0106537253659225,0.0,0.12280391325081819,0.10344640524137032,0.15925842276836064
2016-12-29,11030000.0,-4.8,3.0,2.5499257631044814,7.308967460704166,0.0,0.22770627915864275,0.21036522641038205,0.21441673646372625
2016-12-30,11630000.0,-2.4,3.9,2.9277520463890316,4.872644973802778,0.0,0.1706662268639287,0.15117370606389877,0.1959543940598838
2016-12-31,9860000.0,0.1,7.0,5.689684112628439,3.920862970320417,0.0,0.10171516869850887,0.08344434897767722,0.12680671436400084
2017-01-01,10630000.0,-1.3,10.0,5.80375262589671,3.217502055797289,0.0,0.09850278469912115,0.07826936602351187,0.14312913132781185
2017-01-02,9880000.0,-1.3,12.2,6.81806943366586,5.93516890850793,0.0,0.15723867475550757,0.137751244057292,0.17726743982560894
2017-01-03,11320000.0,-2.3,9.2,4.88409422918752,5.067191609734707,0.0,0.15087690923905475,0.1299721060990995,0.1898530980340818
2017-01-04,10970000.0,0.9,10.8,6.231330769580367,5.432340680253097,0.0,0.16035637938690533,0.13844511921230204,0.19157177816338397
2017-01-05,4450000.0,0.4,9.7,6.775322077902477,6.306304029362686,0.0,0.1286013830161184,0.11993555613914193,0.1448248728488106
2017-01-06,9940000.0,-2.4,10.3,5.618757509313569,4.324921368025193,0.0,0.1307770258273254,0.11210727418207292,0.16627272600538118
2017-01-07,8109999.999999999,2.5,10.6,7.649669680643804,3.86399549212493,0.43,0.10062579250616677,0.08407416309556193,0.12670017474085088
2017-01-08,6270000.0,3.1,12.1,8.158883672938563,5.088142785911992,0.06999999999999999,0.12404848880575928,0.11084606181725798,0.1498034270817739
2017-01-09,9430000.0,-2.4,8.9,4.389596028791242,8.973089454214207,0.0,0.2718788536583459,0.25458340197455814,0.2531432862114071
2017-01-10,11840000.0,-5.8,4.7,2.7366706408669716,9.314294323387129,0.0,0.2851131224653861,0.26623847362934117,0.2416028699945854
2017-01-11,11970000.0,-3.5,3.9,3.0596324227273386,6.716348477403829,0.0,0.21454995802875843,0.19490298894494512,0.20751870203570916
2017-01-12,8710000.0,-4.5,7.4,3.4942866875928034,8.53311475449123,0.0,0.269490159734304,0.254506428700146,0.2517691156669456
2017-01-13,10120000.0,-5.4,5.9,2.993046707377152,9.398099028096267,0.0,0.29462543794200113,0.277983065597719,0.2525743392744878
2017-01-14,12530000.0,-7.9,-0.9,1.2247267599122054,12.061891427779605,0.0,0.39433833593304424,0.37734934007812665,0.25165158338725935
2017-01-15,12740000.0,-5.7,3.7,1.4869153895226805,7.707039808072575,0.0,0.31622097293330376,0.2962713780093238,0.28740093875456746
2017-01-16,12650000.0,-5.3,4.8,2.3947063308039698,5.581991938662273,0.0,0.2124651344500858,0.19206059651619217,0.2290852332255661
2017-01-17,10260000.0,-2.7,7.5,2.782448270227188,3.726316334388488,0.0,0.17940749127296213,0.16114089768719145,0.2269699328299679
2017-01-18,10980000.0,-3.0,7.0,3.9024703024151277,6.527787891808267,0.0,0.2136248551233831,0.19435415640055212,0.21737007450226567
2017-01-19,11470000.0,-2.8,8.8,4.798151742603435,3.7173372588839375,0.010000000000000002,0.13332582381808206,0.11246995613636038,0.16985312023951277
2017-01-20,11090000.0,-5.7,3.0,3.0827918417024116,11.35254446292011,0.010000000000000002,0.28824348563015767,0.27112062866913034,0.20280295791228742
2017-01-21,12160000.0,-4.4,4.0,3.3371633199136275,6.111757393430757,0.010000000000000002,0.18858803520679163,0.16893560729710477,0.18470362942764496
2017-01-22,10900000.0,-7.2,0.4,2.122275522075007,10.43667876145595,0.0,0.29635580433590347,0.28091175445802047,0.2081137653220302
2017-01-23,13470000.0,-6.6,0.0,2.0791852894098457,9.398099028096267,0.0,0.28049488909551545,0.2613267128677365,0.20648780666075184
2017-01-24,13560000.0,-6.1,2.1,2.0970438935618168,7.102448724099505,0.0,0.25084938642371735,0.2304627203361827,0.22307475286523828
2017-01-25,13840000.0,-6.1,4.8,1.9237905814464884,5.8543572289669745,0.0,0.2490483803180464,0.22707238571771166,0.25659362107231176
2017-01-26,13710000.0,-2.4,8.0,3.238745590467733,5.085149760743808,0.0,0.23124402171312228,0.20648844501919328,0.2559567666555841
2017-01-27,12420000.0,-4.7,7.4,2.72035540975976,7.578339725840683,0.0,0.311857294003604,0.2905698094599806,0.291671018970794
2017-01-28,13730000.0,-0.6,9.3,4.094621578738953,3.361167263870098,0.0,0.17826096989975038,0.1521269305379333,0.21702312730702764
2017-01-29,1830000.0,-0.3,8.4,8.15171097168109,4.582321532488976,0.5900000000000001,0.01483659034880821,0.011387874954254206,0.041382787549490915
2017-01-30,13050000.0,-4.9,3.4,2.4708167287093907,9.793178350296492,0.0,0.340494060273377,0.31985440846494473,0.2541887903151156
2017-01-31,13540000.0,-3.3,6.5,2.25865706580748,7.584325776177051,0.0,0.34884320839527566,0.3254220484642578,0.3154561989105403
2017-02-01,13260000.0,-5.5,5.5,2.084885242753231,9.15267096430522,0.0,0.3761343601059771,0.35453717346151287,0.3064037758978936
2017-02-02,14890000.0,-4.1,6.9,2.815828511679161,8.036272576572763,0.0,0.3315430961438624,0.3059750411466871,0.29180233218464136
2017-02-03,13720000.0,0.6,9.6,4.170629280463307,5.177933540957497,0.0,0.2596830553388753,0.23292206304446336,0.273539313906658
2017-02-04,13790000.0,3.9,12.6,5.869583340920816,3.8909327186385823,0.61,0.2299039254264686,0.20031903418346322,0.2600122922544494
2017-02-05,8950000.0,-1.4,11.2,5.715830080295424,8.416386772932071,0.03,0.2740535452585458,0.25670868837738253,0.24393976874889609
2017-02-06,15120000.0,-3.5,5.6,2.993046707377152,9.191580291491604,0.0,0.3531057723756858,0.32747727789433595,0.27506858272164403
2017-02-07,14560000.0,-3.3,8.8,4.382688330323122,2.98105306751079,0.0,0.1617890992660292,0.13554472764468256,0.18631860577865406
2017-02-08,7870000.0,-3.1,7.8,3.543144510224802,7.102448724099505,0.020000000000000004,0.2773164469460358,0.26332982068424904,0.26221397453835993
2017-02-09,15460000.0,-5.4,2.7,2.173551599533154,12.289361340561552,0.0,0.4408692834091211,0.41699918705046624,0.2756439028319312
2017-02-10,14130000.0,-6.0,1.4,2.0146267041110493,11.897275043529511,0.0,0.41056290726686945,0.3895827213678455,0.25612358884870534
2017-02-11,15980000.0,-4.3,3.3,2.6462377187666455,8.284693665531996,0.0,0.31806466188106186,0.29254005162268293,0.24488331455193282
2017-02-12,16140000.0,-4.9,6.4,2.9171539047317583,5.887280505816992,0.0,0.2668090316231231,0.23975750232712284,0.2536702645139993
2017-02-13,16110000.0,-1.9,9.0,3.720748431726325,4.830742621448209,0.05,0.2605314277349103,0.23067920606121883,0.26730571689141175
2017-02-14,16399999.999999998,-4.5,8.3,3.2472001051615815,4.767889092916355,0.0,0.265939689176882,0.2372602197724504,0.2575689638062657
2017-02-15,16350000.000000002,-1.6,11.1,4.359274170170581,3.3282439870200795,0.0,0.23287123120805403,0.2013392615158469,0.248414791518615
2017-02-16,13680000.0,5.2,14.1,9.68533436277187,8.054230727581865,0.36000000000000004,0.25275481542102696,0.22224956957755557,0.2053889390493219
2017-02-17,15020000.0,-3.7,13.6,3.1905104996638434,10.583336994696944,0.0,0.8191715320708003,0.7900160837748572,0.4703130515553829
2017-02-18,17280000.0,-5.0,5.7,2.2168703734515343,7.659151405381639,0.0,0.3656595045581875,0.3371335139713076,0.30404109550799824
2017-02-19,15690000.0,-0.0,10.0,6.656486812828668,7.569360650336133,0.8800000000000001,0.24194506585003475,0.21143989197473836,0.19398184347061403
2017-02-20,10480000.0,-4.0,10.0,2.993046707377152,10.550413717846924,0.04000000000000001,0.5933745333639393,0.5743187798064464,0.37770375158333935
2017-02-21,17070000.0,0.4,9.0,5.060079518263802,3.96575834784317,0.010000000000000002,0.23712920570162183,0.2042622556936561,0.22799592915746172
2017-02-22,2200000.0,-1.1,10.6,8.26956446746248,7.745949135258962,2.0500000000000003,0.040803146815110665,0.036560312972734176,0.07563235992336345
2017-02-23,15030000.0,-4.2,6.2,3.0217076334780133,10.969437241392619,0.0,0.4303445028731736,0.4049160442239789,0.2969077771866094
2017-02-24,18090000.0,-4.5,6.2,2.8903305461355244,7.264072083181413,0.0,0.3409515236515174,0.3105174369820728,0.2803241778800939
2017-02-25,17870000.0,-3.2,9.8,3.90122491150473,4.1603049837751,0.0,0.28131668812249544,0.2484851147510557,0.26528986230795315
2017-02-26,16230000.0,-1.1,10.6,5.202957592501233,4.507495903284387,0.0,0.25236914912394603,0.2210686067322322,0.24521927570958596
2017-02-27,15160000.0,-1.1,11.1,6.3664580142643965,3.561699950138394,0.13,0.20064425630089308,0.171169531256311,0.19540066744554968
2017-02-28,18400000.0,0.5,12.3,5.603293371052906,3.283348609497327,0.0,0.2585332904691384,0.221152059905482,0.2602180895570248
2017-03-01,15630000.0,1.5,12.7,6.484615064769875,6.186583022635345,0.38,0.30820046040008836,0.2757698542012395,0.27774365094485265
2017-03-02,16730000.0,-2.6,10.8,4.127231559164661,8.263742489354712,0.0,0.4558601769330656,0.4242790792178724,0.3354972912333204
2017-03-03,18990000.0,0.1,12.3,4.53832825583065,4.076500279065961,0.0,0.31847859839283105,0.28013462501997083,0.31517976359977484
2017-03-04,17530000.0,1.1,13.7,5.067925074433347,3.334230037356446,0.0,0.30189594226945937,0.2651992209420587,0.3053635998757823
2017-03-05,13470000.0,1.8,13.7,5.84637876198776,5.249766144993902,0.0,0.3151642707725124,0.28667729881408566,0.3134734332696071
2017-03-06,19890000.0,-4.1,7.7,2.607679599403428,9.52679911032816,0.020000000000000004,0.4882353815463537,0.4535785754407019,0.3582243558978969
2017-03-07,17460000.0,-4.1,7.0,2.7330375326763994,8.132049381954635,0.010000000000000002,0.41044140587155775,0.3804051321796634,0.3205976376546364
2017-03-08,15700000.0,-3.5,7.0,3.50446295849889,9.071859284764264,0.0,0.3872685955366447,0.3599621905110385,0.28514384433204726
2017-03-09,20040000.0,-2.5,12.4,3.956356890173725,9.23946869418254,0.0,0.654980758982982,0.6160809464762778,0.4072483647310737
2017-03-10,20560000.0,-1.7,12.7,3.7869332141184704,5.743615297744184,0.0,0.4918108846057533,0.45119384704214544,0.38440814495219733
2017-03-11,20420000.0,1.2,15.2,4.747528081593533,3.528776673288376,0.0,0.39850859075593137,0.35476198738132536,0.36567221612036116
2017-03-12,19910000.0,4.2,16.9,6.216265269162185,4.7529239670754375,0.0,0.4382941634699035,0.3928317068544428,0.41058748090633834
2017-03-13,18840000.0,6.7,15.3,6.664484843959667,4.800812369766374,0.0,0.41138536530983466,0.36786752703458814,0.3850314418867283
2017-03-14,17530000.0,-0.4,14.0,5.252991604210001,6.330248230708155,0.020000000000000004,0.4699301637360255,0.43388201752497063,0.36206922412834214
2017-03-15,21130000.0,-0.3,12.6,4.88561408263123,4.504502878116204,0.0,0.3780616775054052,0.3354623741943513,0.3314157751992137
2017-03-16,15120000.0,0.6,13.3,5.81615675964042,4.947470603007366,0.0,0.33119582368683437,0.299963370903381,0.3020608885709374
2017-03-17,21480000.0,3.3,15.7,5.33294655822819,3.8610024669567466,0.0,0.4102371648956454,0.3625315074299071,0.3941670293578329
2017-03-18,14000000.0,1.2,15.6,4.768315528489181,3.3701463393746485,0.0,0.3669846288602967,0.33682141163665846,0.3454401446391407
2017-03-19,21600000.0,0.7,17.9,6.435957698710726,3.902904819311316,0.0,0.46612663227108697,0.418413766929712,0.3871484116312114
2017-03-20,10770000.0,5.8,15.6,8.642253692679859,5.683754794380514,0.66,0.30492278313610505,0.28023534623221136,0.2870585842937771
2017-03-21,19480000.0,0.7,17.0,6.1451430056083804,5.767559499089652,0.0,0.5524809028615592,0.5099794320019008,0.410751675658967
2017-03-22,19000000.0,5.2,14.5,5.48766512808562,4.0615351532250425,0.0,0.40093459252906455,0.3583392170389296,0.3836797718905616
2017-03-23,17070000.0,3.6,16.4,5.871371677888733,4.49253077744347,0.0,0.4209174541506286,0.38249631544793294,0.39608315664475646
2017-03-24,10390000.0,6.4,12.2,6.422391592449245,4.564363381479875,0.010000000000000002,0.3080872689436977,0.28513649714291606,0.2958236815447334
2017-03-25,9130000.0,4.2,11.5,8.34733891477978,5.303640598021206,1.1900000000000002,0.2085200521540207,0.18915561653632498,0.1800033030889862
2017-03-26,12800000.0,-2.1,11.6,7.267461629128351,4.639189010684463,1.5300000000000002,0.2033064573341607,0.1786208786148793,0.1730168020570435
2017-03-27,20280000.0,-1.8,13.0,6.006878237452501,5.058212534230157,0.19,0.38617106070611873,0.3459804951615001,0.29339862495397406
2017-03-28,21110000.0,5.4,15.2,6.4963410967704025,4.312949267352459,0.21000000000000002,0.42788687373220713,0.37999643268595806,0.38649783956844946
2017-03-29,7830000.0,2.0,11.8,8.48995091942781,3.2534183578154914,0.0,0.14275085902918921,0.1266010924983288,0.13893831401175571
2017-03-30,22640000.0,8.4,19.4,7.681361919809792,4.90856127582098,0.15000000000000002,0.5361879563535074,0.4801425675497602,0.49739424933740556
2017-03-31,10420000.0,6.8,12.8,8.705365601650778,5.474243032607666,0.25,0.2746842381691961,0.2513551240943815,0.23581224418741625
2017-04-01,14710000.0,-0.1,13.1,8.014127874955337,3.4150417168974014,0.97,0.2283642832694291,0.19838836560157497,0.1976805778631924
2017-04-02,22660000.0,1.0,15.1,6.210624013948177,6.426025036090027,0.020000000000000004,0.5343813351871629,0.48604321698017056,0.3910442499114378
2017-04-03,24320000.0,2.5,20.6,5.825031206173542,5.148003289275662,0.0,0.7077088317125935,0.6507526529678062,0.5522184074306942
2017-04-04,23610000.0,10.2,21.3,7.825415683122305,4.734965816066335,0.0,0.5930916814282271,0.5322667299208933,0.564430028998425
2017-04-05,6390000.0,12.3,15.3,15.080071715046278,12.41506839762526,5.300000000000001,0.1638497747065188,0.1480668370002617,0.09065260896351475
2017-04-06,7740000.0,9.6,18.7,15.108843086459007,6.82709040862662,0.39,0.1768561742948668,0.15758858885571728,0.14633863706442626
2017-04-07,24030000.0,7.7,23.4,11.345582233577177,3.9567792723386193,0.0,0.5837699459929822,0.5221198893348269,0.46934667627064164
2017-04-08,23600000.0,12.6,24.9,12.58812543719246,4.8427147221209434,0.0,0.6160793030459863,0.5516390795388354,0.5554619446091911
2017-04-09,17560000.0,6.9,17.2,8.871362443391218,6.848041584803904,0.0,0.4708376397725412,0.42920543408980844,0.38964141289026305
2017-04-10,21760000.0,9.5,16.8,9.881825857226309,8.982068529718758,1.55,0.5913650717698017,0.5384114678269901,0.4158847470290696
2017-04-11,11900000.0,8.9,17.6,8.178038104449271,7.707039808072575,0.16000000000000003,0.5107896922940514,0.48176365936722554,0.44941263999203224
2017-04-12,24640000.0,3.5,18.0,5.62392060652618,5.453291856430381,0.0,0.6668054977715296,0.6102521603186399,0.5161062171327198
2017-04-13,23830000.0,7.3,20.5,8.344898731747474,5.743615297744184,0.010000000000000002,0.6394818376399285,0.58049060021973,0.5273052007893074
2017-04-14,23350000.0,10.1,19.6,11.538903013786799,9.484896757973589,0.19,0.6415846330193131,0.5825618700830383,0.45224000236281653
2017-04-15,22370000.0,9.0,23.7,13.987150056697876,5.2527591701620855,0.22000000000000003,0.5557735464912293,0.4974322885476393,0.4298933919731864
2017-04-16,23810000.0,12.3,26.4,12.982416884668034,4.5673564066480585,0.020000000000000004,0.6876689113169389,0.621954201112457,0.5825666776453389
2017-04-17,3540000.0,7.9,17.4,15.399217664598094,6.497857640126432,1.8,0.060661319553113234,0.052146907095303195,0.04637385506179241
2017-04-18,23860000.0,5.9,20.2,9.910180794121217,8.853368447486867,0.2,0.7136446664106681,0.6557153128962236,0.47698292180588125
2017-04-19,25470000.0,9.2,20.1,7.519599354659025,6.141687645112593,0.0,0.6856929740158269,0.6215892609798049,0.594826487161011
2017-04-20,15870000.0,7.9,19.5,8.974895749810297,4.097451455243245,0.020000000000000004,0.4155387926199127,0.3764292063953997,0.40061569011590326
2017-04-21,22810000.0,8.0,20.3,9.607706792518494,5.2527591701620855,0.05,0.5554278793014735,0.49864575735483285,0.4731711626366888
2017-04-22,21040000.0,6.2,19.0,10.400340556788532,3.292327685001877,0.29,0.4145781904061569,0.36403267138340134,0.35094909482583214
2017-04-23,25830000.0,7.4,21.1,10.376665267614264,4.725986740561785,0.0,0.5979152408310155,0.533472709632074,0.47297479551123667
2017-04-24,25950000.0,11.9,20.7,10.23268686356526,6.1716178967944275,0.020000000000000004,0.6851867262510101,0.6175770511445774,0.559647110141514
2017-04-25,17550000.0,13.0,22.1,15.537799056666204,6.788181081440235,0.76,0.476470799987322,0.4296087958509287,0.37184140887451206
2017-04-26,10870000.0,8.0,18.1,9.788760939249196,5.5281174856349695,0.08000000000000002,0.36081582471309814,0.33442470682952685,0.33964099564507555
2017-04-27,25130000.0,9.7,19.6,6.686523230507489,5.22282891848025,0.0,0.6647701744698676,0.6015221843404907,0.5955893444672677
2017-04-28,26180000.0,7.4,22.3,9.785952884803443,6.626557722358323,0.04000000000000001,0.787462713341258,0.7212864420919356,0.5684037337468395
2017-04-29,26990000.0,10.7,26.5,9.429609699056746,4.378795821052497,0.0,0.8552929457336844,0.7817969648060834,0.6882175991140994
2017-04-30,23830000.0,12.2,28.1,13.53620492084228,6.761243854926581,0.0,0.939433022681453,0.8727454409240257,0.6965090057777611
2017-05-01,26000000.0,8.0,23.4,8.420837689439045,5.818440926948772,0.0,0.8589971663614318,0.7920843828462051,0.6451635747881749
2017-05-02,23210000.0,8.2,23.1,9.016606386285787,4.38178884622068,0.0,0.6778644880369171,0.6181939620980805,0.5553982630521603
2017-05-03,27580000.0,10.8,26.2,10.015718211263907,4.728979765729969,0.0,0.8631492723983415,0.7881838537043769,0.6872696908735909
2017-05-04,22220000.0,15.2,25.0,16.12925067713423,5.1150800124256435,0.06,0.6035381308791726,0.541409006906294,0.5046918929249482
2017-05-05,14110000.0,12.2,24.3,16.835115280330893,7.222169730826845,0.4,0.42540243445876164,0.3872262010120834,0.3619105205009629
2017-05-06,25120000.0,10.4,24.7,5.707102972490339,6.057882940403454,0.0,0.9851166927620996,0.9180412771549087,0.8137140068762969
2017-05-07,27480000.0,10.5,26.7,7.908798045449313,8.964110378709655,0.0,1.3958504273869603,1.3210201363202512,0.9253849687120768
2017-05-08,20340000.0,14.6,28.9,11.004776621549954,4.5194680039571224,0.06,0.7890541260139237,0.7306195137520164,0.7126889297237342
2017-05-09,4090000.0,12.4,16.1,14.74659979840833,5.145010264107479,0.97,0.12511639775269262,0.11491237326164842,0.12069978488761013
2017-05-10,11710000.0,13.1,22.4,14.26244046762805,5.561040762484989,0.06999999999999999,0.40381083358194525,0.37242353967305003,0.37430708695864284
2017-05-11,20670000.0,16.2,27.4,16.207834242992952,6.333241255876338,0.0,0.6894852074460099,0.630055630687964,0.6126241210298844
2017-05-12,5380000.0,10.7,20.6,17.191186710582045,3.7323023847248553,1.26,0.12489596414629558,0.11106453676366132,0.12288564589022215
2017-05-13,25620000.0,10.1,26.3,14.884074589623753,6.315283104867237,0.0,0.7734549160604592,0.7042013145554101,0.5562061153825602
2017-05-14,27730000.0,9.7,24.4,8.702833344072198,8.563045006173065,0.0,1.1200061060261115,1.0466737668609087,0.7788286262915722
2017-05-15,27050000.0,11.4,23.6,9.842249012056705,8.290679715868363,0.0,0.8918746568160779,0.819714845532428,0.7182079311423835
2017-05-16,16690000.000000002,12.0,22.1,12.700700225917911,4.297984141511542,0.11000000000000001,0.4611901702656601,0.4170532521023989,0.41746604112643404
2017-05-17,22010000.0,12.1,23.9,14.168856899133276,3.9777304485159046,0.0,0.5378195421001988,0.478545719904994,0.4632477577036078
2017-05-18,28050000.0,13.2,28.3,11.761498065359303,4.208193386466036,0.0,0.8737814461051607,0.7944900816226727,0.7182317138603167
2017-05-19,28020000.0,12.9,31.6,11.133080443848698,5.570019837989539,0.0,1.1220104858542057,1.0408804568171697,0.9076267716678741
2017-05-20,24690000.0,14.7,31.1,11.907534847426223,4.57633548215261,0.0,0.9720925974580752,0.8998934410947218,0.802777678327376
2017-05-21,24250000.0,14.2,28.3,13.357958329948742,5.109093962089276,0.0,0.8251066975479429,0.755993975196189,0.6945211235005078
2017-05-22,27920000.0,14.0,29.3,13.891333965510233,4.803805394934557,0.0,0.9177855780143187,0.8377014622307193,0.731310158312486
2017-05-23,20280000.0,17.8,27.2,16.984963661048376,4.420698173407065,0.0,0.61951261584638,0.560567261733222,0.5571462435314503
2017-05-24,14910000.0,14.9,24.7,18.771758340965388,2.960101891333506,1.85,0.372741820985949,0.33126622686913554,0.32294451564414245
2017-05-25,28210000.0,10.6,29.4,11.79785877342432,6.321269155203603,0.0,1.062839273302923,0.9840962224016445,0.8145326400826505
2017-05-26,27510000.0,10.4,23.1,10.880858125823854,6.3541924320536225,0.0,0.7710829756198724,0.698760658799958,0.6108311099553603
2017-05-27,28150000.0,12.5,26.1,12.235125567862296,4.345872544202479,0.0,0.7768339655653177,0.699209573022265,0.645760664374262
2017-05-28,27780000.0,16.0,26.3,14.435420990078995,5.369487151721244,0.0,0.7918645174046004,0.7128195317038553,0.6705673007724899
2017-05-29,27280000.0,16.4,35.5,16.826070939818187,3.121725250415416,0.0,0.9013221116429936,0.8180727357871669,0.7808507829145501
2017-05-30,22130000.0,17.4,33.2,16.39692268398991,3.86399549212493,0.0,0.8528356933064499,0.785880061660595,0.7267763801175176
2017-05-31,17180000.0,19.5,27.3,19.879203743656642,5.357515051048509,0.1,0.5795947512178744,0.5289827549034006,0.5064518780159118
2017-06-01,21390000.0,13.7,28.0,18.182866804855504,4.262067839493339,0.5900000000000001,0.6095631277430196,0.5489982346029767,0.497796533799329
2017-06-02,28100000.0,14.3,27.8,13.461683142963226,4.9744078295210175,0.010000000000000002,0.8521169200372001,0.7722915378113363,0.7099130139643426
2017-06-03,27990000.0,13.2,27.6,12.048418908190943,6.321269155203603,0.0,0.9903649284912625,0.9117038237967636,0.7733972593326024
2017-06-04,28870000.0,13.5,27.8,11.202467606555683,4.11840263142053,0.0,0.8654994495005013,0.7840253836316269,0.7289773765727389
2017-06-05,25090000.0,14.5,27.7,12.126189185431109,5.255752195330269,0.0,0.8372984506070911,0.7659656212329011,0.731013695287557
2017-06-06,6270000.0,16.6,21.2,16.168500576967084,10.110439018123946,0.68,0.42267435479279836,0.4055075706973528,0.3523452344295115
2017-06-07,11870000.0,14.1,24.5,17.799326052578067,8.233812237672877,0.18000000000000002,0.42994996462954704,0.39721811597995443,0.3630013073293906
2017-06-08,29010000.0,15.2,27.5,13.856981587022549,5.174940515789314,0.0,0.8361935033906466,0.7533811839554666,0.7188157666860425
2017-06-09,26540000.0,16.0,30.7,15.57155890665495,5.064198584566523,0.0,0.9306566032551066,0.8525275370147701,0.7615289628538805
2017-06-10,20820000.0,16.5,30.6,16.758374100488304,6.288345878353585,0.13,0.8608253762358888,0.799355490505164,0.7227273716153972
2017-06-11,23580000.0,16.2,28.2,14.25462115730811,4.079493304234145,0.0,0.6963302522908339,0.6281087358954898,0.6503119637691501
2017-06-12,21740000.0,15.4,24.4,13.461683142963226,5.106100936921093,0.0,0.6558631520662541,0.5952839854536398,0.5742185118809374
2017-06-13,23410000.0,14.0,26.4,15.002220281098158,3.8909327186385823,0.010000000000000002,0.6283822136249582,0.5628143167431104,0.5483027190858873
2017-06-14,25990000.0,14.8,29.0,13.513810423049836,4.4326702740798,0.0,0.8408849987157113,0.7660418635889082,0.7120180786193372
2017-06-15,28500000.0,17.2,32.6,15.232695448671913,6.330248230708155,0.0,1.1931097169260814,1.1073471456457238,0.9315985633752513
2017-06-16,28440000.0,15.4,28.5,16.39692268398991,4.785847243925456,0.0,0.8156511885218277,0.7336885603389759,0.6696313019678455
2017-06-17,27400000.0,16.5,30.9,17.50229755530006,3.86399549212493,0.020000000000000004,0.8326360325685466,0.7515628842593459,0.6904709167499009
2017-06-18,28640000.0,16.9,34.3,17.572621624155254,5.05222648389379,0.0,1.085858569716311,0.9988594744161594,0.8724018591207541
2017-06-19,26050000.0,18.8,34.0,17.971032759553943,5.42635462991673,0.0,1.0607873670235228,0.9808293962598758,0.8682566903382012
2017-06-20,19540000.0,18.2,29.2,19.351725437555,7.126392925444971,0.47000000000000003,0.7174180083419059,0.6596016098761477,0.6269449787300253
2017-06-21,20760000.0,18.1,29.6,18.826566858938833,6.087813192085289,0.020000000000000004,0.7184891238024677,0.6569300491481516,0.643259956095954
2017-06-22,27830000.0,19.2,31.7,18.936604652179575,3.7203302840521206,0.0,0.8189794775392837,0.7346091080196677,0.7191244035004807
2017-06-23,23080000.0,18.3,32.1,19.04720548445925,4.4745726264343695,0.010000000000000002,0.7998471714457629,0.730111110502518,0.6940066404667409
2017-06-24,22810000.0,19.3,30.6,20.634485294836953,4.764896067748171,0.010000000000000002,0.7163168857362762,0.6476298593508956,0.6327144919341008
2017-06-25,14520000.0,20.6,28.1,22.804156699163872,4.678098337870849,0.6900000000000001,0.4870507000276012,0.44368841164959977,0.4288914020912419
2017-06-26,14750000.0,19.1,26.7,22.704043264855358,4.025618851206841,0.13,0.4272857339387611,0.3841533906273208,0.35754935955734524
2017-06-27,16880000.0,18.5,28.0,21.381284706315167,3.828079190106728,0.04000000000000001,0.4969440149228451,0.4473253860078595,0.434213865650631
2017-06-28,23460000.0,20.1,30.1,22.440890437758622,3.7652256615748736,0.010000000000000002,0.6755148445433,0.6047263298803957,0.571004564509143
2017-06-29,14760000.0,22.0,28.1,23.31053745921799,4.722993715393602,0.04000000000000001,0.5097340898056837,0.46522725442164986,0.44706361789577703
2017-06-30,14090000.0,22.8,28.6,26.225203939043503,7.14135805128589,0.12,0.5293060295724342,0.486448610352585,0.42869603620257957
2017-07-01,15510000.0,23.8,31.2,28.45034292053099,7.350869813058736,0.15000000000000002,0.6087831245104728,0.5605216182642891,0.5049516390639943
2017-07-02,8540000.0,24.2,27.4,30.169107128197147,9.221510543173439,2.04,0.3266025961716194,0.3005924062423112,0.23608983903565006
2017-07-03,13130000.0,23.3,29.3,29.697680033590387,8.566038031341247,2.17,0.47473921919064377,0.4344894028224151,0.3512419406160022
2017-07-04,14550000.0,21.9,29.2,28.984397623732445,3.639518604511166,2.7600000000000002,0.4144346956050896,0.37026574693393044,0.3272954162885805
2017-07-05,17420000.0,22.6,29.6,27.910814823199008,4.199214310961485,0.35000000000000003,0.5233175987220144,0.470054086793578,0.41720349273914403
2017-07-06,13230000.0,23.1,28.6,28.85369365369683,4.9744078295210175,0.61,0.4164246523434856,0.37610378968939806,0.3277848714900949
2017-07-07,10130000.0,24.8,28.0,31.52087564468542,7.392772165413305,2.39,0.34222979685042565,0.3111367356667118,0.24495433361260402
2017-07-08,7790000.0,23.8,27.2,31.341277060056342,5.127052113098378,1.89,0.22770172943368827,0.20406958126194313,0.16620238720076685
2017-07-09,17440000.0,25.1,31.3,31.43486901056626,7.0934696485949535,1.07,0.6192619733528086,0.5645407185506441,0.47268377896010333
2017-07-10,8010000.0,23.7,27.1,31.41144820307918,11.37948168943376,3.5700000000000003,0.25023835490913626,0.22597115945043433,0.14604968945035757
2017-07-11,16800000.0,23.2,29.7,28.314614533910255,5.148003289275662,0.06999999999999999,0.5359550334203578,0.4843562127422552,0.4249101908775576
2017-07-12,25900000.0,22.3,33.0,28.073142418696083,3.726316334388488,0.0,0.7584802390406311,0.6777428486923873,0.6137000683769627
2017-07-13,26420000.0,23.1,33.2,29.298728473568687,4.1064305307477955,0.010000000000000002,0.7890967301455837,0.7062476476339014,0.6260820332814228
2017-07-14,21900000.0,23.9,32.8,30.75415145283603,4.558377331143508,0.49000000000000005,0.6854942204897129,0.6166584574898334,0.5441560167911093
2017-07-15,9320000.0,25.0,28.4,31.685640096706717,6.590641420340121,0.39,0.3259015881600803,0.29718591269619504,0.24873687468972489
2017-07-16,18590000.0,24.5,33.3,31.03877938162428,5.357515051048509,0.29,0.644544864683991,0.5857428426830225,0.5352829914950723
2017-07-17,15510000.0,23.9,33.2,30.214343565090175,4.214179436802403,0.96,0.5349453569430795,0.4860815345008664,0.4709344559993059
2017-07-18,17900000.0,23.4,31.3,29.475459130067794,3.3821184400473827,0.03,0.5386911971544575,0.4830942832342435,0.44118958403623043
2017-07-19,24740000.0,23.9,35.1,28.622600807472782,4.232137587811504,0.0,0.8053613435668237,0.7265797308715067,0.6902817169677868
2017-07-20,24050000.0,25.6,33.4,31.458305045184087,4.38178884622068,0.0,0.7688128206791321,0.6922284316200223,0.611043838288011
2017-07-21,21900000.0,26.4,34.7,32.75478947057911,3.941814146497702,0.22999999999999998,0.727812533861267,0.6572828873769851,0.600647442496635
2017-07-22,17270000.0,25.4,33.9,31.442679329790337,4.767889092916355,0.03,0.6186989811487283,0.5636140502887335,0.5341647373689785
2017-07-23,13160000.0,26.4,33.0,33.597842903127514,3.028941470201727,0.020000000000000004,0.4457445290131664,0.4037460394571313,0.38395168611624236
2017-07-24,17720000.0,25.7,34.6,34.26562869345503,2.574001644637831,0.76,0.5581477265113117,0.5013210439838407,0.4631508465957047
2017-07-25,8400000.0,22.3,29.7,28.293235487198853,4.378795821052497,1.57,0.3082254378258798,0.28257479578091016,0.28745069787482097
2017-07-26,25120000.0,19.2,30.5,20.955612210553777,5.046240433557422,0.0,0.7571950630897368,0.6816553412533064,0.6485087818591179
2017-07-27,26740000.0,20.9,32.4,23.594735973360113,3.115739200079049,0.0,0.7489017314962245,0.6665654433894906,0.6389992521684688
2017-07-28,23180000.0,24.6,33.4,27.173240627893946,3.678427931697552,0.020000000000000004,0.7382559420193052,0.6648523319708917,0.6346154255885275
2017-07-29,11650000.0,24.1,28.9,25.670360527620435,4.405733047566148,0.020000000000000004,0.4407832424863808,0.4049791861860692,0.4050831980981984
2017-07-30,14140000.0,24.3,30.9,29.28404274640673,2.0562082905420818,0.13,0.42337413913079824,0.3793224048261993,0.36284588455814226
2017-07-31,7080000.0,22.8,27.8,31.05422990802706,2.5530504684605466,0.8900000000000001,0.1951913465125285,0.17377038528104843,0.1616616945490286
2017-08-01,18000000.0,23.8,32.7,30.169107128197147,3.076829872892663,0.08000000000000002,0.5508000635245883,0.49428865252135656,0.4632839443116388
2017-08-02,18220000.0,21.4,32.6,26.19854723012232,3.86399549212493,0.0,0.5770924791413,0.5207445983420249,0.5161556867755159
2017-08-03,23340000.0,24.4,33.3,27.366397950829548,5.4383267305894645,0.0,0.8018805727585256,0.7280957063944771,0.6797934509470114
2017-08-04,23690000.0,25.3,34.6,28.868190868447385,4.9744078295210175,0.0,0.817617774110406,0.7418087263609549,0.7008020929365628
2017-08-05,23680000.0,25.7,35.5,29.727419651388423,5.043247408389239,0.010000000000000002,0.8361976569086027,0.7598955142448938,0.723765247389566
2017-08-06,25420000.0,26.3,36.8,27.0017858407701,6.3990878095763755,0.0,1.0108645467363906,0.9281557935066322,0.9208146649920727
2017-08-07,22190000.0,24.5,36.2,29.028080287735847,4.642182035852646,0.16000000000000003,0.7800646551724114,0.7087514868454354,0.7026901103720938
2017-08-08,22190000.0,24.8,36.8,26.98127489104962,4.639189010684463,0.73,0.8133208635087952,0.7416707703109533,0.7658808657676953
2017-08-09,6360000.0,24.8,28.6,32.200394613426155,3.4060626413928508,4.2700000000000005,0.20843118818607714,0.18883551265492798,0.18116015511729033
2017-08-10,12600000.0,23.6,29.1,29.416445837147357,5.507166309457685,0.12,0.41538330879595564,0.3767334887571624,0.3325747691498308
2017-08-11,19950000.0,21.8,32.1,26.32537772601328,3.4868743209338064,0.27,0.5963226989698927,0.5346628177501161,0.5156195377507022
2017-08-12,18490000.0,21.6,31.7,23.071028879895334,6.14767369544896,0.0,0.6934425602675521,0.6365092032333896,0.6336635595280532
2017-08-13,9180000.0,22.7,28.6,24.427968145511585,4.824756571111841,2.41,0.38788252199365797,0.35997820557280774,0.37777067711729134
2017-08-14,3080000.0,21.7,23.4,25.520239334578473,4.591300607993527,3.25,0.10796489096860398,0.09900580555501512,0.11700529457992617
2017-08-15,7110000.0,23.0,27.3,28.918981194190437,3.2564113829836745,0.39,0.22172672552634815,0.2002584014651685,0.19439608821643609
2017-08-16,13870000.0,23.2,29.1,29.40907642961137,3.07383684772448,1.4100000000000001,0.39529925629494655,0.35286286247657694,0.3198749585339148
2017-08-17,16320000.0,23.2,28.9,28.400271799253858,2.7954855070834115,0.51,0.45193376911427263,0.4020659031143463,0.3637013605745884
2017-08-18,15310000.0,22.3,29.0,27.763318941844457,2.3585038325286174,0.39,0.4155462560461375,0.3690086651525409,0.34243315092907495
2017-08-19,14000000.0,22.9,27.9,27.861573702409487,2.8493599601107156,0.37000000000000005,0.3875840397354503,0.3451694659000161,0.31484148339445983
2017-08-20,13900000.0,24.3,28.4,29.54197254043082,6.6295507475265065,1.0,0.45812639759270046,0.41548889770863484,0.3444518103478913
2017-08-21,7740000.0,23.3,27.5,29.943810081251343,6.189576047803529,3.85,0.25475620680022837,0.231307006694067,0.20004571392336684
2017-08-22,15590000.0,24.6,29.8,31.803788312154282,5.0701846349028905,1.2800000000000002,0.469998675824162,0.4216653408638331,0.3502776174030116
2017-08-23,16750000.0,26.5,31.6,34.03896960593737,7.198225529481377,0.75,0.5857464526867436,0.5326746924818297,0.43439599067780393
2017-08-24,17710000.0,25.1,31.8,31.835359305409,8.308637866877465,0.5700000000000001,0.644886184673582,0.5891557319179389,0.48735676971881714
2017-08-25,14930000.0,19.6,30.0,23.491592994349276,4.3847818713888636,0.010000000000000002,0.4737763394477802,0.4289103060854179,0.4364434094084203
2017-08-26,24400000.0,16.7,29.7,17.506978138778564,4.214179436802403,0.0,0.6993566948162926,0.6276860461374154,0.6163057142289549
2017-08-27,24020000.0,18.3,29.1,19.93683379615865,3.193557854451821,0.0,0.6142499319519928,0.5431777778502775,0.535071396137624
2017-08-28,22370000.0,23.0,30.7,25.403288809138093,4.938491527502816,0.020000000000000004,0.6896496076918999,0.6205962168575365,0.5735103426158672
2017-08-29,21780000.0,19.3,29.7,15.605383110034278,6.871985786149373,0.0,0.8285453725648348,0.7633654476046516,0.7847708973320987
2017-08-30,14280000.0,17.3,25.0,16.436743314862174,7.458618719113343,0.0,0.5683373571258438,0.5277051614524585,0.5054400634190023
2017-08-31,23440000.0,18.7,28.2,17.18197483824518,7.817781739295366,0.0,0.8217886038655445,0.7526841923239197,0.7047816982559612
2017-09-01,21570000.0,15.9,26.2,15.934252367706131,7.491541995963362,0.0,0.6961058956100143,0.6348306822786306,0.5913495463303446
2017-09-02,19260000.0,16.1,26.7,16.168500576967084,6.644515873367425,0.0,0.633983217348259,0.5789591381037758,0.5692170893957567
2017-09-03,21180000.0,17.0,28.7,17.076348975151042,5.153989339612029,0.0,0.6396558428509509,0.5777672002545045,0.5976268315244516
2017-09-04,16670000.000000002,18.0,27.9,19.837382656319615,5.11208698725746,0.0,0.5161245137260896,0.46734113081597545,0.4705922145091407
2017-09-05,5400000.0,21.3,25.8,24.553571894531185,1.918529132805639,0.17,0.17517113961409625,0.15922794158595432,0.17582356911685051
2017-09-06,5410000.0,18.6,24.8,23.304523349338464,3.6724418813611845,2.59,0.1719810749562218,0.15645102853921503,0.16792608838501205
2017-09-07,10890000.0,16.7,26.3,21.275551522506415,3.5826511263156786,0.03,0.2996333667959791,0.26847170919145785,0.2796807371448658
2017-09-08,20640000.0,18.1,28.6,21.808830023680038,3.714344233715754,0.0,0.5279333209117658,0.4671728112207127,0.45180731002601304
2017-09-09,18880000.0,18.7,28.7,21.17580563496482,2.50516206576961,0.0,0.47359627641512925,0.41773273480645373,0.4217962248897943
2017-09-10,16300000.0,20.7,28.7,22.74521978992652,5.046240433557422,5.300000000000001,0.5159543926344823,0.4670387648033484,0.45866101696218464
2017-09-11,3830000.0,18.5,23.2,23.710481803930012,4.037590951879575,2.9000000000000004,0.104639544731523,0.0937950594240726,0.10238914987890806
2017-09-12,21740000.0,15.5,28.2,18.309067357082295,4.606265733834444,0.0,0.5807647854117092,0.5182095218959956,0.5092218528632516
2017-09-13,23020000.0,14.9,26.6,15.483076285682676,4.699049514048133,0.0,0.5905271943735881,0.5254545665523092,0.538531564751765
2017-09-14,21080000.0,16.7,27.1,17.34845246152444,5.318605723862123,0.0,0.5913230033080257,0.5306191445749359,0.5305597524920485
2017-09-15,16260000.000000002,17.9,24.1,15.378315397618488,7.027623094894916,0.0,0.5901274640074032,0.5439744235392279,0.5257900348404139
2017-09-16,12350000.0,21.0,24.3,19.285386671890116,9.341231549900781,0.0,0.5693352072912856,0.5333569357593086,0.4737313129066981
2017-09-17,12200000.0,15.7,25.7,19.847830698421507,9.026963907241509,0.010000000000000002,0.4216473620257336,0.387189124782956,0.3560802611701609
2017-09-18,20500000.0,16.3,28.0,19.234492485615704,3.4659231447565215,0.0,0.49615152764247716,0.4368870141716659,0.447601076746133
2017-09-19,18220000.0,19.2,27.9,21.656090003704136,5.201877742302966,0.1,0.5205331807211844,0.46673964959660175,0.44997436326379725
2017-09-20,14540000.0,12.8,25.0,13.891333965510233,5.785517650098753,0.0,0.47590207954970093,0.4360926631624955,0.4687724153559388
2017-09-21,17840000.0,14.0,25.5,16.812512418652336,4.1543189334387325,0.0,0.4313360736029795,0.3817529186276031,0.3976957870068857
2017-09-22,19670000.0,15.9,26.1,17.506978138778564,3.100774074238131,0.0,0.4516278273812834,0.3957957052405079,0.41056749052009944
2017-09-23,17600000.0,14.7,27.0,16.405764392484407,2.777527356074311,0.0,0.4188696079089339,0.36903594174414883,0.4049554904139148
2017-09-24,19560000.0,17.1,28.3,19.34661536885977,3.034927520538094,0.0,0.47058160169589014,0.41355582121775525,0.4341764999227199
2017-09-25,18560000.0,15.6,29.6,19.82171962385603,4.465593550929818,0.0,0.5346609976398953,0.48063267297163764,0.47193447715518816
2017-09-26,19100000.0,18.4,28.1,19.505578266411465,4.857679847961861,2.2399999999999998,0.5362918178207193,0.48014751614558737,0.49195695769250314
2017-09-27,2640000.0,19.1,19.9,19.46958377530171,9.176615165650686,1.06,0.1942657709610222,0.1869602345991352,0.1879461510493024
2017-09-28,16390000.0,12.4,24.3,14.863787412486532,5.309626648357573,0.06,0.4247978138866144,0.3803707136965598,0.4048100618891411
2017-09-29,20190000.0,9.9,21.6,9.28119108905522,3.7742047370794243,0.0,0.4401673682932869,0.38815314673746026,0.4471305456789609
2017-09-30,19860000.0,11.9,25.5,11.278596448520005,3.872974567629481,0.0,0.5269163124610747,0.4727373867224832,0.5060157625365211
2017-10-01,6360000.0,17.3,23.0,19.47986197438844,7.910565519509056,4.720000000000001,0.27963211630006,0.2618338359820895,0.2549433821728098
2017-10-02,7500000.0,17.2,23.8,20.451392581834668,7.491541995963361,0.010000000000000002,0.27331387630699505,0.25220101618604995,0.24475175922404685
2017-10-03,13180000.0,16.3,24.4,17.638480781976803,6.369157557894541,0.27999999999999997,0.4115710057952361,0.3745620376544534,0.37589720984495906
2017-10-04,10190000.0,14.9,20.8,13.960263213812159,5.3515290007121425,0.010000000000000002,0.34394857281171143,0.31658377336205346,0.3366111735729693
2017-10-05,7750000.0,14.4,20.3,14.916584636378138,5.983057311198866,0.36000000000000004,0.2856275835131775,0.26501286528187723,0.2759908652764319
2017-10-06,4770000.0,16.6,21.8,19.780004472461712,4.773875143252721,0.22000000000000003,0.1560023971299743,0.14287227330415783,0.15514872810801367
2017-10-07,9260000.0,17.1,24.4,19.764381123271047,4.226151537475136,0.03,0.2655547889618819,0.23937874492951683,0.2584232094320031
2017-10-08,13600000.0,17.4,26.1,20.694027592016667,2.8224227335970635,0.0,0.3150760981210545,0.2760047742881174,0.29179507349710426
2017-10-09,16190000.000000002,17.4,26.6,21.42594133160924,2.645834248674236,0.0,0.3499625164853086,0.3032672407833524,0.3097188126422436
2017-10-10,15960000.0,18.5,27.7,22.0311183960175,2.550057443292363,0.0,0.3632074838957234,0.31639727781185384,0.3286234843426263
2017-10-11,6800000.0,14.9,24.0,16.605811585780092,8.129056356786453,0.020000000000000004,0.35647833771450754,0.33767753921117943,0.3579991514463824
2017-10-12,2430000.0,9.4,17.3,14.211682209835757,7.67710955639074,1.94,0.08893655538306382,0.08299572981818412,0.10899712578640837
2017-10-13,17540000.0,12.0,19.2,9.348396904190396,7.347876787890552,0.0,0.5344070399538737,0.489360410428202,0.48814677194069106
2017-10-14,14750000.0,12.8,20.5,11.364785211252721,6.521801841471901,0.06999999999999999,0.44883394287281186,0.4101338933284452,0.4276871923778292
2017-10-15,4050000.0,13.5,16.6,13.302680876001908,5.593964039335008,0.32000000000000006,0.19686863780756853,0.18658729552281433,0.2015394429552957
2017-10-16,5420000.0,12.4,19.5,13.317401840766657,5.623894291016843,0.010000000000000002,0.24159369567433045,0.2275728124476291,0.2577540399683325
2017-10-17,11120000.0,12.7,20.8,13.167188364093802,5.96210613502158,0.03,0.34038421094399024,0.3111503264279071,0.33601270237756253
2017-10-18,5530000.0,12.3,18.7,12.190766813177023,5.692733869885064,0.010000000000000002,0.2638938059870552,0.249721163094148,0.2802548382928161
2017-10-19,12110000.0,12.6,20.5,13.61484264779683,6.228485374989914,0.0,0.3344473587632154,0.30273726077286733,0.316918237748652
2017-10-20,12240000.0,11.5,21.2,13.387522085201208,6.4469762122673115,0.010000000000000002,0.33929346992467024,0.3073713869014454,0.3302217056326725
2017-10-21,15240000.0,13.9,21.2,12.989619662572638,9.311301298218945,0.0,0.5210300670737466,0.48033622416556226,0.4467714145731299
2017-10-22,14620000.0,10.5,21.4,11.364785211252721,15.432037767154254,0.0,0.7160197619189783,0.6781995935104224,0.5248725153837418
2017-10-23,15770000.0,10.2,18.3,9.318773692968147,5.309626648357573,0.0,0.37185003339946515,0.3325059096283732,0.3751502272592574
2017-10-24,9610000.0,6.5,18.1,11.123647923070974,2.9211925641471197,0.31000000000000005,0.17148205092202662,0.14856016722422383,0.19483159035359943
2017-10-25,15380000.0,5.8,19.3,9.893159244689393,3.968751373011353,0.0,0.29180045407656335,0.254896094825665,0.29309158604464836
2017-10-26,14360000.0,10.2,19.8,11.758197439624515,3.0409135708744612,0.0,0.25218815217645985,0.2157727410467228,0.2668517877332815
2017-10-27,11420000.0,11.9,21.2,13.116238083737668,4.3309074183615595,0.0,0.2753112491190822,0.2454079197177796,0.29573565144116304
2017-10-28,7490000.0,14.3,22.3,15.584235435908553,7.53344434831793,0.0,0.3166437439276898,0.2963599212046816,0.31785558471327335
2017-10-29,14860000.0,5.0,21.2,6.470958339636671,11.630895803561176,0.0,1.0697104557171415,1.033590119445736,0.6480750854693034
2017-10-30,15290000.0,3.4,14.7,4.943679805524055,5.947141009180664,0.0,0.3695562577305883,0.3360118738766244,0.3906768951366015
2017-10-31,15260000.0,3.7,17.0,6.109852424892113,2.9181995389789366,0.0,0.2640847342253069,0.2294204945444939,0.29718975738431086
2017-11-01,14510000.0,7.4,18.6,8.391369966689998,2.8553460104470827,0.0,0.2412064249296117,0.20601880893041713,0.28672518806644165
2017-11-02,10700000.0,7.8,18.9,11.29769964048045,2.5769946698060147,0.0,0.1764278654335066,0.1502686746745713,0.2048568444068703
2017-11-03,13010000.0,5.1,21.3,9.334921536291851,7.5933048516816015,0.0,0.5393569695558109,0.5076600899619692,0.42552308821897855
2017-11-04,13970000.0,3.0,15.1,6.370301631850605,6.204541173644447,0.0,0.3166400192834252,0.28599155346001925,0.3327021218963721
2017-11-05,14490000.0,2.7,15.9,6.664484843959667,3.3252509618518955,0.0,0.23658792924335909,0.20458054874352002,0.2655453406518383
2017-11-06,13500000.0,5.7,17.2,8.879090751256786,3.238453231974574,0.0,0.20536127810034316,0.17382343259274208,0.24236544755911854
2017-11-07,11320000.0,10.9,20.2,13.435685817174324,3.3372230625246297,0.0,0.20112805871978287,0.17208608446383955,0.2215324129947998
2017-11-08,12210000.0,6.3,20.9,7.765678533179653,8.060216777918232,0.0,0.6070942379106155,0.5770724159816774,0.5029536542697965
2017-11-09,13340000.0,7.6,18.2,8.467681595847937,3.1755997034427197,0.0,0.22733435576452074,0.19505956781068207,0.2792425760393325
2017-11-10,10320000.0,4.7,21.2,8.82255406542817,11.026304719588104,0.0,0.7313769112716914,0.7063794883562253,0.49069629496349004
2017-11-11,13720000.0,3.2,12.1,4.341444108634333,6.6295507475265065,0.0,0.3552619748312615,0.3263303769873697,0.36313578016336195
2017-11-12,12000000.0,3.3,13.9,6.085809603857622,2.933164664819854,0.0,0.18075477257931677,0.1547548423168373,0.2299234249897319
2017-11-13,11250000.0,6.6,16.3,8.74342750591378,3.9597722975068033,0.0,0.20570489996846372,0.17942336204546278,0.24428844410805536
2017-11-14,12710000.0,2.4,16.1,5.202957592501233,5.779531599762385,0.0,0.3857395002711995,0.3577022235388021,0.3806929701220737
2017-11-15,9720000.0,0.9,12.2,4.507097209295443,7.192239479145009,0.0,0.3295217822762754,0.3096843176805813,0.3378758512830645
2017-11-16,12770000.0,-0.2,10.0,3.854160539270106,4.845707747289127,0.0,0.23525990613422434,0.2105119930199836,0.2714584493292839
2017-11-17,11620000.0,0.6,14.3,6.439838378092763,5.567026812821355,0.08000000000000002,0.2597592746564653,0.23539864056783572,0.2634565413625799
2017-11-18,13110000.0,-2.4,5.8,2.113594376191503,12.08284260395689,0.0,0.517785316453565,0.4950250536729495,0.36100654749779276
2017-11-19,12640000.0,0.1,6.1,3.120375268018657,7.3119604858723495,0.0,0.31005929661672693,0.2869961681106886,0.28535038818684766
2017-11-20,12460000.0,-1.8,8.6,3.2822825744837525,5.300647572853022,0.0,0.2373706266013178,0.214399890944262,0.26781163676172737
2017-11-21,12330000.0,1.5,11.4,5.581022762934096,3.9388211213295183,0.0,0.1746771356710206,0.1495893971046131,0.2163027179634069
2017-11-22,8610000.0,-0.2,13.2,5.099415114651295,5.866329329639708,0.0,0.2888152848062806,0.2712698972386243,0.29262902233633714
2017-11-23,9770000.0,-2.3,8.5,3.8962468729080095,6.584655370003754,0.0,0.24041621922702436,0.2225897346143665,0.250677279103571
2017-11-24,10440000.0,-2.2,9.7,4.108941712167573,7.6382002292043545,0.0,0.27556334779814146,0.2560860781521869,0.2772969960137561
2017-11-25,11150000.0,2.2,10.3,6.9146065497377,4.74693791673907,0.0,0.14384147807087463,0.12129312285729894,0.16340197684277694
2017-11-26,9980000.0,3.3,16.5,6.775322077902477,5.581991938662273,0.0,0.2901267554864451,0.26772322161064355,0.31727577218130404
2017-11-27,9530000.0,4.3,15.5,9.116354734491155,2.8972483628016517,0.0,0.11926030835940508,0.09786695386678089,0.16209053751191962
2017-11-28,8810000.0,4.4,18.1,9.66587584618555,4.073507253897777,0.010000000000000002,0.18024506821671396,0.15976636187684146,0.21768988708225984
2017-11-29,8920000.0,1.7,13.6,2.999942649446655,9.481903732805407,0.0,0.5282447412603685,0.5094349852277509,0.49569049332024606
2017-11-30,9680000.0,-2.8,7.2,1.9748507299395945,11.35254446292011,0.0,0.5070047749739617,0.48989322810481906,0.38466748184686356
2017-12-01,11720000.0,-4.1,3.9,2.157318623717781,6.46194133810823,0.0,0.2475341792212135,0.2285190767068795,0.24728151936914
2017-12-02,10420000.0,-3.1,7.7,3.4027711000948844,2.954115840997139,0.0,0.12771212888366068,0.10922656995324423,0.1792281346341277
2017-12-03,10630000.0,1.2,11.2,5.661911754489209,2.594952820815116,0.0,0.11570575610553353,0.09424201534968811,0.16568548717684092
2017-12-04,10430000.0,-4.9,10.1,2.9910790276921664,9.386126927423534,0.0,0.5162878241124855,0.4975866712047847,0.34497593477209165
2017-12-05,11510000.0,-4.5,2.0,2.297252108122543,5.890273530985177,0.0,0.19871475302443167,0.18087142119826177,0.20270591006810737
2017-12-06,10540000.0,-1.2,7.3,4.133781121662929,3.6514907051838996,0.0,0.1350633891136272,0.11586524273944596,0.17615124353117603
2017-12-07,8300000.000000001,-3.6,8.4,3.6720805908965684,7.267065108349598,0.0,0.24350834877766436,0.22873127989248926,0.2540235370777926
2017-12-08,11500000.0,-4.9,2.4,2.474138043929297,7.772886361772613,0.0,0.23857011316678572,0.22074228380093394,0.21395245891903775
2017-12-09,9960000.0,-1.0,7.5,4.805636585732431,3.8789606179658476,0.0,0.1227863331824264,0.10451881475501115,0.1582301534648521
2017-12-10,4690000.0,-3.2,8.8,5.083648505930906,7.030616120063099,0.18000000000000002,0.16684073964876162,0.15837220174252334,0.18476180837936423
2017-12-11,9780000.0,-6.9,3.1,2.009098256594747,11.951149496556813,0.0,0.37813202920912614,0.3633674899941023,0.26640069085603646
2017-12-12,11200000.0,-6.1,-0.6,1.7949994244226628,10.191250697664902,0.0,0.30302008924151436,0.2871165888057953,0.2200726776225463
2017-12-13,11340000.0,-5.4,1.0,1.0850926433985568,8.952138278036923,0.0,0.3502841288633146,0.3333761130771879,0.2845073199071611
2017-12-14,10420000.0,-3.3,6.8,1.691633662233515,4.073507253897777,0.0,0.1973737821748661,0.1792506776929032,0.25923575565474544
2017-12-15,9900000.0,-2.4,7.5,1.720868213582095,5.869322354807891,0.0,0.2865407238566559,0.2688211652837561,0.32242358806773547
2017-12-16,8480000.0,-6.8,2.2,1.9471570628588903,9.404085078432635,0.0,0.298949353703676,0.2863582725696545,0.2400499518904798
2017-12-17,11110000.0,-5.5,0.9,2.3058214064690437,7.976412073209093,0.0,0.2281813362625043,0.21168523822017188,0.19833439000459072
2017-12-18,9250000.0,-2.4,5.7,3.7711959747761816,5.635866391689578,0.0,0.1724707976826447,0.15644112700528817,0.19091860795134769
2017-12-19,10780000.0,-4.5,3.1,2.500851928606742,8.91622197601872,0.0,0.2788739855814454,0.26179069033318886,0.2349992713202151
2017-12-20,10810000.0,-4.2,5.2,2.913308498884661,4.076500279065961,0.0,0.1430614975722268,0.1251139442937259,0.18465598515555187
2017-12-21,10940000.0,-4.9,7.0,3.2790794061383948,5.142017238939296,0.0,0.16727296020456453,0.14872959184305878,0.2081463669556865
2017-12-22,10680000.0,-1.8,8.6,4.57691926656685,3.007990294024442,0.0,0.10595900164082388,0.08626979964906176,0.15587632661773262
2017-12-23,10090000.0,0.9,10.4,5.653257522746594,2.7236529030470074,0.020000000000000004,0.1044055012253334,0.08437781063792546,0.1536881415182471
2017-12-24,1900000.0,-2.3,9.7,6.842603321266651,8.679772987732221,1.6800000000000002,0.09660668347630005,0.09306796007031369,0.12114602683007283
2017-12-25,10890000.0,-4.2,4.4,2.924858255136944,6.494864614958248,0.0,0.20351625765959835,0.18571058772689367,0.21021003423845824
2017-12-26,6440000.0,-6.0,5.3,2.3058214064690437,8.425365848436622,0.0,0.29660146534771015,0.2862542155809783,0.26800115573285793
2017-12-27,11260000.0,-4.5,1.4,1.5891267421288622,9.592645664028195,0.0,0.3489257795295417,0.33168116760596406,0.2721090503725194
2017-12-28,9140000.0,-3.8,4.6,3.582204618799982,5.549068661812255,0.0,0.15589060216640632,0.1407733743403927,0.17201583083047167
2017-12-29,8180000.0,-2.8,9.2,5.548614291585383,5.800482775939671,0.0,0.12990376305969203,0.11492674990236877,0.16156732835626458
2017-12-30,8250000.0,0.9,10.0,6.331957594643724,4.516474978788939,0.0,0.12612050717660456,0.10984810806119175,0.15897657387997946
2017-12-31,10860000.0,-3.0,6.4,2.862780578415983,8.494205427304843,0.0,0.3071101763437451,0.2882561371524802,0.2804601089734916
2018-01-01,11160000.0,-4.3,5.3,2.8345265331507252,6.797160156944785,0.0,0.22777827817432633,0.20924962927626253,0.23268462409915788
2018-01-02,10570000.0,-3.6,8.8,2.9753789344695503,7.9195445950136065,0.0,0.3237989810513332,0.30484680595695185,0.30850437350485865
2018-01-03,11290000.0,-3.1,3.7,2.009098256594747,9.586659613691829,0.0,0.36839237283254245,0.34979033492102674,0.29559514603808135
2018-01-04,8660000.0,-2.1,5.2,2.9027568571539484,4.7050355643845005,0.0,0.18601430526025978,0.1710618305983517,0.21426361209167216
2018-01-05,9490000.0,-3.0,6.7,3.1010251258575954,7.132378975781339,0.0,0.25838346649995714,0.2418178566583991,0.25765154740939944
2018-01-06,11490000.0,-3.6,6.2,3.081781680557309,6.842055534467537,0.0,0.23633545311571869,0.21667827791707187,0.24151924167774846
2018-01-07,5220000.0,-0.0,6.4,4.400668420137354,2.4572736630786736,0.5,0.10408391263294373,0.09452645435895504,0.13762989603693163
2018-01-08,2000000.0,-1.7,6.4,6.246428539805832,7.527458297981564,0.27,0.08168998285520945,0.07813556703264611,0.089701974185442
2018-01-09,7740000.0,-4.2,2.4,3.4160292499320333,7.689081657063474,0.0,0.1879999948117921,0.17583138662760917,0.16477692351291773
2018-01-10,9470000.0,-8.2,1.3,1.9721335401560551,9.428029279778103,0.020000000000000004,0.2730742183904648,0.2596853719170417,0.21527744885705946
2018-01-11,11490000.0,-10.0,-1.4,1.5086914838633054,10.762918504787955,0.0,0.28982843973821837,0.27514687245672165,0.20141358658099
2018-01-12,12260000.0,-8.3,-2.4,1.5199549918598474,7.126392925444971,0.0,0.20884231540755488,0.19292092031008906,0.17997616074418693
2018-01-13,11100000.0,-5.7,4.4,3.1905104996638434,4.052556077720492,0.0,0.13068356941096407,0.11305831362601351,0.15940066902551425
2018-01-14,11790000.0,-1.4,7.2,5.013231614151375,3.908890869647683,0.0,0.12342168337630552,0.10205845895759788,0.14964197447141242
2018-01-15,11600000.0,0.8,11.8,6.150731646116842,3.2055299551245544,0.0,0.13283634796537847,0.10934193801142052,0.1780302440965884
2018-01-16,1610000.0,4.1,7.9,8.308371416184151,5.581991938662273,2.37,0.059159205758594846,0.05592837942819336,0.07710274354941458
2018-01-17,2510000.0,-0.4,6.8,6.970608366736929,5.094128836248358,0.30000000000000004,0.057408433146047,0.05281279707943558,0.06822305997419713
2018-01-18,7820000.0,-2.1,9.3,5.0931032833608185,6.285352853185402,0.0,0.18415107081883686,0.16963575325442293,0.20184202930998946
2018-01-19,11680000.0,-2.5,8.9,2.791685078205551,6.437997136762761,0.0,0.2937275269901826,0.27234225636945697,0.3117895640512937
2018-01-20,12500000.0,-2.0,9.2,4.199785417391081,5.623894291016843,0.0,0.2150567880384524,0.19185455407999016,0.23992259479652006
2018-01-21,11870000.0,-0.1,9.5,3.7942161884567023,4.6152448093389955,0.08000000000000002,0.2197748974481914,0.19692014076426914,0.2586279611264568
2018-01-22,5900000.0,-4.7,6.5,4.819135369558752,6.952797465690328,0.06999999999999999,0.13896565122266427,0.12902102946232144,0.1448018070064394
2018-01-23,12550000.0,-11.6,-2.0,1.2989902830529154,11.355537488088292,0.0,0.30796400645400557,0.2927415173741586,0.2018540687984926
2018-01-24,13320000.0,-11.9,-4.8,0.855774449549463,12.172633359002393,0.0,0.3386575909432864,0.32368771720228984,0.2001343674847365
2018-01-25,12300000.0,-12.5,-3.5,0.9485207691252613,12.998708305421049,0.0,0.35731690322333487,0.34324899480165894,0.2076462189599125
2018-01-26,13720000.0,-10.7,-3.9,0.8921842542420549,10.337908930905893,0.0,0.3171966216667729,0.30095340773535384,0.2097607582721744
2018-01-27,13590000.0,-7.0,3.8,0.9407829631412447,5.255752195330269,0.0,0.2581705500683767,0.2373999819541913,0.2762276877188429
2018-01-28,12480000.0,-6.8,3.3,2.1661595355747854,9.266405920696192,0.0,0.3179365999980916,0.298979310059759,0.25050181503579044
2018-01-29,13500000.0,-6.9,0.2,1.7414174336688213,9.52679911032816,0.0,0.3196296204331089,0.3004602225864833,0.2315064786516036
2018-01-30,13710000.0,-5.0,2.1,2.1375439882201586,5.737629247407816,0.0,0.22922220791759423,0.20813979694031132,0.21765214794994642
2018-01-31,11470000.0,-3.6,7.4,2.592050437339674,5.393431353066711,0.0,0.2571205235346108,0.23706238243285283,0.27472524857117614
2018-02-01,14100000.0,-4.1,5.7,1.900017586457883,6.423032010921844,0.0,0.30934746015162584,0.28567056066787605,0.2988793207209307
2018-02-02,13540000.0,-4.0,6.5,1.7172644220434103,6.369157557894541,0.0,0.32609107299433104,0.30296953882977423,0.3211535759276665
2018-02-03,14160000.0,-8.7,0.6,1.648323060856561,12.022982100593218,0.0,0.3839408442010783,0.3644405917075521,0.24300440298939105
2018-02-04,14850000.0,-8.5,-1.6,1.2794797832225027,11.211872280015484,0.0,0.3731861932795705,0.35363423983868414,0.23540739570392005
2018-02-05,14570000.0,-8.8,-0.7,1.2721163862122635,11.02331169441992,0.0,0.37832519585099195,0.3588787040866261,0.24535798857028826
2018-02-06,14990000.0,-9.8,-1.2,1.1729316324031551,9.170629115314318,0.0,0.3180628018622208,0.29873043246113107,0.22842202799183453
2018-02-07,15280000.0,-7.7,1.4,1.1931497031104585,5.908231681994278,0.0,0.26675711682997916,0.24487229637694147,0.24678903490206316
2018-02-08,15180000.0,-3.8,6.2,2.125902031269483,3.2953207101700603,0.0,0.20521825398853316,0.17934415535925816,0.23683140635824945
2018-02-09,13290000.0,0.2,11.0,5.23518906262489,4.0136467505341065,0.0,0.2100518223689843,0.18371392216740723,0.23206581579515634
2018-02-10,7740000.0,-6.5,7.8,2.8846112928586183,8.18592383498194,0.0,0.3954337504546309,0.38250995480436295,0.28415092165641653
2018-02-11,11730000.0,-5.7,2.3,2.1288072123644737,10.032620363751175,0.0,0.361897734207632,0.3440431291627078,0.2550805222421296
2018-02-12,10630000.0,-4.7,1.2,2.648002347837456,8.65283576121857,0.0,0.2786909128712339,0.26254379812408035,0.2055069178302816
2018-02-13,15850000.0,-2.7,6.4,3.1081416849702044,6.62356469719014,0.0,0.30530512952801914,0.2776375935966499,0.27138583675500066
2018-02-14,13740000.0,-0.5,14.5,5.497781992834329,8.838403321645949,0.0,0.5251777387463158,0.4967534522910936,0.36866452725284027
2018-02-15,13070000.0,-0.6,10.5,2.489133183713311,6.099785292758024,0.0,0.3789754159290152,0.3536051290296825,0.3827316813103245
2018-02-16,12220000.0,-3.6,10.0,2.247191702267531,6.500850665294615,0.0,0.43972940930575916,0.4173554361049657,0.36935553560806056
2018-02-17,16680000.0,-2.0,5.4,1.6768894708605933,9.302322222714395,0.0,0.4953718650676091,0.4664137275252244,0.3747652792184214
2018-02-18,12080000.0,-0.0,8.8,2.5042091466518106,4.354851619707028,0.0,0.29252801795475414,0.2694966453167034,0.3144468115195867
2018-02-19,13400000.0,-1.9,11.1,3.511261747833395,4.699049514048133,0.0,0.31231988735427124,0.2866033949406242,0.3085980134966901
2018-02-20,15100000.0,-1.1,10.9,2.9181159609164906,8.350540219232034,0.0,0.47159176238519523,0.44232837256334434,0.41211660212764933
2018-02-21,11640000.0,-4.2,7.1,1.7112730625026462,6.608599571349223,0.0,0.36761307067843774,0.3475888882171748,0.3425642193094093
2018-02-22,16590000.0,-2.6,7.7,2.494986433434133,4.588307582825343,0.0,0.29440878721443775,0.2647151026968208,0.2968026195114516
2018-02-23,15700000.0,-0.2,12.7,4.974485509662199,6.1267225192716745,0.0,0.36305091659926303,0.33130121463934026,0.3257314205677909
2018-02-24,12220000.0,3.0,14.0,6.602721584840084,4.043577002215941,0.0,0.25019239662170756,0.22378996385370517,0.26712049967073936
2018-02-25,6710000.0,-1.3,11.1,4.86286020629666,4.489537752275287,0.010000000000000002,0.21892901275038082,0.20592521502159808,0.23843680784397292
2018-02-26,17780000.0,1.4,13.4,4.855296466199339,4.1603049837751,0.0,0.31398148011903104,0.2767614170727569,0.3270299208046078
2018-02-27,14710000.0,3.9,15.2,6.399194203534083,4.073507253897777,0.0,0.29950599133966177,0.266791983727219,0.31644911623881156
2018-02-28,2550000.0,4.6,10.0,9.153348563586507,11.146025726315445,3.17,0.11886937546614251,0.1135469754530247,0.09817547482933113
2018-03-01,14820000.0,-4.3,9.4,3.0177399566540233,11.292683959556438,0.0,0.6155885912449428,0.5890629490176321,0.3735257380722098
2018-03-02,18440000.0,-0.2,10.2,3.7064452816622127,3.07383684772448,0.0,0.27061933674554767,0.2347674944089979,0.2796214036422346
2018-03-03,15560000.0,6.3,14.9,8.695240467936374,3.7891698629203416,0.0,0.27493945011125975,0.23936387367341583,0.26068230293847733
2018-03-04,10110000.0,5.6,18.2,12.707765442013566,8.239798288009244,2.3000000000000003,0.20135587416431253,0.1774739382880783,0.17927955341509313
2018-03-05,3020000.0,-0.5,5.3,6.233216224885288,10.721016152433384,0.39,0.12738139114697622,0.12200467451646675,0.09512773808195082
2018-03-06,18800000.0,0.8,11.6,5.48766512808562,6.3092970545308695,0.0,0.3576585759137166,0.319698244191243,0.30640162003430066
2018-03-07,5790000.0,3.1,9.0,7.317283367102123,9.46993163213267,2.5,0.2193903180161761,0.2077533629171652,0.16530777658818255
2018-03-08,4019999.9999999995,-1.3,5.3,6.381844794210338,7.955460897031809,1.4400000000000002,0.09431071115320187,0.08725531872462441,0.07524870145418619
2018-03-09,9470000.0,1.5,8.0,5.96866042842487,4.327914393193376,0.0,0.19159936793122284,0.17333589680062952,0.1772258980124178
2018-03-10,14460000.0,-1.0,12.9,6.143281123396822,5.040254383221056,0.0,0.30265297422433807,0.2736807613221085,0.2608138025609116
2018-03-11,19700000.0,-0.5,14.9,6.058171870342494,4.1064305307477955,0.0,0.38185312443975583,0.3408562757600552,0.3160518346691058
2018-03-12,19760000.0,4.1,16.8,8.28167442669326,4.375802795884312,0.0,0.36359999950364796,0.31859677171162376,0.32642331861063856
2018-03-13,18220000.0,6.1,19.0,10.82242831481804,5.73164319707145,0.0,0.38034930743947853,0.3366303590941359,0.32239180356247876
2018-03-14,18510000.0,10.4,20.8,12.637268506192653,5.537096561139521,0.15000000000000002,0.41705699638952465,0.36951919065861344,0.366210623123325
2018-03-15,2950000.0,4.1,15.9,12.204400573486268,9.481903732805407,2.95,0.04760581851506448,0.04096596150434671,0.08151165719663718
2018-03-16,13270000.0,-2.3,7.1,4.8704343807893,8.105112155440985,0.0,0.285597697208658,0.2619721906898299,0.211408606239721
2018-03-17,20520000.0,-0.1,12.5,6.199355079797969,3.190564829283637,0.0,0.2952470174438895,0.2538137192021258,0.263536698252958
2018-03-18,11150000.0,7.2,14.4,11.11422243594282,3.7083581833793873,2.35,0.1977746041221289,0.1721505121695503,0.17026311658505772
2018-03-19,1560000.0,5.1,11.8,8.257470131498225,13.77390182398058,2.32,0.2822117777857588,0.27884599258589565,0.2188244521150183
2018-03-20,12610000.0,2.0,8.0,5.521452220172807,12.172633359002393,1.4300000000000002,0.4313429320628477,0.40682602686415503,0.26412538139248076
2018-03-21,3380000.0,-0.2,3.2,6.376070904097801,9.140698863632483,1.4400000000000002,0.0731127438579253,0.06728747586647574,0.05177088670346528
2018-03-22,21000000.0,-0.6,12.7,5.139021207904129,5.438326730589464,0.0,0.42140601111885656,0.37919943822088964,0.3395641435134329
2018-03-23,21780000.0,-0.0,14.3,6.108,4.022625826038658,0.0,0.39358690207335195,0.3483285559360421,0.32349567438349214
2018-03-24,20060000.0,1.6,17.2,7.442056719829396,4.669119262366299,0.0,0.4523705055195645,0.4079388999845384,0.3571264503565318
2018-03-25,21780000.0,2.2,19.6,7.620344574241776,3.9298420458249685,0.0,0.4902224139920328,0.44004131215607767,0.40705193504469256
2018-03-26,22040000.0,3.8,20.7,7.899494785079307,3.606595327661147,0.0,0.5113731037373597,0.4588662108382538,0.4296541141593628
2018-03-27,21220000.0,9.5,22.1,9.351094033937338,3.588637176652046,0.0,0.4885517165238597,0.4338274166911102,0.4674084604787012
2018-03-28,22280000.0,7.9,22.5,10.504480109125025,4.57633548215261,0.0,0.5620509905898474,0.5053101219064849,0.46732020709291966
2018-03-29,19280000.0,7.9,23.3,10.177333642340951,4.022625826038658,0.0,0.5413228140942247,0.4918074767364737,0.4625326801368651
2018-03-30,19680000.0,3.8,17.7,8.154101253735885,5.043247408389239,0.0,0.4549851917504733,0.40981596768095746,0.3733465409889294
2018-03-31,21920000.0,9.9,20.8,8.332707252276519,3.5826511263156786,0.0,0.4918572497336349,0.4358559249221635,0.4781777590781718
2018-04-01,16690000.000000002,9.7,23.3,13.925761128219863,4.031604901543208,0.0,0.40621539096446596,0.36255623749015126,0.3597129869261355
2018-04-02,18690000.0,12.1,23.8,15.274177129026661,4.926519426830081,0.0,0.4518225353465132,0.4015367965267319,0.396553515239364
2018-04-03,18960000.0,14.2,24.7,16.251636745491524,5.614915215512292,0.03,0.5085853797888152,0.45616432984424166,0.4399273398682221
2018-04-04,3700000.0,8.8,15.9,10.831635672583099,6.650501923703791,1.16,0.21583712187988996,0.20700124359188382,0.22168664459151938
2018-04-05,3330000.0,8.3,11.3,10.669983319071799,5.049233458725605,1.6,0.10423144182536928,0.09677597638687285,0.10742037423754777
2018-04-06,12800000.0,2.5,15.1,5.9831941629231045,11.110109424297244,0.22999999999999998,0.6102576388271798,0.5823693026417833,0.43682824410816545
2018-04-07,15630000.0,-0.6,9.0,3.75551679342025,10.96345119105625,0.0,0.5542250770588365,0.5246220437652068,0.3687755303638967
2018-04-08,21140000.0,5.5,13.3,7.24158678231589,7.952467871863624,0.0,0.5098583394209351,0.46303460357794146,0.3658342885544933
2018-04-09,23410000.0,5.7,18.1,7.586631254081495,5.168954465452947,0.0,0.530964909157995,0.4756655897848354,0.45458991368583507
2018-04-10,20610000.0,14.1,20.1,13.830314684455411,12.444998649307095,0.47000000000000003,0.7018584294272314,0.6473017817341591,0.45114391121077463
2018-04-11,22970000.0,6.8,22.9,8.051875654232726,6.833076458962988,0.0,0.8777551487438883,0.8196929275598954,0.6275892789192378
2018-04-12,21730000.0,7.1,22.8,6.993538533280213,5.5760058883259065,0.0,0.8030428200110536,0.7479968568210177,0.62310213672474
2018-04-13,14390000.0,9.9,17.2,7.308597114758593,6.770222930431132,0.17,0.5476830370109516,0.5123412805732988,0.48874385170715273
2018-04-14,2480000.0,6.0,14.0,11.422565840809884,7.620242078195253,1.69,0.07817406139880402,0.07259207991182771,0.09702561652420519
2018-04-15,23790000.0,5.6,18.8,7.8231106234552135,8.506177527977577,0.0,0.7202665668769298,0.6636588187842858,0.520169878604948
2018-04-16,21100000.0,7.9,19.0,9.2144114407606,4.187242210288751,0.0,0.4697048513262362,0.4180015212551602,0.41753394020652895
2018-04-17,20300000.0,6.3,19.1,9.638137714023914,3.7891698629203416,0.0,0.4340171765165707,0.3851338371377379,0.3760678059198198
2018-04-18,24770000.0,6.7,21.7,9.811250940739514,3.1546485272654348,0.0,0.5453618693215979,0.48363222358661273,0.450935453456783
2018-04-19,24920000.0,9.0,25.1,9.100540622140931,5.1180730375938275,0.0,0.8347216491810385,0.768820390904917,0.6488531393486773
2018-04-20,24760000.0,11.6,26.5,12.351812496501521,3.4150417168974014,0.0,0.6611348804677706,0.593161244880107,0.5606175381533347
2018-04-21,24810000.0,13.7,25.9,12.136365609585953,4.989372955361935,0.0,0.6965582577667428,0.6275435367715623,0.6357266544768947
2018-04-22,7970000.0,11.2,22.6,13.119871634858843,7.790844512781715,0.9500000000000001,0.410124869978061,0.3891100203989165,0.40246546503509223
2018-04-23,1890000.0,10.5,12.7,13.369038008637,8.901256850177802,3.3000000000000003,0.03844028473210719,0.03400851799062498,0.047178978610435504
2018-04-24,6120000.0,6.8,13.4,9.265125194531185,10.053571539928457,0.35000000000000003,0.3116506840232735,0.297839397499008,0.23673123002922006
2018-04-25,25860000.0,6.2,19.7,6.852848770594976,4.399746997229781,0.0,0.6306882523467012,0.5680493612038763,0.529974466815271
2018-04-26,20320000.0,9.9,22.4,10.85929912947843,3.501839446774724,0.0,0.49460939780060187,0.4418287852043565,0.45214177775414033
2018-04-27,22810000.0,7.5,22.2,10.104902299032156,4.309956242184276,0.0,0.5967208476535449,0.5390630651020917,0.4841997395977128
2018-04-28,25350000.0,9.1,23.9,12.725443599826235,4.124388681756897,0.0,0.6174207715660139,0.5511080369600296,0.48839944463911367
2018-04-29,24050000.0,11.0,22.8,12.448641178871915,4.998352030866486,0.0,0.5877578375144556,0.5243441446187939,0.4975404891982379
2018-04-30,18120000.0,13.1,23.5,16.24725182717425,5.5730128631577225,0.11000000000000001,0.4735793360708744,0.42450819218023217,0.3882692545269034
2018-05-01,13140000.0,16.2,22.4,16.717870755668727,5.737629247407816,0.67,0.42063036140192045,0.3843964531242753,0.3582511488048027
2018-05-02,5970000.0,8.6,19.5,13.956425944534887,7.213190655322294,0.43,0.20513183109754912,0.19030341889647678,0.19832888564638254
2018-05-03,24570000.0,6.2,19.0,7.620344574241776,10.774890605460689,0.0,0.86177130709913,0.8027454799893816,0.5819602070035949
2018-05-04,26040000.0,8.7,21.0,6.81806943366586,9.395106002928083,0.0,0.9355272603002206,0.8697048728543706,0.7255952290080998
2018-05-05,22320000.0,14.1,25.5,13.287974212188853,7.808802663790817,0.79,0.7678675519648412,0.705779338639068,0.6541643038941618
2018-05-06,1720000.0,13.9,17.1,17.737675220819483,5.7136850460623485,5.890000000000001,0.02199843077785387,0.017590303151126863,0.040799588023714736
2018-05-07,4310000.0,10.7,17.0,14.490845233282473,5.429347655084913,1.1500000000000001,0.12691929395728757,0.11626185093117994,0.12371321407842713
2018-05-08,15070000.0,9.5,18.7,11.199305408423841,9.814129526473778,0.0,0.5289526645826335,0.4914797822531944,0.3918529606289963
2018-05-09,21180000.0,9.3,18.0,10.344189235155698,5.3515290007121425,0.0,0.5060834571844579,0.45394714335540565,0.40227698978313847
2018-05-10,25640000.0,9.4,22.8,12.842662590423883,3.2234881061336558,0.0,0.5559774632384734,0.48944608089181074,0.45303918156868705
2018-05-11,23390000.0,11.6,23.1,12.262493754097038,4.761903042579988,0.12,0.5972749850302745,0.5350584354263892,0.5153112867904414
2018-05-12,5990000.0,15.6,19.0,18.43113724587071,7.730984009418044,3.75,0.1814776608960207,0.16555985555273037,0.1319223475195051
2018-05-13,17080000.0,12.4,24.9,16.00767391564802,5.552061686980438,0.010000000000000002,0.4931523352138509,0.44659970366673923,0.42336976334853543
2018-05-14,26250000.0,15.2,27.3,15.908409516117905,3.735295409893039,0.0,0.673351035323711,0.598538294633668,0.58498138283283
2018-05-15,22410000.0,18.7,28.5,19.56225879757668,4.546405230470774,0.12,0.6596800115449023,0.5934676317396617,0.5690877480201209
2018-05-16,6840000.0,20.5,23.2,24.94015651145849,8.045251652077315,2.22,0.20650595234436836,0.1868243514958182,0.1408843171710224
2018-05-17,10350000.0,20.0,25.2,25.132223706916562,8.643856685714018,3.41,0.32391800446999686,0.29378906264260113,0.22475184701222733
2018-05-18,8450000.0,12.3,24.0,16.641598625822496,7.757921235931695,0.37000000000000005,0.3418168269377938,0.3189967965373213,0.32512186310340024
2018-05-19,25480000.0,8.9,19.0,10.90245478618804,7.237134856667764,0.0,0.6206643977846681,0.5575178587219939,0.4473944393950319
2018-05-20,25130000.0,10.7,19.6,11.95433434793776,7.26107905801323,0.03,0.6330248103025413,0.5690936937128431,0.4532246175598962
2018-05-21,21660000.0,10.9,23.1,13.94108613049466,5.611922190344108,0.0,0.5566626742240706,0.4994385488598394,0.45260199531888895
2018-05-22,20990000.0,16.3,23.7,16.565631863148628,5.57899891349409,2.8000000000000003,0.5934164685176478,0.5348267259292808,0.47406326526545817
2018-05-23,23840000.0,9.5,24.7,12.817718955958933,5.728650171903267,0.06,0.7213382000999816,0.6582314324627743,0.5421155111639995
2018-05-24,28000000.0,11.5,27.3,12.739601687471033,4.827749596280026,0.0,0.8701622307429195,0.7928151806991474,0.6689155263084872
2018-05-25,25010000.0,13.0,27.5,13.517540577225374,3.4389859182428704,0.0,0.7042108669528485,0.6341022163410444,0.5952115622119513
2018-05-26,26700000.0,15.9,27.5,15.580008920296356,2.954115840997139,0.0,0.667931348671175,0.5912858330826202,0.5874102255849563
2018-05-27,18190000.0,17.1,26.6,18.245871461075126,3.7981489384248923,0.0,0.5206768414324873,0.46833644385425205,0.4614185265489178
2018-05-28,15670000.0,17.3,24.7,20.036721259148973,3.9956885995250055,0.010000000000000002,0.4244140154541001,0.3799356548061107,0.34997152752968674
2018-05-29,18900000.0,18.1,26.9,21.297773032821603,3.3910975155519334,0.020000000000000004,0.5025965694467205,0.447662289725878,0.4173405964734128
2018-05-30,17890000.0,16.4,27.2,20.317674520668636,4.366823720379762,0.8,0.4981224825025546,0.446685853174957,0.424279756042545
2018-05-31,22110000.0,13.1,27.0,15.084178964194672,4.9774008546892015,0.0,0.6851321640506894,0.6233633409397854,0.566868955342216
2018-06-01,25600000.0,16.0,30.3,16.11618596566637,4.187242210288751,0.0,0.8161038153862983,0.7409640344912851,0.688319681202979
2018-06-02,24880000.0,16.4,31.5,17.563230792965413,3.64251162967935,0.0,0.7953265415443382,0.7214448204050037,0.6652475766743324
2018-06-03,22350000.0,17.6,30.2,16.374836697064712,3.5108185222792745,0.0,0.6834955069343767,0.6171741247644361,0.6331762383112516
2018-06-04,19550000.0,19.5,29.4,18.717089670619092,3.899911794143133,0.09000000000000001,0.6218210718053852,0.5633555299864044,0.5764449399486742
2018-06-05,6940000.0,17.1,21.4,20.12646542627338,2.6907296261969886,0.38,0.1877471996714673,0.1686268850850168,0.1680992014432178
2018-06-06,25920000.0,16.5,30.8,19.10777139832443,3.941814146497702,0.0,0.7775121435716214,0.7008735953292099,0.6397570801509275
2018-06-07,27440000.0,18.0,32.7,20.677773886526623,4.088472379738694,0.0,0.8700203966827316,0.7869433918696559,0.708292901924618
2018-06-08,24380000.0,18.7,31.5,18.51946859413317,4.833735646616392,0.0,0.8137445461524276,0.7401800113066643,0.7219479106450686
2018-06-09,24990000.0,17.8,26.2,16.330742995334557,8.096133079936434,0.010000000000000002,0.8570991399917276,0.7850228620552303,0.6759071533210607
2018-06-10,11600000.0,16.1,22.8,17.521026473928647,7.653165355045273,1.8,0.4307718674932589,0.39869991710522873,0.3507314424853529
2018-06-11,10640000.0,15.1,21.2,16.42788696273867,4.58531455765716,0.68,0.32481147095198853,0.2960771368145888,0.28369193023316
2018-06-12,18470000.0,15.0,23.6,17.53039752014303,3.588637176652046,0.22000000000000003,0.458073959465971,0.40714243085957025,0.3755060568691321
2018-06-13,17730000.0,14.3,25.4,17.149767359813936,4.0615351532250425,0.06999999999999999,0.47921923218758006,0.42985657574330816,0.4188688283627292
2018-06-14,25590000.0,14.0,25.5,15.766930111710831,6.707369401899279,0.0,0.7248426973963105,0.6537197749848823,0.5726543074674613
2018-06-15,23520000.0,13.2,23.5,14.08741411429908,7.150337126790441,0.0,0.6876050612514519,0.6238512237609039,0.5373430315603789
2018-06-16,25160000.0,12.7,25.1,14.880015210641748,4.770882118084538,0.0,0.6507634917892158,0.5818773214795812,0.5332078014596741
2018-06-17,20890000.0,16.9,28.1,17.87069495202709,3.0379205457062777,0.0,0.5701007936334288,0.5093824283758417,0.5118446348812831
2018-06-18,22220000.0,17.7,29.1,20.494344770679707,4.339886493866111,0.0,0.6374442642393343,0.5719845111480885,0.5457423701759543
2018-06-19,11200000.0,17.2,26.2,21.459487343769844,4.663133212029932,1.29,0.3489737420695994,0.31682281418226566,0.31039615752301797
2018-06-20,19940000.0,17.5,28.9,19.806067422570663,4.717007665057235,0.010000000000000002,0.6081065320325646,0.5495363379892527,0.5371303003841195
2018-06-21,27330000.0,16.7,31.3,16.072703953377086,4.405733047566148,0.0,0.9102084231557355,0.8289934456850245,0.7580338989155301
2018-06-22,21500000.0,20.3,30.5,16.948529789702263,3.5347627236247425,0.0,0.6861377471996216,0.6210010802380622,0.6551782829577445
2018-06-23,17460000.0,17.0,28.4,18.746891627091415,4.312949267352459,0.0,0.5459047377054632,0.49500135697191344,0.5035901763283139
2018-06-24,27550000.0,19.0,35.5,19.58290563580728,5.411389504075813,0.0,1.1347670021569711,1.0493019538562964,0.9041607299873998
2018-06-25,23090000.0,20.1,34.1,20.435305841163515,5.142017238939296,0.020000000000000004,0.9042826473699528,0.832785268755023,0.7846465635023213
2018-06-26,5460000.0,22.9,25.2,28.385979900376388,10.709044051760651,3.8000000000000003,0.2066517891900792,0.19041506960458168,0.1414094090726837
2018-06-27,10180000.0,22.5,27.7,27.37331854312744,7.5514024993270334,7.290000000000001,0.38637324428285214,0.35565597747686895,0.30802242300324245
2018-06-28,3530000.0,21.0,23.0,26.005992913123727,4.633202960348096,9.209999999999999,0.08969497902068717,0.07951373607887707,0.08379819565750181
2018-06-29,12440000.0,21.8,27.0,26.621151546490967,5.01032413153922,0.6200000000000001,0.38138620386993377,0.3442095643809253,0.2997985042416034
2018-06-30,4030000.0000000005,20.3,23.8,25.86732992342462,5.354522025880326,6.83,0.1102544866836825,0.09862206402127849,0.09724131146795846
2018-07-01,12780000.0,22.5,28.9,28.257635054719184,7.904579469172689,2.85,0.46077954856066256,0.42190674390277233,0.3543941382605352
2018-07-02,9170000.0,22.9,29.1,29.298728473568687,5.001345056034669,1.97,0.32051339510818744,0.2925114442090956,0.27546659749863933
2018-07-03,5510000.0,21.7,24.8,26.715868062785272,10.1553343956467,4.15,0.21543695724035872,0.19924035502936516,0.15522086341600363
2018-07-04,20120000.0,22.4,31.1,28.586638869860447,3.9867095240204544,1.1400000000000001,0.5961785784338547,0.5341483037335618,0.4760805076500795
2018-07-05,6920000.0,20.7,26.3,25.631124284939574,4.190235235456934,1.82,0.23368640209008187,0.21327036792464918,0.21099725390692656
2018-07-06,8740000.0,17.7,22.9,20.75372023862452,8.835410296477765,0.77,0.3208290533106736,0.29630814289220747,0.242140110092972
2018-07-07,16410000.0,17.3,23.1,17.789829101234325,8.38944954641842,0.0,0.5659157116910193,0.5199537643253157,0.4239214775278725
2018-07-08,16300000.0,18.7,24.5,19.795638635897962,5.647838492362311,0.22000000000000003,0.5020932382671611,0.45537641882818375,0.40343424777059295
2018-07-09,7590000.0,17.9,23.9,23.419023760206855,3.0139763443608096,0.34,0.1944438769861771,0.1729354180361546,0.1639745338335343
2018-07-10,23700000.0,22.1,30.3,27.84049359309928,4.459607500593451,0.0,0.6767734499821756,0.604214654564909,0.5136996695372031
2018-07-11,21550000.0,22.9,31.8,29.460696130571048,3.9268490206567837,0.0,0.6391447072965006,0.5722109924931146,0.5067798030773284
2018-07-12,23900000.0,24.5,32.7,30.086327098796904,4.459607500593451,0.0,0.7485521075871931,0.673212479577926,0.5937190169171698
2018-07-13,22050000.0,23.1,33.5,30.540273239315802,3.60958835282933,0.0,0.6655071243574548,0.5962402290086848,0.5414970855600201
2018-07-14,25400000.0,23.5,33.8,30.647049603753267,3.780190787415792,0.0,0.76211140030742,0.6819973606542619,0.6072604406698983
2018-07-15,26370000.0,24.9,34.5,31.851155047061784,2.909220463474386,0.0,0.7873567856209773,0.7032002377795907,0.6290504156962327
2018-07-16,26320000.0,23.9,34.2,29.906403638710888,3.3252509618518955,0.0,0.7882358985167845,0.7048419445709136,0.6405274289856604
2018-07-17,27010000.0,23.1,33.8,29.028080287735847,4.070514228729594,0.0,0.8139202787220947,0.7289242578903657,0.6563708596355458
2018-07-18,25310000.0,23.1,34.0,29.786976850458824,3.2683834836564087,0.0,0.7467792464423437,0.6670407973119497,0.6076057569980234
2018-07-19,26880000.0,23.5,34.7,29.291384806847734,3.214509030629106,0.0,0.8016857116444658,0.7164695316381213,0.6609549918889062
2018-07-20,27010000.0,24.7,35.2,28.85369365369683,3.8131140642658106,0.0,0.8558186925598645,0.7693854979751168,0.7208010984218253
2018-07-21,24690000.0,24.6,34.3,30.252085785544796,4.5673564066480585,0.010000000000000002,0.7994645985807227,0.7208855616109132,0.6553708840611726
2018-07-22,20820000.0,25.5,33.2,29.690249186500317,4.369816745547945,0.0,0.7008220256672418,0.6346330711306434,0.5901051030305717
2018-07-23,24610000.0,26.6,34.7,29.623444532439034,3.430006842738319,0.0,0.798614508887285,0.7192742603943149,0.6766008532583139
2018-07-24,22610000.0,25.5,34.6,31.536535241407794,3.780190787415792,0.0,0.7318483106955039,0.6594174000189432,0.607432893507762
2018-07-25,24570000.0,26.1,36.9,31.489576792404378,3.9956885995250055,0.0,0.8370317093073218,0.7571286099421709,0.7221719323494236
2018-07-26,23220000.0,26.6,35.9,32.64163555994185,2.4572736630786736,0.05,0.7292871224487167,0.6539644629962311,0.6074920775475203
2018-07-27,20230000.0,26.5,34.6,33.805296795796835,2.187901397942156,0.25,0.6232737418721247,0.5581223834987447,0.5101926374890017
2018-07-28,22810000.0,24.8,35.2,26.94712021014877,5.638859416857761,0.05,0.8531060182950763,0.7800736737533712,0.7677050496365959
2018-07-29,23600000.0,24.7,34.8,26.83127655542827,10.870667410842561,0.18000000000000002,1.1019026491323731,1.0265451395124883,0.9124943670128088
2018-07-30,22170000.0,24.8,32.2,28.264752011366067,7.341890737554186,0.13,0.8155431335189544,0.745737445354473,0.6532527174481421
2018-07-31,24180000.0,24.9,34.2,27.276569180309778,6.3541924320536225,0.0,0.8918709684834294,0.8148302253263996,0.7645483686490111
2018-08-01,25580000.0,24.6,35.6,27.428738317746713,4.800812369766374,0.0,0.8750094106495705,0.7930201823011831,0.7698410534473373
2018-08-02,25120000.0,24.0,35.2,28.321744015760498,4.600279683498076,0.0,0.8291522135545908,0.7490725509310256,0.7144526307984773
2018-08-03,25330000.0,24.7,34.7,29.335470911747016,5.261738245666637,0.0,0.8534731572457156,0.7726356389741069,0.7128560452692714
2018-08-04,24980000.0,25.8,37.0,30.685262856462565,5.2976545476848385,0.0,0.9014760246379172,0.8203211820193672,0.7873327635050446
2018-08-05,22710000.0,27.1,37.8,27.630457132255952,5.480229082944033,0.0,0.9255439232688218,0.850998556744174,0.8807178308262816
2018-08-06,17680000.0,25.5,34.6,31.14707400561072,3.121725250415416,0.37000000000000005,0.5867398821400445,0.5301021775508541,0.514348055693014
2018-08-07,20030000.0,23.5,32.5,28.486155167172218,3.4210277672337686,0.11000000000000001,0.6117493081483916,0.549049211824246,0.5165136981418699
2018-08-08,20620000.0,24.4,34.6,30.10888379471995,3.046899621210828,0.2,0.6455450742332637,0.5798831157135612,0.5546869459244197
2018-08-09,19480000.0,25.3,33.7,30.953921269800674,3.1965508796200046,0.36000000000000004,0.617393225362092,0.5553614624152536,0.5215989212377939
2018-08-10,15160000.0,24.4,29.8,29.936325528888975,3.7442744853975887,0.30000000000000004,0.4630484097056754,0.41610599914689084,0.37455077137395787
2018-08-11,18710000.0,24.1,32.5,27.491202647044997,5.698719920221431,0.0,0.6773680203545647,0.6185932533715495,0.5887773214978506
2018-08-12,18080000.0,24.7,31.7,32.04917918637364,3.699379107874836,0.22000000000000003,0.5454569170608192,0.48872754281637365,0.43071285321166314
2018-08-13,22790000.0,24.9,34.7,29.749741414014515,3.699379107874836,0.020000000000000004,0.7290594972802855,0.6562488227202443,0.6224378777483258
2018-08-14,24460000.0,24.3,36.5,27.331817901166865,4.348865569370662,0.0,0.8375279440641433,0.7588779881062971,0.7554289692499807
2018-08-15,20190000.0,25.5,34.0,30.75415145283603,5.911224707162461,0.79,0.7320741579231882,0.6676051698204137,0.6172404562348627
2018-08-16,10660000.0,21.4,29.8,25.074468294193675,6.231478400158098,0.65,0.44393355094886483,0.41155190444399004,0.4177862889215206
2018-08-17,21940000.0,17.7,28.7,18.095944388599445,6.919874188840309,0.0,0.7394639453293615,0.6750191079517156,0.6454299511589028
2018-08-18,21500000.0,17.0,28.6,18.821578479591942,4.875637998970962,0.0,0.6226012204390454,0.5598247812621937,0.5526757162320365
2018-08-19,24310000.0,19.0,31.4,20.988512915881913,3.334230037356446,0.0,0.6752256503347582,0.6017731528681081,0.595840297497266
2018-08-20,23900000.0,21.0,32.2,21.928278659646196,5.01930320704377,0.0,0.7640359964801143,0.6904908699967002,0.6875158305135785
2018-08-21,24420000.0,26.5,33.4,26.702319138198103,7.25209998250868,0.0,0.9511403739586989,0.8729952939231735,0.8097020910647842
2018-08-22,21500000.0,26.4,33.5,27.470367417512605,12.379152095607058,0.16000000000000003,1.1028956357536004,1.034094684862372,0.8781604979310511
2018-08-23,15800000.0,25.0,32.0,30.28986912780368,16.156349857854664,1.8100000000000003,0.8580761732520047,0.8083274193954955,0.6054019139131305
2018-08-24,17760000.0,22.5,31.7,28.051922624745846,10.346888006410445,0.19,0.7109669865046775,0.6559737667471569,0.5563665042036384
2018-08-25,14230000.0,23.2,29.7,27.283469932954954,2.912213488642569,1.25,0.42468592061447213,0.3809804909567699,0.3677474094342631
2018-08-26,6430000.0,20.9,26.0,29.519786866932602,4.318935317688826,1.6,0.15477757706847448,0.13582103414131375,0.10573194105453398
2018-08-27,6650000.0,23.7,27.3,30.915416338972598,4.893596149980063,1.4300000000000002,0.20226493991512248,0.18209115489046201,0.16006374537395246
2018-08-28,14010000.0,24.2,30.7,30.547889346148576,4.761903042579988,0.1,0.4543637419442712,0.4107961033378908,0.37452686441243
2018-08-29,19620000.0,24.4,30.0,29.379614906768285,8.057223752750048,0.36000000000000004,0.6626238061762175,0.6017963506328146,0.4845072046911751
2018-08-30,13960000.0,24.1,29.1,30.823174906098448,6.060875965571637,2.0100000000000002,0.43214509858828276,0.3891873594373011,0.3209870869295815
2018-08-31,5170000.0,21.4,26.3,28.143976301953586,3.5467348242974768,5.510000000000001,0.15088419998047317,0.13555373678380575,0.13408365651418835
2018-09-01,12940000.0,18.7,27.1,21.34227699765084,4.734965816066335,0.21000000000000002,0.4104047125413858,0.37256521949392546,0.37478823304217723
2018-09-02,8060000.000000001,21.1,25.3,24.11641280460688,3.7173372588839375,0.9300000000000002,0.25661169129973566,0.23293687866236884,0.23360595059363112
2018-09-03,7080000.0,22.7,26.5,29.74229920213391,8.820445170636846,2.9600000000000004,0.21382888789733284,0.19261146364177142,0.14367757423946254
2018-09-04,19320000.0,17.1,29.3,20.41387408664164,6.246443525999015,0.22999999999999998,0.6051422256159533,0.5483931710062849,0.5342875138146039
2018-09-05,20420000.0,20.1,28.3,18.465444358305692,5.270717321171187,0.0,0.6540415600212364,0.593188201727312,0.5967712720117507
2018-09-06,7600000.0,20.5,25.2,22.55167215941733,4.345872544202478,0.5700000000000001,0.2743945831337681,0.2521871381983104,0.26198557778724
2018-09-07,5510000.0,18.3,23.4,21.104021706546835,3.9717443981795366,0.45999999999999996,0.19311324929241286,0.17751191403286934,0.1911106486911123
2018-09-08,7730000.0,18.0,23.0,17.567925658485294,5.914217732330644,0.010000000000000002,0.34431428964429045,0.32255396847963635,0.3335808796227805
2018-09-09,14730000.0,16.8,25.1,18.58349393612604,7.102448724099505,0.020000000000000004,0.482639855156547,0.4408638603719579,0.41073159186850106
2018-09-10,21540000.0,15.4,24.4,15.344923561798897,7.09945569893132,0.0,0.6327575454655663,0.5727356848935462,0.5253175647627801
2018-09-11,16059999.999999998,16.9,23.9,16.866804055349878,7.353862838226919,0.0,0.5344438402534955,0.489309958817495,0.44841805478416497
2018-09-12,15890000.0,19.1,26.2,20.808117020135903,5.501180259121318,0.03,0.47630722072252973,0.43001614909150837,0.4076300556482253
2018-09-13,4780000.0,20.1,23.6,24.048338697938945,4.235130612979687,1.2400000000000002,0.1543709492264447,0.1406168480486567,0.14335790990160566
2018-09-14,7280000.0,20.6,24.8,25.145074018676734,5.180926566125681,0.8800000000000001,0.2188719895937536,0.19764767047919216,0.18316422863648066
2018-09-15,8350000.0,21.8,25.9,25.742429948897932,2.5350923174514453,0.16000000000000003,0.2340669122213023,0.20930687978567888,0.21001251059001644
2018-09-16,15070000.0,20.3,28.3,22.429256943210262,4.654154136525381,0.04000000000000001,0.4657675908030375,0.4207943742648645,0.42242088441470527
2018-09-17,16149999.999999998,17.7,27.5,21.23671270191245,3.2534183578154914,0.020000000000000004,0.4092195176771165,0.36220672439089024,0.36664933117147325
2018-09-18,18390000.0,18.6,27.2,20.031453120162574,3.2055299551245544,0.0,0.4650650037843163,0.411288475411612,0.41614089754538375
2018-09-19,10780000.0,20.9,25.9,24.042158480793113,3.1815857537790864,0.7400000000000001,0.2975725211269544,0.2658148191321915,0.2629537349366303
2018-09-20,5820000.0,19.3,24.5,22.238064482612195,4.22016548713877,0.30000000000000004,0.20883414225848912,0.19207434824394531,0.20768008580394745
2018-09-21,4230000.0,15.7,21.9,21.549168181791373,4.621230859675362,2.91,0.09369611295333388,0.08213556531314825,0.08311859570638169
2018-09-22,17610000.0,14.2,26.5,16.335147673585666,4.1064305307477955,0.0,0.4562253069374743,0.4067770573958063,0.4348774253265887
2018-09-23,18500000.0,14.6,25.5,16.388085155606603,4.6122517841708115,0.0,0.4675405779869052,0.41585703083395514,0.431254016179696
2018-09-24,12610000.0,11.8,21.5,12.058537916848639,5.737629247407816,0.0,0.4085107051408953,0.37542544244567744,0.3993554235084139
2018-09-25,18370000.0,15.0,23.7,13.90662568585703,7.0425882207358335,0.0,0.5767230275321347,0.5260225140312389,0.514128974711607
2018-09-26,9410000.0,13.8,21.7,13.465400652352969,7.9584539221999915,0.0,0.43790412873931245,0.4126817174939917,0.40796137441047
2018-09-27,16280000.000000002,13.2,22.6,13.754371773398397,7.114420824772238,0.010000000000000002,0.4930252633416168,0.4492648246783988,0.4374466935255324
2018-09-28,12340000.0,15.0,22.6,15.878306007416967,6.141687645112592,0.06,0.3846466522444577,0.3509215558189517,0.35134680777336263
2018-09-29,2370000.0,16.8,17.9,18.991834535976032,5.887280505816992,1.8600000000000003,0.06700661171093601,0.06070249787762226,0.07612477376842615
2018-09-30,13130000.0,10.2,24.7,12.334591523889404,9.101789536446098,0.03,0.6872229621831766,0.652230355034457,0.5390393622204925
2018-10-01,18260000.0,10.3,20.1,11.761498065359303,7.641193254372539,0.010000000000000002,0.47793820556638844,0.43143514173523057,0.4006999354454551
2018-10-02,18760000.0,10.0,21.2,12.41398316951154,3.331237012188263,0.0,0.3565118021361212,0.30833194068221,0.3362994492760152
2018-10-03,19470000.0,11.5,22.5,13.116238083737668,4.411719097902515,0.0,0.41946984602757525,0.3680315394328578,0.3924705942637125
2018-10-04,12240000.0,16.6,23.5,17.320608373527328,6.408066885080926,1.7100000000000002,0.3941010344512087,0.35990608217271636,0.35870954717106596
2018-10-05,2630000.0,18.3,23.1,22.892812505161043,12.714370914443611,6.56,0.14128500075376554,0.1338567086268389,0.12570249958703403
2018-10-06,7280000.0,14.8,23.5,19.17864480106707,8.497198452473025,3.35,0.2570526484445073,0.23703118436269804,0.23411508017198948
2018-10-07,17900000.0,12.6,25.1,13.225630160821535,5.875308405144259,0.0,0.5185990831309106,0.46963437232292815,0.5006119425756484
2018-10-08,16960000.0,12.3,21.2,11.224625001755179,4.938491527502816,0.0,0.428253821889077,0.3836668901091516,0.42093543944590833
2018-10-09,9000000.0,13.0,19.7,14.075813060059572,2.8254157587652475,0.0,0.21358059225225418,0.19010847238223588,0.21953171376349156
2018-10-10,11730000.0,9.4,19.4,9.150701766036088,7.386786115076939,0.0,0.45542239265624207,0.42606069250623724,0.4408277480126787
2018-10-11,18320000.0,5.3,15.9,6.941520579172738,6.865999735813006,0.0,0.4388300898947364,0.39694419270056536,0.39721955095993855
2018-10-12,18190000.0,7.4,16.8,8.920408723686304,5.267724296003003,0.0,0.36450673625246616,0.32132856673223176,0.33779525329975585
2018-10-13,13680000.0,7.8,19.8,11.057816969007131,4.0585421280568585,0.0,0.28316058751750484,0.24937176313227832,0.2947787188904464
2018-10-14,15540000.0,10.1,20.4,12.211222480275866,3.6634628058566343,0.0,0.30268734019504606,0.26306940871376494,0.3006945551909867
2018-10-15,17040000.0,8.9,20.3,11.400064955929238,4.441649349584351,0.0,0.3349313817962264,0.29209116359913545,0.331083366973706
2018-10-16,8560000.0,9.4,18.2,12.211222480275866,4.764896067748171,0.020000000000000004,0.21837309177157196,0.19723037709777524,0.22425204480697514
2018-10-17,15450000.0,9.0,20.3,11.834318320195635,4.166291034111466,0.0,0.3012162495862499,0.26233119397547094,0.30348372710020294
2018-10-18,15930000.0,8.6,19.0,10.424063395748568,7.464604769449711,0.0,0.40750630723771886,0.3681601104207117,0.3710088069374895
2018-10-19,16100000.000000002,6.7,19.3,9.724354957576251,6.9498044405221435,0.0,0.40707676483998184,0.36803330394494177,0.3748854900217844
2018-10-20,16770000.0,6.4,19.7,9.259775345737173,3.310285836010978,0.0,0.311664430572577,0.27094878688283536,0.3177877104387822
2018-10-21,16440000.000000002,6.7,20.3,10.096241120688008,3.178592728610903,0.0,0.3014884485236221,0.2611579079979336,0.30398081157387474
2018-10-22,10060000.0,9.6,19.4,13.465400652352969,2.5291062671150786,0.04000000000000001,0.17650050924140354,0.1512638029509829,0.18609597433398947
2018-10-23,14330000.0,8.1,20.4,11.735115863857255,4.875637998970962,0.0,0.2944550041347246,0.2587034953433645,0.30074171253406273
2018-10-24,16050000.0,6.7,19.2,9.399759775195136,4.606265733834444,0.0,0.3230524983394766,0.2841756923517604,0.33415603151586193
2018-10-25,15610000.0,8.0,19.6,10.890109222211365,2.8733041614561836,0.010000000000000002,0.24791137253971293,0.20935555757967012,0.26574890428203346
2018-10-26,5480000.0,5.3,18.0,12.996825952484532,5.414382529243996,0.42000000000000004,0.09824864184368558,0.08538297393532722,0.1222630771642597
2018-10-27,9950000.0,4.3,15.0,7.497371868774411,6.743285703917482,0.020000000000000004,0.2981830664758265,0.2759954059390911,0.2996596096900713
2018-10-28,12500000.0,6.6,16.0,9.378103071593337,6.509829740799166,0.03,0.2844290156189403,0.2553365025519323,0.2731574220598981
2018-10-29,11710000.0,4.1,17.0,8.014127874955337,7.383793089908755,0.04000000000000001,0.36273092440427096,0.3359923323918628,0.33819510234684963
2018-10-30,15180000.0,3.3,13.4,5.916237008992752,6.351199406885439,0.0,0.33155141732843574,0.2988920329987225,0.3263951734615925
2018-10-31,14790000.0,2.0,14.9,6.824195608645861,5.168954465452947,0.0,0.28331822966958464,0.2514079969093441,0.2851028410500756
2018-11-01,14970000.0,2.4,14.7,6.746955555786604,4.69605648887995,0.0,0.2586537690418237,0.22626426840871922,0.27808202558486944
2018-11-02,14550000.0,2.6,16.9,6.822153010215973,3.115739200079049,0.0,0.25863367851620217,0.22610143520736176,0.27388451289249266
2018-11-03,14350000.0,3.4,18.0,7.777135090018612,2.7655552554015768,0.0,0.2424043321278891,0.20951067200060267,0.25838749037679076
2018-11-04,14400000.0,4.4,19.2,7.679094351328477,3.507825497111091,0.0,0.3064950324856227,0.27256239712039015,0.3153005983257667
2018-11-05,13920000.0,6.4,19.2,10.021451030589162,3.630539529006615,0.0,0.23972576956397385,0.20612667246606434,0.26688734550186716
2018-11-06,12960000.0,10.4,19.9,12.577616664501068,3.6933930575384695,0.0,0.2278543419966225,0.1948838974680714,0.24767416486453095
2018-11-07,6150000.0,11.6,19.3,14.336911994219786,3.3970835658883005,0.26,0.14438105822791852,0.12863594318221722,0.16724031286254254
2018-11-08,3390000.0,8.9,18.1,16.11183312542724,7.979405098377277,2.45,0.04933291608069266,0.0410165819941912,0.03397990824220314
2018-11-09,9230000.0,5.5,16.5,9.50323211448557,5.911224707162461,0.0,0.2189334358433208,0.1976133908708938,0.2418757334066167
2018-11-10,13400000.0,5.4,17.7,9.273155075403169,3.7771977622476083,0.0,0.21093569945300517,0.17955359438803195,0.24697841744861004
2018-11-11,10530000.0,9.3,17.1,10.850071075500583,3.612581377997514,0.13,0.19016876176401648,0.16451402370689477,0.21542817720860424
2018-11-12,9420000.0,7.9,16.1,9.825330295322853,6.321269155203603,0.0,0.24568256120952509,0.22337623338283122,0.25498739688077365
2018-11-13,8000000.0,5.6,15.9,9.478635230564722,5.701712945389614,0.010000000000000002,0.19702996823826857,0.1786684950392784,0.22199263460739674
2018-11-14,11900000.0,4.1,15.8,9.206426411277459,4.537426154966223,0.0,0.1754926885444956,0.14874360535381453,0.20532209828927428
2018-11-15,11770000.0,5.5,15.9,9.193131581156237,2.582980720142382,0.0,0.14754390876918405,0.1205642307414377,0.18170717132375294
2018-11-16,5150000.0,4.7,14.5,9.302650471778687,4.387774896557047,0.08000000000000002,0.13204274464999202,0.12057408721619571,0.16372994845367486
2018-11-17,12570000.0,4.1,14.3,6.924947170819053,5.863336304471525,0.0,0.2567254354040581,0.22903480258871295,0.2836603890312689
2018-11-18,3830000.0,4.9,10.8,4.8704343807893,6.087813192085289,0.0,0.2984134997237283,0.2902901932159764,0.3108406610138411
2018-11-19,12300000.0,1.2,13.5,6.096895875376132,4.7948263194300065,0.0,0.211547158667595,0.1858365662714269,0.2509214512613009
2018-11-20,12640000.0,0.8,12.5,4.672479615482783,3.2085229802927384,0.0,0.17598406308209852,0.15010888911150727,0.2378728867443997
2018-11-21,8189999.999999999,2.4,13.7,6.261558639281385,6.4469762122673115,0.0,0.25593690064673347,0.23846606268930773,0.28494672563125184
2018-11-22,12490000.0,-1.7,7.6,3.5180722444780095,7.1742813281359075,0.0,0.27590740107229306,0.2532363292029689,0.2685646592103405
2018-11-23,11910000.0,-2.6,8.0,3.2366350194602482,4.827749596280026,0.0,0.20652498060911734,0.18509487146547654,0.24300870436806873
2018-11-24,4940000.0,-0.7,8.4,6.498297256267586,2.3495247570240667,0.21000000000000002,0.06706956012390365,0.05782216219833529,0.09283697908444052
2018-11-25,10020000.0,0.6,12.1,7.052207141709102,4.306963217016092,0.0,0.13174094842345052,0.11141552830145782,0.16796906792712568
2018-11-26,11560000.0,2.4,13.5,6.83032664602823,2.1819153476057895,0.0,0.11607101869208036,0.09148193887094797,0.1634351809274023
2018-11-27,11730000.0,4.1,15.7,7.457508524499863,4.4296772489116165,0.0,0.19618679538872402,0.1698547861338991,0.25378495092725306
2018-11-28,10490000.0,0.1,13.5,5.091526406756155,5.875308405144259,0.0,0.29120067959313706,0.2696293701947364,0.3001919955535702
2018-11-29,11030000.0,1.3,12.9,5.007014336141731,3.630539529006615,0.0,0.17674236553365613,0.15385627555455805,0.24300314257441044
2018-11-30,11300000.0,3.8,12.9,5.3428106056482605,4.851693797625493,0.0,0.2319834881435273,0.20767182523669203,0.28557045026320976
2018-12-01,6090000.0,2.4,12.0,6.299525719345672,4.369816745547945,0.0,0.16478258361676,0.15210893851729926,0.2065274952832878
2018-12-02,9300000.0,6.7,16.3,11.371192555760334,3.430006842738319,0.66,0.10927985918225716,0.08752675312909303,0.1389121954597543
2018-12-03,4050000.0,12.1,17.4,16.04666417893889,2.7176668527106402,0.86,0.05944691642392842,0.04923163092339105,0.07316907002185745
2018-12-04,2009999.9999999998,0.6,14.0,6.916673582075101,9.936843558369302,0.77,0.3151295520737285,0.3109342485339769,0.2723385296596514
2018-12-05,11110000.0,3.6,11.3,6.494385457708881,6.351199406885439,0.16000000000000003,0.21331596232746772,0.19002451269539586,0.23089261945384063
2018-12-06,5840000.0,-3.3,7.4,5.12314620861614,10.002690112069338,0.17,0.19079547409821848,0.18052738140917476,0.17056100878973007
2018-12-07,8530000.0,-6.3,-0.4,1.7517738957684168,11.152011776651813,0.0,0.339495664018718,0.3273834444904427,0.22986464168066428
2018-12-08,10370000.0,-5.8,0.0,1.943133502542669,8.039265601740949,0.0,0.246614128991352,0.23160188354435646,0.20741224164247649
2018-12-09,11110000.0,-4.9,1.3,1.170372780556754,7.668130480886189,0.0,0.3082311071578049,0.29138949462618796,0.27414571762323264
2018-12-10,11060000.0,-2.7,7.8,2.7176446312614813,5.240787069489351,0.0,0.22045276490632243,0.20065697522791112,0.26412715376852725
2018-12-11,2240000.0,-2.0,4.9,6.182485572420269,8.581003157182165,0.39,0.06534227779436895,0.061488826873988454,0.06338716129143318
2018-12-12,11210000.0,-5.0,3.5,2.854278190162281,7.796830563118081,0.0,0.2239525660403781,0.20622302605780912,0.2069273644251536
2018-12-13,8670000.0,-5.1,6.5,3.267358197084412,7.751935185595328,0.0,0.23468109026637513,0.22017706578752297,0.2327747904617759
2018-12-14,11170000.0,-4.8,3.5,2.3506834537843466,7.24312090700413,0.0,0.2420148765271422,0.22427847048048477,0.23210307456751567
2018-12-15,10890000.0,-3.3,7.6,1.5086914838633054,2.45428063791049,0.0,0.1319907221292619,0.11277466824217323,0.20862198161079962
2018-12-16,2250000.0,-3.3,2.8,4.601366223635493,3.5646929753065772,0.27,0.06996823712186476,0.06633897148144888,0.08559342070239136
2018-12-17,10220000.0,-3.8,7.7,4.135092139590845,5.593964039335008,0.0,0.16010244968503887,0.14219792505855705,0.19318835801700485
2018-12-18,7690000.0,-1.2,7.8,4.688577036079294,4.690070438543582,0.0,0.1449811562286784,0.13085273993173538,0.1770816885988961
2018-12-19,10370000.0,2.8,12.0,6.52966668471278,3.3940905407201174,0.0,0.1272051312018449,0.10549691670297752,0.1778793087226858
2018-12-20,5350000.0,-0.8,11.8,6.557224635223161,3.8400512907794626,0.0,0.11237859659523548,0.10180947446657293,0.15449209600195268
2018-12-21,9370000.0,2.1,14.8,8.02826495420987,3.5227906229520087,0.0,0.1225084985812234,0.10229221183589184,0.17166063186357383
2018-12-22,9300000.0,6.0,13.9,8.554574939144826,3.920862970320417,0.5599999999999999,0.13898028747720917,0.11807554179037436,0.18096215998491144
2018-12-23,8700000.0,-3.7,10.1,3.3263386038844747,9.440001380450836,0.03,0.44475618770975045,0.4288270905864359,0.3338611577495659
2018-12-24,11260000.0,-3.6,4.5,2.28638674552283,6.9946998180448965,0.0,0.25959339964707256,0.2409342489185951,0.25720397396115385
2018-12-25,8210000.000000001,-0.1,7.3,3.6204809523344963,3.8610024669567466,0.020000000000000004,0.16195968693649482,0.14672045967257683,0.20611139373928328
2018-12-26,7790000.0,-5.8,8.0,1.9932792044160617,9.921878432528384,0.0,0.5192661668774489,0.5060374544106592,0.35744201282637733
2018-12-27,11110000.0,-8.7,-1.6,1.2176457818490343,12.31330554190702,0.0,0.36949012864863795,0.35492907294560083,0.23447986331551346
2018-12-28,11150000.0,-6.7,-2.0,1.4273259087213674,11.822449414324922,0.0,0.3561655105420218,0.3410137941753656,0.22940660352866016
2018-12-29,11230000.0,-6.4,-1.2,1.7481124175123295,12.031961176097768,0.0,0.34378734066111627,0.3281508245540917,0.22130631170245302
2018-12-30,11190000.0,-5.3,1.5,1.4462611360631354,6.506836715630983,0.0,0.2475245321474555,0.23063136304560303,0.24258287598360134
2018-12-31,8080000.0,-3.8,6.1,1.6413937467737776,7.383793089908755,0.0,0.3364843436359659,0.32273763067713934,0.32470699464043695
2019-01-01,10580000.0,-4.6,4.8,3.174920238204327,8.69473811357314,0.0,0.2483812082714401,0.23108240313939094,0.2203619144913039
2019-01-02,11250000.0,-4.1,3.9,2.3947063308039698,8.150007532963738,0.0,0.28202459765594223,0.26377204618100564,0.2519622597730242
2019-01-03,11260000.0,-4.6,4.7,1.8661411526708873,5.770552524257836,0.0,0.23560854324397953,0.21723338172721843,0.25718595142696554
2019-01-04,8660000.0,-0.5,7.7,2.406839234387054,5.339556900039408,0.0,0.2624027576990934,0.24632825001267075,0.2977278481461021
2019-01-05,9850000.0,-2.9,6.2,2.1543788039602743,8.350540219232034,0.0,0.3527819938891274,0.3357125607894558,0.31874657433441367
2019-01-06,10590000.0,-3.8,7.5,2.34038391859279,5.659810593035044,0.0,0.2447341269216016,0.22624837263054792,0.28018281068405293
2019-01-07,11260000.0,-1.4,5.9,2.8941489798995845,7.213190655322294,0.0,0.28097469892955035,0.2610345460474014,0.27145715794630687
2019-01-08,11110000.0,-5.4,6.0,2.0347811523422257,9.6465201170555,0.0,0.3731455626997927,0.3548401028949265,0.3154514906970345
2019-01-09,9510000.0,-3.6,4.4,2.7257841822208535,4.121395656588713,0.0,0.1600760021462166,0.14434680776707115,0.1915216780155652
2019-01-10,10880000.0,-2.2,7.0,3.3425874005547027,7.311960485872351,0.0,0.26641363613944175,0.24704321331164594,0.26055289013053284
2019-01-11,10980000.0,0.7,9.9,5.8072942741267095,4.235130612979687,0.41,0.14364584724557256,0.12209176372841479,0.17762403940659158
2019-01-12,4019999.9999999995,-1.1,6.9,6.102445704504758,6.737299653581114,0.08000000000000002,0.10902793420014101,0.10174378134490736,0.11285882926435517
2019-01-13,8870000.0,-3.2,9.7,4.166667381663488,5.564033787653172,0.0,0.21999025331683733,0.20372189102254282,0.2352663585714143
2019-01-14,11260000.0,-2.1,9.7,4.063531174502699,3.8610024669567466,0.0,0.16304035971441555,0.14199777126465352,0.21460353831335546
2019-01-15,11650000.0,-6.5,9.0,3.1306025826633714,9.583666588523647,0.0,0.47942340883330914,0.4595293266311609,0.30297869325641236
2019-01-16,12300000.0,-4.8,2.8,1.9850699344639946,7.425695442263325,0.0,0.27760522001776367,0.25834462209272807,0.24956895092287912
2019-01-17,10070000.0,-2.9,5.3,3.3807757006720913,6.749271754253848,0.0,0.22707112177019956,0.2099069469878017,0.21909678933774415
2019-01-18,12270000.0,-2.7,8.5,3.6993120217232063,4.603272708666261,0.0,0.18785497307965998,0.1656219990662976,0.22618901394232555
2019-01-19,11470000.0,0.8,10.4,5.715830080295424,3.711351208547571,0.09000000000000001,0.14975295949432482,0.1270219049185469,0.18524213480521196
2019-01-20,12410000.0,-4.3,6.7,2.515991015347551,9.873990029837447,0.0,0.3833806529417251,0.36222798074216633,0.3146263844117184
2019-01-21,12680000.0,-4.0,7.6,3.4182433954962574,6.0339387390579855,0.0,0.22478331129562,0.20268937960031255,0.24061731881360485
2019-01-22,12690000.0,-3.3,9.1,4.016010234823407,4.9354985023346325,0.0,0.20125341236706412,0.17825940745837882,0.22682454426460982
2019-01-23,12670000.0,-3.4,10.7,3.6957499626321635,6.408066885080926,0.0,0.33745727235346956,0.3138995280751735,0.2965091100182359
2019-01-24,13190000.0,-2.4,8.7,2.2388167391768006,4.585314557657159,0.0,0.2475774832549591,0.22346915959412947,0.29584624531292336
2019-01-25,9210000.0,-5.0,7.0,1.8635577192481059,8.479240301463925,0.0,0.3825079052475193,0.3669259954564958,0.34041778982153104
2019-01-26,13530000.0,-5.0,3.3,1.8654949951239046,7.542423423822482,0.0,0.3062202246502931,0.28490631194423,0.26800925878510595
2019-01-27,13650000.0,-2.0,8.6,2.688878791118574,4.1603049837751,0.0,0.22513238050019085,0.20005398226179394,0.26971923238591444
2019-01-28,11580000.0,-4.0,8.9,2.661270465776329,8.308637866877465,0.0,0.41057969079439066,0.3899263966190476,0.339876203677653
2019-01-29,13540000.0,-2.3,8.4,4.063531174502699,3.5916302018202293,0.0,0.16941633674161033,0.1447538223292371,0.2013398735305115
2019-01-30,12180000.0,1.3,11.2,3.420458815301905,6.297324953858136,0.2,0.345684183312554,0.32105288586848657,0.3613864024679571
2019-01-31,2970000.0,-5.8,2.3,3.077743976685527,9.532785160664526,0.68,0.23412475187282342,0.2296132814307683,0.17979475981308385
2019-02-01,14210000.0,-5.6,6.0,3.1224183527275473,6.443983187099128,0.0,0.23575288518322632,0.2124292903059509,0.22858318381143042
2019-02-02,14200000.0,-1.7,9.7,5.55883050896573,4.253088763988789,0.41,0.16705937316130126,0.14034356993253394,0.18364638016713997
2019-02-03,3240000.0,-0.4,15.1,8.884246253469781,7.994370224218195,1.0,0.1637610196991308,0.15698847340940847,0.1707260239335589
2019-02-04,14130000.0,-2.5,7.4,2.2388167391768006,6.94681141535396,0.0,0.35299929193439705,0.3277979925650018,0.33271842538593943
2019-02-05,14270000.0,-1.2,10.5,3.748299778550763,3.5916302018202293,0.0,0.21465604950031972,0.1872250865398142,0.25570263174519575
2019-02-06,14140000.0,2.3,13.8,5.367541407840652,3.4270138175701352,0.0,0.2263438764549281,0.19618054938313317,0.27170460244917205
2019-02-07,9580000.0,-5.0,8.6,2.0417725069914545,10.511504390660537,0.0,0.5960636211892323,0.5793712027632825,0.39052856207055764
2019-02-08,14160000.0,-2.7,6.2,2.743038916510911,5.133038163434745,0.0,0.25723692315269214,0.23260898078564854,0.25923130611385214
2019-02-09,14650000.0,-4.3,2.4,1.4659413428261479,10.795841781637973,0.0,0.47227436768569414,0.44928798350089966,0.3204921017804236
2019-02-10,8210000.000000001,-3.9,6.9,2.9900956190648964,6.958783516026695,0.010000000000000002,0.28667672137133604,0.27252717988914643,0.268439667869663
2019-02-11,15470000.0,-3.8,4.2,2.1056644652171803,8.176944759477388,0.0,0.3681100131155708,0.34271831622947285,0.2948248010288187
2019-02-12,15120000.0,-2.3,6.6,2.817693365769963,6.3122900796990535,0.0,0.31207461242179735,0.28539447148765773,0.2876194975313823
2019-02-13,15720000.0,-1.5,6.6,2.3411747617226,8.224833162168327,0.0,0.42158697113631494,0.3934504599478316,0.3472740364783623
2019-02-14,9400000.0,-0.0,7.6,5.16291536852311,4.6122517841708115,0.0,0.18293192669538338,0.16536528980126583,0.18329954384479535
2019-02-15,9810000.0,-0.2,10.5,4.48873215936358,6.871985786149373,0.0,0.3094944975829992,0.2903292743613821,0.2961521707425821
2019-02-16,15150000.0,-4.1,4.5,2.8827071121191556,8.604947358527633,0.0,0.3363412962009632,0.31147483157107414,0.25650426590085174
2019-02-17,16660000.0,-3.7,7.1,2.274796086151106,6.611592596517406,0.0,0.35324850190217255,0.32432508634724866,0.3217398206353915
2019-02-18,11130000.0,1.2,9.9,4.602807876310766,3.4210277672337686,1.47,0.21354013795575305,0.19151764529046572,0.23423656631373144
2019-02-19,3130000.0,-1.1,8.3,7.252358065552245,6.291338903521768,1.1900000000000002,0.07268007022845874,0.0668702308452598,0.08084336716791898
2019-02-20,14440000.0,-2.0,9.2,4.5999249710685,7.323932586545085,0.0,0.2997057109982314,0.2729024903294158,0.26098892851548583
2019-02-21,16270000.0,0.0,11.0,5.839255234233811,3.9298420458249685,0.0,0.22626357901124433,0.19412159451903138,0.22486852179041392
2019-02-22,13270000.0,0.1,12.1,5.538414691103438,5.246773119825719,0.0,0.2671156228903943,0.24040380340160575,0.26986318865568293
2019-02-23,13560000.0,-2.8,12.6,5.606726588134299,5.872315379976074,0.0,0.3253797956552638,0.2991008840006746,0.26192925744434353
2019-02-24,17410000.0,1.3,14.2,5.914436591060459,3.178592728610903,0.0,0.27223007213994793,0.23541060801253813,0.27657931923965895
2019-02-25,17380000.0,0.9,14.8,5.615317774789532,6.039924789394353,0.020000000000000004,0.4258586479633054,0.38899622835371606,0.35981192518044586
2019-02-26,16739999.999999998,5.4,13.9,6.080273155291583,4.699049514048133,0.020000000000000004,0.343668201087969,0.3063394134110896,0.33956842328857
2019-02-27,6500000.0,3.8,12.7,8.030623272089384,3.828079190106728,0.1,0.16265039529880182,0.14870537767156944,0.17709104369425877
2019-02-28,15680000.0,2.4,14.3,6.690537120766779,5.159975389948396,0.0,0.306650086987205,0.2729149653607292,0.29980192133296796
2019-03-01,18280000.0,0.3,14.4,5.2093897964605915,4.489537752275287,0.0,0.3781195530709796,0.33990901412773133,0.337042906540194
2019-03-02,14770000.0,3.9,14.9,6.826238747342663,4.645175061020829,0.0,0.31006175834870586,0.2773471614517799,0.31134867823367685
2019-03-03,12870000.0,5.9,15.0,6.820110951930224,5.288675472180288,0.06,0.3459436185259928,0.3166323056877665,0.34270475285882773
2019-03-04,12550000.0,1.1,15.6,6.987278253520166,4.345872544202478,0.010000000000000002,0.30525098273468776,0.2782499765859461,0.28097633537364863
2019-03-05,14990000.0,6.5,15.7,7.579904411528873,3.5347627236247425,0.0,0.29960502410340684,0.26489239111670126,0.3046195452320413
2019-03-06,8070000.0,3.2,12.9,7.948444853940867,4.549398255638957,0.22000000000000003,0.19214584184659161,0.17493098686290104,0.19556490162703008
2019-03-07,17250000.0,-0.5,15.0,5.57418604272615,6.225492349821731,0.020000000000000004,0.4849348054553902,0.4489834289502125,0.36394173586901635
2019-03-08,19200000.0,1.1,15.2,6.578949363126222,3.7053651582112033,0.0,0.3408779373695751,0.29980351344038286,0.3042041939376254
2019-03-09,15440000.0,6.2,15.5,8.163668566513238,4.902575225484614,0.45,0.3340129245996689,0.29848450908846236,0.3122891119705802
2019-03-10,2570000.0,0.0,8.7,8.166061941533124,7.88063526782722,2.1,0.03897081733717575,0.03407901244570671,0.05359054385427906
2019-03-11,16830000.0,3.7,15.2,7.694979746017665,5.468256982271299,0.12,0.34064616617101895,0.3033183091027543,0.310002780925799
2019-03-12,18640000.0,-3.1,14.5,5.387398940806475,9.18858726632342,0.12,0.5966470259142491,0.5595902322041488,0.3773485616039157
2019-03-13,17040000.0,-3.4,10.1,2.9861648576247033,9.278378021368926,0.0,0.5843142324425978,0.5529537827298794,0.39277819347706255
2019-03-14,19850000.0,1.2,13.3,4.546879027794746,4.38178884622068,0.0,0.3767027022835411,0.33533256758048147,0.3622465315430216
2019-03-15,16379999.999999998,0.2,12.6,6.176871429173642,6.168624871626244,0.13,0.3368765206914611,0.3035990991353365,0.2862064110355731
2019-03-16,16840000.0,0.0,13.6,5.981375736266893,5.004338081202852,0.0,0.35641671150239507,0.32178745980848966,0.3034578096429798
2019-03-17,20350000.0,1.0,13.7,5.390714843179271,4.860672873130044,0.0,0.39780860333736656,0.3552711598201291,0.3505981965790027
2019-03-18,14040000.0,3.8,13.9,7.65871280754123,4.582321532488976,0.0,0.28742841127520286,0.25679593433117803,0.26495721101274466
2019-03-19,20710000.0,4.9,20.4,6.824195608645861,4.785847243925456,0.0,0.5984818086728275,0.5486700905933796,0.4901783972722046
2019-03-20,10310000.0,11.0,17.6,12.721906239820528,9.050908108586977,1.54,0.345459683343476,0.31970915058226085,0.2695488265178455
2019-03-21,17470000.0,2.3,19.3,7.47520240580001,10.212201873842186,0.0,0.7905426098254603,0.7503943688916893,0.49428723462394775
2019-03-22,21490000.0,2.0,12.2,3.69456328621267,9.559722387178176,0.0,0.6481254034036705,0.6035359134987914,0.4827698815363485
2019-03-23,19620000.0,-2.6,11.7,3.927452297775453,7.862677116818118,0.020000000000000004,0.5641927026883355,0.5266007879768039,0.38181751211875864
2019-03-24,22030000.0,-0.6,12.7,4.638979509135084,5.013317156707404,0.0,0.4375506885128905,0.3932739837061185,0.3595680818720825
2019-03-25,15960000.0,0.5,13.4,6.1956027876212465,4.025618851206841,0.0,0.31165694800521115,0.2786893589560103,0.2818947521647761
2019-03-26,21930000.0,7.0,18.8,5.84637876198776,5.0701846349028905,0.0,0.5436321526949075,0.4905747239222178,0.5271922222839909
2019-03-27,20620000.0,7.4,19.7,8.099280923789077,7.2820302341905165,0.0,0.6035611852324079,0.5529185849721994,0.5185929589513807
2019-03-28,17760000.0,7.9,18.9,9.746714566306458,4.606265733834444,0.30000000000000004,0.40619582004841537,0.3627266059585429,0.37371295347056044
2019-03-29,14900000.0,6.3,18.3,10.235607520824425,5.055219509061973,0.12,0.34102560657417985,0.3054859533902817,0.31306749162131764
2019-03-30,18880000.0,2.7,16.1,5.553720321706801,10.10445296778758,0.0,0.7350651581641102,0.6932471764840855,0.5026696738751119
2019-03-31,20990000.0,-0.9,12.6,3.4404550392632127,9.60461776470093,0.0,0.7266956277248057,0.6847706185119595,0.47625361526514487
2019-04-01,20200000.0,0.1,11.3,3.8063820997905013,8.736640465927708,0.010000000000000002,0.5612651964780098,0.5211070831226436,0.42247032379457616
2019-04-02,23520000.0,0.4,14.3,3.439341420937335,6.201548148476262,0.0,0.6408327931169613,0.5916691237545326,0.4901964633662354
2019-04-03,23680000.0,0.5,14.6,3.9362294522039174,4.4326702740798,0.0,0.5306806508777022,0.4808915137455796,0.43687778471365074
2019-04-04,23460000.0,4.3,19.6,5.204564984004578,5.950134034348847,0.0,0.776980494482262,0.7214953986380942,0.5856536224449002
2019-04-05,22470000.0,3.2,21.6,5.97410691604064,7.623235103363438,0.0,0.9188229989982035,0.8650986631650861,0.6460031463108377
2019-04-06,22690000.0,6.5,20.3,7.04169883366375,4.561370356311692,0.0,0.5956234441687638,0.5400876070235381,0.514588178010463
2019-04-07,11960000.0,4.9,18.8,9.99853708049126,4.049563052552308,0.04000000000000001,0.3125056051373164,0.28428810899562534,0.2883219586166311
2019-04-08,22540000.0,5.7,21.4,5.874949797622167,5.605936140007742,0.0,0.7992072656933243,0.7438491565825046,0.6118038506313174
2019-04-09,16160000.0,5.3,15.8,7.553049661563044,10.831758083656174,2.19,0.5805844070565729,0.5436846933998252,0.4206877923200638
2019-04-10,7450000.0,3.6,11.2,8.011773831816228,6.159645796121694,0.0,0.2122744747717656,0.19667889154933912,0.1814848323105565
2019-04-11,14620000.0,5.1,15.2,7.424432130802796,3.5227906229520087,0.0,0.32511965787328156,0.29208260336460545,0.30807180093682296
2019-04-12,17780000.0,4.1,17.1,6.331957594643724,4.860672873130044,0.0,0.47797030619156605,0.43731903697145896,0.4241176375074721
2019-04-13,17910000.0,8.5,17.9,7.200784626965841,4.956449678511916,0.0,0.4984882646773133,0.4548532828536618,0.4643032818274383
2019-04-14,10450000.0,1.4,15.4,7.4641393922475,6.324262180371788,0.1,0.3564987414249914,0.3339840542830614,0.2955462953203
2019-04-15,24720000.0,4.4,20.5,6.043477174239514,4.262067839493339,0.0,0.686319701192801,0.6271451011955571,0.5395211959576087
2019-04-16,21590000.0,9.3,23.0,6.985192593844077,3.4150417168974014,0.0,0.5921259765137414,0.5360465756302306,0.5535776997330627
2019-04-17,19580000.0,9.7,22.5,9.413317583997715,3.2444392823109407,0.0,0.4925492786998874,0.44174255224327047,0.46727282252339075
2019-04-18,22750000.0,11.8,23.8,12.207811107848416,6.482892514285514,0.0,0.6495130741550547,0.5884766065590685,0.5626565215793882
2019-04-19,11620000.0,5.4,16.3,8.639737630540507,4.791833294261823,0.0,0.3169423534435226,0.29020399928288665,0.2993423041058022
2019-04-20,23860000.0,9.4,21.9,10.633679044151481,3.917869945152234,0.0,0.5453040099400165,0.4839624007672185,0.4771630938035291
2019-04-21,14100000.0,11.2,24.3,14.558397243222299,3.193557854451821,0.0,0.37535997785311837,0.337566566741639,0.3528068469964555
2019-04-22,23120000.0,11.2,25.0,11.89752737409473,4.878631024139145,0.0,0.6717234897350142,0.6093438723767416,0.5671024716272506
2019-04-23,8610000.0,14.5,22.4,15.386673314426945,4.202207336129669,2.41,0.3041195232587096,0.280738068773122,0.30394713585546385
2019-04-24,8950000.0,14.5,22.4,17.751885697391014,4.312949267352459,0.13,0.26046974267925777,0.23616497872501743,0.2390991445899055
2019-04-25,6810000.0,12.1,17.2,12.431301554808279,3.172606678274536,0.26,0.215815619836684,0.19867599338300085,0.2159271330293163
2019-04-26,6370000.0,6.4,14.6,10.498504640262674,7.877642242659037,0.5700000000000001,0.2243464026255108,0.20981996257842583,0.18755088920489352
2019-04-27,24440000.0,8.5,18.0,8.425757839830409,3.944807171665886,0.03,0.5250690330719543,0.4654559032625742,0.45019989263818383
2019-04-28,12830000.0,7.9,16.8,9.340309627880762,3.6006092773247804,0.13999999999999999,0.3236739042162945,0.29303489923382986,0.3033637962417281
2019-04-29,3620000.0,11.5,14.2,13.971780582535079,5.26473127083482,3.14,0.09246566132709046,0.08371769539987325,0.08903634281362874
2019-04-30,17020000.0,11.8,21.0,15.006308911627539,3.5557138998020275,0.0,0.376820395724456,0.3323872855496243,0.3116697998139234
2019-05-01,18860000.0,9.0,22.5,11.81110534249945,5.100114886584726,0.0,0.5308283675751511,0.4822405410004659,0.44576115690579865
2019-05-02,26220000.0,8.0,23.8,9.78033890471667,4.462600525761634,0.0,0.7394232276634178,0.6716649012704926,0.5742985510855817
2019-05-03,26360000.0,9.1,25.6,10.471652049682204,3.516804572615641,0.0,0.7157504209756745,0.6456337793528263,0.5827244073465223
2019-05-04,24660000.0,12.8,26.8,11.994576882851018,3.9986816246931887,0.0,0.7181775174128612,0.6495800559158378,0.6213250710434334
2019-05-05,23610000.0,11.3,27.0,12.092321945728123,4.309956242184276,0.0,0.7537377476178941,0.6888054994075206,0.6118509013610955
2019-05-06,23890000.0,6.9,21.6,10.459736988645881,5.228814968816617,0.05,0.6278282048896215,0.5682257244272634,0.4788564753390987
2019-05-07,26420000.0,7.3,20.9,8.381567624504106,3.1247182755835996,0.0,0.5824427503723706,0.5167470933621662,0.496341264480696
2019-05-08,22540000.0,10.4,23.3,8.318098217078223,4.896589175148246,0.0,0.6904342320388078,0.6310605361802188,0.6228617139106382
2019-05-09,24050000.0,10.4,24.8,7.642893521875385,5.150996314443846,0.0,0.8422208261589482,0.7779411750037312,0.7069335512493302
2019-05-10,24800000.0,11.2,26.6,9.356490350792235,4.01663977570229,0.0,0.7999420970457749,0.7320415794114771,0.6683164502511293
2019-05-11,25950000.0,10.9,28.1,9.828148301036835,4.043577002215941,0.0,0.8525206171625571,0.780710515423554,0.7057131998049782
2019-05-12,24610000.0,9.8,26.9,10.113570020501738,5.085149760743808,0.0,0.8737057206406108,0.8069973047969718,0.6906364652220509
2019-05-13,21170000.0,15.6,25.4,14.293755390539381,4.100444480411428,0.020000000000000004,0.5970528205784291,0.5374582540770414,0.5403918383071122
2019-05-14,20590000.0,15.7,25.4,18.178028199911214,3.0888019735653973,0.63,0.5039364072400121,0.44592608944869416,0.42368575595758823
2019-05-15,20210000.0,15.1,26.7,15.13354260112157,4.342879519034295,0.04000000000000001,0.5909325709416462,0.5336616940799922,0.5452885482432245
2019-05-16,22310000.0,14.7,29.2,14.002534379234069,4.372809770716129,0.0,0.7665566609267592,0.7022603798170752,0.6607766592242413
2019-05-17,18430000.0,16.6,28.0,15.673224994421043,8.410400722595705,1.1500000000000001,0.7803851228489885,0.7269810970016436,0.6969614248768721
2019-05-18,6600000.0,17.1,20.7,17.823087875910627,8.93418012702782,1.21,0.3227442134882289,0.30467391444039155,0.26255811095802273
2019-05-19,8810000.0,17.9,23.3,20.010392690916696,10.691085900751549,0.6000000000000001,0.402829766094999,0.37798773665127816,0.3058188288608426
2019-05-20,15530000.0,8.0,22.1,10.555392616277262,6.845048559635721,0.12,0.6038045312860788,0.5643800261793548,0.48196939659312354
2019-05-21,27980000.0,12.9,24.2,9.00616273913002,6.279366802849035,0.0,0.8532201748244299,0.777097881574637,0.7521862078450139
2019-05-22,27760000.0,13.9,27.4,12.389773068959578,5.130045138266561,0.0,0.8579745807529342,0.7796330473784985,0.7211198808440245
2019-05-23,27220000.0,15.4,30.1,12.177146447861412,4.378795821052497,0.0,0.9255844019310316,0.8461664283810284,0.7873199998592304
2019-05-24,26800000.0,15.8,32.2,17.246548937680057,4.274039940166073,0.0,0.9103510250012794,0.8307110178218042,0.7336001342282692
2019-05-25,20060000.0,18.4,32.4,12.563616965298376,4.444642374752534,0.0,0.8605802734122318,0.7998062483308883,0.8121267561291582
2019-05-26,25010000.0,19.0,31.1,15.286640951346069,9.15267096430522,0.39,1.0991005498434603,1.0236861898871807,0.9730642722146039
2019-05-27,5970000.0,12.9,20.6,18.216768655230286,13.031631582271068,1.7100000000000002,0.184860742293589,0.1691659319913393,0.1280798006860751
2019-05-28,23560000.0,9.9,24.0,10.047284498594117,4.687077413375399,0.0,0.7099632927059004,0.6477805181089097,0.5890693829998541
2019-05-29,27890000.0,11.6,28.9,9.978525242019053,5.8992526064897275,0.0,1.102273724517037,1.0240917866696475,0.8477464184806461
2019-05-30,21910000.0,14.2,29.6,12.008017512055813,5.459277906766749,0.43,0.9433919667936438,0.8802979656151809,0.7723740444486902
2019-05-31,19060000.0,13.0,22.9,13.050985219516859,5.755587398416918,0.010000000000000002,0.5760218318820687,0.5247406022456305,0.49526830962566815
2019-06-01,24350000.0,13.9,27.0,13.739227228712766,3.3671533142064654,0.0,0.6596389049504336,0.5911499002992043,0.5803586340546885
2019-06-02,24870000.0,14.7,28.9,13.476558593182842,3.444971968579237,0.0,0.7459703866356467,0.674465133903542,0.6491273085777265
2019-06-03,27550000.0,16.4,32.0,15.174787226056795,3.262397433320042,0.0,0.8724072352485152,0.7903058630155269,0.7308352414123134
2019-06-04,26680000.0,17.9,32.6,18.717089670619092,4.827749596280026,0.0,0.9327921500396392,0.8521244233648778,0.7662846018752617
2019-06-05,25700000.0,18.3,34.1,15.831101473290405,4.7499309419072535,0.0,1.0549317253654364,0.9762498248496664,0.871992501309184
2019-06-06,17780000.0,17.2,30.2,19.85305652631666,6.659480999208343,3.9299999999999997,0.6912131585753692,0.6386043783951653,0.6014598509930791
2019-06-07,9510000.0,15.2,22.2,19.148242338438088,6.291338903521768,0.25,0.277937053677982,0.2519933686943967,0.22060332542277122
2019-06-08,21520000.0,15.7,25.2,18.095944388599445,3.3013067605064275,0.1,0.5323364206927038,0.47180732910771567,0.43911439243412165
2019-06-09,24740000.0,14.1,25.9,14.96954642576905,5.109093962089276,0.0,0.6814737933424831,0.6124166122259421,0.5791414562490952
2019-06-10,16530000.000000002,15.8,23.1,14.376244523140958,6.554725118321919,0.0,0.5868035262775617,0.5411009969746187,0.5012872255206852
2019-06-11,17490000.0,16.7,23.8,16.619223807933984,3.771211711911241,0.22999999999999998,0.4869752178481434,0.43794681724036844,0.4207294727100277
2019-06-12,21520000.0,14.1,25.3,16.780913124224355,3.7233233092203046,0.010000000000000002,0.5397517718477047,0.4799925328736713,0.455541368225518
2019-06-13,26410000.0,16.1,27.2,16.503299554359938,4.262067839493339,0.0,0.7108020881615459,0.6350491691842948,0.6043105470900177
2019-06-14,6810000.0,16.4,22.4,19.45417538269521,4.378795821052497,1.67,0.22287202558140423,0.20406011805290106,0.2043871212863439
2019-06-15,20150000.0,17.4,26.3,19.305777350748937,4.827749596280026,0.55,0.5756968734227248,0.5177167188761918,0.4745194046957922
2019-06-16,21460000.0,16.3,26.0,18.39688599992889,4.755916992243621,0.17,0.5895637664447629,0.5285016572605301,0.48346223136567285
2019-06-17,19150000.0,16.9,26.0,19.209089539794732,4.286012040838808,0.020000000000000004,0.5292114403412987,0.47445770368743334,0.44101235610994094
2019-06-18,20110000.0,18.0,29.3,21.02695420784076,3.849030366284013,0.0,0.5803548338185706,0.5208949107801871,0.5079401066116846
2019-06-19,19600000.0,17.9,29.2,21.50428685216972,3.85501641662038,0.05,0.5609780003312779,0.5031100963772812,0.4873768275338116
2019-06-20,25840000.0,19.9,30.9,21.40918554138461,4.1094235559159795,0.0,0.7582330729229989,0.6799478880724548,0.6499345135505379
2019-06-21,22900000.0,18.7,30.2,19.43877767173084,6.177603947130795,0.010000000000000002,0.7769553687121036,0.7084714348167248,0.6821694711107037
2019-06-22,21770000.0,16.8,28.3,16.494411753589848,5.255752195330269,0.010000000000000002,0.6974781150398982,0.6341536704120313,0.6304586070612203
2019-06-23,21410000.0,16.6,25.7,15.766930111710831,5.4353337054212805,0.010000000000000002,0.6618806633695317,0.6009608237779928,0.5688194270704778
2019-06-24,22380000.0,17.5,28.9,18.158685062538137,4.348865569370662,0.020000000000000004,0.666421504376986,0.6006842454657864,0.5943390646390097
2019-06-25,24070000.0,16.0,31.1,18.746891627091415,4.420698173407065,0.08000000000000002,0.7940786332045529,0.7230133042161497,0.6465443976779188
2019-06-26,3650000.0,19.6,22.5,24.831888856212704,7.386786115076939,8.790000000000001,0.08505064813749152,0.07468187073092913,0.06683113143705495
2019-06-27,9690000.0,21.5,26.7,27.228306571694016,4.815777495607291,1.27,0.2938171723257182,0.26498098354264465,0.23363190673555717
2019-06-28,17770000.0,20.5,27.3,24.24061557864572,5.405403453739445,0.010000000000000002,0.5298319596818355,0.47710126790734575,0.4106940683750314
2019-06-29,4640000.0,19.1,22.4,24.110217296274957,4.091465404906878,6.920000000000001,0.11496767566199924,0.10185138577969106,0.0973742420917709
2019-06-30,18810000.0,20.4,29.4,25.036029153240822,3.9777304485159046,0.04000000000000001,0.545722515284897,0.48911921823986104,0.4488243746156965
2019-07-01,13260000.0,19.2,28.5,24.45931631341966,3.6484976800157165,0.13,0.39228034179829707,0.35296081723585804,0.34225783707346635
2019-07-02,25730000.0,19.3,29.3,21.80315622203419,4.187242210288751,0.0,0.7169879079409649,0.640202183884748,0.5853455383001827
2019-07-03,17380000.0,19.2,28.3,23.69827469975798,3.896918768974949,0.06999999999999999,0.4922921000480149,0.4408297369589419,0.40837126057274303
2019-07-04,25130000.0,19.5,31.5,22.134379849199263,4.028611876375024,0.0,0.7349400034140592,0.6587043315840264,0.6344883106040146
2019-07-05,22560000.0,17.5,31.0,20.8353621820856,4.294991116343358,0.0,0.7027607841962141,0.6354826087080897,0.5944091786759829
2019-07-06,27420000.0,18.3,29.5,19.90538111237382,6.6744461250492595,0.0,0.8509537531705682,0.7695876547768423,0.6883564827241605
2019-07-07,23200000.0,19.0,27.1,18.672464565724134,6.545746042817368,0.27999999999999997,0.7511232564356332,0.6831289397768184,0.6106935606980054
2019-07-08,16820000.0,18.2,26.8,19.603571556892295,6.5367669673128175,0.1,0.5804796874860191,0.5315910851101159,0.490885333514952
2019-07-09,13590000.0,19.2,26.2,19.449041625834898,7.2760441838541485,0.020000000000000004,0.5545331947483874,0.5149125221155729,0.48033859452735383
2019-07-10,7560000.0,21.0,24.1,24.110217296274957,6.725327552908379,2.18,0.27624983517745744,0.25425935279864836,0.22305553461316913
2019-07-11,15560000.0,19.7,28.7,24.59136292519585,5.05222648389379,0.1,0.4794077216852214,0.4330375818686953,0.39936398960629493
2019-07-12,20580000.0,20.9,29.4,22.382775703816513,3.992695574356822,0.03,0.6229308459163063,0.5607904648784614,0.5352952764011727
2019-07-13,11780000.0,19.4,25.3,23.8022104573165,3.238453231974574,0.26,0.31738849173717554,0.28322766717747205,0.2605490615575076
2019-07-14,20700000.0,22.1,28.2,25.299726199836265,3.1815857537790864,0.47000000000000003,0.5706343065753867,0.5081315909542308,0.45508601352344824
2019-07-15,17870000.0,20.6,27.9,25.526750356765803,2.523120216778711,0.58,0.4680989738147173,0.4148072630003209,0.37667231230945586
2019-07-16,21600000.0,19.8,28.4,22.78056592661001,3.5557138998020275,0.08000000000000002,0.5921381196607352,0.5278593087510977,0.485538610547221
2019-07-17,21170000.0,21.9,29.7,24.054520303872323,4.339886493866111,3.34,0.6472841260100585,0.5828068753304968,0.5401103162629985
2019-07-18,7380000.0,21.8,24.9,26.84488260767829,3.8460373411158293,2.79,0.21254025312869457,0.19081483832637045,0.17174666953731282
2019-07-19,6130000.0,23.4,25.3,28.76684372345093,10.939506989710782,6.11,0.23059785768267332,0.21229132684540414,0.15355576196870238
2019-07-20,4520000.0,23.5,25.0,28.831959745164497,15.946838096081818,8.26,0.205272822706571,0.19179333009990773,0.1284659429838492
2019-07-21,11470000.0,22.2,27.7,28.897204370275045,6.464934363276413,0.61,0.3507603653261443,0.3162211197040349,0.256619704732562
2019-07-22,22220000.0,24.5,31.4,30.692910492258218,5.276703371507555,0.04000000000000001,0.6927236679938832,0.6232093555479483,0.5234591104493579
2019-07-23,18800000.0,24.4,31.6,30.876953190956005,4.740951866402703,0.15000000000000002,0.5973849136141272,0.5385350977931618,0.47184590786173664
2019-07-24,11880000.0,24.9,29.7,30.441414470546952,6.677439150217443,0.12,0.4478069225398996,0.4109304774167408,0.3623870291259504
2019-07-25,9770000.0,25.0,30.0,31.709239073714425,7.09945569893132,0.17,0.3853419935120136,0.3549412897063905,0.31522483323722444
2019-07-26,17670000.0,25.3,30.2,31.724980238233726,8.22782618733651,0.36000000000000004,0.611296174167122,0.5561478473698014,0.4317992177183149
2019-07-27,8830000.0,25.1,27.6,32.71433816946907,6.7732159555993166,3.1300000000000003,0.27047313949309737,0.24338759100559373,0.1840092020112709
2019-07-28,12390000.0,25.0,29.1,31.62278434818859,6.764236880094765,0.36000000000000004,0.42076026704593694,0.3824187474552938,0.3130046132589774
2019-07-29,18400000.0,24.3,31.3,31.154821929723678,6.201548148476262,0.13999999999999999,0.6042707914303187,0.5468097990743896,0.46011100111476777
2019-07-30,20040000.0,25.2,31.2,31.732853375378866,8.296665766204729,0.04000000000000001,0.6977100416174455,0.6348308015810133,0.49918507485295194
2019-07-31,22270000.0,24.3,32.1,31.154821929723678,5.776538574594202,0.17,0.7072659263850546,0.6373896451669238,0.5354903649550996
2019-08-01,24290000.0,24.4,33.5,30.869265571926583,3.7921628880885256,0.0,0.7383017925382211,0.6614265970822741,0.5905784564522246
2019-08-02,22620000.0,23.9,33.4,31.178075788179807,2.9690809668380567,0.09000000000000001,0.6635284260193532,0.5921827733833518,0.5342869332963514
2019-08-03,24300000.0,23.1,33.7,29.578980994519352,3.669448856193001,0.0,0.7250460628466042,0.6486222708296967,0.5921988658689601
2019-08-04,22880000.0,23.5,33.1,30.236983964860215,2.9481297906607717,0.020000000000000004,0.6634468838240226,0.5915726631628045,0.5368310740426884
2019-08-05,23490000.0,24.7,34.7,28.193652805569545,5.558047737316805,0.04000000000000001,0.8338960853290285,0.7589306962962574,0.722137336685523
2019-08-06,10370000.0,23.5,30.5,29.431189486488943,10.930527914206232,3.9000000000000004,0.5076673534435607,0.4755966880270689,0.41115914570565437
2019-08-07,21630000.0,24.6,31.5,31.52087564468542,5.153989339612029,0.33,0.6633672680988447,0.5956186787693819,0.49725444618189973
2019-08-08,17480000.0,24.2,31.7,31.03105663289339,3.007990294024442,0.22000000000000003,0.5190203935870171,0.4643349668743735,0.4221641867538916
2019-08-09,20930000.0,23.1,32.6,31.139327762005237,3.100774074238131,0.010000000000000002,0.5993728073708956,0.5339719522477429,0.4772406253818975
2019-08-10,22920000.0,25.5,31.9,29.086413206567272,6.865999735813006,0.0,0.8070165744315443,0.7346832733268601,0.634478042120257
2019-08-11,24800000.0,26.1,31.2,28.81024012589617,9.389119952591717,0.020000000000000004,0.9363908978470222,0.8581693158234664,0.6884834682235705
2019-08-12,22200000.0,24.4,32.1,30.252085785544796,6.375143608230907,0.06,0.7318930067933862,0.6621955998894004,0.5638189486029873
2019-08-13,23370000.0,26.2,34.3,29.846638128461016,6.449969237435495,0.0,0.8651523561569912,0.7901266122727465,0.7233170830408042
2019-08-14,19500000.0,25.2,33.0,30.900026067969275,11.35254446292011,1.06,0.8443321612298587,0.7825123877877561,0.6376632759003377
2019-08-15,10240000.0,23.5,28.4,31.061957686312102,6.922867214008492,0.5599999999999999,0.32139275688608254,0.2901437243067694,0.23275105866720888
2019-08-16,20310000.0,21.6,30.9,27.498150789110394,5.432340680253097,0.06,0.6145814919108694,0.5523613930463788,0.4890714611400654
2019-08-17,25400000.0,23.4,31.2,27.345645339805397,4.8906031248118795,0.04000000000000001,0.7582516876224253,0.6794081096655032,0.5960465294878996
2019-08-18,21110000.0,22.3,31.3,26.715868062785272,3.3821184400473827,0.0,0.6066548038941364,0.5415315746053867,0.5061878611760793
2019-08-19,16370000.000000002,22.8,30.8,27.44260855969498,4.145339857934181,0.06,0.515696543235524,0.465195962304362,0.4414997544834721
2019-08-20,18260000.0,23.5,30.2,26.185227753616065,6.045910839730719,0.010000000000000002,0.6325714325296407,0.5762050974095926,0.5277714739487696
2019-08-21,11350000.0,24.5,28.5,30.92311398128988,5.16296841511658,5.08,0.3567100168397508,0.32182795340554166,0.27581474401298145
2019-08-22,8220000.000000001,21.1,29.2,29.74229920213391,4.390767921725231,2.83,0.2433207846511074,0.21850086569430047,0.20861606055395582
2019-08-23,16559999.999999998,17.9,28.6,22.904656025211597,3.4898673461019896,0.0,0.4432715746971378,0.39459358329712807,0.38552818298604874
2019-08-24,17910000.0,18.5,28.4,21.054449989291008,3.3821184400473827,0.010000000000000002,0.49261865498113744,0.43981745998495575,0.43896404664220723
2019-08-25,16820000.0,19.0,27.5,22.95801820616184,3.262397433320042,0.04000000000000001,0.4414538597081867,0.3920116003272589,0.37255027103218136
2019-08-26,20340000.0,22.2,29.1,24.85732657526549,4.510488928452571,1.07,0.5980400460864709,0.5362128351932146,0.4906179058700394
2019-08-27,7350000.0,22.4,26.4,27.85454545152888,2.574001644637831,0.7000000000000001,0.21033237222735676,0.1883670747800728,0.18395082435837187
2019-08-28,6090000.0,21.4,25.3,26.73620270764861,2.277692152987662,0.68,0.16854366320401698,0.1506157802573836,0.15147027031178972
2019-08-29,5100000.0,18.6,23.8,24.290453032262118,3.1307043259199667,0.79,0.1325461963008034,0.11802291501658524,0.1188382638230232
2019-08-30,22820000.0,16.4,28.2,20.25376219749854,4.217172461970586,0.0,0.5765986682832265,0.5104738788184182,0.48750428784759847
2019-08-31,19180000.0,18.9,28.1,21.509892541180676,3.7293093595566713,0.0,0.5173519725019762,0.46076533445385487,0.4469856983651786
2019-09-01,8860000.0,19.2,26.6,23.527951289901093,2.3076224046694973,1.1500000000000001,0.24834714901779403,0.2224385007642779,0.23248685974299424
2019-09-02,3840000.0,20.0,22.5,24.597666370398038,2.4872039147605087,4.8100000000000005,0.0957746676960958,0.08483063248658095,0.09536391452008344
2019-09-03,6120000.0,21.2,25.7,26.332067846134755,2.5979458459832996,5.800000000000001,0.17764139822683134,0.1595987788311511,0.16326027227172044
2019-09-04,10320000.0,21.4,26.7,27.735301776490164,4.390767921725231,0.9300000000000002,0.2787970270199551,0.2481078427484653,0.21640456468864233
2019-09-05,15230000.0,22.7,29.9,28.868190868447385,3.070843822556296,0.87,0.4255562415811788,0.37886890698193104,0.35046343480301545
2019-09-06,13370000.0,24.8,29.8,29.291384806847734,12.561726630866254,0.82,0.6312427140785937,0.5897411929256785,0.46486616894653887
2019-09-07,9060000.0,22.6,26.6,29.035366314755393,11.214865305183666,0.9199999999999999,0.29690847509069007,0.2697573643907768,0.19008319978015065
2019-09-08,8740000.0,22.9,26.4,28.68022204121786,1.7269755220418939,0.19,0.2263189830082785,0.20010871288881896,0.19173050212986056
2019-09-09,14790000.0,23.5,31.5,30.229435521071185,4.824756571111841,0.47000000000000003,0.47355599040309826,0.4275348635571243,0.39829222962771615
2019-09-10,14100000.0,23.1,28.9,27.81240844151172,5.4832221081122166,0.42000000000000004,0.44848636741738845,0.4054299325561893,0.3661918841044489
2019-09-11,13670000.0,21.8,29.8,25.248083380889067,5.555054712148622,0.9500000000000001,0.4785124211401361,0.4368778431151193,0.4320658450693605
2019-09-12,5950000.0,18.2,21.9,20.392462012968597,5.36649412655306,0.30000000000000004,0.20775835787550895,0.1911358116290196,0.18917186240380893
2019-09-13,20170000.0,15.9,27.0,18.672464565724134,5.887280505816992,0.0,0.5547002024946678,0.4970300788232075,0.47875409201328545
2019-09-14,21420000.0,21.0,28.7,22.094172412697567,2.9002413879698357,0.0,0.5484208898789535,0.48400763980983197,0.4738749768495188
2019-09-15,15000000.0,20.6,27.6,22.72168235639087,5.043247408389239,0.12,0.46481140419439815,0.42017334106270543,0.4084076396413427
2019-09-16,17540000.0,17.5,27.0,19.138117570305464,6.584655370003754,0.0,0.5514402896047428,0.5006543970526509,0.48357267949283955
2019-09-17,20520000.0,14.8,26.2,16.77189432656147,6.123729494103491,0.0,0.5638881857877606,0.5061234004968547,0.4963518798082232
2019-09-18,21100000.0,16.1,27.7,17.436884481528754,6.066862015908004,0.0,0.6109498540946559,0.5501884015677015,0.5521121445607612
2019-09-19,21110000.0,13.5,24.4,15.018580672811485,4.9295124519982645,0.0,0.5100103576022199,0.4521608056643796,0.4528100518213901
2019-09-20,15600000.0,17.4,24.3,17.404258393505515,5.650831517530495,0.8800000000000001,0.4687085473270135,0.4245377977718632,0.4161707630776708
2019-09-21,3030000.0,16.7,19.2,19.63460625159278,9.805150450969228,6.010000000000001,0.10559103949947153,0.097438776865767,0.08890678836625193
2019-09-22,2220000.0,15.1,18.6,17.990200604442578,19.813826613374932,7.88,0.15872800993768613,0.15288020138373457,0.10715186462993762
2019-09-23,7050000.0,13.8,19.9,18.387110180040747,2.400406184883187,0.21000000000000002,0.13975412439901455,0.12118338101822253,0.12623332718871616
2019-09-24,20570000.0,12.0,24.3,14.582305059446302,3.947800196834069,0.0,0.45196722648261434,0.3964159808805174,0.41152997622673554
2019-09-25,16149999.999999998,15.9,24.7,16.980405674442423,3.8669885172931133,0.0,0.40550749505482536,0.3601971171076598,0.3763505062442659
2019-09-26,18270000.0,17.3,26.9,20.14763277906082,4.824756571111841,0.0,0.47271910966375713,0.41994244625417104,0.4133273944152089
2019-09-27,10740000.0,19.7,25.8,23.95578111573511,3.1845787789472704,1.4800000000000002,0.2743438370740681,0.24300845735595517,0.23961567647903995
2019-09-28,9100000.0,19.5,26.0,25.396805311211562,2.3495247570240667,0.5900000000000001,0.2172569180412108,0.19070645664131997,0.18964801052261523
2019-09-29,13230000.0,19.9,27.5,25.78838429127994,2.594952820815116,0.13,0.31581761884502085,0.2766717154825856,0.2656777336533356
2019-09-30,12960000.0,20.1,25.6,25.260985442235263,2.70868777720609,0.9199999999999999,0.29463055473342264,0.2567610170540108,0.23738846510881909
2019-10-01,3960000.0,20.4,23.8,25.860743066251082,2.9511228158289553,2.07,0.10203326290125492,0.09059398610311803,0.09511882421594378
2019-10-02,2260000.0,21.3,23.0,26.145304809273192,14.617934921408333,6.470000000000001,0.07909477992389602,0.07256122868272366,0.06121739237623173
2019-10-03,15110000.0,16.3,27.4,20.802671731621004,5.839392103126056,0.03,0.4143744930635254,0.3708965707211872,0.3766940141073906
2019-10-04,14940000.0,19.7,25.7,22.05402888949012,3.852023391452196,0.16000000000000003,0.3750573575596938,0.3315008565196461,0.3237051546571698
2019-10-05,10960000.0,16.3,24.6,17.947098126750312,7.6441862795407225,0.09000000000000001,0.4071952425102607,0.3763681586918839,0.3746730737764248
2019-10-06,14520000.0,13.8,20.9,13.380125761648523,5.339556900039408,0.010000000000000002,0.3902276997454611,0.35160502765275414,0.3641592547100448
2019-10-07,6360000.0,13.1,20.6,16.704388732720854,4.435663299247984,0.41,0.1714663501474421,0.15471316888477019,0.17189172617195364
2019-10-08,16180000.0,9.0,23.3,10.60652224593615,7.3179465362087175,0.0,0.6185920605828499,0.5765649783088711,0.5149292670664923
2019-10-09,18580000.0,8.3,21.0,10.513448927011796,3.1366903762563334,0.0,0.34999872542153965,0.30323598540547025,0.34596936419229324
2019-10-10,17860000.0,12.4,21.8,12.803484578649638,3.4180347420655854,0.0,0.3617126684622948,0.31443553465354795,0.3527707394698948
2019-10-11,16620000.000000002,17.6,24.1,15.369961465567798,9.389119952591717,0.0,0.639492371354275,0.5924335343282109,0.5486772181879479
2019-10-12,15640000.0,12.7,22.3,12.479906094813096,11.451314293470165,0.0,0.6404735804709243,0.5987516045568287,0.5217023966398618
2019-10-13,16760000.000000002,10.4,21.3,12.075419540852389,6.387115708903642,0.0,0.41636834418241175,0.3731013311743313,0.39177620835877297
2019-10-14,17180000.0,12.6,21.9,12.971619299632005,7.745949135258962,0.0,0.48954919606699826,0.44393928137553545,0.4356712570901731
2019-10-15,9530000.0,8.1,18.5,11.11736348374561,6.249436551167199,0.0,0.27923040912908237,0.2559583902724142,0.28023934654941696
2019-10-16,16640000.0,9.0,19.7,11.600722434170308,3.6933930575384695,0.0,0.2989568643213931,0.25735055350599173,0.2947999844436839
2019-10-17,7650000.0,11.5,19.1,13.185426998163955,4.345872544202478,0.06999999999999999,0.21729109310830666,0.19776743461149768,0.2292625646480546
2019-10-18,2740000.0,14.3,17.6,16.8577447864687,5.7615734487532855,1.6600000000000001,0.08988069815123687,0.08279265017316276,0.09615088488534883
2019-10-19,15070000.0,10.8,22.4,14.754655580504089,5.0731776600710745,0.0,0.3102128320723999,0.27071254957951557,0.2997969534148643
2019-10-20,16160000.0,11.8,22.4,14.650231184721973,4.265060864661523,0.010000000000000002,0.31915047628282045,0.27637340560256585,0.30888165702790454
2019-10-21,14630000.0,12.0,21.7,13.952589601755074,6.168624871626244,0.0,0.3562894469774643,0.31775186177732423,0.3379463762077289
2019-10-22,11500000.0,13.4,21.8,14.411724785109563,6.123729494103491,0.0,0.33655530062744937,0.3058186690979277,0.33130372232038635
2019-10-23,7200000.0,12.7,21.0,14.92879196549471,6.689411250890178,0.21000000000000002,0.25932911021412275,0.24036324463373943,0.26254870658438845
2019-10-24,8260000.0,14.2,20.3,16.894007483386588,8.326596017886565,0.08000000000000002,0.24225553804230962,0.2203266733536319,0.20581547513786774
2019-10-25,11490000.0,12.6,22.7,15.52094323162746,5.608929165175925,0.03,0.29088513530250504,0.2601459587442526,0.2937392021210529
2019-10-26,15310000.0,7.0,18.7,8.359549273284621,7.213190655322294,0.0,0.41900604829271104,0.3820084354900329,0.4167672855733775
2019-10-27,15990000.0,3.9,16.6,7.050104372775487,5.399417403403079,0.0,0.34289500042646653,0.30666725105342746,0.34434948172161894
2019-10-28,15290000.0,7.4,17.5,10.46867216462715,3.307292810842795,0.0,0.22992016345024835,0.1933190455716941,0.2385811863896377
2019-10-29,13050000.0,5.9,19.6,9.35918953819875,5.309626648357573,0.0,0.34369189448495496,0.3122297981984886,0.3383316355556124
2019-10-30,15240000.0,4.6,17.7,8.465210409531007,4.992365980530119,0.0,0.3075296546217211,0.27219352918134204,0.30970270184855175
2019-10-31,14850000.0,6.6,20.0,10.256072684888574,3.28634163466551,0.0,0.2609614762825533,0.22469815204105034,0.27755186896807726
2019-11-01,14400000.0,8.1,21.5,11.712074153705798,4.555384305975324,0.0,0.30644056143972154,0.2700802939540433,0.3138469468203751
2019-11-02,10980000.0,9.9,19.9,12.324269076787854,2.3465317318558836,0.0,0.18617212230506786,0.15838765674684024,0.21073065427769624
2019-11-03,11990000.0,9.2,20.3,12.647821079258971,5.498187233953134,0.010000000000000002,0.25583954412951815,0.22559725446249526,0.2714605992091091
2019-11-04,9630000.0,5.8,18.0,9.8903248249526,3.780190787415792,0.0,0.1944943947617549,0.17174631934255258,0.2318306611129556
2019-11-05,14180000.0,6.4,19.1,9.486827951417064,3.908890869647683,0.0,0.2582514358164539,0.22406503540709805,0.2886051194575355
2019-11-06,13660000.0,6.6,19.1,9.299965659807544,3.430006842738319,0.0,0.23930724980012266,0.20629696953333077,0.2786647872351017
2019-11-07,12540000.0,6.1,17.3,7.200784626965841,7.0395951955676495,0.0,0.3787870786698023,0.34930997028361643,0.39810865197759426
2019-11-08,13920000.0,3.9,16.8,5.33294655822819,6.243450500830832,0.0,0.4172839114357642,0.38566358270988493,0.42465050409161753
2019-11-09,13670000.0,3.0,17.0,6.193727394613741,4.660140186861748,0.0,0.3321912419912388,0.3014228198432687,0.34004346180025335
2019-11-10,7960000.0,6.4,15.9,10.13092510973031,5.26473127083482,0.5,0.18087741651847916,0.16242101504174572,0.2011849785970053
2019-11-11,10240000.0,4.8,18.3,9.190474646654613,6.737299653581114,0.0,0.31380748356625293,0.2898259346210794,0.30813101753115346
2019-11-12,11420000.0,3.7,17.0,8.209248674824089,3.190564829283637,0.0,0.19477627617744192,0.1688348858003197,0.22924726213656071
2019-11-13,5580000.0,2.1,14.9,6.945669401811286,7.305974435535983,0.0,0.29055373626948844,0.2784976335816445,0.2907142206401797
2019-11-14,13550000.0,-0.4,6.8,3.1020408898866836,5.8992526064897275,0.0,0.27228736964752237,0.24747825861063602,0.2748094307747794
2019-11-15,12860000.0,4.8,14.9,8.07317764436489,3.0888019735653973,0.0,0.16750203777660383,0.13867169415538622,0.2048550462064651
2019-11-16,10780000.0,7.2,18.1,11.304073694879788,3.178592728610903,0.0,0.15492736797778484,0.1289992984028718,0.18760667860820796
2019-11-17,3060000.0,11.2,17.3,15.818248899075359,7.92253762018179,1.7600000000000002,0.06434368915444694,0.056709382322516586,0.06626372086506302
2019-11-18,6450000.0,3.5,14.5,6.22191105397044,8.637870635377652,0.010000000000000002,0.3603655460560723,0.3462344926446763,0.35301685461626076
2019-11-19,10130000.0,-0.7,8.4,4.323678722821539,8.676779962564037,0.0,0.30148197929876464,0.2825191977226497,0.26597348876776694
2019-11-20,12780000.0,-0.7,9.1,3.217694789694837,5.05222648389379,0.0,0.24473729125655233,0.22053212391857496,0.2818807060606209
2019-11-21,11970000.0,4.5,14.3,7.06483539186874,4.603272708666261,0.0,0.21081347493231634,0.18430069735234308,0.2533299519549154
2019-11-22,11710000.0,5.5,17.9,9.67143190467867,4.878631024139145,0.0,0.2077992979180153,0.18027322621129788,0.2485585138217342
2019-11-23,11640000.0,8.3,19.0,11.477373600901164,3.3970835658883005,0.26,0.16945140949209575,0.14079859112712087,0.21064019904288606
2019-11-24,6260000.0,3.9,18.4,11.192983368522112,6.46194133810823,0.0,0.1719935059851235,0.15747879829110956,0.19354593895131894
2019-11-25,5650000.0,5.6,12.3,7.855436049250624,7.689081657063474,0.0,0.23402312538260345,0.2216618139668837,0.22772817769203102
2019-11-26,9510000.0,4.0,13.4,7.519599354659025,4.734965816066335,0.0,0.17542175108635943,0.15475916155487485,0.21109740431641572
2019-11-27,6020000.0,5.2,11.6,5.914436591060459,8.470261225959375,0.0,0.3425585216446801,0.3295883382385156,0.3164891866967935
2019-11-28,4830000.0,0.9,10.2,7.435443175144774,6.46194133810823,0.0,0.11573485030477874,0.10617791952550311,0.12973453687257028
2019-11-29,12040000.0,-0.0,10.9,3.89375996742855,6.00400848737615,0.0,0.2659770806514296,0.2422292400029969,0.3039042962861273
2019-11-30,6490000.0,4.8,13.0,8.28167442669326,3.0828159232290306,0.1,0.11418794827468523,0.10000845018058553,0.15046997982301621
2019-12-01,2480000.0,1.9,8.6,8.569549634425897,7.883628292995404,2.09,0.044261519160289316,0.039400961340066494,0.049336995630845176
2019-12-02,9710000.0,-1.6,7.6,4.058369845553497,8.126063331618269,0.0,0.2628489966987343,0.24519333190453052,0.2459293968879473
2019-12-03,10010000.0,-1.1,8.5,4.897787997759096,4.720000690225418,0.0,0.15105594122922064,0.13241245633768206,0.18328635688105901
2019-12-04,10030000.0,-0.8,10.4,4.375790268767577,5.806468826276038,0.0,0.22238828696436527,0.20301334563557777,0.25941724683784745
2019-12-05,11390000.0,-5.7,6.1,2.393899409757182,9.329259449228045,0.0,0.3292545255547027,0.31055953993526797,0.28882949038907135
2019-12-06,10620000.0,-4.1,3.0,1.9967086540936683,8.401421647091153,0.0,0.309095153255275,0.292165358437809,0.2647875755248434
2019-12-07,11280000.0,-2.3,7.1,4.288341167991451,6.372150583062724,0.0,0.18459627897721487,0.16451370825133832,0.19859500691772428
2019-12-08,11450000.0,-3.6,9.4,3.8173610001879745,3.645504654847533,0.0,0.15598767521683737,0.13524052342767687,0.2000340521610014
2019-12-09,11220000.0,0.6,9.9,4.532635660631734,2.8343948342697978,0.0,0.1260830839173957,0.10409297958558117,0.18299292564962286
2019-12-10,9050000.0,3.1,13.8,8.202036924322556,2.3255805556785987,0.0,0.09072547748109584,0.07119960821265928,0.13412346770594946
2019-12-11,9730000.0,-0.6,15.5,6.056333307202095,7.757921235931695,0.0,0.41526425385419063,0.39486589157515745,0.3259361232936155
2019-12-12,11340000.0,-3.3,6.5,2.536303302296659,5.662803618203228,0.0,0.2251227288446976,0.20550707495860143,0.25653031151218125
2019-12-13,10100000.0,0.3,8.5,4.064822415981673,2.277692152987662,0.0,0.10726361221240095,0.08800724932793803,0.15971034154342467
2019-12-14,11050000.0,-0.3,9.3,4.650607503800562,5.929182858171562,0.0,0.20016207541197498,0.17902500060331322,0.23027036263113448
2019-12-15,9510000.0,-0.5,12.2,6.4963410967704025,3.9328350709931517,0.0,0.12470383322093048,0.10570874805589155,0.16896550778507788
2019-12-16,9950000.0,2.8,13.8,7.65871280754123,2.6727714751878873,0.0,0.10232257806896672,0.08094568106252423,0.15317186410411526
2019-12-17,6550000.0,2.2,13.7,9.593902563012296,5.959113109853397,0.03,0.08229871008719199,0.0683663162439033,0.11478917600868499
2019-12-18,10680000.0,-0.1,11.2,4.544027185570697,8.697731138741323,0.0,0.31742981090141115,0.296297715513696,0.3143738808808568
2019-12-19,10640000.0,-4.0,8.0,2.7879870881830118,7.611263002690703,0.0,0.2873540592322369,0.26868008524217113,0.29446191380791914
2019-12-20,8820000.0,-2.4,7.4,4.191815875544843,5.42635462991673,0.0,0.1659068991170626,0.15014826680491836,0.1941860887731533
2019-12-21,6160000.0,-2.3,6.3,4.231798095107634,4.630209935179912,0.0,0.13874634609515749,0.12793509799564573,0.16554377673962825
2019-12-22,4600000.0,-2.0,8.6,4.896264790590356,4.312949267352459,0.0,0.13125771010260337,0.1228063817585282,0.16814200545704489
2019-12-23,8690000.0,-0.3,10.3,5.372499708257373,5.929182858171562,0.0,0.18218426581028105,0.1652887934727205,0.21422327370674288
2019-12-24,9590000.0,-1.6,11.0,5.684467634329493,3.310285836010978,0.0,0.11215545495372761,0.09369065995803978,0.1591863189616664
2019-12-25,10370000.0,2.0,12.8,4.843216154633988,4.253088763988789,0.0,0.19469781716940793,0.17298960267054056,0.26498532703973454
2019-12-26,2069999.9999999998,-2.2,9.0,5.562239611431966,9.248447769687091,0.2,0.19124619168927123,0.18743002613468812,0.18598087712572717
2019-12-27,11220000.0,-3.7,6.2,2.624267948922317,7.497528046299729,0.0,0.2753932795789463,0.2562334853894096,0.2719923642940415
2019-12-28,11000000.0,-3.6,7.9,3.0939230491244163,3.2983137353382443,0.0,0.13514087744049783,0.11573072199899415,0.19541396467016936
2019-12-29,3160000.0,1.2,6.4,6.109852424892113,3.331237012188263,0.77,0.0818747185183978,0.07596933845611997,0.10277910769122367
2019-12-30,8380000.000000001,-6.4,12.7,5.658448656320861,9.466938606964488,0.0,0.27573650502757036,0.2604197686911221,0.23859220777838708
2019-12-31,11610000.0,-5.2,-0.2,1.7825532477702286,9.275384996200742,0.0,0.2953747177870362,0.2784239307128611,0.22888728715446688
2020-01-01,10670000.0,-2.4,5.6,4.067405990649784,5.908231681994278,0.0,0.16575862901181096,0.14730192469394088,0.17895959143274914
2020-01-02,10760000.0,-3.1,7.9,4.679790544672308,6.001015462207967,0.0,0.1569296825176438,0.1377729040592722,0.1815232134039947
2020-01-03,11120000.0,-2.9,9.7,4.072577509308677,5.593964039335008,0.0,0.21104026321240096,0.19053989559551007,0.23941565785196914
2020-01-04,9950000.0,-3.0,8.3,4.174594519256391,6.602613521012855,0.0,0.20319988670681752,0.1853279291011405,0.22245381335895945
2020-01-05,11350000.0,-0.9,10.2,4.518431846368446,2.7655552554015768,0.010000000000000002,0.12068821105758457,0.0988703112957249,0.1780772442998061
2020-01-06,2060000.0,2.8,10.5,9.785952884803443,3.588637176652046,2.1,0.020863798246457777,0.016646799956946862,0.0410793930715596
2020-01-07,1380000.0,6.2,15.7,12.403602323705691,11.071200097110857,1.89,0.05897127845599035,0.05578771121299447,0.0930825141555502
2020-01-08,4240000.0,0.1,8.7,6.150731646116842,8.470261225959375,0.0,0.1785381540085678,0.1704542947382586,0.1681973443183547
2020-01-09,10800000.0,-2.4,8.2,4.07387129976625,7.674116531222556,0.0,0.24687659994594197,0.22730723406620976,0.24472577046711746
2020-01-10,11280000.0,-1.3,9.2,3.9500572813903494,4.435663299247984,0.0,0.18155056731166513,0.16036396785910495,0.22815879412146747
2020-01-11,11660000.0,-1.1,8.2,4.235814852629874,7.237134856667764,0.0,0.24509812155300037,0.22349185806974514,0.24462376486889958
2020-01-12,11660000.0,-2.4,6.8,3.9917996679864927,6.228485374989914,0.0,0.19918344545986771,0.17857180945840045,0.20908639543027513
2020-01-13,6530000.0,-2.8,5.1,3.266294480300007,6.824097383458436,0.0,0.23124140144025968,0.2201317435663565,0.22163857968366324
2020-01-14,7810000.0,-3.6,5.5,3.1542385173657483,5.432340680253097,0.0,0.1945871943008236,0.18139854233385566,0.20990882565539049
2020-01-15,12170000.0,-3.7,5.3,3.1050899560718,6.560711168658286,0.0,0.22547122293330207,0.20503520401718606,0.22470565016709165
2020-01-16,10040000.0,-0.7,7.0,2.7879870881830118,5.540089586307704,0.0,0.25621579734254685,0.23786495810412908,0.27644893573533913
2020-01-17,6950000.0,0.5,8.1,4.128540735010566,6.8121252827857015,0.08000000000000002,0.26466410002693574,0.25145714884952375,0.2602929515938043
2020-01-18,5360000.0,-2.7,7.0,3.608843909920234,6.315283104867237,0.03,0.22479997590148715,0.2153419365227181,0.23018321400276007
2020-01-19,8279999.999999999,-3.9,8.2,4.564023412055405,6.10577134309439,0.0,0.17441484520964778,0.15980429184095227,0.1912819451131679
2020-01-20,10790000.0,-4.2,7.9,3.691005285619243,7.425695442263325,0.0,0.25037659361044623,0.23154172214675706,0.24541952609861917
2020-01-21,12860000.0,-0.8,8.5,4.535481166793619,3.6395186045111663,0.0,0.15565321151070813,0.1315800258178318,0.18991939103860164
2020-01-22,2640000.0,3.8,9.1,8.499864965067147,3.7921628880885256,1.27,0.06714045078690242,0.06176886686027502,0.08086444702717929
2020-01-23,2680000.0,2.3,9.3,8.106412910937358,5.96210613502158,0.09000000000000001,0.08391386251161273,0.07856923755864487,0.09207038666351679
2020-01-24,12290000.0,5.1,13.3,8.016482528364422,5.4832221081122166,0.0,0.21001382575328184,0.18294000894337004,0.22259076091118954
2020-01-25,5420000.0,3.1,10.2,7.100723961068333,4.59429363316171,0.0,0.14049909053804827,0.1294038814462283,0.15829984364927446
2020-01-26,6910000.0,6.0,11.0,8.308371416184151,9.08682441060518,0.81,0.2313763959362715,0.21644670604863672,0.19442202981031326
2020-01-27,1570000.0,3.9,7.1,8.539623325216702,9.580673563355463,4.29,0.04752880365593899,0.044427210806966995,0.05088949826393023
2020-01-28,6140000.0,3.8,10.4,7.003983342799495,7.380800064740572,0.0,0.2179877693537955,0.20524791509525858,0.20469122736373016
2020-01-29,8289999.999999999,0.9,10.3,6.5987542845152145,4.651161111357197,0.04000000000000001,0.14806552987529517,0.13163654622811133,0.16564996074129135
2020-01-30,9900000.0,-1.0,9.8,5.512988236078016,5.845378153462424,0.0,0.1924669128209705,0.17359186405303162,0.20322199705146193
2020-01-31,9720000.0,-3.1,8.9,4.985307596664964,4.025618851206841,0.0,0.14425415259950755,0.1266417233077486,0.17149627715235027
2020-02-01,13390000.0,-2.7,9.3,4.925277586071006,4.55239128080714,0.0,0.1761817084411963,0.15158099397876884,0.19699401908877134
2020-02-02,13280000.0,-1.5,9.2,4.615800771085518,4.588307582825343,0.0,0.1994083383516764,0.17454893664083673,0.21857514641912293
2020-02-03,12470000.0,-3.3,7.0,3.5626270452939566,6.97075561669943,0.0,0.2647233771880907,0.24295592147426262,0.246275584268817
2020-02-04,14780000.0,-5.6,7.6,3.052614659464754,6.324262180371788,0.0,0.2955146532982247,0.2705091563697419,0.2611641008020299
2020-02-05,15160000.0,-7.0,1.4,1.4874431563964359,10.074522716105744,0.0,0.3855803287223483,0.36354018208804034,0.2719888659534716
2020-02-06,14300000.0,-3.7,5.2,3.257795813573065,3.3491951631973644,0.0,0.16803831428721813,0.1440707263731658,0.18444028734729404
2020-02-07,13710000.0,-3.3,9.3,3.3015600151298314,6.683425200553811,0.0,0.32935237736484374,0.30442352418991747,0.3035391921713452
2020-02-08,14640000.0,-4.0,6.9,3.397260370520041,8.515156603482128,0.0,0.3200661362009706,0.2948810819713409,0.26632342099630457
2020-02-09,14770000.0,-3.7,7.1,3.5169363479561344,4.196221285793301,0.0,0.20373177194560213,0.1780895842057326,0.21687079063241818
2020-02-10,13940000.0,-2.6,10.8,4.68125394606022,4.082486329402328,0.0,0.22944951912089984,0.20313508384595713,0.23266072806566931
2020-02-11,13350000.0,3.7,12.9,7.836949974532518,4.591300607993527,0.27,0.21024326145310307,0.18156169612285114,0.2110134320172093
2020-02-12,2160000.0,5.0,12.9,11.525925391877726,5.671782693707779,1.2400000000000002,0.02505902316935222,0.02033328287590891,0.04355541130615962
2020-02-13,13880000.0,4.0,16.0,8.904894663144045,4.130374732093264,0.0,0.21880382550238986,0.18756273556721614,0.23373589285268043
2020-02-14,15210000.0,4.4,17.4,8.216466018643043,3.968751373011353,0.0,0.2794076109545575,0.24436378363936567,0.29068415925559393
2020-02-15,12300000.0,5.7,16.9,10.739871612797543,5.47723605777585,0.7000000000000001,0.21938503889179867,0.19075800603386278,0.21730273954718796
2020-02-16,8240000.0,-1.5,7.2,4.1679876436365,12.30432646640247,0.0,0.39874783105473627,0.3838431666328775,0.270150971621497
2020-02-17,13430000.0,-5.3,2.2,2.591184599316716,12.875994273525523,0.03,0.4098173305730305,0.3892493786961524,0.24168590618534114
2020-02-18,16950000.0,-3.6,5.3,3.027667841721868,6.300317979026319,0.0,0.28967665782260266,0.261160473795677,0.25059450268121947
2020-02-19,15570000.0,-0.2,10.4,4.775759132829115,4.4326702740798,0.0,0.25439208800195023,0.22402265286900597,0.2578863945654768
2020-02-20,16570000.0,0.4,13.5,5.4944078723136185,3.3222579366837124,0.0,0.2619980038069422,0.2277703753266629,0.26830711599928503
2020-02-21,15330000.0,6.5,14.1,8.62465481803423,5.465263957103116,0.31000000000000005,0.29021630252287683,0.2554384502614368,0.26294039988908297
2020-02-22,16180000.0,-2.2,11.8,4.36477338607554,10.203222798337634,0.0,0.5539556315848023,0.5227007411860206,0.36340384796331104
2020-02-23,17480000.0,-2.3,10.3,4.141652761298251,4.16928405927965,0.0,0.2737449510641058,0.24085817356841194,0.26802929943479514
2020-02-24,15760000.0,4.0,14.7,7.742810094788384,3.9986816246931887,0.58,0.26274752594041295,0.22788745820300252,0.26228506402304685
2020-02-25,1930000.0,6.4,10.6,10.32651278623216,6.803146207281151,2.5700000000000003,0.05847121466664148,0.05430127233912555,0.07178628529024692
2020-02-26,9060000.0,4.1,13.4,8.366883048074396,6.237464450494466,0.22000000000000003,0.22899645130878604,0.2092841539596073,0.2160339082098622
2020-02-27,7260000.0,1.7,8.2,6.021494225092716,4.489537752275287,0.0,0.17387887480469827,0.15978642775885624,0.17079147731700525
2020-02-28,4230000.0,0.7,8.3,7.282592960529845,3.9298420458249685,0.27,0.09059565982358452,0.08250427281538186,0.09640781292855423
2020-02-29,11220000.0,0.7,13.1,7.735961163289855,4.339886493866111,0.0,0.19175078766862277,0.16860897662440136,0.19086365869151384
2020-03-01,12200000.0,0.8,14.0,7.774842586067969,5.100114886584726,0.0,0.23722793802283468,0.21168886214181426,0.2205970133775101
2020-03-02,17740000.0,1.6,10.4,5.620478075552163,5.977071260862499,0.0,0.32443997937330443,0.2888406880060234,0.27549129632901365
2020-03-03,8220000.000000001,3.2,12.0,7.349938053211951,5.076170685239258,0.0,0.21181237397336933,0.194503929021937,0.2084942671760343
2020-03-04,17970000.0,-2.8,10.9,3.7064452816622127,10.23315305001947,0.0,0.5956251388364691,0.5617598843883076,0.3821654702012962
2020-03-05,19510000.0,-2.7,9.8,3.3112363921055765,5.845378153462424,0.0,0.3846666787007863,0.34851417436473914,0.3342734702225949
2020-03-06,19350000.0,1.3,12.2,5.428977749362053,4.166291034111466,0.0,0.3158883676009086,0.27615747388497985,0.29826892474756866
2020-03-07,5460000.0,1.7,9.8,8.819991774755874,4.393760946893415,0.36000000000000004,0.08043320412277327,0.06956155354651147,0.07570688633610936
2020-03-08,18520000.0,1.3,15.9,7.66323790845196,4.971414804352834,0.0,0.3648316239871007,0.32470506494867407,0.30115153028191094
2020-03-09,8650000.0,9.1,15.0,10.7948475633933,5.216842868143884,1.36,0.23121276291660536,0.21070487116514536,0.21301812995188563
2020-03-10,4660000.0,-0.1,12.0,8.163668566513238,7.5992909020179695,0.43,0.13132178727373256,0.12198496070911362,0.13619554197174882
2020-03-11,20600000.0,-1.7,10.7,3.4371151444186667,7.464604769449711,0.0,0.48216692903353014,0.4427620655893281,0.3850844228603695
2020-03-12,20340000.0,2.2,14.7,5.606726588134299,3.7502605357339562,0.0,0.3628810752419446,0.3189964143668065,0.3457284454942421
2020-03-13,17310000.0,1.0,15.0,4.181210679393263,8.515156603482128,0.0,0.6833091729887261,0.6464364824491622,0.48980873372668554
2020-03-14,21240000.0,-0.8,10.1,3.5649253487043318,8.170958709141022,0.0,0.4980001398379791,0.4571708719135826,0.3855853697694645
2020-03-15,14950000.0,-1.1,12.4,3.5385741528440677,11.894282018361327,0.020000000000000004,0.7578752991808939,0.7282009707089665,0.4653643372982498
2020-03-16,21110000.0,0.5,11.2,4.774269589051707,4.788840269093639,0.0,0.3659554842346757,0.323790789404605,0.3226059959643477
2020-03-17,19550000.0,0.9,17.1,6.908408726381047,6.108764368262573,0.0,0.52629998723666,0.4834686548036693,0.3864419977210115
2020-03-18,21280000.0,5.9,17.0,7.2308296280702375,4.800812369766374,0.0,0.44267611196939977,0.3929631229026033,0.40855229000154597
2020-03-19,18010000.0,-0.2,19.1,5.504535734978261,11.400432865611045,0.0,0.9775395718939146,0.9375945507531276,0.5850113875955951
2020-03-20,21460000.0,4.2,16.7,5.754369766004649,5.956120084685214,0.0,0.5292792310766923,0.4804042681001316,0.46670830545301695
2020-03-21,20910000.0,9.6,21.4,10.843922874871577,6.144680670280776,0.0,0.5230991267198901,0.4695096216763658,0.46712044826415305
2020-03-22,20820000.0,3.2,21.8,8.035341741645468,5.049233458725605,0.0,0.5860227164957538,0.5361244598094458,0.48320756461360925
2020-03-23,21810000.0,3.4,19.5,5.796675060511358,5.62988034135321,0.0,0.6989247292293622,0.6479735877093042,0.5257021821362607
2020-03-24,17350000.0,4.2,16.9,7.09015182315884,4.645175061020829,0.0,0.4083150342937226,0.3686980768714099,0.37539032979617115
2020-03-25,21110000.0,7.7,18.9,8.649805756320664,5.0731776600710745,0.15000000000000002,0.48045396731313395,0.42890388147218256,0.4359646807435168
2020-03-26,4730000.0,10.6,15.8,15.580008920296356,5.055219509061973,2.16,0.0852442574636399,0.07372033429078274,0.05902338125281851
2020-03-27,6190000.0,6.0,19.9,10.989219193223963,7.21917670565866,0.25,0.3313350726726333,0.316341463385159,0.30504657270792973
2020-03-28,7410000.0,5.4,11.9,6.668487042869221,6.883957886822107,0.0,0.328822619839192,0.3127451980960302,0.29126649236456265
2020-03-29,13300000.0,6.1,13.2,7.515149209397817,4.842714722120943,0.0,0.32524199583372077,0.29558411793034584,0.2895477577865313
2020-03-30,19870000.0,3.7,18.5,8.28167442669326,4.887610099643696,0.0,0.4814110705986163,0.4353977272066324,0.38675014466994473
2020-03-31,21110000.0,8.9,20.1,9.087380671687916,3.1396834014245174,0.15000000000000002,0.43721962984725826,0.38426268454002377,0.4157016599617659
2020-04-01,12840000.0,3.1,18.8,8.21165383443372,5.127052113098378,0.09000000000000001,0.43659039846245795,0.40696938150588763,0.35968423481303147
2020-04-02,22640000.0,5.6,17.7,5.504535734978261,4.465593550929818,0.0,0.5163338025469107,0.4631807511882916,0.49016040038515324
2020-04-03,23250000.0,2.0,19.7,5.295283531522228,4.693063463711767,0.0,0.6606007304302619,0.6071010114771821,0.5237835973907001
2020-04-04,23380000.0,2.6,20.2,6.474857664872865,6.904909062999391,0.0,0.7882310320433772,0.7336801783241617,0.5578375320429684
2020-04-05,24300000.0,0.6,15.9,4.032650311061378,3.513811547447458,0.0,0.5316480226831488,0.4795151106305723,0.43700922122550256
2020-04-06,23270000.0,5.2,18.1,4.983760308902671,4.770882118084538,0.0,0.5884061242532284,0.5337739906350716,0.5290132647983243
2020-04-07,23290000.0,4.6,22.0,6.113558764954336,6.644515873367425,0.0,0.8889711393415787,0.8320975486624809,0.6468747009045914
2020-04-08,24270000.0,2.2,18.8,4.63172510033284,6.0818271417489225,0.0,0.8083379401887681,0.7529915194756199,0.5771225336966068
2020-04-09,23310000.0,6.1,18.1,5.1917181517579625,5.845378153462424,0.0,0.6199809776429147,0.5646493046623393,0.5662413381484336
2020-04-10,7710000.0,7.0,13.2,6.777352284033086,3.2025369299563713,0.0,0.2527793910206348,0.2353798780954571,0.2641101142279768
2020-04-11,7800000.0,6.9,13.4,9.729940619004491,3.7622326364066905,0.8500000000000001,0.19474561548548058,0.17711982717031824,0.18201944905631057
2020-04-12,7890000.0,5.6,10.8,8.34733891477978,10.55639976818329,0.42000000000000004,0.30352015978766944,0.2866170892379319,0.20555160130526412
2020-04-13,14530000.0,2.0,15.7,4.559731954521952,8.221840137000141,0.0,0.674812510943456,0.6431109518268832,0.49994762712556334
2020-04-14,24830000.0,4.7,23.4,5.519758504069516,4.172277084447834,0.0,0.7491295278421057,0.6874562489555689,0.626282095959732
2020-04-15,19370000.0,7.3,21.5,6.5987542845152145,5.016310181875587,0.0,0.6630532663700867,0.6145676626270693,0.5710321409523835
2020-04-16,23210000.0,8.3,20.2,9.454094461965289,5.174940515789314,0.03,0.551007118437039,0.4931011506039987,0.47873056844424255
2020-04-17,4510000.0,7.4,13.2,12.407061757274182,3.7173372588839375,2.5100000000000002,0.08040884395842451,0.07017739492391083,0.07223002429247526
2020-04-18,19140000.0,7.6,21.4,10.047284498594117,7.0904766234267695,0.0,0.6321700444170608,0.5841550783734574,0.49291649866211296
2020-04-19,6360000.0,8.4,14.5,11.409703412514638,6.668460074712892,1.9600000000000002,0.20265143264722618,0.18779360320808963,0.16956548569298752
2020-04-20,19850000.0,6.6,21.2,8.941131201631087,9.341231549900781,0.0,0.8247811051477483,0.7756423698229081,0.560615016943016
2020-04-21,24240000.0,3.8,16.6,4.410377061973563,11.131060600474527,0.0,0.9541256585333737,0.8992781857234668,0.6371568963355405
2020-04-22,25220000.0,2.7,14.5,4.206436961582735,11.777554036802169,0.0,0.8607442620468413,0.8061010752785304,0.5750844508056366
2020-04-23,22640000.0,1.2,16.7,5.089949962434247,9.97874591072387,0.0,0.9484425890261609,0.898909829654144,0.548946243070278
2020-04-24,24690000.0,5.3,16.8,5.399012502776998,7.877642242659037,0.0,0.7147458274770664,0.6576429711693061,0.569878432316236
2020-04-25,24860000.0,6.0,20.7,10.32062655020855,10.538441617174191,0.0,0.8126103407101608,0.7518330059188401,0.49715126644572794
2020-04-26,26100000.0,4.5,19.4,7.53296375138602,5.6179082406804755,0.0,0.6931478465874121,0.631418903640576,0.5107923848518294
2020-04-27,20070000.0,4.4,19.1,7.012349108323557,5.58797798899864,0.0,0.6274388271755926,0.5802032579179704,0.4876271814043306
2020-04-28,26180000.0,6.0,21.5,7.295584807302533,4.944477577839183,0.0,0.7588868157665941,0.6942965890898413,0.5800330778209168
2020-04-29,26080000.0,9.4,25.2,7.920440716174468,4.561370356311692,0.0,0.8539514228487587,0.7846465207864861,0.6825313506852091
2020-04-30,25460000.0,14.4,24.3,14.137782447442994,7.350869813058736,0.0,0.7505823458263021,0.6803136972834167,0.5958468356431436
2020-05-01,20730000.0,14.9,26.8,17.535084690740355,7.311960485872351,0.0,0.643436502138102,0.5847403714792387,0.5353428052297097
2020-05-02,16399999.999999998,16.1,26.7,17.718743430465377,6.9917067928767125,1.2400000000000002,0.577262569203955,0.5304092514672194,0.5083420234194076
2020-05-03,8210000.000000001,14.1,19.0,17.966243596105652,5.540089586307704,0.96,0.18859528198244332,0.16709735427800418,0.13573282855056357
2020-05-04,22880000.0,15.3,31.0,16.454468583829637,5.336563874871224,0.08000000000000002,0.8769083888611122,0.8097522096861944,0.704687851422317
2020-05-05,12300000.0,13.8,21.5,16.717870755668727,3.4419789434110535,0.33,0.3042679905938726,0.2713618224766834,0.2623549337647676
2020-05-06,26280000.0,9.7,26.1,11.61703904955259,6.842055534467537,0.0,0.9453483151573924,0.8747080001654162,0.6754803753927021
2020-05-07,26850000.0,8.2,21.7,8.320531486211214,6.333241255876338,0.0,0.7935009659539214,0.7254851301668774,0.6197251336843747
2020-05-08,21600000.0,15.0,23.2,14.03720345760902,8.530121729323046,1.85,0.7292597218763885,0.6699082705390701,0.565179093445418
2020-05-09,8039999.999999999,13.7,19.1,17.394946489913,10.170299521487616,1.1,0.2278167107606778,0.20682715695306048,0.14763922795498857
2020-05-10,16670000.000000002,9.1,24.9,14.23508935032468,5.432340680253097,0.0,0.5394568379036653,0.4954159251695132,0.4299715649623231
2020-05-11,26630000.0,12.1,27.2,12.658381397945874,6.964769566363062,0.0,0.9764292743435712,0.9025442214843755,0.722561583904723
2020-05-12,27090000.0,8.7,25.0,9.881825857226309,8.910235925682352,0.0,1.143353402841752,1.0719943335955597,0.7388487626508303
2020-05-13,27210000.0,9.6,24.7,8.740885488257442,5.683754794380514,0.0,0.9157570043424398,0.8436593222099162,0.7040150032063427
2020-05-14,20630000.0,15.3,25.8,10.791786858021405,5.5311105108031535,0.15000000000000002,0.7237056633389927,0.6655826494470602,0.6941244289152924
2020-05-15,4580000.0,14.9,18.0,16.994082852994723,5.462270931934933,1.9300000000000002,0.14788209932725063,0.13591334300913044,0.1338222484356853
2020-05-16,13370000.0,17.1,25.0,19.572579832269614,3.5796581011474955,0.020000000000000004,0.3779697961210437,0.3399888224427591,0.33312866684606907
2020-05-17,18450000.0,15.7,25.7,18.652661127239334,5.085149760743808,0.010000000000000002,0.5143796566208254,0.4622686339053135,0.42771941241375566
2020-05-18,12250000.0,11.6,23.2,17.19579427043767,8.377477445745685,1.02,0.3558053013631096,0.3231893394445836,0.28783127030996336
2020-05-19,16350000.000000002,9.3,19.5,11.020353430582087,8.27272156485926,0.05,0.5332804619049277,0.49235430696438387,0.41994292886858914
2020-05-20,22640000.0,12.5,22.5,11.807792474355399,4.731972790898152,0.0,0.603832950378776,0.5434374558330519,0.5221491221936299
2020-05-21,12720000.0,9.1,19.5,12.658381397945874,3.8191001146021772,0.020000000000000004,0.31119125058775776,0.27942143713260204,0.2792358115382301
2020-05-22,24530000.0,9.7,22.5,12.817718955958933,4.791833294261823,0.0,0.5872323347236668,0.5235812111291412,0.46706381774579686
2020-05-23,26580000.0,12.5,25.3,14.52260005114755,4.0136467505341065,0.0,0.6577257495021176,0.5849517269730999,0.5414649463355994
2020-05-24,18710000.0,14.3,27.1,17.464892364305648,6.488878564621881,0.05,0.6131619632081204,0.5603165846169426,0.5132826081977548
2020-05-25,12460000.0,15.8,24.0,14.26244046762805,3.3851114652155667,0.0,0.409827666785756,0.37510750045672314,0.4046431762970357
2020-05-26,17060000.0,15.1,26.0,14.674271352368114,5.453291856430381,0.0,0.5842824884928077,0.5362176015807202,0.5452767982806421
2020-05-27,25950000.0,12.8,27.4,11.234132827594836,4.767889092916355,0.0,0.8585199552788934,0.785961414905527,0.7105862190309045
2020-05-28,25310000.0,13.6,28.8,11.807792474355399,5.3904383278985275,0.0,0.9569859144645759,0.8849105714638779,0.7699961143082314
2020-05-29,23150000.0,13.3,28.4,12.351812496501521,4.055549102888675,0.0,0.7797157200851623,0.7141674603286411,0.6590194211559599
2020-05-30,20020000.0,15.4,27.2,11.877534617434161,4.7948263194300065,0.010000000000000002,0.6812382313720986,0.624134930662739,0.669741593176758
2020-05-31,17720000.0,17.7,26.1,17.600820533591193,4.956449678511916,0.11000000000000001,0.5651362034601506,0.5141081020962819,0.4984971471401832
2020-06-01,24590000.0,14.5,30.5,11.02970882732023,6.234471425326282,0.0,1.1612824038316076,1.0898097086815806,0.8985402993047675
2020-06-02,25920000.0,17.5,29.6,12.928507848365959,5.369487151721244,0.0,0.8712176036934691,0.7946902531583879,0.8231887047053226
2020-06-03,19390000.0,20.1,29.4,20.786343349466346,6.440990161930945,0.0,0.7010155755455503,0.6427868742473777,0.6104140477524092
2020-06-04,25340000.0,18.6,34.0,21.203471686566257,5.309626648357573,0.0,0.9643762338209493,0.8866968471666526,0.7717892189106333
2020-06-05,22890000.0,19.3,33.0,19.402891183919294,5.357515051048509,0.0,0.8788999978563001,0.808866179939755,0.7656765081045038
2020-06-06,19990000.0,18.7,30.5,15.457876720556337,4.854686822793677,0.0,0.7270556883700929,0.6671494297728227,0.7199226796603002
2020-06-07,27370000.0,16.4,31.4,11.61703904955259,4.130374732093264,0.0,0.9730948067407658,0.891877078329523,0.8364722882446578
2020-06-08,27600000.0,18.8,33.7,12.221461627707576,4.366823720379762,0.0,1.0653906430642581,0.9808374806487024,0.932973633251631
2020-06-09,27750000.0,21.7,34.7,17.099262557597378,5.034268332884688,0.0,1.0309069457011877,0.9438361417585235,0.9489610077858972
2020-06-10,22580000.0,21.3,33.4,22.493306506901877,6.695397301226544,1.04,0.8657635589311556,0.795630692097724,0.7811550349049651
2020-06-11,13890000.0,22.6,30.5,25.827830755446747,4.597286658329893,0.11000000000000001,0.5002250808518303,0.4575097554260923,0.4524561113754392
2020-06-12,10750000.0,20.5,28.8,25.663817511939133,4.357844644875212,7.57,0.3597548782367838,0.32751684576719675,0.3235730749246065
2020-06-13,7270000.0,21.1,25.2,26.45274421905983,4.372809770716129,6.890000000000001,0.2153657928927903,0.19402726917768304,0.17442248045673142
2020-06-14,11290000.0,16.8,28.8,23.55221748010991,6.521801841471901,2.92,0.38003869734449447,0.34707376719069655,0.3467344657215169
2020-06-15,26440000.0,17.0,29.6,19.81650102027708,4.268053889829706,0.0,0.7386141103938799,0.6608366360412312,0.6113821034459078
2020-06-16,24170000.0,16.5,29.5,17.808827447604255,3.941814146497702,0.0,0.7083339520790086,0.6375495618259889,0.6114118726704816
2020-06-17,16210000.0,19.4,26.9,19.36194912178401,3.5227906229520087,0.43,0.49822901225306576,0.45065026817852816,0.44987627279577325
2020-06-18,4580000.0,17.1,20.0,19.780004472461712,5.3904383278985275,2.2600000000000002,0.14495285923910822,0.13249252674861323,0.13027969502113562
2020-06-19,24080000.0,18.6,27.4,19.521022309897937,4.654154136525381,0.010000000000000002,0.6847732322863407,0.6142524165108869,0.5619574635220879
2020-06-20,20930000.0,16.8,27.4,20.317674520668636,3.2983137353382443,0.020000000000000004,0.5429271213919578,0.4824664993250374,0.45461657189872096
2020-06-21,25650000.0,15.5,27.0,18.627932709368228,3.7861768377521585,0.0,0.6414101536828681,0.568307418494312,0.5228072436618053
2020-06-22,27790000.0,18.0,28.7,20.75915430931635,3.6963860827066526,0.0,0.7239705223069357,0.6421616771366663,0.5849413878480805
2020-06-23,25030000.0,19.1,29.5,21.13160566504451,4.785847243925456,0.0,0.7321205345710304,0.6574238119465801,0.6080881646006246
2020-06-24,7640000.0,20.3,25.2,23.2024908737847,8.308637866877465,3.0100000000000002,0.34323296487062654,0.3209422478272017,0.2871881815310209
2020-06-25,9220000.0,19.9,24.9,26.098795251762894,5.722664121566899,0.68,0.2423293539746722,0.2155717266920131,0.16924847287363634
2020-06-26,25910000.0,19.4,30.3,22.922431353064294,4.651161111357197,0.0,0.7422493422224095,0.6643339683059323,0.6036111918368874
2020-06-27,19810000.0,18.9,29.4,22.72168235639087,3.097781049069948,0.0,0.5474310785356108,0.48843729099806366,0.4681399690943654
2020-06-28,24460000.0,19.3,30.0,23.160591182925067,4.214179436802403,0.06,0.6880127320711458,0.6146599623775552,0.5618620572864769
2020-06-29,8900000.0,20.3,26.7,24.159820345143483,11.861358741511307,5.44,0.4462821513368128,0.4200245351413865,0.3433360116704014
2020-06-30,15870000.0,19.2,26.9,20.10531754829017,9.811136501305594,0.03,0.6794409778333523,0.6329293482913098,0.5391333170959992
2020-07-01,18500000.0,18.4,26.7,21.142648080679525,3.9867095240204544,0.19,0.5145005825116986,0.46068789415085637,0.4255286711229104
2020-07-02,17860000.0,17.9,26.9,20.015655979696703,3.6275465038384316,0.04000000000000001,0.5031507066940841,0.45131868681682913,0.434554240918332
2020-07-03,6940000.0,17.9,22.1,21.126086350337832,5.05222648389379,1.7600000000000002,0.21441451477360934,0.19504277520413493,0.17882425682862296
2020-07-04,11010000.0,18.4,23.6,21.549168181791373,2.8194297084288804,0.09000000000000001,0.2911265475989627,0.259875319090069,0.24593336396226637
2020-07-05,14170000.0,19.8,25.8,22.24383717754924,3.432999867906503,0.05,0.4056084533763351,0.3642344002072194,0.3430573663848511
2020-07-06,9870000.0,21.6,27.4,25.83441028851711,4.57633548215261,0.08000000000000002,0.3356599347163097,0.306122475609009,0.2929011975779806
2020-07-07,21920000.0,20.2,29.0,25.657275953383863,5.046240433557422,0.16000000000000003,0.6154720052553853,0.5497819007805397,0.46590286591442964
2020-07-08,20290000.0,20.8,29.2,24.159820345143483,3.501839446774724,0.03,0.5777267584138438,0.5165864979341903,0.4785130617675731
2020-07-09,17620000.0,21.9,28.8,25.390323259202194,7.072518472417668,2.5,0.6070076558268587,0.553661561628375,0.4760940533094448
2020-07-10,6930000.0,22.8,26.6,28.37883630544453,4.914547326157347,1.46,0.23286352062720236,0.21206687640206376,0.19488175831881377
2020-07-11,16649999.999999998,20.3,28.6,25.390323259202194,3.570679025642945,0.4,0.4690563266146029,0.4192634227125042,0.38445274982368377
2020-07-12,4000000.0,18.4,22.4,22.34797009332508,5.650831517530494,7.8500000000000005,0.13417986100651252,0.1229385455803605,0.12930110812115828
2020-07-13,6130000.0,19.1,23.1,22.91650490373455,3.675434906529368,3.79,0.1836649997720937,0.16623693105691698,0.1616696339208681
2020-07-14,6240000.0,18.7,22.7,21.325578482780934,3.1636276027699854,0.63,0.1966136267993434,0.17898908578336536,0.18318500132428545
2020-07-15,6220000.0,18.0,20.9,21.8656391330407,1.8137732519192158,0.6200000000000001,0.14862503337984723,0.13142783239592065,0.13099190576058
2020-07-16,24340000.0,16.2,27.9,20.381763351661807,3.588637176652046,0.05,0.6105838150073906,0.540327445875154,0.49882054899393646
2020-07-17,27160000.0,17.5,28.8,21.05995292032667,2.2956503039967635,0.0,0.6560898798286081,0.5763712685353052,0.5381643221937202
2020-07-18,14660000.0,18.9,24.9,22.232293098315196,3.9238559954886005,0.0,0.39518179385815155,0.35296554295553784,0.31596799120385505
2020-07-19,7760000.0,23.1,26.5,30.138982338680748,10.586330019865125,1.22,0.24405537766717172,0.220735858652307,0.1493936904906513
2020-07-20,16070000.0,22.1,29.6,29.534575699947517,6.982727717372163,2.2399999999999998,0.49561404690264393,0.446637760972849,0.35917907408269534
2020-07-21,22870000.0,23.0,31.6,27.833469984974887,4.711021614720868,1.4000000000000001,0.7037842277118969,0.6327939667719439,0.5635900000672714
2020-07-22,4360000.0,22.4,24.0,27.64441639411454,2.594952820815116,2.2399999999999998,0.1165379117607539,0.10373118929190536,0.10844946394805896
2020-07-23,5690000.0,21.3,23.4,25.913478977185797,9.957794734546585,4.2299999999999995,0.18616140918730723,0.16966097695091395,0.1213035397893822
2020-07-24,9950000.0,20.6,24.2,24.359125765836115,7.3179465362087175,1.74,0.31619995704430337,0.2873237757577026,0.2304243268873103
2020-07-25,15010000.0,21.0,26.2,25.377363491844964,5.710692020894165,0.58,0.4350163509700689,0.3906679430773128,0.321905367568691
2020-07-26,19800000.0,21.6,28.0,24.71770044622643,4.624223884843546,0.010000000000000002,0.5775943296764141,0.5180934950766302,0.4559964180665824
2020-07-27,4770000.0,22.1,24.9,27.53291450394816,3.5197975977838247,4.13,0.14195777877392957,0.1278848766107628,0.1273345176189848
2020-07-28,5870000.0,22.6,25.1,28.143976301953586,4.603272708666261,1.99,0.17656651994676223,0.1591603654081863,0.1411843219759768
2020-07-29,8250000.0,22.9,26.7,29.98125733697911,4.69605648887995,2.74,0.23208458918794875,0.20729257477137214,0.17198572011588026
2020-07-30,12130000.0,22.0,28.9,29.43856372888879,3.941814146497702,0.32000000000000006,0.3487459756214654,0.31197225725017763,0.27718017954105373
2020-07-31,13440000.0,24.2,29.6,30.685262856462565,2.1938874482785233,0.03,0.38425215576540184,0.3427386902208364,0.3144519099106424
2020-08-01,18490000.0,24.8,30.7,30.700559790515637,5.507166309457685,0.05,0.5960164564355166,0.5383088977211725,0.45788008411695136
2020-08-02,15040000.0,25.4,29.9,31.898583281994686,8.081167954095516,0.78,0.5321414069448036,0.48525760961516706,0.38463007268057686
2020-08-03,11670000.0,24.5,29.8,31.3568588220743,6.961776541194878,0.18000000000000002,0.4166833659782713,0.3805253505473289,0.3245533611091088
2020-08-04,16870000.0,24.9,30.7,31.76436296377489,6.836069484131171,0.44000000000000006,0.5656964089787946,0.5130134230524617,0.42041510662294995
2020-08-05,16050000.0,24.9,30.3,32.39229243242053,10.930527914206232,1.9800000000000002,0.5830118601163219,0.5330097147422899,0.3867234346956894
2020-08-06,7070000.0,24.2,27.4,31.835359305409,8.141028457459187,2.68,0.2258175330393118,0.20428450695029426,0.15446019208925726
2020-08-07,5750000.0,23.9,26.7,31.03105663289339,9.011998781400592,7.720000000000001,0.19191267222382052,0.17451570512198292,0.1317058850317383
2020-08-08,4940000.0,24.7,26.4,31.898583281994686,9.317287348555311,4.59,0.15951635387135593,0.14452016098918916,0.1054838135640642
2020-08-09,17240000.0,25.0,29.7,31.724980238233726,11.699735382429399,1.21,0.6253968394889104,0.5718498676462016,0.39980150798408803
2020-08-10,8680000.0,24.5,28.6,31.930236305170624,9.622575915710032,2.6100000000000003,0.3226315667576959,0.29593833243837214,0.2299315377350221
2020-08-11,15780000.0,24.9,29.9,32.112773206464674,7.596297876849786,1.52,0.5191272463902215,0.4700851440884975,0.3662313193178533
2020-08-12,11770000.0,24.0,29.9,32.5771293020376,4.881624049307328,1.4800000000000002,0.35600379003778776,0.3196260054785512,0.2711602430042448
2020-08-13,17430000.0,26.1,31.7,33.178074652970416,7.763907286268061,0.15000000000000002,0.6270920156703832,0.5719591892326813,0.4667607500282749
2020-08-14,19180000.0,24.7,32.2,32.51273420188778,6.596627470676489,0.13,0.6337346893988539,0.5733783887860232,0.4775201196134865
2020-08-15,22080000.0,24.6,33.2,32.746695724047235,4.441649349584351,0.04000000000000001,0.6757629248495707,0.6059216851625677,0.5239825553661979
2020-08-16,24550000.0,25.0,33.3,31.898583281994686,3.8699815424612973,0.0,0.7380583179292638,0.6601851509340608,0.5778378989511664
2020-08-17,24510000.0,24.2,33.9,31.28679405513576,2.846366934942532,0.0,0.7087179938812797,0.6310589585008353,0.5692949806192459
2020-08-18,24850000.0,24.2,33.6,31.591397267723018,3.002004243688075,0.0,0.7148412064528633,0.6362381808087499,0.5659450420424437
2020-08-19,25250000.0,23.2,34.1,30.229435521071185,3.8161070894339937,0.0,0.7454384801157652,0.6657975548700076,0.6039749321084488
2020-08-20,25040000.0,22.7,35.2,28.629797931423273,3.3372230625246297,0.0,0.7527033276725252,0.6734544641806803,0.6353151031802662
2020-08-21,21930000.0,22.9,32.8,28.709070605674178,3.432999867906503,0.0,0.6407421377124375,0.5722165403473757,0.5318115854891966
2020-08-22,16399999.999999998,24.2,30.9,28.443185188952054,3.1366903762563334,0.12,0.4998367533585818,0.4487750270166265,0.426218587593547
2020-08-23,19560000.0,23.2,30.3,28.860941466636714,2.915206513810753,0.31000000000000005,0.5392329826991428,0.47892919675790385,0.4306759939710763
2020-08-24,23020000.0,23.0,31.5,29.159473192767365,4.052556077720492,0.010000000000000002,0.6559774142827,0.5845652396227534,0.513583705799531
2020-08-25,21920000.0,26.6,32.8,30.169107128197147,5.686747819548697,0.020000000000000004,0.7642048701304087,0.6942499391981678,0.6272692954471258
2020-08-26,11360000.0,25.0,29.7,32.057122429156884,12.983743179580129,2.77,0.48520908092622655,0.44992522941038143,0.3314287286262414
2020-08-27,10840000.0,25.0,28.8,32.28822439094027,7.665137455718007,0.91,0.3623565709830542,0.32887398418966957,0.2598618913684906
2020-08-28,10560000.0,24.8,28.6,32.256262154722634,4.025618851206841,1.1400000000000001,0.3095060515248303,0.2769698355485826,0.238260289041648
2020-08-29,15440000.0,24.5,30.6,32.93329363312174,3.471909195092888,1.04,0.4400286601539477,0.3919559129149362,0.33695280056269594
2020-08-30,17380000.0,23.6,31.3,30.0112445522804,3.974737423347721,1.4300000000000002,0.5203393074972373,0.4662918015030265,0.4239699567337064
2020-08-31,17370000.0,21.7,28.9,25.513729763494084,6.051896890067086,0.0,0.548250943427804,0.4956969749827745,0.44347980379958474
2020-09-01,14480000.0,24.4,30.3,29.07911600181424,4.902575225484614,0.45,0.48338361703514776,0.43840913024382405,0.4076155049614142
2020-09-02,11530000.0,23.8,30.0,29.482843050220847,18.182627896714912,8.1,0.6631074004213,0.6274935419593328,0.44306157998973583
2020-09-03,19700000.0,18.0,28.4,23.370753243795274,8.434344923941172,0.04000000000000001,0.5866969854361128,0.5288317485929211,0.4456648189093017
2020-09-04,22240000.0,19.0,28.2,21.17027621747155,3.2204950809654727,0.11000000000000001,0.5597947624541447,0.49408466308473137,0.4763283783722512
2020-09-05,3770000.0,17.5,22.6,21.021458824589498,5.546075636644072,3.6500000000000004,0.14969799888721616,0.13916573008902042,0.15494240852261792
2020-09-06,6530000.0,19.4,24.9,22.72168235639087,18.449007136683246,5.88,0.45572964811695427,0.4368517323625934,0.30201817034317613
2020-09-07,6480000.0,20.5,23.1,22.082696316638383,11.798505212979455,2.44,0.3517965269020487,0.3331654839706438,0.26722829816884336
2020-09-08,17210000.0,22.6,27.1,26.332067846134755,7.126392925444971,0.42000000000000004,0.521787348512109,0.4700342190214656,0.38125995344722985
2020-09-09,14250000.0,19.6,25.8,24.03597965217093,4.3847818713888636,0.87,0.3678191788622727,0.3262743234525886,0.2905289677884877
2020-09-10,15870000.0,19.2,26.6,22.83367521022918,2.8972483628016517,0.09000000000000001,0.3938808197664579,0.3474733425900132,0.33294094952823616
2020-09-11,8270000.0,19.1,25.2,22.63360661289094,6.464934363276413,1.0,0.2944178440839578,0.27050967206426957,0.25986090611518486
2020-09-12,12710000.0,17.9,25.2,20.392462012968597,7.775879386940797,0.04000000000000001,0.43583548980800285,0.399436853365547,0.36186210128276564
2020-09-13,12880000.0,19.4,24.1,20.85172426347978,2.469245763751408,0.06,0.3195999726419102,0.28259713065895214,0.28138296485150893
2020-09-14,16940000.0,18.4,26.7,21.13160566504451,3.2234881061336558,0.04000000000000001,0.42438895048050196,0.3751139807057631,0.3695735820307851
2020-09-15,18240000.0,20.0,27.7,22.019670959848064,3.364160289038282,0.05,0.4768192953507594,0.4227327095273138,0.4144918531681571
2020-09-16,8039999.999999999,20.1,24.1,24.484420159429728,3.079822898060847,0.29,0.20450239017075664,0.1812771918230242,0.17410623811124623
2020-09-17,4540000.0,18.5,23.5,22.598460019091316,1.837717453264684,1.1300000000000001,0.12688476957089326,0.11399825027658103,0.12977131722357532
2020-09-18,9180000.0,13.0,22.0,17.638480781976803,3.0229554198653594,0.13,0.20568710664683149,0.18119812078421013,0.1932407671999637
2020-09-19,18810000.0,12.7,24.9,16.216586448603433,4.283019015670623,0.0,0.43484450968882377,0.3834369680548068,0.39064187497095715
2020-09-20,21760000.0,12.3,24.4,13.108973634534525,5.534103535971337,0.0,0.5562081417913131,0.497224999623187,0.5093967358536302
2020-09-21,17200000.0,14.8,23.1,14.98587553633036,3.9268490206567837,0.0,0.41880861414122184,0.37167397210754793,0.3852792666783532
2020-09-22,10180000.0,15.5,21.3,15.495689582416224,6.940825365017593,0.0,0.3761982195359836,0.3485786491463185,0.33700935185683356
2020-09-23,10490000.0,17.0,22.7,17.567925658485294,8.431351898772988,0.13999999999999999,0.4143768432161809,0.38517130085293144,0.3513885878837667
2020-09-24,11800000.0,16.5,23.1,17.41357466713179,8.673786937395855,0.0,0.4423451349529076,0.4095207210978842,0.3699997251892066
2020-09-25,16730000.0,15.1,24.0,16.610281271277255,8.955131303205105,0.0,0.5375258278307078,0.49118923902372547,0.436663930681423
2020-09-26,16250000.0,15.5,23.8,16.12489474131194,8.066202828254598,0.0,0.5258037799525163,0.48071808303317987,0.4444952866098607
2020-09-27,16629999.999999998,12.6,22.4,15.174787226056795,6.985720742540346,0.020000000000000004,0.4306855305073759,0.38632258552966425,0.3632413721422523
2020-09-28,16390000.0,11.6,23.7,14.325130678287545,4.755916992243621,0.0,0.39798154719646983,0.3541334093557599,0.38091798893763607
2020-09-29,18470000.0,13.4,24.4,15.861126452917619,4.034597926711392,0.0,0.41198081057243696,0.3614113524794739,0.3797229824371765
2020-09-30,15600000.0,12.8,23.3,15.720016286556808,5.0252892573801375,0.020000000000000004,0.37315486066815023,0.331104092294117,0.341919886140679
2020-10-01,16030000.000000002,13.9,23.9,17.15896409033801,3.109753149742682,0.020000000000000004,0.33504636571819313,0.2911574424247336,0.30556546018112307
2020-10-02,15600000.0,17.5,25.1,18.51455158351444,3.675434906529368,0.06999999999999999,0.3868946865557989,0.3423986080809732,0.357008261097261
2020-10-03,14470000.0,18.6,25.1,20.42458750283846,2.5350923174514453,0.32000000000000006,0.33206906643667977,0.29043269739011235,0.29853172067455375
2020-10-04,8950000.0,10.5,23.3,14.203887344901192,7.695067707399842,0.0,0.3734405592771636,0.34984170059042047,0.35977883492042945
2020-10-05,19470000.0,10.4,18.9,9.203766090412302,8.461282150454824,0.0,0.5827823533736536,0.533779632807837,0.4913388359929045
2020-10-06,18960000.0,12.1,21.1,10.853146326258422,5.57899891349409,0.0,0.47965464189847423,0.4299582015490988,0.45590013259849893
2020-10-07,17680000.0,14.7,21.3,12.982416884668034,7.395765190581488,0.0,0.5273204202795021,0.4797074636047534,0.4596657659461741
2020-10-08,17150000.0,14.5,21.3,11.718653434973518,10.409741534942299,0.0,0.681028613169682,0.634929625265862,0.5565466276068493
2020-10-09,13460000.0,15.5,20.8,12.842662590423883,10.140369269805781,0.0,0.5918243094243387,0.5554742965024025,0.49012049673972813
2020-10-10,12810000.0,11.6,21.4,13.225630160821535,7.249106957340497,0.0,0.3925041649216918,0.35899465287819443,0.3653064994962706
2020-10-11,11780000.0,11.6,21.4,13.765739803871314,3.7412814602294056,0.0,0.27217439862152304,0.24135925015373227,0.2788814412758832
2020-10-12,12590000.0,11.6,22.7,12.821279723028685,5.423361604748546,0.0,0.367442668612118,0.3340832486176869,0.38279300502950414
2020-10-13,17510000.0,10.0,20.7,7.521825299522438,7.066532422081302,0.0,0.5675543543136135,0.5228197193935011,0.5656836231921465
2020-10-14,11840000.0,8.8,19.9,7.911125370677913,6.117743443767125,0.0,0.43614334334663,0.40653885295874825,0.46415419524356816
2020-10-15,17130000.0,11.1,19.9,10.933372605147468,5.815447901780588,0.0,0.41389802649247553,0.36999615076815356,0.39384615315572596
2020-10-16,5980000.0,8.9,17.6,11.054690732212595,3.684413982033919,0.0,0.18539898601373522,0.17081279467739757,0.2126320934249188
2020-10-17,16469999.999999998,9.3,20.4,10.706396662283645,5.076170685239258,0.0,0.3644206102198101,0.322788708482746,0.3687004933626487
2020-10-18,17130000.0,8.4,20.2,8.1900297596515,4.956449678511916,0.0,0.40360350692059005,0.36081915908357604,0.43545591192099486
2020-10-19,15180000.0,8.5,21.6,10.979894030393334,3.9388211213295183,0.0,0.3343326776662035,0.2957966836211248,0.34223410754944206
2020-10-20,16420000.000000002,9.2,22.2,11.564896828988594,3.690400032370286,0.0,0.33670554337504993,0.2944475470165876,0.3439098929282246
2020-10-21,6700000.0,13.7,19.7,15.08828719526594,3.573672050811129,1.64,0.18210402617966187,0.16450754215068392,0.19484892460128056
2020-10-22,6510000.0,7.9,19.0,10.853146326258422,7.198225529481377,0.0,0.28425253787689664,0.2683004677933561,0.3014035410588369
2020-10-23,16640000.0,5.0,15.4,6.305238298559089,7.689081657063474,0.0,0.4409657397903765,0.40331466934661203,0.40745459549618934
2020-10-24,16340000.0,4.6,16.0,6.2786187188770235,6.6744461250492595,0.0,0.4020004727934876,0.3649313204156709,0.3990961872791054
2020-10-25,15860000.0,6.0,19.2,8.873937886811946,5.429347655084913,0.0,0.37049654345119326,0.33239521589886906,0.36162747949829777
2020-10-26,15220000.0,7.1,20.6,10.012852884940617,4.1543189334387325,0.0,0.3257423169750945,0.2881074485627144,0.33263695253271325
2020-10-27,14620000.0,11.2,20.7,10.270712711801316,2.9690809668380567,0.0,0.28204081735572417,0.24422064894716816,0.3202412453350702
2020-10-28,11630000.0,6.2,20.7,8.482522079272293,5.848371178630607,0.0,0.4467226898044955,0.4182245983956512,0.4142226261589322
2020-10-29,14250000.0,8.4,18.6,9.569098982132243,5.318605723862123,0.0,0.31935856304988647,0.28440052153583173,0.3375910857447201
2020-10-30,14040000.0,6.0,18.9,9.481365444533235,6.039924789394353,0.0,0.3352246522700004,0.3016157775142842,0.3322515730802368
2020-10-31,14100000.0,8.5,17.7,9.822513001413089,2.6757645003560713,0.0,0.21751269379155258,0.1832396963873251,0.24219233218660846
2020-11-01,4130000.0,11.4,15.8,12.76795940885548,2.119061819073935,0.42000000000000004,0.10223649186260546,0.09208169050580657,0.1220336756482177
2020-11-02,11220000.0,3.6,17.5,6.809908758368009,5.776538574594202,0.0,0.37991325774392914,0.35429353081145953,0.364507039533542
2020-11-03,14400000.0,1.8,10.4,4.266722463296255,9.269398945864376,0.0,0.4323267060156355,0.40334025532697265,0.35951683899830594
2020-11-04,15000000.0,2.1,11.4,3.4304439901945294,7.057553346576752,0.0,0.40454394579658837,0.3737448033811398,0.3951162249397959
2020-11-05,13230000.0,6.4,15.5,6.272927465767769,2.744604079224292,0.0,0.21752404286894328,0.18700332212630894,0.2693166025680023
2020-11-06,5200000.0,9.3,16.2,11.11736348374561,1.6641219935100398,0.06,0.10857261902545094,0.09603599828295092,0.1343052222332711
2020-11-07,12800000.0,4.7,21.6,9.693684286144544,4.830742621448209,0.0,0.36084473099790493,0.3296955522080157,0.34509088367150403
2020-11-08,13620000.0,2.3,17.9,4.106334752948762,9.146684913968851,0.0,0.8348680391530191,0.804131156398036,0.5685110996495035
2020-11-09,14080000.0,3.8,11.8,3.8739153642334485,6.144680670280776,0.0,0.3579705305433724,0.32815039180854827,0.3752504280046954
2020-11-10,13720000.0,1.7,14.1,4.565454693017426,5.638859416857761,0.0,0.32693704768784293,0.2977954076242692,0.3573045221716548
2020-11-11,13400000.0,3.5,16.0,6.83032664602823,3.9118838948158663,0.0,0.23156755176152638,0.20160658541524037,0.27640248750579444
2020-11-12,13050000.0,2.8,18.1,8.127842128500435,3.28634163466551,0.0,0.23552101633759298,0.2057997550680628,0.250545943708429
2020-11-13,13000000.0,6.5,19.8,8.274406575394275,5.605936140007742,0.0,0.3622763991860456,0.3306405144775644,0.38311762633730423
2020-11-14,11230000.0,7.3,19.2,10.104902299032156,5.040254383221056,0.0,0.2430428063333606,0.215651012235188,0.2909025865968037
2020-11-15,10840000.0,6.5,18.4,9.65477216491401,3.7652256615748736,0.0,0.19530455860310164,0.16935582624185064,0.24695195315310386
2020-11-16,11940000.0,11.2,21.4,10.90245478618804,3.4060626413928508,0.0,0.24021130952025813,0.20910304282388795,0.3029073112945764
2020-11-17,8810000.0,13.3,21.4,14.998132628502823,4.408726072734332,0.020000000000000004,0.20812374367071232,0.1846894639780988,0.23689402623486747
2020-11-18,7350000.0,17.1,22.1,19.351725437555,10.517490440996905,0.6200000000000001,0.2691487168055087,0.24877386131660054,0.22887927533069571
2020-11-19,2530000.0,10.0,20.4,15.554670944002051,9.859024903996529,2.68,0.13676910283641336,0.13032590724534932,0.16109484429341558
2020-11-20,10990000.0,2.2,13.7,6.9022158109089204,8.808473069964114,0.0,0.2900232763605901,0.26664663386627824,0.28279851860637156
2020-11-21,11020000.0,6.5,14.8,8.982703512394506,4.22016548713877,0.06999999999999999,0.17503188574021475,0.14980384634795646,0.20581164297430163
2020-11-22,2560000.0,1.6,10.9,8.047148619027654,7.671123506054374,0.27,0.11608480976888122,0.11090778830280468,0.12572228360957294
2020-11-23,12200000.0,2.1,10.8,4.133781121662929,7.874649217490854,0.0,0.3578526781120793,0.3330294493602406,0.34721406622894485
2020-11-24,10480000.0,3.2,13.3,5.364238124661002,5.387445302730344,0.0,0.2563335454446334,0.2338498862548802,0.3026617732345949
2020-11-25,11830000.0,4.4,12.5,5.222275326194369,7.291009309695066,0.0,0.3368809942636068,0.311357123164645,0.34507271541416873
2020-11-26,8510000.0,5.9,14.6,8.21165383443372,4.004667675029556,0.0,0.16844104906305166,0.14916036443737543,0.2112053657892377
2020-11-27,10450000.0,0.5,12.4,5.206172815096502,9.903920281519282,0.0,0.3599321858574761,0.3386696661479093,0.3309701266880051
2020-11-28,11590000.0,-1.1,6.8,3.212451118591157,9.445987430787204,0.0,0.3568222750712978,0.33585806868181445,0.29903575128584997
2020-11-29,11040000.0,-1.0,7.9,4.48873215936358,7.970426022872726,0.0,0.2469199920162144,0.22653226881258312,0.23319549806828604
2020-11-30,11780000.0,-1.5,7.8,3.6344893594965857,8.155993583300104,0.0,0.2936887222691683,0.27215755830218014,0.27561731008856616
2020-12-01,11330000.0,1.1,10.1,3.692190947789577,6.14767369544896,0.0,0.2799265733765245,0.25747296846426954,0.3100224143570535
2020-12-02,6780000.0,0.3,10.6,3.3687321275427364,6.58166234483557,0.0,0.3161183224240623,0.302745368969214,0.337514922587209
2020-12-03,11080000.0,-1.9,8.5,3.2334714537070988,9.12872676295975,0.0,0.35358255144674094,0.33322587360927297,0.318748886391652
2020-12-04,10850000.0,-1.8,7.4,2.8167608015007053,7.389779140245122,0.0,0.30336517387104134,0.2837737802073558,0.29951200375787185
2020-12-05,11060000.0,-1.6,8.8,4.820637305638828,5.806468826276038,0.0,0.17478149080117927,0.1542521541947319,0.20183086997311098
2020-12-06,11240000.0,-0.6,9.9,5.202957592501233,5.06120555939834,0.0,0.16305307731314253,0.14144662856219076,0.20148414893974492
2020-12-07,7720000.0,-1.1,11.3,4.971397308386138,6.4469762122673115,0.0,0.23272629062126793,0.21766835618155506,0.2552481540114318
2020-12-08,10810000.0,-3.1,6.9,3.09595073760209,6.7193415025720125,0.0,0.24235385999715678,0.22344989266411375,0.25401834947574486
2020-12-09,11200000.0,-1.2,9.7,2.346717328496618,4.9803938798573855,0.0,0.24869788737455684,0.22744997818665197,0.3131675572913769
2020-12-10,4530000.0,0.1,10.8,5.80375262589671,3.902904819311316,0.0,0.13131527059135792,0.1223802441679858,0.17514240509539786
2020-12-11,6600000.0,2.3,11.0,6.48266254582284,3.896918768974949,0.0,0.13146160901938606,0.1179508378005647,0.17109498249700789
2020-12-12,10680000.0,-1.9,8.9,3.259918636741689,6.740292678749297,0.0,0.267997992460011,0.2482413870411558,0.2906595582903797
2020-12-13,9600000.0,-5.0,10.7,3.480759139519667,11.008346568579004,0.0,0.5850257687674792,0.5676611111886147,0.3437244695386922
2020-12-14,11220000.0,-7.0,-0.4,1.382188395880959,11.056234971269939,0.0,0.3566637118083565,0.34097252509497966,0.24755166469534853
2020-12-15,11490000.0,-5.9,-1.0,1.666929025776928,9.006012731064224,0.0,0.2769914488966779,0.2607466921934433,0.21720346459097964
2020-12-16,11280000.0,-5.9,0.4,2.0243341169934905,9.957794734546585,0.0,0.29072429839450564,0.27429018369276514,0.21890624048244595
2020-12-17,11280000.0,-3.7,3.6,2.201097997545306,6.608599571349223,0.0,0.2413922058137655,0.2230554633405867,0.24265316004730733
2020-12-18,7730000.0,-4.9,8.0,3.0406174819640666,7.249106957340497,0.0,0.2885785151534788,0.27523179123470864,0.2695426194076421
2020-12-19,11510000.0,-3.7,2.0,1.5399830162614827,9.46993163213267,0.0,0.36447088912803804,0.3463390979050679,0.29015684005523423
2020-12-20,10700000.0,-4.4,4.6,2.5278221843112414,7.096462673763137,0.0,0.2427766219714687,0.22528161111013353,0.2402478198763937
2020-12-21,9880000.0,-3.8,5.5,3.912446133330933,3.1965508796200046,0.0,0.09721072326642288,0.08058890036459246,0.1353833429290358
2020-12-22,9690000.0,-2.2,8.8,4.187836135318358,3.8699815424612973,0.0,0.13840879630904274,0.12060588942771922,0.18964240738433852
2020-12-23,7620000.0,-0.5,8.1,5.385741666653421,3.0439065960426444,0.0,0.09562406414916448,0.08138387551797559,0.13246606602828984
2020-12-24,9670000.0,-3.0,11.3,4.107638049154268,6.635536797862874,0.0,0.3155041525840327,0.297219723237811,0.2845557289584917
2020-12-25,10300000.0,-4.2,6.2,3.317701295423453,4.938491527502816,0.0,0.16111694354729442,0.14369092065396744,0.19617819835433015
2020-12-26,10170000.0,-1.2,8.4,4.183859745637144,3.1755997034427197,0.0,0.12333105257394081,0.10445371502533593,0.17443856137792027
2020-12-27,5440000.0,-0.1,10.3,6.282415423036201,3.1636276027699854,0.17,0.09527228580818162,0.08466151335325442,0.13543673083367888
2020-12-28,10800000.0,-0.2,12.6,6.698571288808527,3.738288435061222,0.0,0.12331688629924457,0.10150988722463213,0.16802404462050094
2020-12-29,8600000.0,-6.1,13.0,5.314904327676912,9.616589865373665,0.43,0.340472394724908,0.32459065382352853,0.2716146408331127
2020-12-30,10670000.0,-9.3,-3.0,1.5563945567085549,13.648194766916872,0.0,0.3312828989173141,0.3179336417343689,0.1906300011994309
2020-12-31,11470000.0,-7.6,1.5,2.3293370601532093,7.946481821527258,0.0,0.2111382903712815,0.19463971391281265,0.188983808443568
2021-01-01,7500000.0,-3.5,3.0,3.582204618799982,4.55239128080714,0.0,0.12552339093421358,0.11342583879949401,0.14243184040424292
2021-01-02,10090000.0,-3.8,3.5,2.34038391859279,8.87431962366415,0.0,0.309104650610526,0.2927659037968675,0.2586202831539187
2021-01-03,11070000.0,-4.0,2.9,2.423101544600548,7.530451323149747,0.0,0.25192096592516433,0.2342738069205176,0.23000320608788472
2021-01-04,11310000.0,-3.3,6.1,3.439341420937335,3.537755748792926,0.0,0.12866850390033596,0.10924777172988247,0.17140335678679502
2021-01-05,8320000.0,-7.2,3.9,2.2449048590579177,10.316957754728609,0.0,0.3211190959256314,0.3084290075797992,0.25317451024219473
2021-01-06,11520000.0,-9.5,1.2,2.218377741311629,9.17960819081887,0.010000000000000002,0.22383906124296543,0.20804457391376632,0.1860816021955614
2021-01-07,11700000.0,-13.2,-5.9,0.9899035984685628,11.879316892520407,0.0,0.27017478485127755,0.2578087697743948,0.1653898527423036
2021-01-08,12150000.0,-11.5,-5.3,1.1120659477795891,9.107775586782466,0.0,0.22513114906211187,0.21151053220064847,0.16408909688318216
2021-01-09,11990000.0,-8.6,-0.4,1.579632999003518,8.988054580055126,0.0,0.26681139546033233,0.25062721899622664,0.21073595490811842
2021-01-10,11640000.0,-6.3,2.5,2.26095637947981,5.321598749030307,0.0,0.17791786098974993,0.16034534192401598,0.19199738352497014
2021-01-11,7050000.0,-6.2,2.7,2.716741572450744,4.079493304234145,0.03,0.132399958247182,0.1216909122483643,0.15531381994153412
2021-01-12,11790000.0,-3.5,4.9,3.1193541711685757,4.681091363039032,0.0,0.16764645068760517,0.14792298487380268,0.1927982897712262
2021-01-13,11510000.0,-1.8,11.2,5.183703144679202,5.9920363867034165,0.0,0.2220650071191077,0.19990340228069617,0.2345573815700282
2021-01-14,12180000.0,1.1,13.2,5.066355102102547,4.303970191847909,0.0,0.20532791686012386,0.18001815304228946,0.26671299354320155
2021-01-15,9160000.0,-2.0,15.1,7.597854369200004,7.6382002292043545,0.0,0.24002615666321508,0.22133159126233468,0.2241488593917821
2021-01-16,12240000.0,-5.5,5.1,2.5981185140648444,11.220851355520033,0.0,0.3678228841077337,0.34804116390916734,0.27526780386655936
2021-01-17,12780000.0,-5.0,1.2,1.9864360499729576,6.1716178967944275,0.0,0.22254354231220116,0.20325000333796747,0.21286099534977523
2021-01-18,8359999.999999999,-7.1,5.5,2.6674824666369283,9.457959531459938,0.010000000000000002,0.3202267223113514,0.30703092510741536,0.2525959459220787
2021-01-19,12820000.0,-5.4,4.5,1.4622981724739608,3.8340652404430946,0.0,0.1877323339757274,0.16721485144071974,0.23186766516716556
2021-01-20,12610000.0,-1.9,9.1,4.612910656124924,2.7146738275424567,0.0,0.12490350116381568,0.10149708754651898,0.16624481746740843
2021-01-21,8380000.000000001,2.0,11.4,7.573182834537907,2.520127191610528,0.5599999999999999,0.09770340374441736,0.08052287815802112,0.12576921071863215
2021-01-22,3500000.0,6.1,11.7,10.594472169499502,5.339556900039408,0.17,0.0693135893969436,0.06166671060967873,0.07570680821769257
2021-01-23,3870000.0,4.6,12.1,9.150701766036088,7.033609145231282,0.2,0.1326632777122261,0.1243370710352834,0.13696953309742563
2021-01-24,8430000.0,2.6,11.5,7.304257403823636,6.057882940403454,0.0,0.17824263567740323,0.16077727031365355,0.1876173940378143
2021-01-25,12110000.0,2.3,13.3,7.367406441721098,5.402410428571262,0.17,0.19495883319182658,0.16931097239078102,0.21773272118789366
2021-01-26,1400000.0,0.1,7.2,7.77025936730722,7.823767789631733,0.9800000000000001,0.0173744593613245,0.014771393695214453,0.04054946138949285
2021-01-27,13430000.0,-1.0,10.3,4.322314827741481,4.758910017411804,0.0,0.21841436342686169,0.19259811727692552,0.2516464386540834
2021-01-28,11370000.0,-7.1,10.9,2.585130934421779,12.968778053739213,0.0,0.8194078743921281,0.7995246081038118,0.41545062837705843
2021-01-29,14100000.0,-5.8,-0.1,1.7585043771105504,7.228155781163212,0.0,0.26360928178809784,0.24324075732847197,0.2195136305710963
2021-01-30,12420000.0,-3.9,10.5,3.8850668840298215,5.926189833003379,0.0,0.31531679693570175,0.2924982104066988,0.2755096272008865
2021-01-31,12120000.0,1.2,11.3,5.894663951650146,5.881294455480626,1.26,0.2320156259907702,0.207505664987314,0.24061504450388616
2021-02-01,3080000.0,-3.1,10.6,6.958129014933353,6.452962262603679,0.18000000000000002,0.1029187552855837,0.0971725876122561,0.12197829929503246
2021-02-02,14960000.0,-4.9,2.4,1.9471570628588903,8.503184502809393,0.0,0.33553116715116293,0.31233948651523746,0.2637374622346099
2021-02-03,14810000.0,-3.2,5.3,2.7695623968101444,5.752594373248734,0.0,0.2553212199092209,0.23021817736498873,0.2477389798130747
2021-02-04,14950000.0,-3.8,6.5,2.235019135180009,6.6804321753856275,0.0,0.3202432031412744,0.2946193791535796,0.30324421669953083
2021-02-05,11030000.0,-1.0,8.5,3.253553850567624,3.699379107874836,0.0,0.21122195911999614,0.19064396254960553,0.24512353046135904
2021-02-06,14680000.0,0.3,13.7,6.732811683545768,4.588307582825343,0.0,0.23342913302699012,0.2030602447327642,0.23563236345739727
2021-02-07,14060000.0,-3.3,14.5,4.508512659556037,8.655828786386753,0.0,0.5678532993663701,0.5399894260154166,0.39131723167270804
2021-02-08,15610000.0,-4.4,4.8,2.011169837983178,10.463615987969604,0.0,0.44916650121644086,0.42354501521825155,0.3236583179836652
2021-02-09,15540000.0,-3.3,7.5,2.809310161579893,5.89326655615336,0.0,0.29223482249037114,0.26486270789689464,0.28690467301790545
2021-02-10,14930000.0,-0.9,11.9,4.370278750295975,5.519138410130419,0.0,0.3141721446557943,0.28467737953786315,0.30798569857678126
2021-02-11,12180000.0,0.9,13.5,6.204987285201739,3.250425332647308,0.0,0.20047363417438285,0.1751263439754614,0.226465267398003
2021-02-12,12890000.0,0.4,15.3,5.518065247715889,2.50516206576961,0.0,0.23635808242342424,0.20901880804093817,0.24836439893049717
2021-02-13,15590000.0,3.2,18.5,6.523774743589527,2.9930251681835247,0.0,0.31835125340249837,0.28247767841417515,0.31767919463422156
2021-02-14,5090000.0,7.2,13.8,11.821048852843557,2.7146738275424567,1.1900000000000002,0.08196160457454373,0.0703541352119593,0.089672692935941
2021-02-15,12580000.0,-3.8,11.7,3.7796626467456975,11.62490975322481,0.0,0.6956375773460375,0.6720092598714625,0.38435710336182966
2021-02-16,14240000.0,-6.1,7.6,2.5185221094685484,11.295676984724622,0.04000000000000001,0.5635568544354037,0.5396898298272845,0.3408914044254694
2021-02-17,15790000.0,-7.4,-0.3,1.5824200071206325,13.947497283735226,0.0,0.475644047495302,0.45370646579020313,0.25689125722891004
2021-02-18,16399999.999999998,-5.8,1.5,2.3898684338786778,7.108434774435871,0.0,0.27515594013891687,0.25065248041296545,0.21484618781614442
2021-02-19,17100000.0,-0.5,11.8,4.802641408317417,6.794167131776601,0.0,0.35571379127654545,0.3217719172384209,0.3207888743337438
2021-02-20,16559999.999999998,2.5,19.3,7.943771439138874,6.746278729085665,0.0,0.5106663966912418,0.47251217050192046,0.40037133359610905
2021-02-21,16790000.0,7.8,21.7,9.783145540010425,7.320939561376901,0.0,0.5518021082663341,0.5094528135616373,0.4716869984774899
2021-02-22,15180000.0,-0.7,22.7,5.104153532097792,10.984402367233535,0.0,1.0339391205425672,0.9988753846074163,0.724159692436948
2021-02-23,15390000.0,0.8,11.4,2.030596586860634,7.380800064740572,0.0,0.5110807208737074,0.4801014517001991,0.4734325546787576
2021-02-24,13000000.0,0.8,12.7,5.301816661202433,4.573342456984426,0.0,0.27169282598215194,0.24500023588876313,0.28607697558130357
2021-02-25,4680000.0,5.7,10.0,8.675021348191075,3.872974567629481,0.97,0.11995091930555654,0.11002479020470049,0.12319374574929405
2021-02-26,13520000.0,4.8,13.3,6.576971762979051,8.578010132013983,0.010000000000000002,0.4194592278616077,0.3897980068213466,0.34827936813868077
2021-02-27,11230000.0,2.3,9.7,5.900050683192513,7.033609145231282,0.0,0.28969613676863937,0.26716062143298175,0.24592988749804273
2021-02-28,8450000.0,7.0,14.1,9.640908367728787,3.3671533142064654,0.06999999999999999,0.17811551111232832,0.1588207969786948,0.1828801782699779
2021-03-01,3110000.0,2.9,14.8,11.057816969007131,11.63388882872936,5.6000000000000005,0.06923352172398774,0.062448122628836936,0.09347093019891288
2021-03-02,8680000.0,-3.3,7.4,5.00235585932138,5.812454876612405,0.0,0.18341869068394676,0.16815721045434068,0.17188852875293334
2021-03-03,15810000.0,1.3,10.1,5.693164117124856,3.7203302840521206,0.0,0.2438330751803704,0.2124023933908487,0.2306038129532133
2021-03-04,6400000.0,5.9,12.3,9.283871123805648,3.9238559954886005,0.38,0.1496057417685676,0.13554563538392386,0.1503845421053176
2021-03-05,14850000.0,6.4,17.8,9.034908459336442,6.327255205539971,0.0,0.3742955207305647,0.33904561323328697,0.3530012820553239
2021-03-06,10720000.0,2.2,11.3,6.527702182034491,8.676779962564037,0.0,0.3247128907709934,0.3027017703247528,0.26064477479154763
2021-03-07,13140000.0,0.5,11.1,6.186230840426046,3.6933930575384695,0.0,0.2189426960287275,0.1927380796548477,0.21431291740566608
2021-03-08,18030000.0,3.8,14.6,6.820110951930224,3.621560453502065,0.0,0.3095848138757834,0.26986626895448884,0.3017176132206927
2021-03-09,14080000.0,3.2,14.0,6.265346222570128,5.917210757498827,0.0,0.35447619478079767,0.3239696099394884,0.33261425213256907
2021-03-10,19890000.0,0.0,15.5,6.288114284736147,5.818440926948772,0.0,0.4682739445114879,0.4262096629782207,0.3536998554315468
2021-03-11,13730000.0,7.1,15.8,8.507307198294049,4.274039940166073,0.9800000000000001,0.30893834703206435,0.2768631900824819,0.2990229007756325
2021-03-12,5370000.0,4.3,10.7,9.944301301125234,9.140698863632485,1.3900000000000001,0.10055033297791353,0.08927595483655842,0.07199644592950769
2021-03-13,18210000.0,3.1,16.4,7.8623782417386,3.9837164988522713,0.0,0.34245002668983415,0.30173441496103803,0.308930559368079
2021-03-14,17050000.0,2.6,16.6,7.41123788237645,4.387774896557047,0.0,0.3711718382644685,0.33320278792539526,0.32709315568271524
2021-03-15,17480000.0,10.2,16.8,10.522424486259046,5.881294455480626,0.49000000000000005,0.40317837017001434,0.3602965059127738,0.33663442619921474
2021-03-16,19080000.0,3.3,20.1,5.826807532025023,7.497528046299729,0.0,0.8127778479224261,0.7679275107606697,0.5733208722578004
2021-03-17,19910000.0,3.2,18.1,8.180435195557207,4.184249185120567,0.0,0.4191990718090269,0.37361919301593594,0.3520418869693796
2021-03-18,19850000.0,4.7,17.3,8.627167006504044,4.863665898298227,0.0,0.3943981402844833,0.34854733934161475,0.34541615832678724
2021-03-19,16420000.000000002,8.1,16.1,9.185162807992361,5.543082611475887,0.38,0.3837342564647698,0.3447575910704735,0.3329084636151643
2021-03-20,3960000.0,7.0,12.5,11.136226181249441,7.078504522754035,0.5900000000000001,0.11085311060036947,0.10199897427713867,0.09519557135355199
2021-03-21,19990000.0,1.5,14.2,4.925277586071006,10.451643887296868,0.0,0.669316739642617,0.6269185941883193,0.46651338640958234
2021-03-22,20490000.0,-0.9,12.9,4.4270646223933054,7.844718965809019,0.0,0.5717002295231216,0.5305824459765834,0.40420367931794543
2021-03-23,22030000.0,5.5,17.7,6.978938913803241,5.608929165175925,0.0,0.5070895666778282,0.45543251836309107,0.4544028367457614
2021-03-24,13920000.0,4.1,15.6,8.45780066649308,5.2527591701620855,0.0,0.31110284682316147,0.27989612962196786,0.28475453040108645
2021-03-25,22180000.0,5.7,20.7,7.65871280754123,4.642182035852646,0.0,0.5882822955278574,0.5342441103325146,0.48610024518529454
2021-03-26,20660000.0,6.6,22.4,8.276828567102019,5.716678071230532,0.0,0.7033654295485842,0.6515373627533465,0.5459633779598683
2021-03-27,7850000.0,12.7,19.0,14.8435245149287,11.87931689252041,3.0700000000000003,0.3417742835850514,0.3215090060126511,0.24965901934064744
2021-03-28,21340000.0,7.7,19.3,10.90245478618804,8.323602992718381,0.0,0.5200440509049108,0.4676928504901789,0.4004735336307797
2021-03-29,22060000.0,8.1,20.3,6.718694014777116,6.851034609972087,0.0,0.6680964647561438,0.613120445986916,0.6028384608877896
2021-03-30,20640000.0,4.2,19.6,6.801756713598065,3.570679025642945,0.0,0.5093477162064275,0.46059171655405623,0.4338983002465195
2021-03-31,22010000.0,6.5,21.1,9.050622006970249,4.043577002215941,0.0,0.5291874699455793,0.4748240178462493,0.4474244168665636
2021-04-01,14090000.0,11.4,18.5,9.00616273913002,7.76091426109988,0.0,0.5618249365821226,0.5261324551579345,0.4883869393003126
2021-04-02,17780000.0,12.9,20.5,12.644302694518412,6.342220331380889,0.0,0.4997052299220498,0.45300888872276196,0.41957379513279613
2021-04-03,5750000.0,10.7,19.1,16.042327816901338,7.26107905801323,4.53,0.14509457024841493,0.13054441751983492,0.12557211687214626
2021-04-04,8240000.0,4.5,13.2,7.620344574241776,9.670464318400969,0.06,0.3689727263479284,0.35099469144630696,0.28853512047084695
2021-04-05,23340000.0,3.0,15.5,6.658485525077801,6.8540276351402705,0.0,0.5333770231333086,0.4818907887561131,0.41409979583656015
2021-04-06,18770000.0,6.8,19.1,6.5120049549521974,5.890273530985177,0.0,0.5688698527966565,0.5234045787537012,0.52522214893217
2021-04-07,22630000.0,7.1,20.9,8.320531486211214,3.8939257438067654,0.0,0.5435544456508211,0.4874082543818732,0.4747678561243032
2021-04-08,23090000.0,5.0,20.2,8.11117064671155,4.684084388207216,0.0,0.5930240224116018,0.5375536785791197,0.46896573475407016
2021-04-09,14690000.0,2.3,15.6,7.332506244530971,6.764236880094765,0.04000000000000001,0.42500403117293384,0.39286462149206247,0.34015419378636014
2021-04-10,22830000.0,1.3,17.2,7.354301718408231,4.055549102888675,0.0,0.48176390142239967,0.4314026875907212,0.37258023862106776
2021-04-11,23330000.0,8.4,20.0,7.708618876265128,4.621230859675362,0.0,0.5582799123334881,0.500138909709459,0.5161042584324811
2021-04-12,4360000.0,11.5,16.0,15.357438035376392,9.227496593509807,2.14,0.10233043784635679,0.09157362393074778,0.0714613419433063
2021-04-13,18040000.0,5.6,19.5,7.974192027672042,10.170299521487616,0.0,0.7787412781934746,0.7354542404245404,0.5318086862503997
2021-04-14,23750000.0,1.5,15.8,5.07106631145337,6.57268326933102,0.0,0.6635532239194482,0.6120230260246988,0.480043678932879
2021-04-15,18640000.0,5.9,16.9,7.245893599239582,4.235130612979687,0.0,0.4316519132352864,0.3881605568055953,0.3973977953933714
2021-04-16,15630000.0,10.1,20.0,12.008017512055813,6.012987562880701,0.04000000000000001,0.4309394623435535,0.3912610969335021,0.3695002557687081
2021-04-17,20330000.0,4.2,20.4,5.96503187667885,9.080838360268814,0.09000000000000001,1.0247990902376576,0.9763077379404326,0.6436183516680802
2021-04-18,22740000.0,2.4,17.2,6.521811807584038,6.057882940403454,0.0,0.6200352625298445,0.5691231652111034,0.45253165970844317
2021-04-19,25650000.0,7.2,23.0,6.656486812828668,6.048903864898903,0.0,0.9264006649152602,0.8612160399269042,0.6855367188733625
2021-04-20,24670000.0,10.1,26.3,8.030623272089384,4.734965816066335,0.0,0.8783631155512032,0.8116774657022742,0.7087143360144026
2021-04-21,22590000.0,13.8,27.8,9.949998101130813,4.411719097902515,0.0,0.7729920167163095,0.7090821020324265,0.7037414555187324
2021-04-22,15340000.0,14.8,27.1,7.939100449178708,7.371820989236022,0.020000000000000004,0.8576317951831512,0.8141257693857586,0.8624208162235905
2021-04-23,10660000.0,11.0,20.3,10.4418867786201,9.107775586782466,0.020000000000000004,0.5557560212366984,0.5283502561997315,0.48104596959047835
2021-04-24,19350000.0,11.7,24.6,11.712074153705798,3.899911794143133,0.0,0.5456487939878437,0.4933922746684186,0.505755223242871
2021-04-25,24600000.0,5.4,19.9,8.702833344072198,7.1353720009495225,0.0,0.7123406219682701,0.6531726709902682,0.5037681479489641
2021-04-26,24460000.0,7.2,19.7,7.731398180000484,4.875637998970962,0.0,0.5988036174542348,0.5388669608884282,0.5171594896284212
2021-04-27,16500000.0,12.4,20.8,10.899367240902837,4.217172461970586,0.0,0.4690017110506238,0.42575322656936354,0.43672205441946527
2021-04-28,22710000.0,12.4,26.2,11.590942145206972,4.372809770716129,0.0,0.6916943007638794,0.6290708565488624,0.6065911439591849
2021-04-29,19900000.0,11.9,22.1,10.948860433443901,8.353533244400218,0.4,0.7017787360048183,0.6492044010672287,0.5782137509370234
2021-04-30,23510000.0,10.4,21.3,6.96436622182189,9.15267096430522,0.9300000000000002,0.8990848525015005,0.8383922823451776,0.7393713475471413
2021-05-01,14580000.0,8.5,15.8,8.342459177946667,10.577350944360576,0.33,0.6030419012846643,0.5683909979774227,0.4318809622389487
2021-05-02,19440000.0,5.7,19.2,8.085033555416821,4.854686822793677,0.0,0.5293883333121774,0.482852968265801,0.44537024269221953
2021-05-03,25830000.0,10.9,22.8,10.761221792746406,6.3990878095763755,0.0,0.7092693344369885,0.6412292916673632,0.5953759335401108
2021-05-04,8630000.0,14.6,19.2,17.29280347495793,11.969107647565913,2.32,0.29278067190299234,0.27002557129219984,0.18518124125909954
2021-05-05,26950000.0,6.2,23.5,6.424328058902128,8.051237702413681,0.0,1.156952584602029,1.0888299524336091,0.7754507215661915
2021-05-06,24810000.0,12.4,23.7,7.95312069466447,5.243780094657535,0.0,0.7407973978628217,0.6739205027756575,0.6986722566457634
2021-05-07,19620000.0,7.6,24.0,10.528411939763185,8.012328375227295,0.25,0.8507098590582878,0.8001118023797513,0.5906420720044173
2021-05-08,27310000.0,8.9,23.7,9.432327465960471,7.943488796359073,0.0,0.9877292442500842,0.9165762489839308,0.6904583214375579
2021-05-09,26720000.0,11.2,24.7,7.149535328999865,6.919874188840309,0.08000000000000002,0.9962324551521929,0.9243418750952342,0.8189164334429824
2021-05-10,14620000.0,13.4,19.8,10.718558729125753,4.57633548215261,0.010000000000000002,0.4675107304340484,0.4291899520633802,0.43349986749276664
2021-05-11,12480000.0,14.6,21.0,10.600495700311408,6.662474024376526,0.0,0.5703485466070511,0.5368656843829673,0.5286851721188242
2021-05-12,20790000.0,12.1,25.0,12.968021859042699,5.626887316185026,0.0,0.6475339436842991,0.5909727400866153,0.555864778351249
2021-05-13,25310000.0,14.9,29.9,15.784020117862841,3.4629301195883384,0.0,0.7517750555089349,0.6783221762763857,0.6308996969981985
2021-05-14,21740000.0,18.7,28.7,17.357742541059253,4.9744078295210175,0.24,0.6998130584031185,0.6354871370804169,0.6359633287958428
2021-05-15,5040000.0,19.7,21.3,23.924997873914453,6.898923012663023,4.09,0.12333716978146017,0.10914932778018502,0.0806047433838896
2021-05-16,4850000.0,16.6,22.7,22.76877854680701,8.263742489354712,4.420000000000001,0.11396614201500514,0.10050979554984937,0.08389786272758346
2021-05-17,6060000.0,15.9,19.6,18.10076384002347,3.3581742387019147,0.68,0.17393013083242373,0.15768700520578788,0.15813522850803757
2021-05-18,10570000.0,16.0,20.8,18.13935996628982,3.3910975155519334,0.22000000000000003,0.27187551614295996,0.2431978286165592,0.22872370899392966
2021-05-19,23970000.0,15.4,27.6,15.822532072817673,3.430006842738319,0.24,0.6337035149665716,0.5651135303219095,0.5649353051280557
2021-05-20,5100000.0,14.5,18.6,18.038198632064823,4.402740022397965,2.2399999999999998,0.12773783385940202,0.1143834573316749,0.1079246102465242
2021-05-21,17960000.0,12.6,21.3,14.96954642576905,6.728320578076564,0.010000000000000002,0.4858851006937073,0.4384826120790232,0.3686668255009846
2021-05-22,27170000.0,13.5,26.0,15.826816264154147,5.552061686980438,0.0,0.721812270759577,0.6462980151160245,0.5732544462137741
2021-05-23,21630000.0,17.9,28.8,17.91363658130956,3.852023391452196,0.06999999999999999,0.6340455475558386,0.5703706529522787,0.5749312880164343
2021-05-24,16830000.0,12.5,25.5,16.41018681479858,2.8822832369607343,0.16000000000000003,0.4281262222963247,0.38196414260143746,0.3805066621230839
2021-05-25,22560000.0,11.1,24.1,9.674210988922733,7.192239479145011,0.06,0.8322409122324046,0.7719436594231867,0.6867636765095331
2021-05-26,18680000.0,14.1,23.3,11.656281324658686,5.842385128294239,0.06,0.6344821464288729,0.5835223109406106,0.5722178482526397
2021-05-27,17780000.0,11.4,24.8,13.112605417024078,7.003678893549448,0.08000000000000002,0.6613620342964969,0.6133901659301437,0.5429582888992425
2021-05-28,22380000.0,11.0,24.2,15.839674945784942,9.251440794855275,0.7200000000000001,0.6546117452501058,0.5947955875430888,0.4525646297342035
2021-05-29,25030000.0,12.7,26.9,13.81509670353525,4.947470603007366,0.0,0.7644698384215926,0.694843136829115,0.6202093683225061
2021-05-30,25820000.0,14.8,26.6,14.28592100447533,4.851693797625493,0.04000000000000001,0.7229387203241371,0.6500115329791766,0.6327580246592962
2021-05-31,24460000.0,12.9,27.2,15.775473084117797,4.4296772489116165,0.0,0.6940618774958864,0.625727847043932,0.5595052329536567
2021-06-01,26250000.0,16.3,28.4,15.453680294342437,4.196221285793301,0.0,0.7401296341988356,0.6640072534949126,0.6601077285871136
2021-06-02,22440000.0,17.3,29.1,15.487279716404053,4.920533376493715,0.0,0.7300067394970938,0.6640932412858642,0.6838754365522315
2021-06-03,6720000.0,18.1,20.7,21.186868262043927,5.812454876612405,1.4800000000000002,0.18983284264415232,0.17126955063364696,0.14196541057331996
2021-06-04,24680000.0,15.6,26.4,14.118391324838374,4.570349431816242,0.0,0.7044691389478126,0.6344164305373224,0.6250476734968069
2021-06-05,24790000.0,15.1,28.0,18.47034993940579,6.521801841471901,0.020000000000000004,0.7467959131824176,0.6758028213328124,0.5842188744894774
2021-06-06,25980000.0,16.0,28.8,18.37245498544046,5.291668497348472,0.0,0.7624142721842713,0.687016966674132,0.6228768321820548
2021-06-07,26920000.0,18.2,32.2,17.113023643919277,4.351858594538845,0.0,0.9028151305897758,0.8214765361100465,0.7744126447029263
2021-06-08,26320000.0,17.7,32.1,17.436884481528754,4.163298008943283,0.0,0.8766653061932279,0.7974628193125609,0.7424444477071119
2021-06-09,26960000.0,16.1,32.0,16.251636745491524,4.235130612979687,0.0,0.9348912419181661,0.8547187217670646,0.7555430195383044
2021-06-10,18910000.0,20.6,30.5,19.79042604611129,8.221840137000141,2.0100000000000002,0.8302028974742142,0.7727984425345837,0.7395741268632583
2021-06-11,6360000.0,20.6,22.9,24.88915574737022,6.219506299485364,3.4600000000000004,0.18531429037543096,0.16704270070061628,0.13443456279322477
2021-06-12,7750000.0,21.7,25.1,26.79728777050537,2.879290211792551,0.91,0.21679258481458402,0.19396121278680922,0.18030510039701086
2021-06-13,18100000.0,20.5,28.9,25.202971501195602,2.7356250037197416,0.16000000000000003,0.4941824703185146,0.43986511671461737,0.40784742688864883
2021-06-14,12990000.0,19.8,26.9,22.827768835952014,4.1513259082705485,0.04000000000000001,0.4065151264543247,0.36827486381446145,0.35311497641073003
2021-06-15,5140000.0,19.7,23.2,22.946150556824367,4.59429363316171,1.51,0.1811660206262278,0.16646971741991617,0.1681470010852796
2021-06-16,12860000.0,19.0,23.1,19.331292253667776,8.68575903806859,0.0,0.4984577889995669,0.4619256033972676,0.3802582980522913
2021-06-17,9630000.0,18.7,23.4,20.323008509274565,2.8433739097743485,0.27999999999999997,0.28297004839880163,0.25561352061107684,0.25511327870424966
2021-06-18,12410000.0,17.9,26.7,22.140128991132958,4.283019015670623,0.03,0.37400214206508436,0.33804207908268874,0.32693011767709457
2021-06-19,25370000.0,16.3,28.7,18.076677827375345,4.049563052552309,0.0,0.7005783099322509,0.6268384857778713,0.5966174889494097
2021-06-20,25560000.0,18.3,29.3,20.75372023862452,4.23812363814787,0.020000000000000004,0.7114607679443555,0.6357228164859634,0.591365107527713
2021-06-21,25500000.0,16.1,31.1,17.999791244652492,4.684084388207216,0.0,0.8537872277288224,0.7784451623547198,0.690626332573753
2021-06-22,19130000.0,17.1,27.2,19.921102018526962,3.9897025491886384,0.15000000000000002,0.5326911934347343,0.4773872840348991,0.454064222101832
2021-06-23,15420000.0,18.4,25.0,20.548146049616236,3.1307043259199667,0.67,0.4163032305317194,0.3720382923154079,0.3508609393587651
2021-06-24,16120000.000000002,17.9,25.4,20.889946199823036,3.2444392823109407,0.19,0.4267511122974598,0.3805134351330036,0.3546745381940123
2021-06-25,21680000.0,19.3,28.2,21.09850869813629,3.7622326364066905,0.2,0.6115265961772167,0.5473318877899267,0.5139384472980248
2021-06-26,18870000.0,16.6,27.6,18.98680781291751,3.412048691729218,0.1,0.5215434370993227,0.4670335499324432,0.4622648546457846
2021-06-27,22300000.0,20.2,29.6,20.58588047566503,4.734965816066335,0.0,0.7034683972012873,0.6363629466906918,0.6118461935952032
2021-06-28,20250000.0,19.4,28.7,21.12056829737911,5.168954465452947,0.12,0.6383965665664857,0.5781779637081845,0.543389090686766
2021-06-29,21030000.0,20.9,29.0,22.30163626758014,3.3671533142064654,0.19,0.6077500672520305,0.5444230981645883,0.5174092923916763
2021-06-30,18640000.0,18.8,29.3,22.07696022451055,3.7742047370794243,0.06999999999999999,0.5467414081964481,0.49131055598515266,0.4776080306675251
2021-07-01,23390000.0,20.1,32.5,21.453893151977983,4.920533376493715,0.020000000000000004,0.7850390418288189,0.7133373506747542,0.6997428691476669
2021-07-02,18910000.0,20.3,30.6,22.580904631178278,5.602943114839558,0.0,0.6546999530779931,0.5973717573318222,0.5793730162629182
2021-07-03,8460000.0,21.9,26.3,26.919823656872136,10.248118175860387,5.5200000000000005,0.3362779822921437,0.31110211468586896,0.24375829428222703
2021-07-04,17910000.0,21.4,29.7,26.178570233880027,7.048574271072201,0.010000000000000002,0.6052702757525282,0.5509014873882353,0.4758395434655812
2021-07-05,4080000.0,21.5,24.4,26.99494734510597,5.159975389948396,13.330000000000002,0.12138210823848353,0.10944232405892351,0.10858829037360924
2021-07-06,3430000.0,23.3,25.8,29.482843050220847,6.20753419881263,6.120000000000001,0.11853793454141262,0.1082660019156105,0.1115507055145158
2021-07-07,7130000.0,22.2,27.2,29.697680033590387,5.031275307716505,3.5100000000000002,0.2113395381717746,0.18994270219410672,0.16456650523274888
2021-07-08,13420000.0,22.9,29.9,28.436029029276384,4.824756571111841,1.6100000000000003,0.44721351564320766,0.40602211573349,0.3747872182657222
2021-07-09,13420000.0,22.3,27.5,28.45750222430451,3.274369533992776,1.09,0.3692233157903611,0.32883967696290844,0.28652430791138794
2021-07-10,19170000.0,22.8,28.5,28.737944493501764,4.9803938798573855,1.02,0.5470454423269108,0.48877466391866464,0.39557161042217936
2021-07-11,18750000.0,24.2,30.1,30.555507109664603,4.408726072734331,0.39,0.5623285909735903,0.5042340931732331,0.4264546550334468
2021-07-12,19710000.0,25.2,31.3,31.96984109406287,4.181256159952383,0.51,0.6060022520054644,0.5441222569569257,0.465588840525837
2021-07-13,18480000.0,24.5,30.6,31.442679329790337,5.510159334625869,0.16000000000000003,0.5793492911222887,0.521811443390622,0.4308153011962995
2021-07-14,19370000.0,24.4,30.8,31.748604760992603,3.875967592797664,0.25,0.5701050300275039,0.5097597617474416,0.4318482851332478
2021-07-15,19890000.0,23.6,30.5,29.54197254043082,2.4273434113968384,0.36000000000000004,0.55607331040639,0.49452263852116873,0.44242275960772715
2021-07-16,20100000.0,22.2,30.1,28.129797056909478,3.310285836010978,0.27999999999999997,0.5639867090639333,0.5024891232132317,0.4452679079518898
2021-07-17,16800000.0,21.9,27.9,27.083965868036092,6.0339387390579855,0.5599999999999999,0.505141910935188,0.45458713207518775,0.3722905085632381
2021-07-18,17630000.0,22.8,30.2,28.500491079350994,4.100444480411428,0.65,0.5307375009280184,0.47655505349673144,0.4257473825247395
2021-07-19,11200000.0,24.3,28.8,29.203386011313082,2.8254157587652475,0.15000000000000002,0.3490553045067632,0.31461242151408736,0.2982698242664812
2021-07-20,23240000.0,22.7,32.4,26.519995151625295,4.717007665057235,0.0,0.7382582200306731,0.6659000175802439,0.6174863697574137
2021-07-21,24060000.0,23.7,32.2,27.833469984974887,5.716678071230532,0.0,0.7892231702176514,0.7139524970651225,0.6323277920545596
2021-07-22,24020000.0,23.3,31.9,27.63743599369858,5.438326730589464,0.0,0.7666340138879,0.6918021427424638,0.6115735148991275
2021-07-23,23620000.0,23.2,32.3,27.96013190264372,4.268053889829706,0.0,0.7231217223492632,0.6494033590808584,0.5883929000273337
2021-07-24,19460000.0,23.7,31.6,28.478989571706343,4.755916992243621,0.020000000000000004,0.6310026127871571,0.5703404654444224,0.5194965102193864
2021-07-25,22040000.0,22.6,30.9,24.87005397272065,5.845378153462424,0.0,0.7397064488663898,0.6717567841350551,0.6142466498925421
2021-07-26,25970000.0,21.7,31.4,25.946486608797844,5.444312780925832,0.0,0.787593450300783,0.7077290153615159,0.6228823940177886
2021-07-27,22920000.0,24.1,32.2,28.500491079350994,3.9328350709931517,0.08000000000000002,0.7039176774578075,0.6320440600782558,0.5744631618392013
2021-07-28,19680000.0,22.3,30.7,28.428874441212706,2.8523529852788987,0.08000000000000002,0.549403607310164,0.4889208752938436,0.44266931043687024
2021-07-29,21850000.0,24.2,32.5,28.08021879658835,3.0319344953699106,0.0,0.6581692210116327,0.5894906172880084,0.5518691924437729
2021-07-30,23160000.0,24.5,33.2,28.271870532647217,4.28900506600699,0.08000000000000002,0.7465184176270828,0.67330258622214,0.6263681367243354
2021-07-31,10740000.0,24.7,29.8,33.161706725075014,1.9394803089829238,0.7200000000000001,0.3062720240762927,0.2729546150472821,0.24940201714344057
2021-08-01,14730000.0,24.4,31.9,33.07997261422391,2.903234413138019,1.31,0.44106579058832585,0.3948747616179595,0.35691568473428986
2021-08-02,16840000.0,23.7,30.8,30.88464247976916,4.435663299247984,0.49000000000000005,0.5118681984923613,0.4596274938323484,0.4000555998004544
2021-08-03,18900000.0,23.3,31.3,29.27670229194933,4.720000690225418,0.09000000000000001,0.5894750565779695,0.530807984791126,0.473420310319373
2021-08-04,22480000.0,24.4,32.9,29.372253551397954,3.1366903762563334,0.020000000000000004,0.6745621437689893,0.6036580645798949,0.5561019054901088
2021-08-05,21400000.0,23.3,33.4,29.660542018616084,3.079822898060847,0.17,0.636453975095107,0.5691898048577819,0.5297286108977791
2021-08-06,24350000.0,24.3,34.6,29.79442881525007,3.7622326364066905,0.010000000000000002,0.7607449899922174,0.683248045876589,0.6363515847135087
2021-08-07,20740000.0,25.0,33.3,32.12868889151538,2.3076224046694978,1.1300000000000001,0.6076719408031357,0.5418841818018929,0.49185068367420237
2021-08-08,6190000.0,22.5,27.9,29.042653937709233,6.740292678749297,2.4600000000000004,0.24003031021470936,0.22132726787334506,0.20735977874328732
2021-08-09,18610000.0,22.9,30.9,27.519004415968265,4.633202960348096,0.65,0.5862599006245492,0.5287773415632127,0.4857950133262559
2021-08-10,17970000.0,22.0,28.4,27.66536683206724,3.96575834784317,0.38,0.49321648817223274,0.4389202570132157,0.37673300561305556
2021-08-11,17880000.0,21.5,28.3,26.621151546490967,4.869651948634594,0.1,0.50976551079092,0.45596078186134825,0.3910541652735161
2021-08-12,19940000.0,22.7,30.7,27.77733678818896,3.5557138998020275,0.42000000000000004,0.57680341935197,0.5153666630483356,0.4692673339836057
2021-08-13,12670000.0,22.2,28.3,27.235196661352813,4.73795884123452,1.1400000000000001,0.3965023269290865,0.3581942273425337,0.3266195233644537
2021-08-14,9330000.0,20.7,25.8,24.622894275558934,5.704705970557797,1.1300000000000001,0.312130225013484,0.284704762467464,0.2612354062858084
2021-08-15,17130000.0,21.1,28.4,25.716202459960712,4.324921368025193,0.5700000000000001,0.48932105921314156,0.43787919984038765,0.3932378414521891
2021-08-16,18720000.0,22.0,28.0,23.491592994349276,7.237134856667764,0.13,0.6488396273079169,0.5924302790487197,0.5172440413611319
2021-08-17,12120000.0,20.0,25.6,23.43110500227443,8.108105180609169,0.8,0.4176508656758717,0.38226247298640925,0.3196098739455798
2021-08-18,10910000.0,19.8,25.0,23.95578111573511,7.9195445950136065,1.21,0.34991212933337695,0.3182499044251545,0.2590396108632108
2021-08-19,15460000.0,19.4,27.1,24.959305330625437,4.175270109616017,0.8400000000000001,0.40743971329707146,0.36199516335479187,0.3202923841343992
2021-08-20,18700000.0,22.2,27.5,26.76333659416371,6.396094784408192,1.4400000000000002,0.544630451698341,0.48839666195545706,0.39085668491787195
2021-08-21,3680000.0,21.5,25.4,28.214966155908982,8.754598616936809,2.93,0.1118606860623341,0.10101152930153294,0.09028623578387422
2021-08-22,14340000.0,22.8,28.7,27.546830730654694,3.8789606179658476,0.43,0.4266122338463679,0.38296569383175905,0.35166803735849833
2021-08-23,4960000.0,22.0,25.4,28.314614533910255,7.0366021703994655,6.23,0.1535222744632984,0.13884625929491756,0.11564194132699637
2021-08-24,5980000.0,23.2,26.9,30.769478335879917,7.719011908745308,2.3000000000000003,0.1821816139004196,0.16414971175973378,0.12836797815564557
2021-08-25,6100000.0,23.5,26.9,30.800152090521784,4.953456653343733,2.5600000000000005,0.18025808283277256,0.16182697487116968,0.14015593895864056
2021-08-26,22770000.0,21.4,31.2,26.271910192860727,3.274369533992776,0.0,0.6217880582693325,0.5519869677358544,0.5124421846835648
2021-08-27,12820000.0,21.0,28.8,27.707309298937364,5.809461851444222,0.6200000000000001,0.38755167753075825,0.34897356651973427,0.3092345953276232
2021-08-28,21270000.0,22.8,30.4,23.87581661622405,2.669778450019704,0.04000000000000001,0.590511886800277,0.5250598014319834,0.5111630936925161
2021-08-29,12850000.0,20.8,28.3,27.967183406177284,4.3368934686979275,0.87,0.34974344815881986,0.31126113496886154,0.27521229108602113
2021-08-30,15520000.0,22.2,29.2,25.293265803904646,3.121725250415416,0.6000000000000001,0.45273118414695535,0.4055241475045098,0.39495691902200697
2021-08-31,12990000.0,23.7,28.4,28.817478411778946,4.9295124519982645,0.8800000000000001,0.4044063936319254,0.36471377234889574,0.3238770829557659
2021-09-01,7380000.0,21.3,27.7,27.38716431236673,5.312619673525756,4.38,0.2517718250610267,0.2296860653637744,0.22401068771951255
2021-09-02,5780000.0,19.3,23.5,22.863227134892878,4.130374732093264,0.58,0.18403120319273708,0.16751826560015587,0.16926862124992947
2021-09-03,9640000.0,19.5,24.3,21.991075134168597,5.794496725603303,0.08000000000000002,0.3184441711131805,0.2906839624705341,0.271541912954239
2021-09-04,13420000.0,19.4,25.5,20.742855832643865,5.549068661812255,0.0,0.4335855381130595,0.3946091085652608,0.376490633762809
2021-09-05,10970000.0,20.0,24.9,21.82018150277292,5.058212534230157,0.6200000000000001,0.3534481936415146,0.32158743118701744,0.30917634605472044
2021-09-06,10920000.0,20.2,25.4,22.376971477830946,4.920533376493715,0.82,0.3506751443491131,0.31879055291603303,0.30846135165597877
2021-09-07,11470000.0,19.6,27.4,26.19188675227098,5.159975389948396,0.5700000000000001,0.31576193924888757,0.28192206759028743,0.25416177617376856
2021-09-08,15410000.0,18.5,27.5,23.190512774972294,3.1845787789472704,0.04000000000000001,0.3925089817718873,0.3473791740019645,0.3363533401668669
2021-09-09,18710000.0,20.4,28.5,23.503706963676677,3.0169693695289928,0.0,0.48728723125290657,0.43133376386502265,0.4148724107439355
2021-09-10,7150000.0,17.6,23.6,22.545829638991535,2.7954855070834124,0.39,0.17687618996224247,0.15671495153742937,0.15841752464283992
2021-09-11,22260000.0,18.4,29.0,22.82186379796277,3.3821184400473827,0.0,0.546745556782833,0.4808810209666722,0.45620409210097923
2021-09-12,18770000.0,20.2,29.7,23.106817388445734,4.23812363814787,0.0,0.5392680934437151,0.48274659036376777,0.475971634090474
2021-09-13,9800000.0,20.6,25.4,21.331143383504823,5.641852442025944,0.36000000000000004,0.3732443221640508,0.34454399016241266,0.3461827279708214
2021-09-14,4240000.0,20.9,24.0,22.446709164130535,6.758250829758398,0.44000000000000006,0.2437539011745551,0.23143944057226995,0.24022244648569532
2021-09-15,18640000.0,17.4,25.8,18.34317530080849,7.081497547922218,0.0,0.5768957110812016,0.5234723052933157,0.48381544350056005
2021-09-16,11070000.0,19.7,25.5,21.47067955704491,7.629221153699804,1.6100000000000003,0.4223568181659966,0.39013194995060807,0.3617037340888063
2021-09-17,5850000.0,17.3,21.6,19.82171962385603,11.478251519983816,1.87,0.2728406810885725,0.25666646472909177,0.20618871453052093
2021-09-18,18060000.0,16.9,26.5,19.785214658377573,5.192898666798415,0.0,0.4818629774487039,0.43001960623037805,0.4147265505285394
2021-09-19,14700000.0,16.0,26.6,19.22432777827603,4.447635399920717,0.0,0.40173467619981534,0.35980567917546036,0.3744884562472411
2021-09-20,15780000.0,22.0,26.6,23.33460747278462,7.437667542936058,0.010000000000000002,0.5350033152663121,0.487911254418776,0.4311611359116056
2021-09-21,9980000.0,18.4,26.4,24.679739762691106,5.79150370043512,1.58,0.2708890684664891,0.2419258233167127,0.22401709447494786
2021-09-22,18720000.0,16.0,27.2,20.92822944854811,6.288345878353585,0.06,0.4852440685990726,0.4315913778078054,0.40243038972560274
2021-09-23,20270000.0,15.2,26.2,16.42788696273867,5.73164319707145,0.0,0.5518625086924039,0.49461099484723164,0.49928167619545133
2021-09-24,14500000.0,18.2,25.8,19.650139728507668,5.103107911752909,0.010000000000000002,0.4266237119818985,0.3848027423908939,0.3853103547319045
2021-09-25,10500000.0,17.8,23.9,20.041990611278937,5.680761769212331,0.05,0.32220957781579107,0.29247926561520915,0.2849551968462112
2021-09-26,14080000.0,17.2,25.0,17.237311058669558,5.812454876612405,0.0,0.45632392842022906,0.4162933888591054,0.4260298847895008
2021-09-27,13690000.0,18.0,25.1,19.09766537899398,5.258745220498453,0.05,0.4090105424647419,0.3698054021895868,0.37182414215929366
2021-09-28,8970000.0,19.4,25.0,22.545829638991535,3.654483730352083,0.12,0.2539470159990333,0.22799506510563905,0.23447964240084804
2021-09-29,8900000.0,20.6,26.3,26.412465199889287,5.315612698693939,7.040000000000001,0.24722255512869018,0.22098410535392646,0.20202168047331265
2021-09-30,13900000.0,15.7,26.2,19.96307760169994,5.372480176889427,0.04000000000000001,0.3711027692841783,0.3316807511235681,0.3380314510723229
2021-10-01,19050000.0,17.2,27.1,21.06545711017998,3.9507932220022526,0.0,0.4449105939357004,0.3898379606859953,0.3826234512334507
2021-10-02,18520000.0,16.9,27.5,20.063080155972138,2.538085342619629,0.0,0.4092142857899065,0.35563233143698986,0.37021120620682213
2021-10-03,18960000.0,18.3,27.6,20.889946199823036,4.603272708666261,0.0,0.484688178769761,0.4292032993470998,0.42714375102546337
2021-10-04,13630000.0,20.2,27.4,25.28680684953472,6.204541173644447,0.11000000000000001,0.3829869972643565,0.3425993494404956,0.3095992467065692
2021-10-05,16900000.0,19.7,28.3,23.54008165096527,4.318935317688826,0.19,0.4403043545296432,0.39008360373363093,0.38224251936808074
2021-10-06,10220000.0,19.8,26.4,23.047196813896257,2.9630949165016895,0.15000000000000002,0.27356752813006235,0.2435925716026722,0.2570415282380113
2021-10-07,15310000.0,19.1,26.5,21.622275177943948,3.4389859182428704,0.020000000000000004,0.37517445339194266,0.33047178902926366,0.33522168553122655
2021-10-08,9870000.0,19.3,25.7,22.68641615162184,4.360837670043395,0.11000000000000001,0.2808579992380657,0.25217009760607023,0.25901700193786875
2021-10-09,12600000.0,19.0,26.9,23.33460747278462,4.043577002215941,0.13,0.3239665320260448,0.28709366911858003,0.2890269391873682
2021-10-10,15320000.0,16.1,28.2,23.69217320851672,5.758580423585102,1.03,0.3596392911696401,0.315349908419746,0.30735456726339094
2021-10-11,4410000.0,17.1,19.8,19.81650102027708,5.27371034633937,1.79,0.12457284693378776,0.11259698000214532,0.11229996090871985
2021-10-12,6570000.0,15.8,19.9,17.15436518467481,6.177603947130795,0.5,0.21898772646677314,0.20134427873524685,0.20155451818993467
2021-10-13,9360000.0,14.1,22.8,18.095944388599445,4.938491527502816,0.0,0.23281450114143737,0.2073963345926452,0.2222852529388589
2021-10-14,14680000.0,15.2,25.2,18.13453150947888,3.415041716897402,0.0,0.3250270889593421,0.28391061197405704,0.3121319126974715
2021-10-15,11470000.0,17.0,25.4,19.234492485615704,5.294661522516655,0.86,0.33876980096578013,0.30610665658735225,0.32917913358214546
2021-10-16,2980000.0,3.3,15.7,6.553281503158336,11.394446815274677,0.18000000000000002,0.48242760186237915,0.47580921921582886,0.40206847071116536
2021-10-17,17780000.0,4.0,12.8,5.349395605232707,7.71003283324076,0.0,0.4477733735239998,0.40946608764997927,0.3852077945598778
2021-10-18,17100000.0,6.4,16.5,7.708618876265128,3.513811547447458,0.0,0.29643082430665435,0.25648288666369295,0.3106672260339101
2021-10-19,14700000.0,5.2,17.8,8.76888355601567,6.1297155444398586,0.0,0.3518960369434126,0.31751209511744355,0.33611821330532154
2021-10-20,16410000.0,7.7,16.5,9.437765070598502,4.223158512306953,0.0,0.29002964757023275,0.2510767194873823,0.28349323655071385
2021-10-21,5440000.0,6.5,15.0,11.023471119888073,4.208193386466036,0.29,0.12639804281704892,0.11391224104173561,0.13854672969600776
2021-10-22,15830000.0,7.3,16.5,9.061111084241016,7.680102581558925,0.0,0.3842970218643518,0.34690324887515417,0.33920717276968554
2021-10-23,15540000.0,6.0,18.6,9.544351920051165,4.513481953620755,0.0,0.2998322606044027,0.262766071981733,0.3052806449195681
2021-10-24,13700000.0,8.7,18.9,10.373709195750395,3.3821184400473827,0.0,0.2572092495836107,0.22337102633232392,0.27847907854124365
2021-10-25,14730000.0,6.1,19.3,9.021832212122582,5.7136850460623485,0.0,0.37477849656055395,0.3393079749324649,0.36344101776834536
2021-10-26,15690000.0,8.2,19.2,9.50049635284362,4.079493304234145,0.0,0.30241094785301126,0.2637449486178121,0.3290865761672734
2021-10-27,15180000.0,6.5,20.5,9.574606000767881,5.546075636644072,0.0,0.39867084519267415,0.3614313314955968,0.37494876294395924
2021-10-28,15340000.0,8.5,20.1,10.226847750674278,6.045910839730719,0.0,0.3606936122550267,0.322380016468699,0.3741400828778192
2021-10-29,11370000.0,8.9,18.5,10.302985565226004,5.626887316185026,0.0,0.29762250235831933,0.2696025908666549,0.3123260770763318
2021-10-30,7970000.0,7.6,18.2,11.142520002759918,4.354851619707028,0.0,0.19361678768154914,0.1743341744887385,0.22245491534001607
2021-10-31,14540000.0,8.3,20.1,10.438914352743033,3.9627653226749864,0.0,0.2737581385170369,0.23752281154946786,0.308238871921787
2021-11-01,13880000.0,7.3,19.9,10.552391760321097,5.145010264107479,0.0,0.298893453830021,0.2647654531442175,0.31444524113207095
2021-11-02,14320000.0,6.4,17.6,9.211749086303753,5.534103535971337,0.0,0.2876087172441858,0.2536993101870461,0.30394731192934005
2021-11-03,14040000.0,5.9,18.3,9.343004701311308,5.399417403403079,0.0,0.28898581966939585,0.2556586343992423,0.3061636177296097
2021-11-04,13510000.0,6.1,18.7,9.74951269957019,4.3368934686979275,0.0,0.2537701888661067,0.2214686411533601,0.27874732300616206
2021-11-05,12780000.0,8.3,20.3,10.555392616277262,4.3368934686979275,0.0,0.2641504975427008,0.23223082647690746,0.3080617863470102
2021-11-06,12730000.0,9.8,20.3,11.199305408423841,5.641852442025944,0.0,0.3078580811639246,0.27554166455036383,0.3349571587414143
2021-11-07,11970000.0,10.9,20.4,12.61618657753775,6.710362427067462,0.04000000000000001,0.31069793612934704,0.27992429565162735,0.31644260685728576
2021-11-08,1710000.0,3.1,17.5,9.448648567399644,7.386786115076939,1.51,0.22865840628652823,0.22477907638652414,0.2445973838107355
2021-11-09,9290000.0,2.4,12.4,7.172984466256553,7.183260403640459,0.0,0.22938585297178973,0.2099384746984553,0.22645100412566413
2021-11-10,10920000.0,3.9,11.9,7.779428190526992,6.919874188840309,0.010000000000000002,0.21635607096699813,0.19316170438578634,0.2043022991189969
2021-11-11,9160000.0,0.6,12.8,6.789544811523228,6.839062509299354,0.0,0.22003445011670522,0.20125478253062057,0.22990110546713166
2021-11-12,10720000.0,0.9,11.2,5.981375736266893,6.096792267589839,0.0,0.2201669438894688,0.198621493343459,0.2305186275550363
2021-11-13,11780000.0,2.4,14.1,7.701796646350003,3.280355584329143,0.0,0.15222202767016654,0.1269493649549669,0.18818524348974197
2021-11-14,12280000.0,2.9,16.3,8.42821886571078,2.9990112185198914,0.0,0.17039316607692323,0.14304654213769633,0.20090515148576227
2021-11-15,12410000.0,3.8,16.4,8.049511830476156,3.7323023847248553,0.0,0.19772771373395692,0.16972149383752955,0.23803917690662296
2021-11-16,12640000.0,2.7,16.0,6.728775391900107,5.37547320205761,0.0,0.2902147105898212,0.26225587453646665,0.3065137575430116
2021-11-17,12690000.0,2.2,15.1,6.765179104704474,4.405733047566148,0.0,0.224438192366652,0.1969047939967838,0.25861895299790283
2021-11-18,12390000.0,3.5,16.6,8.252636767754591,2.7176668527106402,0.0,0.16383815986689504,0.13591390406330134,0.20284797430008208
2021-11-19,12210000.0,5.8,18.4,9.79437917771294,3.3731393645428325,0.0,0.18377483924518126,0.15479158196964177,0.22690327737602387
2021-11-20,11710000.0,6.1,18.3,10.23268686356526,2.7056947520379064,0.0,0.15292982522173482,0.1250661543446914,0.1962716432987441
2021-11-21,6900000.0,8.1,17.6,11.662833028528615,4.265060864661523,0.03,0.14778538940565392,0.13111108971012947,0.18149850220593927
2021-11-22,8670000.0,-1.6,10.7,4.980667009114546,7.970426022872726,0.0,0.2686905604020344,0.25207884273898745,0.26062200413303094
2021-11-23,9330000.0,1.2,8.1,5.314904327676912,8.20388198599104,0.0,0.2468959143392082,0.22896102405038432,0.22017396366992353
2021-11-24,10210000.0,3.8,12.9,6.5552528071817955,7.0844905730904015,0.0,0.26930176519089427,0.24733520959100153,0.2787206893071727
2021-11-25,11270000.0,2.3,15.6,6.2369886486061095,6.716348477403829,0.0,0.3364053542396755,0.3117483666900894,0.33543587664499297
2021-11-26,12030000.0,0.4,11.2,4.495787776886289,6.306304029362686,0.0,0.2641380505771926,0.24014706618010173,0.2924381900958598
2021-11-27,11990000.0,-1.3,11.2,4.936004827397648,4.321928342857009,0.0,0.17829819289057108,0.15502430307243809,0.22045303987304382
2021-11-28,11360000.0,-0.3,12.7,5.511296817648177,2.2627270271467443,0.0,0.12479157797372298,0.10185384561376025,0.17176845032400587
2021-11-29,11290000.0,4.3,14.2,6.854899485932869,3.0199623946971763,0.15000000000000002,0.15149795658632156,0.12659309000026595,0.20777426177598932
2021-11-30,1250000.0,0.4,11.8,7.245893599239582,10.230160024851287,2.14,0.17509834533041685,0.17258216037480376,0.18951288223241095
2021-12-01,10770000.0,-3.4,5.4,3.161463463491795,9.077845335100632,0.0,0.29157124010199503,0.27335004917372985,0.24796914640483947
2021-12-02,11470000.0,0.3,6.9,4.879537181062935,3.8939257438067654,0.0,0.1315213005180426,0.11023093063775764,0.16087856747868345
2021-12-03,9710000.0,-2.9,10.2,4.119384232064091,7.347876787890552,0.0,0.29275573362625623,0.27470161389916437,0.2743222327620763
2021-12-04,10510000.0,-2.8,9.9,4.816132740815477,5.465263957103116,0.0,0.1822380660629961,0.16276278053906704,0.20808355273496087
2021-12-05,10070000.0,1.9,11.4,6.854899485932869,2.807457607756146,0.0,0.10318774666101112,0.08257358511956699,0.14398743387380158
2021-12-06,7420000.0,3.6,13.3,8.349779727182728,4.163298008943283,0.010000000000000002,0.12193986691212,0.1059308116666173,0.15911448988990237
2021-12-07,10710000.0,3.1,13.7,7.492933338512442,7.24312090700413,0.0,0.21823375872778925,0.19515889755170598,0.24034204557293476
2021-12-08,10580000.0,1.6,13.5,7.256670538532866,5.462270931934933,0.0,0.1628724248479286,0.14062710935562045,0.20722227943625765
2021-12-09,7260000.0,2.2,14.3,8.340020253238247,3.843044315947646,0.0,0.11176600046304704,0.09619048846709208,0.15918711325426732
2021-12-10,9500000.0,3.6,15.5,9.343004701311308,4.1992143109614855,0.0,0.11983523985058678,0.09870790658626279,0.16653085094839856
2021-12-11,9820000.0,4.8,13.8,7.95312069466447,5.423361604748546,0.0,0.1797682902618137,0.15807660796309603,0.21606675265205383
2021-12-12,8430000.0,-5.1,11.2,3.6473726388366474,11.02331169441992,0.0,0.594100970883407,0.5787460966960875,0.3459707640330243
2021-12-13,11470000.0,-4.3,5.0,2.4117076961717054,5.8902735309851755,0.0,0.21597674761128033,0.1970419610353826,0.23696616424565708
2021-12-14,10550000.0,0.1,9.5,4.994600259747444,3.3821184400473827,0.0,0.12509135599751622,0.10471193117012764,0.17458190256260292
2021-12-15,9610000.0,1.3,11.7,7.328154000246795,3.0947880239017644,0.0,0.09098284649379684,0.071399667106436,0.13200952919469305
2021-12-16,1580000.0,-0.1,7.9,7.8231106234552135,4.318935317688826,0.26,0.019759736202277188,0.016797087583151106,0.047091119429039284
2021-12-17,11090000.0,-8.4,3.4,1.7968730204009489,13.585341238385016,0.0,0.4247342059436921,0.4084053432923884,0.2821091989518261
2021-12-18,11330000.0,-5.9,2.0,2.484959775965217,5.9411549588442965,0.0,0.17262574869583044,0.1555564988258134,0.1809635807694792
2021-12-19,10650000.0,-3.0,6.2,3.640340379915405,4.962435728848284,0.0,0.15791477167408974,0.13949266286571896,0.19002124328799636
2021-12-20,10350000.0,1.5,11.6,5.750856684552754,5.177933540957497,0.0,0.18105752102257022,0.15993429483271077,0.22622076833404003
2021-12-21,10590000.0,0.2,13.0,6.076584664223671,5.004338081202852,0.0,0.1828973328173827,0.16125148224753244,0.22475881341984008
2021-12-22,11020000.0,-2.6,11.9,4.820637305638828,4.489537752275287,0.0,0.20544942487974555,0.18426587815060957,0.22491929984784526
2021-12-23,10980000.0,-2.0,11.3,3.8222495235739986,4.971414804352834,0.0,0.23968842391053696,0.21858176845809477,0.27066431522039386
2021-12-24,7280000.0,-6.9,10.5,3.7663654362067205,7.988384173881826,0.0,0.3714691393732814,0.35878429530846767,0.2763109524101579
2021-12-25,11490000.0,-10.1,-2.4,1.1759232821519552,13.821790226671517,0.0,0.38024680302780445,0.3659394166189602,0.2210517471799683
2021-12-26,11500000.0,-8.1,-2.5,1.2180872682227484,11.01433261891537,0.0,0.3281253885960151,0.3131565596699949,0.22138505656538032
2021-12-27,11210000.0,-6.2,2.6,3.1050899560718,6.327255205539971,0.0,0.15166519949791463,0.134671997294546,0.1573789274085376
2021-12-28,10160000.0,-1.8,7.6,4.965225998707009,2.912213488642569,0.0,0.09109164398998351,0.07268194423645767,0.13061295383817464
2021-12-29,9500000.0,-2.2,9.3,4.69150911266732,7.255093007676863,0.0,0.21184680593469807,0.19424307496635113,0.227912257187793
2021-12-30,10940000.0,-5.5,4.6,2.3682053903129385,12.352214869093405,0.0,0.4011486263197354,0.383639947775821,0.28437858884557116
2021-12-31,11490000.0,-5.9,2.0,1.5779628979876605,9.191580291491604,0.0,0.327748827030947,0.3104385286190762,0.26622250274222664
2022-01-01,11330000.0,-5.1,5.7,1.8232871229996905,3.7173372588839375,0.0,0.16403692881899706,0.14536898466155926,0.22151249437850554
2022-01-02,10540000.0,-3.8,10.4,3.0406174819640666,5.596957064503191,0.0,0.3083120148466042,0.2889474494669189,0.29425061613710574
2022-01-03,11510000.0,-4.0,7.5,2.374605772037828,4.992365980530119,0.0,0.21257471029874853,0.19255581081819267,0.26156881007786786
2022-01-04,10580000.0,-2.5,7.1,2.553341533780266,6.479899489117331,0.0,0.27218067795295536,0.253411271668521,0.28750530761761156
2022-01-05,5420000.0,0.5,7.8,5.499469740571604,4.037590951879575,0.08000000000000002,0.12221444461053924,0.11196608814140566,0.14905401532368345
2022-01-06,11680000.0,-4.4,7.6,2.803733686877172,7.066532422081302,0.0,0.26472401602764356,0.2445202384800594,0.27756100867996975
2022-01-07,11730000.0,-3.9,8.6,2.4617035622342067,3.8011419635930763,0.0,0.18825401261001934,0.1674073638106853,0.24362551425199083
2022-01-08,11750000.0,-2.1,8.8,3.3589066502821323,4.426684223743433,0.0,0.18765550659167363,0.1660307833449341,0.23949107374065096
2022-01-09,10230000.0,-2.6,9.4,5.099415114651295,3.9507932220022526,0.0,0.12365294343054936,0.10479334264630531,0.16654630261856823
2022-01-10,10880000.0,-1.7,10.4,5.12314620861614,5.01032413153922,0.0,0.16694874867335394,0.14623947349079242,0.20647767471246442
2022-01-11,11940000.0,-7.7,1.4,1.8494057535313835,11.322614211238275,0.0,0.34235908570537876,0.3252579890948244,0.2400849603298787
2022-01-12,12290000.0,-5.6,2.2,1.9297751055743764,6.982727717372163,0.0,0.24805898662561204,0.22935198781895227,0.23157787687145054
2022-01-13,11500000.0,-7.1,1.3,1.7420251220039338,10.61326724637878,0.0,0.3426954986809007,0.32604739620834056,0.24739532078544726
2022-01-14,12500000.0,-4.6,3.6,1.9498435605565951,4.573342456984426,0.0,0.19171351045746146,0.17174745111892972,0.22036894081570296
2022-01-15,9810000.0,-2.7,8.1,2.5397028326165327,3.028941470201727,0.0,0.16127332361409802,0.14362182313558278,0.21937214089104864
2022-01-16,11300000.0,-4.3,7.8,2.6772702433792386,9.278378021368926,0.0,0.3675877285587338,0.34793407398616377,0.31971564434900185
2022-01-17,11240000.0,-6.6,5.2,2.609421337565085,10.017655237910256,0.0,0.3179499822171013,0.3001377151864516,0.2590813208410659
2022-01-18,12900000.0,-4.9,2.7,1.4643789927514688,6.551732093153736,0.0,0.27767481903224744,0.2575555045508599,0.26627006604275205
2022-01-19,12320000.0,-5.5,6.3,2.619893517593864,6.512822765967349,0.0,0.24633737863547314,0.22596054637983992,0.2540132943551891
2022-01-20,12760000.0,-5.1,5.2,3.1122148023163434,5.659810593035044,0.0,0.19275019586097217,0.17192718867146312,0.2036887463502593
2022-01-21,12930000.0,-3.8,7.5,3.387361025162112,3.4359928930746864,0.0,0.1524187653868553,0.12984834017596547,0.19475182696577775
2022-01-22,7990000.0,1.0,10.3,5.21260853742272,3.0409135708744612,0.0,0.1443439735662149,0.12848458329927837,0.18494867445887084
2022-01-23,9150000.0,3.5,12.9,6.861054885106953,6.602613521012855,0.0,0.24458613100829846,0.224983710789021,0.2560155012506976
2022-01-24,9930000.0,-0.7,9.2,4.90083567118863,6.432011086426395,0.0,0.22328462923005557,0.2044460811732792,0.22853788345290754
2022-01-25,3840000.0,-0.9,7.2,5.851726450905858,3.837058265611278,0.04000000000000001,0.09550273181151529,0.08848408413467028,0.11490039536153955
2022-01-26,13230000.0,-0.8,9.1,4.1521689556224395,6.1267225192716745,0.0,0.254648487147974,0.22963266499176785,0.2625894355470362
2022-01-27,12900000.0,-2.2,9.5,2.7723191791804567,7.063539396913119,0.0,0.34195797789501237,0.3179725871144269,0.3425422342125144
2022-01-28,13260000.0,-2.4,7.0,2.273254624770947,9.580673563355463,0.0,0.4372090639119235,0.41368521444768913,0.3545362388046748
2022-01-29,12300000.0,-3.0,5.7,2.0798970234293086,9.46993163213267,0.0,0.42054228233715596,0.399460473972698,0.3345345603719272
2022-01-30,12090000.0,-5.4,6.5,2.0180888644487167,6.791174106608418,0.0,0.3069612232986289,0.2868503704188026,0.29950485910710806
2022-01-31,14450000.0,-3.5,7.8,2.3754069014828927,4.5673564066480585,0.0,0.2417981590904008,0.2163002730786073,0.2757894468765772
2022-02-01,11290000.0,-4.8,5.6,3.372012953915301,8.919215001186902,0.0,0.2813680803104457,0.2626948306216389,0.23194885127670356
2022-02-02,11520000.0,-2.9,5.9,2.76313938262932,7.838732915472651,0.0,0.3257154702777307,0.3058613024488849,0.2827290483748204
2022-02-03,14360000.0,-3.7,5.2,2.1824517297482684,8.949145252868739,0.0,0.3876291050733157,0.3635609538533303,0.3107753160962909
2022-02-04,14240000.0,-6.5,5.7,2.3762082715214556,10.083501791610294,0.0,0.38745070863113396,0.3646158526742073,0.2929838769407079
2022-02-05,14930000.0,-4.8,2.6,2.045276204947076,11.04725589576539,0.0,0.41678092088574126,0.3934955437379028,0.28051492481596546
2022-02-06,13940000.0,-4.1,4.6,2.6172719735750962,8.610933408864,0.0,0.3365589067636938,0.31363453221040405,0.26835478818094877
2022-02-07,11500000.0,-3.5,4.1,2.0891693400365305,5.752594373248734,0.0,0.2727708201575283,0.2538227744549215,0.26091389391834763
2022-02-08,14130000.0,-3.5,7.2,2.9920627237719684,6.704376376731095,0.0,0.2996393822998998,0.2749742540531965,0.2800541023137442
2022-02-09,13040000.0,1.3,10.0,4.392361809117497,3.5886371766520457,0.0,0.2185527402633368,0.19266958017812377,0.2453134963955589
2022-02-10,14750000.0,-2.7,10.9,3.1635304325416627,6.2614086518399334,0.0,0.3946613302783858,0.3668178639724026,0.34345334798755
2022-02-11,15800000.0,-1.0,11.0,3.145999401964349,4.145339857934181,0.0,0.2721723138621967,0.24145327324845023,0.31040732660023873
2022-02-12,15650000.0,1.6,13.1,4.608578490012324,5.195891691966599,0.0,0.3172648294241382,0.2845517586111275,0.33901277876260333
2022-02-13,10490000.0,3.5,12.4,7.033302147136832,6.411059910249111,0.05,0.2587700071711142,0.23645690619155718,0.24786415090641517
2022-02-14,10510000.0,-2.1,12.5,5.085223222143374,6.752264779422032,0.0,0.35682668877700013,0.3362610106729381,0.2911514416512907
2022-02-15,15810000.0,-5.6,5.0,2.3971285468222865,10.101459942619396,0.0,0.4023681516217764,0.3769162490588155,0.2920812899789743
2022-02-16,16280000.000000002,-7.9,2.3,1.604309744716593,11.834421514997658,0.0,0.44938045134718363,0.4257120089193121,0.28585867461013115
2022-02-17,17120000.0,-6.2,1.5,1.0113819426734039,6.524794866640084,0.0,0.33250040190284896,0.3071337891420089,0.28355171595748035
2022-02-18,16350000.000000002,-1.6,8.2,3.8344951410935937,3.8131140642658106,0.05,0.23211468245221126,0.20207572192490067,0.23853115968610691
2022-02-19,8300000.000000001,-5.4,5.9,3.004876964157113,8.98506155488694,0.010000000000000002,0.3178412329886121,0.30419185646118707,0.2576801637985572
2022-02-20,17700000.0,-5.4,2.0,1.530751880574044,10.023641288246623,0.0,0.4437790135407921,0.4168372821430803,0.30090075605303584
2022-02-21,16149999.999999998,-4.2,7.4,2.592916532749889,8.431351898772988,0.0,0.40389061771081713,0.37595474379014215,0.3295083962034214
2022-02-22,17310000.0,-5.6,4.5,1.75727894031336,9.311301298218945,0.0,0.4370989327938785,0.40950432372699186,0.322287727443166
2022-02-23,14980000.0,-5.9,3.0,1.4597008605790491,8.76357769244136,0.0,0.40924767291886255,0.38621233255126974,0.30576524660808235
2022-02-24,18330000.0,-5.1,7.2,2.003583333398076,6.5038436904628,0.0,0.37973895397035884,0.34866948943046844,0.33220879514467333
2022-02-25,17950000.0,-0.1,11.5,3.768780018753027,4.866658923466411,0.0,0.3357225464378238,0.30003749026312965,0.33822942234368825
2022-02-26,17500000.0,-0.3,13.7,4.738643778824072,9.422043229441735,0.03,0.5966296268662017,0.560751440975756,0.4115451491498455
2022-02-27,18680000.0,-2.3,12.9,2.9422592127610034,4.773875143252721,0.0,0.46406800442045687,0.42739858000328856,0.3828030024007606
2022-02-28,13490000.0,3.1,15.0,4.428457775192455,3.941814146497702,0.17,0.32520014648886164,0.29560474176747686,0.3651042589411605
2022-03-01,12580000.0,-1.7,17.1,6.541464676690046,7.015650994222182,0.04000000000000001,0.44680444893334126,0.42023822870894645,0.35973576569683174
2022-03-02,18960000.0,-3.0,12.7,3.2844195637661997,6.273380752512667,0.0,0.5535857875336188,0.5169012898930387,0.3970669562108877
2022-03-03,18900000.0,-0.4,15.2,4.601366223635493,3.687407007202103,0.0,0.4030701097013753,0.3635054757545486,0.35055582579158867
2022-03-04,16550000.0,2.4,15.8,6.650493856523038,8.018314425563663,0.0,0.489668822758368,0.4533102664043283,0.38532109423354155
2022-03-05,19810000.0,-3.7,10.3,2.191384306068004,9.6465201170555,0.0,0.7031971163435858,0.666801287105297,0.4469470182743193
2022-03-06,19990000.0,-1.5,9.5,2.0084081521752273,6.6744461250492595,0.0,0.46953664279303464,0.43192756486746714,0.41696589952671265
2022-03-07,16550000.0,-1.8,12.0,4.7223941357309425,3.7412814602294056,0.0,0.302144255882108,0.26986332129956303,0.2770847850999759
2022-03-08,19590000.0,0.3,15.4,3.778452090465381,4.163298008943283,0.0,0.47686152585233915,0.43531176750067885,0.40990752067694675
2022-03-09,19810000.0,2.8,16.9,6.045312285922133,4.456614475425268,0.0,0.44413828652321863,0.3997270029200834,0.39252678178123235
2022-03-10,15300000.0,5.5,18.1,8.106412910937358,4.498516827779838,0.0,0.36243543462283184,0.3263820095472722,0.3555877445590091
2022-03-11,13670000.0,7.7,19.8,11.18666446932511,4.256081789156972,0.0,0.30439039498322096,0.27066432933496987,0.3030314733544963
2022-03-12,12700000.0,12.8,21.6,13.86460899316837,8.19490291048649,0.22999999999999998,0.4413856148975491,0.4077020057007344,0.3859966302783482
2022-03-13,3610000.0,9.6,15.7,14.823285872210201,6.249436551167199,1.07,0.062260778390526704,0.05357800184456788,0.047769571383418453
2022-03-14,5580000.0,2.3,14.8,10.654843299074718,7.003678893549448,0.04000000000000001,0.1042244098394735,0.09215136952332637,0.11252351547402854
2022-03-15,20130000.0,3.7,19.6,7.645151652547105,3.9777304485159046,0.0,0.4800925755261843,0.4328323757095321,0.4018482192791695
2022-03-16,20390000.0,8.0,22.4,7.404648524699044,3.621560453502065,0.12,0.5293296305983363,0.47740205822608495,0.4931749095234297
2022-03-17,5320000.0,6.2,11.6,9.182507903536443,8.392442571586601,2.1300000000000003,0.20930148749171806,0.19767823173507543,0.1689443578288803
2022-03-18,5890000.0,3.5,8.3,7.094379008924567,8.069195853422784,0.33,0.21312894611512748,0.20134602417809347,0.16614650678314824
2022-03-19,6210000.0,0.6,7.7,6.989364463235136,4.714014639889052,0.53,0.12428785630717432,0.11254573570324082,0.11196175622000812
2022-03-20,12480000.0,1.1,11.3,6.305238298559089,5.537096561139521,0.0,0.27439850323515097,0.2491993043044877,0.24388913821585806
2022-03-21,19440000.0,3.8,14.4,6.052657661028766,4.079493304234145,0.03,0.3748932726401359,0.33218569949678056,0.35082660175299424
2022-03-22,20840000.0,1.7,14.4,5.190114273235261,6.270387727344484,0.0,0.494404737720596,0.449949027948587,0.411487123471484
2022-03-23,10400000.0,-0.3,12.7,5.738575835526856,4.4326702740798,0.020000000000000004,0.27241413020418787,0.2514147977619684,0.2608282456199013
2022-03-24,21650000.0,5.4,17.7,7.278266886980506,4.561370356311692,0.0,0.4567100013786397,0.4060068241654554,0.4180749055252629
2022-03-25,15020000.0,12.4,18.8,13.247604529310014,12.337249743252489,4.05,0.5309101332478245,0.4923354254099917,0.35534956171641413
2022-03-26,15300000.0,4.4,19.3,11.161420252930203,8.04225862690913,0.010000000000000002,0.40995588565435215,0.37385825263028244,0.30498445749786685
2022-03-27,21560000.0,3.6,19.3,4.86437420604647,8.910235925682352,0.0,1.007210922412694,0.9568438150687026,0.6439344157065758
2022-03-28,17210000.0,1.1,13.3,5.565650563674524,4.971414804352834,0.0,0.36879778305388716,0.33298276956263606,0.3324679473759365
2022-03-29,22720000.0,4.9,17.2,7.258827624037457,3.2025369299563713,0.0,0.4125506222944152,0.3600039679682786,0.3798154452463141
2022-03-30,10850000.0,10.0,18.0,13.361650659340608,4.645175061020829,0.17,0.24800115770487485,0.22108175093209162,0.21517955276529954
2022-03-31,11340000.0,4.1,15.9,8.748513496818777,7.288016284526883,0.16000000000000003,0.3296456898842882,0.3041216293752918,0.2910461046439827
2022-04-01,15950000.0,1.6,13.8,5.62392060652618,4.609258759002628,0.0,0.36055447885401537,0.32687155257586764,0.33528246943461537
2022-04-02,19700000.0,2.1,15.1,6.666485678034956,4.190235235456934,0.0,0.39228492942745585,0.3496017105798854,0.33880944829139914
2022-04-03,21360000.0,3.4,17.3,7.01444192823202,4.283019015670623,0.0,0.4734107201969066,0.42488987094512637,0.39778259488360945
2022-04-04,23490000.0,2.8,19.1,7.248047855759382,3.947800196834069,0.0,0.540709530294261,0.4865196791797878,0.4301871410201546
2022-04-05,19630000.0,5.3,20.3,5.630811265507427,5.249766144993902,0.0,0.684725184091384,0.6373436987442603,0.5577047847585821
2022-04-06,22710000.0,6.3,21.7,7.192220614930944,4.866658923466411,0.0,0.6900261883408538,0.6336815129666689,0.5536629842619865
2022-04-07,21180000.0,5.6,21.3,6.370301631850605,6.252429576335383,0.0,0.8096520932708648,0.7577527316165809,0.602434908106502
2022-04-08,23770000.0,8.8,21.1,8.602074134922596,3.8849466683022156,0.0,0.5368356972413697,0.4766220504384634,0.49674220792448837
2022-04-09,23420000.0,8.9,24.1,10.1889649877975,6.009994537712518,0.0,0.7665569558083585,0.7052928830481158,0.5915803539603384
2022-04-10,22400000.0,10.9,24.9,13.417143317321695,5.722664121566899,0.0,0.6430099812400197,0.5827990582636018,0.5198590811414366
2022-04-11,16980000.0,14.2,23.1,17.191186710582045,5.623894291016843,0.16000000000000003,0.43200966693367276,0.38572959177735233,0.3480480528411502
2022-04-12,20250000.0,15.7,27.8,16.86227388737957,6.626557722358323,0.04000000000000001,0.6562797909066642,0.5981037388760042,0.5874936902827018
2022-04-13,8180000.0,10.0,16.7,10.603508596191567,8.69473811357314,0.2,0.3860849960586943,0.3660866614411157,0.32031860348668245
2022-04-14,13890000.0,8.0,15.0,8.817430140207458,10.128397169133047,0.03,0.5061126110927341,0.4736232946326858,0.3618562922723435
2022-04-15,23830000.0,5.3,17.9,7.043799388198815,7.234141831499579,0.0,0.6463632400584818,0.5904854615137614,0.5071633809499247
2022-04-16,24590000.0,4.0,19.9,6.610662509231558,3.456944069251971,0.0,0.5886676685917904,0.5305100169801926,0.47695872663090366
2022-04-17,25120000.0,10.0,23.1,4.989952012634783,4.345872544202478,0.0,0.7237673347903091,0.6579904841282492,0.6882771421344731
2022-04-18,18910000.0,9.3,23.3,5.397352067157508,4.770882118084538,0.0,0.7244777652967916,0.6752099827818536,0.6622269780539354
2022-04-19,20070000.0,7.5,24.9,5.654987432259836,4.531440104629857,0.0,0.8038455566691974,0.7516613218268914,0.6750773541047627
2022-04-20,24630000.0,10.0,25.4,5.674047369292392,5.878301430312442,0.0,1.0207865358873893,0.9548312721140491,0.8106875924616442
2022-04-21,7010000.0,9.2,16.8,12.276198022715528,2.1759292972694224,0.68,0.1679412531059214,0.15094158472863997,0.16807383362190947
2022-04-22,24180000.0,12.0,24.1,13.398623306564236,6.408066885080926,0.0,0.6547600294969379,0.5895813385171864,0.5433496908221673
2022-04-23,18050000.0,13.4,23.4,12.452111654291583,5.094128836248358,0.0,0.5445291234309327,0.495557291846114,0.5027664538315706
2022-04-24,25130000.0,12.3,29.9,14.534523851240921,4.54341220530259,0.0,0.8119265167959373,0.7404799642979942,0.6647193621257875
2022-04-25,16770000.0,17.3,28.8,15.95150139170568,5.74960134808055,6.45,0.6377094304157008,0.588560090313618,0.6292784807430676
2022-04-26,6360000.0,13.2,21.1,18.416451304177926,5.73164319707145,0.6900000000000001,0.16668084479784712,0.1498289058649971,0.14353282899072645
2022-04-27,21790000.0,10.0,20.7,11.234132827594836,5.30663362318939,0.0,0.5387203029524029,0.48305110278625507,0.4519811392949958
2022-04-28,23060000.0,10.5,21.5,10.807098027291023,7.401751240917856,0.8400000000000001,0.6690631181325999,0.6093485202294826,0.541811825180302
2022-04-29,13060000.0,6.5,13.4,9.505968570264713,8.317616942382013,0.47000000000000003,0.34649946963981865,0.3171429127935753,0.24183683369234504
2022-04-30,15410000.0,9.5,18.9,10.157006922779297,4.513481953620755,0.010000000000000002,0.4165614620750878,0.3781579965613163,0.37817445817621953
2022-05-01,25760000.0,6.5,19.5,6.76923468298146,5.920203782667012,0.0,0.7057213019710147,0.6432517645389504,0.5734057227187925
2022-05-02,19900000.0,5.0,19.7,8.725647062446612,5.26473127083482,0.44000000000000006,0.5605935414958744,0.513070844757679,0.43827555246171934
2022-05-03,26580000.0,8.7,21.0,9.161293005415498,4.079493304234145,0.0,0.6018622818937596,0.5346749140630879,0.5201608437758944
2022-05-04,26660000.0,9.0,23.8,11.142520002759918,5.013317156707404,0.0,0.7284352632373526,0.658835573621547,0.5632153131390256
2022-05-05,26680000.0,11.9,24.9,12.563616965298376,4.3368934686979275,0.0,0.6827991802382282,0.6104131156020528,0.5748476764504511
2022-05-06,25450000.0,12.6,27.0,14.31728119173113,4.265060864661523,0.0,0.7143268422193422,0.6435318140320246,0.5849004211877102
2022-05-07,23350000.0,13.6,27.7,12.609166141977097,6.449969237435495,0.010000000000000002,0.8866836785764335,0.820787612139363,0.7242933594790945
2022-05-08,19690000.0,13.3,20.8,10.46867216462715,5.363501101384876,0.04000000000000001,0.5936226104072471,0.5415521539282409,0.5223872661866258
2022-05-09,21190000.0,9.8,21.4,9.552594667688911,5.632873366521393,0.0,0.6033194876655256,0.5488988445840556,0.5348792010250681
2022-05-10,22940000.0,12.3,22.4,10.012852884940617,5.540089586307704,0.0,0.6707014546466957,0.609681888682047,0.5937340211345166
2022-05-11,20250000.0,16.6,26.0,13.754371773398397,3.8220931397703612,0.06,0.5967898607973375,0.5390305281617465,0.5614832276427226
2022-05-12,13680000.0,14.8,24.7,15.968766796145404,4.1034375055796115,0.05,0.4195668132484328,0.381545649567763,0.39611753816347733
2022-05-13,9850000.0,11.5,22.6,15.856834113422588,3.726316334388488,0.58,0.2695704655795893,0.24352201477622662,0.25999755756582044
2022-05-14,26730000.0,12.4,24.6,6.734830631454697,8.709703239414056,0.0,1.0627683708207913,0.9901133439284899,0.9120224201119598
2022-05-15,24900000.0,10.5,22.5,8.475098972676873,4.6122517841708115,0.0,0.6618927449186868,0.5967571594477199,0.6076468625783121
2022-05-16,26280000.0,10.0,25.5,7.8231106234552135,4.872644973802778,0.0,0.9075314702883697,0.8370909848976125,0.7234744100103114
2022-05-17,23930000.0,12.7,28.1,9.511443564837634,4.914547326157347,0.0,0.9267012770222489,0.8594501074852945,0.7644823855376937
2022-05-18,26730000.0,14.3,29.8,9.732734509524738,5.821433952116955,0.0,1.1296888813012722,1.0525338793742105,0.9018803450850665
2022-05-19,20150000.0,15.5,28.9,9.24908381509718,4.986379930193752,0.0,0.8379737885930503,0.7796759278904978,0.7992786065725745
2022-05-20,21990000.0,14.4,28.4,13.622352845637055,5.27371034633937,0.0,0.7930326455866423,0.7302092030847633,0.6788359601576095
2022-05-21,25190000.0,13.8,29.5,12.658381397945874,5.246773119825719,0.0,0.9581634882840122,0.8859099468589096,0.762106696316003
2022-05-22,25650000.0,14.3,33.0,12.878370365758368,5.57899891349409,0.0,1.1012713981805708,1.0254311681490178,0.907106999227086
2022-05-23,23970000.0,15.6,30.8,15.737061667627477,5.381459252393977,0.0,0.9126128076217139,0.8422052072597186,0.7397631006015766
2022-05-24,26460000.0,17.5,33.8,15.592691485734537,5.156982364780213,0.0,1.0966198596437675,1.016189771136611,0.8874273287834538
2022-05-25,25520000.0,18.4,31.8,14.40383364432277,6.82709040862662,0.0,1.0755740682268786,0.998569682284964,0.9353735666583685
2022-05-26,28060000.0,16.0,28.6,9.763513983847508,4.722993715393602,0.0,0.890009890333752,0.8087013192389879,0.8365548608959354
2022-05-27,26380000.0,16.6,29.9,9.516921337768771,9.01798483173696,0.0,1.3216634247449957,1.244119619604159,1.0962147635312935
2022-05-28,24830000.0,17.7,33.8,11.026589585412413,5.914217732330644,0.0,1.278652852202303,1.2030779854963933,1.0385440122130203
2022-05-29,25590000.0,19.0,31.4,10.840849924673426,5.644845467194127,0.020000000000000004,0.9829346928139076,0.9056146841684292,0.9670061041552847
2022-05-30,17170000.0,16.2,30.0,15.216130483593078,5.384452277562161,0.010000000000000002,0.7406735275361924,0.6903144273820546,0.6719291543242518
2022-05-31,27820000.0,17.4,31.8,8.36932890045455,5.549068661812255,0.0,1.1758175199434304,1.0924462285889502,1.0356747905184491
2022-06-01,26320000.0,17.5,31.4,11.814419028180664,5.258745220498453,0.0,1.020453924925179,0.9417422594174771,0.9060224047874985
2022-06-02,27980000.0,17.4,32.6,14.99404595364245,5.722664121566899,0.0,1.1237220075903314,1.0394093171900993,0.9057492512605079
2022-06-03,26050000.0,16.0,33.1,14.666254117596008,4.872644973802778,0.0,1.0364153014279758,0.9584025186576713,0.8497225451317533
2022-06-04,21040000.0,17.6,29.0,14.542477826258894,5.80048277593967,0.35000000000000003,0.7716256066914436,0.7097330930613481,0.7343759313201452
2022-06-05,4800000.0,16.2,20.5,18.921566398777788,6.6744461250492595,2.31,0.180707677912481,0.16769669066951204,0.1610433458010192
2022-06-06,16920000.0,12.2,24.7,15.550451465615854,6.5038436904628,0.9,0.5286530353010763,0.4827048111551827,0.4448188040392692
2022-06-07,12470000.0,13.8,21.8,15.378315397618488,3.7921628880885256,0.43,0.35029840850750416,0.3168423754999461,0.3142399687361784
2022-06-08,18210000.0,11.7,23.3,14.45123746112247,3.2055299551245544,0.010000000000000002,0.4404338132581908,0.3918559883607688,0.38933243925334227
2022-06-09,25820000.0,13.0,27.0,15.97308570824903,4.1603049837751,0.010000000000000002,0.6948330116942454,0.6227612082815901,0.5582105368409731
2022-06-10,22410000.0,17.4,27.9,16.726864071818135,4.256081789156972,0.0,0.664783560297165,0.5994982918735533,0.5958675300607551
2022-06-11,19110000.0,15.8,27.4,17.15436518467481,6.372150583062724,0.03,0.6415943172017691,0.5868238620190169,0.5655320171025927
2022-06-12,21100000.0,16.5,28.4,16.291147750565546,4.761903042579988,0.010000000000000002,0.6631411422910547,0.6018592746711923,0.6114155170115085
2022-06-13,11250000.0,17.3,22.9,16.62817056688555,8.664807861891303,0.77,0.5192316186212795,0.48777560400854847,0.4299286827850504
2022-06-14,7530000.0,16.2,19.0,18.09112606184545,6.321269155203603,1.21,0.2274550328514935,0.20732922107607626,0.17326455338050226
2022-06-15,18010000.0,17.0,26.5,20.195330606347547,6.279366802849035,0.16000000000000003,0.5492380505976351,0.49749727543357636,0.44310743399978564
2022-06-16,26040000.0,17.1,29.3,18.348052406730364,5.26473127083482,0.0,0.7772923284526275,0.7008044722395963,0.660126472580991
2022-06-17,25680000.0,21.3,29.6,22.458350576336596,4.776868168420905,0.03,0.7701143000280037,0.6922619432452609,0.6283947975270474
2022-06-18,24200000.0,20.1,32.0,23.166572798940752,4.441649349584351,0.12,0.7393676107104854,0.6654213878429477,0.6391933659623374
2022-06-19,24270000.0,20.8,31.9,23.85739644514394,4.49253077744347,0.0,0.7453762666915289,0.6709293514263293,0.6352079688934242
2022-06-20,23300000.0,20.3,33.2,24.017451494807933,4.717007665057235,0.020000000000000004,0.7713587760386412,0.6995245115994352,0.6601541108027724
2022-06-21,22430000.0,21.6,33.0,24.446772829241723,4.875637998970962,0.0,0.7469489146553193,0.6773244479791871,0.6603144852903365
2022-06-22,23230000.0,22.5,33.7,25.854157674448995,6.880964861653924,0.05,0.8568478099599582,0.7840448857272826,0.7358450711182953
2022-06-23,10830000.0,23.3,27.4,28.15106826389083,13.025645531934698,2.91,0.4763909942436032,0.44360222011366124,0.32116354441135575
2022-06-24,11840000.0,22.3,29.3,27.16636422734622,7.8267608147999175,1.16,0.47486414221501205,0.43880317631770405,0.3933865764790873
2022-06-25,15440000.0,22.7,29.9,26.668473078980746,8.997033655559676,0.37000000000000005,0.6293218798323242,0.5819907934099746,0.49940378768794813
2022-06-26,8730000.0,22.5,27.1,27.995404948021672,9.269398945864376,1.62,0.33939208609170707,0.31315762719998413,0.25346859681307865
2022-06-27,7040000.0,23.3,25.2,28.88269443985644,11.367509588761028,1.47,0.24144535970222764,0.22045075174848666,0.1483152866448565
2022-06-28,17220000.0,24.2,28.6,29.10101241036604,15.79718683767264,0.6000000000000001,0.7288314714848838,0.6759763368764384,0.4375179262865041
2022-06-29,11990000.0,23.8,27.6,29.320769114375086,10.873660436010745,0.49000000000000005,0.4514262420240131,0.4149563728653196,0.3026578325026208
2022-06-30,22630000.0,24.2,31.2,29.130230003400165,7.189246453976826,0.13,0.7683294637222021,0.6977431947158963,0.5760345770129833
2022-07-01,26650000.0,21.4,33.3,25.689998320163273,4.728979765729969,0.0,0.8220154256310724,0.7392412493196925,0.6879724356721301
2022-07-02,25080000.0,23.3,34.1,25.455208878285696,4.037590951879575,0.0,0.8080241886020108,0.7288741366078798,0.7072974136144854
2022-07-03,22130000.0,24.0,32.9,29.675392359060275,3.708358183379387,1.8100000000000003,0.6840070281842573,0.614367563504281,0.5592954397580747
2022-07-04,20040000.0,23.5,32.2,27.574681609395142,4.651161111357197,0.08000000000000002,0.6646955371441783,0.6020757026163243,0.562626740047104
2022-07-05,19100000.0,24.3,33.6,29.749741414014515,3.60958835282933,0.9900000000000001,0.6232683524407702,0.5628189397932366,0.5351131395595342
2022-07-06,16700000.0,25.3,32.4,30.915416338972598,5.800482775939671,0.51,0.6117237870496506,0.5589299880659484,0.5087388944860021
2022-07-07,21790000.0,26.0,32.7,30.388298538784163,8.931187101859637,0.04000000000000001,0.8689256938177033,0.7996530079698417,0.6693792529262476
2022-07-08,15900000.0,23.8,31.2,31.489576792404378,4.986379930193752,1.52,0.5049293081842252,0.45545426309626114,0.3957234022230339
2022-07-09,19890000.0,23.4,33.7,28.364553823139925,4.0196328008704745,0.0,0.6552527005886974,0.5925898103001341,0.5707756396672915
2022-07-10,18730000.0,23.8,32.1,28.745166924432482,5.357515051048509,0.66,0.6427231169520804,0.5841271191072396,0.5357136847648142
2022-07-11,7130000.0,22.3,27.4,28.709070605674178,3.8250861649385444,1.89,0.2259442332291584,0.20450322141810157,0.19486936900427132
2022-07-12,12340000.0,21.5,28.3,26.79728777050537,3.097781049069948,0.5700000000000001,0.36195113023239095,0.32481744147450986,0.3064638217531761
2022-07-13,8400000.0,23.0,27.0,27.805391019702142,6.464934363276413,0.38,0.31157811846778094,0.2862662314283975,0.25518433967515125
2022-07-14,20230000.0,22.6,33.5,28.665807249397442,4.9325054771664485,0.03,0.6699067367901165,0.606543169423726,0.571365617229047
2022-07-15,25720000.0,21.8,33.5,25.196532700161775,4.11840263142053,0.010000000000000002,0.7904827733106587,0.7103064922389666,0.6793641272503732
2022-07-16,23100000.0,21.9,33.2,22.692290525535682,4.2919980911751745,0.010000000000000002,0.7602927481252457,0.6883704384606625,0.6930518683032089
2022-07-17,18920000.0,23.6,33.5,24.359125765836115,5.3455429503757745,1.31,0.7335097779449006,0.6739028456040449,0.6871322571679833
2022-07-18,5030000.0,22.1,24.9,27.574681609395142,3.0888019735653973,5.510000000000001,0.14625084347941686,0.1314108648880691,0.13014086090310611
2022-07-19,21200000.0,22.5,31.6,27.875634848941175,3.917869945152234,0.09000000000000001,0.6347715741190518,0.5691670369663775,0.5180301900260526
2022-07-20,22060000.0,22.3,32.9,26.318689090647226,4.38178884622068,1.2400000000000002,0.7040261678099693,0.63530047765725,0.6061586347453127
2022-07-21,17300000.0,21.6,31.4,26.715868062785272,7.886621318163587,0.13,0.648674981031669,0.5955067257530946,0.5371855813651285
2022-07-22,23990000.0,20.9,30.3,25.00403588302635,4.53443312979804,0.13999999999999999,0.6935125368334462,0.6206386438079351,0.5551056608461312
2022-07-23,15040000.0,23.0,27.8,26.634664494921882,7.653165355045273,1.11,0.5318224159478027,0.4862570451988792,0.4031920432875237
2022-07-24,17280000.0,22.2,31.6,28.69464315919607,5.704705970557797,0.18000000000000002,0.569978798842886,0.5166043431427305,0.4686285594841141
2022-07-25,17670000.0,22.5,29.9,28.955307729089892,2.7865064315788612,0.39,0.4901943185384713,0.4360966849931927,0.39084793720257227
2022-07-26,22350000.0,21.2,33.0,26.49307688010238,4.1094235559159795,0.0,0.6800811780009022,0.6108751835425359,0.5820690636197708
2022-07-27,20420000.0,23.8,32.3,25.84757374774289,5.303640598021206,0.010000000000000002,0.7217046134738674,0.6577459359839171,0.6302479706979383
2022-07-28,16309999.999999998,23.4,32.6,29.660542018616084,4.387774896557047,0.35000000000000003,0.5437102951043681,0.49265494957032835,0.4684778010436764
2022-07-29,24480000.0,25.4,33.4,28.824718284770537,7.386786115076939,0.06999999999999999,0.9091837371285131,0.8313161171194853,0.7325789853316697
2022-07-30,13800000.0,26.3,31.7,29.60861687767484,8.176944759477388,0.32000000000000006,0.6445171786293951,0.6008170138896147,0.5538423136001864
2022-07-31,6330000.0,25.0,27.5,31.654198617903443,8.70371718907769,1.99,0.2478785299978345,0.22848644600904938,0.1859673492970389
2022-08-01,14810000.0,25.4,31.8,31.03105663289339,13.00170133058923,0.9199999999999999,0.7343907712214527,0.6877054201412331,0.5454995732985941
2022-08-02,14360000.0,23.8,30.0,31.74072821619496,8.23680526284106,2.77,0.4749917251420615,0.43063656403938594,0.33465038208221204
2022-08-03,16830000.0,25.3,31.4,32.90077540250248,4.923526401661898,0.45,0.5367956600461773,0.48389584765859867,0.4128722862206141
2022-08-04,21240000.0,23.6,32.8,31.930236305170624,3.193557854451821,0.41,0.6160002674917692,0.5493558035010598,0.48562117052604614
2022-08-05,20620000.0,25.6,33.4,32.51273420188778,3.8220931397703612,0.03,0.6534341751645365,0.587772216644834,0.5273114994346116
2022-08-06,19810000.0,25.8,35.3,32.86828516369721,2.7535831547288425,0.2,0.6308549510102184,0.5670562159940711,0.5330447209702677
2022-08-07,19860000.0,26.1,34.5,33.42443994314402,6.788181081440233,0.5599999999999999,0.7398447182944735,0.6760534069738827,0.5995411340059204
2022-08-08,16629999.999999998,26.6,33.4,29.809337624729,9.260419870359824,0.0,0.8030764042342579,0.7498309903925853,0.6850083747983684
2022-08-09,12970000.0,26.2,33.6,30.03375213262913,10.55340674301511,0.15000000000000002,0.7507917048019229,0.7093095385928921,0.6606127095159161
2022-08-10,10590000.0,25.5,32.7,29.988751689009945,7.536437373486115,0.05,0.5409653828695704,0.5073924905233209,0.5074970089621911
2022-08-11,7370000.0,24.9,29.7,31.43486901056626,5.935168908507928,1.2300000000000002,0.3020847542580446,0.27920770033904796,0.2681292310867854
2022-08-12,21640000.0,25.2,35.2,31.591397267723018,3.0947880239017644,0.1,0.6816751845258098,0.6122403153928159,0.5764744125718382
2022-08-13,14720000.0,24.8,32.4,31.62278434818859,5.136031188602928,0.5599999999999999,0.5158961286479087,0.4694944832798578,0.4359456616110687
2022-08-14,18590000.0,26.0,33.9,32.665854097477194,6.234471425326282,0.76,0.6840756237832367,0.6245868015940305,0.5640835645378275
2022-08-15,20010000.0,26.4,33.6,30.161573469242427,12.2444659630388,0.45999999999999996,0.9825585117314816,0.918491119610503,0.7622881287613517
2022-08-16,4890000.0,23.7,26.5,29.883979347911232,3.6484976800157165,2.31,0.15834476292096467,0.1435896121664207,0.1411108925197297
2022-08-17,10920000.0,20.5,27.6,26.85168789313232,4.184249185120567,0.9800000000000001,0.31103852141562727,0.2785650822446322,0.2557765446509472
2022-08-18,21890000.0,21.1,30.0,25.377363491844964,3.525783648120192,0.010000000000000002,0.6005367813343411,0.5340860400002054,0.4903956599057551
2022-08-19,15620000.0,25.5,31.1,31.25569800920914,7.165302252631357,0.020000000000000004,0.5755609586671474,0.5264929811003543,0.4542323981174933
2022-08-20,8670000.0,23.3,28.8,30.93081329522541,3.828079190106728,3.04,0.2621613755661242,0.23566907175366328,0.2168786080501798
2022-08-21,22140000.0,17.9,31.4,22.727564716604874,4.271046914997889,0.0,0.6547043044038882,0.5883089519502457,0.5503777986289122
2022-08-22,22500000.0,23.0,31.6,24.0730734570373,2.957108866165322,0.0,0.6489593166632395,0.5791175645360448,0.5666717206861112
2022-08-23,14450000.0,22.8,30.0,27.484256037947237,3.8610024669567466,0.8,0.45028059391184483,0.4059277080179983,0.3873658702084801
2022-08-24,9810000.0,18.7,24.7,22.186169176754472,4.211186411634219,0.48,0.2876533536319535,0.25949258554492266,0.25032050244107834
2022-08-25,22090000.0,19.1,29.6,22.336378749334084,4.914547326157347,0.05,0.6322462012267234,0.5662769897756177,0.5340122515090118
2022-08-26,22460000.0,19.0,29.1,20.387112067887177,3.9837164988522713,0.0,0.6210878078208382,0.554297199416026,0.5433634388203812
2022-08-27,18470000.0,16.7,27.9,17.021466194163096,5.234801019152985,0.0,0.5874374830421081,0.5339175504647634,0.5519616074471695
2022-08-28,21060000.0,17.1,27.0,17.288173131987957,5.282689421843921,0.0,0.6187738724414231,0.557985083044344,0.5472713515305822
2022-08-29,10850000.0,19.2,27.1,22.11139634005991,3.7173372588839375,0.05,0.34213821507917774,0.31029186262953357,0.3222431001517055
2022-08-30,7260000.0,22.5,26.3,26.953948124116625,2.7924924819152284,2.4800000000000004,0.22081405109696947,0.19911771647557064,0.19931438353909017
2022-08-31,6230000.0,19.4,24.4,23.208481951794184,5.067191609734707,0.75,0.214621093983411,0.19668062719464677,0.19556939807455848
2022-09-01,8140000.000000001,19.7,26.3,21.752150099420763,5.399417403403079,0.05,0.33292239131172463,0.30908354411852723,0.3236452709316766
2022-09-02,3960000.0,20.5,23.1,23.57043148103921,5.614915215512292,0.7400000000000001,0.15840280677965946,0.1470171694326898,0.1536438164302844
2022-09-03,9240000.0,22.1,25.1,24.76839406733943,6.764236880094765,0.44000000000000006,0.3330976955323435,0.3057972765497275,0.2732075163342481
2022-09-04,15400000.0,23.8,30.1,29.042653937709233,5.5760058883259065,0.05,0.5023998661662828,0.45480276487382365,0.4082044815439515
2022-09-05,4250000.0,20.1,27.1,30.0112445522804,14.704732651285658,10.82,0.1043189658453543,0.09176195494967056,0.04647065953000646
2022-09-06,20280000.0,14.9,27.5,17.98061444333519,6.0339387390579855,0.03,0.5924438423346959,0.5346924414633344,0.5084659715607538
2022-09-07,23740000.0,15.2,27.8,16.672967755391074,5.33357084970304,0.0,0.6621604880443006,0.594228646765023,0.5758985063691922
2022-09-08,22140000.0,16.4,27.6,17.497618068909834,5.201877742302966,0.0,0.6143869885435227,0.5505306942852577,0.5479830450974843
2022-09-09,21290000.0,18.2,27.7,19.660501357987357,5.3485359755439585,0.0,0.6028042033624936,0.5405007707196423,0.5180324034025492
2022-09-10,15420000.0,18.6,26.4,20.057805948898967,5.5311105108031535,0.0,0.4801012573317226,0.43528186086106685,0.4232548803867563
2022-09-11,13910000.0,19.5,28.3,22.43507303086963,4.0136467505341065,0.0,0.4172124430773632,0.3759359139505679,0.38441485426562255
2022-09-12,8880000.0,21.1,27.4,24.309165155397825,4.127381706925081,0.12,0.3062442884818461,0.2797624534492865,0.2919755754488076
2022-09-13,15080000.0,21.9,28.3,20.666944292432618,9.56271541234636,0.11000000000000001,0.7229492175416088,0.6774466258486592,0.6265404221799653
2022-09-14,18710000.0,21.9,28.0,21.752150099420763,8.61691945920037,0.0,0.7099147542787217,0.653573927287469,0.5833151062336415
2022-09-15,19260000.0,21.0,29.0,23.023386280434224,5.857350254135158,0.0,0.5990073392373614,0.5409707982399181,0.5102665975557598
2022-09-16,16370000.000000002,20.8,29.8,26.790494527675662,5.100114886584726,0.31000000000000005,0.4714537721992202,0.42192536325016244,0.3894013260689276
2022-09-17,13290000.0,23.0,31.0,26.84488260767829,5.845378153462424,0.06,0.49569296140591756,0.4545917903948108,0.4545757330822796
2022-09-18,14590000.0,22.5,31.2,26.988110361959976,18.499888564542367,7.66,0.8742387869184783,0.8292012825700938,0.6148388916860816
2022-09-19,13970000.0,16.6,26.8,16.94398037809533,12.400103271784342,0.22999999999999998,0.7393962344933153,0.699293693190989,0.6116566146699852
2022-09-20,16780000.0,12.1,22.4,13.369038008637,6.20753419881263,0.0,0.4666912229330718,0.4221432387350073,0.4191218793793127
2022-09-21,19100000.0,12.1,22.4,13.232951388635952,6.060875965571637,0.0,0.4945917289026399,0.44388454784286446,0.4352454418966068
2022-09-22,15710000.0,13.8,24.1,16.47664874625324,3.8101210390976266,0.0,0.3714523548198037,0.328400888171605,0.34292467694939194
2022-09-23,20660000.0,13.4,26.8,13.428266117052825,7.907572494340871,0.0,0.7721876804677006,0.7144204571877873,0.6492020709688251
2022-09-24,20540000.0,14.4,23.2,12.034938513584404,5.839392103126056,0.0,0.5813456556449813,0.5252100413354274,0.5389805248557267
2022-09-25,7890000.0,15.5,22.9,16.498855129040738,2.7865064315788612,0.0,0.234505413360226,0.21278703244079375,0.24664860425819474
2022-09-26,6400000.0,16.4,22.8,17.297434905221074,3.121725250415416,0.04000000000000001,0.21760314463623848,0.1998617738703865,0.23346016154673171
2022-09-27,14540000.0,15.5,26.6,18.377338912576267,4.669119262366299,0.0,0.40219802478577915,0.3608933608155279,0.38762018581209223
2022-09-28,12960000.0,12.8,25.8,17.039743243229715,3.190564829283637,0.0,0.3224084696539244,0.28667091628419217,0.3158318017882217
2022-09-29,19570000.0,14.8,27.5,17.880229730990283,3.049892646379012,0.0,0.4473726087190446,0.3916882901386421,0.41148376381952767
2022-09-30,19610000.0,14.0,28.1,17.74714776344521,2.9062274383062023,0.0,0.4601508382437466,0.4044435163416401,0.4133602009113441
2022-10-01,19350000.0,15.0,29.5,14.071947907078046,3.1336973510881503,0.0,0.5504521125042575,0.4944254864561972,0.5233433929578041
2022-10-02,17210000.0,20.3,27.3,21.381284706315167,6.093799242421656,0.21000000000000002,0.5258949679773198,0.47489926591945864,0.4587612144542378
2022-10-03,11890000.0,23.3,27.4,26.621151546490967,11.325607236406457,0.82,0.5006181121614641,0.4646200951342239,0.3757999726426736
2022-10-04,5180000.0,16.5,24.0,18.76678268757132,7.769893336604431,0.8,0.288734175530827,0.2742134714057113,0.2901419606455879
2022-10-05,7870000.0,15.2,20.0,15.656240305969739,3.735295409893039,0.15000000000000002,0.225396916961696,0.20436236999323212,0.22504252475897868
2022-10-06,10320000.0,15.2,20.9,15.826816264154147,2.6218900473287676,0.13,0.23894369902535506,0.211125498408687,0.2341772933303357
2022-10-07,12320000.0,12.6,20.2,12.778607850732318,8.410400722595705,0.020000000000000004,0.439020231835095,0.40685713445824856,0.3808567886400719
2022-10-08,15860000.0,12.3,20.2,11.516200604023382,6.327255205539971,0.0,0.44579143679058203,0.4045118458981055,0.4114733017895583
2022-10-09,4200000.0,10.3,16.8,14.634223623604058,4.803805394934557,0.15000000000000002,0.09807809599637446,0.08776292038566273,0.0974066026632455
2022-10-10,16670000.000000002,8.4,16.6,8.632193319354977,10.783869680965239,0.0,0.5624033008031172,0.5224511423515921,0.4264013179159731
2022-10-11,18110000.0,6.7,17.3,9.289233239497566,6.761243854926581,0.0,0.3948009021576365,0.35191686851204995,0.3478872635438227
2022-10-12,14880000.0,10.9,21.5,12.445171553891612,6.2165132743171805,0.0,0.3959704583533228,0.3572808014298791,0.380409978647868
2022-10-13,16300000.0,10.3,22.4,12.821279723028685,5.758580423585102,0.0,0.3929155350112451,0.35040491791332307,0.38199696830090496
2022-10-14,15890000.0,11.6,23.0,14.372307010741503,4.300977166679725,0.0,0.33959350330397975,0.2973674721011612,0.3344978172398971
2022-10-15,16579999.999999998,11.1,24.0,14.892196264306525,3.615574403165698,0.0,0.3395365429500591,0.2952646324895804,0.32737285513492104
2022-10-16,15870000.0,13.9,23.9,14.266351535173078,4.223158512306953,0.0,0.3784327567032325,0.3349819012654781,0.384847773229233
2022-10-17,16540000.0,6.2,20.0,5.707102972490339,11.292683959556438,0.0,0.9431781079675206,0.9029741805160366,0.6665298300859642
2022-10-18,17450000.0,5.0,16.1,5.719324227642915,7.1742813281359075,0.0,0.4741797814886004,0.4343344842540554,0.4508215809886801
2022-10-19,17350000.0,4.0,16.9,5.773725669073015,6.551732093153736,0.0,0.4801795199887192,0.44066504619359675,0.4428881419789007
2022-10-20,17150000.0,8.2,20.8,8.044786019751179,2.6997087017015393,0.0,0.3176932283118077,0.27467041391014635,0.3538674229281268
2022-10-21,12370000.0,13.4,21.9,9.932916319361226,3.2264811313018393,0.0,0.3262426128638635,0.2931491738712106,0.37878362422274414
2022-10-22,15740000.0,10.9,23.3,10.110680052737015,5.89326655615336,0.0,0.47837198673883324,0.436706696360912,0.5032165557869158
2022-10-23,15670000.0,8.0,21.2,9.372695770995634,7.21917670565866,0.0,0.5087522054942901,0.46935630061468847,0.4658098105808802
2022-10-24,16160000.0,7.0,17.0,6.836462549129147,9.17960819081887,0.0,0.5401637080502062,0.5018972263432665,0.4773600955175576
2022-10-25,15080000.0,7.1,17.7,7.490714943399391,7.545416448990665,0.0,0.4505175560748776,0.4144622385687179,0.43543492349762625
2022-10-26,11810000.0,9.6,19.4,10.157006922779297,3.4778952454292558,0.0,0.2604526256478946,0.2308258362552637,0.2949564750627243
2022-10-27,15090000.0,8.7,21.6,9.013994474151001,4.300977166679725,0.0,0.3725374125031503,0.3341482143599531,0.40454982594557104
2022-10-28,14170000.0,9.6,22.2,11.61703904955259,4.684084388207216,0.0,0.33505055047474414,0.29843211092524946,0.35771632993794705
2022-10-29,12100000.0,10.0,20.7,11.924230422833173,5.357515051048509,0.020000000000000004,0.30015193764124115,0.26923879757651475,0.3210241855005699
2022-10-30,10320000.0,7.2,18.7,10.983001643874326,5.650831517530495,0.010000000000000002,0.24497380809667088,0.21997638518120483,0.26466763042177854
2022-10-31,12990000.0,8.0,20.8,9.884658131375522,4.815777495607291,0.0,0.3305934324985294,0.298077790132923,0.3575064357628738
2022-11-01,14470000.0,6.1,21.2,9.729940619004491,5.842385128294239,0.0,0.4297993004580428,0.39418020408852505,0.384307377656331
2022-11-02,14750000.0,6.0,21.4,7.258827624037457,3.678427931697552,0.0,0.39580651502369707,0.35945702562158194,0.3919580106888523
2022-11-03,13490000.0,5.0,19.5,6.7126515964312246,7.883628292995404,0.0,0.6040003216849195,0.5718624820656393,0.4940138148612614
2022-11-04,14970000.0,2.3,13.4,3.0757268881357804,9.284364071705292,0.0,0.561617222299976,0.5298663349837761,0.5042596174655413
2022-11-05,14880000.0,1.6,14.6,3.6298145545042027,6.92885326434486,0.0,0.4772723896181265,0.4454850929500351,0.448047318848883
2022-11-06,14350000.0,2.4,16.2,6.173131171504148,4.2471027136524215,0.0,0.29854423774466954,0.26684610729796904,0.3114003476052389
2022-11-07,13770000.0,4.4,18.5,5.450710756434888,3.3252509618518955,0.0,0.3152627558199275,0.28309415340217436,0.3497674830603987
2022-11-08,13860000.0,4.1,19.5,6.879550389904394,3.217502055797289,0.0,0.3113570305927032,0.2786968690536668,0.3219157967251297
2022-11-09,13600000.0,6.0,19.7,7.109191693069648,3.2683834836564087,0.0,0.28967646816713855,0.2568111818107425,0.3317898763607742
2022-11-10,12310000.0,7.9,21.5,9.454094461965289,4.4296772489116165,0.0,0.33136067246323,0.3003448410782415,0.36236247988534853
2022-11-11,12210000.0,8.5,23.1,11.914210608745302,3.340216087692813,0.0,0.27139779618335214,0.23990940311276443,0.29348525093684646
2022-11-12,11830000.0,14.7,23.7,17.535084690740355,7.769893336604431,1.8,0.31867871313693685,0.28611490499031034,0.3059418008439548
2022-11-13,7960000.0,12.2,19.2,11.035949640946942,7.832746865136284,0.03,0.3721246527349371,0.3516390467048908,0.376109057099497
2022-11-14,4059999.9999999995,4.5,14.3,8.547096248918654,4.579328507320793,0.0,0.15221348164385198,0.14322084363427043,0.1877089454943286
2022-11-15,12870000.0,6.2,15.1,7.02491430518419,4.603272708666261,0.0,0.2506054675155155,0.22114223094760588,0.29287066186817673
2022-11-16,12590000.0,5.5,16.0,6.414650884726492,5.22282891848025,0.0,0.2896342282432095,0.2607378597962987,0.34163284383292214
2022-11-17,11290000.0,2.4,16.1,6.414650884726492,4.324921368025193,0.0,0.2617591373308978,0.23685427074484222,0.288541947428427
2022-11-18,12790000.0,4.7,19.5,7.795496608893962,4.327914393193376,0.0,0.31948378973290736,0.2891237683935012,0.331766471591337
2022-11-19,11510000.0,10.2,19.8,11.101666053258944,5.004338081202852,0.0,0.25827974498359485,0.22909162645272624,0.3016932265689716
2022-11-20,6300000.0,6.0,18.3,10.403303309606557,3.3132788611791617,0.0,0.1441918308149341,0.12921921827476804,0.19405817130630168
2022-11-21,10080000.0,10.1,19.3,9.649224539699222,4.513481953620755,0.0,0.2584617852560703,0.23306458132750135,0.3185971190823905
2022-11-22,3660000.0,11.0,17.3,12.789264098207319,4.633202960348096,0.2,0.14303450908646442,0.1339234803129131,0.17118404328963605
2022-11-23,9840000.0,7.2,18.0,8.539623325216702,8.105112155440985,0.0,0.35847893319369206,0.33483977410700405,0.3766448447204679
2022-11-24,8460000.0,3.2,14.8,5.740328820931173,3.771211711911241,0.0,0.20132117298016125,0.18278648897079539,0.26910440276162856
2022-11-25,11030000.0,5.0,17.5,9.286551840570228,4.235130612979687,0.0,0.18547979398697054,0.15984073258756148,0.2316992562070798
2022-11-26,11740000.0,3.3,17.1,4.514178400718867,7.799823588286266,0.0,0.5523816294221324,0.5258177131354862,0.49000619865074047
2022-11-27,11740000.0,6.8,16.7,6.370301631850605,3.4599370944201544,0.0,0.21427485984757344,0.18664428769588015,0.2945977571566764
2022-11-28,6920000.0,12.5,21.7,16.74036200156971,8.03327955140458,2.8600000000000003,0.19054507583924776,0.17222717181032682,0.20198017424901077
2022-11-29,3560000.0,-3.6,16.2,4.6959102734537215,13.058568808784718,0.26,0.7906340215043803,0.7834236681047174,0.4687535405104469
2022-11-30,9210000.0,-4.0,0.8,1.7196662008024015,12.31330554190702,0.0,0.4380940904727354,0.42401778934457884,0.2802264966659739
2022-12-01,9980000.0,-3.1,2.0,2.156583333965314,8.835410296477765,0.0,0.3165469702928132,0.3006374267637821,0.2549170463841644
2022-12-02,11720000.0,-3.3,5.1,3.3752966174681642,3.675434906529368,0.0,0.1313792485758935,0.1116248473841617,0.16675077164539748
2022-12-03,10610000.0,-0.9,11.3,4.741603575224742,6.204541173644447,0.0,0.23453020327008586,0.21376884792431064,0.2659848284762467
2022-12-04,9840000.0,-1.8,5.8,2.0022067123967227,10.361853132251362,0.0,0.4537188336153105,0.4364489178199866,0.354922356500909
2022-12-05,7170000.0,-4.1,4.3,2.1846818279937863,7.886621318163587,0.0,0.3014346016205024,0.28971130929566374,0.2692933729374677
2022-12-06,9970000.0,-0.4,7.8,4.434034272863969,4.938491527502816,0.0,0.17104400019574034,0.15247501474432776,0.20084310164595998
2022-12-07,10520000.0,-2.4,11.1,4.795160697917762,5.614915215512292,0.0,0.2231526820090858,0.20312864019653545,0.23629079374879466
2022-12-08,10590000.0,-0.9,10.7,4.295116898694629,4.0136467505341065,0.0,0.16622331818134545,0.1457001858493322,0.2269261720449028
2022-12-09,9560000.0,-0.8,12.8,5.786073026812613,3.756246586070324,0.0,0.1610956295894875,0.14191134404996067,0.20012176752318855
2022-12-10,9520000.0,1.1,12.6,4.867403458070543,5.950134034348847,0.03,0.2491301184507567,0.22952405781497523,0.2974010200369982
2022-12-11,8990000.0,-1.0,8.7,4.222438791196491,6.243450500830832,0.0,0.2176008356164661,0.20077206894625163,0.2392704299895171
2022-12-12,5710000.0,-0.9,11.3,6.968527102888364,4.363830695211579,0.29,0.09750083324188182,0.08632766274005556,0.13666934363814226
2022-12-13,10270000.0,-6.3,9.2,3.5580343840494537,12.052912352275053,0.0,0.5251539391726012,0.5074865548188925,0.2970077891800108
2022-12-14,11300000.0,-5.9,-0.2,2.1928762304866254,5.9890433615352325,0.0,0.17133483030826666,0.1550807837537158,0.17082476532371627
2022-12-15,10890000.0,-3.4,5.1,3.1347018406857305,6.222499324653548,0.0,0.20074033551036002,0.18241931816208745,0.21305535545122928
2022-12-16,9250000.0,-3.5,2.7,1.4421481289696894,8.643856685714018,0.0,0.35887404576629806,0.34404101082236754,0.3010978288791892
2022-12-17,7720000.0,-6.9,3.3,2.11142903895895,8.069195853422784,0.0,0.26153450496266045,0.24983178230342715,0.23547394948806333
2022-12-18,10930000.0,-6.3,-0.3,1.7214695010000909,6.473913438780964,0.0,0.205733103677199,0.19017941650796183,0.19739608722904142
2022-12-19,11080000.0,-5.2,3.4,2.484125842065502,3.8879396934703987,0.0,0.13400585300754406,0.11658619167928216,0.17200528196937218
2022-12-20,11020000.0,-3.0,5.3,3.5580343840494537,3.8669885172931133,0.2,0.12536603961244436,0.10661742862156949,0.16335461317705127
2022-12-21,4030000.0000000005,-3.5,6.0,6.067372091141348,4.489537752275287,0.52,0.04681487325784424,0.039933057697787835,0.06676362890216221
2022-12-22,10390000.0,-7.5,1.0,2.1891481145469496,11.15799782698818,0.0,0.2917740429811094,0.2769568570047515,0.20893124238097593
2022-12-23,10420000.0,-9.6,-1.4,1.8784561218719629,13.112443261812022,0.0,0.297874548658257,0.2844360370398878,0.18445657111018132
2022-12-24,10980000.0,-7.8,3.0,2.552487209656944,6.00400848737615,0.0,0.16321206007869155,0.14697710421663646,0.17858986530319715
2022-12-25,11280000.0,-4.6,5.3,2.8798529362588394,6.725327552908379,0.0,0.21686304021889327,0.19824190747467996,0.22600286313386478
2022-12-26,10350000.0,-3.2,5.2,2.5790898554885224,7.057553346576752,0.0,0.25945870699392626,0.24194809175645698,0.2567188485418469
2022-12-27,11190000.0,-2.4,6.8,2.955856847304291,6.605606546181038,0.0,0.24867038763772303,0.22888958087473682,0.2628286100742693
2022-12-28,10100000.0,-3.6,5.7,3.4571977768743434,7.563374599999767,0.0,0.22476529774389223,0.20764573463135036,0.2184587860646367
2022-12-29,10850000.0,-4.6,4.9,3.310159996692972,5.983057311198866,0.0,0.17295405328136554,0.15517959437083795,0.18894342903150818
2022-12-30,9350000.0,-3.1,5.8,3.545431653408787,6.054889915235271,0.0,0.18955187209603525,0.1735262698027278,0.20375816848242737
2022-12-31,10450000.0,-4.6,6.3,3.7507040815316914,6.500850665294615,0.0,0.17837225890016076,0.16079148467707088,0.1941400693603669
2023-01-01,10910000.0,-3.2,7.6,2.670148698664501,6.734306628412931,0.0,0.27066660473168525,0.25138076006821974,0.2877546119789852
2023-01-02,11040000.0,-4.6,4.0,1.869374934733948,7.584325776177051,0.0,0.29287882959702377,0.2751059640502123,0.2735844204329009
2023-01-03,11710000.0,-3.7,4.3,2.2832907726592717,7.5992909020179695,0.0,0.28062836674261665,0.2613343132489188,0.26238047036689693
2023-01-04,11240000.0,-4.5,7.4,3.2705511938784366,5.369487151721244,0.0,0.18615103602921376,0.16681496980373306,0.2232864455617393
2023-01-05,10490000.0,-2.6,8.3,4.301902118538827,4.6571471616935645,0.0,0.15333633602926625,0.13436182998736107,0.19258133962790508
2023-01-06,11280000.0,-1.7,8.6,4.471838699496117,3.8939257438067654,0.0,0.13864923334454496,0.1178182987669217,0.18303513611595446
2023-01-07,10110000.0,-3.8,8.4,4.262679730273378,7.195232504313194,0.010000000000000002,0.21167029596674203,0.19373469128473528,0.22014175921580512
2023-01-08,11510000.0,0.2,9.7,3.9387404044437457,3.0588717218835626,0.0,0.14715715655368694,0.12481499877164266,0.20628910383054477
2023-01-09,10310000.0,-2.9,12.5,5.314904327676912,6.482892514285514,0.0,0.2885723169420497,0.26865649988324625,0.25218415423778195
2023-01-10,11560000.0,0.2,10.7,5.837475552291136,2.4153713107241046,0.0,0.10291017052748894,0.08010908764577113,0.14700983377799626
2023-01-11,11630000.0,-0.7,11.9,5.665376727638701,2.780520381242494,0.0,0.12417178454953375,0.10112364464401524,0.171521466283868
2023-01-12,11670000.0,2.8,14.3,9.989956253954363,6.414052935417294,1.1400000000000001,0.11209317314707161,0.08684364259340904,0.13061103369586624
2023-01-13,2190000.0,10.5,15.9,14.388062744726103,5.342549925207591,2.35,0.05755154790750098,0.05221594711499418,0.07292135521949607
2023-01-14,2020000.0,6.8,11.2,9.629829961636114,6.569690244162837,0.17,0.1106760959622229,0.10625055675431286,0.12089804363263608
2023-01-15,1510000.0,-3.2,7.3,5.57589452770637,8.95812432837329,0.32000000000000006,0.1255514598043823,0.12289652487964668,0.13579519507096177
2023-01-16,12600000.0,-4.6,3.7,2.6745976867378856,9.978745910723871,0.0,0.3177322384223268,0.29756684997138316,0.24521293890801435
2023-01-17,11800000.0,-4.0,4.0,2.9017993037506757,7.1802673784722755,0.0,0.23848369327786859,0.21926447741024582,0.22008932859187355
2023-01-18,8340000.0,-4.6,5.2,4.014732755059142,5.145010264107479,0.0,0.13908694367391267,0.1253454913991526,0.15368518588720578
2023-01-19,12430000.0,-2.4,6.4,3.9074553936916585,3.8849466683022156,0.0,0.14901480206065335,0.12719924785985287,0.17767977945198837
2023-01-20,12650000.0,-5.6,6.0,2.301922748959601,9.709373645587354,0.0,0.3646831095619968,0.3439200219337396,0.30140032797813954
2023-01-21,13180000.0,-4.9,4.1,2.039672856412803,4.672112287534482,0.0,0.2024650900878738,0.1813300197569544,0.2263367578393784
2023-01-22,6170000.0,-1.9,7.6,3.514665531652048,3.5796581011474955,0.0,0.16431279537316806,0.15315238524175195,0.20203479836907853
2023-01-23,12720000.0,-9.1,9.0,3.6286466874773073,10.194243722833086,0.0,0.40181451331986456,0.3811369101054288,0.260503886521195
2023-01-24,13610000.0,-12.8,-6.4,0.8759437940312883,13.989399636089793,0.0,0.34249564110346475,0.32814830117908017,0.1792991327260982
2023-01-25,13860000.0,-11.0,-1.0,0.6434422626082675,5.576005888325906,0.0,0.22054504230904826,0.20308187645142078,0.21760230527543117
2023-01-26,10450000.0,-5.2,5.2,2.7503330805205315,5.716678071230532,0.03,0.216707882571743,0.19968747529914488,0.22331734710704731
2023-01-27,13870000.0,-8.1,0.7,1.5323773058758994,12.178619409338761,0.0,0.4020537519011097,0.3826565362402776,0.25631052781850083
2023-01-28,13260000.0,-6.5,1.6,2.440282160122886,7.147344101622258,0.0,0.22644365954362716,0.20687861443762526,0.1950617629839646
2023-01-29,12640000.0,-3.8,5.2,3.1635304325416627,6.689411250890178,0.0,0.24383271637906256,0.22268728738105886,0.22731610514150802
2023-01-30,14120000.0,-5.4,5.3,2.500851928606742,5.959113109853397,0.0,0.24466779474081032,0.22171435469459716,0.24408765978464625
2023-01-31,13920000.0,-1.6,9.7,3.8234725219617207,4.504502878116204,0.0,0.2237821084918806,0.19754925696609274,0.2560900317757872
2023-02-01,13150000.0,-2.9,13.2,3.6709006619835143,9.826101627146512,0.0,0.6876316382930312,0.6619412524251141,0.41716357737673543
2023-02-02,12070000.0,-1.0,7.2,2.5244368092505884,5.635866391689578,0.0,0.29524700124379255,0.2732239030580423,0.301564361260258
2023-02-03,10050000.0,-3.8,8.5,2.715838780536877,5.567026812821355,0.0,0.2786616264375437,0.2608006869291629,0.2892443733225196
2023-02-04,14400000.0,-5.4,6.7,3.081781680557309,6.189576047803529,0.0,0.24912423451216936,0.22507996353492649,0.24316728546184008
2023-02-05,14990000.0,-3.8,9.8,2.5894536951669056,3.1336973510881503,0.0,0.23469562319073187,0.20743934973397443,0.2567191047261298
2023-02-06,12170000.0,-1.4,11.9,3.472889560187249,3.9298420458249685,0.0,0.2729217192904075,0.24906970772907214,0.29347457011686917
2023-02-07,13900000.0,-0.3,13.9,6.080273155291583,4.660140186861748,0.0,0.2694248285364932,0.24084130130696316,0.26064902936221934
2023-02-08,15120000.0,-2.6,11.5,3.601877631717705,6.8181113331220695,0.0,0.42189965772939386,0.393024776083963,0.3440731431486511
2023-02-09,9490000.0,2.9,10.5,6.167524539435218,6.297324953858136,2.07,0.2470744744946544,0.22761824683177845,0.23656691212259
2023-02-10,10600000.0,-2.0,9.9,6.343439326513337,6.279366802849035,0.03,0.16538759137025053,0.14547819826766742,0.16462887253812153
2023-02-11,10460000.0,-1.5,11.0,6.025153132190565,2.687736601028805,0.0,0.14094784604893268,0.12077509968926989,0.16283692438022707
2023-02-12,9920000.0,4.3,13.4,7.273943082747143,5.914217732330644,0.25,0.25839171537792416,0.23674825588471005,0.26028112427587635
2023-02-13,5250000.0,2.5,9.2,7.029107121089153,6.8630067106448225,0.08000000000000002,0.1730967955907576,0.1626105498371872,0.15986892635124078
2023-02-14,14600000.0,1.8,10.1,5.110477485916964,7.847711990977201,0.010000000000000002,0.3497196598595803,0.32046694143824206,0.29724560746068446
2023-02-15,5940000.0,-0.2,5.8,5.475882943421973,5.094128836248358,0.0,0.14162853731905553,0.1309029264100885,0.13675660375286344
2023-02-16,5790000.0,-1.1,8.1,5.9451096910073655,3.9837164988522713,0.0,0.12110640851349155,0.11039566456450542,0.1335362951365499
2023-02-17,10890000.0,3.7,11.5,6.354939457935615,2.9002413879698357,0.43,0.18842955229624253,0.1654990212109508,0.20638805394306942
2023-02-18,4640000.0,6.1,12.1,10.633679044151481,2.481217864424142,0.31000000000000005,0.07787564261034621,0.06768206548147948,0.08613614602769423
2023-02-19,13410000.0,-3.1,11.4,4.277519707666944,8.98506155488694,0.010000000000000002,0.4845888241031121,0.45923265062505275,0.3321613825871609
2023-02-20,15810000.0,-4.7,8.9,2.3762082715214556,9.661485242896418,0.0,0.5700121541289566,0.5421644622548983,0.38158742613171787
2023-02-21,17340000.0,-4.6,7.0,3.3752966174681642,5.049233458725605,0.0,0.2542201348532351,0.22466434630042684,0.24124979210667083
2023-02-22,16660000.0,2.3,9.6,5.082074221490502,3.238453231974574,0.11000000000000001,0.2377444689572244,0.20436431218328632,0.23871607440888937
2023-02-23,17280000.0,3.4,12.8,4.360648398066675,5.998022437039783,0.0,0.40807363763153814,0.3711593576298836,0.39310038142271786
2023-02-24,15940000.0,-3.2,12.7,3.650893287584233,7.8267608147999175,0.0,0.5967419092024122,0.566000649453557,0.39251603259106904
2023-02-25,18020000.0,-3.6,9.0,2.6225173972949363,7.386786115076939,0.0,0.43694934797519025,0.40452528695349355,0.35850263339287725
2023-02-26,18260000.0,-3.6,11.3,3.5021992939995474,3.2444392823109407,0.0,0.30750979363992265,0.2733281162875182,0.28121374620452666
2023-02-27,18490000.0,2.1,14.2,4.460607720040998,2.984046092678974,0.0,0.29537869452448196,0.25582316856350473,0.3230840613246369
2023-02-28,18170000.0,3.0,16.0,6.201231979198418,4.830742621448209,0.03,0.38412680350888456,0.34377243683512,0.36348324711147906
2023-03-01,6920000.0,-0.9,12.9,5.066355102102547,7.5514024993270334,0.1,0.3915563324626123,0.3776697994151724,0.3215340597043995
2023-03-02,19270000.0,-3.8,8.9,2.0084081521752273,5.986050336367049,0.0,0.42374633212060697,0.3892558378074979,0.36959618642319975
2023-03-03,18950000.0,0.6,14.6,3.3687321275427364,5.165961440284764,0.0,0.49822717801283983,0.45832510601409976,0.4365197299408322
2023-03-04,15690000.0,0.7,16.8,6.03064517916838,4.387774896557047,0.0,0.41658010640826665,0.3824425848399869,0.3517199441645801
2023-03-05,16340000.0,0.8,16.4,6.688529909591407,3.7323023847248553,0.0,0.3491779919176055,0.3137747535435293,0.3077482133974908
2023-03-06,19150000.0,1.8,18.5,6.420455641923443,4.256081789156972,0.0,0.46768719705569817,0.424413627025524,0.39579893599946325
2023-03-07,18640000.0,6.5,21.2,7.834641916728018,5.516145384962236,0.0,0.57800309423849,0.5319115076940244,0.4932157340074445
2023-03-08,17430000.0,9.2,19.5,9.053243272362362,7.102448724099505,0.0,0.5085985252439253,0.4650169148164947,0.4662157479627319
2023-03-09,15280000.0,7.0,22.6,11.387224824676263,5.857350254135158,0.04000000000000001,0.4868462808726228,0.4482639970405976,0.40298706202160706
2023-03-10,19240000.0,8.8,22.9,9.50049635284362,4.57633548215261,0.0,0.5274529999143764,0.47778370813183074,0.4817439860287946
2023-03-11,17370000.0,12.2,24.4,10.742919353758932,4.914547326157347,0.05,0.50643836756811,0.45939831407029247,0.5247814011900498
2023-03-12,8710000.0,-1.3,18.8,6.1956027876212465,10.837744133992542,0.8300000000000001,0.7210005351878084,0.7020497504293814,0.48723027336840063
2023-03-13,20750000.0,0.2,11.2,3.267358197084412,4.714014639889052,0.0,0.39430168608228267,0.35305015874941903,0.3740354137384119
2023-03-14,17500000.0,4.3,15.6,6.165656662800437,6.087813192085289,0.010000000000000002,0.4388054786043032,0.39946859155918396,0.40556256982587213
2023-03-15,13240000.0,4.7,18.8,9.702040550938676,9.338238524732597,0.16000000000000003,0.48714981602144725,0.4559889322660453,0.36287405983609977
2023-03-16,19410000.0,6.2,16.3,2.4908042925363394,6.524794866640084,0.0,0.6344292818469998,0.5893110423399708,0.6189126048005489
2023-03-17,9890000.0,7.6,13.5,7.149535328999865,5.5281174856349695,0.0,0.33841234865696446,0.3158295412271851,0.32034583445158804
2023-03-18,15780000.0,2.7,18.2,6.0141823049383065,5.288675472180288,0.010000000000000002,0.5414383768636799,0.505499564386041,0.437111116175822
2023-03-19,21630000.0,3.8,19.2,4.0998237709170295,3.537755748792926,0.0,0.5557971589135107,0.5052036445124417,0.4898517092570823
2023-03-20,20930000.0,8.3,18.9,5.96866042842487,4.983386905025569,0.0,0.5314119239067718,0.47994945601384176,0.5259448588498433
2023-03-21,19480000.0,9.2,22.6,9.569098982132243,4.905568250652797,0.0,0.5476283606749366,0.4972876971305361,0.500048400627214
2023-03-22,9660000.0,14.9,22.8,15.546232991733444,5.47723605777585,3.24,0.3473767730175244,0.32095224193343996,0.3409235864988102
2023-03-23,4000000.0,12.4,16.7,15.865419811858626,4.869651948634594,1.4800000000000002,0.09653207189888592,0.08648663354283641,0.08752713128058225
2023-03-24,6670000.0,6.9,16.2,10.288305033227113,5.567026812821355,0.24,0.2275799397709887,0.21195914568267735,0.22659417669328197
2023-03-25,14970000.0,8.3,17.3,9.369993151169723,4.6122517841708115,0.04000000000000001,0.3634862848262519,0.3273527730765604,0.3371573332179622
2023-03-26,14640000.0,4.1,17.3,7.3368607709419615,5.9441479840124805,0.010000000000000002,0.4448523674056414,0.4112939573524378,0.38852443681242294
2023-03-27,22900000.0,1.2,16.1,4.565454693017426,4.818770520775474,0.0,0.5701880621061234,0.5205021028728704,0.4533557378642903
2023-03-28,22090000.0,4.6,19.5,6.069213617118749,4.7948263194300065,0.0,0.6157322264495737,0.5633600497108741,0.5060197637390519
2023-03-29,21610000.0,5.0,19.9,7.692708629640939,3.142676426592701,0.0,0.47279438946777363,0.4210644903601505,0.4121826645637995
2023-03-30,20430000.0,7.7,23.1,7.100723961068333,3.379125414879199,0.0,0.58121545885501,0.5289658429237484,0.5160616253338516
2023-03-31,23070000.0,5.8,24.8,6.863107769629003,4.007660700197739,0.0,0.6887360991433072,0.6298588701862636,0.5996039815780284
2023-04-01,21600000.0,7.9,23.2,9.257101442431175,5.74960134808055,0.0,0.7115438622244821,0.6561280809587247,0.5602033369590099
2023-04-02,22930000.0,7.0,20.5,8.649805756320664,8.398428621922971,0.0,0.7367560554695738,0.6801840960464285,0.5472654476618046
2023-04-03,22650000.0,6.9,20.8,8.835375365688158,6.108764368262573,0.0,0.6357931210683605,0.5797859088777948,0.506878867249924
2023-04-04,14790000.0,13.4,21.4,12.441702779172859,8.955131303205105,0.54,0.5881993801920252,0.5488205984144741,0.4876834537269971
2023-04-05,3280000.0,9.3,16.0,14.68630441936488,10.855702285001643,1.6100000000000003,0.05472047244272036,0.04683141231232011,0.048334918574228836
2023-04-06,14170000.0,7.3,17.8,11.275415348072992,6.809132257617518,0.6000000000000001,0.34980228585552886,0.315801325479376,0.286813363970048
2023-04-07,22330000.0,1.5,19.5,5.823255359318597,9.463945581796304,0.0,0.9559039711503802,0.9049816153809284,0.5961730729084016
2023-04-08,24230000.0,1.0,16.0,4.492964351338822,7.356855863395104,0.0,0.7685493801824238,0.7161982389411228,0.5191910288763348
2023-04-09,24490000.0,7.3,19.1,6.850798597245266,4.0136467505341065,0.0,0.5310836549390561,0.4714175072639457,0.4961975190378314
2023-04-10,22820000.0,8.5,19.4,10.148306422222207,7.560381574831584,0.0,0.5865709404068711,0.5300166224551355,0.4596839358398122
2023-04-11,14080000.0,7.5,21.2,11.007890432240094,12.474928900988932,0.19,0.6998760077015644,0.6646706677808403,0.4700102446919332
2023-04-12,25310000.0,4.5,20.1,4.027523786635682,6.306304029362686,0.0,0.9273129544624448,0.8669432482822795,0.6735640870173232
2023-04-13,23080000.0,7.4,23.2,6.416585288180243,4.435663299247984,0.0,0.7568317486292832,0.6979289985500216,0.6169220118882878
2023-04-14,7170000.0,11.5,16.8,13.914277089403635,4.342879519034295,0.8500000000000001,0.18982544976049984,0.17197679503198535,0.16856290041275063
2023-04-15,6690000.0,6.8,18.2,11.844279016912516,4.318935317688826,0.06999999999999999,0.19272121870124925,0.17668762901674398,0.202869913601809
2023-04-16,17350000.0,5.1,19.2,8.320531486211214,3.4150417168974014,0.47000000000000003,0.4226488356227448,0.38141473600816034,0.37542551944363867
2023-04-17,23380000.0,10.1,19.9,9.394341471719441,6.228485374989914,0.05,0.6207060925086865,0.5614169342765658,0.5198814602548615
2023-04-18,6140000.0,15.0,20.3,17.966243596105652,5.920203782667012,0.9400000000000001,0.19759067106584358,0.18116433998945808,0.17124967954855358
2023-04-19,11290000.0,14.0,22.4,18.02859005766968,4.0106537253659225,0.09000000000000001,0.2801130489642155,0.24959497086148316,0.24130753333881697
2023-04-20,20160000.0,17.6,28.5,17.51165981956382,5.662803618203228,0.010000000000000002,0.6581572260319235,0.5990725094870225,0.6036203359354536
2023-04-21,20390000.0,8.6,20.5,7.906471324409706,7.476576870122444,0.0,0.674048198072685,0.6228415760527225,0.585852837538562
2023-04-22,24940000.0,7.2,18.3,7.273943082747143,6.677439150217443,0.0,0.6509290430276103,0.5908014812356968,0.535328032265434
2023-04-23,12940000.0,10.0,18.0,7.797794486661404,4.333900443529744,0.0,0.4251687321039168,0.3930639280818141,0.4193069821425457
2023-04-24,9400000.0,8.2,15.6,8.33027084254699,5.986050336367049,0.08000000000000002,0.37034825974448304,0.3481434924609419,0.34057857741944353
2023-04-25,4530000.0,5.1,11.5,11.17719200643504,4.16928405927965,0.77,0.07277500733140677,0.06304261100586059,0.05487036420221725
2023-04-26,23350000.0,4.1,19.0,7.6700299846142705,7.814788714127184,0.0,0.7499826342311349,0.6952981451813495,0.5068145664243223
2023-04-27,25500000.0,8.2,20.7,10.911722041503607,5.300647572853022,0.0,0.58096362392361,0.5170638038260558,0.4625480742794659
2023-04-28,23210000.0,14.7,21.8,15.112957213264155,8.581003157182165,0.49000000000000005,0.6647641952062296,0.601966861521084,0.4691462103711812
2023-04-29,8630000.0,7.1,22.1,14.344770931165987,6.982727717372163,0.61,0.2923287423977072,0.27063208259483773,0.25966845604842326
2023-04-30,26280000.0,7.7,22.3,8.687653433702973,6.89592998749484,0.0,0.8525808722210823,0.7859376267830954,0.6233150123473632
2023-05-01,26100000.0,7.1,22.1,7.289086328058553,5.124059087930194,0.0,0.7870194919865624,0.7214015521424266,0.6147046756800922
2023-05-02,24570000.0,11.3,24.2,9.797189362038015,4.54341220530259,0.0,0.687827419389777,0.6219703902401991,0.6125034240378169
2023-05-03,15340000.0,13.3,21.9,12.910581945149543,5.327584799366674,0.0,0.48178482293743163,0.4407848292276175,0.43335948203356267
2023-05-04,13500000.0,16.0,22.4,16.619223807933984,10.897604637356213,2.75,0.5594628122433625,0.5223020844344479,0.4102268247904045
2023-05-05,3930000.0,15.5,19.8,21.07096255909493,11.343565387415557,6.1000000000000005,0.08069977157154348,0.0701858495633684,0.044318077781118785
2023-05-06,6520000.0,12.2,16.4,12.577616664501068,9.670464318400969,1.09,0.33465272038188415,0.3183681933592729,0.2589825558580767
2023-05-07,6380000.0,6.9,14.5,10.86853409102312,8.410400722595705,0.9,0.2225091546894032,0.20788465631922293,0.1770502054646438
2023-05-08,25400000.0,7.2,19.9,8.832809792236201,4.55239128080714,0.0,0.5900217834399529,0.5276395309370774,0.4899230302761959
2023-05-09,27020000.0,10.2,24.9,10.691211163174247,3.852023391452196,0.0,0.7212389137151327,0.649090118742748,0.5923846824735426
2023-05-10,23410000.0,9.7,25.5,12.679525291580227,3.7891698629203416,0.0,0.6458203445425778,0.5832512537507428,0.5202705638301685
2023-05-11,23360000.0,8.6,23.4,11.451552960088959,4.812784470439108,0.010000000000000002,0.6475021508388299,0.5870106934660277,0.5098510415609583
2023-05-12,17680000.0,14.8,23.2,13.773323075572732,4.806798420102741,0.06999999999999999,0.5309888485634546,0.482495350702159,0.47435472982550797
2023-05-13,11180000.0,10.9,19.6,14.29767399827534,4.22016548713877,0.05,0.2815142173073485,0.25301174150550015,0.24476160763615745
2023-05-14,23810000.0,11.5,25.0,13.887513344053243,4.028611876375024,0.0,0.6120101505294484,0.5475894475978105,0.5082384430779643
2023-05-15,26480000.0,13.5,26.5,14.99404595364245,4.684084388207216,0.0,0.7136319488882383,0.6397178762946243,0.5887412417332205
2023-05-16,26450000.0,15.0,30.3,17.4555520243396,4.758910017411804,0.0,0.8443243977156666,0.7672697190095298,0.6687744699630667
2023-05-17,25460000.0,18.7,29.2,19.73316684225242,5.746608322912367,0.04000000000000001,0.7755585136286659,0.699954469408109,0.6483556771273529
2023-05-18,5140000.0,15.6,20.0,18.32367823569795,4.755916992243621,1.56,0.16624800526639333,0.15245778797217932,0.15211436412319917
2023-05-19,15390000.0,12.1,22.2,15.395035217610316,7.299988385199616,0.010000000000000002,0.4490811517797139,0.40830263917333626,0.3560113919056202
2023-05-20,25890000.0,13.5,26.5,16.74486343381145,3.5587069249702106,0.0,0.6333255791993235,0.5610583836008088,0.517646804573114
2023-05-21,25530000.0,15.5,30.2,15.432713156711202,6.153659745785326,0.0,0.9642317433491684,0.889632260559401,0.7681166197764338
2023-05-22,8480000.0,11.6,19.7,13.17812888212216,4.516474978788939,0.19,0.28704739172435223,0.2652461827643636,0.27588222754420155
2023-05-23,25970000.0,11.1,24.2,12.109245153305082,3.974737423347721,0.0,0.653947691720574,0.5844701969235491,0.5489075838522961
2023-05-24,20410000.0,14.7,25.4,14.380182982808824,3.8939257438067654,0.0,0.5668346710297416,0.509815146846406,0.5148944769163772
2023-05-25,26550000.0,14.5,25.3,13.138052663004734,4.89958220031643,0.020000000000000004,0.7278173305340512,0.6538349536451407,0.6289057736510028
2023-05-26,12570000.0,18.1,24.7,19.259924853346185,4.53443312979804,0.13,0.4046686613686317,0.3687573074691947,0.3589202302490435
2023-05-27,17380000.0,19.4,27.0,19.387529033077268,7.87165619232267,0.17,0.6741169441775364,0.6230662936021722,0.5608797784464299
2023-05-28,4710000.0,20.5,22.1,24.415438714941015,7.635207204036171,2.04,0.14280915449532056,0.1293747615711905,0.10586059612740764
2023-05-29,5140000.0,18.4,22.9,23.46133195286605,3.2683834836564087,2.8000000000000003,0.13543416333594593,0.12092856241575145,0.12028172184560834
2023-05-30,16510000.000000002,15.6,24.9,17.728207110413344,5.755587398416918,0.08000000000000002,0.502365265174409,0.4560840248065208,0.4223405705708007
2023-05-31,26140000.0,12.3,25.3,13.686336619315933,4.621230859675362,0.0,0.6948022213143916,0.6233618630840245,0.5716219228200373
2023-06-01,12160000.0,18.2,22.5,20.047261176789316,3.046899621210828,0.8800000000000001,0.32058638755320984,0.28644154289524937,0.268246167707961
2023-06-02,27460000.0,16.0,29.6,17.65262157581882,5.9920363867034165,0.0,0.8830801039983378,0.8029014519147866,0.7024345776125317
2023-06-03,24630000.0,14.6,28.0,16.93943203739872,2.9990112185198914,0.020000000000000004,0.6385756030938354,0.5683231407326202,0.5401158690236144
2023-06-04,25300000.0,17.2,29.2,14.786917358619776,3.5347627236247425,0.0,0.717549001886572,0.6432347637072444,0.6682364766954747
2023-06-05,13240000.0,17.9,25.3,15.994695645068077,3.444971968579237,0.0,0.4434404500281087,0.40549378196847324,0.4304425365170898
2023-06-06,24280000.0,14.4,25.9,17.671491425988457,4.0196328008704745,0.0,0.5982239259340585,0.5302770318899821,0.4865746848290998
2023-06-07,20070000.0,17.9,28.0,18.662560544957316,4.830742621448209,0.0,0.6238021069775471,0.5650689039177997,0.5501259276308399
2023-06-08,19720000.0,16.1,26.2,18.627932709368228,6.093799242421656,0.0,0.5885653449574957,0.5324542175990115,0.4801905445844765
2023-06-09,24510000.0,18.9,30.0,20.2644020113786,4.806798420102741,0.0,0.7390351077141085,0.6657363644924605,0.6358251569920514
2023-06-10,21560000.0,17.4,27.9,21.04894831682906,5.492201183616768,0.03,0.6196481691288672,0.556839138017173,0.4993694321975178
2023-06-11,19860000.0,20.0,27.3,22.963954043593404,4.824756571111841,0.9500000000000001,0.5737598122140399,0.5150390727042293,0.4531294154993777
2023-06-12,17310000.0,17.8,28.1,22.68054310786533,3.4599370944201544,0.81,0.47007645965715755,0.4194201694247594,0.396556207409611
2023-06-13,18330000.0,17.7,27.8,21.5997576371165,3.8909327186385823,0.13,0.509072467791435,0.4555922526859407,0.4295270044934122
2023-06-14,19960000.0,15.4,28.7,19.58807032647683,3.8669885172931133,4.010000000000001,0.5700523931122555,0.5124387066751378,0.4848747852785819
2023-06-15,20790000.0,16.2,25.2,19.326186911462038,2.9750670171744233,0.8900000000000001,0.5041829177977959,0.44546269220129214,0.4092867876921769
2023-06-16,26910000.0,17.7,31.5,19.12799749213775,3.528776673288376,0.0,0.7968759895973809,0.7162317965582343,0.671803877477994
2023-06-17,26420000.0,19.8,31.9,19.910620206876153,4.079493304234145,0.0,0.800262736553106,0.7197429186150114,0.7131880720512039
2023-06-18,26380000.0,18.8,33.7,21.126086350337832,3.214509030629106,0.0,0.827134804846127,0.7463191372909688,0.6892801914002755
2023-06-19,26700000.0,17.4,31.6,19.81650102027708,5.076170685239258,0.0,0.8766039461225745,0.7967001813642229,0.7080403583729089
2023-06-20,22600000.0,20.4,30.0,19.12799749213775,6.979734692203979,0.97,0.8455916984754595,0.7773059542242747,0.7385460582286286
2023-06-21,8800000.0,19.9,25.2,24.104023179371744,6.417045960585477,0.30000000000000004,0.299157687285032,0.27356030038906376,0.2419398574921196
2023-06-22,23950000.0,18.9,28.7,21.037948746650688,5.22282891848025,0.24,0.7073436381103644,0.6363763479136315,0.5775676190573604
2023-06-23,19390000.0,17.9,28.4,21.47067955704491,3.9298420458249685,0.03,0.5464576865375802,0.48954517280499016,0.4651669970403255
2023-06-24,21980000.0,18.2,31.1,21.49307930927,3.543741799129293,0.03,0.6515136318752666,0.5855981013002413,0.5640175620464923
2023-06-25,16870000.0,20.8,28.6,23.412985182026862,6.515815791135533,3.2600000000000002,0.591727575254236,0.5411014009283936,0.49041404177031567
2023-06-26,6880000.0,22.4,25.3,28.478989571706343,10.475588088642336,1.26,0.21887899315816034,0.19847791254054487,0.13562275302385735
2023-06-27,17000000.0,21.5,28.6,27.53291450394816,7.772886361772613,3.25,0.5368000384145699,0.4855387781484063,0.38254371338958787
2023-06-28,16510000.000000002,20.4,29.7,26.621151546490967,5.543082611475887,0.1,0.5087363560933833,0.4589526262701854,0.4084810887307812
2023-06-29,7660000.0,23.2,27.6,29.43856372888879,9.682436419073701,2.0300000000000002,0.3088837714299519,0.28567694031713586,0.2310049336613634
2023-06-30,7020000.0,21.9,26.0,27.90377572914666,4.1992143109614855,0.9800000000000001,0.2099401666157757,0.18909411828787662,0.17091327881094814
2023-07-01,14740000.0,20.0,27.4,25.900286199507388,3.573672050811129,0.08000000000000002,0.3981658504691509,0.354552047327632,0.31462946316154083
2023-07-02,22400000.0,21.6,32.3,27.477310961531604,3.492860371270173,0.010000000000000002,0.654636159223789,0.5854040118893029,0.5405594016990928
2023-07-03,21590000.0,21.3,31.6,26.94029380672258,3.7083581833793873,0.010000000000000002,0.6306335331957833,0.5643229059076742,0.5189960389779127
2023-07-04,13450000.0,22.8,28.3,27.917855467427835,7.536437373486115,3.91,0.4703368237099256,0.4295071082716374,0.3559205682763335
2023-07-05,24920000.0,21.2,31.0,24.711370124059723,5.773545549426019,0.17,0.7803774044786762,0.7041818409162975,0.6263298042453073
2023-07-06,19150000.0,21.5,30.8,26.358843179743165,3.657476755520267,0.0,0.5700629461978403,0.5114719626634654,0.47729977227714054
2023-07-07,3320000.0,19.2,24.5,25.657275953383863,3.3970835658883005,3.0500000000000003,0.08331108594384536,0.07375802822203445,0.09312364621127975
2023-07-08,8550000.0,22.8,26.6,28.45034292053099,4.073507253897777,0.17,0.26015503504484877,0.23449683762422327,0.21076244835185526
2023-07-09,13220000.0,24.2,29.7,30.58599473663649,6.764236880094765,0.11000000000000001,0.46173592524648954,0.4208765954356902,0.3557987357607724
2023-07-10,15380000.0,24.0,30.0,30.244534052917444,6.327255205539971,0.36000000000000004,0.5155951863173667,0.4680304000005253,0.394979511869062
2023-07-11,8430000.0,22.9,27.3,29.21071042222281,6.809132257617518,4.49,0.2851499816552071,0.25971318802314053,0.21823990553489137
2023-07-12,12440000.0,22.7,27.5,29.468076823617004,4.7529239670754375,1.62,0.3530951388744634,0.31555851814102226,0.25844515939697843
2023-07-13,7450000.0,22.7,27.4,30.433821525412387,10.092480867114844,2.32,0.24284820020175749,0.22038370673217397,0.16076950076399035
2023-07-14,5970000.0,23.9,26.1,30.83085251284134,13.633229641075955,2.7,0.19956643203534816,0.18157691231807208,0.11152556882702805
2023-07-15,12160000.0,23.5,29.9,30.7464905088159,9.718352721091904,1.07,0.46224902971047727,0.42478308404085885,0.33980393900752104
2023-07-16,13670000.0,23.4,28.4,29.86903797184773,6.288345878353585,3.4299999999999997,0.42630051476521424,0.38461145111404205,0.3101515274451806
2023-07-17,15280000.0,23.7,30.6,30.769478335879917,5.153989339612029,0.86,0.4883782634928263,0.441035120752055,0.38356300341610416
2023-07-18,6260000.0,23.3,25.4,29.80188240657369,6.087813192085289,3.9700000000000006,0.17630312199447795,0.15760836130258474,0.12101480318411699
2023-07-19,16420000.000000002,21.6,28.8,27.609529778904292,2.1968804734467073,0.16000000000000003,0.43739992715118675,0.38778701031028195,0.35365603023441794
2023-07-20,22190000.0,22.7,32.1,28.32887506456815,3.007990294024442,0.05,0.6399465955487934,0.570983081602326,0.5232707271255155
2023-07-21,20740000.0,20.1,30.3,26.238541175900988,3.917869945152234,0.17,0.5782598946891323,0.5155941276196825,0.46493799168267014
2023-07-22,16239999.999999998,24.0,29.0,28.179451714497127,7.446646618440609,0.12,0.576672242029159,0.5267616948774799,0.4389170460831776
2023-07-23,15900000.0,24.6,29.9,30.892333438671688,9.448980455955388,1.4400000000000002,0.5809513502402266,0.5316266944151549,0.4099616334337969
2023-07-24,17190000.0,24.5,29.5,31.03877938162428,7.470590819786078,3.19,0.5583213059563349,0.5051588432263932,0.3911278609298063
2023-07-25,17880000.0,23.8,29.8,30.350408103036496,4.938491527502816,0.5599999999999999,0.5368495177238133,0.48169066695721724,0.4020051353894374
2023-07-26,14650000.0,22.6,30.2,29.988751689009945,3.331237012188263,1.04,0.42468405014921196,0.3797172834817482,0.3426963899045495
2023-07-27,23510000.0,23.8,32.6,30.50221754477303,2.6607993745151535,0.42000000000000004,0.670058365547695,0.5962913529101443,0.5332203872064374
2023-07-28,21950000.0,24.2,33.1,31.489576792404378,2.475231814087775,0.0,0.63497968311891,0.5657472748359643,0.5098760331194716
2023-07-29,26290000.0,24.1,34.5,29.854103113895082,2.9690809668380567,0.0,0.7787383713909636,0.6952061322044192,0.6384091496874416
2023-07-30,25120000.0,23.4,32.9,28.860941466636714,3.7742047370794243,0.0,0.7462340799237606,0.6674615987468695,0.6017896271434096
2023-07-31,24760000.0,22.9,33.9,29.505004495868373,3.0139763443608096,0.0,0.7184307101712626,0.6405602126264629,0.5883966952410697
2023-08-01,23840000.0,22.3,33.5,28.50766139664707,3.2534183578154914,0.0,0.6943829885994653,0.6198448159153362,0.5756771285914786
2023-08-02,23280000.0,25.3,33.9,30.161573469242427,2.7146738275424567,0.0,0.7030119914059216,0.6287980365541462,0.5826131587049199
2023-08-03,23350000.0,24.6,34.2,29.883979347911232,3.6724418813611845,0.0,0.7330048217943962,0.6587315813037591,0.6126707403384954
2023-08-04,20940000.0,24.7,33.8,30.700559790515637,3.3402160876928138,0.010000000000000002,0.6535128942733885,0.5870164556003761,0.5458761137815603
2023-08-05,24740000.0,25.0,36.2,31.42706038324556,3.0648577722199293,0.0,0.7723455849001141,0.6926278902421682,0.6503174891573258
2023-08-06,23680000.0,26.1,34.5,31.513048389433607,5.767559499089652,0.03,0.8310337170462493,0.7549723750486872,0.6781213578822407
2023-08-07,23310000.0,25.5,33.8,30.221888721248447,8.323602992718381,0.1,0.8980455606748512,0.8236952573542673,0.71314471562547
2023-08-08,21310000.0,25.5,33.3,28.709070605674178,12.579684781875354,0.0,1.0296743972969007,0.9618901251403491,0.7885497972838553
2023-08-09,3030000.0,23.9,26.4,29.824252942732315,15.20157482920412,8.74,0.19757786229158664,0.18842891406298262,0.1539659411674326
2023-08-10,6440000.0,22.3,26.0,26.66170836527822,11.09813732362451,4.44,0.31335525330172675,0.29417706088669376,0.23965503611926664
2023-08-11,22820000.0,23.9,30.0,27.924897662121243,6.940825365017593,0.13,0.7368209963980574,0.6662907463010499,0.5476671968872238
2023-08-12,19310000.0,21.9,30.8,28.22207373084307,2.5081550909377937,0.05,0.5249545305431876,0.4657221476107195,0.427511187202296
2023-08-13,22080000.0,23.0,32.0,28.636996634865255,2.8493599601107156,0.010000000000000002,0.6238439854251397,0.5551390171520426,0.508615612490001
2023-08-14,21220000.0,23.4,31.7,27.37331854312744,5.782524624930569,0.04000000000000001,0.7044903766960963,0.6384214844414443,0.5784466983130672
2023-08-15,21740000.0,24.2,32.6,27.995404948021672,4.9325054771664485,0.020000000000000004,0.7143492807495552,0.6459767194965688,0.5996818948310992
2023-08-16,15050000.0,22.7,29.3,29.519786866932602,4.067521203561411,1.1800000000000002,0.43109313096514645,0.38513573063457585,0.33618132227798353
2023-08-17,15340000.0,23.2,29.8,29.291384806847734,2.2058595489512576,0.11000000000000001,0.4237165701364118,0.37657200158304016,0.34754545889490684
2023-08-18,11610000.0,23.8,28.9,31.201344782265085,2.4602666882468576,3.0700000000000003,0.32283056894687806,0.28721752048256133,0.2597782638090075
2023-08-19,13050000.0,24.2,30.4,32.27223982305005,2.8493599601107156,1.7300000000000002,0.37735945239944285,0.33685123616567,0.30311922246378825
2023-08-20,16430000.0,23.6,32.4,31.567874788390636,2.8493599601107156,0.47000000000000003,0.48323656379180163,0.4318055811355005,0.3991371851766258
2023-08-21,23010000.0,24.2,32.5,30.563126530167615,4.217172461970586,0.0,0.6897966945224131,0.617471995589663,0.5441202339774499
2023-08-22,22270000.0,24.1,31.6,30.83085251284134,6.659480999208343,0.12,0.7040476914225049,0.6344596816951943,0.5197120915300968
2023-08-23,21880000.0,23.5,31.8,29.86903797184773,8.676779962564037,2.25,0.7489642799708741,0.6807583301322805,0.5517007368093443
2023-08-24,8359999.999999999,23.3,27.4,30.221888721248447,7.590311826513418,3.12,0.2697985022081164,0.24448786954640686,0.19567516652901182
2023-08-25,21520000.0,22.2,30.7,27.366397950829548,3.630539529006615,0.03,0.6011099528672071,0.5350143206652568,0.4844959465923413
2023-08-26,21320000.0,21.9,31.3,27.235196661352813,2.978060042342607,0.010000000000000002,0.5847959501863382,0.5191900047207988,0.4821102303592685
2023-08-27,18270000.0,23.6,31.7,28.737944493501764,3.0618647470517457,0.27,0.5380264766064933,0.48107388503651594,0.4531138887772995
2023-08-28,15840000.0,24.5,29.5,29.749741414014515,6.47092041361278,1.1300000000000001,0.5244726779415092,0.47548527772962573,0.40254410772794885
2023-08-29,9380000.0,23.3,27.7,30.40346626316959,8.748612566600443,4.53,0.30456053558098883,0.27610488091462565,0.21152913650452226
2023-08-30,8130000.000000001,23.4,27.8,30.138982338680748,4.7050355643845005,1.06,0.2523188781797173,0.22762255678341026,0.20527098416834538
2023-08-31,14340000.0,23.6,28.9,29.108314410002116,3.3581742387019147,1.47,0.41014590921626287,0.3662150270047023,0.3317630329057103
2023-09-01,12190000.0,22.1,28.5,28.350277615641794,3.552720874633844,3.1,0.3446700903420598,0.3077885200861642,0.28332185492466117
2023-09-02,10650000.0,21.7,29.0,28.795768314283055,2.8523529852788987,4.69,0.29748778286439514,0.265243974509466,0.25366744053792656
2023-09-03,14940000.0,22.3,28.8,29.232693274271963,3.0169693695289928,0.71,0.39455596017016914,0.3492031015346283,0.30993092687921403
2023-09-04,17740000.0,22.5,31.0,27.553791146745006,5.543082611475887,0.15000000000000002,0.5688066685213449,0.514113971047031,0.4745398551534965
2023-09-05,21380000.0,22.1,29.5,23.69827469975798,7.877642242659037,0.0,0.7427210258077807,0.6776041802938917,0.5976053886633579
2023-09-06,20790000.0,20.3,29.3,22.75699650192713,9.308308273050763,0.0,0.7442544928325772,0.6817786165028042,0.5881882357438597
2023-09-07,19710000.0,19.3,28.7,21.453893151977983,8.518149628650312,0.0,0.688619707261837,0.6300486422802157,0.5638987477296843
2023-09-08,20190000.0,16.2,27.9,19.98935165302869,4.923526401661898,0.0,0.5332969244961788,0.47501935289470565,0.4624624511710165
2023-09-09,23010000.0,16.9,29.1,21.414769530201546,2.4333294617332055,0.0,0.53169606848688,0.4643088603891563,0.45290621235759587
2023-09-10,17430000.0,19.2,29.0,23.425063700202756,3.0349275205380937,0.0,0.45349842880108493,0.4016289994420578,0.3952691988072491
2023-09-11,20100000.0,20.5,29.3,25.01682890111741,3.310285836010978,0.13999999999999999,0.520153342581276,0.45966816073091843,0.42955714436587494
2023-09-12,16370000.000000002,21.0,28.5,25.604995908582588,2.687736601028805,0.0,0.4220036389449201,0.3728440803966433,0.3533586636600282
2023-09-13,9010000.0,21.8,28.0,27.07025404808565,3.076829872892663,2.95,0.26832433979680215,0.24121133042009962,0.2424422101559623
2023-09-14,8080000.0,21.6,26.3,26.419174647179496,3.7323023847248553,1.7600000000000002,0.23941143195003978,0.21541768971507907,0.20998452924278893
2023-09-15,9130000.0,22.1,27.1,28.45034292053099,3.049892646379011,0.9400000000000001,0.24465100382387717,0.21729011633047665,0.20310059523393056
2023-09-16,4300000.0,22.8,25.3,28.421721424469773,4.833735646616392,3.38,0.13833945341278825,0.1255522932996675,0.12037603968383678
2023-09-17,9710000.0,21.2,27.3,27.276569180309778,3.6484976800157165,0.34,0.26679399737347986,0.23783694577819223,0.22519940562394383
2023-09-18,16940000.0,20.9,29.1,27.30418133855033,2.8972483628016517,0.19,0.4254172847682849,0.3743716459055284,0.3439502577457264
2023-09-19,18460000.0,19.9,29.5,23.692173208516724,2.208852574119441,0.0,0.4539169398411073,0.3985192410826574,0.3948800700070087
2023-09-20,5760000.0,20.1,25.3,26.749766646155784,7.353862838226919,4.170000000000001,0.1577385525235701,0.14094568465270826,0.11909461515876738
2023-09-21,5010000.0,16.1,20.8,20.200636463090824,5.641852442025944,0.32000000000000006,0.13256905657186496,0.11896381998965891,0.11233832219928552
2023-09-22,13390000.0,15.3,24.9,19.81650102027708,3.3910975155519334,0.020000000000000004,0.30951647250627856,0.27207682489165913,0.275678421694589
2023-09-23,17620000.0,17.2,25.6,16.74486343381145,6.557718143490102,0.0,0.5625198599596688,0.512181112488859,0.50531713614242
2023-09-24,17690000.0,18.2,25.4,17.172767294300332,7.56636762516795,0.0,0.6057622902059798,0.554900693067623,0.5252485861784513
2023-09-25,13300000.0,18.6,26.9,21.979645904535904,3.756246586070324,0.11000000000000001,0.35807723359615456,0.3192727130886219,0.32528011870718143
2023-09-26,5910000.0,20.3,24.9,25.657275953383863,3.64251162967935,0.38,0.16130192233606946,0.14409785990129562,0.14375977398763873
2023-09-27,13950000.0,18.9,27.7,24.12260970463185,3.6933930575384695,0.0,0.3548163867343484,0.31378023820108625,0.3073755553007488
2023-09-28,15850000.0,16.1,27.9,20.770026187312347,4.755916992243621,0.0,0.41477143472217526,0.36905678865200814,0.38283660392588664
2023-09-29,18180000.0,17.5,27.7,19.660501357987357,3.621560453502065,0.22000000000000003,0.4536822695493461,0.40076012825252916,0.41877723455775834
2023-09-30,12560000.0,14.4,23.2,16.87586759332345,3.675434906529368,0.30000000000000004,0.30267767026632775,0.26835131604393253,0.2864680478199976
2023-10-01,19850000.0,12.0,23.3,12.338034028529265,5.806468826276038,0.0,0.5119092499863933,0.4588045803013359,0.48218614366477264
2023-10-02,18180000.0,12.7,23.1,12.757318767699779,4.800812369766374,0.0,0.45181997809532515,0.4029523629296432,0.43683256917123314
2023-10-03,6610000.0,12.4,21.6,16.229722530868447,3.714344233715754,0.020000000000000004,0.18231806403918988,0.16485493067549797,0.19452923584478057
2023-10-04,17780000.0,12.6,24.0,13.200033886530978,5.450298831262198,0.0,0.4706855167760605,0.42253513386349884,0.4591630239770804
2023-10-05,19520000.0,8.6,19.3,8.607087554000227,6.414052935417294,0.0,0.4979270439752743,0.44955104544688335,0.46345525751000693
2023-10-06,17430000.0,13.5,21.9,12.048418908190943,3.1845787789472704,0.0,0.378609893359963,0.3319350964631169,0.3781949862679307
2023-10-07,9950000.0,14.7,22.0,14.920652772059169,3.798148938424893,0.18000000000000002,0.2847068805941763,0.2577361882884385,0.2933093586437755
2023-10-08,8330000.0,14.8,22.4,15.006308911627539,5.234801019152985,0.010000000000000002,0.3116354668821099,0.28895219451727405,0.32440804365771525
2023-10-09,9180000.0,12.6,21.8,16.238485104046422,4.42369119857525,0.1,0.22816778794750064,0.2038201082288583,0.22624783707802903
2023-10-10,15220000.0,12.9,22.2,13.506352827750966,6.051896890067086,0.0,0.4175318487574423,0.37689140984257585,0.39446164936185407
2023-10-11,16520000.0,11.0,22.2,11.558393550367972,5.857350254135158,0.0,0.44028232211360335,0.3969814152269112,0.4361459490520517
2023-10-12,16129999.999999998,11.4,23.0,12.707765442013566,4.522461029125306,0.0,0.38003276216745724,0.33725192623481004,0.38859035101863365
2023-10-13,12410000.0,12.0,22.6,14.482916061811775,2.19089442311034,0.0,0.245520662973529,0.21254237176981733,0.25327691611435776
2023-10-14,14810000.0,9.5,22.4,13.069082333472657,4.163298008943283,0.0,0.32675621038488645,0.2884445349997487,0.32222952859218434
2023-10-15,15420000.0,10.2,22.1,12.41398316951154,4.941484552670999,0.0,0.3561994571203658,0.3161464528765615,0.3627922648951478
2023-10-16,16980000.0,7.1,21.5,10.621601808270038,4.728979765729969,0.0,0.40567995484607194,0.3632702510356517,0.3705113965744771
2023-10-17,17570000.0,6.7,21.2,9.569098982132243,3.8101210390976266,0.0,0.38670946672756784,0.34316611149478976,0.36651013177760705
2023-10-18,16760000.000000002,11.0,22.6,12.785711148125815,3.1157392000790494,0.0,0.316721315461658,0.2726165572968259,0.3283662088455265
2023-10-19,13650000.0,10.3,23.1,13.952589601755074,5.100114886584726,0.39,0.334103703836722,0.29825415055380416,0.3318466313670602
2023-10-20,15520000.0,6.8,17.3,6.714665202169595,9.365175751246248,0.020000000000000004,0.562198268622502,0.5254026061967608,0.4942886526910649
2023-10-21,13010000.0,4.5,17.9,8.33027084254699,4.926519426830081,0.0,0.32245987970565704,0.2922563184919963,0.31811269725821373
2023-10-22,13920000.0,6.6,19.1,9.340309627880762,2.7027017268697224,0.0,0.2463641979674293,0.21272561075558868,0.27154441815467967
2023-10-23,15810000.0,7.1,20.9,10.831635672583099,2.615903996992401,0.0,0.2725617625357294,0.23333634123824534,0.2780438544960474
2023-10-24,14510000.0,8.2,20.3,11.29769964048045,2.8044645825879626,0.0,0.24388172378014944,0.20768113811632283,0.2644644388742128
2023-10-25,15560000.0,8.4,22.8,11.867549324768538,2.2238176999603585,0.0,0.27585186325239663,0.23589031505288402,0.28053882186625334
2023-10-26,14700000.0,10.5,23.3,13.079951184668118,3.8220931397703612,0.0,0.31553161877315367,0.27677148215917335,0.33195063839973127
2023-10-27,12440000.0,7.4,19.7,11.24682095232695,6.435004111594578,0.020000000000000004,0.30273830093943366,0.2721857331781826,0.30514057887406343
2023-10-28,14650000.0,7.9,20.5,11.126791314925551,3.2534183578154914,0.0,0.2577971537137517,0.2212876942863181,0.2782361827815849
2023-10-29,13710000.0,8.4,20.4,11.24682095232695,2.4273434113968384,0.0,0.21915928432016824,0.18484138925993238,0.247236471137962
2023-10-30,14370000.0,7.5,21.5,11.512960612610465,2.3764619835377188,0.0,0.24035640346385825,0.2043075496474224,0.25335790767685956
2023-10-31,14660000.0,11.6,22.8,11.202467606555683,2.7236529030470074,0.0,0.27695632232327605,0.23807429784884276,0.324142375358714
2023-11-01,14280000.0,12.8,24.0,14.99404595364245,2.7266459282151905,0.0,0.2605939594489969,0.22185059351928987,0.28208070556016684
2023-11-02,13420000.0,14.0,25.1,16.321936764264702,3.0379205457062777,0.0,0.2700877059732747,0.2329187267868012,0.2933662788215195
2023-11-03,13460000.0,14.1,25.2,16.037992482987576,4.079493304234145,0.010000000000000002,0.3053612786060219,0.2680164490346824,0.3347430807660342
2023-11-04,9740000.0,13.5,24.4,17.506978138778564,3.0858089483972138,0.33,0.20413006875847736,0.17743870751382718,0.22720231529577695
2023-11-05,10290000.0,17.7,24.3,20.48897143182056,11.861358741511307,1.22,0.384423359325418,0.35521580788522583,0.3073550751576331
2023-11-06,5900000.0,9.1,21.0,9.94145397863582,12.684440662761778,0.5700000000000001,0.5738843370101995,0.5589065791138909,0.5080263960055635
2023-11-07,13930000.0,2.0,14.6,5.860648880599614,6.542753017649185,0.0,0.3386319940616472,0.30870433825262766,0.3371996962731669
2023-11-08,13710000.0,6.8,17.9,9.437765070598502,2.8912623124652845,0.0,0.19953729040632023,0.16679677923643793,0.23709931471502776
2023-11-09,12410000.0,8.5,20.3,13.780910016814149,4.366823720379762,0.5599999999999999,0.1896447042997723,0.15858087660483963,0.205187777040291
2023-11-10,10270000.0,2.2,13.3,4.154801700919335,10.101459942619396,0.0,0.5135048225189014,0.4917853568906131,0.4461776944941625
2023-11-11,11310000.0,1.8,12.7,4.649152593655499,8.697731138741323,0.0,0.4077500808446192,0.38417848268383314,0.3786498261694383
2023-11-12,12860000.0,-1.0,8.2,4.142965992680687,9.344224575068964,0.0,0.3382492262432944,0.3143787679468285,0.27951321515523897
2023-11-13,13790000.0,-1.5,9.1,3.957617880800652,6.090806217253472,0.0,0.25695273489406867,0.23118210481216644,0.2664382972848113
2023-11-14,13220000.0,0.7,11.9,6.133979191849264,4.456614475425268,0.0,0.18396939793705233,0.15719387211021402,0.2141781075951333
2023-11-15,12880000.0,0.8,13.5,6.626569679943131,3.6006092773247804,0.0,0.1735579489402758,0.14679360099497962,0.2074033922123404
2023-11-16,4480000.0,2.0,12.0,8.547096248918654,3.7053651582112033,1.07,0.0842238647232113,0.07495597510753474,0.11070984718384351
2023-11-17,12190000.0,-1.4,10.6,4.663719858725415,8.667800887059489,0.010000000000000002,0.30896040875025405,0.2855660772187348,0.28945142935937146
2023-11-18,12660000.0,-2.1,8.3,4.633175177457094,7.605276952354337,0.0,0.23598314835370243,0.2128835275557242,0.22428527602298498
2023-11-19,11710000.0,-0.4,13.9,6.945669401811286,5.734636222239633,0.0,0.22644897576919223,0.20240511192353203,0.22471554753777453
2023-11-20,12720000.0,0.7,13.4,5.8677954857364165,3.1636276027699854,0.0,0.16778999216774593,0.14143655830927665,0.2133029917298889
2023-11-21,12620000.0,4.6,14.6,7.731398180000484,1.631198716660021,0.0,0.118694468439113,0.0905906904168782,0.15651419652204387
2023-11-22,11790000.0,9.0,17.1,11.189823526418847,2.9720739920062402,0.0,0.15514407237468303,0.1265192996196411,0.18390995897832565
2023-11-23,9670000.0,1.5,20.0,7.99531260600824,10.041599439255725,0.0,0.5688202678741,0.5466258371448206,0.4295325228543974
2023-11-24,12440000.0,-4.1,5.6,2.5550509453303043,10.284034477878592,0.0,0.3744899476340754,0.3536398222039488,0.29457686148545836
2023-11-25,12350000.0,-2.5,7.4,3.38516465245968,3.875967592797664,0.0,0.16488139070661295,0.14285477731581103,0.20745219583838334
2023-11-26,9580000.0,1.7,11.1,4.934471098662836,3.028941470201727,0.0,0.15242368903190498,0.13296107007539257,0.2048684724854052
2023-11-27,6960000.0,1.8,14.7,8.39627492850151,5.453291856430381,0.0,0.15651758552823863,0.14158568973046362,0.18704779423647439
2023-11-28,11640000.0,-0.3,10.1,4.529791736585234,6.680432175385626,0.010000000000000002,0.250283671518131,0.22772566770843938,0.26734929865434937
2023-11-29,7120000.0,-4.5,8.1,4.432639565287671,7.497528046299729,0.0,0.2068870057750003,0.19448094949183084,0.20161799489425372
2023-11-30,12050000.0,-3.4,2.7,2.6586121212426232,9.472924657300855,0.0,0.30150527257969645,0.2821443471621314,0.23647913625117356
2023-12-01,11570000.0,-4.6,5.0,3.4516088439572914,7.153330151958624,0.0,0.2013605331789649,0.18237010441541265,0.19715588619742935
2023-12-02,11430000.0,-0.6,8.5,5.336232781563927,4.55239128080714,0.0,0.13787463751027265,0.11640630136286463,0.16754013698305392
2023-12-03,11670000.0,-3.6,9.7,3.6426831279461216,4.459607500593451,0.0,0.20351470350554815,0.18225831183698124,0.23282054344771694
2023-12-04,11450000.0,0.3,10.7,4.554015573408001,2.9900321430153416,0.0,0.13759257494594848,0.11497267805376417,0.19733941721940546
2023-12-05,9810000.0,-1.0,13.4,4.840200239593125,2.2417758509694603,0.0,0.14525055337277762,0.12544252921333796,0.1871522717728254
2023-12-06,8680000.0,2.9,13.4,7.521825299522438,6.432011086426395,0.12,0.19039472527259008,0.1718256627879344,0.21921456025187389
2023-12-07,11210000.0,2.6,11.9,5.34116547718737,4.702042539216317,0.0,0.1983755130343236,0.17501232865037913,0.25044167245298893
2023-12-08,10480000.0,8.4,18.0,11.30088627225048,6.402080834744559,0.0,0.20806603052089723,0.1825331098334675,0.23814548494288693
2023-12-09,8610000.0,5.4,19.6,11.057816969007131,4.0136467505341065,0.0,0.16872059818401183,0.14808544015955885,0.20785447716432365
2023-12-10,9370000.0,9.9,19.3,11.600722434170308,3.9777304485159046,0.010000000000000002,0.1763664072718798,0.1528093154581039,0.2293966116668426
2023-12-11,1100000.0,9.1,14.1,13.108973634534525,8.937173152196005,2.6100000000000003,0.03601473394462834,0.033435398804083125,0.06014439913086809
2023-12-12,2380000.0,1.4,10.0,8.146932261978902,7.443653593272425,0.18000000000000002,0.08338311933881387,0.07865161885436975,0.09500679083494512
2023-12-13,9180000.0,4.7,14.3,8.567052247711969,3.6963860827066526,0.0,0.126532816038605,0.1061446439931917,0.17132036476585916
2023-12-14,1640000.0,9.4,12.5,12.272770693623018,3.8011419635930763,1.87,0.03838293778763065,0.03459956802059207,0.06295210438363012
2023-12-15,1630000.0,4.5,16.2,12.375957372945198,5.555054712148622,1.05,0.02259680753404729,0.018894139730657695,0.07266767648275904
2023-12-16,7140000.0,-8.3,5.4,2.613780211713491,13.157338639334775,0.0,0.4537660768868907,0.4427866155901875,0.2631097073419001
2023-12-17,11260000.0,-7.2,-1.6,1.7782153051915364,9.715359695923722,0.0,0.2631777443054941,0.2479106977511149,0.19533373760031664
2023-12-18,10170000.0,-4.5,1.4,2.0628751859877315,6.20753419881263,0.0,0.2109490350936883,0.19537375061209103,0.20988236556732173
2023-12-19,8380000.000000001,-2.7,5.2,3.273746961953192,4.55239128080714,0.0,0.15864360607530556,0.14433352806208655,0.18881064029930736
2023-12-20,6930000.0,-8.5,1.3,2.319905298934124,10.466609013137786,0.020000000000000004,0.25604630274357476,0.2463122699484143,0.1934224424197148
2023-12-21,11200000.0,-9.1,-2.1,1.5981085183468533,8.955131303205105,0.0,0.23206400125734566,0.21768631468023378,0.1818018579506509
2023-12-22,11280000.0,-8.1,-2.6,1.5086914838633054,9.75726204827829,0.0,0.265103476978922,0.2504547545727708,0.193677631567524
2023-12-23,10050000.0,-5.3,1.9,2.502530036647319,4.998352030866486,0.0,0.15387210592691272,0.138574682167195,0.17189709944440398
2023-12-24,9550000.0,-5.0,5.5,3.5534469792303276,4.121395656588713,0.0,0.12112262931345016,0.10541762379093096,0.1579099720514357
2023-12-25,9320000.0,-4.1,5.3,3.6146582744319735,4.214179436802403,0.0,0.12661504114550542,0.11108247226389452,0.15998304381028933
2023-12-26,10830000.0,-1.5,8.5,4.960601969542109,3.4868743209338064,0.0,0.10997711134551594,0.08994302551347458,0.15415452432420146
2023-12-27,10740000.0,-2.0,10.4,5.000803886830037,2.4872039147605087,0.0,0.09861835272428224,0.07827692101771909,0.1502710599671685
2023-12-28,10840000.0,-2.5,10.7,5.0757813994082515,5.22282891848025,0.0,0.1807406775232426,0.16027808940413363,0.20737788074134306
2023-12-29,11070000.0,-3.6,9.1,5.091526406756155,3.340216087692813,0.0,0.10137587361791449,0.08142222019426704,0.1427565039722586
2023-12-30,9450000.0,1.2,9.8,6.7025915685322195,2.6757645003560713,0.06,0.08398123660980919,0.06531241341058283,0.1190118673896909
2023-12-31,6750000.0,0.2,8.9,6.488521661947797,8.913228950850536,0.0,0.1663418305361705,0.1534088323555976,0.15652900083849847
2024-01-01,8550000.0,1.2,10.2,6.218146693988897,2.7865064315788612,0.0,0.09930286516203887,0.0823052478754854,0.13981585031386157
2024-01-02,9910000.0,1.9,10.4,6.272927465767769,5.710692020894165,0.1,0.1705346794764711,0.15055554574184998,0.19491067784613234
2024-01-03,9140000.0,-3.9,7.9,4.946752754723943,7.398758215749672,0.03,0.1592820993484869,0.14324073447356203,0.172207402070177
2024-01-04,11530000.0,-1.7,8.1,4.522688843240592,3.190564829283637,0.0,0.11442079291057912,0.09331016189542785,0.15931693195821012
2024-01-05,10850000.0,-1.9,11.5,6.039808428590307,5.240787069489351,0.0,0.16313824236691438,0.14217930782879434,0.18667440713182482
2024-01-06,11000000.0,-2.5,7.9,3.6438550036911432,6.494864614958248,0.0,0.22882595517358212,0.20903324311816238,0.24603820374306107
2024-01-07,11320000.0,-6.9,2.8,2.3666076964255383,8.16197963363647,0.0,0.2410882617523286,0.22410451711617108,0.21422246774812553
2024-01-08,11940000.0,-4.6,4.5,2.572201147507094,3.4090556665610348,0.0,0.13476295070395292,0.11535331372436475,0.17703840336012983
2024-01-09,5570000.0,-0.9,5.3,4.707664590036976,3.8580094417885635,0.61,0.11363695345351495,0.10379074311662195,0.13478957905683941
2024-01-10,9060000.0,-4.1,8.2,5.370846491224622,6.584655370003754,0.0,0.13297756651002268,0.11704795696160897,0.1493020808907715
2024-01-11,12010000.0,-2.4,8.5,4.6360765384672895,3.9956885995250055,0.0,0.13536103301890628,0.11348534630601093,0.17505507194343234
2024-01-12,11640000.0,-3.0,10.0,3.756720827285072,5.282689421843921,0.0,0.23607302493479992,0.2145405448715533,0.25638251314110383
2024-01-13,12190000.0,-4.2,6.4,3.447143475170201,4.767889092916355,0.0,0.16514576306778123,0.1444451205812386,0.19582893111773442
2024-01-14,11290000.0,-3.9,13.7,5.873160496751924,7.769893336604431,0.010000000000000002,0.3141652282010694,0.2922855148839372,0.26335578725159364
2024-01-15,12520000.0,-5.0,6.2,2.2655612609122358,7.485555945626994,0.0,0.2962186638197179,0.2753530240774681,0.28648751594272176
2024-01-16,11670000.0,-2.1,8.7,4.297829847292951,2.6159039969924,0.0,0.11867426372225162,0.0972336111623914,0.16347314954925596
2024-01-17,4270000.0,2.9,10.4,8.322965383185684,2.594952820815116,0.29,0.06794150342535883,0.05920044386409107,0.09060768848789369
2024-01-18,1550000.0,5.5,10.2,9.034908459336442,8.598961308191265,0.9199999999999999,0.1118414169635761,0.10855391694085667,0.11601462660990954
2024-01-19,5310000.0,6.2,8.7,7.073265316941732,8.224833162168327,0.09000000000000001,0.2360109413775585,0.22487884438869243,0.20641022928988662
2024-01-20,2009999.9999999998,4.7,7.9,8.607087554000227,9.08682441060518,1.79,0.0851590858409012,0.08108807170232746,0.07758861509970541
2024-01-21,7960000.0,-2.9,10.3,6.981022924110176,7.228155781163212,0.15000000000000002,0.11200758954792463,0.09718220096284497,0.12368692348772839
2024-01-22,12460000.0,-9.2,0.4,2.1331716156740077,11.520153872338385,0.0,0.2899212861442257,0.2730272008806764,0.19558124580252745
2024-01-23,12770000.0,-9.4,-1.6,1.6339163350015349,12.63655226007084,0.0,0.33788732760720663,0.3214180576104143,0.20398115567668826
2024-01-24,12240000.0,-6.9,-0.9,1.8081512686198506,10.278048427542222,0.0,0.3110484592686189,0.2940803714060435,0.21366530630700004
2024-01-25,13200000.0,-4.4,3.1,1.8398117097437021,7.67710955639074,0.0,0.3151187701849305,0.2941590065487731,0.27244458944888134
2024-01-26,13190000.0,-4.4,6.6,3.850466475883671,5.564033787653172,0.0,0.18681149529442465,0.16441268689430183,0.19669454625780677
2024-01-27,13290000.0,-1.8,8.0,3.6591198667754514,6.012987562880701,0.0,0.25120516149447775,0.2269560335003915,0.25709551167723244
2024-01-28,13620000.0,-4.2,6.4,3.704066173235677,6.3092970545308695,0.0,0.21497195263139957,0.19184293288843726,0.2117018449120493
2024-01-29,13600000.0,-4.9,7.6,3.673260856394814,4.4326702740798,0.0,0.18599168637598243,0.16268171940389886,0.2041324658855225
2024-01-30,13550000.0,0.4,10.8,6.16378928633431,3.148662476929068,0.0,0.1490649849937611,0.12221182113135562,0.17462834422020249
2024-01-31,10150000.0,5.1,13.8,7.541884993764659,3.2324671816382065,0.09000000000000001,0.1750932687494823,0.15258122185448017,0.20839049136368915
2024-02-01,2590000.0,2.3,8.2,6.7530252471438335,6.452962262603679,0.010000000000000002,0.1419763374303975,0.13690019035201964,0.14241113970882124
2024-02-02,5440000.0,4.0,9.1,6.9022158109089204,3.974737423347721,0.010000000000000002,0.138991473908514,0.1278890245874671,0.15360342901079188
2024-02-03,5080000.0,2.8,9.2,7.699523754239863,4.812784470439108,0.4,0.11077888452355793,0.10058472442514825,0.11670880577103307
2024-02-04,5550000.0,5.0,9.5,8.332707252276519,6.515815791135533,1.1,0.1432812152685819,0.1317142506538725,0.13171700039309542
2024-02-05,2310000.0,2.6,6.8,7.043799388198815,7.222169730826845,0.6000000000000001,0.11294664888339082,0.10849892454136383,0.10886974948580512
2024-02-06,5810000.0,-1.7,8.4,6.132120300637302,5.2527591701620855,0.010000000000000002,0.12088907467797376,0.11019633918320301,0.13189889867387788
2024-02-07,14410000.0,-3.3,8.5,4.694442813608262,4.345872544202478,0.0,0.17984633944024794,0.15400898436834304,0.19246886616305642
2024-02-08,14470000.0,-2.3,9.3,4.723869333410293,4.49253077744347,0.0,0.2011535831762424,0.17438597265088335,0.2145559556290321
2024-02-09,12490000.0,-3.9,9.6,4.251915706397948,5.11208698725746,0.0,0.24696816238933597,0.224376019351834,0.23459571765243553
2024-02-10,13650000.0,-4.5,9.0,4.169308276539758,4.57633548215261,0.0,0.22568906462876948,0.20151649918992987,0.21827528110570982
2024-02-11,13910000.0,-4.2,8.9,4.127231559164661,6.683425200553811,0.0,0.28621222787972533,0.2614912658337973,0.24784933112824709
2024-02-12,15710000.0,-0.3,10.5,5.0225703491375775,3.319264911515529,0.0,0.20299092737566565,0.1723484208927785,0.22212734323119127
2024-02-13,14040000.0,4.6,15.4,8.802074103458622,5.662803618203228,0.020000000000000004,0.2558254558548326,0.22422423808178937,0.252195024161802
2024-02-14,5960000.0,9.3,15.6,13.369038008637,3.9537862471704357,0.54,0.1053840226100938,0.09111700740040228,0.10486416227615694
2024-02-15,8020000.0,-1.6,17.1,7.226530718922997,7.796830563118081,0.04000000000000001,0.3771723340057196,0.36021127126581,0.3189682620119819
2024-02-16,15960000.0,-1.6,9.9,5.099415114651295,3.097781049069948,0.0,0.1901471102325152,0.159969293028203,0.20255742824362458
2024-02-17,16079999.999999998,0.1,13.0,6.397264434919061,3.4599370944201544,0.0,0.22436291614011772,0.19154538211761143,0.22803121406939192
2024-02-18,8060000.000000001,6.8,14.9,13.236613337896951,9.200559366996153,4.37,0.09476089394148053,0.07621432470441289,0.05539313628300381
2024-02-19,7000000.0,8.4,20.6,14.017933562362566,7.192239479145011,0.26,0.20514258304041336,0.18758225063157197,0.2192918746557214
2024-02-20,3730000.0,5.9,10.0,8.902311300343452,6.8540276351402705,0.6200000000000001,0.1414320284063732,0.1334980087063019,0.1275626533529181
2024-02-21,3510000.0,3.4,8.5,8.168455935557716,9.751275997941924,1.21,0.1316378116960339,0.12460513760980807,0.10121654219969616
2024-02-22,2990000.0,2.5,5.0,6.063690521346351,10.125404143964863,0.09000000000000001,0.19546134381914382,0.18988308364276413,0.1433595184783692
2024-02-23,6800000.0,0.6,6.6,5.153345927403837,8.949145252868739,0.0,0.26560936622578074,0.2529873509523773,0.2046624901803631
2024-02-24,7420000.0,2.2,7.1,6.154459902501063,7.347876787890552,0.41,0.2109204328492785,0.19665710102258258,0.17195126936756
2024-02-25,7890000.0,-0.7,8.8,6.720709221889418,6.578669319667387,0.04000000000000001,0.15249673856513316,0.13762768694599048,0.1369637768873315
2024-02-26,12310000.0,1.4,9.4,5.565650563674524,8.434344923941172,0.0,0.32800717825095554,0.30376526594699516,0.25872456421091716
2024-02-27,13270000.0,-3.4,8.7,4.665178807001199,5.623894291016843,0.0,0.23689224384869498,0.21305697978564636,0.2202840534656024
2024-02-28,16010000.000000002,1.5,12.5,6.244539551741691,3.7532535609021402,0.0,0.2524918316077152,0.21937153858383535,0.25093707240246843
2024-02-29,2650000.0,-2.4,6.3,6.517887501410167,7.590311826513418,0.7200000000000001,0.06138290951224212,0.0567403468644753,0.06915319652869531
2024-03-01,18270000.0,-6.3,3.2,2.026419691875645,11.4992026961611,0.0,0.4699764397146772,0.4419960613981795,0.29265512391396775
2024-03-02,18840000.0,-2.6,6.1,3.472889560187249,6.00400848737615,0.0,0.31379297866202693,0.2810252926312994,0.2591479031850433
2024-03-03,13650000.0,0.3,10.6,5.682729748710459,6.255422601503567,0.0,0.2871170353860794,0.26019361139512365,0.2536496362174924
2024-03-04,15760000.0,5.2,13.3,7.269621546807446,4.570349431816242,1.07,0.3045478871638658,0.2697825463847484,0.28230856980547014
2024-03-05,3430000.0,5.8,9.3,8.529668390508833,8.781535843450461,0.13,0.17104358229918473,0.16383172670952337,0.1385197442533651
2024-03-06,12150000.0,3.5,11.3,6.5100451490698035,8.404414672259337,0.0,0.35685902501389083,0.331424617476645,0.2823935831968296
2024-03-07,8570000.0,-2.5,9.5,5.6101616662559595,5.291668497348472,0.37000000000000005,0.18658223380730393,0.17072885286726752,0.1854807167290215
2024-03-08,19670000.0,-4.3,9.4,3.294051316222663,9.832087677482878,0.0,0.5649691510202938,0.5297627149466636,0.35668756357057263
2024-03-09,20230000.0,-2.9,8.8,3.851697481165545,3.917869945152234,0.0,0.2871202706769341,0.25040003177249626,0.2667213870339192
2024-03-10,20220000.0,-0.1,11.7,4.68125394606022,3.3521881883655475,0.0,0.30312041324941275,0.2627964145370954,0.2942953581107921
2024-03-11,10920000.0,1.4,12.6,7.738243546114674,4.202207336129669,0.42000000000000004,0.1967503728395898,0.17415989190137823,0.19056588412632086
2024-03-12,15260000.0,-1.4,13.4,7.367406441721098,4.755916992243621,0.36000000000000004,0.260920480284537,0.23029786550073164,0.21822747373839446
2024-03-13,19780000.0,-0.9,13.8,5.2238879996041465,4.678098337870849,0.0,0.4109438879626873,0.37069770233060784,0.3347798705025805
2024-03-14,20240000.0,-0.9,15.8,5.7088474504263935,3.7472675105657727,0.0,0.4093212515982696,0.36688930375370304,0.34125253390130805
2024-03-15,21100000.0,2.2,18.9,5.344456182577883,4.609258759002628,0.0,0.5856744738266838,0.5374947734456581,0.4743873899679663
2024-03-16,20230000.0,8.5,19.3,7.8231106234552135,4.53443312979804,0.0,0.4659166691189158,0.41583724263924243,0.45530913061211586
2024-03-17,15930000.0,1.7,19.0,6.080273155291583,8.305644841709281,0.0,0.7537927973283017,0.7176066021700218,0.5160004077027418
2024-03-18,20960000.0,5.8,14.4,6.840555856011857,4.387774896557047,0.0,0.40040884472104105,0.35310744512159564,0.3568455525730222
2024-03-19,15390000.0,2.2,15.7,5.288757528603216,11.55607017435659,0.03,0.7658229337851971,0.7321520341944135,0.5000207476456795
2024-03-20,21390000.0,-2.7,10.5,3.4382281226823697,8.413393747763887,0.010000000000000002,0.5584477894131188,0.5183395274111524,0.3879380205963232
2024-03-21,21610000.0,1.5,11.7,4.395129133954031,5.133038163434745,0.0,0.4204898188421572,0.376319202145796,0.3686691571098512
2024-03-22,17510000.0,10.0,15.0,10.317684540286132,10.837744133992542,0.8300000000000001,0.5075780201275724,0.4656126755273201,0.3325442887075915
2024-03-23,21030000.0,10.0,22.6,11.294513799402067,4.1782631347842,0.15000000000000002,0.4871566255158498,0.43236543216370027,0.44813357145506594
2024-03-24,5720000.0,9.6,14.5,11.155117037270234,5.168954465452947,0.24,0.19478154407759676,0.18122025612171797,0.18410355229494677
2024-03-25,5570000.0,5.3,12.6,10.177333642340951,9.203552392164339,1.92,0.16541042288679353,0.15322413888934944,0.12819469978786777
2024-03-26,7850000.0,0.6,11.3,7.404648524699044,6.051896890067086,0.13999999999999999,0.19046707367999308,0.17473872850139682,0.1744828942221534
2024-03-27,18800000.0,7.7,15.7,9.153348563586507,4.130374732093264,0.05,0.3720280825174572,0.32783592640419607,0.3194826593733106
2024-03-28,2780000.0,4.9,12.9,11.731821751598778,6.53078091697645,3.8600000000000003,0.03787658688186675,0.0318027803022678,0.03723791683634701
2024-03-29,20520000.0,2.0,18.8,8.972294492093658,8.281700640363812,0.010000000000000002,0.5791622764952251,0.532488829669233,0.3897679691940234
2024-03-30,18890000.0,4.8,19.1,9.811250940739514,6.943818390185776,0.33,0.5015846320980426,0.45690801400357,0.377630874654301
2024-03-31,18920000.0,5.5,18.4,8.049511830476156,2.687736601028805,0.0,0.37294885584217163,0.3282012849397141,0.3501793505841375
2024-04-01,22730000.0,7.9,20.5,7.850810926649487,3.8400512907794626,0.0,0.515327765310401,0.45868203064927,0.4813044274309437
2024-04-02,15790000.0,12.4,21.8,11.78793242413008,4.309956242184276,3.66,0.43695980344830276,0.39516215827248463,0.4192930456669844
2024-04-03,4350000.0,7.6,14.5,12.362155224318398,6.443983187099128,1.36,0.11079255426030021,0.10073190521458304,0.09883050974242885
2024-04-04,10980000.0,7.1,16.8,9.097907288989438,4.606265733834444,0.010000000000000002,0.31225174222939045,0.2862830145069283,0.3026648223471976
2024-04-05,17970000.0,6.8,19.1,10.104902299032156,3.3192649115155284,0.0,0.3673824920889003,0.3238550027680741,0.33653189401944006
2024-04-06,17140000.0,6.5,20.2,10.834706323692593,2.903234413138019,0.0,0.3597793718464779,0.3178757709485199,0.3226605788587856
2024-04-07,22020000.0,9.7,23.3,9.90450408023035,3.316271886347345,0.0,0.537442944557059,0.47984111355020403,0.48768290957986277
2024-04-08,14230000.0,10.2,23.2,11.81773353157128,4.953456653343733,0.020000000000000004,0.4622952034425671,0.42492237243773767,0.4353828064257491
2024-04-09,23140000.0,4.2,16.2,8.197232196217529,6.3990878095763755,0.0,0.4811612685517905,0.4288027487159306,0.3767457664318785
2024-04-10,21270000.0,7.3,17.9,9.95284757895705,2.933164664819854,0.0,0.3938180155556867,0.34271995521281556,0.34232042156318787
2024-04-11,12560000.0,8.4,18.4,11.339187588484242,2.9900321430153416,0.0,0.27889512296252544,0.24815338146653457,0.2636805699127185
2024-04-12,21910000.0,9.5,23.7,12.560119181754901,3.3192649115155284,0.0,0.5111617967466655,0.45373305159609484,0.4362735013436619
2024-04-13,23700000.0,9.0,25.6,12.109245153305082,4.265060864661523,0.0,0.6617610084807743,0.5987807102109948,0.5335272115760853
2024-04-14,22600000.0,13.2,24.7,12.675999154752363,6.402080834744559,0.0,0.6725496266955088,0.610616899372193,0.5941327974956016
2024-04-15,7030000.0,13.4,18.3,16.441173061198384,5.7555873984169175,0.34,0.18604052592099973,0.167892130846608,0.149075958897975
2024-04-16,20550000.0,8.1,22.9,10.64576836768405,6.243450500830832,0.010000000000000002,0.6683534356249352,0.6156865619451445,0.5171659309888608
2024-04-17,22390000.0,8.4,22.2,10.8162939043112,3.7412814602294056,0.0,0.5303601708750029,0.47321837822878676,0.45132847425788925
2024-04-18,24570000.0,8.3,23.9,11.603984143414786,3.561699950138394,0.0,0.5979671727845326,0.5342122560818219,0.4841238500244337
2024-04-19,23780000.0,13.9,26.4,11.623571346503553,3.7173372588839375,0.010000000000000002,0.6395536313360888,0.5730059731660668,0.6027680510899718
2024-04-20,3550000.0,13.6,18.1,15.183047980539696,6.8630067106448225,0.48,0.17821036010822058,0.16904580783025608,0.17938148693751974
2024-04-21,6240000.0,14.1,18.2,14.598262749040504,7.21019763015411,0.010000000000000002,0.27522734053025183,0.259019120914082,0.23898415199515374
2024-04-22,9960000.0,10.8,17.9,12.338034028529265,6.494864614958248,0.010000000000000002,0.32801763063232586,0.30311385324522255,0.2800962498944388
2024-04-23,16160000.0,9.9,19.0,12.52867763495167,6.809132257617518,0.6400000000000001,0.4216345700164969,0.3811396252017333,0.3289346498830681
2024-04-24,18640000.0,7.2,20.5,11.47091364334189,5.504173284289502,0.6200000000000001,0.4676394397938248,0.42154785324935934,0.37819079448101905
2024-04-25,25090000.0,11.4,25.6,12.775057503058912,2.7027017268697224,0.0,0.5938325706319163,0.5256352408628239,0.5092068828215828
2024-04-26,13550000.0,11.1,22.1,14.904386071100806,3.0319344953699106,0.0,0.3169117031135126,0.2813955234334473,0.2902452342763657
2024-04-27,25390000.0,11.3,28.1,13.138052663004734,2.6997087017015393,0.0,0.6622821498342197,0.5917762447435734,0.5587945239745291
2024-04-28,22150000.0,13.9,27.3,16.029324898702235,5.453291856430381,2.85,0.6744530562000717,0.6119955133875388,0.5633061211071073
2024-04-29,6060000.0,12.8,16.4,15.378315397618488,5.770552524257836,2.41,0.16068433343599917,0.14544890372506192,0.12538047407001957
2024-04-30,14120000.0,11.5,22.6,15.41595742657624,5.776538574594202,0.38,0.3855244127929148,0.3481838924534751,0.3323030647094705
2024-05-01,11890000.0,6.1,17.2,10.424063395748568,5.369487151721244,0.0,0.3055997793400539,0.2776850363783056,0.27104927991943006
2024-05-02,26510000.0,7.9,21.8,10.8162939043112,3.807128013929443,0.0,0.5937883517651132,0.5267779258361776,0.4777161182876776
2024-05-03,26230000.0,8.3,25.6,11.542149427199655,3.8699815424612973,0.0,0.6982786709088579,0.6290488671024458,0.5614200396044521
2024-05-04,25120000.0,17.4,25.3,14.847575153261733,5.513152359794052,0.13,0.7378406037821905,0.6661327284215658,0.6257759643362654
2024-05-05,4830000.0,17.0,18.9,19.188788347503905,13.193254941352977,6.53,0.1964890553248905,0.18349386439393575,0.12520658813709967
2024-05-06,15500000.0,14.0,23.5,16.037992482987576,7.2820302341905165,0.06,0.5001372974388261,0.457814269287943,0.412126803160587
2024-05-07,11490000.0,11.0,19.1,12.760864781639171,7.713025858408942,0.53,0.39662700589826333,0.36745845704596064,0.32269907084224314
2024-05-08,18590000.0,5.9,16.9,9.839427445012905,5.785517650098753,0.0,0.4186610057654314,0.37528631069955387,0.32999797096249317
2024-05-09,26260000.0,9.8,23.6,12.764411661964223,3.2683834836564087,0.0,0.5930049214734895,0.5240372094434951,0.48424113696422977
2024-05-10,26510000.0,13.2,26.3,13.40973261562992,5.710692020894165,0.0,0.7877774754042254,0.7140975741487756,0.648456922586012
2024-05-11,13790000.0,17.3,22.8,18.971734636389346,11.55008412402022,1.56,0.5229836556552577,0.48445846023692357,0.3550162569039911
2024-05-12,19070000.0,11.6,23.6,11.493537499919181,6.617578646853773,0.0,0.6331129466637294,0.5821435933360791,0.566299484301686
2024-05-13,26920000.0,9.8,24.0,11.419349038282109,4.456614475425268,0.0,0.7051011482379688,0.6341200000986251,0.5637087008569625
2024-05-14,27330000.0,12.5,25.7,13.145331271543737,3.100774074238131,0.0,0.6592163285586519,0.5841202561026836,0.5617471514113902
2024-05-15,26500000.0,8.3,25.8,12.293347295491426,9.287357096873476,1.1300000000000001,1.0105747422660187,0.9404951538102715,0.6614762008121049
2024-05-16,26770000.0,9.8,20.7,9.585628416038167,8.386456521250235,0.0,0.7870873250913759,0.7188394469862346,0.5967968791304429
2024-05-17,26420000.0,11.2,26.0,12.497305305687599,4.53443312979804,0.0,0.7612148701745665,0.6892710459393969,0.6076392700516021
2024-05-18,27340000.0,12.5,27.4,12.472952375997343,3.6604697806884503,0.0,0.7728581552808574,0.6966089387423853,0.6395500054524245
2024-05-19,27160000.0,13.7,29.6,13.74679766893122,3.585644151483862,0.0,0.830249572518551,0.752345396849405,0.6781581559350757
2024-05-20,26860000.0,14.2,29.4,14.774811941550311,3.807128013929443,0.0,0.8090390033959134,0.7318121803808617,0.6644014008990251
2024-05-21,23510000.0,11.1,25.7,15.27833074505102,3.573672050811129,0.0,0.589985181014944,0.5261997095158255,0.47701207753142416
2024-05-22,25380000.0,14.9,27.6,15.677473692068915,3.645504654847533,0.0,0.6763368415261092,0.604003608813222,0.5850024254932201
2024-05-23,26840000.0,16.2,32.0,16.708881680483312,4.537426154966223,0.0,0.9412341512265622,0.8613617769295866,0.7564780608542969
2024-05-24,25910000.0,14.8,30.0,14.871899368405765,4.196221285793301,0.0,0.844116017441366,0.7689218609453032,0.6948649634661287
2024-05-25,22500000.0,12.1,24.1,12.971619299632005,4.447635399920717,0.0,0.5893447100827037,0.5286379025324819,0.5181370574606289
2024-05-26,19140000.0,17.9,25.6,20.884482171325537,9.823108601978326,0.61,0.6275189475236982,0.5725318050117558,0.4370217145971368
2024-05-27,23530000.0,16.1,27.1,11.545396644126312,7.270058133517781,0.0,0.8982939806249208,0.8308555290053418,0.8159317034327263
2024-05-28,19950000.0,10.5,25.0,12.024836924233119,7.24312090700413,0.0,0.7855483278809628,0.7320746717338695,0.5999948268989963
2024-05-29,26310000.0,14.9,29.1,14.95730984513746,3.3372230625246297,0.0,0.7484221988041532,0.6725387705324751,0.6369343751657193
2024-05-30,18110000.0,17.4,28.3,14.05263612178772,3.783183812583975,0.04000000000000001,0.6024262242182675,0.5495082205628546,0.6005287440923177
2024-05-31,23030000.0,14.5,29.8,14.110641418856122,4.782854218757273,0.0,0.852688423587899,0.7861098018692266,0.7032376773452635
2024-06-01,21230000.0,13.8,27.7,14.900321829269021,4.962435728848284,0.18000000000000002,0.7033627317720529,0.6433500519872677,0.5959568669355365
2024-06-02,19120000.0,13.8,27.0,14.807112404907407,4.546405230470774,0.06999999999999999,0.6124914855222034,0.5587579977851966,0.5444918515199397
2024-06-03,18820000.0,13.2,23.8,14.811154318617742,3.6814209568657352,0.05,0.48519315152074804,0.4340383589239238,0.426115400429552
2024-06-04,26550000.0,12.7,26.1,13.225630160821535,3.9388211213295183,0.0,0.711186657680521,0.6378450798711585,0.5976013334577426
2024-06-05,24840000.0,14.8,28.3,14.794992473471972,3.6365255793429823,0.0,0.7126148617452742,0.641478580924613,0.6174262807232255
2024-06-06,17130000.0,15.8,26.7,15.711499672856299,3.1067601245744987,0.0,0.49493757161069285,0.44611691454324764,0.4692110707327434
2024-06-07,20110000.0,19.5,28.8,15.677473692068915,5.121066062762011,0.010000000000000002,0.7270545779999896,0.6671673964058416,0.6904116664304039
2024-06-08,9270000.0,18.7,22.5,21.032450848446572,4.8397216969527594,0.61,0.2824187540469795,0.2562796379353687,0.23201939013154343
2024-06-09,15380000.0,18.2,28.6,21.465082812043242,3.908890869647683,0.03,0.4720275388153407,0.42671831277828565,0.4274679745025235
2024-06-10,25270000.0,17.6,32.9,18.936604652179575,3.9507932220022526,0.0,0.8599784199349669,0.783573867720903,0.7127899622127085
2024-06-11,26780000.0,18.4,35.2,17.894540260066464,4.235130612979687,0.010000000000000002,1.0205128251757523,0.9378979469022933,0.8464579396438194
2024-06-12,25200000.0,19.2,34.0,19.942080139021613,3.4090556665610348,0.010000000000000002,0.8393685376446095,0.7618230486328088,0.7153221759190928
2024-06-13,25120000.0,18.6,35.0,18.707164913646604,4.22016548713877,0.0,0.9721345121825482,0.8946406457811562,0.8064048976728667
2024-06-14,27550000.0,20.7,33.7,19.341506482134772,4.809791445270924,0.0,0.9496855044815785,0.8642728439198682,0.8399844682552408
2024-06-15,21530000.0,19.8,33.3,23.017437009597767,3.612581377997514,1.3,0.7029588323271876,0.6367485402885884,0.6136548659474895
2024-06-16,25660000.0,18.6,33.2,16.50774502975831,5.085149760743808,0.010000000000000002,1.0022259991410254,0.9239713266253646,0.8506727642897685
2024-06-17,16460000.0,17.2,30.6,16.699896844561955,3.807128013929443,0.0,0.6125416156560204,0.5636982174225876,0.5827226620333043
2024-06-18,27270000.0,19.2,35.6,15.960132045543995,4.806798420102741,0.0,1.151617284838968,1.0668658190742017,0.9511304796304227
2024-06-19,22680000.0,19.4,36.5,17.446216063995493,4.678098337870849,0.0,1.0439373356269561,0.9729839330043728,0.8921246930217025
2024-06-20,15440000.0,20.3,28.1,20.650709210814956,5.058212534230157,0.0,0.5512236116050145,0.5052110821212638,0.49961927227473185
2024-06-21,15830000.0,21.9,29.9,22.91650490373455,5.653824542698678,0.05,0.6038881638648674,0.5556118012022446,0.5458308453695278
2024-06-22,3920000.0,22.6,24.3,28.371694279796003,7.793837537949898,4.010000000000001,0.11095698649060351,0.09940027602801091,0.08366868958279314
2024-06-23,10970000.0,20.8,29.2,25.611525819997627,5.37547320205761,0.15000000000000002,0.4005165100992006,0.3674603909537201,0.36147556115519947
2024-06-24,18620000.0,18.9,30.7,23.64341070433507,6.1746109219626115,0.17,0.6188389527876442,0.5628841275225949,0.5334511197465035
2024-06-25,19120000.0,17.5,28.8,16.71337568806178,4.184249185120567,0.0,0.6160800512941582,0.5599600274381953,0.5847058365074631
2024-06-26,23930000.0,17.4,29.7,15.7882951582503,3.5108185222792745,0.0,0.702270191363785,0.6316182045464821,0.6485492288032288
2024-06-27,12750000.0,18.1,27.0,19.515873105835873,3.6484976800157165,0.19,0.41569259167719075,0.3786054686176913,0.3930490486215408
2024-06-28,22950000.0,19.5,31.4,22.38858124675362,4.076500279065961,0.020000000000000004,0.6874660310555084,0.6178900346316785,0.6014830577149926
2024-06-29,9720000.0,22.8,28.5,27.2696699518008,11.47226546964745,6.25,0.48889024371819917,0.45934449691965196,0.3797887845724337
2024-06-30,7240000.0,23.0,25.9,29.152159994735353,7.264072083181413,1.46,0.2275634630495856,0.20591177390536974,0.16019567309119373
2024-07-01,20850000.0,22.4,30.9,27.833469984974887,4.387774896557047,1.9100000000000001,0.6280622347189211,0.563862099826423,0.5010285622844893
2024-07-02,7500000.0,23.8,28.1,29.936325528888975,11.852379666006758,0.81,0.3537137844655966,0.3308263094319199,0.2605344611358491
2024-07-03,19230000.0,23.4,31.7,30.146511074785664,6.566697218994654,0.86,0.643269550223041,0.5833965625671995,0.4970458317237714
2024-07-04,24390000.0,23.8,32.7,28.940772339108875,8.22782618733651,0.06,0.8749256345817471,0.798352672672368,0.6682924078589494
2024-07-05,23120000.0,24.1,33.0,28.817478411778946,6.138694619944409,0.11000000000000001,0.7971053812996255,0.7242664660924065,0.6451599899771919
2024-07-06,19090000.0,24.9,30.8,30.10888379471995,10.933520939374416,0.08000000000000002,0.7615307601019122,0.7018794307038718,0.538052793889471
2024-07-07,15620000.0,25.0,32.3,30.777144275513585,9.793178350296492,0.06,0.6863499354812428,0.6370829551905998,0.5451431880527992
2024-07-08,7920000.0,24.7,28.9,30.631775929246594,8.991047605223308,1.3900000000000001,0.3609517343441974,0.3365189548100006,0.29203067842643254
2024-07-09,7410000.0,23.0,26.9,29.824252942732315,8.3565262695684,2.17,0.24707326889037975,0.224759771936602,0.17458972632721279
2024-07-10,15350000.0,22.3,30.1,28.745166924432482,6.665467049544709,1.02,0.512594047949113,0.46559921631809864,0.4007268356971835
2024-07-11,14900000.0,21.8,28.1,26.29194939117087,3.118732225247233,0.1,0.42637000743409625,0.38150211207494805,0.3513551215360154
2024-07-12,22710000.0,21.8,30.9,27.24898140824908,3.1965508796200046,0.020000000000000004,0.63539035073093,0.5657286512800571,0.5091550011735565
2024-07-13,17480000.0,22.7,28.4,26.392345787169262,5.381459252393977,3.83,0.5510998970514461,0.4980364453145484,0.4324136936761026
2024-07-14,10780000.0,22.7,25.8,28.18655147931114,3.3910975155519334,3.1100000000000003,0.29313263031875963,0.2609846368895938,0.22451884719021034
2024-07-15,14070000.0,23.0,29.1,28.129797056909478,4.007660700197739,1.7000000000000002,0.43638722480227504,0.39339452415160336,0.35884913526994666
2024-07-16,12410000.0,23.4,27.8,29.519786866932602,6.345213356549072,1.7100000000000002,0.3901310379318019,0.3524334550870085,0.28476836850539805
2024-07-17,14410000.0,25.0,29.7,31.279017515358202,9.966773810051137,0.29,0.5499307777369442,0.5051737090447499,0.3873623372373817
2024-07-18,6360000.0,23.7,26.7,30.593620788125634,8.56005198100488,2.1,0.2139843400304055,0.19476764386060313,0.1492824255919334
2024-07-19,11800000.0,22.2,28.4,29.578980994519352,4.271046914997889,0.7400000000000001,0.3388251890114642,0.3031235869589975,0.26177125796902495
2024-07-20,14650000.0,25.6,29.7,32.46451072698587,9.296336172378028,0.9900000000000001,0.5289681141778799,0.4833000536141049,0.36452484661050216
2024-07-21,21650000.0,25.2,31.8,31.930236305170624,6.458948312940047,0.08000000000000002,0.7126246467432359,0.644456259338589,0.5270985549245287
2024-07-22,20370000.0,26.4,32.8,32.23230858342498,10.02962733858299,0.1,0.8332376958683521,0.7683004853730486,0.6199365556461803
2024-07-23,13270000.0,23.1,31.0,30.784811880961733,7.006671918717631,2.08,0.4658171269514401,0.4247524001582331,0.3712744179469837
2024-07-24,15730000.0,24.5,30.0,31.154821929723678,5.89326655615336,0.24,0.5082369715780228,0.4594396862869298,0.3826473668510716
2024-07-25,20850000.0,24.4,32.2,32.208370522037455,5.3515290007121425,0.27,0.654094799288243,0.5885975308972292,0.49439958608620727
2024-07-26,22940000.0,25.3,31.9,31.66205643597699,8.931187101859637,1.0,0.8117421153742923,0.7394286816281587,0.5748972648977613
2024-07-27,21930000.0,25.9,32.2,33.18626125720418,7.296995360031433,0.24,0.7435141500577668,0.6740297499805272,0.5369564599607972
2024-07-28,24400000.0,24.1,33.3,31.803788312154282,6.904909062999391,0.08000000000000002,0.8013271179920926,0.7243230801668616,0.5991682822218767
2024-07-29,24760000.0,24.0,34.3,29.445939583504266,6.255422601503567,0.0,0.8518756558663956,0.7733363640211319,0.6969216513136671
2024-07-30,26010000.0,23.9,36.5,30.28986912780368,4.094458430075062,0.0,0.8527298216725427,0.7692732160279413,0.7158136041360739
2024-07-31,26110000.0,24.7,35.3,31.96984109406287,3.639518604511166,0.0,0.8065803872068245,0.7229822058835487,0.6538281247010657
2024-08-01,21830000.0,26.0,34.3,31.914406371932756,4.621230859675362,0.0,0.7375313026789463,0.6675241650054307,0.6090122501137217
2024-08-02,24900000.0,26.3,36.2,33.73048516236135,3.96575834784317,0.020000000000000004,0.818202367370972,0.7374300064593922,0.6707596653764883
2024-08-03,22360000.0,25.9,35.8,34.27404866923741,3.2713765088245923,0.31000000000000005,0.7139434603067831,0.6417070709517801,0.5855821394557136
2024-08-04,22130000.0,25.0,35.1,32.88452678539151,2.954115840997139,0.06,0.6816111928137407,0.6107179573748956,0.5603167718844158
2024-08-05,20550000.0,24.1,33.8,32.37626295618144,2.3944201345468197,0.5700000000000001,0.5994714749188537,0.534432970735251,0.4865608188774929
2024-08-06,18380000.0,25.2,33.0,32.90890233513189,2.157971146260321,0.16000000000000003,0.5413301904822683,0.48306109120709684,0.4391652913012539
2024-08-07,20130000.0,25.1,34.2,32.625498565595784,3.0439065960426444,0.03,0.6229332008893078,0.558725924791352,0.5131986148777367
2024-08-08,21530000.0,24.2,34.6,31.450491341226645,3.211516005460922,0.04000000000000001,0.6614566575262345,0.5929725946669875,0.5513830208344012
2024-08-09,24170000.0,23.9,33.5,30.19925818255993,2.801471557419779,0.06,0.6985877951573845,0.6223096150657519,0.5665604617625346
2024-08-10,23930000.0,23.8,34.3,29.779526511900684,3.004997268856259,0.010000000000000002,0.7103009304101772,0.6344796037413061,0.5905773337661211
2024-08-11,24790000.0,22.0,34.6,27.749307272043954,2.448294587574123,0.0,0.7066841460574583,0.6288099358218117,0.5926991837601558
2024-08-12,25660000.0,22.4,34.6,27.407944432107726,3.0618647470517457,0.0,0.7494703689278223,0.6686758737406057,0.6359525951029724
2024-08-13,24490000.0,22.3,33.8,26.35214711781575,4.549398255638957,0.0,0.7672684988950185,0.6905619361267087,0.6619617157732808
2024-08-14,22090000.0,23.6,33.3,29.757185250632403,3.828079190106728,0.2,0.671686028691703,0.6021724374228067,0.5538879631598621
2024-08-15,21180000.0,23.7,32.8,30.73117361425484,3.310285836010978,0.8400000000000001,0.6218946268239224,0.5553995332101195,0.502373469654099
2024-08-16,22150000.0,23.3,33.7,28.565080642484464,3.38810449038375,0.09000000000000001,0.6684621793654724,0.5987194643071384,0.5681076592324708
2024-08-17,21710000.0,23.3,33.2,29.660542018616084,3.007990294024442,0.16000000000000003,0.6320274397199646,0.5638683990043999,0.5226211150706612
2024-08-18,23200000.0,22.6,33.3,27.546830730654694,3.8400512907794626,0.0,0.6959420808837931,0.6233618806702157,0.589271055383803
2024-08-19,21280000.0,25.9,33.7,31.3568588220743,4.579328507320793,0.13,0.7063005115544547,0.6383140633474484,0.5838505921652686
2024-08-20,15770000.0,25.2,32.2,32.92516145012431,9.511833984487241,2.8000000000000003,0.6131686984365837,0.5634001051372439,0.46118682666853844
2024-08-21,13730000.0,26.4,31.1,33.622678643190774,6.964769566363062,0.33,0.4987371999432508,0.4553818812646445,0.3847589689305776
2024-08-22,20380000.0,24.7,32.4,32.37626295618144,8.748612566600443,0.22999999999999998,0.7125496724468082,0.6483430508238357,0.5180053453432096
2024-08-23,23130000.0,24.1,34.2,29.824252942732315,3.1965508796200046,0.0,0.6918526297295556,0.6184837355300018,0.5791997557824955
2024-08-24,23700000.0,24.1,34.5,28.85369365369683,2.5979458459832996,0.0,0.690918397264049,0.6156154657797925,0.5854605867594
2024-08-25,20920000.0,23.6,32.7,30.49461137166381,2.331566606014966,0.19,0.5840168423500295,0.518414919331695,0.474923390780223
2024-08-26,20350000.0,24.7,32.6,31.061957686312102,3.307292810842795,0.03,0.6057195623518605,0.5415337077478539,0.491669482539427
2024-08-27,8970000.0,23.6,29.7,27.519004415968265,7.488548970795177,0.16000000000000003,0.42832227213246704,0.40070235798447146,0.3925014020592064
2024-08-28,17180000.0,25.2,30.4,27.317996568173903,11.963121597229547,0.010000000000000002,0.821533743104524,0.7678826643721945,0.6256555366187326
2024-08-29,17830000.0,25.6,31.1,27.98834723282706,14.941181639572156,0.04000000000000001,0.9564223487451737,0.9003793508324864,0.6892663326342986
2024-08-30,19170000.0,21.4,32.4,26.45274421905983,8.314623917213833,0.0,0.7114279291205886,0.6522156423282285,0.6017882559031593
2024-08-31,23540000.0,20.9,32.9,25.461705401737305,3.109753149742682,0.0,0.6490091239948688,0.5762987833014853,0.5614196911441416
2024-09-01,21930000.0,22.6,32.4,25.920077567251838,3.501839446774724,0.0,0.6421324286631724,0.5738942060984522,0.5569708291464588
2024-09-02,16900000.0,23.6,31.6,27.2696699518008,4.962435728848284,0.04000000000000001,0.5730649772458433,0.5204147431759902,0.5036500220302484
2024-09-03,12730000.0,19.3,26.6,22.09991241713085,5.318605723862123,0.09000000000000001,0.4061358719581668,0.36888257475086317,0.3568129215785666
2024-09-04,21000000.0,19.2,30.8,22.382775703816513,3.415041716897402,0.0,0.5716863426712969,0.5084066250728383,0.5115414796546895
2024-09-05,20750000.0,23.1,32.9,24.553571894531185,3.9537862471704357,0.0,0.6558760764521648,0.5909221573944502,0.6001803067687549
2024-09-06,13920000.0,22.5,31.2,28.897204370275045,2.960101891333506,0.41,0.4083311778221826,0.36536187963647226,0.35562891398177576
2024-09-07,15620000.0,23.6,31.2,29.996247675370128,3.7891698629203416,1.1300000000000001,0.46968866870006903,0.4211438247233308,0.39161269101056784
2024-09-08,15160000.0,23.0,30.9,30.04876536635805,2.8284087839334306,0.13999999999999999,0.42523186268510865,0.3783765343998048,0.3524605674269079
2024-09-09,19670000.0,22.5,32.1,28.687431809290864,4.0196328008704745,0.09000000000000001,0.5730605229620142,0.5120033112134843,0.4773997280940684
2024-09-10,20350000.0,24.0,33.4,29.40907642961137,3.247432307479124,0.06,0.603569943289083,0.5393473133815646,0.5142672873875338
2024-09-11,9380000.0,23.4,29.9,32.28023124439301,2.1759292972694224,1.97,0.2581929507389752,0.2293105878952518,0.21618189542529476
2024-09-12,13640000.0,23.9,30.8,31.56003735667901,2.128040894578486,0.05,0.37607894613792653,0.3337134765361546,0.30957092323892843
2024-09-13,19320000.0,24.2,32.5,30.93851428108509,2.813443658092513,0.03,0.5474583718056389,0.48673202746053973,0.4480338860271732
2024-09-14,19900000.0,24.7,33.4,29.40907642961137,4.357844644875212,0.0,0.6370022820081231,0.5739498624213895,0.5493962410682633
2024-09-15,14560000.0,25.8,31.6,29.79442881525007,7.030616120063099,0.04000000000000001,0.5828394590534655,0.5368895086134915,0.5023521340064535
2024-09-16,12280000.0,23.6,30.5,29.95878408385849,4.728979765729969,0.0,0.39701614341658314,0.3590150247262605,0.3398349652796548
2024-09-17,17000000.0,24.8,33.8,33.06364687995089,1.9873687116738605,0.2,0.4854763660325519,0.4314616050522836,0.40199854603455254
2024-09-18,17010000.0,24.4,33.8,30.700559790515637,3.1307043259199667,0.05,0.5212114727321544,0.46728560882188963,0.45584450675608046
2024-09-19,18810000.0,25.6,34.3,30.75415145283603,3.7682186867430576,0.020000000000000004,0.6064368409182209,0.5462440089989647,0.5310357509494696
2024-09-20,4920000.0,24.0,26.9,31.607087410539158,6.940825365017593,5.61,0.14895309558326386,0.13403745713423368,0.11039282955634981
2024-09-21,2650000.0,20.6,24.4,25.37088577595218,6.800153182112968,8.14,0.11426222472207063,0.10655979925856626,0.12398914211364079
2024-09-22,7390000.0,19.4,24.0,19.413138540045907,8.880305674000518,0.08000000000000002,0.40925747095824017,0.3880435997897226,0.36804912278128366
2024-09-23,19880000.0,15.6,23.7,14.726477235179422,7.772886361772613,0.0,0.6157092290085583,0.5605520810235486,0.5185830470527499
2024-09-24,15950000.0,16.9,25.8,19.474722280954957,5.468256982271299,0.0,0.43779264106390103,0.3922615657453515,0.38367115288073517
2024-09-25,18000000.0,16.3,27.8,20.87355786717832,3.0439065960426444,0.03,0.4135667971660911,0.3616105669121775,0.36959145113684455
2024-09-26,18450000.0,19.5,28.5,21.991075134168597,2.939150715156221,0.0,0.4570501713723291,0.4022233753849666,0.40690056496759935
2024-09-27,16050000.0,20.6,27.4,23.69827469975798,5.525124460466786,0.13,0.4609949694634695,0.4133001144175525,0.38504998644444904
2024-09-28,16790000.0,19.1,26.9,21.78047392897715,7.198225529481377,0.05,0.509143693162382,0.4599724100697795,0.42017216067193325
2024-09-29,17200000.0,16.5,26.1,17.842117349691705,6.3092970545308695,0.010000000000000002,0.5068438292684598,0.45778405043724185,0.457696259913776
2024-09-30,16489999.999999998,17.8,27.1,20.748287413147633,2.5769946698060147,0.0,0.3804234408999549,0.3325306448311619,0.3440348596455697
2024-10-01,14630000.0,13.7,27.4,13.784704863985125,8.81445912030048,0.06,0.7582274138727971,0.717008815073041,0.6471531528900905
2024-10-02,17400000.0,15.3,21.2,11.126791314925551,9.02696390724151,0.010000000000000002,0.6770858232763279,0.6300081151280499,0.5806917154156866
2024-10-03,7820000.0,13.5,20.6,15.145905644104875,10.867674385674379,0.54,0.37234664139294305,0.3516665515165678,0.30411452395595995
2024-10-04,17500000.0,11.4,23.4,13.81509670353525,5.543082611475887,0.0,0.42475538589969375,0.3781611545875137,0.4032404610670734
2024-10-05,15040000.0,14.1,24.3,15.737061667627477,4.947470603007366,0.0,0.39351027779436043,0.35211047436872533,0.37993463855998993
2024-10-06,6840000.0,13.2,22.1,17.937532099629752,5.046240433557422,0.45,0.18048342943492782,0.16218438960390552,0.17935795213566053
2024-10-07,5870000.0,13.1,19.2,15.732798802638994,4.755916992243621,0.48,0.17129004917691704,0.15604289386491113,0.16964155346855408
2024-10-08,15790000.0,14.4,23.6,16.37042263245308,6.47092041361278,0.05,0.41842363532662724,0.3751141143294633,0.372116681804296
2024-10-09,14790000.0,11.9,22.3,14.31728119173113,5.755587398416918,0.010000000000000002,0.36674365692230504,0.3275931077044235,0.3447640742435278
2024-10-10,16930000.0,11.4,23.1,14.21948083135651,3.7652256615748736,0.0,0.3441614265546283,0.2992152184215395,0.3366605608616234
2024-10-11,16059999.999999998,12.3,23.6,15.112957213264155,2.526113241946895,0.0,0.3046479185065868,0.26143823603223215,0.29909390594964025
2024-10-12,16890000.0,11.5,24.4,14.36050015521344,2.870311136288,0.0,0.34120070047830536,0.2957578899557742,0.33550139640434146
2024-10-13,12690000.0,15.3,23.8,16.646076758451574,4.312949267352459,0.0,0.32660779619827834,0.2914606765353611,0.322358808103581
2024-10-14,5010000.0,18.3,22.5,21.476277579021602,2.3585038325286174,2.9600000000000004,0.13084900358701673,0.11676925601576131,0.1341044265666897
2024-10-15,8250000.0,16.1,23.9,21.392441219525075,4.1573119586069165,0.75,0.1870789146616868,0.16405054989970358,0.17195009368884454
2024-10-16,14410000.0,13.6,25.6,17.918413451633707,4.327914393193376,0.0,0.32387823731675225,0.2839324322017635,0.319747184256497
2024-10-17,7710000.0,15.5,23.0,18.071863997073358,3.444971968579237,0.0,0.20562260317717135,0.18438087040173426,0.21496690740815178
2024-10-18,8600000.0,20.3,26.5,24.997641518167825,6.222499324653548,3.9299999999999997,0.2682218250681546,0.24288636707604322,0.23949243836298204
2024-10-19,8270000.0,12.7,24.7,13.86460899316837,11.94815647138863,0.6400000000000001,0.5705019604007102,0.5479410482225556,0.5287932074840961
2024-10-20,8810000.0,11.4,16.7,11.218290385694813,8.027293501068213,0.0,0.33579337638078594,0.3139109121443626,0.2984898684144893
2024-10-21,7890000.0,16.3,23.0,18.23131496899398,4.465593550929818,6.640000000000001,0.23307436039224055,0.2111835204726366,0.23925749250343803
2024-10-22,3990000.0,13.7,22.2,20.10531754829017,5.671782693707779,1.75,0.08700248064364555,0.07626732291807424,0.09392764928221417
2024-10-23,15720000.0,8.4,18.9,10.591461534245404,8.55107290550033,0.0,0.4110249383964592,0.37232886410974053,0.364699221880378
2024-10-24,16260000.000000002,9.8,19.3,11.189823526418847,5.492201183616768,0.0,0.33910764294100526,0.2982729360236641,0.3308469489913034
2024-10-25,12660000.0,10.3,22.4,14.900321829269021,4.417705148238882,0.0,0.25021967360484515,0.21720222498768607,0.2596445483507585
2024-10-26,14040000.0,10.2,23.0,14.44332732445683,3.908890869647683,0.0,0.2768009477170955,0.24000041910395042,0.2834817185614626
2024-10-27,6020000.0,11.3,20.0,15.664730630176148,2.538085342619629,0.34,0.12061929529343943,0.10514249364967396,0.13638849237948317
2024-10-28,10510000.0,12.5,21.0,13.659958455711461,7.5005210714679125,0.010000000000000002,0.3441363021195164,0.31650607493749894,0.3328495788244702
2024-10-29,9940000.0,9.8,20.6,12.839096603883766,4.693063463711767,0.0,0.23649251195979323,0.21117813876802383,0.2619094314762738
2024-10-30,14720000.0,10.1,21.2,12.978816812262313,5.148003289275662,0.0,0.2947133192883931,0.25686971128237523,0.3037244130894543
2024-10-31,11600000.0,12.2,22.1,14.96546658948142,3.573672050811129,0.16000000000000003,0.2314483013822553,0.2007120605613338,0.2477995013210723
2024-11-01,990000.0,14.3,16.7,16.74936592756995,4.8906031248118795,7.08,0.029493523660071568,0.02695628740980428,0.06692041250405649
2024-11-02,8410000.0,11.0,21.2,15.014489107285026,8.060216777918232,0.0,0.2485011004561742,0.22667859946025248,0.2474596370892758
2024-11-03,13390000.0,9.4,21.2,12.874795665600823,2.738618028887925,0.0,0.21079160343846937,0.17661882078849914,0.236332278641032
2024-11-04,10510000.0,10.5,20.7,11.917549723653543,5.881294455480626,0.0,0.3003132075415071,0.2733211849465921,0.32786827067659674
2024-11-05,10700000.0,5.2,17.9,6.755049549400373,8.000356274554562,0.0,0.46409742141211147,0.43903857632291643,0.4421160235347881
2024-11-06,14640000.0,3.6,13.1,5.369193724454273,6.417045960585477,0.0,0.3350876685203785,0.303590080471169,0.3413942831092301
2024-11-07,12400000.0,6.6,17.7,10.749017119776989,3.3821184400473827,0.0,0.1804475085035761,0.1509776044562651,0.2059393176790591
2024-11-08,11120000.0,9.0,18.6,12.228291919544562,3.7083581833793873,0.0,0.18584570264594766,0.15837993311643608,0.20631142218119064
2024-11-09,11450000.0,9.0,19.9,12.469476794205807,4.564363381479875,0.0,0.21525637500611433,0.18656410284466357,0.24206650692996412
2024-11-10,6970000.0,8.5,19.3,13.011249074171126,2.879290211792551,0.0,0.12924588816252863,0.1119916319804563,0.1617928844876592
2024-11-11,11850000.0,8.8,21.3,12.672473879986363,3.178592728610903,0.0,0.19958568347505035,0.16950323753076948,0.23414705255178028
2024-11-12,12550000.0,8.1,19.6,9.93860737428199,4.728979765729969,0.0,0.26197218438475234,0.23093949065443894,0.311867108773643
2024-11-13,10180000.0,7.1,20.2,11.400064955929238,4.2860120408388065,0.0,0.21674643661817972,0.1916875284604955,0.2498078787889248
2024-11-14,9940000.0,10.9,20.4,13.047368440783304,2.1699432469330553,0.0,0.15896890432995697,0.1334141853367628,0.19009380414359822
2024-11-15,6790000.0,10.9,20.1,13.671257908846703,3.100774074238131,0.0,0.14846428566084907,0.1310624329948744,0.18386674573393796
2024-11-16,11670000.0,12.5,21.6,14.586293045251464,3.265390458488225,0.0,0.2010748100825297,0.1702133460342818,0.22812930447001262
2024-11-17,4960000.0,1.4,16.2,4.614355513119326,11.918226219706794,0.0,0.8274229638633074,0.8166162335914663,0.515113706189234
2024-11-18,13010000.0,2.6,9.2,4.495787776886289,7.605276952354337,0.0,0.32244227671422776,0.29641582265636496,0.30114962911443194
2024-11-19,10660000.0,2.7,14.0,7.784016181749776,3.292327685001877,0.0,0.13859133887551642,0.11565661970853733,0.17908074976723434
2024-11-20,11560000.0,3.1,13.0,7.136773446082685,4.785847243925456,0.0,0.18379262545835323,0.1591329323218646,0.21546511613296088
2024-11-21,10740000.0,4.2,14.9,7.915781834240491,4.300977166679725,0.0,0.17936206681067224,0.15547706057289964,0.22250323712390901
2024-11-22,12370000.0,1.8,12.5,5.112059557891867,6.575676294499203,0.0,0.2852564852481561,0.25955190573858206,0.3103130562101156
2024-11-23,10780000.0,2.5,13.8,7.497371868774411,4.926519426830081,0.0,0.17247899575116685,0.1494174181492558,0.21050718013346903
2024-11-24,8189999.999999999,2.4,13.8,8.335144290542226,2.3255805556785987,0.0,0.09435283725172647,0.07685700662594228,0.13218967466103532
2024-11-25,9610000.0,8.5,15.3,10.669983319071799,8.263742489354712,2.58,0.23141964366163542,0.20871881242814277,0.21849045332096967
2024-11-26,6380000.0,2.5,12.8,6.620600531665342,9.431022304946287,0.21000000000000002,0.29891500943961524,0.28546139469879683,0.27915157226145393
2024-11-27,6500000.0,-0.1,7.0,5.1025736266511705,6.961776541194878,0.0,0.188402992326648,0.17639935094769843,0.1826088916996629
2024-11-28,10770000.0,-0.6,10.4,5.724568991653484,8.176944759477388,0.0,0.22435703434561943,0.20348506690314702,0.2236550924783057
2024-11-29,9980000.0,1.7,8.4,5.7088474504263935,7.443653593272425,0.0,0.21246630581611656,0.1930314850897738,0.20263921125926238
2024-11-30,9950000.0,2.9,11.7,5.939686590364069,4.7529239670754375,0.0,0.18945155844686198,0.16868376231724552,0.22968182128593484
2024-12-01,10160000.0,5.2,13.5,8.049511830476156,2.2447688761376434,0.0,0.10953793228531787,0.08706469064749492,0.14984909575585773
2024-12-02,11020000.0,2.2,16.6,8.204440219906205,5.249766144993902,0.0,0.22429220223413862,0.1998836133509887,0.24162785386528865
2024-12-03,9980000.0,-1.9,9.6,3.0576258860409773,7.443653593272425,0.0,0.3200552370217332,0.3013732468806052,0.32863125887788586
2024-12-04,10140000.0,0.1,8.8,4.226447671806462,4.369816745547945,0.0,0.17541280458797479,0.15604830062734854,0.2180902320889123
2024-12-05,7670000.0,1.4,9.8,5.724568991653484,5.656817567866861,0.0,0.18009157665332845,0.16489129865888932,0.20299511900042572
2024-12-06,8770000.0,-1.8,9.4,4.5855344302762715,6.363171507558173,0.0,0.20469145163425084,0.18830215317027096,0.22932903283798947
2024-12-07,8910000.0,-2.7,7.7,4.30869683900069,7.201218554649561,0.0,0.20641017132712877,0.19049073664445243,0.21271607615069046
2024-12-08,11370000.0,-3.3,5.2,3.397260370520041,7.446646618440609,0.0,0.2235885778288776,0.20438819718042364,0.2155835881209131
2024-12-09,11060000.0,-1.0,7.3,4.628826152364676,6.270387727344484,0.0,0.18130043804346968,0.16108527051589,0.19503504998636953
2024-12-10,11200000.0,-1.9,8.0,4.455001610382189,4.989372955361935,0.0,0.15517421391839964,0.13477390657581617,0.19024499788586788
2024-12-11,8780000.0,-2.2,9.9,5.067925074433347,5.234801019152985,0.0,0.15620198654802,0.13976632788678717,0.19558734456009147
2024-12-12,11240000.0,-1.1,7.8,2.9685332075039823,7.2760441838541485,0.0,0.29736028707550777,0.27667416883777574,0.30131058789181203
2024-12-13,7770000.0,-2.7,7.1,3.2652310711272574,9.81712255164196,0.0,0.33904949895408554,0.3253143006923874,0.28563963654145363
2024-12-14,11240000.0,-2.4,4.7,3.5972400799858533,6.192569072971713,0.0,0.1826493116321677,0.1635264089518198,0.1914262221727164
2024-12-15,5120000.0,-3.4,6.1,4.66809791668312,7.0904766234267695,0.05,0.15107438478548205,0.14229886780775647,0.1547232209388525
2024-12-16,10350000.0,-2.0,8.7,4.233136638887692,5.067191609734707,0.0,0.16971945067758143,0.15067129020066622,0.21090436625307252
2024-12-17,10750000.0,-3.2,7.7,3.788146181085866,6.291338903521768,0.0,0.19918068626787738,0.1801436841823444,0.22413599837515047
2024-12-18,11190000.0,-3.6,2.8,2.724878718255051,8.955131303205105,0.0,0.27052020222757134,0.2525762388737786,0.22527573818196672
2024-12-19,11160000.0,-3.6,6.7,3.4954160873103866,3.570679025642945,0.0,0.1242916251553537,0.10502261623769851,0.1728775957719555
2024-12-20,8760000.0,0.0,7.9,3.7990784064808705,1.8556756042737854,0.0,0.09476725519964913,0.07831383222053326,0.14300139707330936
2024-12-21,9200000.0,-5.0,6.4,3.3425874005547027,11.265746733042786,0.0,0.3175364485849487,0.30214578823830046,0.2532413640034951
2024-12-22,11300000.0,-3.4,1.6,2.545661767631319,9.416057179105369,0.0,0.2830995809280402,0.2653340418477731,0.22355094663970432
2024-12-23,10500000.0,-2.3,7.6,4.035215742906471,6.102778317926207,0.0,0.1915003375459223,0.17264048278616265,0.2149977663268648
2024-12-24,11280000.0,-3.6,6.7,3.4504920205378293,4.040583977047758,0.0,0.1387235761234645,0.11924737356153343,0.18473680678611587
2024-12-25,9960000.0,-0.2,8.3,4.571183794996688,3.2564113829836745,0.0,0.12205474856137304,0.10328469100412832,0.16857112809147162
2024-12-26,9200000.0,-3.6,8.0,3.730311056582657,9.802157425801044,0.0,0.2997099193738271,0.2834468789610056,0.2662818403762623
2024-12-27,10650000.0,-3.6,3.4,3.3928574943378917,7.719011908745308,0.0,0.20288591410214685,0.18560683203920678,0.18578293339713936
2024-12-28,11080000.0,-3.1,2.5,3.3752966174681642,7.198225529481377,0.0,0.18747491493657983,0.16963765494938138,0.17444773819614318
2024-12-29,10580000.0,-1.4,6.8,4.492964351338822,3.046899621210828,0.0,0.10299782086108886,0.08396083053869421,0.14242152951096676
2024-12-30,9810000.0,0.2,11.2,5.598147032981654,5.378466227225793,0.0,0.17706192485715921,0.1575593955494294,0.21837925127445276
2024-12-31,11540000.0,-4.3,5.8,2.7375795887595653,6.868992760981189,0.0,0.23991937345380734,0.22057769761267704,0.2468563643796394
2025-01-01,11100000.0,-1.9,8.0,4.18916234299063,2.858339035615266,0.0,0.10962341053216555,0.08940524879085514,0.15862049076626022
2025-01-02,11320000.0,-2.3,9.1,2.484959775965217,7.132378975781339,0.0,0.3204433682289956,0.2995742889643189,0.3387597207976299
2025-01-03,11610000.0,-2.0,3.3,2.8317148112312793,6.141687645112592,0.0,0.21241321406765246,0.19302752059225045,0.21547094408254316
2025-01-04,11380000.0,-4.4,5.8,3.4954160873103866,4.265060864661523,0.0,0.13616179221997535,0.11712421453031693,0.1723544375954829
2025-01-05,3850000.0,-0.6,5.6,5.169303732591735,1.5683451881281667,0.03,0.06196342027679771,0.05508465220403634,0.08632806264959322
2025-01-06,10140000.0,-3.7,8.9,3.963928183077589,8.682766012900403,0.0,0.29246387217226527,0.27428269379411707,0.26257642213712845
2025-01-07,10770000.0,-3.7,4.2,3.398361882007341,6.306304029362686,0.0,0.1839597858769606,0.16624848645522952,0.1865283459990728
2025-01-08,10490000.0,-6.2,5.4,3.4382281226823697,9.478910707637223,0.010000000000000002,0.23634599841495527,0.21952453500286545,0.20737948565894268
2025-01-09,11150000.0,-10.7,-1.3,1.2498010225476537,11.214865305183666,0.0,0.3190570823434643,0.3050084315994134,0.21773173967998954
2025-01-10,11940000.0,-7.9,-0.4,1.9612980725842817,8.051237702413681,0.0,0.2221401977168851,0.20576986970380892,0.18585204009640907
2025-01-11,11690000.0,-5.0,2.6,2.7466838452005944,5.917210757498827,0.0,0.182738757991479,0.16457980117360693,0.18518623635044512
2025-01-12,11890000.0,-3.8,4.1,3.0456112041246834,7.027623094894916,0.0,0.22354213022412178,0.20406394437654823,0.21209568959323427
2025-01-13,11950000.0,-1.7,6.0,3.443797815463082,4.0615351532250425,0.0,0.16179838946699904,0.1407119024191837,0.19537007350944835
2025-01-14,11420000.0,-3.2,10.8,3.8112581474395455,7.25209998250868,0.0,0.35363766530487,0.3322960702696761,0.3024630756457217
2025-01-15,12570000.0,-5.5,1.6,2.198105092911895,8.114091230945537,0.0,0.26137786887424835,0.2424404928048649,0.21994697031044946
2025-01-16,11700000.0,-3.7,6.2,3.7243318637052942,4.127381706925081,0.0,0.14529876470667893,0.1253193001774829,0.1755218960600359
2025-01-17,12350000.0,-4.1,7.2,3.603037848525827,2.5141411412741608,0.0,0.11301779111932413,0.09169411189593328,0.15636368009370966
2025-01-18,12120000.0,-1.6,10.5,3.3589066502821323,1.4815474582508448,0.0,0.10753372846269353,0.08438799000087988,0.15936871415202059
2025-01-19,11880000.0,-3.3,10.3,3.60652048956335,2.4273434113968384,0.0,0.15192810403426132,0.12995165530991676,0.19083999064356583
2025-01-20,12610000.0,-2.3,10.2,4.743084087474441,3.944807171665886,0.0,0.16588692942091926,0.14220226460737465,0.20191878003457336
2025-01-21,12650000.0,-2.8,10.1,4.34007524690225,3.669448856193001,0.0,0.1730862026165207,0.14956564499059774,0.20691143390841446
2025-01-22,11320000.0,0.0,10.6,4.524108631800859,3.0319344953699106,0.0,0.1579331551621148,0.13571164100781372,0.20693153938151604
2025-01-23,12700000.0,-2.4,11.8,3.280146820279473,4.202207336129669,0.0,0.28139906139800663,0.25694620462582357,0.2909853210455197
2025-01-24,12830000.0,-0.2,11.8,5.794906862491866,4.917540351325531,0.0,0.1907995030448846,0.165213108214072,0.22377430328606568
2025-01-25,10180000.0,-0.1,9.1,5.754369766004649,8.096133079936434,0.0,0.2232915859077281,0.20381869707947686,0.20322844047089955
2025-01-26,6840000.0,1.5,8.6,6.016009548505555,4.770882118084538,0.2,0.15239242874142792,0.13907237124962585,0.16570448434057555
2025-01-27,7840000.0,-3.7,5.5,4.0236826873968905,7.231148806331396,0.18000000000000002,0.20075948549056855,0.18754493725309607,0.18556737123134756
2025-01-28,12500000.0,-2.8,3.8,3.653242062075672,12.091821679461438,0.03,0.3310061341065837,0.3102527191221932,0.21608437953192788
2025-01-29,11390000.0,-4.5,2.4,3.0366277447274888,8.380470470913869,0.0,0.24749649583435507,0.22969655649439197,0.1961005823743863
2025-01-30,10190000.0,-3.0,6.3,3.9224445798333103,3.8669885172931133,0.0,0.15464466522788176,0.1369860334222317,0.1755355369569226
2025-01-31,8600000.0,2.1,8.7,5.601577460130903,3.2234881061336558,0.22999999999999998,0.1474139228225972,0.1304780620740952,0.17041890517720298
2025-02-01,2300000.0,-0.4,5.1,7.050104372775487,7.120406875108605,0.86,0.03293060046006564,0.0288430222641178,0.037468462654977566
2025-02-02,12580000.0,-0.4,10.5,5.201350640482862,5.5760058883259065,0.0,0.22717856015963994,0.20268055968495133,0.2390169416320269
2025-02-03,14530000.0,-7.9,2.5,2.1071042925791885,12.678454612425412,0.0,0.39741532492585674,0.37620129080115694,0.2522540999226394
2025-02-04,14420000.0,-6.7,-0.8,2.009788572331694,9.784199274791941,0.0,0.30174750154828994,0.2816252022467871,0.2055428358915045
2025-02-05,14510000.0,-6.5,1.8,1.7788344342402431,9.682436419073701,0.0,0.3600227923362707,0.3385234026657223,0.2605354591953602
2025-02-06,14600000.0,-4.9,2.0,2.5303638660547243,5.513152359794052,0.010000000000000002,0.21694929846957284,0.19449829917939554,0.1992745148928464
2025-02-07,13450000.0,-9.2,2.2,1.8934606275091868,14.097148542144401,0.05,0.43337399967723195,0.41439940789768626,0.2568967123057823
2025-02-08,15520000.0,-6.9,-0.3,2.1324436620447558,9.419050204273551,0.0,0.29474775100993367,0.2729480123402524,0.20321764955734248
2025-02-09,15610000.0,-4.5,3.4,2.5756434524757634,7.006671918717631,0.0,0.2810357241301525,0.2561511575481709,0.23699932173954838
2025-02-10,15540000.0,-5.1,4.7,3.0888589897797174,6.467927388444597,0.0,0.2478398561730745,0.22272482905822794,0.21975361464341475
2025-02-11,15800000.0,-1.2,9.1,3.3534590559514026,2.8194297084288804,0.51,0.2025830170636337,0.17290675187299095,0.23524640878235453
2025-02-12,3950000.0,-4.0,3.8,4.762368046494723,6.57268326933102,0.33,0.11573589343300095,0.10932721980402318,0.10764801120859517
2025-02-13,16480000.0,-4.4,6.5,2.940321239431226,5.797489750771486,0.0,0.27228450574822,0.24435080276854776,0.25798687358661543
2025-02-14,16239999.999999998,-3.2,10.9,3.69456328621267,3.07383684772448,0.0,0.24614069279588285,0.21574034010130183,0.24913743769775315
2025-02-15,5210000.0,-2.3,7.6,4.3155010715683595,2.08015249188755,0.0,0.11422911580395803,0.10487103548982965,0.14169581094909828
2025-02-16,15600000.0,-2.1,12.1,4.66955807828269,6.830083433794803,0.0,0.39380807012572394,0.36347787812734134,0.3146164711304917
2025-02-17,17070000.0,-4.1,6.6,2.233501700590208,11.535118998179303,0.0,0.5255075771296036,0.4963580506754689,0.3613014678717236
2025-02-18,17200000.0,-4.4,3.7,2.1809661242837435,9.353203650573516,0.0,0.404478890167005,0.376843378367659,0.2913472185609768
2025-02-19,17190000.0,-4.5,5.0,2.280198533253093,9.056894158923345,0.0,0.40708145385780314,0.37881244391726854,0.30547028901759177
2025-02-20,17340000.0,-3.8,4.7,2.173551599533154,9.422043229441735,0.0,0.43563384728486854,0.40689941801028595,0.3169646596714382
2025-02-21,15720000.0,-3.9,4.6,2.383431438940749,7.925530645349973,0.0,0.364242653935555,0.3382919263877684,0.28739487643348804
2025-02-22,17330000.0,-4.7,5.0,2.4361817330925004,8.616919459200366,0.0,0.38500610998231094,0.35661612169480467,0.292355705997406
2025-02-23,16890000.0,-5.0,4.2,2.2949199535381335,11.394446815274677,0.0,0.46534501309216925,0.43826069307022475,0.3012974951627426
2025-02-24,18090000.0,-4.9,6.0,2.6347931052551523,5.9890433615352325,0.0,0.30837362282159314,0.2782821977929697,0.2735472752152949
2025-02-25,15180000.0,-1.1,8.9,3.9715123254313944,4.007660700197739,0.0,0.25188213007419913,0.2234182022018359,0.2538711794025682
2025-02-26,17890000.0,-3.3,12.1,4.066114021334494,4.926519426830081,0.0,0.39068019153547817,0.35657164381240475,0.3149947924662008
2025-02-27,16250000.0,3.2,13.7,4.0972219426384955,2.8284087839334306,0.04000000000000001,0.2836832123112825,0.24862294981270855,0.31847787999368515
2025-02-28,17070000.0,3.0,17.1,8.320531486211214,2.6548133241787863,0.0,0.27181179091320384,0.23333987432181202,0.2616561635376754
2025-03-01,9100000.0,7.3,15.6,12.293347295491426,3.1127461749108654,0.03,0.1433894857664284,0.12213064175760098,0.13508358232387113
2025-03-02,6360000.0,2.8,18.8,10.084703053787921,10.586330019865125,2.44,0.40340769745527627,0.38879162348053187,0.2975248145002282
2025-03-03,7660000.0,2.7,6.5,6.169392916353908,11.861358741511307,0.49000000000000005,0.2928483919718464,0.27814777018911974,0.1849416672751837
2025-03-04,3730000.0,2.5,4.9,6.962286604355229,8.548079880332146,0.55,0.1180278940101204,0.11108082121836826,0.08588862088869016
2025-03-05,7730000.0,2.8,9.2,6.498297256267586,6.898923012663023,0.0,0.2372350795710479,0.2217230997362632,0.2030068089544928
2025-03-06,12500000.0,-2.1,10.1,5.53501851289462,5.525124460466786,0.04000000000000001,0.23591004557488873,0.2123926131551992,0.21744263554721277
2025-03-07,15440000.0,2.5,10.6,5.377462061987077,3.4659231447565215,0.0,0.26438410687345326,0.2328727433593054,0.256808666191432
2025-03-08,15680000.0,-0.6,12.2,6.229445818491071,3.828079190106728,0.08000000000000002,0.25160116196728893,0.22033111746634262,0.23470337484701323
2025-03-09,19810000.0,-1.8,14.3,5.567356733732054,3.7742047370794243,0.0,0.3662664252154716,0.3262051770736838,0.30365494945073856
2025-03-10,14960000.0,1.4,13.9,7.060623757825766,3.109753149742682,0.0,0.24475359389363388,0.21320718691516305,0.2396997364021213
2025-03-11,19790000.0,3.2,17.1,6.590826002796696,2.3644898828649845,0.0,0.33405827670128374,0.28933848814268587,0.3188448149823252
2025-03-12,18530000.0,4.4,18.3,7.913453300230101,5.770552524257836,0.0,0.47521954564100566,0.4320388015221984,0.3992984492813282
2025-03-13,17310000.0,2.6,16.4,5.420639342091067,4.232137587811504,0.0,0.4234263030271272,0.3849819393990113,0.38903062546671074
2025-03-14,20140000.0,5.9,17.2,6.761125673290353,7.332911662049636,0.34,0.539502812464211,0.49233597694118414,0.47332694808422404
2025-03-15,6290000.0,5.9,9.9,7.683630079276484,10.017655237910256,0.2,0.2972717508112317,0.2839116257383542,0.21724616941586836
2025-03-16,9180000.0,-0.4,11.0,4.4034403829746,10.328929855401345,0.37000000000000005,0.4582174737825871,0.4401968465797174,0.35577065574106403
2025-03-17,20840000.0,-1.1,9.8,3.578742829287734,5.186912616462049,0.27999999999999997,0.38209523800395095,0.34242783958441214,0.3372075863461951
2025-03-18,18770000.0,-3.1,6.6,4.352408787323039,9.999697086901156,0.22999999999999998,0.378078312090132,0.3454323743620664,0.2427760023159117
2025-03-19,20890000.0,-2.9,8.9,3.835721615188,4.193228260625117,0.0,0.3161113590629872,0.27812713274466405,0.28191667675400023
2025-03-20,20990000.0,3.2,15.7,6.343439326513337,5.623894291016843,0.0,0.45839026701899555,0.41183579762726197,0.3977371015364534
2025-03-21,21390000.0,5.7,21.5,7.162317361213648,5.540089586307704,0.0,0.6985706013994923,0.6459770902561683,0.544891989922409
2025-03-22,21450000.0,7.3,24.3,6.920809284320507,5.249766144993902,0.0,0.7836215041402114,0.728304056854044,0.6385725186367932
2025-03-23,21010000.0,10.3,24.7,9.286551840570228,4.1992143109614855,0.0,0.6165372270694008,0.5604899947193274,0.5572731323087486
2025-03-24,16960000.0,7.7,21.9,11.007890432240094,5.423361604748546,0.04000000000000001,0.4872946479312527,0.44447033289256516,0.41520088263400384
2025-03-25,21940000.0,5.2,25.1,8.748513496818777,7.530451323149747,0.0,0.8662150814865136,0.810399375239877,0.6624029774698194
2025-03-26,21770000.0,14.0,23.0,11.702211324254417,8.586989207518531,0.08000000000000002,0.7347233865516378,0.6755501753490415,0.6158281032679941
2025-03-27,7410000.0,7.7,21.3,12.549630967280724,8.224833162168327,0.15000000000000002,0.3607383404162919,0.3421494742520755,0.32221206514079564
2025-03-28,20160000.0,1.8,13.6,5.190114273235261,6.626557722358323,0.0,0.4742310170308343,0.431657487641025,0.39988687756245656
2025-03-29,20390000.0,-1.8,12.0,3.0366277447274888,10.146355320142149,0.0,0.767558309494935,0.7277874178853825,0.4772561491490901
2025-03-30,22400000.0,-1.8,11.2,3.5328685662750425,5.453291856430381,0.0,0.4673776566043311,0.42424820843922084,0.3777763841067771
2025-03-31,19000000.0,-0.3,13.9,5.620478075552163,3.2055299551245544,0.0,0.3530650371587194,0.3139940287154771,0.30658548118266965
2025-04-01,22690000.0,0.6,16.6,5.694904825390986,4.812784470439108,0.0,0.5587282377472595,0.5095667029426213,0.41995055836733874
2025-04-02,22960000.0,1.1,18.2,6.77126327749888,4.962435728848284,0.19,0.56061987624926,0.5094210133423811,0.4285269723969124
2025-04-03,17810000.0,3.0,15.9,7.11554834333472,2.978060042342607,0.0,0.3397521093391632,0.30025067532931216,0.3134234383243464
2025-04-04,17960000.0,5.6,16.4,7.448675457348599,4.1573119586069165,0.010000000000000002,0.39451468584764443,0.35302952791646464,0.36540932298192114
2025-04-05,8359999.999999999,3.1,14.6,9.142765420500508,6.734306628412931,0.18000000000000002,0.2265130801111773,0.20827322916729923,0.20707129726569348
2025-04-06,23680000.0,2.4,18.9,5.1152250027828,6.030945713889802,0.0,0.7733160376005289,0.7191055137521916,0.5559661941316038
2025-04-07,24020000.0,9.4,22.4,6.590826002796696,5.471250007439483,0.0,0.7238943120916957,0.6618212762427993,0.6554945262009444
2025-04-08,23580000.0,4.0,24.3,7.124031685174533,6.689411250890178,0.0,0.882632460977715,0.8239335378956548,0.6816914711160708
2025-04-09,21060000.0,10.2,20.8,9.713192108887592,5.258745220498453,0.09000000000000001,0.5488964507120583,0.4949225159336451,0.494687023544525
2025-04-10,21060000.0,6.1,23.0,10.076057126307802,4.507495903284387,0.0,0.5878033542061654,0.5349141212615647,0.4754671990429594
2025-04-11,23900000.0,8.1,24.9,9.45137116904354,3.7532535609021402,0.0,0.6675469488997698,0.6050272503955085,0.5561544632495975
2025-04-12,13850000.0,3.6,19.8,9.859193386997903,11.397439840442862,3.02,0.651216715614259,0.6186602601797555,0.4026767961252612
2025-04-13,18960000.0,3.3,12.9,5.435656646071078,9.942829608705669,0.30000000000000004,0.6041217557837286,0.56361858744858,0.42674365376241463
2025-04-14,14900000.0,2.2,12.2,7.584388387949729,5.764566473921469,0.26,0.3006312294183991,0.26962346062004683,0.2377935767750489
2025-04-15,21190000.0,3.9,15.9,6.53556332800424,6.63254377269469,0.0,0.5256196352730288,0.47805141054074063,0.43460787809220847
2025-04-16,22250000.0,11.1,21.7,11.827681949722312,6.273380752512667,0.0,0.5885875577066361,0.5305007949927698,0.49003430055053954
2025-04-17,9800000.0,15.9,20.2,18.105584416340406,10.747953378947036,0.08000000000000002,0.3310356523903252,0.3046191440527915,0.22218719958248814
2025-04-18,20460000.0,15.8,26.3,18.401775617594406,6.479899489117331,0.0,0.5894694754516895,0.5313475067562742,0.48461230801736443
2025-04-19,17350000.0,16.6,23.7,18.357810027719943,9.54475726133726,0.21000000000000002,0.5673873858560116,0.5188339010263276,0.41043145295465705
2025-04-20,8720000.0,12.7,19.3,14.706378783698858,2.684743575860622,0.13,0.22116104620862015,0.19858033095644403,0.20954599843394323
2025-04-21,18280000.0,13.3,22.8,13.232951388635952,3.917869945152234,0.1,0.47599135140089627,0.4267164766651702,0.4331020103239217
2025-04-22,4710000.0,11.6,18.0,16.637121549826418,8.063209803086416,1.52,0.10204957647920705,0.09015673898909979,0.07708716392875169
2025-04-23,19630000.0,12.8,20.9,12.799928156159986,4.223158512306953,0.0,0.48212399204925865,0.4304156668627412,0.4127602132852961
2025-04-24,23320000.0,9.0,24.1,9.386219177097201,8.563045006173065,0.0,0.9979596212910294,0.936896079991697,0.6937741156181696
2025-04-25,25670000.0,5.4,19.1,5.1821014584069225,6.3541924320536225,0.0,0.790509369652558,0.7293545629048247,0.6192949913967001
2025-04-26,25620000.0,10.6,22.4,6.871324734989769,4.312949267352459,0.0,0.6616023246993991,0.5945833006124043,0.6357519285433547
2025-04-27,21610000.0,12.2,25.0,8.863640066601889,3.6933930575384695,0.0,0.6236496245068237,0.5648038242902449,0.6011318265973981
2025-04-28,24420000.0,6.5,25.0,6.879550389904394,6.821104358290253,0.0,1.0265237630354314,0.9636120596974773,0.7614557515727604
2025-04-29,26060000.0,9.7,21.6,9.079492755674226,4.082486329402328,0.0,0.6050102185936929,0.5380126353982563,0.5424896218041161
2025-04-30,25670000.0,12.1,25.8,10.438914352743033,6.548739067985552,0.0,0.8923398769030134,0.8219941640539199,0.7267429069588036
2025-05-01,16329999.999999998,8.7,23.1,14.399889496967866,9.811136501305594,2.25,0.5532447772630782,0.511044416088537,0.38964292961576585
2025-05-02,25110000.0,11.2,20.7,9.137477894600886,4.690070438543582,0.22000000000000003,0.6301717654995196,0.565215238226001,0.5505167083589457
2025-05-03,10040000.0,5.7,15.6,10.736824632984556,4.046570027384125,1.4100000000000001,0.21966945905227223,0.19668492951522384,0.19537667265308553
2025-05-04,26840000.0,7.1,22.0,7.248047855759382,5.36649412655306,0.0,0.8127877495538909,0.7453828581847988,0.6269731238940933
2025-05-05,16320000.0,11.3,21.1,10.736824632984556,5.150996314443846,0.41,0.5004844607273501,0.45805064345647634,0.4595076108364152
2025-05-06,7960000.0,6.3,16.0,11.63337585061905,4.004667675029556,0.35000000000000003,0.18007015487994948,0.16161375340321607,0.1653221978841642
2025-05-07,23340000.0,9.3,21.5,11.96103317929021,3.7891698629203416,0.0,0.512332814211809,0.45264088881603576,0.43189396853405687
2025-05-08,23830000.0,13.2,21.9,11.653006687022069,5.381459252393977,0.4,0.6452477369517651,0.581616878913574,0.541793398457475
2025-05-09,5230000.0,13.3,16.6,16.722366883516663,11.822449414324922,1.27,0.12400383456882913,0.11075531236524476,0.06660832914410061
2025-05-10,18210000.0,10.7,19.1,12.348366611742723,9.679443393905519,0.06,0.557028766528336,0.5109490654522592,0.38863153876945516
2025-05-11,16990000.0,9.5,19.6,12.51124002609224,3.1755997034427197,0.29,0.3684631564200564,0.3257951570027362,0.31686567084841555
2025-05-12,26290000.0,11.2,24.2,11.63337585061905,3.8191001146021772,0.0,0.6519840486805043,0.5815835661550837,0.556800776817305
2025-05-13,23240000.0,11.9,25.8,15.117072323391357,4.091465404906878,0.0,0.6089758572022723,0.5454037969130259,0.49913816337046574
2025-05-14,25170000.0,15.6,24.9,15.592691485734537,6.0818271417489225,0.15000000000000002,0.7111513015453644,0.6405941349760278,0.5712464641271529
2025-05-15,10440000.0,18.2,23.2,20.911814828970805,7.716018883577127,0.41,0.35209692932190567,0.32260971646825004,0.2685664079642229
2025-05-16,5320000.0,16.8,20.3,20.08946941100287,6.46194133810823,7.470000000000001,0.16155626573168935,0.14708269174709687,0.12674427220534987
2025-05-17,21240000.0,13.2,26.9,18.26043813751939,5.6687896685395955,0.020000000000000004,0.597908090008515,0.5385697904664255,0.4691724711911863
2025-05-18,25090000.0,12.4,22.5,13.387522085201208,4.088472379738694,0.0,0.5880638720557453,0.5211968108705682,0.48270365476758903
2025-05-19,25250000.0,17.4,23.7,18.47034993940579,8.76357769244136,0.010000000000000002,0.7299303516308064,0.6587909381178986,0.4896019979807475
2025-05-20,21340000.0,20.9,27.0,24.409176106431545,7.075511497585852,0.0,0.6345841458707716,0.5712145345720017,0.45023154541199634
2025-05-21,14260000.0,17.1,27.8,21.996791698621198,5.136031188602928,0.06,0.4338842844522974,0.39246819761536667,0.37921964864626745
2025-05-22,14980000.0,13.8,23.4,15.567335408218403,4.073507253897777,0.0,0.41751561651713837,0.3767238494072656,0.37394674023546504
2025-05-23,14500000.0,14.5,21.8,11.791240390666436,5.614915215512292,0.11000000000000001,0.5354427462622711,0.4962841142141231,0.4934305510195566
2025-05-24,7270000.0,12.4,16.3,13.18177749628471,8.967103403877841,0.26,0.3054938928239844,0.2873161356348037,0.23131173818382106
2025-05-25,23750000.0,12.2,23.4,12.921334863640723,3.9328350709931517,0.0,0.5822717644174841,0.518552375168927,0.5014772551219794
2025-05-26,23170000.0,13.3,23.8,14.875956803635127,3.8879396934703987,0.0,0.5634829816797196,0.5004467581415601,0.47035344844343224
2025-05-27,24600000.0,13.8,25.6,15.58846295765336,3.4599370944201544,0.39,0.5985254991932968,0.5302133579869202,0.5107276890226677
2025-05-28,23280000.0,12.3,26.1,16.405764392484407,3.4419789434110535,1.56,0.57771045961605,0.5136288489944552,0.4723765247923435
2025-05-29,23720000.0,11.7,25.8,15.925633994240146,3.1366903762563334,0.06999999999999999,0.5724589392979811,0.507691053637404,0.46734228758311075
2025-05-30,28150000.0,10.0,24.3,12.355259226732398,4.516474978788939,0.0,0.7245781099145172,0.649989732405126,0.5639312473737206
2025-05-31,26550000.0,12.8,27.1,12.535658659007357,3.3013067605064275,0.0,0.7242614941139158,0.6502155285288231,0.6144338270003601
2025-06-01,24830000.0,16.8,28.4,15.154152597042229,3.172606678274536,0.0,0.6719065856003448,0.5996262353033169,0.6149383761248565
2025-06-02,5480000.0,16.5,20.0,18.613109450548325,3.241446257142757,0.7200000000000001,0.16624963853433938,0.15142286608304262,0.15580043930163404
2025-06-03,21990000.0,13.0,27.1,13.887513344053243,6.455955287771862,0.0,0.8054138115031441,0.7439802330224212,0.644953591741398
2025-06-04,28440000.0,12.2,27.6,10.669983319071799,7.668130480886189,0.0,1.1925341846199164,1.1132852656473886,0.8520866515887742
2025-06-05,26320000.0,16.5,27.5,13.387522085201208,3.9537862471704357,0.0,0.7401896356177574,0.6642773652980856,0.6768100302301334
2025-06-06,14570000.0,16.4,26.8,14.238993830342926,3.034927520538094,0.0,0.4719095659150006,0.4301510346741478,0.4761127737690993
2025-06-07,26910000.0,18.6,29.5,15.813966742721613,4.339886493866111,0.0,0.8041259113931891,0.7241020791503798,0.7288913720025993
2025-06-08,20730000.0,18.8,30.0,19.743566802211667,3.7861768377521585,0.0,0.6275814603307862,0.5656303561019159,0.5703926591611855
2025-06-09,21280000.0,17.2,29.5,19.387529033077268,4.414712123070698,0.0,0.6424547692273228,0.5798102127241442,0.5674617750772695
2025-06-10,22820000.0,18.3,32.4,18.48507353522529,5.752594373248734,0.0,0.9061727714494859,0.8370832215284079,0.7685704121985552
2025-06-11,25710000.0,18.4,31.2,14.126144968943906,3.96575834784317,0.0,0.8302200252263818,0.7529590930263593,0.7751901747997142
2025-06-12,20790000.0,17.6,28.9,17.714013251362925,4.259074814325156,0.0,0.6397229140047764,0.5786108704536772,0.5859588136697226
2025-06-13,7520000.0,19.9,25.5,22.059759768723254,3.85501641662038,5.5200000000000005,0.2797195602170891,0.257795538274575,0.26965969673328505
2025-06-14,6620000.0,21.2,24.7,26.98127489104962,2.547064418124179,2.0300000000000002,0.17591169427034153,0.1565388091554672,0.14667251352025706
2025-06-15,21060000.0,22.4,29.1,27.24898140824908,7.3179465362087175,0.65,0.6683600379262291,0.6042598892018451,0.4807638759285071
2025-06-16,12290000.0,19.6,27.6,25.08729279702169,6.455955287771862,1.05,0.39873877217877096,0.36242685125925245,0.3214026862982403
2025-06-17,22410000.0,20.9,27.5,24.711370124059723,6.1716178967944275,0.0,0.6497549694813282,0.5829712398355473,0.4691711485760683
2025-06-18,26110000.0,19.8,30.2,22.481649245694047,3.002004243688075,0.0,0.7021901296332336,0.62351234741915,0.583153091151713
2025-06-19,23950000.0,22.5,30.5,26.40575724097676,4.639189010684463,0.010000000000000002,0.7182108200110879,0.6446050562005761,0.5665081772219084
2025-06-20,10680000.0,23.2,27.5,28.68022204121786,13.010680406093782,1.36,0.44729144892536965,0.41495681294127174,0.29577546085010187
2025-06-21,6000000.0,18.5,25.7,24.844604870480385,7.88063526782722,3.95,0.20776341238484441,0.19043117481190977,0.17337706796475283
2025-06-22,20620000.0,17.3,27.5,20.26972375324252,2.612910971824217,0.0,0.5269838337790859,0.467141938489668,0.447493049462601
2025-06-23,25290000.0,17.0,29.6,21.549168181791373,2.4333294617332055,0.0,0.635453391710995,0.5610588256603714,0.5244472291847225
2025-06-24,5590000.0,20.7,23.6,24.90827034264249,4.830742621448209,1.34,0.17739523035272772,0.16123480936239434,0.14812218703186608
2025-06-25,19600000.0,18.7,26.8,23.26846717561552,5.758580423585102,0.08000000000000002,0.5446647662761551,0.4874791571071596,0.4042485314488701
2025-06-26,22890000.0,19.5,28.8,23.771599826640667,4.995359005698303,0.0,0.6484904081789923,0.5803244416603424,0.5054813267886438
2025-06-27,26020000.0,22.6,31.1,26.231871817041068,1.9634245103283918,0.0,0.6968412787660869,0.6165207946574532,0.5643122762298522
2025-06-28,22570000.0,24.3,32.8,31.310133791963317,2.041243164701164,0.18000000000000002,0.643361317878582,0.5722551623324343,0.5142594519711302
2025-06-29,24620000.0,23.6,33.8,29.475459130067794,2.9960181933517083,0.010000000000000002,0.7317087631380617,0.654010426611128,0.6001910409316307
2025-06-30,24750000.0,23.7,34.2,28.730723646453594,4.660140186861748,0.010000000000000002,0.8044983625255988,0.7261673173409677,0.6709843050470318
2025-07-01,21510000.0,25.0,34.8,30.350408103036496,4.717007665057235,0.03,0.7471481908191631,0.6783524009073472,0.6395654298373424
2025-07-02,25120000.0,25.6,37.0,29.19606320313022,3.7652256615748736,0.010000000000000002,0.8531790734789082,0.7716517641446069,0.7546212863619296
2025-07-03,25050000.0,24.2,37.8,26.594143611914006,4.6122517841708115,0.0,0.9657065394688603,0.8846546572133022,0.8438030968750272
2025-07-04,25880000.0,24.3,37.3,24.409176106431545,5.794496725603303,0.0,1.0554039138841071,0.9718390462878859,0.9456995521370107
2025-07-05,27200000.0,24.1,37.2,26.44602732569642,5.659810593035044,0.0,1.047677816665892,0.9599876598593585,0.9034993048617584
2025-07-06,26170000.0,24.6,37.3,27.707309298937364,4.271046914997889,0.0,0.9245246429708661,0.8398923882922473,0.8116080950106692
2025-07-07,25160000.0,25.1,39.5,28.629797931423273,4.465593550929818,0.04000000000000001,1.0193178918710597,0.9368495070769806,0.8719700135117907
2025-07-08,25310000.0,23.2,36.0,25.703097472517662,5.914217732330644,0.0,0.9668808845796141,0.8861955238709183,0.842356586657961
2025-07-09,26060000.0,24.0,35.0,24.377884120992878,6.518808816303717,0.0,0.9904482054250604,0.9074632083822165,0.8838155822906621
2025-07-10,23400000.0,23.7,33.9,23.479484484768037,9.69740154491462,0.0,1.0770867927779326,1.0031543096440774,0.928661148269164
2025-07-11,26590000.0,22.3,32.3,21.84289997113953,8.209868036327409,0.0,1.0258991431066802,0.943361712481698,0.8624502467011453
2025-07-12,26040000.0,22.3,33.3,22.668801009804515,4.435663299247984,0.03,0.8395509215353638,0.7582311258316469,0.7466235823464267
2025-07-13,15660000.0,20.9,33.3,25.76211589904709,6.00400848737615,4.37,0.6202065419044767,0.5717158988074736,0.5747498416892923
2025-07-14,21800000.0,19.6,28.7,24.17844447467893,3.7502605357339562,0.5,0.5878860657872748,0.5229660976742749,0.467313847946499
2025-07-15,20960000.0,22.1,27.8,26.278588442730207,4.833735646616392,0.6000000000000001,0.593419842562442,0.5303036622451434,0.4404656382418553
2025-07-16,8910000.0,23.2,26.2,27.32490647160697,9.032949957577879,0.76,0.35629021845504333,0.3295516758798651,0.26731530033205675
2025-07-17,9100000.0,22.2,27.8,29.188741997378443,8.796500969291378,2.79,0.313495146899886,0.2860739359405539,0.22798680323728443
2025-07-18,9810000.0,23.3,27.1,29.534575699947517,8.760584667273177,3.45,0.33121241932038575,0.3015715719263982,0.228591377796187
2025-07-19,10010000.0,23.0,26.8,29.357535668987726,5.974078235694315,1.8,0.2996988192420974,0.2695765968380139,0.21600829382941872
2025-07-20,21850000.0,24.0,30.9,29.623444532439034,5.0731776600710745,0.020000000000000004,0.6728757582526446,0.6049276566431219,0.513627703186317
2025-07-21,16579999.999999998,23.7,29.4,31.201344782265085,2.651820299010603,1.04,0.45498656374936874,0.40399879589056836,0.34905995641745036
2025-07-22,25090000.0,23.8,32.5,30.570747607961376,2.047229215037531,0.0,0.6929454216945106,0.6142670159330378,0.5472378837704814
2025-07-23,24020000.0,23.0,33.3,30.214343565090175,1.972403585832943,0.010000000000000002,0.6658577807553784,0.5905347314771572,0.5366738887706721
2025-07-24,26160000.0,22.9,33.7,27.470367417512605,3.2564113829836745,0.0,0.7695936316598088,0.6874157639807239,0.6410227414526288
2025-07-25,26400000.0,23.3,32.5,28.55789772080488,5.174940515789314,0.0,0.8135896144460959,0.7310473426817922,0.636400847980734
2025-07-26,25980000.0,24.6,33.0,29.43856372888879,6.018973613217068,0.0,0.8582298666393058,0.7761458533137693,0.6721588199814729
2025-07-27,26190000.0,23.7,33.2,27.56771658582928,5.423361604748546,0.0,0.8511429546428279,0.7687273387382378,0.6942621561659233
2025-07-28,25640000.0,22.2,35.7,26.3722397623199,2.430336436565022,0.0,0.7700056387636572,0.688857840843094,0.6509006328043998
2025-07-29,26960000.0,21.7,34.9,25.794955044510242,4.163298008943283,0.0,0.8639329398204116,0.7792419875028226,0.7240900337147099
2025-07-30,26590000.0,21.8,33.8,25.703097472517662,5.001345056034669,0.0,0.8380518782217715,0.7550144985074152,0.7126995973824939
2025-07-31,26660000.0,22.3,34.3,26.56041734986991,3.9328350709931517,0.0,0.8082124749196196,0.7244639293414696,0.6887341582690503
2025-08-01,25210000.0,24.4,35.9,29.936325528888975,2.568015594301464,0.0,0.7594596315526307,0.6786130928101055,0.6419443687573596
2025-08-02,23680000.0,26.7,36.1,31.788013055576027,2.55604349362873,0.020000000000000004,0.7479976220108823,0.6710662099529453,0.6307026132404812
2025-08-03,13840000.0,25.2,32.9,31.14707400561072,8.56005198100488,1.4000000000000001,0.6202291548265066,0.5763776228124164,0.5278709945234772
2025-08-04,19940000.0,26.2,32.2,33.888590384802804,7.386786115076939,0.27,0.6880820332157617,0.6247964969155467,0.4999368417923632
2025-08-05,19670000.0,26.1,30.8,32.9902679530786,7.024630069726732,0.54,0.648727403349341,0.586829153450781,0.459939354700731
2025-08-06,19460000.0,25.3,31.5,32.64970666600245,8.604947358527633,1.09,0.6779179481441757,0.6167160142903065,0.4792027024648471
2025-08-07,22500000.0,22.5,31.9,28.69464315919607,4.7948263194300065,0.0,0.6764193399604651,0.6066630836033516,0.5360421493692316
2025-08-08,20210000.0,23.7,31.7,27.07025404808565,2.7865064315788612,0.0,0.5965376743894638,0.5334997381712827,0.5067127177559488
2025-08-09,8060000.000000001,22.3,29.8,27.24208827344316,3.178592728610903,6.09,0.29024045715518676,0.2656120870596349,0.28294534332856813
2025-08-10,14660000.0,19.6,29.1,26.178570233880027,2.4572736630786736,0.47000000000000003,0.3871279695414313,0.34334758747383476,0.32694524954816645
2025-08-11,14500000.0,20.7,29.8,25.742429948897932,4.214179436802403,2.52,0.449734018295102,0.40589286249360124,0.392727596249112
2025-08-12,4380000.0,21.9,25.8,28.622600807472782,3.343209112860997,1.6600000000000001,0.12336260404755536,0.11037470679389905,0.11286585908318211
2025-08-13,20260000.0,25.2,30.6,32.22432750672358,6.524794866640084,0.33,0.6356002865753019,0.572255346198605,0.45020955705865423
2025-08-14,22780000.0,24.3,32.1,32.025359753542354,4.420698173407065,0.03,0.6731607622497084,0.6016842608510096,0.5073043419867814
2025-08-15,22820000.0,24.3,32.5,32.057122429156884,2.5979458459832996,0.06,0.6422419176096037,0.5704727433780882,0.5014201627687085
2025-08-16,23030000.0,24.0,33.2,31.395842786821294,2.340545681519516,0.020000000000000004,0.6485701781743534,0.575973038716051,0.5182488306802513
2025-08-17,24580000.0,23.9,32.9,29.98125733697911,2.316601480174048,0.0,0.6829474721839206,0.6056430768022094,0.5483957663144118
2025-08-18,22460000.0,25.1,32.8,31.63063536585041,2.9301716396516704,0.0,0.6573031147765469,0.5862196693281909,0.5234945469591642
2025-08-19,23510000.0,24.7,33.1,30.75415145283603,4.244109688484238,0.0,0.7221528136975485,0.6477883415489327,0.5768686169360252
2025-08-20,22560000.0,23.9,33.1,29.705112503325445,3.875967592797664,0.04000000000000001,0.6830499613920323,0.612016297657675,0.5597180785381669
2025-08-21,21810000.0,25.2,33.5,31.154821929723678,2.017298963355696,0.26,0.6260402405480315,0.556703972611278,0.5113391332910419
2025-08-22,22190000.0,24.9,34.6,30.93081329522541,2.5650225691332804,0.13,0.6620021105130206,0.5911468927814423,0.5531122576901594
2025-08-23,23950000.0,24.7,35.6,30.479403988817047,2.582980720142382,0.0,0.7151691692669541,0.6383633539998584,0.6038613928741204
2025-08-24,21980000.0,25.4,34.7,31.364652236155187,2.5769946698060147,0.0,0.6622968503528156,0.5918841384257567,0.5530926388164736
2025-08-25,21390000.0,25.8,34.0,30.433821525412387,6.551732093153736,0.06,0.7886770552654814,0.7202650633448053,0.6589548305401618
2025-08-26,18820000.0,24.5,33.4,30.93851428108509,6.231478400158098,0.2,0.6631679645383916,0.6036047212909267,0.5504101251279275
2025-08-27,21850000.0,22.7,33.8,26.94712021014877,3.316271886347345,0.020000000000000004,0.6544236960806228,0.5858251221683664,0.5745486138456969
2025-08-28,21000000.0,24.5,32.7,28.586638869860447,3.645504654847533,0.09000000000000001,0.6458844785304699,0.5796864790244192,0.5467331825654509
2025-08-29,22460000.0,24.6,35.0,30.161573469242427,3.7652256615748736,0.0,0.7098711092020185,0.6381147357654882,0.6086865886751973
2025-08-30,22320000.0,25.0,35.9,27.93194140756737,2.5590365187969137,0.0,0.6829540559006138,0.6111473041535506,0.6086633307687315
2025-08-31,12140000.0,24.4,31.4,30.861579622375302,5.752594373248734,1.89,0.44447271904824087,0.40651578044147374,0.3835462489009189
2025-09-01,14140000.0,24.5,29.3,31.458305045184087,6.533773942144634,0.38,0.44404291316667577,0.4003672879583308,0.32396454873687935
2025-09-02,13670000.0,22.0,29.0,29.17410439198506,2.8972483628016517,0.77,0.36472183949500864,0.323251818248827,0.2932103347853744
2025-09-03,20150000.0,22.4,32.0,28.393125064882497,3.247432307479124,0.13999999999999999,0.5691784136654774,0.5067078107501068,0.4735778129107617
2025-09-04,20680000.0,24.0,32.4,28.37883630544453,6.605606546181038,0.13999999999999999,0.7166911447842973,0.6518037853055839,0.5923563722054002
2025-09-05,20140000.0,23.2,32.3,27.484256037947237,2.9930251681835247,0.15000000000000002,0.5809789482507155,0.5181217155569953,0.4979451471864859
2025-09-06,19470000.0,25.0,32.4,30.350408103036496,6.408066885080926,0.22000000000000003,0.6732052173490715,0.6117597822483647,0.5457794557922557
2025-09-07,14630000.0,21.8,32.2,29.049943156892216,4.3309074183615595,0.55,0.45755449357323463,0.4123091864330922,0.4043421445167003
2025-09-08,13900000.0,20.9,29.3,22.79825700376781,4.034597926711392,0.9300000000000002,0.4521460193212145,0.41020397525410573,0.42688780106779534
2025-09-09,10230000.0,20.5,26.5,24.12880799661424,4.833735646616392,2.2399999999999998,0.3258177553171015,0.29563624816213385,0.2873430601211377
2025-09-10,13390000.0,19.7,26.6,23.503706963676677,6.883957886822107,0.0,0.4237244462361887,0.3844228186508674,0.34252410341173267
2025-09-11,19060000.0,22.0,28.1,23.84512323465535,7.117413849940421,0.020000000000000004,0.6242608086702928,0.5667878898071705,0.4992139912973045
2025-09-12,9870000.0,23.5,28.2,28.572265141025547,4.561370356311692,0.5900000000000001,0.3206681610152309,0.29058751744789574,0.27501360590202245
2025-09-13,10940000.0,22.3,28.8,29.45331705063257,5.267724296003003,2.4000000000000004,0.32587003093026273,0.29265983859607153,0.260944825995171
2025-09-14,13290000.0,22.5,28.5,27.52595869276027,1.750919723387362,0.020000000000000004,0.34376725230762356,0.30345001877713673,0.2907067317691103
2025-09-15,12600000.0,22.7,28.9,28.443185188952054,1.9065570321329053,0.33,0.3323568104438588,0.29398112038422364,0.2810222188092416
2025-09-16,16640000.0,24.3,30.6,30.984755323786164,4.528447079461673,0.19,0.4924289268902918,0.44068263806729596,0.38693960981097913
2025-09-17,15900000.0,22.0,31.1,28.236293569682296,5.974078235694315,0.4,0.5086587122216495,0.45976211940169004,0.42780565927606345
2025-09-18,11630000.0,18.5,24.7,19.55710006796315,5.3904383278985275,0.010000000000000002,0.3804512442428483,0.347118936876265,0.34640013201866066
2025-09-19,13050000.0,20.8,25.2,21.115051505923933,5.174940515789314,0.8300000000000001,0.4179152162797344,0.37969691703265507,0.37025774703551084
2025-09-20,13170000.0,18.1,27.5,21.757812285613408,7.5065071218042805,0.36000000000000004,0.4550327335745301,0.41657851478573305,0.40039498717936084
2025-09-21,16860000.0,16.8,25.1,18.02859005766968,6.89592998749484,0.0,0.5133422986849373,0.46552537593760734,0.43755169872114835
2025-09-22,11410000.0,16.5,24.4,17.404258393505515,5.806468826276038,0.06,0.3918607449959455,0.35976795061933237,0.3714617139918153
2025-09-23,15650000.0,18.6,26.3,19.46444645719587,4.830742621448209,0.0,0.4575380474800913,0.4120849087004303,0.41687313158016526
2025-09-24,10610000.0,22.6,28.2,28.094376223970688,4.297984141511542,0.38,0.31649024208983556,0.2843460543474101,0.2691961211438597
2025-09-25,4690000.0,21.2,25.2,27.159489346392377,1.921522157973823,0.81,0.12293984798385785,0.10916380936484416,0.11649567300824022
2025-09-26,18020000.0,19.1,27.7,20.85172426347978,2.813443658092513,0.0,0.44082138591753894,0.3877347634736033,0.39651232989671886
2025-09-27,16230000.0,17.9,27.4,20.93917879272838,3.2594044081518585,0.010000000000000002,0.40287586320469204,0.35559429664890374,0.36583863947867823
2025-09-28,9590000.0,18.2,25.8,23.017437009597767,5.866329329639708,0.5599999999999999,0.2826546417592037,0.25499511773315303,0.24782751791372126
2025-09-29,14790000.0,15.6,25.6,18.613109450548325,2.8403808846061653,0.0,0.3394954398994186,0.29779128377312686,0.31773083804954655
2025-09-30,8369999.999999999,15.5,22.3,19.285386671890116,2.3764619835377188,0.12,0.18703220470714804,0.16411578000557245,0.17632559898221095
2025-10-01,18530000.0,15.6,26.3,16.556714624708064,4.0615351532250425,0.0,0.4598652214042388,0.4073119842448068,0.4400835961294208
2025-10-02,9170000.0,18.6,25.6,20.078910064109238,2.687736601028805,0.9500000000000001,0.2633346341173488,0.2368451976933803,0.26618781328858754
2025-10-03,3540000.0,18.6,20.3,21.695599111376165,4.606265733834444,2.84,0.09642306537306182,0.086635590858094,0.08920270837724739
2025-10-04,9760000.0,19.6,25.4,23.95578111573511,1.918529132805639,0.08000000000000002,0.22765060862929984,0.1992824303184309,0.20357881246593537
2025-10-05,12450000.0,21.0,26.5,24.965691124945305,2.2387828258012763,0.77,0.29761629576103243,0.26075171460689217,0.25675399537832055
2025-10-06,3480000.0,19.2,22.5,23.89424922002672,2.5320992922832617,0.96,0.08665562887925984,0.07680215397849552,0.08832681416048574
2025-10-07,7530000.0,20.5,26.2,24.34038002898106,4.9744078295210175,0.1,0.2515160346286017,0.22934904635468567,0.23791026751214073
2025-10-08,9220000.0,19.0,25.4,21.68430436423802,5.707698995725981,0.03,0.3059596079364438,0.2792843585231667,0.28611735634921825
2025-10-09,13050000.0,14.9,24.1,17.586716124255453,5.815447901780588,0.0,0.35495875752188777,0.31884616300574165,0.3282918805921489
2025-10-10,13920000.0,16.1,26.2,19.10777139832443,2.6488272738424192,0.0,0.31394018993115275,0.2743323353251639,0.3032619326863672
2025-10-11,16840000.0,18.2,27.5,21.414769530201546,1.996347787178411,0.0,0.35959485419383463,0.31038783146842597,0.3233060104667366
2025-10-12,10800000.0,19.2,27.4,22.423442174527228,4.052556077720492,1.22,0.3152259571186816,0.28345603567357547,0.30787416205679163
2025-10-13,5110000.0,18.0,23.7,21.68430436423802,4.411719097902515,2.32,0.1662727094464999,0.15180395750888337,0.16926219025295675
2025-10-14,4590000.0,16.7,21.1,19.423390636126864,5.225821943648434,0.41,0.1531549285454218,0.14058785693488035,0.15061184820047696
2025-10-15,11760000.0,18.8,24.7,20.521229974519652,3.8879396934703987,2.5700000000000003,0.3042021744336109,0.27041697088395356,0.28402804324509495
2025-10-16,9780000.0,16.1,24.9,19.474722280954957,6.782195031103867,0.06999999999999999,0.31328064727694416,0.2857494776792317,0.2979995100020137
2025-10-17,11790000.0,18.5,24.6,19.382410684093493,3.8250861649385444,0.15000000000000002,0.31107129113368387,0.2773073317586599,0.30103263584777834
2025-10-18,3730000.0,16.9,21.3,18.991834535976032,6.045910839730719,0.25,0.17036723153827937,0.16011811517308502,0.1748042521581922
2025-10-19,8230000.0,11.8,21.5,15.622319376843194,4.38178884622068,0.0,0.20355972675018127,0.1819664109705109,0.21464032151997453
2025-10-20,12430000.0,12.9,20.3,13.626109309233465,9.35021062540533,0.010000000000000002,0.4200719456219428,0.38749142064606,0.3544737647675962
2025-10-21,5100000.0,13.6,18.0,14.083546163478466,9.706380620419171,0.010000000000000002,0.2870260202891219,0.27387362023506806,0.24716499358799746
2025-10-22,11780000.0,12.1,20.4,14.376244523140958,6.452962262603679,0.010000000000000002,0.29680905944167196,0.26614868234751227,0.27498028159948007
2025-10-23,11800000.0,12.0,19.9,14.211682209835757,5.228814968816617,0.09000000000000001,0.2642597312955074,0.2337345611709547,0.2513286598798438
2025-10-24,12070000.0,12.5,20.5,15.15002862801186,5.593964039335008,0.06999999999999999,0.2667991616383006,0.23522540595016528,0.24695879731735423
2025-10-25,12710000.0,13.1,21.8,14.64222548347855,4.791833294261823,0.11000000000000001,0.2975086503302333,0.26363538019617194,0.29838157801318
2025-10-26,10170000.0,8.2,18.4,10.33829412743618,5.743615297744184,0.0,0.2837803765001839,0.2589454938378213,0.299123164881514
2025-10-27,16250000.0,3.6,13.3,5.405658766935346,7.371820989236022,0.0,0.40309721171534846,0.36803694921677443,0.3726729107968042
2025-10-28,15900000.0,3.2,13.6,5.6084438945108035,5.543082611475887,0.0,0.3231770733634082,0.28892027665941905,0.3313105741427652
2025-10-29,15210000.0,4.4,17.1,8.455332023650302,3.1965508796200046,0.0,0.23455554875453477,0.19964579783495473,0.25506294916550887
2025-10-30,12110000.0,7.6,17.7,9.895994379931018,3.5467348242974768,0.0,0.22447545129855873,0.19534846404881878,0.25045682869078006
2025-10-31,12860000.0,8.1,19.9,11.205630590363809,2.7984785322515955,0.0,0.21291639560514017,0.18101007568827457,0.24300886067550942
2025-11-01,14210000.0,8.3,18.5,9.08475069545515,6.15665277095351,0.0,0.35417947003789035,0.3193992035842255,0.3684042479288677
2025-11-02,13960000.0,2.6,16.6,6.3453547366526495,8.802487019627744,0.0,0.5283370231542902,0.49724916727549484,0.41448087555177837
2025-11-03,11510000.0,4.3,15.1,8.502345071241827,5.258745220498453,0.0,0.22138489090338065,0.195684149965324,0.2366541714726115
2025-11-04,12340000.0,5.5,17.9,9.569098982132243,2.550057443292363,0.0,0.1830578865332049,0.15405090746737282,0.2143472809976366
2025-11-05,13670000.0,8.3,20.0,10.989219193223963,4.091465404906878,0.0,0.2500998892619805,0.2160704457279788,0.28478779529393095
2025-11-06,13290000.0,7.2,20.2,11.364785211252721,4.076500279065961,0.0,0.24329479301977086,0.21054328697542438,0.26409598348656294
2025-11-07,12130000.0,7.3,21.0,11.28814448864989,3.034927520538094,0.0,0.22511813779278542,0.19492229652962217,0.2510122788805852
2025-11-08,5040000.0,12.3,17.9,13.53620492084228,4.1992143109614855,1.79,0.15837107436254122,0.14556286734728527,0.17988361515362766
2025-11-09,13080000.0,7.9,19.4,8.99051726218728,7.237134856667764,0.0,0.3815117856351743,0.349314288709584,0.4044883742116376
2025-11-10,13960000.0,5.0,14.6,5.097836507893427,6.770222930431132,0.0,0.389516143204156,0.3582613992037326,0.4065295258670495
2025-11-11,13260000.0,3.5,15.9,6.362616446710069,4.986379930193752,0.0,0.2820660185593989,0.2524576932041746,0.32145051412792525
2025-11-12,10670000.0,6.3,17.3,8.784188532885674,3.3940905407201174,0.0,0.19459270890317143,0.16944956867073868,0.24267775922451876
2025-11-13,12400000.0,3.6,17.8,8.108791470965818,4.489537752275287,0.0,0.2706347095294822,0.24221091959370863,0.2837202979214029
2025-11-14,13230000.0,3.0,17.1,6.551310723033045,5.815447901780588,0.0,0.36838475034938817,0.3385673246608051,0.3551439723883208
2025-11-15,12960000.0,4.1,16.9,7.371779262165734,1.8437035036010514,0.0,0.1560173390193182,0.12646276083874958,0.19915831075594664
2025-11-16,12440000.0,6.1,18.4,9.771923254296643,3.2683834836564087,0.0,0.18618977040738105,0.1565533934715882,0.2304564908254406
2025-11-17,9340000.0,0.0,10.7,3.9062085915545435,11.553077149188404,0.0,0.48380677538807404,0.46544284827914584,0.3792540408363935
2025-11-18,12790000.0,-0.6,8.3,4.198456228203575,7.320939561376901,0.0,0.27373430231842527,0.24979215262854285,0.26022638638604184
2025-11-19,12560000.0,-2.0,9.8,4.808633417618042,3.992695574356822,0.0,0.15814951299747376,0.13459833156948414,0.19700518222820346
2025-11-20,11750000.0,3.0,15.1,6.820110951930224,5.752594373248734,0.0,0.24925914433891436,0.22348108611235604,0.289239198655003
2025-11-21,12350000.0,-0.3,12.9,5.008568015200908,4.8397216969527594,0.0,0.24564987936868565,0.22063643428839425,0.27060683911141475
2025-11-22,12040000.0,0.4,14.6,6.836462549129147,2.235789800633093,0.0,0.13799620633298704,0.11271808476466012,0.17205747231793095
2025-11-23,11520000.0,5.9,14.7,7.60909213711459,1.8616616546101523,0.0,0.12771024178526774,0.10157580877471399,0.17091237708658472
2025-11-24,10270000.0,4.5,18.0,9.884658131375522,1.9694105606647592,0.0,0.12474586129742629,0.10087340793641712,0.16083428787362997
2025-11-25,9860000.0,2.6,13.3,6.991451223113603,7.793837537949898,0.04000000000000001,0.25258549866137747,0.23161245999041155,0.2596051143755392
2025-11-26,11540000.0,4.0,13.5,7.758811750846571,2.7745343309061274,0.0,0.1273365678530083,0.10222840986078725,0.1677269222243702
2025-11-27,8640000.0,2.5,14.0,6.582906139909982,8.673786937395855,0.05,0.30585291481061117,0.2873167683030283,0.3064300507920141
2025-11-28,11740000.0,-2.4,10.0,3.656767738457836,4.609258759002628,0.0,0.20639062486918744,0.18445101666313005,0.2503839667169324
2025-11-29,11580000.0,3.2,12.9,7.158054443312653,2.7954855070834124,0.0,0.12397652708685611,0.09927417012141163,0.1682810957819741
2025-11-30,11040000.0,5.9,18.9,10.850071075500583,4.854686822793677,0.0,0.190071815487293,0.1636758801246933,0.22749298726617936
2025-12-01,11030000.0,2.9,14.3,4.282927407905468,8.048244677245497,0.0,0.4102967394942841,0.386398470261355,0.42807673233370414
2025-12-02,10610000.0,-3.7,9.8,2.76313938262932,11.32860026157464,0.0,0.5672466009647075,0.5479209526696349,0.3832736328576149
2025-12-03,11570000.0,-3.9,5.0,2.4916402212903663,9.02696390724151,0.0,0.323486781371302,0.30424091141103815,0.275927737092977
2025-12-04,11330000.0,-3.3,5.7,3.237690152195703,5.450298831262198,0.0,0.18718628892568306,0.16787446168789083,0.20943917797410355
2025-12-05,11720000.0,-4.6,5.4,2.4774633318099215,5.055219509061973,0.0,0.19209283717027678,0.1727083831089114,0.22504562348250098
2025-12-06,11360000.0,-0.4,8.3,4.589847398082342,2.095117617728467,0.0,0.0933735604298154,0.07203670140666972,0.13819011986323054
2025-12-07,10320000.0,4.0,13.3,7.468562861923256,4.1782631347842,0.0,0.15196675675039273,0.1295755297072848,0.19661620683313935
2025-12-08,10360000.0,-2.0,9.8,2.2980299617916384,7.288016284526883,0.0,0.35051410653288295,0.331088132042917,0.3680416000183558
2025-12-09,11320000.0,-1.8,8.4,4.158753594320465,5.381459252393977,0.0,0.18261060162645076,0.16181298491885712,0.21740233455982091
2025-12-10,9550000.0,1.8,11.6,5.094680592350436,2.1609641714285046,0.0,0.11172336137720462,0.09214412279127575,0.1687516688117728
2025-12-11,8900000.0,0.7,15.7,6.1191220024620065,8.581003157182165,0.010000000000000002,0.44848406673135227,0.4294172317639677,0.353310054676188
2025-12-12,5100000.0,-1.2,8.5,6.354939457935615,6.021966638385251,0.0,0.10510825677447418,0.095625660419359,0.12376391148836863
2025-12-13,6360000.0,-0.7,12.2,6.5335972575781796,5.869322354807891,0.78,0.16699271190358206,0.15432903101255183,0.19318149439600102
2025-12-14,8910000.0,-1.6,6.5,4.478870781157009,6.803146207281151,0.0,0.183855512303177,0.16796424709572394,0.18781268357170355
2025-12-15,10880000.0,-2.4,8.3,4.783213028443644,2.286671228492213,0.0,0.08121143622833,0.061462736313338276,0.12649744948956113
2025-12-16,9580000.0,0.9,10.3,6.763152120700615,2.2447688761376434,0.1,0.0752452620519684,0.05625977793375107,0.11268818576226836
2025-12-17,10350000.0,-0.8,10.7,5.153345927403837,7.0425882207358335,0.0,0.2180143641123554,0.1979238920841922,0.24299671291397734
2025-12-18,11030000.0,0.9,10.7,4.246542736702463,2.187901397942156,0.0,0.10986922000456975,0.08787249864963108,0.1735820075398308
2025-12-19,6600000.0,4.2,13.4,8.433142819540763,1.4276730052235413,0.0,0.07048988284054968,0.0561099594949546,0.10514552380655426
2025-12-20,6750000.0,1.1,15.8,8.705365601650778,5.869322354807891,0.06,0.17328007331740367,0.15871657966414987,0.19363063863194135
2025-12-21,6590000.0,-3.3,4.0,2.2168703734515343,8.039265601740949,0.0,0.3075035110515515,0.2966246755210226,0.27049794875970445
2025-12-22,10700000.0,-2.4,10.2,4.7268209535499475,3.4898673461019896,0.0,0.1294117510346614,0.10934824456336453,0.17965445515281903
2025-12-23,7260000.0,2.0,11.3,7.660975063098162,2.1070897184012014,0.5599999999999999,0.06957809352154662,0.05471624518084313,0.10411078366058295
2025-12-24,2190000.0,-0.4,9.1,6.775322077902477,8.931187101859637,0.08000000000000002,0.13500812452059702,0.13083962151969536,0.13460031444404177
2025-12-25,10700000.0,-8.2,4.7,2.180223659382959,14.665823324099271,0.0,0.498505892270625,0.48225244657029176,0.28673786377604227
2025-12-26,11470000.0,-6.6,-0.8,1.2744133683800758,8.973089454214207,0.0,0.30197696186112055,0.2859361497753423,0.2386894120107692
2025-12-27,10600000.0,-2.6,5.9,3.472889560187249,2.7685482805697603,0.0,0.10599668502789547,0.08762754890033016,0.15171657160499658
2025-12-28,8160000.0,0.5,8.3,5.21260853742272,2.020291988523879,0.0,0.08435183457224041,0.06879421861806045,0.12312058259100625
2025-12-29,10500000.0,-0.9,12.0,5.8002128883207575,4.3368934686979275,0.0,0.15503831101402812,0.13426237453734197,0.19708215574012217
2025-12-30,11300000.0,-3.3,7.1,2.6260195399691377,7.048574271072201,0.0,0.2756188299034765,0.2558579759845694,0.2849412020522518
2025-12-31,9500000.0,-6.7,1.4,1.5151186135935188,10.918555813533498,0.0,0.37413648365078334,0.36023695131261946,0.26764703088621417
