day,IRRAD,TMIN,TMAX,VAP,WIND,RAIN,E0,ES0,ET0
2015-01-01,11730000.0,-5.6,-1.8,2.003583333398076,11.00535354341082,0.0,0.29210354270525973,0.2756541619565439,0.1984588927213346
2015-01-02,10480000.0,-6.7,1.4,2.143386236749141,8.368498370241134,0.0,0.2435317494275353,0.22815752158425956,0.20858084840709273
2015-01-03,11170000.0,-4.1,3.9,3.175957479371781,3.1965508796200046,0.0,0.10670791867385598,0.08854025208755839,0.1440655221516456
2015-01-04,10600000.0,1.1,9.8,5.764920403452925,3.1965508796200046,0.0,0.11364255679338076,0.09269145169552492,0.1570231325789095
2015-01-05,8220000.000000001,2.0,9.7,6.991451223113603,5.507166309457685,0.82,0.1289538597949923,0.1125016593573851,0.14751776632164174
2015-01-06,10630000.0,-4.5,2.4,1.8713176013678394,11.409411941115595,0.0,0.4028850610957024,0.38623050951531396,0.2832694044180828
2015-01-07,12090000.0,-6.2,1.1,1.6471663655348026,7.464604769449711,0.0,0.2560774824866988,0.23826647278415525,0.2312294391367929
2015-01-08,12000000.0,-3.8,3.4,2.791685078205551,6.665467049544709,0.0,0.21365935032241462,0.19421730499226814,0.20975594976865825
2015-01-09,9620000.0,-2.7,3.8,3.7808735471559585,7.763907286268061,0.0,0.20095903723651917,0.1849179524245919,0.1801180085981711
2015-01-10,11850000.0,-3.3,5.8,3.8999798731851283,5.74960134808055,0.0,0.16704718995857826,0.14676341126368753,0.182912883584671
2015-01-11,11580000.0,-4.7,4.8,3.03862203141241,8.904249875345986,0.0,0.2669521116788724,0.24800811844322,0.23089648996598258
2015-01-12,12200000.0,-2.3,4.5,3.477384526089933,2.960101891333506,0.0,0.11390102628783172,0.09313386309937441,0.1491407138247367
2015-01-13,11760000.0,-1.3,7.9,4.116771398208357,1.2181612434506945,0.0,0.07656245659089722,0.0549081974673722,0.11346607684776903
2015-01-14,3550000.0,-0.8,6.8,5.33294655822819,2.8284087839334306,0.0,0.08650492943393198,0.08003542056857171,0.11462251945217967
2015-01-15,8270000.0,-0.6,8.5,6.284314536091409,3.7652256615748736,0.0,0.09517076374385403,0.07960370436356853,0.12022683665088696
2015-01-16,8450000.0,-3.2,6.8,4.234475558031461,9.499861883814507,0.0,0.2501780717974361,0.23542012926397468,0.21452939851516203
2015-01-17,12870000.0,-4.8,2.5,2.4493247289408715,8.096133079936434,0.0,0.26257516188532604,0.24249176130455252,0.2240505641186996
2015-01-18,12920000.0,-1.9,6.7,3.673260856394814,5.219835893312067,0.0,0.19554505409503908,0.1724898268306325,0.21602383114539717
2015-01-19,9940000.0,-3.6,6.2,3.943766571880471,7.305974435535983,0.0,0.2104813530666214,0.1934355121710774,0.2022667802152495
2015-01-20,12380000.0,-1.0,7.4,4.5198504506191854,2.957108866165322,0.0,0.12549928374352454,0.10278157657380087,0.1590928621038043
2015-01-21,5480000.0,2.2,8.2,7.273943082747143,2.9690809668380567,0.8300000000000001,0.07757164143108017,0.0668260127251945,0.09599733415571807
2015-01-22,5250000.0,-0.8,5.8,5.728067864269784,5.9950294118716,0.010000000000000002,0.11476888942686396,0.10536726654044219,0.11593589193032325
2015-01-23,11520000.0,-1.8,7.2,4.852273889012546,3.1815857537790864,0.0,0.11963816296691754,0.09886261487492047,0.14619914346176116
2015-01-24,12520000.0,-0.4,8.2,5.243274495244322,4.100444480411428,0.0,0.1498778025759347,0.1263501914479857,0.1710624399116044
2015-01-25,6570000.0,2.2,9.4,7.948444853940867,3.597616252156597,0.19,0.08277224093089647,0.06964296574071065,0.09677591474018139
2015-01-26,3910000.0,0.1,11.5,8.037701893593809,6.617578646853773,0.0,0.0965586258970226,0.08874500854639451,0.12012710702576981
2015-01-27,12900000.0,-4.4,4.5,2.6400697517854077,8.676779962564037,0.0,0.3112562631600275,0.29015285100632143,0.2571701681524801
2015-01-28,11830000.0,-3.1,3.9,4.010902478004118,4.3847818713888636,0.0,0.14108291475946014,0.12146874658682445,0.14719229661974623
2015-01-29,5920000.0,-0.2,5.2,5.308356924350151,3.896918768974949,0.06,0.1096234944415208,0.09902204539626043,0.12096546127735522
2015-01-30,13670000.0,-4.8,3.7,2.5825403607810995,10.574357919192392,0.0,0.3578938651165349,0.33604721799498727,0.2577537470300061
2015-01-31,14740000.0,-4.3,2.6,2.190638682939649,6.369157557894541,0.0,0.2574305507467092,0.23415170531751378,0.23511121700043805
2015-02-01,14570000.0,-2.5,5.3,2.5618987785631493,4.720000690225418,0.0,0.2295015605821002,0.20442370567634835,0.24333977361298773
2015-02-02,12860000.0,-1.8,7.0,3.4762603006314436,2.562029543965097,0.0,0.15055454720913813,0.12744371801085175,0.18293224018356025
2015-02-03,12280000.0,-1.3,8.8,4.605692382369646,2.6757645003560713,0.010000000000000002,0.14554685464883188,0.12258637349345551,0.17543981046375112
2015-02-04,11690000.0,-2.9,6.0,3.7796626467456975,5.977071260862498,0.0,0.21797709204541632,0.1977453701177999,0.20991805913930534
2015-02-05,12820000.0,-3.4,5.4,3.7267225195002283,7.314953511040534,0.0,0.24390077703920823,0.2221592802946279,0.21195436160964784
2015-02-06,14980000.0,-0.8,7.2,4.177239868538166,4.857679847961861,0.0,0.21926380348859328,0.19177501080664977,0.22054133041325463
2015-02-07,11980000.0,-6.1,7.0,3.8863076979876574,8.132049381954635,0.0,0.2656024722090017,0.2457017921910715,0.21416966750069588
2015-02-08,16129999.999999998,-8.8,-2.8,1.155966691135626,13.666152917925976,0.0,0.4393284732629275,0.4187545743093919,0.2359407403425014
2015-02-09,15760000.0,-7.6,0.4,2.099196083406539,8.56005198100488,0.0,0.2777490848139129,0.2555517293727657,0.20530415891134987
2015-02-10,14840000.0,-1.7,8.4,4.368901832511763,6.910895113335759,0.0,0.27636697358880935,0.2489945080434471,0.2504695275273213
2015-02-11,11240000.0,-2.5,9.7,4.595603613058791,6.554725118321919,0.0,0.256148122941093,0.23523852216012128,0.24823542831267983
2015-02-12,16300000.0,-3.7,4.0,1.9905394254688737,10.55639976818329,0.0,0.4596246546744672,0.43285632304678023,0.3200403770604841
2015-02-13,16440000.000000002,-3.3,4.2,2.625143614484817,6.779202005935683,0.0,0.3024952772372348,0.27518582986705353,0.25775384766139203
2015-02-14,16219999.999999998,0.7,9.9,4.370278750295975,3.049892646379012,0.0,0.21530258081867637,0.18339557783764895,0.23700222351323647
2015-02-15,7840000.0,4.0,11.5,7.3630359116332915,4.121395656588713,0.58,0.1742875424621205,0.1576752248742344,0.18680356534579107
2015-02-16,1980000.0,2.6,6.7,8.077918166821608,3.537755748792926,0.19,0.03168330027687284,0.02786904409145833,0.051422248512797065
2015-02-17,9640000.0,-1.6,5.8,4.817633847983866,7.811795688958999,0.0,0.22199846643558102,0.2049792179609403,0.17943944828560487
2015-02-18,11970000.0,-2.5,5.6,4.618692490317446,7.021637044558549,0.0,0.21557820229513616,0.1948618882255409,0.17771066227547463
2015-02-19,15520000.0,-1.4,7.8,4.478870781157009,4.262067839493339,0.0,0.22047847307781102,0.19199876263563723,0.21493460278809656
2015-02-20,16540000.0,1.7,10.9,5.46076731636387,3.052885671547195,0.03,0.22403005797443126,0.19046247266970215,0.23263736473677993
2015-02-21,2370000.0,3.8,9.0,10.076057126307802,4.537426154966223,0.5700000000000001,0.026682075673152634,0.021857499218983816,0.03298723083745389
2015-02-22,10260000.0,0.2,11.9,5.6084438945108035,7.4556256939451595,0.0,0.3036550901546352,0.28299207785591757,0.28374359293903706
2015-02-23,14980000.0,-1.2,9.4,4.407601229009554,6.015980588048884,0.0,0.29404162441776005,0.26570243489712736,0.27139246201014233
2015-02-24,15220000.0,1.7,9.5,4.194470898314254,4.9325054771664485,0.0,0.30526106348430904,0.2750358241582621,0.295346966235884
2015-02-25,13970000.0,4.3,12.7,6.208744601579542,5.0252892573801375,0.0,0.30311896139042177,0.27287887739123684,0.29607799715137784
2015-02-26,14300000.0,-3.0,7.4,2.9881296638766357,10.864681360506195,0.0,0.4752566643716996,0.44991980087345584,0.3367649459503269
2015-02-27,17140000.0,-2.0,2.8,2.520210764077061,5.980064286030683,0.0,0.3102249144311918,0.2818067536130197,0.2565713913462366
2015-02-28,9150000.0,0.5,6.9,5.405658766935346,4.205200361297853,0.5,0.17514785885868775,0.15806853457121117,0.16819163984819607
2015-03-01,15590000.0,-2.6,6.9,4.094621578738953,8.575017106845799,0.0,0.334320015923856,0.3067468332396622,0.25099427720802114
2015-03-02,19170000.0,0.9,10.1,3.86649680288706,3.573672050811129,0.0,0.29632720671114476,0.25837743422977816,0.2963263585023278
2015-03-03,5630000.0,-3.1,5.3,5.097836507893427,6.7193415025720125,0.33,0.1459172727022492,0.1363337375587234,0.12918855636985538
2015-03-04,20000000.0,-4.3,4.2,2.3674064233860626,11.143032701147263,0.0,0.4936323162125933,0.46103990990805255,0.3096579852000817
2015-03-05,19510000.0,-1.4,6.8,3.560330057292878,3.7921628880885256,0.0,0.2723810909244274,0.2371961132095956,0.2513813980483344
2015-03-06,17910000.0,0.3,9.8,4.421495894865009,2.6308691228333183,0.0,0.2470470377288767,0.21209592049554962,0.24694656415305588
2015-03-07,19790000.0,0.9,11.8,4.414543716696681,2.738618028887925,0.0,0.28332423011538577,0.24309940517931858,0.28789106279076415
2015-03-08,19280000.0,3.2,14.1,5.756127018522904,3.7323023847248553,0.0,0.3325322830934317,0.290622560759435,0.3282296922282426
2015-03-09,18930000.0,-5.4,11.8,2.235019135180009,15.548765748713409,0.0,1.237827191208253,1.2030900186135138,0.5199277279658254
2015-03-10,21540000.0,-3.5,2.0,1.9762105757123052,13.480585357498594,0.0,0.6034431273018263,0.5692898043605685,0.31931686182400465
2015-03-11,20020000.0,-1.9,8.2,3.087847062204028,10.044592464423909,0.0,0.527613308366943,0.4909391819969648,0.36954489987899
2015-03-12,21280000.0,-1.8,9.2,2.9812578647709755,7.207204604985927,0.0,0.458767747045745,0.41904665187224766,0.37369261241613216
2015-03-13,13330000.0,-1.2,10.9,5.531624177558445,5.764566473921469,0.12,0.2752961171507587,0.24944996366493616,0.2499748745214429
2015-03-14,21200000.0,2.6,12.1,3.673260856394814,3.6275465038384316,0.0,0.3719004385281329,0.3274997250423739,0.366819746062969
2015-03-15,19380000.0,4.2,16.9,4.453601059039776,3.1576415524336183,0.0,0.3962571449299462,0.3519277619806331,0.40809237406853055
2015-03-16,20580000.0,7.1,20.1,5.756127018522904,3.274369533992776,0.0,0.45762987599541133,0.40694925247106956,0.46383633405878805
2015-03-17,19090000.0,9.6,22.5,9.090011319011055,3.7742047370794243,0.11000000000000001,0.4719537426711156,0.4223989460531376,0.46630176339697427
2015-03-18,1340000.0,7.7,9.9,10.736824632984556,7.82077476446355,3.7700000000000005,0.0409052530544154,0.037980274318765314,0.05825127734285929
2015-03-19,20100000.0,8.1,18.2,10.250221821568466,4.450628425088901,0.0,0.3947281993029823,0.34573684077491296,0.3470378390114893
2015-03-20,17940000.0,8.6,20.0,9.508705720331807,3.6634628058566343,0.0,0.39006692055809283,0.34519161530370857,0.3846139445344742
2015-03-21,22320000.0,4.0,19.8,6.324313316196931,5.758580423585102,0.0,0.6897295655897759,0.6369176110126247,0.5217671567811102
2015-03-22,22900000.0,-0.1,16.6,3.407185397400418,10.215194899010369,0.0,1.0801281328598173,1.03090579730531,0.6138157534933527
2015-03-23,23380000.0,-0.3,10.5,3.220844640746573,8.027293501068213,0.0,0.5587969987311963,0.5130980111962644,0.42696854437794257
2015-03-24,23160000.0,1.0,11.3,3.6146582744319735,3.639518604511166,0.0,0.38725954529166057,0.34047266847435526,0.3610612933485272
2015-03-25,23630000.0,3.4,13.8,4.141652761298251,3.052885671547195,0.0,0.40411820816774807,0.35282431712337536,0.3882531737530738
2015-03-26,23730000.0,4.3,16.1,4.694442813608262,4.327914393193376,0.0,0.4873057950234248,0.433517511983,0.464205849277581
2015-03-27,23140000.0,5.6,18.3,5.359286573426324,3.7053651582112033,0.0,0.4957131893608392,0.4408943253337476,0.47477973657562356
2015-03-28,22990000.0,7.1,19.9,6.430140555005693,5.156982364780213,0.0,0.5972524551056952,0.5407653960378418,0.5440485905959951
2015-03-29,21950000.0,5.8,18.7,8.199634249805541,4.639189010684463,0.0,0.48362146777390996,0.43124338160582276,0.42167541411339365
2015-03-30,22950000.0,8.4,21.7,10.047284498594117,6.620571672021956,0.0,0.6372780180801606,0.5789313280970845,0.5156920752773553
2015-03-31,5400000.0,13.3,17.5,14.38412238993917,4.477565651602553,0.010000000000000002,0.18493883818192813,0.1711083138840654,0.18166018663216388
2015-04-01,4200000.0,8.1,13.6,9.870503907955394,6.7672299052629485,0.08000000000000002,0.21585773038481681,0.20617660418945216,0.2020028922274709
2015-04-02,17260000.0,11.5,21.1,15.775473084117797,13.277059646062115,1.26,0.47729221783164705,0.4322602715896397,0.30014174815379285
2015-04-03,16030000.000000002,8.0,18.5,10.706396662283645,8.589982232686715,0.0,0.46507727256522724,0.4259158508636157,0.36811701463549384
2015-04-04,14340000.0,7.6,15.8,9.800000256629993,6.545746042817368,2.44,0.36870824723200923,0.33494365386995517,0.3002651970580715
2015-04-05,4920000.0,9.3,13.4,11.930914415651683,2.7475971043924754,0.5,0.11574519731196302,0.10426063995593766,0.11501023745122636
2015-04-06,3140000.0,6.9,12.8,10.933372605147468,5.234801019152985,0.45,0.09335940308310224,0.08630737279331861,0.10411319953701068
2015-04-07,8090000.0,5.9,9.6,6.680506384592086,5.779531599762385,0.0,0.27869727886580786,0.2615552317630018,0.2437601600797641
2015-04-08,7870000.0,3.7,10.2,6.63652882888061,3.2594044081518585,0.0,0.19706705376920314,0.18077829950072,0.19513059767581797
2015-04-09,21420000.0,3.5,15.3,7.269621546807446,3.2564113829836745,0.0,0.37612017390294405,0.3285900626329489,0.3339938590645871
2015-04-10,24260000.0,5.2,18.1,7.699523754239863,4.085479354570511,0.0,0.5014245439600371,0.44437279696711657,0.42829988584668344
2015-04-11,24890000.0,4.6,19.0,7.873960594386676,3.8131140642658097,0.0,0.5319864477760318,0.47323719513451856,0.43553303592585274
2015-04-12,14660000.0,8.5,16.0,9.421460538206349,9.284364071705292,0.81,0.4917831750878193,0.4568008177655341,0.3657944620075876
2015-04-13,4390000.0,7.9,11.3,10.305923884159435,7.916551569845423,0.82,0.16420940700928385,0.154415577546476,0.13088267136705029
2015-04-14,16960000.0,3.8,14.2,8.784188532885674,4.450628425088901,0.39,0.31229228696962086,0.27506681054252746,0.2548687333805747
2015-04-15,24780000.0,4.5,19.3,8.44792990766769,8.018314425563663,0.0,0.7296342448137525,0.6710016178235281,0.4898255926924898
2015-04-16,21130000.0,3.7,22.6,8.702833344072198,9.143691888800667,0.22999999999999998,0.8672338474697792,0.8157319864897741,0.5883726209809315
2015-04-17,25930000.0,7.7,19.1,6.176871429173642,4.094458430075062,0.0,0.5790517177040099,0.5154861867237266,0.537425875750291
2015-04-18,17200000.0,11.7,20.6,9.090011319011055,4.941484552670999,0.41,0.5279827855518814,0.48324327910355125,0.5018401252971115
2015-04-19,1380000.0,11.5,16.6,16.74486343381145,4.7948263194300065,1.46,0.012449358333463513,0.009016442623395755,0.03926674923498177
2015-04-20,3180000.0,6.0,11.5,10.256072684888574,4.447635399920717,0.42000000000000004,0.08131507073059976,0.07438332109849974,0.09355486914723314
2015-04-21,25850000.0,11.2,20.6,9.050622006970249,3.0109833191926256,0.0,0.5496398791991288,0.48274258530072806,0.4963045576102024
2015-04-22,26150000.0,9.6,21.9,8.418378564648181,5.279696396675738,0.0,0.6811775743685357,0.6137124822156569,0.6009694849650538
2015-04-23,22280000.0,10.6,21.9,8.388918433673263,4.172277084447834,0.0,0.5782024594149102,0.5201317650991522,0.5508615254614746
2015-04-24,24710000.0,10.1,22.6,8.863640066601889,4.339886493866111,0.0,0.6319702181893865,0.567436037679165,0.5727928977888059
2015-04-25,27050000.0,12.2,22.9,7.633866885291769,4.031604901543208,0.0,0.675619023548295,0.6032937285279233,0.6409126028013695
2015-04-26,26900000.0,14.2,26.5,9.70482738245373,4.684084388207216,0.0,0.7726979787455039,0.6970736551401613,0.7312121835646399
2015-04-27,25600000.0,9.9,26.4,9.593902563012296,5.372480176889427,0.0,0.9064924537659893,0.8372671238467321,0.7029849344749192
2015-04-28,15530000.0,13.9,22.5,15.071860161719126,5.914217732330644,0.42000000000000004,0.46420640740725405,0.42217256156852273,0.39566637297919394
2015-04-29,5450000.0,13.2,18.8,16.185971855778764,3.6963860827066526,0.82,0.15566760274491104,0.14153463636555935,0.14884018371785337
2015-04-30,16250000.0,14.0,22.6,15.353265549273821,3.0199623946971763,0.020000000000000004,0.3960877018987169,0.3520237403001507,0.3512298887300499
2015-05-01,25790000.0,13.1,27.3,14.900321829269021,4.59429363316171,0.0,0.7304077211166584,0.6580871248261149,0.5952243384378181
2015-05-02,21770000.0,16.3,26.1,15.968766796145404,6.901916037831207,1.01,0.7053014332734859,0.643235534086098,0.5956023004033513
2015-05-03,3380000.0,15.7,17.7,18.124877974996078,4.830742621448209,0.63,0.08947245148645654,0.08058316782166372,0.09116091712436847
2015-05-04,27020000.0,7.9,21.2,6.7530252471438335,9.158657014641586,0.0,1.0015478560740296,0.933589103251794,0.7231448210654627
2015-05-05,27800000.0,10.9,22.5,7.504034016209714,4.256081789156972,0.0,0.6930577644139858,0.6199447212538556,0.6426359488564325
2015-05-06,21010000.0,13.0,23.2,8.344898731747474,2.885276262128918,0.0,0.5431082834664085,0.4863476000191862,0.5377221704300139
2015-05-07,27350000.0,11.0,25.8,8.413462215176612,4.836728671784575,0.0,0.8850133540501852,0.8107137639242662,0.7275892587564158
2015-05-08,21990000.0,15.5,24.7,10.291239665132327,3.241446257142757,0.03,0.6009409834564866,0.5393808807508248,0.5818677938179555
2015-05-09,22990000.0,10.9,23.9,12.092321945728123,5.130045138266561,0.0,0.6399272689498476,0.5786335839531055,0.5379817925753247
2015-05-10,24210000.0,10.7,25.7,11.623571346503553,3.7472675105657727,0.0,0.6830536856662877,0.6175263574141511,0.5678264056839859
2015-05-11,15890000.0,12.8,24.4,15.03086124257255,12.172633359002393,4.57,0.679920113441007,0.6365949618934895,0.5195209502910745
2015-05-12,23830000.0,12.0,20.8,10.26485449419829,10.373825232924098,0.0,0.8521061200030339,0.7898076671847278,0.6192236577376135
2015-05-13,27080000.0,11.9,26.0,12.324269076787854,10.981409342065351,0.0,1.1447735840111908,1.0704702712359344,0.761554896522469
2015-05-14,20470000.0,16.8,27.3,19.382410684093493,7.910565519509056,0.0,0.6697228226165548,0.6105713021271579,0.5358361141163301
2015-05-15,16690000.000000002,15.0,26.4,18.48507353522529,3.9058978444794996,0.0,0.45347945332660755,0.40628402747471226,0.4042891668593353
2015-05-16,25890000.0,13.3,25.0,9.585628416038167,5.204870767471149,0.0,0.7645759422279087,0.6932840943680796,0.7076726483336522
2015-05-17,23190000.0,13.6,25.7,9.435045923091035,4.785847243925456,0.010000000000000002,0.7217822761790309,0.6573625752861166,0.6961450385425196
2015-05-18,8770000.0,13.4,19.4,13.682565572602874,2.7745343309061274,0.13999999999999999,0.25558631961475836,0.232659024977052,0.24947308278376462
2015-05-19,27950000.0,11.5,28.1,13.87605701735268,5.498187233953134,0.0,0.9037541723821221,0.8259100007498338,0.6806146636345561
2015-05-20,26130000.0,12.6,21.8,9.682552463473758,6.467927388444597,0.0,0.7715622401086393,0.7021650969685437,0.6418620034069942
2015-05-21,28300000.0,16.1,25.6,10.291239665132327,5.881294455480626,0.0,0.8851654562344266,0.804941542454974,0.7927135641703411
2015-05-22,26410000.0,17.9,27.4,10.009988280635973,4.477565651602553,0.0,0.8189430598818538,0.7419213946495864,0.7927067633986102
2015-05-23,24520000.0,16.9,27.4,10.012852884940617,3.525783648120192,0.0,0.7131489430208964,0.6421842561924296,0.7040163154062304
2015-05-24,26740000.0,17.2,28.9,10.191874652681289,3.44796499374742,0.0,0.7603333008738791,0.6818803141405068,0.7520074584901522
2015-05-25,27800000.0,16.6,30.1,11.039071212996237,4.7499309419072535,0.0,0.948806307784739,0.8668817233604219,0.8547043739593715
2015-05-26,29120000.0,18.6,32.2,9.74951269957019,5.004338081202852,0.0,1.0796393265652628,0.9913315915782036,0.9975134653611841
2015-05-27,28290000.0,18.4,33.0,8.794404931101832,4.711021614720868,0.0,1.1212188325654053,1.0350871307781646,1.0079917825585643
2015-05-28,25640000.0,17.7,31.0,11.256345319433686,5.0282822825483215,0.0,0.9562943820833516,0.8796460474257909,0.8877172719958905
2015-05-29,25460000.0,19.2,31.4,13.145331271543737,4.89958220031643,0.16000000000000003,0.8844284650866479,0.807322822469402,0.8645196097194393
2015-05-30,6840000.0,14.5,21.7,15.428522726454243,4.217172461970586,0.0,0.26962894113860714,0.2511499751805395,0.2747425823447318
2015-05-31,27630000.0,17.8,30.0,13.883693645667995,4.462600525761634,0.0,0.8459675264949531,0.7638937640481085,0.7862078437813942
2015-06-01,23400000.0,19.0,31.0,12.932095652993658,4.115409606252347,0.0,0.7792781291549385,0.7086970194119817,0.784651610511194
2015-06-02,17370000.0,18.5,29.9,14.340840989931262,4.782854218757273,0.0,0.6783746671733681,0.6265578771639626,0.6965214958248284
2015-06-03,26850000.0,16.7,29.0,9.095274627515115,7.153330151958624,0.0,1.0711118895952194,0.9925708607673224,0.999014917044508
2015-06-04,25340000.0,17.8,31.0,9.305335966804783,5.05222648389379,0.13999999999999999,0.9808094196924808,0.9050049920815695,0.9362841544326809
2015-06-05,6800000.0,12.5,17.3,13.18177749628471,2.789499456747045,0.21000000000000002,0.20323414728769854,0.18600153702924296,0.20010450412758402
2015-06-06,27290000.0,14.5,28.6,12.403602323705691,3.8669885172931133,0.0,0.8236612897257155,0.7454199920366268,0.7079275721452661
2015-06-07,25670000.0,15.8,29.7,13.232951388635952,5.2527591701620855,0.0,0.9189946284292916,0.8440180227251632,0.7869390513284006
2015-06-08,9580000.0,16.3,24.7,17.923191438406207,3.0319344953699106,0.03,0.305998316431941,0.2789981880279984,0.3013271520726099
2015-06-09,23820000.0,19.7,29.7,15.328251520118087,3.403069616224667,0.0,0.7167643179557937,0.6452102127873323,0.6770667559805346
2015-06-10,24780000.0,18.7,33.5,15.154152597042229,5.3515290007121425,0.03,1.0547980505524506,0.9789593109221342,0.8999623867417542
2015-06-11,5220000.0,20.3,22.8,22.32479266505999,4.453621450257085,0.38,0.19867122504742624,0.18370531907684942,0.1886668889842385
2015-06-12,25180000.0,17.0,31.4,14.74659979840833,6.443983187099128,0.0,1.0582152611292355,0.9831003058939547,0.8696663481473402
2015-06-13,17640000.0,15.9,31.0,17.19579427043767,8.078174928927332,0.0,0.9501974367103303,0.8981376252461427,0.7423166483933519
2015-06-14,21010000.0,19.6,30.7,19.15837179837949,4.944477577839183,0.1,0.7152509543073001,0.6517501373937057,0.6628567785916458
2015-06-15,15140000.0,21.0,29.3,20.91728511626153,3.70237213304302,0.05,0.5186981000055817,0.4729388249902643,0.4903768927150491
2015-06-16,17650000.0,19.2,29.0,21.09299695025209,3.0439065960426444,0.08000000000000002,0.5156075445974998,0.46302973275979953,0.4632843721393856
2015-06-17,13480000.0,18.3,28.0,17.87069495202709,5.001345056034669,0.0,0.5250453357014437,0.4854374746286142,0.5151325205012331
2015-06-18,20670000.0,18.2,27.1,18.09112606184545,7.641193254372539,0.0,0.7410587445792467,0.6807771156375211,0.6102233116674997
2015-06-19,22430000.0,18.4,28.7,17.149767359813936,5.291668497348472,0.0,0.7350876828256433,0.6687951039461073,0.6595875211966783
2015-06-20,7740000.0,18.0,23.7,20.33901783197081,3.0439065960426444,1.85,0.2435907453865694,0.2216496467062527,0.23104763732901698
2015-06-21,15250000.0,16.7,25.2,18.756834847167543,3.64251162967935,0.05,0.4288672281614449,0.3855661137511167,0.3758097978508931
2015-06-22,21370000.0,18.0,28.5,18.038198632064823,4.555384305975324,0.0,0.6586269670275312,0.595743500712296,0.5891617845482241
2015-06-23,22300000.0,19.0,29.6,18.861517958798792,3.8191001146021772,0.0,0.6674508034681136,0.6008337222032438,0.6011213455272817
2015-06-24,18220000.0,18.2,29.2,18.727019040637604,4.274039940166073,0.0,0.5902334592037123,0.5362667428700844,0.5516203024204414
2015-06-25,13720000.0,19.9,28.4,21.081977235085862,5.558047737316805,3.35,0.5224523382694097,0.48155277133986685,0.4827797260043537
2015-06-26,8460000.0,18.6,23.6,22.122885483412958,4.84870077245731,0.05,0.25933795110836877,0.23525768690979326,0.21761150806701565
2015-06-27,17050000.0,17.4,26.2,19.06737540921061,3.1636276027699854,0.04000000000000001,0.46938579116795304,0.42030919129040817,0.41226469756793893
2015-06-28,22670000.0,17.9,28.4,19.07746738627775,3.7652256615748736,0.0,0.6361644564732571,0.56955390673134,0.5518699796945603
2015-06-29,24530000.0,20.3,30.7,18.622990474223233,4.722993715393602,0.010000000000000002,0.7928123013674947,0.7183250687018794,0.7173280077666443
2015-06-30,9770000.0,17.7,25.2,20.078910064109238,3.4060626413928508,1.35,0.3104457086945821,0.28247944071715037,0.29318029403150137
2015-07-01,20060000.0,17.8,28.3,18.37245498544046,5.93516890850793,0.0,0.6744904526169699,0.6156360429733108,0.5943004772820984
2015-07-02,25700000.0,19.9,29.1,18.333424496987103,3.4210277672337686,0.0,0.7256246258096033,0.6486361900387673,0.6357365380609135
2015-07-03,24220000.0,17.3,28.2,15.805405481357644,4.513481953620755,0.0,0.724597520230492,0.6538560558692147,0.6524428250978703
2015-07-04,18050000.0,18.0,26.4,17.563230792965413,4.127381706925081,0.0,0.5516006569602078,0.49932075688124683,0.4950050261104545
2015-07-05,20280000.0,18.4,28.3,18.187706538487117,3.4090556665610348,0.0,0.5903191021280227,0.530555412483233,0.534835655699076
2015-07-06,17260000.0,18.5,27.3,18.801636540373018,3.2055299551245544,0.010000000000000002,0.5055766696637132,0.45505029302547423,0.4592174401224328
2015-07-07,3370000.0,18.3,21.9,19.978838401111897,4.402740022397965,5.8100000000000005,0.151949112850259,0.14251493612819988,0.17623790475277307
2015-07-08,2160000.0,18.7,21.6,23.01148908325849,4.297984141511542,4.98,0.05255277437691834,0.046500807385082096,0.07394797437028182
2015-07-09,5430000.0,20.1,22.3,23.491592994349276,4.411719097902515,0.17,0.16616348996693295,0.15068265245717102,0.14131636479471693
2015-07-10,20910000.0,19.3,29.6,23.73491250636006,3.80413498876126,0.0,0.586157017650729,0.5235613103315537,0.48650244746869
2015-07-11,14210000.0,22.7,30.9,27.64441639411454,4.761903042579988,0.8400000000000001,0.4911980179287127,0.4473208991774412,0.42995978707648225
2015-07-12,1840000.0,22.6,24.3,27.77733678818896,17.12908303751431,4.2700000000000005,0.11175210521890291,0.10632183010018945,0.09082789624482546
2015-07-13,11570000.0,19.3,26.5,23.71658741738416,10.367839182587728,0.0,0.4482290533551989,0.4143594022715127,0.3353556700568083
2015-07-14,24040000.0,21.5,30.7,25.05524228183338,4.303970191847909,0.0,0.7082245590212641,0.6346505759416511,0.5760907031370909
2015-07-15,21030000.0,20.0,30.4,22.30163626758014,7.09945569893132,0.0,0.7439845074186435,0.6803804658501099,0.6284905418698284
2015-07-16,17520000.0,17.6,24.6,17.478911089863466,11.349551437751925,0.010000000000000002,0.73826715526491,0.6883988067118316,0.5390018385221328
2015-07-17,15810000.0,17.9,24.8,18.60323302084901,3.8819536431340307,0.0,0.4570116678977321,0.41182856164319376,0.3974145959013898
2015-07-18,16719999.999999998,19.6,28.3,22.31321183848206,3.0229554198653594,0.010000000000000002,0.4761076831335684,0.42640619524387435,0.4167143524099208
2015-07-19,14690000.0,21.1,27.7,21.370133285231063,4.297984141511542,0.03,0.49950457840386636,0.45555954913771457,0.45387835536896504
2015-07-20,10340000.0,21.8,27.7,26.278588442730207,3.9837164988522713,0.11000000000000001,0.33403577440897336,0.30295357785107746,0.29175214082147727
2015-07-21,10240000.0,22.6,29.2,27.519004415968265,3.992695574356822,0.03,0.3509266421512226,0.319668354905442,0.31574885785681966
2015-07-22,12240000.0,23.8,29.5,28.243405834167447,5.501180259121319,0.08000000000000002,0.44576087201845416,0.4080375321835229,0.38074824239298233
2015-07-23,3630000.0,24.1,26.4,29.898927244483914,9.60461776470093,0.35000000000000003,0.1753112855832684,0.16432518514404273,0.1525591483945826
2015-07-24,13250000.0,24.7,29.3,29.320769114375086,11.984072773406833,0.04000000000000001,0.6031521939355944,0.5621376298861056,0.4358933973333315
2015-07-25,19350000.0,22.0,30.7,27.25587606605459,9.371161801582616,0.0,0.7073798310508888,0.6479695240070414,0.5336829471372054
2015-07-26,25490000.0,23.5,34.1,26.810878769475632,3.355181213533731,0.0,0.7753761511370755,0.6947727232270178,0.6628684535216646
2015-07-27,20960000.0,24.9,33.0,28.831959745164497,3.1067601245744987,0.5700000000000001,0.6526686372898437,0.5862772213972336,0.5529690848169911
2015-07-28,18640000.0,23.8,32.4,28.18655147931114,4.217172461970586,0.06999999999999999,0.6140753785300866,0.5556070457560724,0.5283163157487563
2015-07-29,18110000.0,24.1,32.1,30.846212730485036,4.803805394934557,0.73,0.5847476340332185,0.5279417592189805,0.4724882021813473
2015-07-30,25390000.0,24.7,35.6,30.19925818255993,4.693063463711767,0.0,0.8446073254474223,0.7631190260583769,0.7125451290274508
2015-07-31,25030000.0,24.6,35.5,28.76684372345093,2.984046092678974,0.0,0.7733298807957814,0.6930827219307923,0.663446318660805
2015-08-01,24620000.0,22.7,35.4,26.01261207824014,4.788840269093639,0.010000000000000002,0.8514547809658278,0.7733824523331667,0.7445898329497853
2015-08-02,15840000.0,23.7,33.3,28.565080642484464,4.905568250652797,0.010000000000000002,0.5792706470595278,0.5293535647341441,0.5261616136823027
2015-08-03,25190000.0,22.7,35.4,25.409773753254388,6.324262180371788,0.0,0.9488170650842604,0.8689372130023459,0.8223413307434851
2015-08-04,25600000.0,23.2,35.9,25.351461296148397,6.069855041076188,0.0,0.9679972482016737,0.8863658988051906,0.8489609111957513
2015-08-05,25870000.0,25.4,36.5,26.145304809273192,3.1516555020972516,0.0,0.8297253930012853,0.7459992509314917,0.7478800498269662
2015-08-06,24240000.0,25.3,36.9,24.749373321276117,3.759239611238507,0.0,0.8357696659162098,0.7571985120287978,0.7901618104727532
2015-08-07,23890000.0,24.7,37.3,26.019232715074633,3.190564829283637,0.04000000000000001,0.8041366802294242,0.7267790279610907,0.7329901821285526
2015-08-08,20650000.0,24.8,36.2,27.82644792386056,3.492860371270173,0.21000000000000002,0.7055322945134401,0.6390113272119817,0.6525218977350808
2015-08-09,23130000.0,24.2,34.8,24.56616326071617,4.896589175148246,0.0,0.8241013930672398,0.7503866430820881,0.7620325501957301
2015-08-10,20330000.0,24.7,33.5,22.440890437758622,4.893596149980063,0.0,0.7716593433988405,0.7071548724621903,0.7395561629657811
2015-08-11,5340000.0,20.1,29.1,21.928278659646196,3.0409135708744612,3.6500000000000004,0.2597982252264228,0.24377923127342432,0.30049215572974325
2015-08-12,5210000.0,20.3,24.5,24.63551670649635,5.30663362318939,0.9300000000000002,0.18541457375010229,0.17027790020219633,0.16720687358615788
2015-08-13,19920000.0,21.7,29.8,23.91269426364908,2.478224839255958,0.03,0.5471612064655961,0.48647301513576585,0.46941781100270585
2015-08-14,21980000.0,21.7,30.5,21.84289997113953,2.0771594667193662,0.0,0.5899728877345262,0.5227034972149798,0.5174365487040289
2015-08-15,21270000.0,22.2,31.8,24.104023179371744,2.957108866165322,0.0,0.6207751428208235,0.5549351596259081,0.547543747303568
2015-08-16,13590000.0,21.3,30.1,24.246840368104046,3.852023391452196,0.36000000000000004,0.45257844902025673,0.41120235049467874,0.42273155656384437
2015-08-17,19800000.0,20.7,29.6,23.28048047609646,4.309956242184276,0.010000000000000002,0.5895593270641132,0.5297156252607257,0.5059106963599299
2015-08-18,15040000.0,21.2,29.3,23.226463303336768,4.555384305975324,0.0,0.5036387193074207,0.45812055109641403,0.4582108715879977
2015-08-19,11250000.0,22.1,28.6,24.309165155397825,3.4090556665610348,0.31000000000000005,0.3781337938428152,0.3440403848331426,0.3555629175715663
2015-08-20,6630000.0,20.8,26.4,25.72275714252674,1.7150034213691596,4.54,0.18986151236670787,0.17025213114937576,0.1794817807466597
2015-08-21,10890000.0,21.0,26.3,22.83958292105021,4.321928342857009,0.97,0.3642314877209326,0.3319991181528771,0.33055875066375473
2015-08-22,17070000.0,21.9,29.8,23.771599826640667,2.6278760976651343,0.0,0.4903141202848487,0.4382407184087126,0.43639206260643915
2015-08-23,12990000.0,22.5,29.6,25.036029153240822,2.8942553376334685,0.0,0.4079946128695292,0.3682645918655583,0.3755519340253672
2015-08-24,7960000.0,22.1,26.3,24.952920963784166,9.68842246941007,1.4900000000000002,0.3917501338718671,0.36800450068390694,0.3234654271777802
2015-08-25,3090000.0,18.6,22.1,22.019670959848064,9.380140877087165,4.53,0.14736294872929928,0.138675991110693,0.1372217994284991
2015-08-26,19270000.0,17.3,26.6,19.999869748999505,4.435663299247984,0.0,0.5131148794923142,0.45751767852909025,0.4325033246104967
2015-08-27,18110000.0,20.9,27.2,22.68641615162184,3.9268490206567837,0.0,0.5083150358767294,0.4544051098427769,0.4266767894960575
2015-08-28,17130000.0,19.3,27.6,23.789962072093264,2.2058595489512576,0.30000000000000004,0.4208529717804015,0.37029829091977023,0.35227023738510244
2015-08-29,18530000.0,19.3,27.8,21.712550884280326,1.346861325682586,0.0,0.437887856070598,0.38312185131634907,0.3759304376560086
2015-08-30,18740000.0,20.1,28.8,21.93398093960827,2.885276262128918,0.0,0.5053335240360457,0.4492338800780664,0.44604496517661874
2015-08-31,17230000.0,20.3,28.1,22.886892753921938,6.458948312940047,1.36,0.5599701218414224,0.5085709685966293,0.4661681251948132
2015-09-01,11190000.0,20.2,26.7,22.82186379796277,4.187242210288751,0.05,0.35542758909021155,0.3224032529062966,0.3240741277802745
2015-09-02,16840000.0,19.1,27.5,23.17854008404637,3.1845787789472704,0.7000000000000001,0.4327458347881913,0.3831559434521724,0.364959321579148
2015-09-03,17290000.0,18.6,27.3,21.98535986955693,4.1034375055796115,0.31000000000000005,0.4650887173034072,0.41443670825396595,0.39544037495771533
2015-09-04,16329999.999999998,20.0,27.6,22.008228728050543,3.6963860827066526,0.06,0.46136011474014393,0.4129218956282907,0.40678611708478674
2015-09-05,7500000.0,18.9,24.7,22.336378749334084,3.8340652404430946,0.8400000000000001,0.23273148627272483,0.2111435391125145,0.21877770619206566
2015-09-06,15170000.0,16.8,25.3,18.627932709368228,8.757591642104995,0.24,0.5395065940258095,0.49636229787958613,0.44043973992198265
2015-09-07,19540000.0,13.3,24.3,15.445290441210261,7.228155781163212,0.0,0.5573993779269559,0.5039289505080895,0.46604542214013855
2015-09-08,22330000.0,14.4,23.8,15.178917110035117,8.365505345072952,0.0,0.65612402083676,0.5946897403181627,0.5125100515942964
2015-09-09,22960000.0,13.9,25.9,14.867842904755587,7.467597794617895,0.0,0.6812273539792512,0.6171709108672346,0.5841091889675247
2015-09-10,22450000.0,17.3,26.4,16.8577447864687,2.957108866165322,0.0,0.5341714401036035,0.4695007364484769,0.47900408107055037
2015-09-11,19480000.0,19.5,27.3,18.99686242485804,2.6967156765333553,0.32000000000000006,0.4943929673810378,0.43694481706898924,0.4476620586816689
2015-09-12,6200000.0,13.6,20.9,16.767386522027177,3.944807171665886,0.13,0.18435948681493236,0.16787733482866488,0.1856784313881429
2015-09-13,22500000.0,13.2,23.9,12.51124002609224,5.5760058883259065,0.0,0.5974561609765291,0.5361642346870241,0.5400244559614124
2015-09-14,19760000.0,13.0,25.3,14.74659979840833,4.1782631347842,0.0,0.4907714028960908,0.4363593938690446,0.45390923375713876
2015-09-15,16830000.0,13.0,23.3,14.18830887862558,6.1746109219626115,0.0,0.4838632384601767,0.43835299226716506,0.4348638791386322
2015-09-16,15410000.0,16.0,24.1,16.090084391753955,6.8540276351402705,0.68,0.5083295140750268,0.4652265423234301,0.44911122368838585
2015-09-17,6650000.0,15.4,19.3,18.692286423670318,7.530451323149747,0.97,0.16933324592642685,0.15162069312928547,0.12385877722975076
2015-09-18,19120000.0,14.9,25.3,17.09467768554015,4.0615351532250425,0.0,0.4579378491370031,0.4044121936694154,0.4089814022541751
2015-09-19,16230000.0,15.3,25.4,17.718743430465377,2.669778450019704,0.0,0.37230386735904936,0.32667625501277747,0.3440655910846262
2015-09-20,15460000.0,16.5,25.8,18.64771314395619,1.8646546797783357,0.0,0.34603431876085655,0.30199377776607517,0.3177792893181165
2015-09-21,18010000.0,14.9,27.0,17.86116463000237,2.9720739920062402,0.0,0.41978008914845155,0.3686421828841885,0.3930375797957192
2015-09-22,18070000.0,15.4,26.1,18.265295960571283,3.4060626413928508,0.0,0.42097766956501975,0.36983769739250577,0.38179593263146894
2015-09-23,6100000.0,18.9,22.9,21.392441219525075,3.9597722975068033,1.47,0.19183709967439758,0.17453082624344352,0.18474031480242972
2015-09-24,9620000.0,16.3,24.2,19.521022309897937,6.512822765967349,0.0,0.3118090758669961,0.28480976061024127,0.28263900230961075
2015-09-25,11740000.0,15.8,25.2,18.697244767901168,4.097451455243245,0.0,0.32218855099910443,0.28910071097172596,0.3111576306794879
2015-09-26,15610000.0,15.5,26.5,18.313936515144448,3.549727849465661,0.0,0.3868984209727659,0.342538902182858,0.3690474797730407
2015-09-27,17390000.0,14.3,25.8,17.723474716742157,3.2983137353382443,0.0,0.38807076414039143,0.3394295779781418,0.35941989257432194
2015-09-28,19540000.0,14.6,27.8,15.754123264518341,4.663133212029932,0.0,0.5552647846037184,0.49955657743230997,0.5171974569178092
2015-09-29,18390000.0,14.9,25.1,15.681723400339651,5.89326655615336,0.0,0.5080216186300361,0.4566272028944295,0.4669156824431669
2015-09-30,7740000.0,17.0,21.5,16.436743314862174,4.579328507320793,0.9300000000000002,0.27696641686058304,0.2556154419129834,0.2799706672208212
2015-10-01,2180000.0,10.5,24.1,15.228552724200725,11.777554036802169,2.18,0.379386319703826,0.3735853869892989,0.36026596967895425
2015-10-02,20220000.0,11.5,20.8,10.148306422222207,5.773545549426019,0.0,0.5128429587680472,0.46024802735030096,0.47907253071714323
2015-10-03,17790000.0,11.1,24.5,13.339510128128767,5.983057311198866,0.0,0.5157141382484335,0.4679218935634616,0.46138638909532803
2015-10-04,17600000.0,12.8,22.1,11.35838104361659,2.4662527385832242,0.0,0.35558571966904867,0.30861732151730853,0.36134373769668204
2015-10-05,18230000.0,10.9,23.0,13.043752542975232,1.9664175354965758,0.0,0.3245967240536877,0.2764158601163361,0.31692296387643576
2015-10-06,18390000.0,11.2,24.4,13.332137118336076,2.277692152987662,0.0,0.3607512436699006,0.31134711889437305,0.34831325319394846
2015-10-07,14010000.0,10.8,23.1,14.336911994219786,2.2298037502967256,0.0,0.27072553485833495,0.2336978934012699,0.272099592156364
2015-10-08,13990000.0,14.0,23.4,13.004035755863825,3.54972784946566,0.0,0.3592656512829813,0.3210516839520302,0.3793519570129955
2015-10-09,16239999.999999998,9.5,20.5,8.723109603497123,5.564033787653172,0.0,0.4510165317508824,0.40977291188180737,0.4628124757009128
2015-10-10,16329999.999999998,8.8,20.9,11.19614399580155,6.42003898575366,0.08000000000000002,0.4107430772280967,0.36940383416682404,0.3907264149144143
2015-10-11,12840000.0,9.4,17.2,9.898830230832008,6.842055534467537,0.0,0.37352065921593447,0.3421163606954276,0.3405127530041133
2015-10-12,14130000.0,8.2,16.8,8.612103549562264,7.401751240917856,0.0,0.42161027445934585,0.387690685538992,0.3800488037158659
2015-10-13,17880000.0,11.8,20.8,10.308862940973693,5.411389504075813,0.0,0.44938076946772665,0.4027312214487758,0.44471318244247515
2015-10-14,17340000.0,10.2,22.7,11.957683351042268,3.118732225247233,0.0,0.3405137800117809,0.29513659878633386,0.3484047626637178
2015-10-15,16100000.000000002,10.3,23.1,13.387522085201208,2.286671228492213,0.0,0.2909049521216018,0.24856250626267737,0.2915944770394987
2015-10-16,15160000.0,10.7,22.5,13.671257908846703,4.055549102888675,0.0,0.3128865505771203,0.27309531031869966,0.31829493066181086
2015-10-17,16020000.0,12.2,23.7,12.334591523889404,2.316601480174048,0.0,0.30621464799317727,0.2630559706642039,0.32986570144993116
2015-10-18,16930000.0,11.1,25.1,11.564896828988594,4.0615351532250425,0.0,0.4526469185003423,0.4069087761509147,0.44805190740990747
2015-10-19,14580000.0,14.2,23.3,13.626109309233465,2.8972483628016517,0.0,0.31342520474735214,0.27356360535217533,0.3320536755410665
2015-10-20,16090000.0,11.4,25.0,14.44332732445683,3.9268490206567837,0.0,0.3710415762396245,0.327492021858093,0.3640364653438136
2015-10-21,15150000.0,13.5,24.7,14.83542614864534,3.7532535609021402,0.0,0.3392754560694965,0.2975947865730007,0.35848453925302726
2015-10-22,8790000.0,11.0,20.2,13.127141391058277,3.573672050811129,0.0,0.2124416354735969,0.18983443089589713,0.2356149000434879
2015-10-23,15090000.0,11.7,23.2,13.413437516786983,2.6308691228333183,0.0,0.27872831607844134,0.23845825198129597,0.29910690124346895
2015-10-24,11920000.0,11.8,22.1,12.942864318120893,7.192239479145011,0.0,0.3867699700852333,0.35526608099399737,0.38813470191204913
2015-10-25,15360000.0,8.4,19.2,9.24641263301955,4.3368934686979275,0.0,0.31646932528698035,0.2784724146934948,0.3450086787072091
2015-10-26,13630000.0,10.1,19.3,10.986110031429618,5.243780094657535,0.1,0.31655571752477063,0.28216282981761787,0.3253347687384044
2015-10-27,5880000.0,7.4,16.6,9.324153570027885,7.641193254372539,1.4300000000000002,0.2974197349173096,0.28347303310640926,0.29909978607121634
2015-10-28,13660000.0,6.6,16.1,7.508478350714133,5.848371178630607,0.0,0.3361441127644037,0.3042581262840569,0.3461881808199465
2015-10-29,12740000.0,5.6,17.0,7.371779262165734,5.438326730589464,0.0,0.3175747305468281,0.28787336198053115,0.34843225241361586
2015-10-30,15600000.0,0.7,11.9,4.378548337703768,7.153330151958624,0.0,0.36698997884674384,0.3353301039523198,0.35084119986208706
2015-10-31,15450000.0,3.7,11.8,4.5226888432405925,5.9950294118716,0.0,0.35071622722448836,0.31797894320244235,0.3517334699137149
2015-11-01,7990000.0,4.8,13.2,7.211502304680226,2.4183643358922877,0.17,0.1514677626283538,0.13393052461818417,0.18417470058019408
2015-11-02,12970000.0,6.5,15.3,7.804691707041793,6.910895113335759,0.0,0.3342013248992094,0.3042670339670584,0.32656809396496345
2015-11-03,14590000.0,7.4,18.1,8.4924284742601,2.693722651365172,0.0,0.223726271792962,0.1884948925520486,0.2665861987757795
2015-11-04,14360000.0,7.9,19.9,9.898830230832008,2.7356250037197416,0.0,0.22379427475209873,0.18819136897293745,0.26743710408555793
2015-11-05,13220000.0,7.0,19.7,9.981381914385503,3.385111465215566,0.0,0.23661014197044725,0.20423932903216097,0.272227897578838
2015-11-06,10600000.0,11.9,19.0,12.334591523889404,7.063539396913119,0.32000000000000006,0.31186041533678016,0.28468316494915313,0.3060599954309724
2015-11-07,2270000.0,13.7,16.0,15.681723400339651,4.570349431816242,2.33,0.06877012662075731,0.06302364274144998,0.0838766841540846
2015-11-08,1200000.0,12.7,14.3,14.388062744726103,2.316601480174048,0.91,0.026483470001124287,0.023535037165916626,0.06762298322368013
2015-11-09,5010000.0,10.2,14.5,11.728528452752652,5.878301430312442,0.0,0.155175195239238,0.1431914255633907,0.1586141010020486
2015-11-10,5230000.0,8.1,14.2,11.123647923070974,4.0615351532250425,0.0,0.11453051338245097,0.102383331782851,0.130376497248164
2015-11-11,8180000.0,9.3,16.8,11.451552960088959,3.920862970320417,0.0,0.16589708444618098,0.14600542872910321,0.18941218704459814
2015-11-12,8620000.0,11.6,17.5,11.47091364334189,7.114420824772238,0.27,0.28904583299541275,0.2673654314658913,0.2884582998338213
2015-11-13,1270000.0,11.7,13.8,14.674271352368114,4.911554300989163,1.9800000000000002,0.010666864740951954,0.007600116856376213,0.036060403060426675
2015-11-14,4680000.0,10.4,17.8,14.762715225995613,3.319264911515529,0.03,0.0846214926847904,0.07296649559673864,0.10261923238207349
2015-11-15,9030000.0,9.9,16.9,11.791240390666436,3.1277113007517836,0.0,0.15035968640866612,0.1282232905447263,0.17449856218927629
2015-11-16,2310000.0,12.8,16.5,15.34909405814862,3.002004243688075,0.27,0.06193582462351721,0.05611325248371081,0.08247660758603115
2015-11-17,3950000.0,12.4,17.5,13.60733608784149,5.9890433615352325,0.17,0.16939058000902343,0.15936974173206334,0.18567394989217262
2015-11-18,2110000.0,10.0,13.1,10.459736988645881,7.2730511586859645,0.13999999999999999,0.17827763552046885,0.17332782254603601,0.18363480626377515
2015-11-19,3080000.0,10.1,12.7,11.042193562089802,2.4872039147605087,0.08000000000000002,0.08382618187805423,0.07662770082539945,0.1075331756594533
2015-11-20,8840000.0,6.2,16.3,9.514182103933011,4.486544727107104,0.0,0.17498566803303242,0.15440231907459093,0.21450662749309912
2015-11-21,7290000.0,10.0,15.8,10.99543984018898,2.60692492148785,0.010000000000000002,0.12833631671126722,0.11067071690904176,0.15929502732990636
2015-11-22,5550000.0,9.4,15.9,11.607246659404854,4.070514228729594,0.06999999999999999,0.13159692134378254,0.11822652643424944,0.1583231148601119
2015-11-23,2450000.0,7.8,13.2,11.361582730409825,4.902575225484614,0.47000000000000003,0.07777434451727089,0.07217749670302202,0.09345573422675961
2015-11-24,7090000.0,6.6,12.0,8.018837792179184,7.237134856667764,0.25,0.22845868444373574,0.21276882375387612,0.22457382999172246
2015-11-25,2200000.0,0.5,8.3,7.170849923565592,5.432340680253097,0.24,0.07713682534145076,0.07293332821808599,0.094141099354659
2015-11-26,11400000.0,-2.5,4.7,3.5362909373488542,9.844059778155613,0.0,0.28869025012553373,0.2692848681297621,0.22766904423714412
2015-11-27,10740000.0,-1.8,4.2,4.710607238807143,7.279037209022332,0.0,0.15565375302330253,0.1373039319369116,0.14173891437809455
2015-11-28,10630000.0,0.7,7.9,5.726318191560705,3.6006092773247804,0.0,0.11431587366418203,0.09407220299612842,0.1418247325554807
2015-11-29,9770000.0,2.2,9.9,6.37991965088051,2.645834248674236,0.0,0.10353144356431618,0.08385526128766213,0.13927099759255795
2015-11-30,8590000.0,-0.2,10.3,6.463165914889738,5.37547320205761,0.0,0.13269237956736532,0.11592911340129722,0.16057628160493903
2015-12-01,10880000.0,2.4,12.7,7.339038890266067,2.4123782855559206,0.0,0.10027153120794245,0.07735108433858383,0.14323979415083818
2015-12-02,4510000.0,2.1,14.3,8.602074134922596,7.1353720009495225,0.13,0.15260548933268664,0.14292521633392574,0.18358863251512594
2015-12-03,10030000.0,-0.3,6.6,4.327772697411015,11.020318669251738,0.010000000000000002,0.3210510360188158,0.30267733534494556,0.24560279246807096
2015-12-04,10680000.0,-0.5,7.1,4.983760308902671,9.137705838464301,0.0,0.23068710126169142,0.21102149858828606,0.2013403375897478
2015-12-05,8160000.0,2.0,8.6,5.528231684233451,6.297324953858136,0.0,0.19469800977944113,0.17864615131303035,0.20487228134869556
2015-12-06,6500000.0,-0.5,8.2,4.536904513405244,3.9837164988522713,0.0,0.14462533854736692,0.13243100892077375,0.18328494768848064
2015-12-07,9510000.0,2.6,11.8,7.883237314815714,4.049563052552309,0.0,0.1062479767216862,0.0864182710151257,0.13954913604438418
2015-12-08,7260000.0,3.0,10.4,7.720001112686005,3.238453231974574,0.0,0.08631537925788585,0.07140134109913582,0.11580580496627454
2015-12-09,6670000.0,5.5,13.6,9.230399814032467,2.3345596311831494,0.11000000000000001,0.08487288959285788,0.07001247314100903,0.12065487665203567
2015-12-10,1480000.0,7.9,11.4,11.464456884922141,5.519138410130419,3.2,0.03249821954957663,0.02919200211841851,0.05340357120924275
2015-12-11,3050000.0,1.9,9.5,6.991451223113603,6.093799242421656,0.0,0.12914006230233563,0.12306406315742016,0.1441298985495635
2015-12-12,9020000.0,2.0,9.6,6.626569679943131,3.316271886347345,0.0,0.09828061169171728,0.08025533585983355,0.13343629757292236
2015-12-13,9520000.0,3.4,11.1,7.066942040825381,2.8044645825879626,0.0,0.09943138149991723,0.07955151736746209,0.14051084270915
2015-12-14,2250000.0,6.2,8.9,9.80281186164248,2.1699432469330553,0.25,0.03511405960396323,0.03037407748484035,0.05238804642130231
2015-12-15,7220000.0,0.4,9.0,6.1228333137477895,6.877971836485739,0.0,0.15678412543766723,0.14285290538788314,0.16805439618887041
2015-12-16,8820000.0,-3.6,4.9,3.4516088439572914,8.631884585041284,0.010000000000000002,0.23925042475313338,0.22448761436275988,0.21301462650824074
2015-12-17,11380000.0,-5.0,1.3,2.5033694663716055,7.790844512781715,0.0,0.2171125276737647,0.19985222162480984,0.19408025748013708
2015-12-18,10710000.0,-1.7,4.5,4.575484801190997,6.7762089807675,0.0,0.1468832269082025,0.12844919629457158,0.14767596839590721
2015-12-19,10950000.0,-0.6,7.7,5.269222213428128,2.2537479516421937,0.0,0.07460103088405086,0.05426545792940045,0.11449387703119226
2015-12-20,3910000.0,1.6,7.2,6.797683925209208,1.3318961998416685,0.22000000000000003,0.04545568686462635,0.03798492606810076,0.06939405085522284
2015-12-21,3330000.0,-1.6,9.1,7.177255235048499,3.7532535609021402,0.03,0.04836328120744939,0.04213702695277486,0.07864756071627459
2015-12-22,9460000.0,0.7,10.5,7.806991976639417,2.1459990455875873,0.27,0.054184220693916686,0.03539770531780601,0.08544760980407798
2015-12-23,5140000.0,1.6,12.3,9.000944915476811,3.8220931397703612,0.06,0.05766857683773456,0.04703017824307086,0.09095804879078921
2015-12-24,9040000.0,-0.8,9.5,4.738643778824072,7.943488796359073,0.0,0.24577122557899891,0.22852710137806792,0.24926325616327838
2015-12-25,11310000.0,-2.2,4.9,2.9548837385804196,6.273380752512667,0.0,0.21688578877625778,0.19745480642123475,0.22889833330798828
2015-12-26,9690000.0,-3.0,9.5,5.108895847452513,6.189576047803529,0.0,0.16497362082935849,0.1471615506717629,0.19041831323939135
2015-12-27,11310000.0,-4.2,3.4,2.0551150789532886,7.054560321408567,0.0,0.255177818099478,0.23699608561737126,0.2488756344837121
2015-12-28,11300000.0,-4.4,1.4,2.593782885613794,8.775549793114093,0.0,0.24495406066826594,0.22756815941808073,0.20293670588045196
2015-12-29,11200000.0,-2.4,3.8,3.3004864139866323,6.225492349821731,0.0,0.18730326269406608,0.1685214625519508,0.19354741089965008
2015-12-30,11160000.0,-0.7,6.2,4.266722463296255,2.618897022160584,0.010000000000000002,0.09484082880614254,0.07467923595163563,0.13665265552494305
2015-12-31,10390000.0,-1.6,6.3,4.87801900209188,6.485885539453698,0.0,0.15179821895876405,0.13329053708255303,0.1605389104588462
2016-01-01,11060000.0,0.1,6.9,5.05537734829247,2.720659877878824,0.0,0.09113429861116037,0.07062933924447926,0.12821680141060388
2016-01-02,9240000.0,1.0,10.5,6.7530252471438335,2.7535831547288425,0.0,0.08658491745697108,0.06814880917671111,0.1254880237615606
2016-01-03,10360000.0,2.1,12.2,7.75423687364471,2.4123782855559206,0.0,0.08269603884093313,0.061125870849097,0.12165990575319138
2016-01-04,10620000.0,-2.1,8.7,4.042920725437184,6.204541173644447,0.0,0.21046212566443323,0.1909070039049234,0.23788040545242067
2016-01-05,4720000.0,-3.1,3.9,2.2085961441896984,5.124059087930194,0.0,0.2149705154334999,0.20714474419302314,0.23083955040448872
2016-01-06,10520000.0,-1.8,5.4,4.090723777042093,7.751935185595328,0.0,0.2122503999298448,0.19387719810120405,0.19735119884806357
2016-01-07,11560000.0,-2.5,3.5,3.1873870176927785,7.835739890304468,0.0,0.2369596545190257,0.2177201697826981,0.21203845332995738
2016-01-08,10600000.0,-3.4,3.3,3.414922654792117,6.503843690462798,0.0,0.17963239309571627,0.16235841775430968,0.17647891316077896
2016-01-09,10610000.0,-2.0,4.9,3.895003244088589,5.722664121566899,0.0,0.16997935766762745,0.15168389172828384,0.17994524162457012
2016-01-10,10230000.0,-3.3,6.5,3.343673155743308,5.656817567866861,0.0,0.19746482817768773,0.17972755066795051,0.2196754625508556
2016-01-11,11760000.0,-4.6,4.0,2.1996010918478865,6.387115708903642,0.0,0.23819184744418959,0.21921269023530923,0.2412426206512166
2016-01-12,12170000.0,-3.2,3.6,2.292589907298415,7.305974435535983,0.0,0.2735716216150178,0.253547315969451,0.2539658922047221
2016-01-13,10330000.0,-3.1,2.2,3.3796792526023056,6.527787891808267,0.0,0.1779632500099308,0.16138944150876267,0.16746316778661202
2016-01-14,8710000.0,-2.0,3.0,3.294051316222663,4.866658923466411,0.0,0.16275754859089353,0.1482613624271034,0.17457111407380796
2016-01-15,9990000.0,-2.1,6.2,4.1037292606043865,3.1067601245744987,0.0,0.11678468396232637,0.09917911815194207,0.15073138233226396
2016-01-16,6340000.0,-0.8,5.8,4.303260302214331,2.2657200523149283,0.0,0.09682424269855397,0.08547066382237986,0.1281186841380669
2016-01-17,3880000.0,0.4,6.6,6.58686501947992,4.669119262366299,0.71,0.07923633671401273,0.0720429151640378,0.0909945906511808
2016-01-18,8390000.0,-8.8,0.6,2.1580541367772588,15.378163314126947,0.0,0.37319168918566825,0.36163112691894395,0.20970908676431987
2016-01-19,12380000.0,-9.9,-3.5,1.68277333101669,15.527814572536123,0.0,0.3443403231696195,0.32920709774016194,0.1757251227915037
2016-01-20,11400000.0,-8.8,-1.3,1.822021500278514,7.656158380213456,0.0,0.21177744118706365,0.19672525273856226,0.1759184983789512
2016-01-21,8270000.0,-6.6,0.7,1.7353509427211586,8.04225862690913,0.0,0.2741504655776995,0.2621717323403553,0.22615658468019176
2016-01-22,12720000.0,-5.1,1.9,1.3197146321399054,9.6644782680646,0.0,0.3920397239179571,0.3725485369753091,0.2972141278639271
2016-01-23,12590000.0,-12.7,-3.2,1.2216243146258225,11.280711858883704,0.0,0.282383347805786,0.2679038872461129,0.18383732950831919
2016-01-24,13900000.0,-12.3,-6.0,1.3767599843523692,11.029297744756288,0.0,0.2308985238261192,0.2158530516811278,0.14224645002211772
2016-01-25,13370000.0,-8.3,-0.1,2.563613286264319,6.656487974040159,0.0,0.16597911786435685,0.14763805121421253,0.14672458708646324
2016-01-26,10630000.0,-3.5,3.6,3.5078608908419326,6.201548148476262,0.0,0.18950045472083227,0.17211058873680937,0.1788420359243269
2016-01-27,11630000.0,-1.1,7.0,3.470644012365421,3.5587069249702106,0.0,0.17414513642797316,0.15298741042950267,0.20731289571376793
2016-01-28,3720000.0,0.3,4.8,5.175699093684537,4.390767921725231,1.29,0.11725721614767004,0.11058373128111583,0.12726021955414576
2016-01-29,1730000.0,1.2,2.8,6.883666478411396,6.390108734071825,0.7200000000000001,0.02146881745847556,0.01842547835264365,0.0297677973708176
2016-01-30,4740000.0,-6.2,5.9,5.898254622474897,3.7861768377521585,0.0,0.036541068496091816,0.028846532924071484,0.05704647386118529
2016-01-31,13180000.0,-5.1,3.2,2.564470922886385,6.548739067985552,0.0,0.23846644319717294,0.21773401498171557,0.21763485321278625
2016-02-01,14250000.0,-5.8,2.4,1.7621852622993024,9.23048961867799,0.0,0.35604003628133984,0.3342933786431931,0.2715983552516798
2016-02-02,14790000.0,-6.3,2.9,1.661677250332987,5.863336304471525,0.0,0.25575580247036944,0.23318506096382974,0.2465616209972731
2016-02-03,14900000.0,-4.0,4.5,2.8970157475447986,5.851364203798791,0.0,0.2349042567493112,0.21034105961745345,0.22368652762264177
2016-02-04,11490000.0,-4.2,5.8,3.087847062204028,6.162638821289878,0.0,0.24026918944723877,0.22092848116018318,0.23308862236934513
2016-02-05,15020000.0,-3.9,5.4,2.3674064233860626,6.054889915235271,0.0,0.2795184741445377,0.2542832933266852,0.2687260865234053
2016-02-06,15250000.0,-4.7,3.3,2.2918136934530953,7.14135805128589,0.0,0.28996815778174934,0.2657402136884292,0.24827385361219778
2016-02-07,15380000.0,-3.1,4.7,2.3738048831234844,3.2324671816382065,0.0,0.1893519414879892,0.16346333457285303,0.2127775336312022
2016-02-08,14380000.0,-1.2,7.8,3.4182433954962574,8.197895935654673,0.0,0.3609888196834491,0.33451022731981894,0.3068749216480692
2016-02-09,15620000.0,-1.6,6.6,3.120375268018657,7.656158380213456,0.0,0.3434533509225339,0.3154812843537894,0.29293322393809573
2016-02-10,15510000.0,-0.8,9.9,3.8850668840298215,2.801471557419779,0.0,0.19487647908548777,0.16509557580458362,0.22845345486769048
2016-02-11,12120000.0,2.5,12.9,7.111310019018164,5.159975389948396,0.44000000000000006,0.22244999886968939,0.19680582759382342,0.2303580864286178
2016-02-12,1500000.0,8.4,12.3,12.88194593827549,7.302981410367799,1.03,0.012307960062679748,0.008894615022228759,0.02688154517059898
2016-02-13,5240000.0,2.8,18.1,12.860505584936586,8.491212402136659,0.36000000000000004,0.06291591009439765,0.05096098007192219,0.10282189646717028
2016-02-14,9450000.0,-5.7,2.9,2.7567296184411125,12.633559234902659,0.0,0.3725981326549659,0.3579994981102788,0.2331518071921043
2016-02-15,16920000.0,-4.8,-0.0,2.2410980588629044,9.1556639894734,0.0,0.32659204427620564,0.3015080509856976,0.22284105326590695
2016-02-16,10230000.0,-3.6,4.7,3.459435598914928,8.287686690700179,0.0,0.2778774697625424,0.26081922676607505,0.221394829719675
2016-02-17,17070000.0,-2.2,5.6,3.249316794569764,5.719671096398715,0.0,0.27831137409230233,0.24860657821052495,0.24921373832603771
2016-02-18,14840000.0,-0.5,9.2,4.867403458070543,5.546075636644072,0.0,0.2584847605274749,0.2301769283215218,0.24334875261941233
2016-02-19,15840000.0,0.9,10.6,4.657888107134246,3.3132788611791617,0.0,0.23378747914334666,0.20218272209147248,0.25008553518298415
2016-02-20,13390000.0,-3.5,10.3,3.4863899568992225,8.048244677245497,0.0,0.4506725001945777,0.4259322990765793,0.3373101304999582
2016-02-21,17620000.0,-1.4,5.5,2.8770012729905985,6.027952688721619,0.0,0.3220580244719419,0.2910059654550279,0.2810342903416305
2016-02-22,11850000.0,1.7,8.1,3.8344951410935937,2.5590365187969137,0.0,0.19927514402623778,0.17626146514401267,0.22000402993785279
2016-02-23,16350000.000000002,-2.5,9.3,3.0396196111681033,8.5929752578549,0.0,0.43744089259727925,0.4072316104255632,0.3620548735636394
2016-02-24,12150000.0,-4.2,2.9,2.483292157231576,6.593634445508305,0.0,0.2816322948128521,0.2622912031486451,0.2355082112157903
2016-02-25,17940000.0,-2.4,5.6,2.9364486964218477,6.877971836485741,0.0,0.34560171865116085,0.3144964636634105,0.2829866091501194
2016-02-26,13160000.0,1.2,8.7,5.496094703450747,6.437997136762761,0.08000000000000002,0.2725227269145937,0.2469236573134836,0.23203668637192085
2016-02-27,16379999.999999998,2.0,10.9,5.37911708112658,4.049563052552309,0.020000000000000004,0.2709077549399797,0.23751241024408606,0.2642610039223913
2016-02-28,9890000.0,-2.3,12.4,6.085809603857622,9.658492217728234,0.48,0.37375189060289704,0.35445169242100955,0.2617266517007297
2016-02-29,16890000.0,-4.7,1.4,2.0671189670352463,11.544098073683854,0.0,0.45479943903994463,0.4289711994785331,0.2729710735440325
2016-03-01,19330000.0,-2.6,4.8,2.7787611631481632,5.95312705951703,0.0,0.3283774620501524,0.29547342398188353,0.27245624248780803
2016-03-02,19250000.0,-0.2,11.4,4.6959102734537215,4.1782631347842,0.0,0.30194213863884933,0.2637137643269962,0.29374563645347856
2016-03-03,19040000.0,4.0,15.7,7.256670538532868,3.837058265611278,0.09000000000000001,0.3193081786597626,0.276546823017253,0.31440137205821395
2016-03-04,7100000.0,7.5,14.9,11.695640164255195,3.355181213533731,0.61,0.1343130723609891,0.11780190718971761,0.13377747614289703
2016-03-05,5390000.0,10.2,16.3,14.14166347766841,9.936843558369302,0.9800000000000001,0.14855431869477348,0.13538650441082556,0.1148709934546414
2016-03-06,13810000.0,4.2,16.7,8.08740658013681,4.4296772489116165,0.0,0.30335430745358954,0.2718471350088593,0.3012190946367552
2016-03-07,15510000.0,4.6,17.7,8.807190160373828,4.294991116343358,0.0,0.3258063063679885,0.2897828290047389,0.30800682005564095
2016-03-08,5730000.0,2.8,9.0,3.6368287652784868,7.006671918717631,0.17,0.3775817268904745,0.3660953706791418,0.3442653212988256
2016-03-09,16620000.000000002,-0.6,10.5,3.5672249681759176,8.170958709141022,0.0,0.46741863516305954,0.4350891110923567,0.3827279981422877
2016-03-10,19610000.0,-4.1,6.1,2.3666076964255383,8.904249875345986,0.0,0.4641202982044493,0.43086360934631973,0.3366398525565434
2016-03-11,21520000.0,-3.0,5.6,2.696044744927709,6.366164532726356,0.0,0.3841225220962883,0.3472184480447684,0.3012239682869019
2016-03-12,21310000.0,1.6,8.8,3.4527259883249197,3.2204950809654727,0.0,0.3226234729256453,0.2808370956040352,0.3068358919951867
2016-03-13,11740000.0,-1.5,9.7,4.227784715040654,3.759239611238507,0.0,0.24110585942711427,0.21889610742629798,0.24735832046432624
2016-03-14,19030000.0,1.5,11.1,4.778739455434918,5.605936140007742,0.0,0.38352299290521574,0.3449020044923381,0.33374032857653446
2016-03-15,21610000.0,5.1,13.6,4.865888623271332,2.7924924819152284,0.0,0.3562833491976396,0.3083964765490982,0.35138537816347865
2016-03-16,18330000.0,4.7,16.5,4.663719858725415,3.5557138998020275,0.0,0.39191111205508417,0.3499294414107085,0.4145143134609629
2016-03-17,19990000.0,8.3,18.2,7.136773446082685,4.378795821052497,0.9500000000000001,0.455504181099316,0.40666844686255904,0.4450840258297732
2016-03-18,2370000.0,5.2,12.7,11.662833028528615,3.513811547447458,0.6000000000000001,0.029478088708269106,0.024283329054430786,0.04644836181656275
2016-03-19,20020000.0,4.7,17.8,8.379118617609588,4.725986740561785,0.0,0.4203957053968053,0.3737804739320996,0.3660918166069832
2016-03-20,11870000.0,3.3,13.2,6.951896742714726,4.025618851206841,0.0,0.2613492587433949,0.23583532323981388,0.25541685017157456
2016-03-21,20310000.0,4.8,15.6,7.273943082747143,2.448294587574123,0.0,0.3284848153518295,0.2824485731035771,0.3108110102205407
2016-03-22,21680000.0,6.3,18.1,6.208744601579542,5.013317156707404,0.0,0.5056612677646083,0.45398960809985106,0.48437484281288423
2016-03-23,18890000.0,3.7,15.4,6.690537120766779,5.947141009180664,0.15000000000000002,0.4311263267769707,0.38904037973417843,0.3806004787483022
2016-03-24,15440000.0,2.6,11.1,5.178899400178993,5.258745220498453,0.0,0.3572334456476894,0.3253722206481006,0.3161148955910339
2016-03-25,16010000.000000002,1.6,11.1,6.229445818491071,3.8819536431340307,0.37000000000000005,0.2791189249484586,0.24657726515935127,0.24795658024063263
2016-03-26,19280000.0,1.3,11.9,5.684467634329493,3.5676860004747613,0.05,0.32093791191814897,0.28145084450419033,0.28901237514441924
2016-03-27,21040000.0,3.2,13.8,4.384069098691924,6.443983187099128,0.0,0.5296190734598716,0.48407495267656087,0.45773061945858
2016-03-28,23780000.0,3.9,17.1,5.445688625255573,4.690070438543582,0.0,0.5396124815435769,0.48528879133017355,0.47005679250661414
2016-03-29,17440000.0,6.8,17.4,8.814869161638965,8.239798288009244,0.0,0.5040432669814268,0.46257724632943187,0.4069491263401641
2016-03-30,23080000.0,9.2,20.0,6.189978114182518,3.049892646379012,0.0,0.4852166320519043,0.4271043683818624,0.4892404883192986
2016-03-31,15570000.0,6.6,20.1,7.254514019080317,2.4033992100513704,0.0,0.3704884193753912,0.33236333938680446,0.36798021012150106
2016-04-01,24250000.0,9.0,23.0,7.876278870898752,3.4359928930746864,0.0,0.5913421095933539,0.5284568922173397,0.5363098960531004
2016-04-02,20620000.0,10.1,22.8,10.639722194315262,5.279696396675738,0.0,0.5669071294095268,0.5129464906051026,0.5099329155320994
2016-04-03,3650000.0,9.4,17.2,12.14315406397267,4.0615351532250425,1.75,0.1495992008809761,0.14067196648846442,0.17726811359175704
2016-04-04,7210000.0,7.8,14.0,9.984239307059951,4.259074814325156,0.0,0.20378254979108626,0.18714213054507173,0.19499948104293782
2016-04-05,22710000.0,9.4,19.4,5.496094703450747,5.180926566125681,0.0,0.6217448396703129,0.5648129981111581,0.5970573511168876
2016-04-06,17340000.0,10.5,22.0,9.137477894600886,5.393431353066711,3.89,0.5407082958160639,0.49551324018611587,0.5291641314146684
2016-04-07,8100000.0,7.7,18.2,11.335991455331339,5.136031188602928,0.06999999999999999,0.2508479285072243,0.2311965713934669,0.2506459896900006
2016-04-08,24210000.0,11.0,22.4,8.840508483700715,3.9837164988522713,0.0,0.5774110656253408,0.5137395989020763,0.5502747642309822
2016-04-09,23480000.0,12.5,23.8,9.850717990171713,4.052556077720492,0.0,0.5944661116669983,0.5309735043816797,0.5718962652446834
2016-04-10,22230000.0,7.3,22.1,9.699254424483899,6.288345878353585,0.03,0.687595489168347,0.6315020266789848,0.5249049059197258
2016-04-11,16500000.0,5.0,14.0,6.763152120700615,4.2860120408388065,0.0,0.3713585598166636,0.33464681499107296,0.3332062825166485
2016-04-12,21100000.0,10.7,18.5,9.893159244689393,7.407737291254223,0.48,0.599258237363604,0.546131341200784,0.47249780854615564
2016-04-13,4170000.0,12.0,15.4,15.195446513216481,5.142017238939296,0.5700000000000001,0.09322745365096861,0.08293509316562955,0.07960359515537735
2016-04-14,23910000.0,7.3,23.2,10.332401978218261,6.901916037831207,0.0,0.7920836713112837,0.7310380978081368,0.5608466952348017
2016-04-15,25110000.0,7.0,20.4,9.563594754547717,5.177933540957497,0.0,0.5939020177890229,0.5319257176003265,0.4748461671139534
2016-04-16,14730000.0,11.6,20.8,13.484001732818946,15.919900869568165,3.2100000000000004,0.6636272740668934,0.6252737284945896,0.4230397707783589
2016-04-17,22230000.0,8.1,17.3,6.8037939161076935,10.035613388919359,0.0,0.7795759022090636,0.7259588652958017,0.5770219126097084
2016-04-18,22980000.0,7.5,19.3,7.640635979945722,7.1293859506131545,0.0,0.6534901575036277,0.597156339457854,0.5495956502623356
2016-04-19,25790000.0,6.6,18.1,8.700301736022118,4.217172461970586,0.0,0.5149481594262582,0.453259253250589,0.4313842071167292
2016-04-20,18180000.0,11.8,20.1,10.197696177773826,6.321269155203603,2.16,0.5688231082883085,0.521726809212585,0.4938018430057329
2016-04-21,3760000.0,10.8,15.2,14.502746137796974,3.7083581833793873,0.75,0.07849620906860738,0.06936347180650163,0.08085894691241907
2016-04-22,23670000.0,11.6,25.6,13.02207564531837,5.294661522516655,0.0,0.699250139477695,0.6347122957313303,0.5724820375112035
2016-04-23,12700000.0,9.0,19.7,8.33027084254699,3.7442744853975887,0.0,0.3914555530187106,0.35965272252722136,0.4038712895191585
2016-04-24,23730000.0,8.3,20.9,8.972294492093658,3.432999867906503,0.0,0.5310914267173616,0.4713425525020196,0.4746080404232506
2016-04-25,26360000.0,12.6,24.3,10.48954704835676,2.2746991278194786,0.0,0.567321844990474,0.4956460353950753,0.5248003312225614
2016-04-26,24020000.0,10.4,25.7,11.170880953168755,5.866329329639708,1.07,0.82873765800722,0.7639055478718619,0.6403460875324315
2016-04-27,2780000.0,9.2,11.1,11.522682993487402,9.014991806568775,3.04,0.0934403449848897,0.08714722420862539,0.08209895084193788
2016-04-28,12760000.0,9.0,18.7,9.511443564837634,3.5676860004747613,0.0,0.3523833740747154,0.32078278073180705,0.34581881647208695
2016-04-29,19810000.0,8.5,19.7,10.341241311403861,5.330577824534857,0.0,0.4951178867659637,0.44578337986119765,0.4228392584693994
2016-04-30,26640000.0,9.8,24.5,11.738410789699607,6.728320578076564,0.0,0.8306531547600319,0.7599700812286189,0.6104534116437608
2016-05-01,26860000.0,10.5,25.6,12.289915756706533,6.066862015908004,0.0,0.8392026527307532,0.7667051307392582,0.6284249100728949
2016-05-02,20580000.0,16.6,23.9,17.516342597874335,13.12740838765294,2.42,0.7709673974168411,0.7132079475224529,0.5036751971217256
2016-05-03,9380000.0,12.6,18.7,10.673013594679015,14.471276688167341,1.7800000000000002,0.7262116642866921,0.7020619706048155,0.5022801093710868
2016-05-04,27590000.0,9.6,21.9,8.047148619027654,10.691085900751549,0.0,1.0124084000358489,0.9412282129422376,0.7441878918934659
2016-05-05,25390000.0,15.1,25.6,11.29769964048045,7.596297876849786,0.0,0.8871470723117115,0.8157678315555905,0.7698093472834473
2016-05-06,8320000.0,12.1,22.1,16.2867534816956,7.353862838226919,0.010000000000000002,0.29109104191074603,0.26903728324253545,0.26267152111411785
2016-05-07,27180000.0,10.7,23.2,9.981381914385503,6.575676294499203,0.0,0.7903339486193216,0.7184987384263858,0.649011580463163
2016-05-08,21090000.0,13.4,23.3,11.380809532100251,4.259074814325156,0.0,0.5850536724716634,0.5278127454204307,0.5373897956043623
2016-05-09,18360000.0,16.3,25.1,14.106767867181443,2.912213488642569,0.68,0.5031717844247064,0.451253988220944,0.47349862470111787
2016-05-10,2009999.9999999998,12.0,16.6,13.618597291887447,5.926189833003379,1.85,0.125002397388057,0.11997456218397044,0.15866761983674663
2016-05-11,18890000.0,9.7,22.3,12.514725839860304,4.139353807597814,0.0,0.47287733619356087,0.4238916967612759,0.41208143739781544
2016-05-12,27330000.0,10.9,24.1,12.986017834710662,6.743285703917482,0.0,0.7637333847465597,0.6907291409488319,0.5764202974152711
2016-05-13,19420000.0,9.3,21.5,12.553126182924835,5.136031188602928,0.0,0.48192272092468624,0.4321840576164465,0.40406667618434006
2016-05-14,26230000.0,11.2,23.2,13.63738416098208,4.654154136525381,0.0,0.6099479254530747,0.5402851981448196,0.4940617741071067
2016-05-15,15800000.0,10.4,24.5,17.880229730990283,12.376159070438876,2.5700000000000003,0.47273623447595703,0.43057142249882663,0.31827831886319646
2016-05-16,22520000.0,11.1,20.6,8.938538573195219,6.300317979026319,0.05,0.6817112287053565,0.6234914552858133,0.580998080611266
2016-05-17,28630000.0,15.7,25.5,12.241962574068236,3.4180347420655854,0.0,0.7167528915136774,0.6359280357517664,0.6380345828494948
2016-05-18,28350000.0,13.0,29.0,14.09128299811601,2.939150715156221,0.0,0.7734002934084907,0.692837041794532,0.6310095239195368
2016-05-19,25760000.0,12.3,27.9,13.247604529310014,2.469245763751408,0.0,0.6719945124851792,0.5998804494702702,0.5648227425483978
2016-05-20,28170000.0,11.6,27.5,13.240276177639895,3.4988464216065402,0.0,0.7742411792620891,0.696123442677567,0.6185244680613702
2016-05-21,27880000.0,11.5,27.0,11.500008665129778,4.163298008943283,0.0,0.8339493571879351,0.7570417109942561,0.6672459652381242
2016-05-22,28060000.0,12.1,27.5,12.647821079258971,3.7323023847248553,0.0,0.797948830779864,0.7197982956814021,0.6452911876251954
2016-05-23,25130000.0,17.9,28.0,14.77077873646014,7.033609145231282,0.15000000000000002,0.887693612299409,0.8140738906445533,0.7753468891630545
2016-05-24,3720000.0,13.2,20.4,18.39688599992889,4.11840263142053,2.1,0.0913110105918546,0.0815081914997537,0.10332322389262147
2016-05-25,27710000.0,16.9,27.1,15.685974119437747,3.1845787789472695,0.0,0.7031586416398699,0.623148220596744,0.6086160782676442
2016-05-26,23750000.0,17.4,27.6,16.41903479661152,4.675105312702665,0.0,0.7035612114485345,0.6344546425951275,0.6203962522343212
2016-05-27,23990000.0,18.8,28.8,16.016331228021134,4.037590951879575,0.0,0.7221420927346985,0.6509827004203472,0.6624761996453502
2016-05-28,21950000.0,17.3,28.1,14.989960256317975,2.8912623124652845,0.06,0.6090472291788276,0.5449842535736498,0.5705775402625645
2016-05-29,16219999.999999998,15.2,25.6,14.884074589623753,4.914547326157347,0.06,0.5381592773817118,0.49252148796973677,0.5057370826087085
2016-05-30,28840000.0,16.7,30.3,15.21199171365627,4.555384305975324,0.0,0.901656309736725,0.8164806616548616,0.7670683208727747
2016-05-31,25530000.0,17.6,29.4,15.21199171365627,6.060875965571637,0.0,0.8595214396872777,0.7841214987881799,0.7790986454817335
2016-06-01,27630000.0,14.4,25.7,11.847600887443171,4.830742621448209,0.0,0.7709997302312754,0.6937164655008006,0.6837752657929282
2016-06-02,27900000.0,15.8,28.3,12.417445148535402,3.480888270597439,0.0,0.766343734065414,0.685721974336339,0.7000045905827614
2016-06-03,24930000.0,17.9,29.7,14.002534379234069,4.603272708666261,0.05,0.7954219783925953,0.7214743481134465,0.7573186174883982
2016-06-04,9440000.0,14.7,22.9,15.386673314426945,3.4778952454292558,0.34,0.31504985028374677,0.28921766835774376,0.3137059078676973
2016-06-05,20780000.0,15.6,26.2,15.805405481357644,7.724997959081678,0.04000000000000001,0.7263170547523597,0.6673622413269131,0.6058758499123993
2016-06-06,5130000.0,16.8,22.5,18.255581446735427,2.732631978551558,0.0,0.18896162701602542,0.17471095579650625,0.2022779953163944
2016-06-07,13430000.0,19.0,26.5,19.515873105835873,2.2597340019785612,0.05,0.388173132770758,0.34894696157455857,0.3594023318089091
2016-06-08,12830000.0,18.8,26.2,19.842606075167655,2.4632597134150407,0.03,0.37438905584506427,0.337056959912887,0.3459010699570221
2016-06-09,18270000.0,18.2,28.9,19.006921701010242,3.0229554198653594,0.0,0.5334221978204388,0.47942463134120905,0.4925147118580721
2016-06-10,25150000.0,18.7,31.6,19.46444645719587,5.447305806094015,0.0,0.8524710259554494,0.7764574350284192,0.7331699715441437
2016-06-11,20930000.0,20.4,30.1,22.668801009804515,4.884617074475512,0.22999999999999998,0.6629114714627349,0.5995673716850508,0.5681935457038728
2016-06-12,6880000.0,19.9,26.3,23.931151754191447,1.9933547620102272,0.17,0.21280982174799012,0.19260948552335808,0.2056276918817863
2016-06-13,18080000.0,19.6,27.8,21.47067955704491,3.483881295765623,0.11000000000000001,0.5233657096950337,0.4698136662640791,0.45149999713285427
2016-06-14,17340000.0,19.5,27.8,21.303331583144494,6.8121252827857015,0.1,0.6104086955008097,0.5590855285301868,0.508914071648051
2016-06-15,14010000.0,21.3,27.7,22.157384256111914,9.173622140482504,0.31000000000000005,0.6360886669556043,0.5941194846540708,0.5247662177837467
2016-06-16,20720000.0,16.9,27.8,17.714013251362925,6.132708569608042,0.0,0.6810162221639819,0.6208642558609407,0.5918675346199338
2016-06-17,28710000.0,19.6,31.7,17.0443151935019,4.055549102888675,0.0,0.8628030477070692,0.7754500471008139,0.785869988427853
2016-06-18,26510000.0,20.7,31.7,19.18371598700212,6.662474024376526,0.51,0.9499605597425862,0.8687228083319571,0.8376571330703445
2016-06-19,23960000.0,19.6,31.1,17.274288624668674,4.462600525761634,0.020000000000000004,0.779580591039763,0.7069692061622735,0.7311200711414234
2016-06-20,21840000.0,21.9,33.5,21.979645904535904,3.3282439870200795,1.31,0.700963535145103,0.6327815115209308,0.653856104926494
2016-06-21,6760000.0,20.3,23.9,24.12260970463185,3.80413498876126,0.51,0.20661272279008758,0.18706338592299804,0.17966507737389675
2016-06-22,6030000.0,20.1,24.2,24.509546523201127,3.3910975155519334,1.8100000000000003,0.18211446679825694,0.1646627106165418,0.16278823907702242
2016-06-23,21650000.0,20.5,31.2,22.29006595033471,4.830742621448209,0.8500000000000001,0.7037247800571921,0.6376797214386597,0.6213123690402387
2016-06-24,5790000.0,19.5,24.8,22.83367521022918,5.177933540957497,1.7100000000000002,0.23297726223758586,0.2162201033168345,0.22150333801324912
2016-06-25,22060000.0,16.7,26.7,16.86227388737957,7.279037209022332,0.0,0.7415189502709567,0.6781216267974355,0.6118565618530105
2016-06-26,24620000.0,19.4,28.1,18.60817066156504,4.043577002215941,0.0,0.7086026873189561,0.6356269969833829,0.6074945322787303
2016-06-27,13270000.0,18.5,28.1,20.988512915881913,3.3641602890382813,0.03,0.41645091701003467,0.3773738470558202,0.39056498382672816
2016-06-28,17990000.0,18.6,28.1,19.753971561925063,3.872974567629481,0.05,0.5452808938767123,0.4922656682006883,0.48894187847114734
2016-06-29,11270000.0,18.4,26.5,21.85995240167386,4.115409606252347,0.0,0.35624178200130857,0.3234738890165122,0.3218473646129706
2016-06-30,18260000.0,22.1,29.8,25.215853416812323,6.940825365017593,0.03,0.6528954594720101,0.59711936174371,0.5315320926435876
2016-07-01,5010000.0,22.6,25.8,28.066067597617597,11.936184370715896,2.9000000000000004,0.2292800984452889,0.2143346685116608,0.16838840996323076
2016-07-02,4900000.0,21.4,24.8,27.214530958535327,3.633532554174799,2.59,0.13909355449103109,0.12470668712174375,0.12197819806673507
2016-07-03,2160000.0,20.8,23.1,25.657275953383863,2.8493599601107156,4.68,0.05291413252852919,0.046682168123725686,0.07729561007147774
2016-07-04,2100000.0,21.9,24.8,28.094376223970688,6.1267225192716745,2.41,0.05943488900431302,0.05324634126003006,0.0724544633149471
2016-07-05,13640000.0,24.2,29.6,30.44900906811714,9.694408519746435,0.03,0.5217591702899603,0.47958964073413,0.3774339076191584
2016-07-06,13410000.0,23.0,29.4,29.64569816277913,5.1180730375938275,0.68,0.4228058320755899,0.38171197140352137,0.3332640711853491
2016-07-07,15750000.0,22.6,30.5,27.974236462193378,2.6607993745151535,0.010000000000000002,0.46352648016875264,0.41504648712728365,0.3922595375433383
2016-07-08,21280000.0,22.3,30.7,27.882667745167915,2.9930251681835247,0.0,0.5982694442922163,0.5328089486721181,0.47978225276258585
2016-07-09,23180000.0,22.6,32.5,27.359478886366407,2.502169040601426,0.0,0.6601118171931325,0.5878765838845519,0.5484984665160855
2016-07-10,19230000.0,23.3,32.1,27.763318941844457,2.547064418124179,0.020000000000000004,0.5713421532714571,0.5113082560968768,0.4858473569245289
2016-07-11,12970000.0,23.8,29.7,29.21071042222281,2.385441059042269,1.1199999999999999,0.38715603807866367,0.34713274055277726,0.32840802922013335
2016-07-12,8380000.000000001,22.9,26.9,28.969849489846023,3.657476755520267,1.27,0.2496203173949591,0.2243781799613719,0.20469061123795668
2016-07-13,17050000.0,20.7,30.1,25.383842652837487,4.540419180134406,0.020000000000000004,0.5314829113489272,0.4797780047030014,0.4525244173818811
2016-07-14,18600000.0,20.8,28.9,23.625147401481225,4.785847243925456,0.11000000000000001,0.5780345356981825,0.5220460448005062,0.48385709087156376
2016-07-15,16730000.0,21.1,28.4,22.534148570033683,5.267724296003003,0.32000000000000006,0.5675404608485182,0.5172498275396595,0.49088954088826553
2016-07-16,5890000.0,21.1,24.7,26.238541175900988,3.3282439870200795,0.37000000000000005,0.17156916990504517,0.154326970693039,0.14903040608395185
2016-07-17,17980000.0,19.5,29.4,23.00554250115925,3.8400512907794626,0.0,0.5321313736809553,0.4783068486881876,0.4628079788282271
2016-07-18,20380000.0,21.1,29.5,23.43110500227443,3.0888019735653973,0.0,0.5802392560070768,0.5185183998979068,0.4938200989739183
2016-07-19,16579999.999999998,21.4,29.2,26.285268175407563,3.615574403165698,0.2,0.4825727198214963,0.4323601685805719,0.39887858569155227
2016-07-20,18000000.0,19.4,29.3,23.26846717561552,3.9867095240204544,0.0,0.5292077053995224,0.4753984220985828,0.4555497644333563
2016-07-21,19370000.0,20.4,30.9,23.86353512119498,3.376132389711016,0.0,0.572873102148817,0.5139379707749694,0.5033156286802349
2016-07-22,22150000.0,19.8,30.6,23.89424922002672,3.645504654847533,0.0,0.6265489912154174,0.5595575732057636,0.5284928264396385
2016-07-23,20880000.0,22.2,31.3,25.351461296148397,4.0585421280568585,0.0,0.6464045822224935,0.5819723191276202,0.5517640920913042
2016-07-24,16920000.0,24.1,33.1,29.35017914135424,3.355181213533731,0.0,0.5516846723870993,0.49830286581309363,0.4834408789611301
2016-07-25,15790000.0,24.5,32.7,31.96191671151778,2.636855173169685,0.15000000000000002,0.4840826237374297,0.4342659141745722,0.40560976291400375
2016-07-26,21340000.0,24.3,33.3,29.861569728257418,5.022296232211954,0.0,0.7099602485730825,0.6424797796989896,0.5866603472047645
2016-07-27,19880000.0,25.9,33.4,29.898927244483914,8.036272576572763,0.0,0.8156423608997784,0.7521811725307821,0.6738035630812995
2016-07-28,19390000.0,24.2,33.5,29.54197254043082,6.452962262603679,0.010000000000000002,0.7146039199163436,0.6532548867337128,0.6039523670968905
2016-07-29,19900000.0,25.4,34.2,31.591397267723018,4.289005066006991,0.020000000000000004,0.6700812377978299,0.6064525561289957,0.5647284526747283
2016-07-30,21360000.0,25.1,34.4,30.252085785544796,2.4602666882468576,0.010000000000000002,0.6520131562925162,0.5837532568511594,0.5512325488004151
2016-07-31,21640000.0,24.4,34.2,29.364893805570034,1.607254515314553,0.18000000000000002,0.620540872514004,0.5517267781701813,0.5192374894015513
2016-08-01,21070000.0,24.6,34.8,29.92884260875386,1.9544454348238416,0.27,0.626015116734504,0.5587185478371479,0.5310229766567975
2016-08-02,14180000.0,23.7,32.1,28.918981194190437,1.3947497283735224,1.1900000000000002,0.4125437040378359,0.36816985586665396,0.35727544556025637
2016-08-03,14500000.0,23.4,30.0,29.144848397360473,2.2238176999603585,0.4,0.41447813330396277,0.3697614971868183,0.34662039290877916
2016-08-04,20830000.0,23.8,32.6,28.257635054719184,2.8224227335970635,0.020000000000000004,0.6193896310386421,0.5539753695490325,0.5226067222624323
2016-08-05,20860000.0,24.2,34.0,28.357414935185478,2.7535831547288425,0.0,0.640020344715671,0.5738342520576029,0.5547641031927825
2016-08-06,22780000.0,24.4,34.6,29.10101241036604,3.1576415524336183,0.010000000000000002,0.7066729338719007,0.6340736254126809,0.6050548358375589
2016-08-07,21270000.0,25.8,33.8,28.658602225064712,3.214509030629106,0.010000000000000002,0.6835314787154314,0.615522330017135,0.5921023904024286
2016-08-08,21050000.0,25.8,35.5,29.727419651388423,2.6997087017015393,0.19,0.6738189084939817,0.6059031153936685,0.5902635967732832
2016-08-09,16230000.0,24.1,31.8,27.61650402514517,2.7865064315788617,0.0,0.5080351596147873,0.4572161414447127,0.44855837368323304
2016-08-10,20390000.0,26.1,35.6,29.571576069152314,2.6967156765333553,0.010000000000000002,0.6623049877099523,0.5963822344002595,0.5865885349255132
2016-08-11,24170000.0,26.7,37.1,28.665807249397442,2.6907296261969886,0.0,0.7788806208590207,0.699907416728199,0.692240815442348
2016-08-12,22690000.0,27.1,37.5,27.938986704054404,2.9930251681835247,0.0,0.7706524485959949,0.6962263544327986,0.7096193921388185
2016-08-13,23410000.0,26.4,37.8,25.84099128585739,3.947800196834069,0.0,0.8448871710882695,0.7682477302299996,0.810512906643227
2016-08-14,23610000.0,26.7,37.4,26.641423215403673,4.597286658329893,0.020000000000000004,0.8815047821616071,0.8042481625947996,0.8347442307320392
2016-08-15,19370000.0,25.6,36.1,28.22207373084307,3.576665075979312,0.13,0.6824637856384432,0.6198387865404172,0.6377577291063915
2016-08-16,14220000.0,24.0,31.8,27.749307272043954,2.4572736630786736,0.12,0.4466212760769056,0.40212225485023356,0.4023869222902878
2016-08-17,19530000.0,24.5,33.7,26.479626695824226,2.5410783677878124,0.0,0.6025654830517166,0.5405993090530556,0.540357287625749
2016-08-18,22000000.0,24.1,35.0,25.83441028851711,4.034597926711392,0.0,0.7399856961493265,0.6698337552617238,0.6821883594846027
2016-08-19,23460000.0,24.0,35.0,25.81467608101469,4.073507253897777,0.0,0.7717394995382707,0.696973047542955,0.7014752620866386
2016-08-20,23710000.0,23.5,34.8,24.296689007175903,5.261738245666636,0.0,0.8354992583668182,0.7602284163107311,0.772620977596375
2016-08-21,21100000.0,23.5,34.7,24.78742758803736,5.106100936921093,0.0,0.7641139892772949,0.6971664075378301,0.7198750461950268
2016-08-22,20180000.0,24.5,35.1,25.157930071713075,3.8250861649385444,0.0,0.6987077378423294,0.6341837782404662,0.6650411682770214
2016-08-23,15990000.0,22.3,31.1,24.17844447467893,4.190235235456934,0.04000000000000001,0.5417097756387466,0.4923981196723231,0.504127373429597
2016-08-24,22260000.0,21.5,33.7,21.70689900602156,4.348865569370662,0.0,0.736105285298354,0.666695299577406,0.6962780641508541
2016-08-25,21810000.0,25.3,36.0,21.159221173353874,4.378795821052497,0.0,0.8124537486100621,0.7420858888704976,0.8217655611428876
2016-08-26,10260000.0,20.6,26.7,18.33829933096896,7.713025858408942,0.15000000000000002,0.5679557631364468,0.5375880761053862,0.5446431803910167
2016-08-27,18580000.0,18.2,28.1,16.467773536314763,8.138035432291003,2.7600000000000002,0.7613447738848254,0.7067517428215339,0.6872986091457214
2016-08-28,4450000.0,17.1,20.5,19.36706273778183,8.910235925682352,1.07,0.20099835267829427,0.1888211059017356,0.16701908966282544
2016-08-29,18660000.0,15.7,24.7,14.98587553633036,7.754928210763513,0.0,0.6493972971291505,0.5970707237758531,0.5531387714299877
2016-08-30,15570000.0,19.3,25.5,16.561172717516573,12.011009999920486,0.05,0.8340949029428695,0.7888592009964401,0.6580083012994496
2016-08-31,17830000.0,20.9,27.4,16.966738149519028,12.229500837197882,0.04000000000000001,0.9812043949228503,0.9280528440224313,0.7909123624001057
2016-09-01,19390000.0,21.2,30.0,22.458350576336596,9.23048961867799,2.54,0.7749936275377467,0.7160364978325041,0.6451849257192646
2016-09-02,1210000.0,20.0,22.5,24.52840608358238,3.9627653226749864,8.76,0.02999033375341222,0.026537857839885763,0.0654030389964702
2016-09-03,4130000.0,20.7,24.8,26.112076316035463,2.6607993745151535,0.33,0.11975047389094425,0.10768762303165133,0.11900216674949429
2016-09-04,12610000.0,22.5,28.2,27.742303752629763,3.5676860004747613,0.43,0.36034364149986076,0.32212871815657435,0.2994538752215869
2016-09-05,9440000.0,22.3,26.1,27.784348028283265,1.792822075741931,0.68,0.23957895910949406,0.21141830869563188,0.2023145480016749
2016-09-06,12360000.0,19.8,28.0,24.45931631341966,2.8553460104470827,0.0,0.33720820242844834,0.30049333801140166,0.3011805668439801
2016-09-07,14460000.0,19.3,28.7,22.10565372616794,3.0888019735653973,0.09000000000000001,0.4093852499831481,0.36637119834910903,0.38101430904228023
2016-09-08,19400000.0,20.0,27.6,21.87132715875095,2.538085342619629,0.0,0.4817099108968921,0.4241654252404346,0.41350352391058787
2016-09-09,15650000.0,19.2,26.7,22.804156699163872,1.6102475404827363,0.11000000000000001,0.36501406514787393,0.31916652659242256,0.31279960408392193
2016-09-10,8810000.0,18.2,24.6,23.23245979388397,2.1370199700830366,0.27,0.21051180250449236,0.18531366802649063,0.18742011214568857
2016-09-11,13210000.0,20.4,26.7,22.99365336865248,3.430006842738319,0.79,0.36967840074196207,0.33063582530733565,0.32758839710904397
2016-09-12,8420000.0,17.7,23.8,21.98535986955693,3.669448856193001,0.30000000000000004,0.21831040961995418,0.19448093725179877,0.19283754293465866
2016-09-13,13490000.0,17.8,26.2,21.02695420784076,3.2893346598336937,0.0,0.3514930741787564,0.3125417721263649,0.3174467633797946
2016-09-14,14720000.0,19.1,26.8,22.20345582761386,2.020291988523879,0.0,0.3553226495749633,0.3121995973362256,0.31316710838896894
2016-09-15,14890000.0,20.9,27.6,23.491592994349276,2.116068793905752,0.03,0.37825992798802643,0.3338100304587759,0.33241685076858213
2016-09-16,3520000.0,19.0,23.5,23.88195943572758,3.0409135708744612,4.63,0.10009188121512484,0.09004831492122974,0.1075151278702053
2016-09-17,1820000.0,19.5,21.1,23.17255576589514,6.315283104867237,5.28,0.05061373138795067,0.0455014440632534,0.0671109109394812
2016-09-18,2840000.0,19.1,21.5,20.634485294836953,6.369157557894541,0.13,0.15685784363102534,0.148880428245234,0.17102569343621052
2016-09-19,7610000.0,16.6,21.3,16.081392112583405,9.924871457696568,0.06,0.42379531838063667,0.4029146606915782,0.3582241931596938
2016-09-20,20560000.0,12.5,22.2,13.592333875578532,7.177274353304092,0.0,0.5411268060484676,0.4863643871748998,0.44714403329729213
2016-09-21,13070000.0,16.2,21.9,15.537799056666204,5.369487151721244,0.0,0.39621185277780036,0.3602856760381577,0.36139897648661845
2016-09-22,8189999.999999999,14.8,22.4,17.87069495202709,3.2444392823109407,0.0,0.21346928874487453,0.1911387040265506,0.2104479664990082
2016-09-23,14390000.0,16.7,24.2,18.921566398777788,2.8523529852788987,0.0,0.332015850344719,0.2914931626406057,0.2981555171121495
2016-09-24,15110000.0,16.1,25.7,19.2802919507281,2.4901969399286927,0.0,0.3407201696877239,0.2978516792710492,0.31168758177259404
2016-09-25,11530000.0,17.5,25.5,20.52661071887746,2.041243164701164,0.020000000000000004,0.27341167144757395,0.24038111166147566,0.256226986727654
2016-09-26,8940000.0,20.7,26.3,24.749373321276117,1.1882309917688594,0.05,0.21796351877884973,0.19156024922781437,0.19912797575450808
2016-09-27,13200000.0,20.5,28.7,25.933279151216706,1.8826128307874368,0.06,0.32277939872774974,0.2831818855855062,0.2819744649632797
2016-09-28,7650000.0,17.3,25.0,22.094172412697567,4.5673564066480585,2.25,0.2174793012901302,0.195686924924666,0.20642021648882486
2016-09-29,5240000.0,15.9,19.6,16.068361418241512,4.348865569370662,0.34,0.20002647606873883,0.1859626691240727,0.20817921010676663
2016-09-30,2400000.0,15.9,18.0,18.642766310754375,2.2507549264740105,1.6500000000000001,0.05071269020402639,0.044369625286327874,0.07341503750694045
2016-10-01,9270000.0,18.0,23.5,21.126086350337832,1.7449336730509948,0.37000000000000005,0.20733973378656892,0.18110467335274466,0.192266533291198
2016-10-02,8680000.0,20.7,25.7,24.315405329237084,4.89958220031643,0.0,0.2668666092738777,0.2413436034521465,0.24008554163618284
2016-10-03,9630000.0,18.7,26.8,24.427968145511585,4.300977166679725,0.0,0.2562379924578312,0.2281108123670344,0.23155614389821783
2016-10-04,14750000.0,18.4,25.6,20.591276056975556,9.317287348555311,3.08,0.4986479734150879,0.45605852157870724,0.4001643198791836
2016-10-05,4380000.0,14.8,22.1,18.687329231564384,8.206875011159223,5.63,0.19088396093474594,0.178974247504251,0.18549582231644343
2016-10-06,18900000.0,17.6,23.6,17.85640113978901,4.986379930193752,0.0,0.4514807986182786,0.39812453686836163,0.385325081555444
2016-10-07,8930000.0,16.9,21.7,17.951882816867183,3.525783648120192,4.0,0.23438060405816502,0.20972524260550762,0.22744130334185578
2016-10-08,3110000.0,10.1,19.2,12.72898182441389,6.7193415025720125,1.2300000000000002,0.21262556814698966,0.2047865208072503,0.241277227336583
2016-10-09,18930000.0,9.0,17.0,9.774727762013185,5.519138410130419,0.0,0.3850600253363449,0.3390805794928179,0.34106952684763026
2016-10-10,12830000.0,11.1,18.8,12.595135573237695,3.412048691729218,0.0,0.2586891205236961,0.22614042303169657,0.25209818217994273
2016-10-11,12270000.0,10.6,20.5,12.355259226732398,4.860672873130044,0.0,0.3089241630446133,0.2773994774494125,0.312928745431818
2016-10-12,16600000.000000002,12.6,20.4,13.361650659340608,3.726316334388488,0.0,0.3279162501731524,0.2844321235360746,0.30860323648713084
2016-10-13,13670000.0,11.4,20.8,12.623210449137508,2.3225875305104147,0.0,0.25662703177302626,0.22110561687032093,0.26430773233594046
2016-10-14,17300000.0,10.4,22.2,12.903417703098246,2.1579711462603215,0.0,0.28825803410810746,0.24312172646113606,0.28975598318074713
2016-10-15,13840000.0,12.2,22.7,15.741325546104688,2.915206513810753,0.0,0.2620916680938343,0.22515742772905675,0.2573619918348721
2016-10-16,2390000.0,15.3,18.5,18.313936515144448,1.5653521629599834,3.38,0.05121859415601927,0.044908146934346416,0.07605315919791703
2016-10-17,11720000.0,11.7,23.3,16.269186801991754,4.405733047566148,0.0,0.25542314965442925,0.22411653650736113,0.26080266553024384
2016-10-18,9570000.0,13.5,21.9,16.79896347989134,3.432999867906503,0.0,0.20744498893110513,0.18178403722814068,0.20894697718251135
2016-10-19,13980000.0,11.3,22.2,14.722455616730986,3.7233233092203046,0.0,0.2713628829631793,0.23455958795586565,0.2726241357632005
2016-10-20,12510000.0,15.5,22.9,15.174787226056795,6.910895113335759,0.0,0.4105193516238275,0.3760407193702192,0.39387220526778133
2016-10-21,5720000.0,13.6,17.4,13.59608306565746,4.4326702740798,0.020000000000000004,0.18905705803927197,0.17437626721013438,0.2004098101361071
2016-10-22,7530000.0,15.2,20.0,15.03086124257255,4.495523802611654,0.0,0.2338285477369991,0.213675930004719,0.244956287516548
2016-10-23,4300000.0,9.2,15.5,10.840849924673426,7.296995360031433,0.0,0.2227372076864854,0.21245173670721526,0.21916233756280884
2016-10-24,13170000.0,11.6,18.3,11.778013421827099,4.3368934686979275,0.0,0.27713598784776766,0.24372473718762472,0.27830384944913755
2016-10-25,5900000.0,10.5,20.1,15.88690190546196,5.534103535971337,0.53,0.13212780455568734,0.11704839372999018,0.14315895121769734
2016-10-26,13320000.0,8.4,20.2,11.422565840809884,4.3309074183615595,0.0,0.2651166508410267,0.23179786232439362,0.2896170690334262
2016-10-27,5360000.0,13.6,18.0,13.739227228712766,5.153989339612029,0.77,0.20163677105197325,0.18779409499891908,0.214675835835583
2016-10-28,1580000.0,9.6,15.9,13.090827979025375,6.15665277095351,0.6000000000000001,0.08114746360106778,0.07733213946120189,0.11531565314146838
2016-10-29,4590000.0,3.7,14.0,8.644770400928207,5.701712945389614,0.0,0.16453509970709335,0.1545020826878427,0.18763875328897472
2016-10-30,15360000.0,7.2,13.7,5.930657810948904,3.3731393645428325,0.0,0.25997334234823255,0.22492988335105255,0.29584681122427947
2016-10-31,3830000.0,1.4,12.5,6.494385457708881,5.929182858171562,0.0,0.20246875590225613,0.19454170014008454,0.22868697949968492
2016-11-01,15550000.0,-1.9,8.3,3.8529288355991445,6.952797465690328,0.0,0.29636463528180684,0.26782987385295365,0.2729728072363241
2016-11-02,15010000.0,3.1,9.8,5.21260853742272,5.261738245666637,0.0,0.26285915877818494,0.23225695341277816,0.26228079379140723
2016-11-03,10230000.0,3.3,12.8,8.075547598690143,2.612910971824217,0.0,0.1337457690513914,0.11188163634429431,0.15532798573770457
2016-11-04,13890000.0,4.6,15.9,9.225067641663822,3.8191001146021777,0.0,0.19127652115555474,0.15975118769466257,0.2125611053626249
2016-11-05,12460000.0,9.2,19.3,11.917549723653543,5.150996314443846,0.0,0.24743630534508404,0.21630302307619606,0.26441130113800176
2016-11-06,4770000.0,7.6,13.1,10.335347683093891,5.839392103126056,0.0,0.14119253557010145,0.1303380983414673,0.14551652682701696
2016-11-07,10110000.0,8.4,16.4,10.99543984018898,3.60958835282933,0.22999999999999998,0.169984504845294,0.14577279030293683,0.1888377714108199
2016-11-08,12160000.0,-0.9,10.6,4.662261314697486,9.466938606964488,0.0,0.3512311771550753,0.32765359077941125,0.30559768805850607
2016-11-09,13730000.0,2.4,9.9,6.282415423036201,4.166291034111466,0.0,0.176517803471673,0.14878102373498897,0.18925256156558973
2016-11-10,7490000.0,4.3,13.9,9.273155075403169,3.3372230625246297,0.09000000000000001,0.11742013626626793,0.1009352024025151,0.143596003563091
2016-11-11,9840000.0,5.5,13.7,8.02826495420987,3.1576415524336183,0.0,0.15829508823903043,0.13634263222216733,0.19051540414924256
2016-11-12,10320000.0,8.5,16.7,10.10779081229935,3.3701463393746485,0.0,0.1791243675703173,0.15429202083479618,0.212180859707325
2016-11-13,8500000.0,10.6,18.1,13.55489190283824,2.1938874482785233,0.010000000000000002,0.12356480464600002,0.10227944565563316,0.1420922581022267
2016-11-14,4520000.0,8.5,18.3,13.539940505422695,4.444642374752534,0.0,0.10423338227873949,0.09315292720620263,0.13457719659716588
2016-11-15,12940000.0,2.8,12.3,5.337876565250499,6.5038436904628,0.0,0.2936420473862861,0.2663818835545305,0.308559241092763
2016-11-16,10380000.0,3.5,13.0,5.465801750877033,4.456614475425268,0.0,0.22801565562828835,0.2057043961062015,0.27608156048904836
2016-11-17,11900000.0,5.5,14.9,8.07317764436489,2.9630949165016895,0.0,0.1589072230812209,0.13193374781021136,0.20087438860334136
2016-11-18,8230000.0,8.8,17.1,13.011249074171126,2.807457607756146,2.27,0.10709641960266932,0.08712967033770347,0.12604344371375467
2016-11-19,5620000.0,11.3,17.1,14.439373682079236,2.4453015624059398,0.0,0.08769534522585118,0.07366836978192157,0.104922462173008
2016-11-20,11310000.0,7.0,16.5,9.814065388970683,4.90856127582098,0.0,0.19581637742129027,0.16915343490877138,0.22804840628891715
2016-11-21,9620000.0,6.5,17.7,11.548644664736594,3.211516005460922,0.0,0.12437955271060815,0.10150666746564307,0.15929332049931716
2016-11-22,7910000.0,1.6,8.7,3.8603242991838305,9.775220199287393,0.0,0.4047865431916889,0.3893007370058555,0.33536857634427825
2016-11-23,7780000.0,-2.5,6.5,3.249316794569764,9.583666588523647,0.0,0.33612254301091304,0.322436312812432,0.27745423153237747
2016-11-24,12540000.0,-2.4,3.7,2.7898355383511038,8.589982232686715,0.0,0.2970670362044149,0.2760777343568771,0.24877063690241102
2016-11-25,11010000.0,-1.7,6.5,4.495787776886289,5.174940515789314,0.0,0.15625003842700633,0.1366031303634524,0.17360392102692293
2016-11-26,4139999.9999999995,-0.4,5.1,5.7754881490956,3.145669451760884,0.37000000000000005,0.06923383838794475,0.061859266398771165,0.08725920695058384
2016-11-27,8020000.0,-0.3,8.6,6.165656662800437,5.6687896685395955,0.0,0.12901848249704614,0.11382098396240133,0.14513943282297065
2016-11-28,11920000.0,-2.4,7.3,4.048064626681603,6.138694619944409,0.0,0.19622719359440816,0.17491872866922814,0.21241994024800767
2016-11-29,11650000.0,1.4,8.4,5.62908790086093,4.0106537253659225,0.0,0.13357044776975951,0.11094518540875335,0.16358919810742253
2016-11-30,3550000.0,2.5,11.1,9.003553494097895,3.1845787789472704,0.13999999999999999,0.051599034247909716,0.04428439981432879,0.0763853270557697
2016-12-01,9800000.0,-2.7,10.4,4.276168728771634,7.814788714127184,0.0,0.30236998639962326,0.28398468942414434,0.277154392187842
2016-12-02,11650000.0,-0.4,7.8,4.231798095107634,5.692733869885064,0.0,0.19828494220421208,0.1765391358709769,0.22181210130435453
2016-12-03,10710000.0,1.9,11.2,6.310955456583813,1.227140318955245,0.0,0.07263389611119464,0.05073208623177363,0.10946812661830159
2016-12-04,4850000.0,3.7,9.2,6.250208031483561,2.8912623124652845,0.0,0.11106986402204048,0.1011817430345506,0.14623997599880384
2016-12-05,9000000.0,-0.8,14.1,6.244539551741691,7.88063526782722,0.0,0.327615009989568,0.30915438532967304,0.2779259943279489
2016-12-06,11570000.0,-1.1,5.0,3.0088296080163297,5.444312780925832,0.0,0.2040613372108273,0.18374450768314943,0.22622747222467748
2016-12-07,7070000.0,-1.0,7.4,5.392373471610833,2.8104506329243297,0.0,0.08368282354895147,0.07070914102149213,0.11721587471960367
2016-12-08,10380000.0,0.8,8.4,6.095046924324923,3.2204950809654727,0.020000000000000004,0.09286000532558926,0.0728966565575149,0.1260892247095084
2016-12-09,10430000.0,-3.3,7.3,4.241175787389285,7.347876787890552,0.0,0.195559358593567,0.17721136618095032,0.20372559848249008
2016-12-10,11470000.0,-3.4,6.0,2.9822386896011155,5.249766144993902,0.0,0.18549108043121065,0.1658214833414833,0.21891584028915245
2016-12-11,11450000.0,-1.0,6.7,4.3909787259371225,2.178922322437606,0.0,0.08219791375787278,0.06144002280401898,0.12485235110508688
2016-12-12,6010000.0,1.1,8.6,6.724741238339165,1.643170817332755,0.0,0.05620656560384977,0.04455349865337764,0.08522054348466103
2016-12-13,6580000.0,0.9,9.6,6.297622543242866,5.381459252393977,0.020000000000000004,0.136161861866057,0.12323867054232455,0.16227757922134153
2016-12-14,4030000.0000000005,-1.2,2.8,5.303451057964703,6.273380752512667,0.0,0.0858317783190958,0.07904822267098145,0.08494923029508211
2016-12-15,11250000.0,-4.5,1.8,2.3332770259587408,10.260090276533122,0.0,0.30895228997806984,0.29153776782551816,0.2340232580237605
2016-12-16,11470000.0,-3.4,2.2,3.071696234841631,6.3092970545308695,0.0,0.17332860309536263,0.15503393044946154,0.17530313666350678
2016-12-17,10560000.0,1.2,8.9,5.717576917843176,2.732631978551558,0.0,0.09317491040787897,0.0725672164947615,0.13555674340933216
2016-12-18,9550000.0,2.8,9.4,6.506127100994935,1.4695753575781105,0.08000000000000002,0.06560478659321996,0.04634196469679325,0.10034467789957927
2016-12-19,3420000.0,5.1,10.7,9.71877212127826,2.071173416382999,0.96,0.04313241304798033,0.0358543283133057,0.06518802570212326
2016-12-20,8450000.0,2.5,13.7,8.894565175827552,2.9152065138107526,0.0,0.07691077533454972,0.05882518383378982,0.11831272957536487
2016-12-21,4680000.0,5.6,16.3,13.739227228712766,5.492201183616768,3.41,0.03527441502739839,0.02445942529893712,0.03682238583267546
2016-12-22,3710000.0,2.1,12.2,7.226530718922997,8.919215001186902,0.010000000000000002,0.21547133460359427,0.20774688255246382,0.21565032536755702
2016-12-23,5920000.0,-3.6,3.7,3.877629378140869,9.311301298218945,0.0,0.20546233220958193,0.1957776655467959,0.16999316789300997
2016-12-24,10470000.0,-1.1,5.5,4.690042871377711,3.8699815424612973,0.0,0.10415321815993739,0.08560238173849596,0.134008745146203
2016-12-25,9210000.0,1.2,9.9,7.8925236786069135,2.2567409768103777,0.0,0.05359541202932674,0.03533412559344748,0.08113806179279515
2016-12-26,1200000.0,1.3,6.6,7.697251454173199,5.983057311198866,1.51,0.024064867955095267,0.021806044344896646,0.047290125772810006
2016-12-27,10070000.0,-4.5,3.3,2.7852164548742278,9.242461719350723,0.0,0.2682467912761194,0.25218512139432137,0.22269882672401753
2016-12-28,11490000.0,-3.0,5.4,3.4841366602161465,4.1543189334387325,0.0,0.13430268291406913,0.11467144974063972,0.1722439530950462
2016-12-29,11020000.0,-5.0,1.4,2.391480098611292,7.832746865136284,0.0,0.2292867165718461,0.2125380674179075,0.2030571040884248
2016-12-30,11420000.0,-2.7,3.6,3.0286622248881403,5.6179082406804755,0.0,0.1800735766272156,0.16110314542481474,0.19491595643825635
2016-12-31,8150000.0,1.4,6.3,5.8072942741267095,4.007660700197739,0.0,0.10210596329759218,0.08681614999655615,0.12394469673317772
2017-01-01,10460000.0,-0.8,9.2,6.005053446709745,6.509829740799166,0.0,0.14438882195003894,0.12453472218383607,0.16386446032141833
2017-01-02,8910000.0,-0.5,12.0,7.056414341440281,9.257426845191642,0.0,0.19124781271437755,0.1734701368726983,0.1921171684174886
2017-01-03,11110000.0,-1.0,8.5,5.066355102102547,7.719011908745308,0.0,0.2061840187972334,0.18541114048809398,0.2079146148247178
2017-01-04,10010000.0,-0.8,9.8,6.019665508469253,4.866658923466411,0.0,0.12436644220957352,0.10517759750398123,0.15895847896344317
2017-01-05,3680000.0,-0.1,8.1,6.543432839119702,8.287686690700179,0.0,0.13106673663618668,0.12412808477955994,0.12849233387778058
2017-01-06,9350000.0,-2.3,8.7,5.786073026812613,5.189905641630232,0.0,0.11201930832372713,0.09486175080862887,0.14114480938503488
2017-01-07,8760000.0,2.1,8.6,6.826238747342663,2.8433739097743485,0.12,0.08413356028136619,0.06687401985614819,0.11128325470108089
2017-01-08,7010000.0,3.3,11.7,7.9251020175572675,6.734306628412931,0.03,0.1560112578723988,0.1412650935527468,0.1688877980486906
2017-01-09,8500000.0,-3.2,7.6,4.334603625089808,11.696742357261215,0.020000000000000004,0.2996692594459632,0.28460888603791623,0.23598311790820134
2017-01-10,11350000.0,-6.9,3.9,2.5210554691353035,13.384808552116722,0.0,0.37825270256482957,0.36078987254805056,0.2531167197909406
2017-01-11,11730000.0,-4.6,2.4,2.996985518509216,8.80548004479593,0.0,0.23553281716285562,0.21719160895253461,0.1938935045590186
2017-01-12,7940000.0,-5.6,6.8,3.2061687345903347,11.433356142461063,0.0,0.3589102813784197,0.3456454790337758,0.26810415124614456
2017-01-13,9620000.0,-6.4,5.2,2.8960598779659303,12.298340416066102,0.21000000000000002,0.3475984964890071,0.3322545774956707,0.25298037391125433
2017-01-14,12360000.0,-8.6,-2.7,1.2552334072559912,14.623920971744703,0.0,0.4196154169492031,0.4037397923594737,0.22764512112791543
2017-01-15,12490000.0,-6.9,1.5,1.720868213582095,8.604947358527633,0.0,0.29004922361668106,0.2717649751319711,0.23954109808877236
2017-01-16,12450000.0,-5.8,3.8,2.053003205627694,4.69605648887995,0.0,0.18533265828126286,0.1657875847979383,0.2130750706080006
2017-01-17,9900000.0,-3.4,6.2,1.925119044046327,3.364160289038282,0.0,0.17487976850433304,0.15783990827324565,0.22723090907375237
2017-01-18,10520000.0,-4.5,5.5,3.836948437322447,5.198884717134782,0.0,0.15173981789122504,0.13423122105505142,0.16876494224258384
2017-01-19,12270000.0,-3.0,7.4,3.8763910226659535,3.7323023847248553,0.020000000000000004,0.14635342713765587,0.12461333517098097,0.1837913191376156
2017-01-20,9130000.0,-6.6,1.5,3.2019865444980926,13.103464186307471,0.06,0.2580608526731548,0.24461052028405444,0.16328052850894834
2017-01-21,11870000.0,-6.6,2.5,3.1780328649103793,9.203552392164339,0.04000000000000001,0.2136072886637872,0.19575169787940255,0.17082394739762846
2017-01-22,10980000.0,-8.3,-1.8,2.0368763153489784,14.091162491808035,0.0,0.3295630633210963,0.31506542918385544,0.18366683897663205
2017-01-23,13280000.0,-7.5,-1.7,2.0480830197037676,11.606951602215709,0.0,0.2945292607706892,0.2766341189364594,0.18564531495523576
2017-01-24,13380000.0,-6.5,0.6,2.1035063676686203,7.946481821527258,0.0,0.25005957741812473,0.23067923271248195,0.20494508828948135
2017-01-25,13630000.0,-6.6,2.8,2.060050313213624,6.755257804590215,0.0,0.2445479578843977,0.2239175108905148,0.22765202026124337
2017-01-26,13380000.0,-2.8,7.9,2.663044008752043,8.006342324890928,0.04000000000000001,0.3524656363264744,0.3284626181774165,0.3250224613294255
2017-01-27,12840000.0,-5.6,4.0,2.5499257631044814,9.28137104653711,0.0,0.31129815795756943,0.2909796708494927,0.2478234328501537
2017-01-28,13350000.0,-2.4,8.4,3.258857071621102,2.3465317318558836,0.03,0.14301367222296718,0.11868467409548564,0.1886988707980368
2017-01-29,3780000.0,-1.7,7.8,6.5159261310031065,7.1742813281359075,0.22999999999999998,0.09812381984486543,0.09122321659354772,0.10438027264763747
2017-01-30,12540000.0,-7.3,1.1,2.363415186994372,10.110439018123946,0.0,0.28421312593249115,0.2661655324221503,0.2027653503597774
2017-01-31,13960000.0,-4.6,4.6,1.6321951014469636,6.46194133810823,0.0,0.3043518934192811,0.28155840243573127,0.29137117353605657
2017-02-01,12820000.0,-6.4,3.9,1.9451443553454613,12.92388267621646,0.0,0.46865657460923893,0.4487315048102847,0.3025139994282283
2017-02-02,14680000.0,-3.4,5.0,2.9842011997268605,10.783869680965239,0.0,0.3814301893928635,0.35671986757789614,0.2730813821186081
2017-02-03,14130000.0,-1.2,8.3,3.8529288355991445,7.347876787890552,0.0,0.3057243717312786,0.2794831255350036,0.2800192559020079
2017-02-04,13350000.0,2.6,11.5,5.12314620861614,3.1277113007517836,0.2,0.1969984274665622,0.16928518974851364,0.23393918853114765
2017-02-05,8440000.0,-2.6,10.8,5.293651362920465,11.84639361567039,0.06999999999999999,0.3847825195556749,0.36881571317689377,0.2671173073724854
2017-02-06,14930000.0,-5.5,4.6,3.0426140969712425,9.478910707637223,0.0,0.30793038945759144,0.28397618220469306,0.2353589356657205
2017-02-07,14110000.0,-1.4,7.5,3.753109752930301,2.5769946698060147,0.0,0.16272359025445274,0.13696498922903136,0.18957382342523849
2017-02-08,9040000.0,-3.9,5.7,2.9910790276921664,9.541764236169076,0.010000000000000002,0.3447982168183857,0.32952437879585694,0.27052008126111315
2017-02-09,15210000.0,-6.6,1.7,2.1426551786391075,15.6415495289271,0.0,0.49007069519146496,0.46756897763421906,0.258906115026306
2017-02-10,13170000.0,-7.1,-0.1,1.953206328561714,15.49489129568611,0.0,0.45826482867373136,0.4397153888793208,0.23590690520798868
2017-02-11,15710000.0,-5.3,2.6,2.6068091182338256,11.816463363988555,0.0,0.38537372404741277,0.3610553113348273,0.24357249511234635
2017-02-12,15930000.0,-5.1,4.8,2.9822386896011155,7.8267608147999175,0.0,0.2928262857523476,0.2669668022792919,0.2394475281817939
2017-02-13,15910000.0,-3.3,7.6,3.753109752930301,6.671453099881076,0.35000000000000003,0.2797352335459988,0.2515960843153687,0.2536324095137692
2017-02-14,16230000.0,-4.1,7.3,3.0596324227273386,6.904909062999391,0.0,0.3118005167303991,0.28366014390703304,0.2814056492437313
2017-02-15,16230000.0,0.1,11.0,3.2876273648147634,5.2078637926393325,0.0,0.3297872496486626,0.29760693706947466,0.34493698509539616
2017-02-16,15560000.0,5.5,14.5,8.18763018840362,10.655169598733348,0.15000000000000002,0.41826059846102914,0.38317589627226306,0.3202607002348798
2017-02-17,14310000.0,-5.7,9.4,2.9210038219527137,12.513838228175317,0.0,0.7114149937829273,0.6863772815396574,0.3695180108924372
2017-02-18,17100000.0,-5.0,4.3,2.3395933133072555,9.80814347613741,0.0,0.4043106909650258,0.37676726423154583,0.28870711109153413
2017-02-19,14720000.0,-0.1,9.8,5.876739580611262,8.679772987732221,0.9199999999999999,0.2950652519611404,0.2665239631905997,0.2337539311357994
2017-02-20,13820000.0,-6.5,7.7,2.84956434863823,11.119088499801794,0.0,0.5398417088633531,0.5167536020115926,0.3173385311595714
2017-02-21,17110000.0,-1.2,8.1,4.448002755142022,4.205200361297853,0.03,0.2361261747484412,0.2044586649006892,0.22705578000363186
2017-02-22,2040000.0,-1.7,6.1,7.130400052081768,7.656158380213456,1.31,0.01866203692965373,0.015047547311722448,0.03601655936882894
2017-02-23,13580000.0,-5.1,4.7,3.027667841721868,12.687433687929959,0.0,0.4201201865095385,0.3981182718775894,0.2617984159577841
2017-02-24,17910000.0,-4.0,5.5,2.867513850634413,8.215854086663775,0.0,0.36560053182627744,0.3355098468430725,0.280806646741163
2017-02-25,17940000.0,-2.6,8.7,3.8173610001879745,7.335904687217819,0.0,0.3515766143886883,0.3188261322911646,0.2960228258639045
2017-02-26,17160000.0,-1.0,9.3,5.275726876249485,5.8543572289669745,0.0,0.2711799312357439,0.2386625902314416,0.23543534389946955
2017-02-27,15120000.0,1.4,11.0,6.286214156619177,3.807128013929443,0.0,0.22775248903636042,0.1971606944340457,0.21994939455643245
2017-02-28,18370000.0,1.4,11.9,4.951365350263102,3.2893346598336937,0.0,0.2741313733456575,0.2364511872342941,0.2800893486399697
2017-03-01,14940000.0,1.8,12.8,5.882111823409968,5.881294455480626,0.5599999999999999,0.3235212459730158,0.29227725484134925,0.304384956796592
2017-03-02,16140000.0,-2.5,9.2,3.9513164908570753,11.280711858883704,0.010000000000000002,0.46827995533062367,0.4385096322913954,0.32953357974970376
2017-03-03,18760000.0,-0.0,11.9,4.272118061415699,5.653824542698678,0.0,0.36978964955141647,0.332124935961325,0.3479658241142532
2017-03-04,18070000.0,2.4,13.4,4.843216154633988,3.570679025642945,0.0,0.31414352505292037,0.2756888492764377,0.32533676609165413
2017-03-05,15030000.0,-0.0,13.9,5.516372451004416,7.751935185595328,0.0,0.46712721308605554,0.4360192109697529,0.3566570066241187
2017-03-06,19730000.0,-4.0,6.5,2.6879842391229447,11.49022362065655,0.03,0.5257307563771929,0.49195869277802046,0.34070828607721493
2017-03-07,18590000.0,-4.0,4.7,2.6586121212426232,12.292354365729736,0.010000000000000002,0.5129338535987373,0.4821702543447074,0.30773412504407777
2017-03-08,14790000.0,-2.4,5.5,3.401668319594094,11.340572362247375,0.0,0.4442068513048095,0.4186100020909988,0.28348590741392743
2017-03-09,19700000.0,-1.7,12.1,3.8763910226659535,11.310642110565539,0.0,0.7088241824207718,0.6701948237518033,0.4296489689078539
2017-03-10,20380000.0,0.6,12.0,3.6886349749442897,7.671123506054374,0.0,0.5070516173364569,0.46569083205771566,0.42606611992683235
2017-03-11,20190000.0,3.7,14.9,4.265374508101247,3.8400512907794626,0.0,0.3908328405761914,0.34615325139025827,0.4030836087739999
2017-03-12,19330000.0,2.9,17.5,5.447362213800909,5.091135811080175,0.0,0.5297422436766529,0.4859273464507189,0.44671971276918265
2017-03-13,19600000.0,5.9,14.4,6.238875617254123,5.938161933676113,0.0,0.45040000836868044,0.4060312431835076,0.39810208287088517
2017-03-14,19280000.0,-0.3,12.5,5.210998946940062,6.575676294499203,0.05,0.4168224039525737,0.3779336912653373,0.33760415511441627
2017-03-15,21140000.0,0.1,12.3,4.768315528489181,6.7672299052629485,0.0,0.4431418562697256,0.4003699952979707,0.36718836360442225
2017-03-16,17230000.0,0.4,14.2,4.477463581333102,5.57899891349409,0.0,0.4710555008673426,0.43502243746716757,0.3954833640136549
2017-03-17,21330000.0,3.9,15.5,4.546879027794746,3.941814146497702,0.0,0.4197436090749756,0.37203013498490506,0.42140042087959806
2017-03-18,15570000.0,1.4,16.1,3.6957499626321635,6.1716178967944275,0.0,0.6234837899174445,0.5895443742659359,0.493571853742394
2017-03-19,21500000.0,3.2,18.0,6.399194203534083,5.300647572853022,0.0,0.5565356942900828,0.5072936910792766,0.44640241781756557
2017-03-20,12190000.0,5.7,16.4,8.240564275326742,5.01032413153922,0.15000000000000002,0.32277865572231623,0.2945374625859082,0.31637413996464575
2017-03-21,21550000.0,2.8,14.9,5.459090083667046,7.40474426608604,0.010000000000000002,0.5329179204235861,0.4858130148103288,0.4428686535581095
2017-03-22,20030000.0,5.1,14.7,4.140339899048998,5.788510675266937,0.0,0.5250542846191681,0.48000984251607626,0.4872153329796481
2017-03-23,19550000.0,5.2,16.3,5.124731752364099,8.3206099675502,0.0,0.6356085661095008,0.5906600787021122,0.5375798879241263
2017-03-24,12790000.0,6.1,13.7,6.023323432961965,5.204870767471149,0.09000000000000001,0.3796904431495657,0.3509276665894786,0.3598318243781577
2017-03-25,8240000.0,3.8,10.5,8.228507364705662,3.1546485272654348,1.1300000000000001,0.15438750868831339,0.1372313132971233,0.14542774091598126
2017-03-26,11850000.0,0.6,10.8,7.192220614930944,4.321928342857009,0.36000000000000004,0.20420534514313457,0.18059859436698758,0.18093167680991168
2017-03-27,19790000.0,0.7,12.7,6.034309002699918,8.371491395409318,0.44000000000000006,0.44597432493309225,0.4053202181615133,0.3365303288002707
2017-03-28,21340000.0,4.2,14.3,5.5367163715860945,5.638859416857761,0.06,0.4796060095256231,0.43244563893247073,0.41713924491090076
2017-03-29,16250000.0,3.2,14.2,8.082661145048567,4.998352030866486,0.0,0.3128733628487974,0.2775008651541192,0.26830659649750005
2017-03-30,22460000.0,8.3,18.8,7.3892934681275175,7.629221153699804,0.11000000000000001,0.6538303282313365,0.5985827090242689,0.5522776515389944
2017-03-31,10370000.0,5.3,11.8,8.39627492850151,6.405073859912743,0.6400000000000001,0.26282132249346984,0.24034249654479653,0.21255818272573013
2017-04-01,16840000.0,0.8,12.0,7.974192027672042,5.285682447012104,0.55,0.26201602362862964,0.2277350668825525,0.20216052831159312
2017-04-02,22600000.0,2.5,15.2,4.751975763820474,7.895600393668138,0.010000000000000002,0.6494819824746528,0.6000819422491487,0.5003694962177823
2017-04-03,24160000.0,7.0,19.9,4.926808783930218,7.92253762018179,0.0,0.8479472367393516,0.788653060608994,0.6932596934735736
2017-04-04,23200000.0,10.6,22.2,7.170849923565592,5.498187233953134,0.0,0.6589535761639731,0.5983021239866881,0.6382059798074151
2017-04-05,7420000.0,14.1,17.9,14.242899250857429,10.227166999683103,2.09,0.35359063419136066,0.33434905427672046,0.27155836804578587
2017-04-06,8430000.0,7.7,19.8,13.350576360749564,7.790844512781715,0.1,0.25331850618594653,0.23248817842778674,0.2354741392621206
2017-04-07,23940000.0,8.6,22.2,11.380809532100251,6.916881163672125,0.0,0.6514809785950424,0.5901656542078508,0.4980251263558766
2017-04-08,23720000.0,11.0,24.6,11.07972242085252,5.722664121566899,0.0,0.7102015079861135,0.6464785150728174,0.5972679118070227
2017-04-09,12910000.0,8.5,16.1,7.988266935437598,12.938847802057376,0.0,0.6829782440211158,0.6521348467525478,0.47031868641695745
2017-04-10,20930000.0,9.3,15.4,9.361889411790395,10.816792957815256,1.7800000000000002,0.6196488929803153,0.5695849609812165,0.4022730802728339
2017-04-11,13330000.0,8.2,18.4,7.263143493713137,10.580343969528759,0.22999999999999998,0.6968871600425627,0.6642844108775817,0.5597854996667513
2017-04-12,24390000.0,3.8,17.7,4.731251447174238,8.518149628650312,0.0,0.8743720086219208,0.8182956092425752,0.6128883937709195
2017-04-13,23520000.0,7.4,20.5,7.284756848617583,7.680102581558925,0.04000000000000001,0.7754671854395244,0.7170885798697626,0.6114463900603436
2017-04-14,21200000.0,10.0,20.6,9.842249012056705,11.807484288484005,0.04000000000000001,0.806302436705364,0.7521187910265877,0.5842227175944364
2017-04-15,21240000.0,13.7,25.8,11.594201435236712,5.546075636644072,0.04000000000000001,0.6682779671463404,0.6091729691130355,0.6369375495483787
2017-04-16,23120000.0,11.6,27.7,10.93646862726531,3.8310722152749115,0.06999999999999999,0.7426721996310126,0.6784469523414836,0.6240842210853036
2017-04-17,3420000.0,8.3,17.9,14.920652772059169,5.58797798899864,1.25,0.06426055158465888,0.055934345209922375,0.08275344611631104
2017-04-18,20890000.0,8.6,21.9,9.394341471719441,12.471935875820748,0.68,0.9673615633656529,0.9140264721703064,0.6414013376954167
2017-04-19,25420000.0,9.2,19.2,6.7530252471438335,8.515156603482128,0.0,0.8129577087675195,0.7495118518663288,0.6502611433144756
2017-04-20,13610000.0,6.4,18.6,7.84618820737705,4.7499309419072535,0.05,0.4137671117977312,0.38109580215823974,0.4043811916143428
2017-04-21,21470000.0,8.5,20.0,9.332228517835242,7.096462673763137,0.0,0.6077602282443635,0.5541140348003005,0.5057953435164271
2017-04-22,24100000.0,9.1,19.6,10.270712711801316,3.483881295765623,0.13,0.49605742415368914,0.4357071710162961,0.4252756873977582
2017-04-23,25980000.0,9.8,22.1,9.324153570027885,5.0731776600710745,0.0,0.6566305475848951,0.5893279155723925,0.5733151028568051
2017-04-24,26490000.0,11.7,23.1,9.124270870201936,7.255093007676863,0.05,0.8142845116120101,0.7436594696127192,0.6991334090355964
2017-04-25,19920000.0,12.1,24.8,12.76086478163917,7.859684091649937,0.21000000000000002,0.7139211441151745,0.659756420020321,0.592790194886283
2017-04-26,13380000.0,7.6,20.1,6.863107769629003,5.261738245666637,0.010000000000000002,0.5167151151840628,0.48357906981352083,0.5061039199960706
2017-04-27,25590000.0,7.0,19.9,5.303451057964703,8.802487019627748,0.0,0.9431292941300254,0.8803255703230779,0.7168352244056497
2017-04-28,26450000.0,8.7,25.4,7.08381521549002,9.49387583347814,0.0,1.3744560738884264,1.3044134969277128,0.8861684122777499
2017-04-29,26890000.0,14.3,26.6,6.77126327749888,8.991047605223308,0.0,1.1540179993918553,1.0782949227856284,1.0202073313848619
2017-04-30,24530000.0,12.7,30.5,11.47091364334189,9.326266424059863,0.0,1.3781184845062984,1.3077342893756607,0.9716627858252526
2017-05-01,27040000.0,10.2,24.0,7.4862798925585015,10.017655237910256,0.0,1.201454894844296,1.1297801791726116,0.8495560482853307
2017-05-02,24220000.0,9.5,25.7,8.161275810360797,7.77887241210898,0.0,1.1498155816265345,1.0849953423867174,0.8030952520581108
2017-05-03,27370000.0,12.8,29.0,6.947744634395528,3.7203302840521206,0.0,0.9277143343079002,0.850063071389013,0.791060221968339
2017-05-04,19650000.0,15.1,27.6,14.435420990078995,5.354522025880326,0.11000000000000001,0.6648602760893813,0.608702904938105,0.6162946192311864
2017-05-05,18550000.0,12.5,27.8,15.071860161719126,9.634548016382766,0.4,0.926640965249043,0.874666896870079,0.6545737182973262
2017-05-06,24310000.0,9.9,24.8,4.979120996887119,10.137376244637597,0.0,1.4663623057152542,1.401611605189163,0.9868979203302253
2017-05-07,27450000.0,12.1,27.2,6.801756713598065,11.732658659279416,0.0,1.729786181534791,1.6535325899215745,1.1015564782380713
2017-05-08,20760000.0,16.7,28.7,8.572047663136573,7.482562920458811,0.010000000000000002,0.9687118832173669,0.908122025651832,0.9704403244929944
2017-05-09,6410000.0,13.6,16.5,14.742573355641111,6.626557722358323,1.09,0.21653864029470693,0.20024224453037065,0.1756657167426215
2017-05-10,12910000.0,11.9,21.4,13.964101409777507,6.566697218994654,0.24,0.41557439118454154,0.3816551686853859,0.35854706158306465
2017-05-11,21590000.0,17.3,27.3,14.920652772059169,6.626557722358323,0.0,0.7677164485707315,0.7050868959028013,0.6879962447847007
2017-05-12,7430000.0,11.8,22.9,16.512191555446766,5.875308405144259,0.30000000000000004,0.2564913391967162,0.23670122381584996,0.2554238841967468
2017-05-13,25140000.0,12.1,27.7,13.727878435547009,9.523806085159976,0.18000000000000002,1.1175260359088104,1.0473875785988758,0.745867268034264
2017-05-14,27660000.0,11.6,24.5,7.697251454173199,12.603628983220823,0.0,1.360052698897744,1.285395905960858,0.9457979901377735
2017-05-15,27020000.0,11.2,24.5,9.424176235329684,11.011339593747188,0.0,1.1733235459103966,1.1006668269048867,0.8201966176713004
2017-05-16,18760000.0,12.1,23.5,11.890859835619782,5.525124460466786,0.03,0.5803873187166892,0.5299892012186525,0.528703002713616
2017-05-17,21520000.0,13.1,24.8,13.622352845637055,4.342879519034295,0.03,0.579703673868133,0.5206561372756842,0.5191799823971076
2017-05-18,27820000.0,15.1,29.0,10.33829412743618,6.671453099881076,0.0,1.1013804291655984,1.0209898429411224,0.9152335476057933
2017-05-19,27990000.0,15.4,31.8,8.723109603497123,9.739303897269188,0.0,1.7867513436301745,1.7039660374049668,1.2313047438356342
2017-05-20,23940000.0,17.3,31.7,9.746714566306458,5.755587398416918,0.0,1.1012598020863238,1.029543726119249,0.973852473065104
2017-05-21,26230000.0,16.5,31.4,11.136226181249441,5.7136850460623485,0.0,1.1150812166841468,1.037110521268676,0.9340828777155783
2017-05-22,27440000.0,16.7,31.5,12.293347295491426,4.749930941907254,0.0,1.0137491241510677,0.9320077554923432,0.8641086756049507
2017-05-23,19550000.0,17.3,29.3,14.494811248284513,4.836728671784575,0.0,0.6882344826820145,0.6306642703530853,0.6813598579420967
2017-05-24,14130000.0,15.6,26.0,18.265295960571283,3.4509580189156037,0.9900000000000001,0.40279640872574607,0.3627740719627267,0.3724176681254959
2017-05-25,28640000.0,12.0,31.2,8.804631804285965,10.867674385674379,0.0,1.7928309801776403,1.7106539174568307,1.1961306623780608
2017-05-26,27770000.0,11.7,23.9,9.484096351433836,7.865670141986303,0.0,0.9124983468532747,0.8378951633287288,0.7475326491640963
2017-05-27,28130000.0,14.5,27.3,11.183506197074284,5.9441479840124805,0.0,0.9203348432132229,0.840527388850479,0.7965890759540301
2017-05-28,25850000.0,16.4,32.7,12.867648881638448,7.563374599999767,0.0,1.3686022891744605,1.2911107881301374,1.0270312606827823
2017-05-29,28170000.0,19.2,35.6,14.006382781358186,7.973419048040909,0.0,1.5899594246891442,1.5023329446627078,1.2039670211987463
2017-05-30,20220000.0,20.1,33.4,12.348366611742723,5.103107911752909,0.0,0.9307095226896418,0.8683139115891466,0.9169877208107738
2017-05-31,18190000.0,18.8,30.8,16.994082852994723,5.2138498429757,0.15000000000000002,0.6934163430041533,0.6386994365494629,0.6887830045288654
2017-06-01,23480000.0,15.5,30.2,16.934884767398202,6.381129658567274,0.73,0.8991708138074068,0.8304876347802551,0.7119898389341814
2017-06-02,28880000.0,15.6,28.2,10.651817565550633,7.512493172140648,0.0,1.08088908103506,0.9976305381419193,0.9289942396983838
2017-06-03,28070000.0,13.2,28.0,10.32651278623216,8.206875011159223,0.010000000000000002,1.2446499894326735,1.165406059944834,0.9110442789990556
2017-06-04,28870000.0,14.4,28.6,9.65754703114829,5.558047737316805,0.0,1.0436550678564296,0.9609497546712904,0.873686854629451
2017-06-05,26160000.0,15.1,27.8,13.02207564531837,9.859024903996529,0.0,1.0961511863258928,1.0212691422839673,0.8585852400571945
2017-06-06,8510000.0,16.8,24.6,15.08828719526594,8.808473069964114,0.47000000000000003,0.5653713887896588,0.54130709436188,0.5273557073308427
2017-06-07,11220000.0,14.5,25.9,17.624349919078945,10.658162623901532,0.21000000000000002,0.5359742494499529,0.5045110043789991,0.45840450745950134
2017-06-08,28250000.0,16.5,27.8,12.928507848365959,7.988384173881826,0.0,1.0092514004601283,0.9274915145341825,0.8600853688356451
2017-06-09,26950000.0,17.6,31.5,12.497305305687599,7.264072083181413,0.0,1.2035654282607204,1.1227764165336604,1.0047613037846888
2017-06-10,21830000.0,17.8,30.6,12.644302694518412,9.963780784882953,0.03,1.2113980617330626,1.1462765576510061,1.0319807396420617
2017-06-11,28180000.0,16.4,28.8,12.732520913763725,10.089487841946662,0.0,1.1959888287301443,1.1138673700143096,0.9644666556974737
2017-06-12,23420000.0,15.2,26.3,12.718369744216568,9.9009272563511,0.15000000000000002,0.9682074143662398,0.9019263878980451,0.7905447763996103
2017-06-13,22120000.0,14.7,27.4,14.25462115730811,4.297984141511542,0.0,0.6708018939274419,0.607891423871116,0.6036293178744149
2017-06-14,24550000.0,16.8,29.3,12.045047565216091,8.263742489354712,0.0,1.0692366207796182,0.997208916056197,0.9394958797053323
2017-06-15,28810000.0,17.1,32.6,14.376244523140958,10.607281196042411,0.0,1.6468084915222652,1.5600865333092515,1.1204664985328248
2017-06-16,28600000.0,16.0,29.3,15.95150139170568,9.691415494578253,0.0,1.135306446001426,1.0518979028116173,0.8407516707489048
2017-06-17,26510000.0,17.8,32.7,17.418234443251954,3.7771977622476083,0.010000000000000002,0.8823472295207815,0.8021154051009818,0.7443987403366141
2017-06-18,28230000.0,19.2,35.0,16.277968063106837,5.441319755757648,0.03,1.2076260508870296,1.1201340356731861,0.9743695350200481
2017-06-19,25760000.0,20.5,35.4,15.690225849567724,5.058212534230157,0.0,1.1155101337246305,1.0348509896666442,0.9660796283685931
2017-06-20,19240000.0,18.5,30.5,18.20707676435777,6.165631846458061,0.04000000000000001,0.7303165790780031,0.6726801003141554,0.6891113556449825
2017-06-21,22390000.0,19.2,31.1,18.216768655230286,5.938161933676113,0.010000000000000002,0.8059165231095891,0.7382447815248494,0.7466795669423542
2017-06-22,26010000.0,21.9,32.8,17.813579812050012,4.782854218757273,0.010000000000000002,0.8929090534859595,0.812050631533074,0.8432693248764309
2017-06-23,18450000.0,20.4,32.9,17.638480781976803,4.776868168420905,0.0,0.7479627013978902,0.6911003141467069,0.742936878333239
2017-06-24,24090000.0,20.1,33.4,18.692286423670318,7.967432997704543,0.04000000000000001,1.1007924883011977,1.026454690506394,0.9342292109483952
2017-06-25,19100000.0,20.1,29.9,22.128632013376347,7.443653593272425,2.42,0.7131179948766668,0.6555069181206635,0.6051138458184215
2017-06-26,12030000.0,19.3,25.6,23.292499199980263,7.973419048040909,2.35,0.407393371413142,0.3724157536130444,0.3090355729748899
2017-06-27,18460000.0,19.9,29.2,22.036844066368026,3.4778952454292558,0.12,0.5490134439121439,0.4936752191818461,0.48290551714447877
2017-06-28,23880000.0,20.8,30.0,22.904656025211597,2.984046092678974,0.05,0.6624439257896504,0.5900267310269109,0.5559556407648552
2017-06-29,16780000.0,21.3,28.9,23.419023760206855,4.675105312702665,0.04000000000000001,0.55069545431097,0.5000136164858866,0.47646165492556386
2017-06-30,21860000.0,23.1,32.1,25.64419720655463,7.497528046299729,0.61,0.827450116005067,0.7592873896861128,0.6869680251153033
2017-07-01,9730000.0,24.1,28.3,28.41456997875642,7.150337126790441,0.41,0.3993999764991043,0.36958317826351694,0.333363307354662
2017-07-02,13700000.0,24.8,29.3,29.578980994519352,10.712037076928834,1.2400000000000002,0.5837722909088463,0.541338604509629,0.42637127641220623
2017-07-03,14370000.0,24.2,30.2,29.291384806847734,8.886291724336886,1.46,0.5796561172622139,0.5350651261394523,0.4507731545269615
2017-07-04,9750000.0,22.4,28.1,28.45750222430451,5.189905641630232,3.0600000000000005,0.3211475581983868,0.2916394371839377,0.2646645303794649
2017-07-05,19000000.0,22.4,30.6,27.735301776490164,3.8131140642658106,0.37000000000000005,0.5669225677503349,0.5084756966609616,0.4615271574134412
2017-07-06,14550000.0,23.0,30.5,28.615405262721378,4.309956242184276,0.63,0.4724541421544079,0.42755522318743433,0.3984184411291383
2017-07-07,13380000.0,25.3,29.3,30.900026067969275,7.258086032845047,1.09,0.48544292726638527,0.443873236575247,0.36889222235035135
2017-07-08,9180000.0,24.3,28.4,31.567874788390636,5.26473127083482,1.3800000000000001,0.2940164196323954,0.26583106466275624,0.22772755982598286
2017-07-09,20280000.0,25.3,32.5,31.00789844090435,5.965099160189765,0.45999999999999996,0.7041799336048353,0.6399786778595716,0.5596733844609691
2017-07-10,12420000.0,23.8,29.3,31.10062174084166,11.01433261891537,0.9300000000000002,0.46158414741552267,0.4233542100456786,0.31361206614545734
2017-07-11,18720000.0,23.9,30.9,28.955307729089892,7.21019763015411,0.010000000000000002,0.6619441738178049,0.6037131583369783,0.5142116078447224
2017-07-12,25970000.0,22.4,33.9,26.425885583126323,5.719671096398715,0.0,0.86442631802441,0.782918130517571,0.7277588568105555
2017-07-13,26770000.0,22.6,35.2,26.36554072781835,5.623894291016843,0.0,0.9343180635921658,0.8495711397114603,0.7905015101116277
2017-07-14,21050000.0,24.9,35.2,29.12292320622386,5.2527591701620855,0.08000000000000002,0.7740399627428751,0.7065528395264141,0.6863190784384785
2017-07-15,9760000.0,25.1,29.9,31.2091044785345,7.587318801345235,0.47000000000000003,0.4064307341551789,0.3760342253724232,0.3354353504775732
2017-07-16,16329999.999999998,25.4,33.9,27.630457132255952,6.641522848199242,0.0,0.7244436779791743,0.6723148446760703,0.6707502932106653
2017-07-17,10700000.0,24.0,32.7,29.203386011313082,5.156982364780213,0.43,0.45364220084252815,0.4199813540371994,0.4384551406321136
2017-07-18,13990000.0,23.4,31.2,28.293235487198853,5.079163710407441,0.0,0.5024314176565942,0.4589665467471004,0.44067677492834145
2017-07-19,25650000.0,25.4,36.5,27.69332231234728,3.9777304485159046,0.0,0.8697942775434742,0.7867801475051982,0.7752174691533664
2017-07-20,22020000.0,25.7,36.4,30.161573469242427,4.172277084447834,0.0,0.7771082371564406,0.7057693385466762,0.6922381867446127
2017-07-21,21520000.0,27.0,37.6,29.232693274271963,5.058212534230157,0.04000000000000001,0.8586032925636913,0.7880149476367636,0.8049858944640127
2017-07-22,13900000.0,25.2,36.0,28.81024012589617,5.031275307716505,0.03,0.6155933970545785,0.5707697400162386,0.6188851116493037
2017-07-23,11650000.0,26.9,33.4,31.49739896360233,5.890273530985177,0.06999999999999999,0.5347400280108039,0.4973497685432033,0.5017003182961556
2017-07-24,15760000.0,25.2,36.0,33.03101647894039,3.738288435061222,1.4500000000000002,0.5636572191637318,0.512835576363427,0.5111151178276072
2017-07-25,7750000.0,22.6,27.9,27.882667745167915,9.041929033082429,0.9300000000000002,0.34489668164851034,0.32144150853446096,0.2836428714061131
2017-07-26,25260000.0,19.8,30.2,20.285696321391427,9.793178350296492,0.0,0.9726475022910325,0.8964560992095327,0.7740212647047523
2017-07-27,26640000.0,21.5,33.7,21.633541649278673,4.453621450257085,0.0,0.8560077159615316,0.7729402397887531,0.7702579064823917
2017-07-28,21060000.0,23.3,35.4,27.90377572914666,7.063539396913119,0.6900000000000001,0.8347021392605397,0.7676953185080976,0.744651634500926
2017-07-29,11280000.0,22.8,28.1,24.76839406733943,10.1553343956467,0.08000000000000002,0.5709775589495536,0.5367476874092967,0.4684509445951459
2017-07-30,12640000.0,23.9,32.3,28.32887506456815,2.939150715156221,1.2000000000000002,0.4319086517163747,0.39226059773227917,0.4010805546022384
2017-07-31,5220000.0,23.2,26.4,30.086327098796904,4.84870077245731,3.0100000000000002,0.1598589646839635,0.14415680681186432,0.12943428588033046
2017-08-01,18260000.0,23.0,32.6,27.84049359309928,5.956120084685214,0.0,0.6518880257657589,0.5948143235744514,0.5617292417840083
2017-08-02,19630000.0,22.2,32.1,26.211872624524496,8.973089454214207,0.0,0.7807472648700781,0.7198714816990408,0.6421335298360423
2017-08-03,21720000.0,24.2,34.8,27.042848593460274,10.466609013137786,0.010000000000000002,1.0139484361564695,0.9447273220329289,0.859558315928316
2017-08-04,20430000.0,25.2,35.1,29.40907642961137,6.6744461250492595,0.03,0.8098826205905663,0.7443132642881561,0.7141658884573683
2017-08-05,20580000.0,25.6,35.3,31.11609911116252,8.221840137000141,0.06999999999999999,0.8570672781644525,0.7908065702492377,0.7260787964911486
2017-08-06,23320000.0,25.7,38.0,27.82644792386056,4.995359005698303,0.010000000000000002,0.9010695863126774,0.8249110749844647,0.839660936932398
2017-08-07,22470000.0,24.3,36.0,26.878924103713167,6.53078091697645,0.08000000000000002,0.8889550644798838,0.8168384009402285,0.8164068268155571
2017-08-08,22790000.0,25.4,36.2,25.28680684953472,7.0006858683812645,0.9,0.9725040099317426,0.8988598394729941,0.9124925083049155
2017-08-09,5990000.0,24.8,27.6,30.800152090521784,7.823767789631733,2.2100000000000004,0.2524146153017081,0.23405874465102286,0.20746283346429487
2017-08-10,10530000.0,23.2,28.0,29.093712009319493,4.773875143252721,0.6900000000000001,0.3306067600747391,0.29858929871340834,0.26699708985849424
2017-08-11,19000000.0,21.2,31.4,25.906881854696238,4.911554300989163,0.11000000000000001,0.6007000968896545,0.5424015776942896,0.5153706755135818
2017-08-12,18530000.0,21.3,29.6,23.81446435559146,7.955460897031809,0.04000000000000001,0.6842946740808031,0.6280642202119238,0.5604084325974114
2017-08-13,8400000.0,22.3,26.3,24.277985279501376,10.655169598733348,2.99,0.4582609972508502,0.4331675675367288,0.37260123338206524
2017-08-14,4680000.0,21.9,24.7,26.01261207824014,7.9614469473681755,2.7300000000000004,0.20347779504642421,0.18969628130220995,0.17350867125489117
2017-08-15,5630000.0,22.6,25.5,28.115624048376283,8.153000558131922,1.1300000000000001,0.20082651666867163,0.184067108409635,0.1527739505580143
2017-08-16,14850000.0,22.6,28.8,27.749307272043954,9.679443393905519,1.09,0.5446974192603408,0.4994851261694775,0.39841996837004423
2017-08-17,12910000.0,22.7,27.5,27.152615984748895,5.088142785911992,0.63,0.4012547486028571,0.36226174941800443,0.3212868093802356
2017-08-18,17730000.0,22.1,30.0,27.553791146745006,3.193557854451821,0.75,0.497852088747182,0.44362473906277833,0.40847090077871046
2017-08-19,12130000.0,22.9,27.9,27.861573702409487,6.435004111594578,0.8400000000000001,0.40491241295812197,0.3681276318663284,0.31898207530842293
2017-08-20,11120000.0,24.1,27.6,29.232693274271963,6.476906463949148,0.76,0.3733432668239707,0.3394208163926506,0.28786657184622133
2017-08-21,12530000.0,23.8,28.2,29.898927244483914,6.782195031103867,1.08,0.4014932022483754,0.36319486687837943,0.2963843495538835
2017-08-22,18460000.0,24.8,31.7,31.388042614386407,6.3092970545308695,0.27,0.6164718715811317,0.5584665071606818,0.47805877121292256
2017-08-23,18320000.0,26.3,33.4,33.26001996127091,7.874649217490854,0.2,0.7023044951726797,0.6436960478405672,0.5547275137801532
2017-08-24,18350000.0,23.2,32.5,30.540273239315802,11.436349167629249,0.36000000000000004,0.7245284836788315,0.6671393804652523,0.5390728580321648
2017-08-25,18990000.0,18.3,30.9,22.63360661289094,5.153989339612029,0.020000000000000004,0.5984756825643655,0.5415092602483652,0.5276010406468087
2017-08-26,24760000.0,18.4,29.1,16.695406015794223,4.917540351325531,0.0,0.7344865866281283,0.6610959248609151,0.6717344343318581
2017-08-27,23790000.0,18.7,29.5,20.057805948898967,3.9537862471704357,0.0,0.6481572438202732,0.5772889070713277,0.5689701666362124
2017-08-28,21060000.0,21.1,31.0,24.692387658418042,6.159645796121694,0.1,0.6793383337613322,0.6149261519027004,0.5719037279725342
2017-08-29,22830000.0,17.8,28.6,14.57831803104379,6.381129658567274,0.0,0.787781360201447,0.7206511501887601,0.7399286010098816
2017-08-30,7690000.0,15.2,22.3,15.835387700432108,4.791833294261823,0.0,0.297859053706177,0.2768346573173629,0.3004352828395375
2017-08-31,23690000.0,17.0,27.7,17.666772306532177,5.156982364780213,0.010000000000000002,0.6591405567630757,0.5903664215449751,0.5749735646246105
2017-09-01,20020000.0,15.5,26.3,16.256022701922934,6.662474024376526,0.0,0.6240854177333115,0.5672867957517214,0.547263385929187
2017-09-02,18350000.0,16.2,25.9,16.68642753558277,6.638529823031058,0.0,0.590308199309336,0.5381198120790657,0.5178663765650592
2017-09-03,23090000.0,16.5,27.2,17.048888219406223,5.7136850460623485,0.0,0.6580165640249477,0.5915022412010333,0.5737054812648651
2017-09-04,19020000.0,18.2,27.9,19.3006779114395,7.602283927186153,0.0,0.6570486453010694,0.6012455111324555,0.5638978363550866
2017-09-05,5430000.0,21.2,25.0,23.142654437928964,3.262397433320042,0.06999999999999999,0.20699314539369462,0.19105014747221905,0.21283135060441943
2017-09-06,7060000.0,18.1,26.2,22.09991241713085,3.917869945152234,1.4000000000000001,0.24042838798711438,0.219995651893763,0.24371161133665248
2017-09-07,10920000.0,17.2,27.5,20.110602692854137,5.0731776600710745,0.04000000000000001,0.3820714282569021,0.3503697162863804,0.37989732590013203
2017-09-08,21010000.0,19.2,28.5,21.370133285231063,4.49253077744347,0.0,0.5780397998245308,0.5156750574298906,0.4961669776916203
2017-09-09,18100000.0,19.8,29.1,21.370133285231063,2.594952820815116,0.0,0.47712923255348505,0.42294547825042084,0.4325960532088321
2017-09-10,14170000.0,20.5,28.4,22.272720320656315,6.979734692203979,1.54,0.533942766921526,0.49152377253067403,0.47725911144177785
2017-09-11,4650000.0,17.8,22.8,22.163138625002098,5.848371178630607,1.6600000000000001,0.15026791117644772,0.13720629795675424,0.13604069325523283
2017-09-12,21950000.0,13.9,28.2,17.91363658130956,6.7193415025720125,0.0,0.6839151245753445,0.6214881436650213,0.5407235522442744
2017-09-13,22830000.0,15.5,26.4,16.194713704253726,5.330577824534857,0.0,0.6062362459537727,0.5414123481185075,0.5366634277026202
2017-09-14,17470000.0,17.8,24.9,17.441549725636463,8.497198452473025,0.0,0.6178752967236693,0.5679481072064787,0.5072889560758473
2017-09-15,16530000.000000002,19.0,23.9,15.002220281098158,12.070870503284155,0.0,0.8443966466573467,0.7970801257088362,0.6560377489038127
2017-09-16,12860000.0,19.9,23.9,18.299332444264927,11.35254446292011,0.0,0.6352679764046163,0.5981937083434741,0.4962554825380666
2017-09-17,9850000.0,16.0,25.3,19.63460625159278,7.14135805128589,0.010000000000000002,0.3479544711070506,0.3201240215340252,0.32077123943646146
2017-09-18,20510000.0,17.2,28.2,17.149767359813936,5.6209012658486595,0.0,0.6183934370649042,0.5585332261463531,0.5790106017597036
2017-09-19,18060000.0,19.3,28.4,20.29102295908857,7.946481821527258,0.03,0.647271909209447,0.5936637584408985,0.5633105800265505
2017-09-20,16570000.0,14.2,23.9,12.760864781639171,6.88695091199029,0.0,0.5735634265089791,0.5280166209561192,0.5372951513946493
2017-09-21,19340000.0,15.0,26.2,16.68642753558277,2.9421437403244046,0.0,0.44000540552041745,0.3854069874123014,0.4101067771525102
2017-09-22,19580000.0,15.6,26.7,16.30873522809824,3.7771977622476083,0.0,0.4883183607929862,0.43254127200399395,0.46410541596758403
2017-09-23,16780000.0,16.7,27.4,16.71337568806178,3.145669451760884,0.0,0.4383450640577336,0.3898564214679886,0.4352858018935762
2017-09-24,19090000.0,18.7,28.3,20.17411937965025,4.181256159952383,0.010000000000000002,0.5142775781873139,0.45789744219970024,0.4690419625549012
2017-09-25,19730000.0,17.6,29.1,19.239576604484444,8.030286526236397,0.0,0.6711042869479046,0.6129614074266176,0.6008999358467466
2017-09-26,17960000.0,19.3,29.2,19.40801426960452,7.350869813058736,2.0300000000000002,0.6530920268461959,0.5994775097457702,0.6057442334544862
2017-09-27,1640000.0,18.7,19.8,19.842606075167655,3.8879396934703987,1.54,0.07658176656386058,0.07205778737599709,0.11690740644785369
2017-09-28,15310000.0,12.1,24.6,12.803484578649638,8.179937784645574,0.020000000000000004,0.5928072475371913,0.5512539714274534,0.5396887297980374
2017-09-29,19620000.0,13.0,21.2,9.182507903536443,4.495523802611654,0.0,0.4993751325694493,0.44736855263311615,0.49994384100199285
2017-09-30,19460000.0,11.7,24.7,12.57411545458834,3.9627653226749864,0.0,0.47390687829017997,0.4212360064278678,0.4533776452888315
2017-10-01,5520000.0,17.3,22.1,18.014185607171825,6.851034609972087,2.68,0.2732520394447126,0.2579046918821787,0.26776849560845006
2017-10-02,5690000.0,16.7,24.3,20.569701157185015,3.920862970320417,0.05,0.1839029846243011,0.16786637391256484,0.19500189264027462
2017-10-03,12060000.0,15.6,22.7,16.74036200156971,9.6644782680646,0.09000000000000001,0.45090730740859825,0.41769835857933835,0.3697066335090295
2017-10-04,12960000.0,13.9,20.0,13.484001732818946,8.673786937395855,0.010000000000000002,0.4537150788904453,0.4194625283348733,0.3775687323374292
2017-10-05,9640000.0,15.0,20.5,14.048776559312774,7.329918636881453,0.27,0.38822408741552317,0.36235097692953433,0.35793440405183663
2017-10-06,2770000.0,16.3,20.0,19.567418718934324,2.98105306751079,0.37000000000000005,0.0744740985407915,0.06698370151437187,0.09232361360063061
2017-10-07,10540000.0,16.9,24.0,19.86351179697301,6.222499324653548,0.020000000000000004,0.3084353533462926,0.27875438542403025,0.2747543916767139
2017-10-08,13110000.0,16.8,25.8,19.58290563580728,2.08015249188755,0.0,0.28873982551307187,0.25130310111890364,0.2745288355604997
2017-10-09,16510000.000000002,17.9,27.4,20.770026187312347,3.7323023847248553,0.0,0.4023016403535508,0.35415216314852493,0.37063237324801473
2017-10-10,16239999.999999998,18.4,27.2,20.994000760122624,5.552061686980438,0.0,0.44719606097934844,0.39972679652522825,0.40187043775562453
2017-10-11,5280000.0,13.6,23.9,15.261722227030765,8.251770388681976,0.12,0.357147533430192,0.3427120571060128,0.3794582909707036
2017-10-12,1850000.0,7.7,15.0,13.123506070571173,4.9744078295210175,2.14,0.031442371222453705,0.027123990915818158,0.062427563020847086
2017-10-13,17520000.0,9.6,18.7,9.413317583997715,5.866329329639708,0.0,0.42220427032787866,0.37852436986785193,0.4018894668473706
2017-10-14,16379999.999999998,13.0,20.4,10.534402392636752,4.7499309419072535,0.06999999999999999,0.41207292339502083,0.36899408717333254,0.41731577636327455
2017-10-15,5190000.0,13.2,17.5,12.146549543176405,6.9946998180448965,0.24,0.29293299875971496,0.2796542706145932,0.28857173889049587
2017-10-16,4720000.0,10.8,17.9,13.457966535372734,4.800812369766374,0.17,0.1594532855358388,0.14763365089648214,0.1738291586816124
2017-10-17,10470000.0,14.1,20.4,12.792817916119652,9.038936007914245,0.08000000000000002,0.46344059071123034,0.43560702114732386,0.41332531386121724
2017-10-18,6420000.0,10.8,17.7,11.76479950605126,7.614256027858886,0.010000000000000002,0.2892922354088616,0.2732508491996914,0.2767938711815269
2017-10-19,9330000.0,11.5,18.9,13.987150056697876,5.3515290007121425,0.04000000000000001,0.22596863178016435,0.20217298658065755,0.21716988692097722
2017-10-20,12990000.0,10.7,20.5,13.203687829756298,6.210527223980814,0.0,0.31633781529068516,0.28292853344036434,0.3030508588592217
2017-10-21,14810000.0,10.6,20.9,12.570615101536243,7.305974435535983,0.0,0.38613299605189166,0.3479242765572784,0.3606037392476825
2017-10-22,12910000.0,7.8,21.1,11.07032969820302,10.616260271546961,0.0,0.5304740764587952,0.49807449842670704,0.4241198279133102
2017-10-23,15450000.0,9.0,18.1,9.13483514254675,5.839392103126056,0.0,0.3717190588065675,0.3337147971525517,0.37063452443307493
2017-10-24,11040000.0,7.7,17.7,11.205630590363809,3.424020792401952,0.27999999999999997,0.19763391115970858,0.1710062868896946,0.21173030598918804
2017-10-25,15180000.0,8.6,19.0,10.376665267614264,3.657476755520267,0.0,0.2724067701975069,0.23485513590003881,0.29076061272953113
2017-10-26,14030000.0,9.3,19.9,11.064071776870604,1.7539127485555455,0.0,0.21058561259596226,0.1752600034412531,0.22964101911507967
2017-10-27,11970000.0,11.3,19.9,12.679525291580227,5.447305806094015,0.0,0.29086731557462364,0.2600813953476536,0.29413009308266913
2017-10-28,8940000.0,11.4,21.0,14.698346148884696,6.584655370003754,0.0,0.24849394819033788,0.2252162362136647,0.2521582450517088
2017-10-29,14400000.0,3.8,20.5,6.078428662369511,13.684111068935074,0.0,1.1917983427260637,1.1575189948171365,0.6559822388002977
2017-10-30,15110000.0,2.5,13.5,4.757911748410759,7.015650994222182,0.0,0.3903779949137977,0.3581301678500375,0.38429774911046055
2017-10-31,14980000.0,5.3,16.0,6.660484767602053,6.330248230708155,0.0,0.3620651308025269,0.32771192705764757,0.37387780580935315
2017-11-01,13440000.0,8.7,18.4,10.084703053787921,6.234471425326282,0.0,0.3232972521905678,0.29023723428571524,0.3296730009294069
2017-11-02,10880000.0,9.4,19.2,11.728528452752652,4.618237834507179,0.0,0.2367721037081863,0.20955675693183734,0.2596255090374286
2017-11-03,11620000.0,4.3,20.8,8.403637112758563,10.652176573565164,0.020000000000000004,0.7337651158756627,0.7058377536950862,0.49204919419021165
2017-11-04,11470000.0,2.7,14.0,6.293817715788962,6.222499324653548,0.0,0.2858792288463733,0.26115528269195115,0.3024246412780663
2017-11-05,14210000.0,3.3,14.9,7.164449660793051,6.617578646853773,0.0,0.2934116990968946,0.2621365441965037,0.3010106023432199
2017-11-06,13360000.0,5.9,17.4,7.825415683122305,5.632873366521393,0.0,0.30627852866011906,0.27486008926088495,0.34208975557345533
2017-11-07,12030000.0,11.3,20.1,13.06184084310049,5.11208698725746,0.0,0.2566663453653138,0.22566188144146565,0.2708045331801252
2017-11-08,12470000.0,3.8,19.6,7.349938053211951,9.781206249623759,0.0,0.7007373388459321,0.671375799151036,0.4821628495166622
2017-11-09,13330000.0,6.2,17.1,6.312862193984508,3.3252509618518955,0.0,0.24220162418188562,0.21085373517052405,0.31073686217744606
2017-11-10,10990000.0,3.9,21.6,7.948444853940867,14.965125840917622,0.0,1.0549224141652063,1.0283841785341137,0.597057369472332
2017-11-11,13460000.0,2.3,11.1,4.572617065501416,6.92885326434486,0.0,0.32958933665411017,0.3019387920787967,0.3260290944760827
2017-11-12,12820000.0,2.9,13.7,4.7712917360572185,4.22914456264332,0.0,0.2498420794547324,0.22224715591995955,0.3077480775258824
2017-11-13,10230000.0,5.8,15.5,6.214384347623707,5.109093962089276,0.0,0.2871710709412503,0.2637109057670103,0.3373132902899925
2017-11-14,12560000.0,2.2,14.5,4.840200239593125,9.023970882073327,0.0,0.45765031711338244,0.4305768416382697,0.4224844933924693
2017-11-15,9570000.0,-0.6,9.9,4.280222800671646,10.840737159160726,0.0,0.4001046413131088,0.3816690697502719,0.3226646726008544
2017-11-16,12590000.0,-0.8,9.0,3.6591198667754514,5.438326730589464,0.0,0.24500183717798193,0.2211840537290657,0.26962506656470275
2017-11-17,11530000.0,-1.2,14.1,4.241175787389285,7.249106957340497,0.0,0.484141614009436,0.4606343903010323,0.37681674370484897
2017-11-18,12860000.0,-3.4,4.3,2.0389734005776115,13.22917124337118,0.0,0.5180691320798797,0.49670663249468916,0.3325955645671387
2017-11-19,12390000.0,-1.0,4.6,3.1718103202011023,9.221510543173439,0.0,0.3307693043863535,0.30913014367752656,0.2637494756605929
2017-11-20,12270000.0,-2.2,7.8,3.8173610001879745,7.784858462445348,0.0,0.27375058892912507,0.25154488981367956,0.25825220945312605
2017-11-21,12150000.0,0.4,10.3,3.6981243303040126,4.645175061020829,0.0,0.22887614612282467,0.20493739998510793,0.27722472316010915
2017-11-22,7420000.0,-1.8,14.1,4.968310805002784,9.760255073446475,0.0,0.5591691115883928,0.5441795336097914,0.36599878322036805
2017-11-23,9280000.0,-2.3,7.4,3.840630992820215,8.503184502809393,0.0,0.280192626144589,0.26354479292909894,0.2527998185864885
2017-11-24,9530000.0,-3.2,8.8,4.072577509308677,8.844389371982315,0.0,0.28032364689081485,0.26307667765119014,0.26215593566442064
2017-11-25,11480000.0,1.1,9.4,6.1414197399725525,7.503514096636097,0.0,0.20088688143358713,0.1783400369964369,0.19477656917628772
2017-11-26,8870000.0,-0.0,13.4,6.547370733998154,5.41737555441218,0.0,0.20212670499259938,0.1839052837159998,0.22297229436737226
2017-11-27,10350000.0,3.9,13.6,6.9022158109089204,2.571008619469648,0.0,0.1297959979352989,0.10723511469874694,0.18067218315878292
2017-11-28,8650000.0,4.4,14.9,8.250221021896037,5.237794044321168,0.0,0.18103048726979087,0.16170698674308967,0.22222055367891924
2017-11-29,8400000.0,-0.6,12.3,2.7668080524756755,9.936843558369302,0.0,0.572466453591441,0.5556539859909665,0.45895443307038875
2017-11-30,10530000.0,-4.1,5.6,1.9384487170743754,12.726343015116345,0.0,0.5081177016009818,0.49042619334452453,0.35118543642991906
2017-12-01,11600000.0,-3.5,3.0,2.3324885584754322,6.00400848737615,0.0,0.21876884711959907,0.20001139390029535,0.22340661141982823
2017-12-02,10380000.0,-1.0,6.3,3.591450594047955,3.217502055797289,0.0,0.132515395813111,0.1138285786643782,0.17540411632123526
2017-12-03,8530000.0,2.3,10.6,6.571042114076395,3.7652256615748736,0.0,0.1248757310046551,0.10748487079366778,0.16165195587870756
2017-12-04,9860000.0,-6.3,6.6,2.711328822024928,13.923553082389756,0.0,0.49589680417235665,0.47970442688100734,0.30404224253098444
2017-12-05,11250000.0,-5.4,0.6,2.4092723706880697,8.793507944123196,0.0,0.24132876336313744,0.22465057633487415,0.1951751452540075
2017-12-06,10580000.0,-2.0,6.1,4.277519707666944,5.15398933961203,0.0,0.1482563209784204,0.12961098701707247,0.17105609859366444
2017-12-07,4930000.0,-4.5,5.4,3.650893287584233,7.680102581558925,0.0,0.20400949606699842,0.1958199841731424,0.19521867267770648
2017-12-08,11220000.0,-4.4,1.2,2.7005320869390013,9.682436419073701,0.0,0.2587828928300905,0.24159019491369813,0.19951329259366524
2017-12-09,9700000.0,-0.8,6.7,4.659345438998543,4.7529239670754375,0.0,0.139738501775905,0.12209190313573615,0.16673208874395037
2017-12-10,4920000.0,-4.7,8.5,4.404826944655803,10.52048346616509,0.05,0.29536831387161266,0.2867443961776465,0.22905617028584233
2017-12-11,8140000.000000001,-8.9,0.2,2.044575037057825,14.905265337553953,0.0,0.35830269171878837,0.3472104209645019,0.20769672568612144
2017-12-12,10950000.0,-7.5,-2.4,1.8207566610597559,13.12740838765294,0.0,0.32264785134171714,0.30812390764261716,0.19286662628392726
2017-12-13,11160000.0,-7.6,-0.6,1.1909841315764043,8.054230727581865,0.0,0.2702296956272706,0.25485235654542987,0.23053854965579976
2017-12-14,9790000.0,-5.6,4.4,1.828992132428986,3.076829872892663,0.0,0.13131570970357545,0.11570064037459797,0.18497584869284703
2017-12-15,9340000.0,-2.5,5.5,1.9559002639825565,8.461282150454824,0.0,0.3591774798314987,0.34304241181520195,0.3211975847441435
2017-12-16,9220000.0,-7.8,0.4,1.770184099379041,12.522817303679867,0.0,0.3568870548108539,0.34395753302882837,0.23225810576964254
2017-12-17,10830000.0,-6.1,-0.5,2.4534448369275355,8.90724290051417,0.0,0.21256231906179393,0.1971091471039256,0.170313724588431
2017-12-18,8740000.0,-2.9,5.6,3.8246958675363407,7.790844512781715,0.0,0.21296054297550343,0.19794491204863332,0.20334093470479164
2017-12-19,9950000.0,-5.9,0.8,2.487463072705508,9.912899357023832,0.0,0.2530166636115777,0.23835830575050995,0.19343784686983614
2017-12-20,10540000.0,-3.6,3.7,2.990095619064896,4.938491527502816,0.0,0.15521969532524185,0.13797706244926805,0.18063582003285109
2017-12-21,10690000.0,-4.2,5.5,3.432666429684014,7.704046782904392,0.0,0.2147642547084708,0.19687146070925396,0.2110563972996043
2017-12-22,10410000.0,-1.7,8.5,4.799647884584924,3.7742047370794243,0.0,0.11618189134652648,0.0969477245326083,0.162390862809938
2017-12-23,10110000.0,1.2,10.1,4.936004827397648,3.0169693695289928,0.0,0.12317005629473532,0.10306115728099899,0.1794019962862569
2017-12-24,1540000.0,-3.5,7.7,5.981375736266893,11.780547061970355,1.3800000000000001,0.121348709391306,0.11862986679266008,0.12263385566309257
2017-12-25,10720000.0,-2.5,2.5,3.1821872509226856,10.544427667510558,0.0,0.2849087098911475,0.2674053987633786,0.212760887804866
2017-12-26,6610000.0,-7.1,3.6,2.25865706580748,13.794853000157865,0.0,0.408475764122269,0.39840899463222046,0.26487905560920993
2017-12-27,11060000.0,-5.9,-0.6,1.685132028046156,11.571035300197506,0.0,0.3517678179053756,0.33595243484524623,0.236108850258546
2017-12-28,9050000.0,-2.9,4.2,3.6827151074195945,7.078504522754035,0.010000000000000002,0.18801766303564024,0.17286988139925927,0.1826499098715828
2017-12-29,6050000.0,-2.2,7.9,5.912636657712008,7.332911662049636,0.0,0.12041437086995503,0.10944622761486197,0.13237944795417295
2017-12-30,6810000.0,-0.0,9.4,5.932462595191463,5.097121861416543,0.0,0.133603023832841,0.12046291184682578,0.16368554512510297
2017-12-31,10300000.0,-4.6,5.2,2.7833707264852885,11.58300740087024,0.0,0.3625986568450606,0.34558623515870246,0.2716820455057126
2018-01-01,10940000.0,-4.2,4.6,2.8846112928586183,7.772886361772613,0.0,0.24324174936781354,0.22524126425996624,0.22909603468749906
2018-01-02,8010000.0,-5.3,6.4,3.023693209904903,10.355867081914994,0.0,0.3189305081913808,0.3055740539976659,0.26583845015331165
2018-01-03,11060000.0,-4.7,2.3,2.0417725069914545,9.254433820023458,0.0,0.31218838862761256,0.29496410651053406,0.25244871269089
2018-01-04,9140000.0,-3.8,2.9,2.6085503391582843,3.0678507973881124,0.0,0.11751547918553909,0.10285094775275334,0.15420045084246592
2018-01-05,9890000.0,-3.9,4.6,3.0596324227273386,10.221180949346737,0.0,0.3051180891900062,0.2887516558052642,0.24136550890350256
2018-01-06,11200000.0,-5.5,5.0,3.1925943313713963,6.608599571349223,0.0,0.18800120844613305,0.16989056395852944,0.19734472634758443
2018-01-07,4590000.0,-1.9,3.3,3.4404550392632127,2.119061819073935,0.06,0.08943156229409509,0.08173437812871034,0.11913996409266356
2018-01-08,2540000.0,-2.2,4.6,5.745590619681461,9.787192299960125,0.29,0.09853102804821831,0.09419131244678135,0.0845798630569337
2018-01-09,5530000.0,-3.9,1.2,3.406081346620395,10.996374467906268,0.1,0.2362100666009222,0.22764986148949018,0.16420818871023948
2018-01-10,9590000.0,-9.6,0.1,1.833440361635804,11.729665634111232,0.0,0.303042360141047,0.2902065881711881,0.2065836379648062
2018-01-11,11390000.0,-11.5,-3.4,1.5437984944988015,13.327941073921235,0.0,0.2877783622647802,0.27435194782144723,0.16912839788781445
2018-01-12,12030000.0,-10.4,-4.7,1.7005355934302686,8.928194076691454,0.0,0.1867237429534879,0.17261226825791934,0.13756676473083262
2018-01-13,8990000.0,-5.9,3.9,3.4049776135289007,5.148003289275662,0.0,0.1370803899058341,0.12296711997691138,0.1537904240456564
2018-01-14,11710000.0,-3.4,7.0,4.841707989119592,5.396424378234895,0.0,0.13403813618086843,0.11358659688301834,0.15353939398384536
2018-01-15,10890000.0,-0.1,10.8,5.97410691604064,5.378466227225793,0.0,0.16624000056672564,0.1447837910655128,0.196426512124713
2018-01-16,3230000.0,2.0,8.0,6.924947170819053,3.588637176652046,1.75,0.08389496752093692,0.07760178868884746,0.10466142066950959
2018-01-17,2520000.0,-0.9,5.6,6.924947170819053,4.2860120408388065,0.37000000000000005,0.034827146565702446,0.03033827665924895,0.04595505414331426
2018-01-18,8500000.0,-3.9,7.7,4.859833458825102,6.740292678749297,0.0,0.15935082844788723,0.14445178365140093,0.17122441878826522
2018-01-19,11090000.0,-4.2,7.1,2.8018770504660013,6.476906463949148,0.0,0.25525495602073983,0.23613179699460213,0.2658798570719633
2018-01-20,12200000.0,-3.5,7.8,4.367525299275453,6.072848066244372,0.0,0.18452143538037177,0.16294396079748757,0.1993218297220822
2018-01-21,12020000.0,-0.5,7.8,3.3058575221166433,2.756576179897026,0.05,0.14971025670253188,0.12731171918414724,0.19784104556458265
2018-01-22,6600000.0,-6.6,5.5,4.2613329074578274,9.329259449228045,0.06999999999999999,0.1690001054475876,0.1584523460472793,0.15358911536882353
2018-01-23,12430000.0,-12.5,-4.6,1.2336297416065352,14.773572230153878,0.0,0.33541299874066366,0.3215409164078257,0.175594630677283
2018-01-24,12970000.0,-13.3,-7.0,0.8129824881851184,14.510186015353726,0.0,0.34464947363565196,0.33132341949537736,0.17506886616613196
2018-01-25,12950000.0,-14.3,-5.0,0.8452097347171463,15.177630627858653,0.0,0.37035673327432794,0.35669758108347127,0.19059280770513554
2018-01-26,13500000.0,-13.0,-6.1,0.840763154431673,11.044262870597207,0.0,0.28458566337362107,0.2702721061585554,0.17604401411311105
2018-01-27,13350000.0,-10.3,1.2,0.9100536592077966,6.042917814562536,0.0,0.24314259336107313,0.22511269908365344,0.23890822122395972
2018-01-28,12710000.0,-8.0,1.4,2.0515963646248725,12.893952424534623,0.0,0.37415084843656565,0.3560151313927516,0.23395756538371765
2018-01-29,13540000.0,-7.8,-2.4,1.62589774730511,12.525810328848051,0.0,0.355409432175681,0.33757236921684947,0.2083109350204584
2018-01-30,13560000.0,-6.8,1.0,2.23577819671323,6.901916037831207,0.0,0.22508991853967192,0.2054069799556087,0.1949384163200557
2018-01-31,11680000.0,-5.2,5.7,2.4141452125492604,6.497857640126432,0.0,0.26825216325440515,0.24899725436178102,0.2617020557452948
2018-02-01,13980000.0,-6.1,4.2,1.7395955030979717,5.788510675266937,0.0,0.2598157085376248,0.2378248628280577,0.2595782602905667
2018-02-02,13870000.0,-5.0,4.9,1.941124502962147,6.871985786149373,0.0,0.30572168501077235,0.28311885123857333,0.2834111403559034
2018-02-03,13320000.0,-10.0,-1.7,1.650638626235274,15.249463231895058,0.0,0.39438742605410926,0.37743728369350743,0.20546167048236536
2018-02-04,14630000.0,-10.0,-3.4,1.3306649774880503,14.079190391135299,0.0,0.3855293794402252,0.36764576974450913,0.204092221838307
2018-02-05,14290000.0,-10.1,-2.3,1.2416918475245535,14.393458033794568,0.0,0.42379493259177997,0.4059067367610479,0.22597149319592574
2018-02-06,14860000.0,-11.2,-3.0,1.2097234529543972,13.295017797071216,0.0,0.37305905051537835,0.355241014039003,0.20772885359602164
2018-02-07,15030000.0,-9.2,-0.6,1.308374107500072,7.102448724099505,0.0,0.2633017112401427,0.24332081583278412,0.21736024408053675
2018-02-08,14960000.0,-4.7,4.8,1.7456752261275341,3.573672050811129,0.0,0.2091698040162217,0.18469638961161378,0.23630286461533867
2018-02-09,12770000.0,-1.3,10.6,4.617246430119538,5.540089586307704,0.0,0.2507235613079129,0.2261235353040021,0.26330478232666205
2018-02-10,10200000.0,-7.4,6.5,2.6225173972949363,12.57669175670717,0.010000000000000002,0.5306622029355443,0.5142969709208381,0.2995494349130308
2018-02-11,11640000.0,-7.5,0.9,2.070661391687473,13.079519984962001,0.010000000000000002,0.3922419291137921,0.3756329797518726,0.23226024673808215
2018-02-12,9350000.0,-5.3,0.3,2.7221639311654378,11.723679583774866,0.04000000000000001,0.31102409741327497,0.2972206772763155,0.19210209903026654
2018-02-13,15670000.0,-3.4,6.2,2.800021507368049,8.431351898772988,0.0,0.3660516327958594,0.3390804600866534,0.2961653794103908
2018-02-14,14190000.0,-2.1,14.9,4.86437420604647,9.062880209259713,0.0,0.6100909762014693,0.581204588064484,0.40261148901482924
2018-02-15,14250000.0,-2.9,8.4,2.2740252391571807,5.561040762484989,0.0,0.3211866738859358,0.29544270451526167,0.32637900977313083
2018-02-16,12600000.0,-4.7,8.0,2.0870263119848347,11.032290769924472,0.0,0.5651667965994641,0.5432804413797799,0.38672544486614346
2018-02-17,16450000.0,-3.6,3.9,1.780073269163456,9.481903732805407,0.0,0.4478636126828751,0.420848946715056,0.32683593749257944
2018-02-18,10460000.0,-1.2,6.8,2.2274411330730364,4.69605648887995,0.0,0.28263901564214294,0.26370897385342584,0.2937985969119576
2018-02-19,13670000.0,-2.1,9.8,3.3263386038844747,5.441319755757648,0.0,0.30211901873187874,0.27647340550179744,0.30761111085305803
2018-02-20,15070000.0,-3.2,9.6,2.8637266767768526,7.5992909020179695,0.0,0.43122549091304707,0.4035715452710651,0.3558483181700045
2018-02-21,11200000.0,-4.9,5.9,1.7869006262939524,5.73164319707145,0.0,0.3065247443461157,0.28788441311368757,0.297450166209666
2018-02-22,16390000.0,-3.5,7.8,2.698736353611427,5.270717321171187,0.010000000000000002,0.30257138217263263,0.27358328312234803,0.29519223652329096
2018-02-23,15440000.0,-1.6,12.7,4.610022144667416,7.623235103363438,0.0,0.46736166934989604,0.43674774290364454,0.3507317182593572
2018-02-24,12600000.0,3.0,11.6,6.003229146191702,7.231148806331396,0.020000000000000004,0.3344728188111391,0.3081224648446733,0.29382910630943937
2018-02-25,10060000.0,-3.1,11.1,3.8418592079690943,4.405733047566149,0.08000000000000002,0.29394979150645795,0.274981629094049,0.2750601775938678
2018-02-26,17590000.0,-0.8,12.3,4.207768390705494,3.8879396934703987,0.0,0.3117634576343492,0.27666701340818334,0.3057245281841438
2018-02-27,14640000.0,4.8,13.9,5.143792192485379,5.860343279303341,0.0,0.3984823958832041,0.3660407570319942,0.3904928899080073
2018-02-28,2029999.9999999998,3.5,10.1,8.861067258348234,15.069881721804046,3.48,0.13271930818392746,0.12853657356416145,0.10194652455760692
2018-03-01,15140000.0,-5.9,7.4,3.0197232159231966,15.653521629599835,0.0,0.6549750035576187,0.6295382101100631,0.3293190369869117
2018-03-02,18360000.0,-2.2,9.3,3.6544169521675953,4.094458430075062,0.0,0.28195051275348076,0.24785360686787516,0.2776708005655954
2018-03-03,17330000.0,5.0,16.9,8.021193666535348,4.947470603007366,0.0,0.34563000865871846,0.30558219413003596,0.3379629803354268
2018-03-04,12120000.0,5.6,20.3,12.034938513584406,8.057223752750048,2.4000000000000004,0.3540416865702325,0.32463743370372145,0.2911077285092554
2018-03-05,3580000.0,-1.7,5.6,5.842816037891316,6.979734692203979,0.43,0.11569634629790085,0.10940989429192964,0.10405586294130935
2018-03-06,18010000.0,1.3,11.1,5.5096058584306755,8.197895935654673,0.0,0.40301706672311977,0.36657803095673824,0.31478598682282294
2018-03-07,5680000.0,1.5,8.0,6.912540063092076,8.50917055314576,2.69,0.17726219357247658,0.16628462307747857,0.13982165262660437
2018-03-08,4710000.0,-1.6,4.0,6.383770450989468,5.501180259121319,1.1400000000000001,0.06364698435832969,0.055599716451728065,0.05206796665218272
2018-03-09,7880000.0,-1.0,7.7,6.058171870342494,4.767889092916355,0.03,0.15018646564156116,0.13565176021720438,0.141152594840086
2018-03-10,17520000.0,-0.6,13.2,5.7001297755767695,6.9946998180448965,0.0,0.4222696216990342,0.3867131468176041,0.3242100058664309
2018-03-11,18920000.0,2.5,14.2,5.6636440066366855,5.980064286030683,0.0,0.41123973060318264,0.3704570748715638,0.3743835765803808
2018-03-12,19470000.0,3.5,17.8,8.000012765422586,5.686747819548697,0.0,0.45978254201864094,0.41513255023540996,0.37448291896666097
2018-03-13,18960000.0,5.8,20.0,10.26485449419829,8.039265601740949,0.0,0.5338060466417694,0.48786094756766857,0.4009038187890134
2018-03-14,18900000.0,11.0,21.9,12.35870680261235,7.0934696485949535,0.5,0.5059590115941774,0.4564994542031194,0.44395634697692155
2018-03-15,4510000.0,3.2,17.0,11.934257647608637,9.912899357023832,1.25,0.10542082604559684,0.09522486973123599,0.12559130724895465
2018-03-16,11010000.0,-1.7,7.0,4.855296466199339,8.176944759477388,0.0,0.27909567333210417,0.2592746852003558,0.21175591265401525
2018-03-17,20290000.0,1.3,12.8,6.527702182034491,2.813443658092513,0.0,0.28615006772019813,0.2440300981846771,0.2627955486473792
2018-03-18,11710000.0,7.0,13.5,9.547098805994152,4.196221285793301,1.6500000000000001,0.23654167599946488,0.20996416305295318,0.20998637383814897
2018-03-19,1950000.0,3.9,10.4,7.809292844528251,13.809818125998781,1.6600000000000001,0.2512744578397121,0.2472144358721368,0.1874229212942538
2018-03-20,14170000.0,1.1,7.2,5.230343102615746,14.498213914680994,1.2400000000000002,0.47771436189754024,0.45086292121974514,0.25948222011936345
2018-03-21,3580000.0,-0.1,4.0,5.9831941629231045,5.917210757498827,1.27,0.09891780371818523,0.09263135171221404,0.08766882026429276
2018-03-22,21040000.0,-1.1,12.0,5.262724650594675,7.5992909020179695,0.0,0.46088281509089224,0.41929684799099737,0.3342809449659424
2018-03-23,21600000.0,2.1,13.7,5.823255359318597,5.857350254135158,0.0,0.4331315136614437,0.3871646627056039,0.3683335996657334
2018-03-24,20480000.0,3.8,16.9,7.413435485102533,7.5484094741588486,0.0,0.5407594432778609,0.49415590565890344,0.41746667920103003
2018-03-25,21530000.0,4.0,19.1,7.3892934681275175,7.2730511586859645,0.0,0.6819957070609025,0.6314888476582776,0.48891769724272705
2018-03-26,21780000.0,6.0,19.8,8.320531486211214,7.21019763015411,0.0,0.6419545075353975,0.5891758019534401,0.49558713762157414
2018-03-27,21370000.0,8.1,21.7,8.982703512394506,5.998022437039783,0.0,0.6271079738642544,0.5729519619196667,0.5281305725885107
2018-03-28,21830000.0,9.1,23.7,9.440484908632968,5.824426977285138,0.0,0.7109835271780487,0.6539136478233017,0.5829401196678214
2018-03-29,19100000.0,8.4,22.8,9.233066918714115,9.311301298218945,0.0,0.8598424136163814,0.810718681257557,0.6207334165308387
2018-03-30,19200000.0,4.7,17.3,8.245391401514638,8.129056356786453,0.0,0.5232863653316174,0.47886093959639736,0.406125892196485
2018-03-31,21700000.0,9.6,22.2,9.121631485348336,4.3368934686979275,0.0,0.5439990356817181,0.4878415394497918,0.5108095152519653
2018-04-01,16719999.999999998,11.8,24.1,13.773323075572732,4.926519426830081,0.0,0.4603248466371694,0.41528033446860296,0.43167533813671566
2018-04-02,21390000.0,11.5,25.5,13.860794829224314,6.701383351562912,0.0,0.674386229913654,0.6161711890116168,0.5408781838569846
2018-04-03,19490000.0,13.5,26.2,14.807112404907407,5.719671096398715,0.08000000000000002,0.5900757057325962,0.535746935457904,0.5289288394692611
2018-04-04,2980000.0,7.2,10.7,9.710403161275458,13.89362283070792,1.01,0.2071171388416074,0.20058533134437612,0.1410458240728384
2018-04-05,2540000.0,7.3,10.0,9.724354957576251,8.365505345072952,2.7,0.12187271004563531,0.11635140845184114,0.11337613148581722
2018-04-06,13740000.0,3.2,13.9,5.916237008992752,14.01035081226708,0.17,0.6722859051287172,0.6425020026663478,0.4368621751252661
2018-04-07,16469999.999999998,-0.4,8.6,3.655592177600712,14.531137191531013,0.0,0.685686444680277,0.6545284706212102,0.3883396405007707
2018-04-08,21330000.0,4.2,15.0,6.339610039413273,10.538441617174191,0.0,0.6549417188909321,0.6073557547812075,0.4614451567366536
2018-04-09,22750000.0,4.9,16.7,6.722724963036224,5.656817567866861,0.0,0.5208505405835238,0.46847790465039596,0.4485120451408249
2018-04-10,21290000.0,14.3,21.5,12.939273887689103,13.51051560918043,0.61,0.8559732248432859,0.7986706491881801,0.5711742820778334
2018-04-11,23140000.0,8.3,20.9,7.136773446082685,9.589652638860013,0.0,0.8774914805872669,0.8192281451745818,0.6796794319246595
2018-04-12,23430000.0,5.8,21.7,6.312862193984508,8.15898660846829,0.0,1.0296247508067808,0.9717297829095468,0.6840042948608211
2018-04-13,12480000.0,10.4,16.6,7.211502304680226,11.307649085397356,0.05,0.7350867577632049,0.7044230562770453,0.5538090073944735
2018-04-14,2510000.0,6.1,11.9,10.6487925884743,9.670464318400969,1.7600000000000002,0.08867822709151182,0.08316903217217192,0.08718252031596704
2018-04-15,23750000.0,4.4,17.3,7.742810094788384,9.996704061732972,0.0,0.6962329843371226,0.6414885207323819,0.469266882359708
2018-04-16,21160000.0,8.1,19.0,9.273155075403169,6.497857640126432,0.0,0.5519773858764032,0.4999275362583466,0.4590647568687364
2018-04-17,20740000.0,6.4,19.5,8.95929817054874,4.531440104629857,0.0,0.496995475966556,0.44667829738145376,0.4254582323433344
2018-04-18,24670000.0,6.9,21.8,8.376670241896829,5.770552524257836,0.0,0.7418795748943636,0.6801019506246754,0.5676040483565215
2018-04-19,24810000.0,11.0,24.8,6.335782795769391,6.63254377269469,0.0,0.9672931307192242,0.9005163856744531,0.8146617287604864
2018-04-20,24600000.0,14.2,28.7,10.570408168598648,3.8011419635930763,0.0,0.7763869340185898,0.7059703329699898,0.6949472593472248
2018-04-21,24590000.0,13.7,29.8,10.247297492300442,6.641522848199242,0.0,1.1578136843823437,1.0870897080305326,0.8889485354627753
2018-04-22,5810000.0,9.8,20.9,12.014742792459968,13.393787627621272,1.56,0.5130932574278984,0.4982282457664037,0.4193265237131259
2018-04-23,1350000.0,9.2,11.6,12.320829949437389,12.699405788602695,3.0300000000000002,0.033114155146553234,0.03003815258122442,0.04145909954271702
2018-04-24,4450000.0,8.0,12.8,9.70482738245373,5.540089586307704,0.22000000000000003,0.19014251837286059,0.1800031025093693,0.1835942421858397
2018-04-25,25580000.0,7.9,20.9,6.1228333137477895,4.49253077744347,0.0,0.6724346185990916,0.6083079560238747,0.5999385816567944
2018-04-26,20500000.0,8.5,23.3,8.894565175827552,5.318605723862123,0.0,0.7081995803770058,0.6551475678076746,0.5776157046558937
2018-04-27,23510000.0,9.0,22.3,9.079492755674226,7.081497547922218,0.0,0.7707951971308866,0.7102664872736456,0.6121060366594102
2018-04-28,25470000.0,9.6,25.5,9.429609699056746,6.4469762122673115,0.0,0.9704147992263211,0.90231405008884,0.7122742108639362
2018-04-29,24320000.0,12.8,26.1,10.186056054478883,5.743615297744184,0.06,0.8221193557238633,0.7547956831320228,0.716544988915197
2018-04-30,23040000.0,13.8,27.5,15.453680294342437,6.342220331380889,0.11000000000000001,0.7601541418156653,0.6950563186519593,0.615675123693177
2018-05-01,12610000.0,14.0,24.4,16.731362320785717,7.204211579817744,0.49000000000000005,0.44298822647346725,0.408233985648687,0.392181999525259
2018-05-02,6120000.0,8.8,18.1,12.455582980328451,11.511174796833837,0.22000000000000003,0.3164387732404311,0.30141889087628415,0.25279049396092923
2018-05-03,24870000.0,6.8,19.0,6.951896742714726,13.489564433003144,0.06999999999999999,1.0051953804626865,0.9449287868987157,0.6568090284093614
2018-05-04,26590000.0,11.4,21.5,5.355987787061406,13.471606281994044,0.0,1.318170908524626,1.2485873301633437,0.9447094813090103
2018-05-05,22920000.0,15.1,28.1,10.67907641879601,8.658821811554937,0.9500000000000001,1.0697213610990255,1.0039567564355845,0.9049243650461832
2018-05-06,1900000.0,13.5,17.3,17.265037718946775,6.602613521012855,3.2600000000000002,0.03503550099312021,0.03016920540683517,0.05443168502972255
2018-05-07,5500000.0,11.2,16.9,14.85973289140059,7.569360650336133,0.9500000000000001,0.1601313221104798,0.14644941167180395,0.12541793124354877
2018-05-08,13570000.0,9.0,17.9,11.329601566972784,9.478910707637223,0.0,0.45531850249468275,0.4220146130042459,0.3379991266341263
2018-05-09,17690000.0,9.2,18.6,9.984239307059951,7.374814014404206,0.0,0.5409555564135106,0.4970965450462848,0.4337423285541074
2018-05-10,25710000.0,10.9,22.7,12.637268506192653,4.911554300989163,0.0,0.6122541485301094,0.5445040198048636,0.5035054448196161
2018-05-11,23550000.0,13.7,24.9,12.153343006480485,4.920533376493715,0.17,0.6696166636565857,0.6045960855815484,0.6042455790548823
2018-05-12,7260000.0,15.9,21.0,18.06223970691517,8.120077281281903,2.16,0.2833382500378117,0.2635974921598681,0.2301387188738318
2018-05-13,19450000.0,12.7,24.4,15.441097013886637,7.509500146972464,0.020000000000000004,0.585781225147805,0.5327977599775439,0.47612502470223267
2018-05-14,26250000.0,15.1,27.8,16.953080272433784,4.570349431816242,0.0,0.7146873417969901,0.6395476760439109,0.5953518608924296
2018-05-15,23020000.0,20.4,30.7,19.58290563580728,4.69605648887995,0.03,0.7422528195052323,0.6723045360242873,0.673403021146925
2018-05-16,11740000.0,21.7,26.2,25.481203665052192,8.470261225959375,0.24,0.42255958494414514,0.38766153064839115,0.3152389521702307
2018-05-17,18560000.0,21.1,29.2,25.338518863451604,9.975752885555687,0.68,0.6844911786929105,0.6283952642751899,0.5058740724347526
2018-05-18,9180000.0,12.0,24.0,15.228552724200725,11.10711639912906,0.86,0.48702963533097227,0.4622751147667882,0.4245109232829116
2018-05-19,25540000.0,9.6,18.7,10.570408168598648,11.032290769924472,0.0,0.7581125656750631,0.6944376422875584,0.4882787228056654
2018-05-20,20560000.0,11.5,19.0,11.477373600901164,13.277059646062115,0.0,0.7702304084323548,0.7177378533832248,0.4818828661306302
2018-05-21,17510000.0,10.9,23.3,13.196380831943321,9.691415494578253,0.0,0.6534484304162845,0.6070348109114326,0.5088870491486843
2018-05-22,19760000.0,16.4,26.9,15.605383110034278,5.363501101384876,2.93,0.6444489482367176,0.5877063991421385,0.5866532352447166
2018-05-23,24560000.0,11.1,24.5,11.597461531501057,7.231148806331396,0.0,0.822402410278378,0.7564227852383042,0.6390496613094448
2018-05-24,27840000.0,13.1,27.8,11.269055515568796,6.9976928432130805,0.0,1.0812085976075432,1.0028102914447554,0.8241937961247787
2018-05-25,24620000.0,16.2,27.5,13.19272866580908,4.684084388207216,0.0,0.7444697624756944,0.6735480375763974,0.6899809203542594
2018-05-26,26590000.0,15.0,29.3,14.6702622541238,3.585644151483862,0.0,0.7795192777947968,0.7025636895905174,0.6619090487159636
2018-05-27,17870000.0,18.2,29.0,17.099262557597378,3.8191001146021772,0.0,0.579476825690149,0.5266231843094967,0.5594974021563448
2018-05-28,20010000.0,18.1,28.6,18.722053778883883,4.390767921725231,0.020000000000000004,0.6157519333794037,0.5567839141588791,0.5550990834342291
2018-05-29,21640000.0,18.9,29.9,19.764381123271047,3.7233233092203046,0.08000000000000002,0.6405004044833712,0.5757645002410617,0.575961020457602
2018-05-30,19830000.0,15.5,27.8,18.87151442274763,5.6209012658486595,0.67,0.598583946207232,0.5416403860581679,0.5097519603246595
2018-05-31,22570000.0,14.7,27.5,14.431469248261568,6.683425200553811,0.0,0.7989629798223263,0.7347204782901929,0.6791065021981282
2018-06-01,24630000.0,18.6,32.0,14.250712914147032,5.36649412655306,0.0,0.9575858616965546,0.8829938751426362,0.8686147992140653
2018-06-02,26830000.0,19.4,33.4,12.630237758210827,5.593964039335008,0.0,1.123246062293475,1.0408174937329566,1.001316906143537
2018-06-03,23460000.0,18.7,33.3,14.18441660751525,3.947800196834069,0.0,0.8969694796016775,0.8252632587094102,0.8062779262282295
2018-06-04,17550000.0,20.5,31.3,15.328251520118087,5.641852442025944,0.010000000000000002,0.7710620523164928,0.7174894994684995,0.7914098142366415
2018-06-05,9240000.0,17.6,24.6,18.450734464366274,3.621560453502065,0.020000000000000004,0.3225824189174179,0.29628198851613685,0.31567187862606333
2018-06-06,25430000.0,18.0,33.4,17.78033659180798,4.175270109616017,0.0,0.9209234612803243,0.8434993122365091,0.7684004998181682
2018-06-07,26790000.0,19.9,34.6,18.82656685893883,6.114750418598941,0.0,1.127682310116606,1.0445004662321442,0.9264834847500083
2018-06-08,25040000.0,17.9,31.6,16.41018681479858,9.876983055005631,0.0,1.2359038283820885,1.1606332092515554,0.9532718617205932
2018-06-09,24850000.0,16.6,25.6,15.826816264154147,14.93519558923579,0.1,1.0907506513841683,1.020018433259511,0.7173672479403145
2018-06-10,12250000.0,15.9,22.8,16.704388732720854,10.888625561851663,0.8400000000000001,0.549905603302615,0.516054073201248,0.41433502334738437
2018-06-11,12620000.0,13.9,20.8,15.303273266559977,6.88695091199029,0.24,0.4089358575174865,0.375321960329528,0.32879286349228654
2018-06-12,19000000.0,16.4,25.0,16.383667958431545,4.926519426830081,0.13,0.5704493542972732,0.5167217874197412,0.4922076617957621
2018-06-13,15720000.0,15.7,26.1,17.071769490937108,8.500191477641211,0.03,0.6204749888249947,0.5758758710652245,0.526115452279058
2018-06-14,20180000.0,15.2,26.5,15.361611516658272,12.259431088879717,0.0,0.9081436658523634,0.8509380623163437,0.6925842861818643
2018-06-15,23160000.0,13.8,23.3,13.581091754662738,11.13405362564271,0.0,0.8505767384573663,0.7874869156633689,0.6053103662548406
2018-06-16,26000000.0,13.7,25.5,14.203887344901192,8.742626516264076,0.0,0.8449007059271564,0.772737776465776,0.6586239634153191
2018-06-17,17040000.0,17.9,29.7,17.704556213800824,3.594623226988413,0.0,0.5545712598415328,0.5040270312030772,0.5426775083156484
2018-06-18,21470000.0,19.2,32.4,19.214167776592788,4.271046914997889,0.0,0.7535884574160508,0.6881352368252641,0.6839010937738255
2018-06-19,8150000.0,17.6,25.3,21.87701647905409,4.956449678511916,1.06,0.27341395374175254,0.25008487656508227,0.2500138133968
2018-06-20,19550000.0,17.6,29.1,18.00458824497617,7.491541995963362,0.0,0.7498324944263676,0.6922200618545905,0.6658389442873547
2018-06-21,27820000.0,17.5,31.3,13.029297757339055,7.937502746022706,0.0,1.2472465247572628,1.1640231949965858,1.0142988289315924
2018-06-22,19840000.0,21.1,32.3,14.392004047363745,4.1573119586069165,0.0,0.7497376003412711,0.6885529065092609,0.7800316188396473
2018-06-23,20050000.0,19.4,32.3,14.305514044122077,6.779202005935683,0.0,0.976862035202459,0.915697904703541,0.9242466156206909
2018-06-24,27520000.0,21.0,35.7,16.291147750565546,8.054230727581865,0.0,1.4518348784582857,1.3652604388243934,1.1690406639872184
2018-06-25,19090000.0,19.7,36.1,18.10076384002347,4.609258759002628,0.0,0.9486709007919764,0.8889320600594048,0.8213018818248272
2018-06-26,7760000.0,23.5,26.5,28.10853988207784,11.795512187811271,3.7100000000000004,0.3587264628752837,0.3353200777639441,0.2575250478266285
2018-06-27,12880000.0,22.6,29.8,26.87211279018988,7.105441749267688,1.59,0.51023504049605,0.47076532196836596,0.43420044461369167
2018-06-28,4050000.0,21.2,24.0,25.494209754125798,4.046570027384125,3.34,0.13293828823023565,0.12113587844318341,0.13248152770842953
2018-06-29,15020000.0,22.2,29.3,26.171914192785408,4.4745726264343695,0.31000000000000005,0.4873954807280655,0.44163560955466935,0.41347075368805264
2018-06-30,5110000.0,20.6,25.8,25.781815000393422,4.1094235559159795,4.38,0.177482348964858,0.1624567084407744,0.1698946151142165
2018-07-01,10770000.0,22.5,28.0,28.143976301953586,6.695397301226544,1.9500000000000002,0.3728461870505898,0.3402510626069367,0.2942046639655416
2018-07-02,8130000.000000001,22.7,26.8,28.64419691809117,5.932175883339745,2.12,0.2661274993039194,0.241688596207624,0.20879603711186373
2018-07-03,8320000.0,21.9,24.9,26.76333659416371,12.187598484843312,2.5300000000000002,0.30179955561086647,0.27726317929689087,0.189504980860628
2018-07-04,21210000.0,21.8,31.3,27.20076143169597,7.4167163667587745,1.79,0.7187908800837165,0.6535044894545382,0.5602904757806441
2018-07-05,7040000.0,19.8,24.6,24.110217296274957,11.699735382429395,0.8,0.3007537363081147,0.2803631270806418,0.21627302980934004
2018-07-06,7910000.0,16.8,22.2,20.08946941100287,9.404085078432635,0.27,0.2894821312686324,0.26756617480974126,0.21584917910619877
2018-07-07,16880000.0,16.6,23.6,17.320608373527328,10.38579733359683,0.0,0.6399016894164722,0.5926468220371375,0.46402524564881675
2018-07-08,17430000.0,17.9,23.0,18.702204264484166,10.568371868856026,0.04000000000000001,0.6156776260758201,0.5665942037907128,0.41771963627152003
2018-07-09,6590000.0,18.0,21.3,21.24780317089807,9.52679911032816,1.04,0.2222505294435103,0.20394411163909867,0.15411890147680807
2018-07-10,18710000.0,22.4,30.5,27.974236462193378,4.558377331143508,0.04000000000000001,0.5720696710173337,0.5145513122914499,0.45916749235010473
2018-07-11,16620000.000000002,22.7,32.1,30.570747607961376,4.1543189334387325,0.010000000000000002,0.5152567560566499,0.4635580660304033,0.42358593988820614
2018-07-12,22180000.0,24.4,32.7,31.16257153465135,5.082156735575625,0.06,0.7090985062776277,0.639161780296559,0.5541797227530105
2018-07-13,21500000.0,24.4,33.5,30.876953190956005,4.49253077744347,0.0,0.6959181061920826,0.6278162244320102,0.5679122752243911
2018-07-14,26310000.0,24.5,34.3,30.738831229390446,3.9058978444794996,0.0,0.8137341403478784,0.7299770790589585,0.6544943198596044
2018-07-15,26630000.0,25.5,34.9,31.14707400561072,3.8939257438067654,0.0,0.8458581157841403,0.7603445986354684,0.6879050353748799
2018-07-16,25800000.0,24.2,35.1,29.298728473568687,4.597286658329893,0.0,0.845253009259064,0.762893921737932,0.7100506650532649
2018-07-17,26330000.0,23.6,35.3,28.32887506456815,4.740951866402703,0.0,0.8644312692036399,0.7805643258958699,0.7360567103237108
2018-07-18,25620000.0,24.4,34.9,29.17410439198506,3.5227906229520087,0.0,0.800622060333153,0.7188375710970522,0.6729319531816735
2018-07-19,26570000.0,25.0,35.9,28.264752011366067,3.376132389711016,0.0,0.8452579376852567,0.759711435775283,0.7295367704060365
2018-07-20,26960000.0,25.8,37.3,27.651398333790308,3.316271886347345,0.0,0.8841250432937526,0.7963401283214088,0.7868548044072622
2018-07-21,23150000.0,25.4,35.9,30.146511074785664,3.3222579366837124,0.06,0.7564808408876909,0.6817896004947097,0.6550968210383358
2018-07-22,22380000.0,26.1,35.6,27.77032709280512,5.770552524257836,0.0,0.8754141753778175,0.8030575682630101,0.7914304830258775
2018-07-23,22670000.0,26.5,36.7,27.407944432107726,4.540419180134406,0.0,0.8496535693669088,0.7758006306933917,0.7894693715944973
2018-07-24,22840000.0,26.1,37.7,29.97376461897717,4.348865569370662,0.0,0.8339144166181643,0.7592868625284679,0.7616249354990299
2018-07-25,23430000.0,27.2,38.5,27.52595869276027,5.0731776600710745,0.0,0.9384443143268353,0.8611883641656574,0.8981836435080343
2018-07-26,23420000.0,28.1,38.1,30.04876536635805,3.5826511263156786,0.13,0.8443653819209581,0.7669622571875947,0.7687840008958822
2018-07-27,21570000.0,26.4,38.7,30.93851428108509,4.965428754016468,0.16000000000000003,0.8582852795101438,0.7873635152493208,0.794338751805958
2018-07-28,19950000.0,24.8,35.6,27.228306571694016,6.1746109219626115,0.13,0.8157687396823079,0.7517058531965398,0.7602969919767919
2018-07-29,22630000.0,25.8,36.6,25.703097472517662,10.388790358765014,0.16000000000000003,1.17890949968863,1.105482401912251,1.0613547734985134
2018-07-30,20080000.0,24.1,33.6,26.98127489104962,8.479240301463925,0.32000000000000006,0.8557906543126335,0.792258494111126,0.7358176893456452
2018-07-31,21170000.0,24.5,35.6,26.83807882853746,8.610933408864,0.0,0.9573556837428272,0.8894838358334457,0.8623953204608986
2018-08-01,24960000.0,25.2,38.4,26.695546926658743,8.099126105104617,0.0,1.2039366962104476,1.1224623717765316,1.0460971197874744
2018-08-02,22860000.0,25.5,38.1,26.702319138198103,7.497528046299729,0.0,1.0718282043340976,0.9972086908501506,0.9862390057278587
2018-08-03,23370000.0,26.1,38.3,27.742303752629763,6.494864614958248,0.010000000000000002,1.0000717266656194,0.9234890521580488,0.9397390416754989
2018-08-04,24160000.0,26.9,41.0,26.892551254206477,7.967432997704543,0.020000000000000004,1.3707278099898312,1.290260237098521,1.1896803768268869
2018-08-05,21570000.0,27.1,37.3,26.171914192785408,8.126063331618269,0.020000000000000004,1.0638382726841613,0.9931541353658773,1.013897144858284
2018-08-06,16300000.0,24.9,34.5,30.900026067969275,6.162638821289878,2.0,0.644963705129014,0.5929022873299202,0.5766083183577869
2018-08-07,18420000.0,24.5,34.6,26.76333659416371,7.695067707399842,0.0,0.8236373822116935,0.7649010753412553,0.7569420161139722
2018-08-08,21850000.0,24.6,37.0,27.38716431236673,6.608599571349223,0.25,0.9207907616347448,0.8501841304577524,0.8470160642768881
2018-08-09,19410000.0,25.1,36.3,29.144848397360473,6.018973613217068,0.96,0.7845245148168477,0.7218674757016111,0.7307499692840631
2018-08-10,15420000.0,24.6,31.1,29.298728473568687,8.087154004431882,0.15000000000000002,0.6165567446492469,0.5683311331204519,0.5007107365400658
2018-08-11,20470000.0,24.7,33.0,26.878924103713167,10.807813882310707,0.09000000000000001,0.9554615704712355,0.8906954689112325,0.7775631694501809
2018-08-12,15600000.0,25.2,31.8,31.614935029854806,6.087813192085289,0.45,0.5550983442194252,0.5059375813232138,0.450612173248532
2018-08-13,21130000.0,26.1,36.1,29.779526511900684,3.5347627236247425,0.06,0.7215874475585471,0.653096998645964,0.6470255231473336
2018-08-14,23480000.0,25.2,38.4,26.722644776394567,5.055219509061973,0.0,0.9529991783335682,0.8763558635215352,0.8682506619207366
2018-08-15,22570000.0,25.6,36.3,28.824718284770537,8.141028457459187,0.27999999999999997,0.9693648322816107,0.896318870684578,0.8608734982225303
2018-08-16,15960000.0,22.0,31.1,23.370753243795274,11.011339593747186,0.27,0.8183606867505671,0.7692342938018785,0.6942086311525701
2018-08-17,21860000.0,18.5,29.4,17.28354387609431,9.377147851918982,0.0,0.9047214526117262,0.8397409188037891,0.7783668540618394
2018-08-18,18810000.0,18.2,29.4,18.32367823569795,6.288345878353585,0.0,0.6750197773503508,0.6192253559483938,0.6281906045824106
2018-08-19,24200000.0,20.6,33.1,20.704869608058804,4.073507253897777,0.0,0.762327179833697,0.6875567483180836,0.6982707328554439
2018-08-20,21110000.0,21.2,34.7,21.34227699765084,5.632873366521393,0.0,0.8667123123222732,0.8006131457436982,0.7863963892577039
2018-08-21,24630000.0,25.3,36.4,24.534695421809747,7.713025858408942,0.0,1.0564249909367718,0.976793926002111,0.9844964535820526
2018-08-22,21370000.0,27.3,35.9,27.125137725609306,13.657173842421422,0.010000000000000002,1.3040542931862447,1.2344364149571727,1.0925565879317407
2018-08-23,15060000.0,25.0,32.4,29.943810081251343,17.907269581242026,1.7300000000000002,0.9302085883944754,0.8826406389119322,0.6562463522534359
2018-08-24,15010000.0,22.6,32.4,26.804082517678264,12.005023949584116,0.16000000000000003,0.7724351241682708,0.7256880343292174,0.6445687037158319
2018-08-25,14710000.0,20.4,30.6,24.2343921861756,5.091135811080175,1.35,0.5025631798525035,0.4578951328687612,0.46516333658334796
2018-08-26,4019999.9999999995,20.5,25.3,26.005992913123727,4.121395656588713,2.74,0.1328633581626219,0.12109533764780614,0.13372413953376114
2018-08-27,5970000.0,23.5,26.9,30.692910492258218,4.872644973802778,3.16,0.1778109303340705,0.15975500412559945,0.14135696548614787
2018-08-28,12240000.0,23.4,29.8,29.064526385125276,5.447305806094015,0.31000000000000005,0.4164000474918438,0.3787004171109646,0.3512335186962945
2018-08-29,20750000.0,24.7,31.6,28.67301385468428,8.802487019627748,0.12,0.7826165113855648,0.7174915637241513,0.6077923855431461
2018-08-30,14940000.0,23.9,30.0,30.131455242923007,7.159316202294991,2.87,0.5046300601282241,0.4584127978367647,0.3871963987895654
2018-08-31,7400000.0,21.0,25.5,26.85168789313232,4.208193386466036,2.09,0.20324197584559314,0.18146669972333102,0.16556672179730098
2018-09-01,16469999.999999998,18.2,26.9,20.808117020135903,10.101459942619396,0.0,0.6128397391371706,0.5648796843338378,0.4770689227242295
2018-09-02,9530000.0,20.1,24.6,21.54355353666678,8.32958904305475,0.41,0.40149408958865324,0.37382766879386636,0.33605264239185473
2018-09-03,5190000.0,21.4,26.1,28.629797931423273,5.809461851444222,12.56,0.14535536027458867,0.12997177648735775,0.11483692150185074
2018-09-04,20660000.0,18.5,28.4,20.221872097478897,9.54475726133726,0.05,0.7477476249374826,0.6867750793110586,0.6011967113275326
2018-09-05,22120000.0,18.8,28.2,18.36757219573572,7.802816613454448,0.0,0.7636065610709118,0.698277665940162,0.6506939696256132
2018-09-06,14890000.0,20.7,27.7,21.481876878220117,6.252429576335383,0.47000000000000003,0.5345004100935364,0.4900817570572644,0.4768023825418018
2018-09-07,10130000.0,15.5,25.5,19.032090309365262,6.5367669673128175,0.26,0.35762668158538,0.32907644142547,0.337926893858564
2018-09-08,7300000.0,14.5,22.4,17.516342597874335,2.957108866165322,0.0,0.20485247842290583,0.18500295603874767,0.20748073397936245
2018-09-09,19270000.0,15.8,26.1,18.197389392706437,6.279366802849035,0.020000000000000004,0.5450503537236946,0.4903347816130699,0.4624951040134901
2018-09-10,20040000.0,14.8,24.2,15.216130483593078,7.509500146972464,0.0,0.6088248467666788,0.5533007295181102,0.5067029682649473
2018-09-11,15570000.0,15.8,23.2,15.865419811858626,8.084160979263702,0.0,0.5370173973574239,0.49387815057298223,0.4452108103303349
2018-09-12,12650000.0,18.6,24.5,19.894906544835635,8.404414672259337,0.020000000000000004,0.4654114865287853,0.429143534320395,0.3795787810142798
2018-09-13,4080000.0,20.4,21.5,23.400912110075534,8.039265601740949,0.8800000000000001,0.14471144960321364,0.13312662686261434,0.11527332008592953
2018-09-14,6310000.0,20.0,23.2,23.765481832409662,7.76091426109988,1.2400000000000002,0.2086163126976872,0.1905109612392965,0.16296643713838932
2018-09-15,7150000.0,20.2,24.8,24.34038002898106,4.235130612979687,0.32000000000000006,0.21372523303455285,0.19292051862184295,0.1909940332377023
2018-09-16,15090000.0,19.1,27.1,22.34797009332508,5.785517650098753,0.05,0.4509195810270601,0.406613901720418,0.38426587168344906
2018-09-17,17450000.0,17.1,27.3,20.344356725958733,4.851693797625493,0.04000000000000001,0.47145042010241844,0.4209083560371626,0.41633480275162693
2018-09-18,20550000.0,17.7,27.2,17.676211650420118,4.193228260625117,0.0,0.5461931695111211,0.4864433735184356,0.5008375691824847
2018-09-19,11760000.0,20.2,25.9,21.991075134168597,6.512822765967349,0.61,0.41124383044644686,0.3767409462286288,0.35960821970818696
2018-09-20,5790000.0,18.5,22.9,20.770026187312347,9.212531467668889,0.65,0.2761798391753173,0.25980707011105886,0.2359527255148779
2018-09-21,3770000.0,16.1,21.2,21.07096255909493,4.531440104629857,2.4800000000000004,0.08935095893715349,0.07906245811502761,0.08416665874506317
2018-09-22,18710000.0,15.1,26.1,15.63927177113416,5.8962595813215435,0.0,0.5480323541247845,0.495212478074999,0.5119630968177831
2018-09-23,17860000.0,13.6,26.3,15.092396408459866,6.189576047803529,0.0,0.5585857794812723,0.5087151963853284,0.5125893977797165
2018-09-24,14700000.0,11.5,21.3,11.827681949722312,6.243450500830832,0.0,0.4474724268314623,0.40904241187430346,0.4196276922336419
2018-09-25,18340000.0,14.2,22.7,13.225630160821535,7.111427799604055,0.0,0.5598924700015754,0.5100239439021974,0.4928075117639077
2018-09-26,11120000.0,11.8,20.9,12.982416884668034,7.096462673763137,0.0,0.3880921301351626,0.3590504430743101,0.36026293950561394
2018-09-27,14850000.0,13.0,21.9,13.000430414899476,6.030945713889802,0.010000000000000002,0.44212721330643534,0.4024976273659046,0.41266460470235194
2018-09-28,7840000.0,15.4,20.6,16.120539837558635,4.0136467505341065,0.19,0.23616999885676493,0.21502888325510877,0.23435863570087329
2018-09-29,5060000.0,15.5,20.1,18.10076384002347,4.211186411634219,0.15000000000000002,0.14965462225732365,0.1360611001603052,0.14754616184817265
2018-09-30,15710000.0,12.7,25.6,11.97779470375623,11.59198647637479,0.0,0.8696591779115275,0.8263994278196805,0.6977786275589863
2018-10-01,16600000.000000002,10.1,19.7,11.291328748847736,9.020977856905143,0.03,0.5041769833906458,0.46210914070088654,0.4128077693416909
2018-10-02,19270000.0,11.3,21.2,11.758197439624515,4.761903042579988,0.0,0.4328126913567264,0.3825872748636986,0.40451639956405483
2018-10-03,19360000.0,12.0,22.7,13.036523389403737,4.693063463711767,0.0,0.43737460634156944,0.38580843759680894,0.41140251377734227
2018-10-04,12740000.0,16.5,23.4,16.361597634324003,10.62224632188333,1.87,0.5507843751095416,0.5152103981418862,0.45079063793721474
2018-10-05,2100000.0,17.7,20.4,21.17027621747155,11.90625411903406,8.68,0.08654011741058219,0.08076774012265185,0.08028022266526692
2018-10-06,6610000.0,14.4,22.5,18.30419933353059,11.9900588237432,3.23,0.29035993480374944,0.2723866001517925,0.2391345833330943
2018-10-07,17990000.0,10.8,24.2,12.630237758210827,7.335904687217819,0.0,0.5785464852989157,0.5304913683607113,0.4996218176583003
2018-10-08,16370000.000000002,11.2,19.9,11.23096276519244,3.9567792723386193,0.0,0.3535275402241004,0.3114689336068682,0.3469694721563534
2018-10-09,11430000.0,12.9,19.4,13.439397017883945,5.058212534230157,0.010000000000000002,0.30077749229059936,0.2710465295752264,0.2850550822767156
2018-10-10,13860000.0,7.4,17.6,8.587049325255085,9.948815659042035,0.0,0.5108387230322599,0.4775672791231232,0.4255160453630296
2018-10-11,18110000.0,4.6,14.8,6.893966218994298,9.398099028096267,0.0,0.4906860776483879,0.45017548150346637,0.39037956608158675
2018-10-12,18000000.0,8.1,16.2,8.933355304499974,4.007660700197739,0.0,0.3238969802253983,0.28104779533923957,0.30867975921770674
2018-10-13,15090000.0,9.1,18.6,11.082854886571562,3.480888270597439,0.0,0.2804607669453639,0.24308984582118773,0.2779097798228475
2018-10-14,15630000.0,9.2,19.2,11.500008665129778,4.001674649861372,0.0,0.2979525648530787,0.2589415993390894,0.29141745074745523
2018-10-15,16790000.0,9.4,20.2,11.76479950605126,5.6209012658486595,0.0,0.36092499236036024,0.3184669272194475,0.34192655845300396
2018-10-16,7400000.0,9.7,17.1,11.702211324254417,2.858339035615266,0.010000000000000002,0.16888509457516207,0.15074452653605303,0.18549779482833614
2018-10-17,15410000.0,6.3,19.1,10.573413534697023,5.177933540957497,0.0,0.31512211328692,0.27795438774335884,0.3011221806268135
2018-10-18,13650000.0,6.6,17.8,10.477614060344141,4.920533376493715,0.21000000000000002,0.26454037479350945,0.2320072495894534,0.2640500951847553
2018-10-19,16120000.000000002,7.9,18.5,10.090470634774837,4.639189010684463,0.0,0.3130055668726303,0.27366960724578726,0.3139571402928326
2018-10-20,16440000.000000002,8.2,19.3,9.86484721955462,2.3076224046694973,0.0,0.2567831901593675,0.21616034456694216,0.27497310433269
2018-10-21,16200000.0,6.7,19.8,9.811250940739514,3.0678507973881124,0.0,0.28549809960889466,0.24592136651057234,0.2958926696292693
2018-10-22,12970000.0,11.0,19.4,12.778607850732318,2.876297186624367,0.0,0.23216191833839878,0.199082655933511,0.2371871189467826
2018-10-23,13070000.0,8.2,19.5,11.778013421827099,5.866329329639708,0.04000000000000001,0.2854697373901383,0.2531014180334132,0.2859914383646057
2018-10-24,15810000.0,8.2,18.2,9.887491120566136,4.23812363814787,0.0,0.2920619150628154,0.253482416198027,0.3022057075066891
2018-10-25,15270000.0,8.3,19.4,10.546392301630549,3.4958533964383562,0.15000000000000002,0.2666436882975609,0.22882699077826535,0.2871694191286306
2018-10-26,4790000.0,7.7,16.3,12.448641178871915,7.270058133517781,0.4,0.13639303498503658,0.12503169116289156,0.13951397487821413
2018-10-27,9100000.0,3.9,14.2,7.0585187724885445,9.685429444241887,0.010000000000000002,0.376263275996408,0.35626226717127135,0.32765838957763366
2018-10-28,12750000.0,6.2,17.2,9.063735027255829,9.083831385436998,0.12,0.38058992484272003,0.3505691043848268,0.3448672379443163
2018-10-29,10580000.0,2.4,15.1,7.492933338512442,8.967103403877841,0.08000000000000002,0.34786531815553084,0.3248030819581666,0.30400772542710597
2018-10-30,15010000.0,2.2,11.9,5.959592706798501,7.2850232593587,0.0,0.31717603409420214,0.28601680576851607,0.2894845710484768
2018-10-31,14430000.0,3.8,13.7,6.488521661947797,6.479899489117331,0.0,0.3171209672822842,0.285666518480019,0.31179018517527723
2018-11-01,14680000.0,4.6,14.3,7.0270104369313655,4.854686822793677,0.0,0.26586610380671655,0.23324776215723433,0.28237155068239744
2018-11-02,14460000.0,6.2,16.3,7.202927036514729,2.041243164701164,0.0,0.1948633677163193,0.16119422451054283,0.2342213274972827
2018-11-03,14370000.0,7.4,17.8,7.395870760807439,2.909220463474386,0.0,0.2413194537705373,0.2067418546824134,0.2948561028639157
2018-11-04,14190000.0,7.5,18.4,7.699523754239863,3.828079190106728,0.0,0.2774594360440743,0.24303316969293637,0.333706910248943
2018-11-05,13740000.0,6.8,18.7,9.715981762170927,2.8403808846061653,0.0,0.205120237286333,0.17194140584218287,0.24420564038093864
2018-11-06,12490000.0,10.5,18.9,12.177146447861412,4.300977166679725,0.04000000000000001,0.23368731516972954,0.20217101528254405,0.24889643001974399
2018-11-07,5820000.0,12.1,18.1,14.27026354456566,4.6571471616935645,0.22999999999999998,0.15204690824859718,0.1372347517063265,0.16559134496048405
2018-11-08,3440000.0,10.4,17.2,15.741325546104688,8.398428621922971,1.8399999999999999,0.05029391899558474,0.04178419422725204,0.052155789457539736
2018-11-09,7960000.0,6.6,16.0,9.932916319361226,8.063209803086416,0.0,0.2487642852436251,0.23020675825871736,0.24461257983300685
2018-11-10,12880000.0,7.0,17.5,9.707614919181752,4.633202960348096,0.0,0.22997048808498702,0.1992356475453531,0.2608250007044858
2018-11-11,10030000.0,6.9,16.3,10.032925340315074,3.1277113007517836,0.34,0.15757049395698733,0.1340122053115585,0.18792198189704284
2018-11-12,11660000.0,4.8,15.0,8.891984455135013,3.5197975977838247,0.0,0.16159083782406652,0.13536926044403405,0.19090597039180981
2018-11-13,7380000.0,6.3,14.4,9.169243524105543,5.121066062762011,0.0,0.17900486607122568,0.1622112084722068,0.2004173951767121
2018-11-14,11950000.0,4.5,16.0,9.18781838898254,4.95046362817555,0.0,0.18947638901997044,0.1623541618883893,0.21947834704337738
2018-11-15,11430000.0,5.6,15.3,8.614612513879518,2.104096693233018,0.0,0.13631016753938216,0.11023290605905875,0.17181507389977818
2018-11-16,5870000.0,2.8,12.9,8.527181256527244,5.294661522516655,0.06,0.12792721146215133,0.1154532402217067,0.1524116150104897
2018-11-17,12470000.0,1.9,13.4,5.874949797622167,5.42635462991673,0.0,0.2383381424633877,0.21199162992896686,0.2772954553628193
2018-11-18,4070000.0000000005,2.7,9.8,5.108895847452513,6.20753419881263,0.0,0.24722461167812484,0.2389772709461589,0.2566331003850347
2018-11-19,12100000.0,0.1,12.7,5.869583340920816,5.968092185357948,0.0,0.23546048912334924,0.21082868528560975,0.25406300904127865
2018-11-20,12350000.0,0.4,12.0,4.219768077458998,3.726316334388488,0.0,0.19525042487570096,0.17026307941679972,0.2583129186776322
2018-11-21,8570000.0,-0.1,13.1,5.771963664830714,4.995359005698303,0.010000000000000002,0.2192053443439259,0.20170636372644496,0.2439525434699214
2018-11-22,12210000.0,-3.6,7.2,3.601877631717705,7.928523670518157,0.0,0.2605150976725479,0.2391903073372148,0.24629626316835015
2018-11-23,12050000.0,-2.8,7.2,3.142914666850726,5.423361604748546,0.0,0.2179679399810875,0.19661764591438557,0.24373568322542596
2018-11-24,5290000.0,-0.8,7.7,5.529927700698379,2.7146738275424567,0.22000000000000003,0.08854864784157195,0.07875781633399696,0.118678143411117
2018-11-25,8570000.0,1.2,10.7,6.970608366736929,4.872644973802778,0.0,0.13060416209456333,0.11339805359418569,0.1559051536251605
2018-11-26,11390000.0,3.6,13.0,6.67249136529879,3.148662476929068,0.0,0.14620505566144468,0.12168819302017612,0.1955163277641791
2018-11-27,11290000.0,0.9,14.7,7.433239813608482,6.264401677008117,0.0,0.2276633192660838,0.20370617949589437,0.23467572519167815
2018-11-28,9230000.0,0.2,10.8,3.7736133049519105,4.193228260625117,0.0,0.20452546183481995,0.18625334915860645,0.2636367226102458
2018-11-29,10650000.0,2.9,11.9,4.467624148813176,3.8909327186385823,0.0,0.20027830526665863,0.1779404942815724,0.26429078920592053
2018-11-30,11130000.0,1.3,11.3,4.4816863567019425,5.312619673525756,0.0,0.23286592428849148,0.21027782123881583,0.27959763830058393
2018-12-01,7640000.0,1.2,11.3,5.545212579586526,3.947800196834069,0.0,0.1558688964166776,0.14038740177485456,0.20439954341544567
2018-12-02,7600000.0,4.6,13.6,9.527885223533374,3.28634163466551,0.67,0.09188261209845903,0.07515557640226123,0.12309503657955126
2018-12-03,5000000.0,9.9,17.7,14.64222548347855,3.7742047370794243,1.07,0.07431163334734539,0.06194284734686182,0.09546187623431615
2018-12-04,3600000.0,-1.2,13.8,6.293817715788962,9.329259449228045,0.67,0.3597349592732732,0.35242883429763683,0.2775602693615536
2018-12-05,10560000.0,1.6,9.9,5.492721499315727,3.471909195092888,0.21000000000000002,0.1320294886537458,0.11095965061916299,0.17733382401398745
2018-12-06,4750000.0,-6.0,6.9,4.623033078855382,11.792519162643087,0.09000000000000001,0.21945648120828132,0.21156597786227396,0.17075439774583234
2018-12-07,9140000.0,-7.7,-2.8,1.6857221630169046,11.879316892520407,0.0,0.3042973188128492,0.29233896629011247,0.19193367844320258
2018-12-08,9930000.0,-7.6,-1.9,1.7341399093005594,10.768904555124323,0.0,0.2861079585455176,0.2728171122826711,0.19644733082936433
2018-12-09,11190000.0,-7.2,-0.2,1.1780643507001982,5.501180259121319,0.0,0.19926164552624143,0.18356952527235135,0.20953073799663943
2018-12-10,10860000.0,-4.7,5.6,2.474138043929297,3.0648577722199293,0.0,0.12446939135076023,0.10642920896388866,0.17859983303834018
2018-12-11,2160000.0,-3.9,1.7,5.222275326194369,4.564363381479875,0.36000000000000004,0.03533064799655603,0.031953238812046786,0.043931512902696104
2018-12-12,10980000.0,-5.5,2.3,2.87225407920386,7.674116531222558,0.0,0.1973705631571718,0.18054562348498032,0.18173953210008525
2018-12-13,7530000.0,-6.2,5.2,3.0576258860409773,9.083831385436998,0.0,0.24905311745399183,0.2369954071572887,0.22294400469698603
2018-12-14,10940000.0,-6.4,1.9,2.388257736049337,6.4469762122673115,0.0,0.183990641381882,0.16767011159899856,0.18607786382454644
2018-12-15,10720000.0,-3.6,5.4,1.7082843817570428,3.265390458488225,0.0,0.1510743588169296,0.13296201992295742,0.213190390384728
2018-12-16,4059999.9999999995,-2.3,2.8,4.36477338607554,3.7891698629203416,0.21000000000000002,0.0874824132150991,0.08078935413084792,0.10522787813480505
2018-12-17,10470000.0,-3.3,5.9,3.756720827285072,8.970096429046022,0.0,0.24229651539314326,0.22434179163294748,0.2178498132472674
2018-12-18,7960000.0,-1.3,7.2,4.615800771085518,7.006671918717631,0.0,0.1912401891089299,0.17675906280215217,0.19667471452993063
2018-12-19,10030000.0,3.2,12.0,5.083648505930906,4.417705148238882,0.0,0.19441117549949763,0.17325062338607616,0.2558519974395195
2018-12-20,6810000.0,-1.2,10.6,5.121561099198694,3.403069616224667,0.0,0.12125864852294639,0.1081185365369312,0.17598953874179163
2018-12-21,9820000.0,2.9,12.9,6.484615064769875,2.909220463474386,0.0,0.11933248004177197,0.09843458761647816,0.17770285769929828
2018-12-22,9980000.0,4.5,13.0,7.566466519570434,3.9507932220022526,0.30000000000000004,0.13723774719150203,0.11548338828321328,0.18411420660260838
2018-12-23,9140000.0,-5.5,9.5,3.1326516159200386,10.96345119105625,0.010000000000000002,0.5391712236123811,0.5230925418624947,0.3303259388885222
2018-12-24,11020000.0,-5.7,2.9,2.30426123853206,6.809132257617518,0.0,0.2135646320760746,0.19654061591920138,0.2131165537579292
2018-12-25,7570000.0,-1.5,5.8,3.4404550392632127,4.088472379738694,0.0,0.15224232489534878,0.1388536787812149,0.18881379777720458
2018-12-26,9690000.0,-7.7,6.8,1.7813128735346355,10.032620363751175,0.0,0.5211807579510901,0.5056337875371193,0.33135641559417245
2018-12-27,10930000.0,-9.9,-3.3,1.1513399711024879,14.534130216699197,0.0,0.38916862468534574,0.37574381799387524,0.21440318812089734
2018-12-28,10900000.0,-7.4,-3.7,1.4106248800415713,13.699076194775992,0.0,0.3681765388068061,0.3541111659438298,0.20911720272730702
2018-12-29,11030000.0,-7.3,-2.0,1.6373636623920105,13.262094520221199,0.0,0.35856813164934,0.34373830026700714,0.21405395815654954
2018-12-30,11100000.0,-6.5,0.0,1.1918499380653553,4.57633548215261,0.0,0.17314004906340497,0.15726746751119552,0.19921684505071893
2018-12-31,11050000.0,-5.2,3.8,1.4832257009705587,6.42003898575366,0.0,0.2607525115468567,0.24319718156448378,0.2696329185851051
2019-01-01,9540000.0,-5.4,2.4,3.083802297066871,11.660826055243012,0.0,0.2712008309862538,0.2565228223201682,0.19211252483913963
2019-01-02,11030000.0,-5.2,2.1,2.3922862937239286,9.472924657300855,0.0,0.28046423483736793,0.2635282200590984,0.2239758236565606
2019-01-03,11040000.0,-4.4,3.7,1.6219016384728273,7.389779140245122,0.0,0.29742418527042025,0.27964176239687527,0.28155526185307067
2019-01-04,8450000.0,-1.3,5.9,2.962676587946634,7.512493172140648,0.0,0.2876886602176697,0.2726634218830427,0.2715191518153782
2019-01-05,10860000.0,-5.5,4.7,2.0537069484362562,6.755257804590215,0.0,0.25164149758713644,0.23418317621174484,0.25618066652776034
2019-01-06,10440000.0,-4.6,5.3,2.081321142735931,5.399417403403079,0.0,0.21902594016685897,0.2017493411237136,0.2483296557074365
2019-01-07,11070000.0,-2.8,4.2,2.9238942232181993,8.895270799841434,0.0,0.289801892231769,0.2712380951270175,0.24468779049231326
2019-01-08,11100000.0,-6.8,3.8,1.888882767482615,11.819456389156738,0.0,0.4007021908539229,0.3836240046701126,0.2880411181091909
2019-01-09,9690000.0,-5.6,2.7,1.5902469945685118,3.588637176652046,0.0,0.15513324770527762,0.14019415872271873,0.1950846537315147
2019-01-10,10920000.0,-3.9,4.7,3.2134992451030904,9.185594241155236,0.0,0.27060189201322127,0.25249650600771145,0.22759969400542263
2019-01-11,11070000.0,-0.8,7.7,5.172500538097397,3.456944069251971,0.22000000000000003,0.11201577027445613,0.09152720604215836,0.14492350760616915
2019-01-12,4700000.0,-2.6,6.7,5.5096058584306755,5.330577824534857,0.05,0.10013086606118349,0.09184796723147316,0.11772209202545454
2019-01-13,11410000.0,-3.0,8.8,3.7255270214326575,6.00400848737615,0.0,0.21910281444737523,0.19838137861139288,0.2484025462973337
2019-01-14,10920000.0,-1.9,8.4,3.975309221041186,4.923526401661898,0.0,0.1855915005797522,0.1655184555724309,0.22080620546476643
2019-01-15,11200000.0,-7.4,7.2,2.821426368726155,12.507852177838949,0.0,0.5261715308689456,0.5079550701915478,0.29483038925379057
2019-01-16,12100000.0,-5.8,1.3,2.0194752125428406,10.191250697664902,0.0,0.32432317692210305,0.3062721339264093,0.23810690066480014
2019-01-17,6630000.0,-2.6,3.8,3.439341420937335,10.310971704392243,0.0,0.29312732213293174,0.2820510451121523,0.21878417266873
2019-01-18,12060000.0,-2.1,7.3,3.217694789694837,5.558047737316805,0.0,0.22766896215587318,0.2059958206215548,0.2499557752739555
2019-01-19,10890000.0,0.1,9.2,4.170629280463307,4.758910017411804,0.020000000000000004,0.20551414396070533,0.18453573494092546,0.24033686543392005
2019-01-20,12300000.0,-5.0,4.5,2.387452749565845,13.83376232734425,0.0,0.4682854867098474,0.44839611821006836,0.29738832464658305
2019-01-21,12390000.0,-2.8,6.5,3.7639522264618095,9.538771211000894,0.0,0.2974099733344415,0.27573161870871715,0.24514272001834056
2019-01-22,12440000.0,-3.5,8.6,3.774822485558231,6.14767369544896,0.0,0.22912006437193097,0.20680335691495935,0.24550762306943413
2019-01-23,12440000.0,-5.0,9.8,3.2051227323907248,8.039265601740945,0.0,0.42846699041738506,0.40626830410397813,0.31406046144219874
2019-01-24,12990000.0,-3.5,7.1,1.8410883459829985,6.222499324653548,0.0,0.3057008658410451,0.28301380388723874,0.31885236938822226
2019-01-25,10540000.0,-5.6,5.1,1.6763020956567083,11.391453790106496,0.0,0.46782238729896175,0.45077897721866345,0.338969598429955
2019-01-26,13310000.0,-5.5,2.8,1.8378982354508606,8.557058955836697,0.0,0.3272793113401639,0.30667599668678946,0.2671334606064585
2019-01-27,13310000.0,-2.5,6.8,2.278653812373017,7.204211579817744,0.0,0.33595948313967006,0.31241881209883493,0.3179387720864245
2019-01-28,11170000.0,-5.9,7.6,2.529516386252553,10.212201873842186,0.0,0.4723031729525009,0.45346581721857354,0.32357172240908383
2019-01-29,13470000.0,-2.2,7.9,2.6933555241775275,4.0106537253659225,0.0,0.21432822010358218,0.18990823834389564,0.2549768380315641
2019-01-30,12120000.0,0.3,10.1,2.76313938262932,7.398758215749672,0.21000000000000002,0.39587070288432674,0.372104823337733,0.3839899813581051
2019-01-31,3700000.0,-6.3,1.3,2.74942036770258,10.951479090383518,0.44000000000000006,0.269944205818229,0.26448188982820225,0.18740020452570655
2019-02-01,13910000.0,-4.6,4.9,3.104073304919205,8.961117353541473,0.0,0.2978570959123353,0.27501369143741955,0.23912001999934396
2019-02-02,13860000.0,-0.9,8.3,4.425671858054512,3.849030366284013,0.34,0.18235932602910956,0.15648834956742372,0.20427261820808265
2019-02-03,4370000.0,-1.4,13.8,7.8925236786069135,11.059227996438123,0.33,0.2376733588998853,0.22883168281442795,0.19425475990380073
2019-02-04,14040000.0,-4.4,6.5,1.7420251220039338,7.305974435535983,0.0,0.36002830989530954,0.33617343171732544,0.33280811961148365
2019-02-05,14050000.0,0.7,10.5,2.3570416674876387,3.3372230625246297,0.0,0.24153052808000502,0.21362877955628887,0.30168633572175113
2019-02-06,13660000.0,2.9,13.5,4.485912661176106,4.139353807597814,0.0,0.2716686116260568,0.24234876037038622,0.32122432095209486
2019-02-07,8980000.0,-6.8,6.2,1.8372608051582242,11.891288993193143,0.0,0.5506487822851189,0.5361561945524875,0.3466962997138776
2019-02-08,14250000.0,-5.0,3.8,1.596420992062192,4.986379930193752,0.0,0.2557919572285628,0.2330631790939429,0.25941257011202745
2019-02-09,14930000.0,-6.1,1.7,1.3192403622443456,9.89194818084655,0.0,0.4148848989895795,0.39256559637880206,0.2951625514699695
2019-02-10,9490000.0,-4.6,4.7,2.2717140935774593,5.561040762484989,0.0,0.25059391476279463,0.23506900148072715,0.24734179575958742
2019-02-11,15340000.0,-5.5,3.4,1.9816583084095944,8.862347522991415,0.0,0.36415530866251644,0.34012136498959467,0.27905332411243006
2019-02-12,14540000.0,-4.4,5.3,2.511777554912498,5.2078637926393325,0.0,0.25167692921826673,0.2275236831864884,0.24775500932596656
2019-02-13,15530000.0,-2.8,5.7,2.104225514462951,6.707369401899279,0.0,0.3466843103304843,0.31990499025150165,0.311417951038657
2019-02-14,8920000.0,-1.4,6.1,4.657888107134246,6.2494365511672,0.0,0.20203425278936696,0.18614507835858712,0.1835726236551612
2019-02-15,8570000.0,-1.7,8.0,4.289695555551298,9.44299440561902,0.0,0.32430613530627794,0.3086069713207279,0.26102584238437565
2019-02-16,13690000.0,-5.7,3.3,2.7806041732360267,8.883298699168702,0.0,0.30312108151427863,0.2818009710095043,0.22657602685982187
2019-02-17,16550000.0,-4.3,6.2,2.1876584495758844,8.1021191302728,0.0,0.3921934320443534,0.36417851782118044,0.32342273245592074
2019-02-18,12310000.0,0.5,10.2,3.1573331246015477,2.756576179897026,0.9400000000000001,0.2202495217313553,0.19599553284614601,0.25936983697067
2019-02-19,2750000.0,-1.5,5.6,6.640516190235852,7.228155781163212,1.22,0.05695712063833155,0.052110743663501026,0.05853485474001159
2019-02-20,13830000.0,-3.2,7.3,4.421495894865009,9.296336172378028,0.0,0.30103306403519003,0.2766601936490424,0.23015724189048736
2019-02-21,16600000.000000002,0.7,9.6,4.757911748410759,2.9241855893153037,0.0,0.21866443743252878,0.18616577969740425,0.22723254338871204
2019-02-22,11850000.0,-0.9,11.1,4.817633847983866,3.9867095240204544,0.0,0.22471975106248104,0.2015575182870772,0.24563762544264947
2019-02-23,14010000.0,-0.2,12.2,5.1805002102746265,5.3904383278985275,0.0,0.29652356320802464,0.2683518770378579,0.2891113786523682
2019-02-24,17180000.0,-0.4,14.1,5.058511698166082,6.375143608230907,0.0,0.4506738004611603,0.41522199699659196,0.35998660833120644
2019-02-25,17100000.0,-0.9,14.0,4.519850450619186,6.024959663553436,0.0,0.4694287972293926,0.4344595209513254,0.3723034862246739
2019-02-26,17330000.0,4.5,12.8,5.097836507893427,6.758250829758398,0.03,0.4319795409809835,0.39430861317765553,0.38963253865688385
2019-02-27,6570000.0,1.4,11.1,7.904145207424529,3.902904819311316,0.04000000000000001,0.12271694993088622,0.10940367508837612,0.13201995431798766
2019-02-28,15390000.0,-0.5,13.9,4.980667009114546,5.513152359794052,0.0,0.4034864184470828,0.3718711226808069,0.3408435434256718
2019-03-01,18120000.0,3.1,14.0,4.922216454639133,5.27371034633937,0.0,0.3869744504120847,0.34769611616040097,0.3818604254889001
2019-03-02,16190000.000000002,2.2,14.9,6.280516817336937,4.615244809338995,0.0,0.3298926446162147,0.2947979298516032,0.3193104202714826
2019-03-03,12740000.0,5.5,15.2,6.349187090696451,5.258745220498453,0.010000000000000002,0.3542582570946403,0.32526757988440996,0.3593190465453125
2019-03-04,14670000.0,4.3,16.2,6.261558639281385,5.0282822825483215,0.0,0.3612049553880848,0.32790930082571706,0.37353380603104347
2019-03-05,14390000.0,6.6,16.2,5.8892815702583885,4.0645281783932266,0.05,0.354959481404436,0.32132761700583135,0.37983644648952297
2019-03-06,10540000.0,2.0,14.5,6.227561371501397,3.86399549212493,0.06999999999999999,0.25921496505442126,0.23655979401754307,0.27628874713962726
2019-03-07,15600000.0,1.2,13.7,4.712079174170702,6.698390326394729,0.0,0.4391974062078671,0.40642930652031106,0.39169469540044966
2019-03-08,19320000.0,3.1,15.5,5.467480808211732,4.654154136525381,0.0,0.39991043464510984,0.35715611750433574,0.38761168539629914
2019-03-09,15590000.0,7.0,16.9,5.930657810948904,4.989372955361935,0.21000000000000002,0.4251716316620103,0.38823878420382707,0.4355256728612029
2019-03-10,2980000.0,-0.2,9.1,7.936765863176987,5.881294455480626,1.1800000000000002,0.058465867223757795,0.05276267052489009,0.07270356036427558
2019-03-11,16059999.999999998,2.4,14.3,7.391485324970543,7.82077476446355,0.15000000000000002,0.3671252385630238,0.3325074028838591,0.3059582911881795
2019-03-12,17760000.0,-2.0,14.6,4.68564658306799,11.759595885793068,0.13999999999999999,0.8447826290837318,0.8087390792039258,0.4533148004382661
2019-03-13,16559999.999999998,-3.3,9.2,2.6515347465337933,11.813470338820371,0.0,0.6396649350101311,0.6095383707337191,0.4131493118408298
2019-03-14,19780000.0,1.4,12.3,3.6874503262730363,5.974078235694315,0.12,0.4549827954472252,0.4141657597936069,0.41341198263824774
2019-03-15,15930000.0,-1.0,12.1,5.909038244317583,8.44931004978209,0.24,0.3946964406816693,0.36311095827954587,0.29089600446872405
2019-03-16,17420000.0,-0.6,13.2,5.108895847452513,7.739963084922595,0.0,0.4980556691809041,0.46270214221546385,0.36568190924755906
2019-03-17,20140000.0,2.8,13.4,4.519850450619186,6.680432175385626,0.0,0.4955735456271543,0.45246776896143787,0.43131042352705495
2019-03-18,14800000.0,3.6,14.7,5.417307154021948,6.405073859912743,0.0,0.43839119862061554,0.40577293933414926,0.40730298065900145
2019-03-19,20460000.0,7.3,20.3,6.648497264165545,6.2165132743171805,0.0,0.6270461778540066,0.5764331055400278,0.5614884827973323
2019-03-20,9810000.0,10.2,19.4,11.490303118853314,8.15898660846829,0.7000000000000001,0.39929097177783246,0.37448372823808546,0.35973291115407013
2019-03-21,12960000.0,1.5,16.5,6.856950743382064,13.5703761125441,0.020000000000000004,0.7747416862555461,0.7462958033254087,0.4318033854686137
2019-03-22,21120000.0,0.5,11.2,3.4538434537205647,8.889284749505068,0.0,0.5840496275832212,0.5417782804734567,0.4435081924365205
2019-03-23,18070000.0,-3.2,11.5,3.733902659746161,10.281041452710406,0.010000000000000002,0.6839508698339173,0.6497091243824171,0.4002795946253852
2019-03-24,21900000.0,-0.1,12.8,3.608843909920234,6.985720742540346,0.0,0.5649696878692705,0.5204561120178369,0.4447735711421946
2019-03-25,18320000.0,2.4,15.3,5.839255234233811,5.782524624930569,0.0,0.46148975595095204,0.4214451215734637,0.3956599485792379
2019-03-26,21700000.0,6.3,18.5,5.1805002102746265,8.940166177364187,0.0,0.7655972249560059,0.713629449924438,0.6365223138566551
2019-03-27,20100000.0,7.3,22.9,7.848499266664162,9.694408519746435,0.0,1.043786574604701,0.9926311886081992,0.6855520753656157
2019-03-28,19770000.0,6.6,20.6,7.559755463090236,5.049233458725605,0.0,0.5749552698389221,0.5262693647331769,0.4976202976139047
2019-03-29,20860000.0,4.2,18.9,6.484615064769875,7.033609145231282,0.22999999999999998,0.7025726281964069,0.6536375103543838,0.5213326863917722
2019-03-30,17270000.0,3.2,15.3,5.107314642396095,14.474269713335527,0.0,0.8426747225178601,0.8045088555945359,0.5460145858628648
2019-03-31,17690000.0,-1.5,11.0,3.369825421222421,11.909247144202244,0.0,0.6907586805862931,0.6565697330411321,0.44258496579717715
2019-04-01,20950000.0,-1.6,11.3,3.309083912065492,11.011339593747186,0.010000000000000002,0.7181896033601215,0.677568679464549,0.45413435856151907
2019-04-02,23270000.0,1.5,13.9,2.906589880355371,7.892607368499954,0.0,0.6899112725482875,0.6406753100409113,0.5488062347473741
2019-04-03,23510000.0,1.6,15.1,3.175957479371781,8.051237702413681,0.0,0.784995001146642,0.7343184558902804,0.5722331142081447
2019-04-04,23210000.0,7.4,20.1,3.4841366602161465,9.356196675741698,0.0,1.0017691215538114,0.9444177683786169,0.8065071682284277
2019-04-05,22480000.0,4.3,21.4,5.265972544930556,10.715030102097018,0.0,1.266306696582889,1.2118953574118454,0.7516678693169014
2019-04-06,22410000.0,8.7,23.5,5.313266807086204,5.806468826276038,0.010000000000000002,0.8784288770958201,0.8201966234038214,0.7261075316633598
2019-04-07,9360000.0,5.7,18.7,8.36932890045455,5.082156735575625,0.0,0.3650929917113865,0.3427845630000338,0.35927211450257424
2019-04-08,22200000.0,6.3,20.1,4.682717752857522,11.343565387415557,0.0,1.1693316063811765,1.1151592550340352,0.7723061869677372
2019-04-09,15570000.0,3.8,16.8,6.744933396731814,14.540116267035563,2.85,0.8317930366211114,0.7964085918754615,0.5037257671282913
2019-04-10,5070000.0,2.4,9.9,7.878597749718114,4.555384305975324,0.010000000000000002,0.13306663487469522,0.12282442997557005,0.12810398966151038
2019-04-11,15620000.0,3.6,14.8,7.273943082747143,3.2683834836564087,0.0,0.31082680624699704,0.2763543235860719,0.2921850067138501
2019-04-12,19310000.0,7.5,17.7,5.860648880599614,5.165961440284764,0.0,0.5405808772191291,0.4941164764959787,0.508737969194058
2019-04-13,20640000.0,6.9,19.3,6.545401524849197,6.575676294499203,0.0,0.6408892478180663,0.5906398619775513,0.5611505063737694
2019-04-14,9450000.0,2.1,15.4,6.997714804976543,9.966773810051137,0.13999999999999999,0.48909746690436523,0.4684983996014265,0.36136800249624146
2019-04-15,24510000.0,6.9,20.4,4.957521402444905,7.0844905730904015,0.0,0.8636753068886746,0.8032482286718116,0.6928002896124287
2019-04-16,21960000.0,11.5,23.2,5.77020213625811,4.734965816066335,0.0,0.6658212364053263,0.6073298590481497,0.6845827269502376
2019-04-17,15100000.0,10.0,22.5,8.85335278359408,4.887610099643696,0.0,0.5246499996262247,0.48529329028295953,0.5189946552894427
2019-04-18,21420000.0,11.6,26.9,10.073176601589239,8.443323999445724,0.010000000000000002,1.0977878328018973,1.0387002509701682,0.798827594806258
2019-04-19,10990000.0,8.6,15.2,7.378342789505984,9.338238524732597,0.0,0.5507627856461379,0.5247590499470834,0.4380535688676616
2019-04-20,23190000.0,11.9,24.8,10.480596186271086,4.776868168420905,0.0,0.6725220738867848,0.6095814812685727,0.6073980577506343
2019-04-21,15340000.0,11.9,25.1,12.856935243854805,6.683425200553811,0.010000000000000002,0.6090568964734574,0.5673075403520338,0.538337869826967
2019-04-22,23930000.0,11.3,25.5,11.082854886571562,9.395106002928083,0.0,1.01894305544577,0.9539343098621046,0.7322143909459687
2019-04-23,9890000.0,14.1,24.5,14.718434962555547,5.809461851444222,1.89,0.41757832216180457,0.3902724403290183,0.4239558497326916
2019-04-24,10760000.0,13.8,23.6,16.503299554359938,6.8630067106448225,0.010000000000000002,0.38488563615441407,0.35549447900780695,0.3495782436532135
2019-04-25,11460000.0,10.4,18.4,11.335991455331339,10.092480867114844,0.32000000000000006,0.4866936465283561,0.45796450058965454,0.3747850963556486
2019-04-26,6590000.0,5.0,12.7,10.27364292449601,4.8427147221209434,0.81,0.14311802229975495,0.12871332030479596,0.124038289278626
2019-04-27,24210000.0,9.2,17.8,8.134996298703063,3.5826511263156786,0.0,0.5187503802232533,0.45926574777293866,0.45259261593994643
2019-04-28,13790000.0,7.4,17.5,9.225067641663822,3.4389859182428704,0.05,0.335210667898575,0.30214660499140683,0.3181087634328894
2019-04-29,4400000.0,11.2,13.1,12.828403865726184,5.046240433557422,2.7100000000000004,0.12466464791946416,0.11419040272506982,0.11161198046457377
2019-04-30,13750000.0,10.8,20.5,13.112605417024078,4.522461029125306,0.0,0.36287047618111556,0.3274698058052302,0.32481541552681037
2019-05-01,20080000.0,8.8,21.8,11.017236517329351,7.587318801345235,0.0,0.6380618392095259,0.5867407257552888,0.5000769833841339
2019-05-02,26180000.0,8.6,23.4,8.554574939144826,6.982727717372163,0.0,0.9257507256467414,0.8578606229290487,0.6806531928380103
2019-05-03,26180000.0,12.5,25.9,9.842249012056705,3.4898673461019896,0.0,0.7018234918162395,0.6296691678834284,0.632978103417096
2019-05-04,25030000.0,15.5,27.1,12.276198022715528,3.07383684772448,0.0,0.6441382928928101,0.5726629907123348,0.6100777450966459
2019-05-05,21950000.0,12.3,26.9,11.145668087201992,6.476906463949148,0.0,0.891408300916777,0.83048613546765,0.7164129388305487
2019-05-06,24290000.0,8.0,21.1,9.618762773140386,6.865999735813006,0.13,0.699015762024769,0.6379233080628111,0.5397356271828858
2019-05-07,26780000.0,8.3,21.4,7.119788898384042,6.608599571349223,0.0,0.8258430254971586,0.7580497046655064,0.6640834781226097
2019-05-08,22890000.0,12.4,23.6,5.9795577983635955,7.111427799604055,0.0,0.8815564957403996,0.8198319885819927,0.8275615354369409
2019-05-09,24660000.0,10.2,24.8,6.326223620625941,8.057223752750048,0.0,1.167484384985356,1.101612279165672,0.8684353658117215
2019-05-10,26240000.0,15.3,28.7,8.639737630540507,3.2294741564700233,0.0,0.7664142078341094,0.6906482948723042,0.7291428099856367
2019-05-11,25400000.0,12.9,30.3,9.24908381509718,3.690400032370286,0.0,0.8879738663349116,0.8150933707654782,0.7650313350908702
2019-05-12,24750000.0,11.3,26.8,10.733778414157479,10.915562788365314,0.0,1.3376481384077143,1.2696165489428213,0.8491258282182297
2019-05-13,19860000.0,15.6,26.7,13.354266897146925,4.992365980530119,0.0,0.6504001156804932,0.5938253974297585,0.6196985999824991
2019-05-14,21740000.0,16.7,28.2,15.843963209554628,4.025618851206841,0.03,0.6381991837648613,0.5749894239166384,0.5936153847817269
2019-05-15,21350000.0,17.7,29.8,14.15331218321138,3.7921628880885256,0.020000000000000004,0.6764029714628901,0.6131198281377687,0.6680082996069122
2019-05-16,21500000.0,16.6,30.4,13.321084317870392,3.3940905407201174,0.0,0.7140959763833767,0.6505981804832356,0.6640315393634557
2019-05-17,19040000.0,16.5,29.6,13.937253491799122,9.27239197103256,1.51,1.0201181717798842,0.9642563592367501,0.861090605668285
2019-05-18,5580000.0,15.8,18.3,17.918413451633707,11.723679583774866,1.11,0.2115549765842522,0.1967785085524646,0.13780461884131662
2019-05-19,8990000.0,18.3,23.9,19.879203743656642,9.113761637118833,0.45999999999999996,0.4112093652300886,0.385620526560444,0.33768430872478905
2019-05-20,16360000.0,9.4,21.6,9.884658131375522,10.140369269805781,0.06999999999999999,0.7211408587609827,0.6791517437321904,0.5752644433371334
2019-05-21,27760000.0,11.5,24.0,8.745970175386491,8.494205427304843,0.0,0.9901288863932116,0.9156229167779573,0.7916848233973328
2019-05-22,27700000.0,14.2,28.1,11.320022676784372,6.78518805627205,0.0,1.04304727718162,0.9641389340020957,0.8416588119354931
2019-05-23,27320000.0,16.8,29.7,11.535657403717934,6.417045960585477,0.0,1.0255526247594016,0.9451606593999152,0.9146083976050118
2019-05-24,26740000.0,17.5,33.8,15.647754020167126,5.698719920221431,0.0,1.1547471770086029,1.0733880952875556,0.9186241550398414
2019-05-25,20350000.0,20.5,32.7,11.161420252930203,5.719671096398715,0.0,0.9224098095964541,0.8597310940530803,0.9759838117878458
2019-05-26,25050000.0,18.9,33.0,13.087201498027307,8.91622197601872,0.9199999999999999,1.3920322180517124,1.3155157203466787,1.1289043530120368
2019-05-27,10220000.0,13.1,22.3,17.450883496823852,13.2980108222394,1.08,0.39275309625200905,0.3653492376935664,0.2752998823280524
2019-05-28,26520000.0,12.7,23.1,9.741120422145586,7.386786115076939,0.0,0.8529473672984192,0.7815681138285552,0.7081959274597256
2019-05-29,27690000.0,13.9,28.7,9.596662010054208,8.26972853969108,0.0,1.3139880979206144,1.234916938616685,0.9777580425121842
2019-05-30,21070000.0,15.0,30.0,10.540395846164227,6.533773942144634,0.41,1.08171578289978,1.020407344763305,0.8877380088876986
2019-05-31,22410000.0,12.2,25.5,12.410522039150306,6.848041584803904,0.0,0.7879938523080814,0.7266145465642391,0.6398096709525106
2019-06-01,23820000.0,15.9,27.5,11.824364992169793,4.941484552670999,0.0,0.764032063504971,0.6955767486754479,0.727173971708172
2019-06-02,25440000.0,15.9,30.0,12.810600029472292,4.9744078295210175,0.0,0.9180363730029641,0.8435084892425369,0.7925363511413801
2019-06-03,27490000.0,17.1,33.3,13.780910016814149,4.803805394934557,0.0,1.102114668302328,1.0189727233323336,0.8989375727398222
2019-06-04,26920000.0,18.3,34.4,15.874009588902325,5.3934313530667115,0.0,1.1600875706305807,1.077435091787151,0.9326895568620485
2019-06-05,24930000.0,20.6,34.7,14.598262749040504,4.555384305975324,0.0,1.006488194293954,0.9287061043759003,0.9202504614358592
2019-06-06,13640000.0,17.1,31.9,19.43877767173084,9.362182726078064,2.3600000000000003,0.9070132908272213,0.8661525023480694,0.72187924501383
2019-06-07,8710000.0,14.9,21.9,18.87151442274763,6.279366802849035,0.37000000000000005,0.2572310963067451,0.23356932555732074,0.20850081916228608
2019-06-08,23570000.0,14.7,26.2,16.50774502975831,6.976741667035796,0.0,0.7090357898325753,0.6426619365187497,0.5722631212426703
2019-06-09,25570000.0,13.6,25.4,14.526573696447953,9.215524492837071,0.0,0.8373151843290703,0.7664692922110115,0.6412642629611469
2019-06-10,12610000.0,13.9,21.9,14.325130678287545,7.5573885496634,0.010000000000000002,0.48630497255255306,0.4523648373242352,0.4113926055062868
2019-06-11,19390000.0,15.9,25.1,14.64222548347855,6.494864614958248,0.010000000000000002,0.6687561154193372,0.6141076300589565,0.579883065204331
2019-06-12,18780000.0,15.2,26.4,15.596921020355861,3.992695574356822,0.0,0.5491504088160164,0.4959572393602838,0.5062634264366308
2019-06-13,25610000.0,16.5,30.3,15.026766740255969,3.6365255793429823,0.0,0.7903472705673638,0.7148212372259077,0.6927457386247046
2019-06-14,8460000.0,16.7,24.2,17.436884481528754,2.4842108895923256,0.21000000000000002,0.2758569497721352,0.2520333265631846,0.2784007965813534
2019-06-15,19240000.0,16.7,28.5,17.884998792376873,6.054889915235271,0.48,0.6562532526787719,0.6001845207521337,0.5914500641394886
2019-06-16,19590000.0,16.4,27.9,17.048888219406223,6.168624871626244,0.15000000000000002,0.6678801997635125,0.6111836983373434,0.5977439055581272
2019-06-17,18810000.0,18.1,29.7,17.241929455720022,4.791833294261823,0.0,0.6531881005017754,0.5973137801389398,0.6273411538729472
2019-06-18,21330000.0,18.7,31.5,18.406666374040995,6.291338903521768,0.13999999999999999,0.8372176661161062,0.772793136866462,0.7492408930711024
2019-06-19,21720000.0,18.5,30.9,18.153852097678904,6.198555123308079,0.0,0.8085060215961161,0.7432602128530859,0.731339703415179
2019-06-20,25790000.0,20.6,33.5,18.886517821705695,6.626557722358323,0.03,1.0290828886533596,0.949202248344176,0.9062888600404178
2019-06-21,22780000.0,17.5,32.6,19.12799749213775,8.150007532963738,0.21000000000000002,1.0852321436747496,1.0164745651227123,0.8244769019046071
2019-06-22,22050000.0,15.6,29.1,15.071860161719126,7.347876787890552,0.0,0.9080256420626457,0.8440125698144769,0.7497198692632653
2019-06-23,19050000.0,17.1,27.6,15.286640951346069,7.799823588286266,0.0,0.7832704358892528,0.7279666251714472,0.6989178611182612
2019-06-24,20420000.0,18.3,29.6,17.690378955764942,3.9148769199840503,0.0,0.6383000791253953,0.5776000562361876,0.5981777540920215
2019-06-25,20190000.0,17.9,32.6,18.851526134335852,5.644845467194127,0.010000000000000002,0.8598713316891541,0.7987668226346178,0.727762120028103
2019-06-26,4510000.0,20.3,23.7,23.54008165096527,6.4918715897900645,9.13,0.1929456460261965,0.17992337973588618,0.1808537620032326
2019-06-27,10700000.0,20.8,28.4,25.926677625170182,5.405403453739445,1.09,0.37100491375130895,0.33890692961327823,0.32348885799331983
2019-06-28,15760000.0,21.0,27.4,25.06805819142649,4.761903042579988,0.48,0.47017438729393407,0.4231604200775709,0.37387127110538965
2019-06-29,5750000.0,20.1,23.2,24.197081153262165,4.95046362817555,4.220000000000001,0.1776959637431854,0.16118434141050164,0.14740500787816047
2019-06-30,21090000.0,21.0,29.5,24.78742758803736,5.459277906766749,0.06999999999999999,0.6498856138989482,0.5860572782892322,0.5181473528716845
2019-07-01,13760000.0,17.9,27.2,22.220754260633566,5.8902735309851755,0.010000000000000002,0.44064063027282296,0.40057199918029973,0.37338491229872045
2019-07-02,26180000.0,19.1,29.0,20.824460372461505,5.3904383278985275,0.0,0.7707976562099821,0.6928649194033075,0.6240495755880426
2019-07-03,18860000.0,19.4,29.1,22.220754260633566,3.4898673461019896,0.010000000000000002,0.546405282882538,0.49010406949088825,0.47437471223343836
2019-07-04,26110000.0,20.1,31.8,21.718204050161003,3.5557138998020275,0.0,0.7542855266886634,0.6745312051286463,0.6561894750406292
2019-07-05,23530000.0,18.7,31.1,21.76914052707908,7.111427799604055,0.0,0.8126660562432726,0.7417892670055272,0.6729036000331818
2019-07-06,27310000.0,19.5,28.7,20.17411937965025,10.337908930905893,0.0,0.9895174087001755,0.9081632987122097,0.7265672830965443
2019-07-07,23320000.0,18.8,26.9,18.294466689060926,9.556729362009994,0.05,0.8670297668616413,0.7988146163116764,0.6603588466400417
2019-07-08,17180000.0,17.8,26.1,19.63460625159278,8.090147029600068,0.020000000000000004,0.604022021540157,0.5544548231723218,0.47852512657778024
2019-07-09,14590000.0,19.4,26.7,18.911546709969077,10.25709725136494,0.0,0.7137137790152499,0.6709079048028378,0.5830214161874592
2019-07-10,5730000.0,20.6,23.8,23.29851059634557,9.374154826750798,2.5300000000000002,0.2812312084143641,0.26463487448348066,0.2287581889655627
2019-07-11,13510000.0,20.2,27.5,23.29851059634557,8.931187101859637,0.010000000000000002,0.539015067074334,0.49891284576297795,0.4307341983851649
2019-07-12,22430000.0,21.1,29.2,20.868097591043178,5.932175883339745,0.0,0.7563128375516935,0.6885201995996745,0.6411893168634399
2019-07-13,14750000.0,20.5,27.2,24.097830453632938,2.7865064315788612,0.25,0.40910138188356304,0.3653184237531039,0.34551612993442954
2019-07-14,20500000.0,20.7,28.5,23.106817388445734,6.851034609972087,0.37000000000000005,0.6772878420111799,0.6157917041766348,0.5353941176547553
2019-07-15,13290000.0,20.7,28.0,24.85732657526549,4.1124165810841635,4.14,0.41046606193860924,0.3707368744347489,0.35166012127523294
2019-07-16,20990000.0,20.4,28.5,23.87581661622405,6.584655370003754,0.15000000000000002,0.6552766537343004,0.5924414602082608,0.5051567895003556
2019-07-17,18120000.0,22.2,30.1,24.56616326071617,3.585644151483862,1.57,0.5616908839937651,0.5061992510127062,0.4882941443244423
2019-07-18,8109999.999999999,21.9,26.0,26.085520088750314,3.379125414879199,4.5600000000000005,0.2534973982053319,0.22938979851720878,0.22295650773018066
2019-07-19,8090000.0,23.3,26.7,28.80300342682869,10.601295145706043,4.16,0.3212225197898907,0.296820760053971,0.22725083762839837
2019-07-20,7030000.0,23.8,26.7,28.831959745164497,12.63655226007084,5.82,0.3393609659590292,0.3180848540891238,0.24105351070132658
2019-07-21,14760000.0,23.0,29.6,29.490228584373618,9.023970882073327,0.5599999999999999,0.5239136884927529,0.47862494410730105,0.38086417936445205
2019-07-22,23140000.0,24.2,31.9,29.749741414014515,5.6179082406804755,0.06,0.7410877296759899,0.6685468072817932,0.572483995380632
2019-07-23,21840000.0,23.4,31.2,30.647049603753267,5.204870767471149,0.1,0.6537112974846758,0.585857631961921,0.4857854738345875
2019-07-24,14050000.0,24.3,31.1,29.898927244483914,5.920203782667012,0.04000000000000001,0.5129509828314236,0.4690884630548843,0.43037334842798103
2019-07-25,11880000.0,25.0,30.8,31.97776718961487,6.593634445508305,0.24,0.4422493712922648,0.4050729738117541,0.3590022416206241
2019-07-26,15790000.0,24.9,31.9,31.170322820700978,6.988713767708529,0.15000000000000002,0.5895030781155353,0.5398009598035505,0.4761103504482588
2019-07-27,15260000.0,25.2,30.1,32.448450098147724,5.318605723862123,1.8800000000000001,0.4825168179819294,0.43490531809626953,0.3611874924760632
2019-07-28,15450000.0,24.7,29.5,30.81549896700106,7.1802673784722755,0.42000000000000004,0.5215772376807767,0.4736937224468452,0.3828331874878894
2019-07-29,18540000.0,24.5,32.6,29.891452480984004,7.92253762018179,0.0,0.7163720231477159,0.6579127400237746,0.5792846639490412
2019-07-30,21820000.0,25.7,32.5,30.99246802168383,9.457959531459938,0.0,0.8478593397680655,0.7786272907844101,0.632545396571127
2019-07-31,22810000.0,24.8,32.7,31.263469492702793,6.599620495844672,0.1,0.7660104229684029,0.6939225612184786,0.584667593026488
2019-08-01,23010000.0,24.9,34.0,31.00789844090435,3.992695574356822,0.0,0.729374685399679,0.6560826851903441,0.5974978746346777
2019-08-02,23120000.0,24.5,34.4,31.11609911116252,3.525783648120192,0.05,0.7163948057880124,0.6427524309579463,0.5901874254069341
2019-08-03,22110000.0,24.0,34.1,29.556771070838163,4.761903042579988,0.020000000000000004,0.730705870661743,0.6605929873933378,0.6166145687805775
2019-08-04,23190000.0,24.9,34.4,29.79442881525007,2.9451367654925886,0.010000000000000002,0.7109792297945019,0.6369518174063217,0.5981516609332449
2019-08-05,24880000.0,24.0,35.5,26.77691255392068,7.653165355045273,0.0,0.9802674430372844,0.9007587212160788,0.8576311350790913
2019-08-06,12530000.0,24.1,30.5,28.940772339108875,11.900268068697693,2.69,0.6215188197417828,0.5825899539450738,0.4823827491085561
2019-08-07,20960000.0,24.7,32.0,31.372447339361887,5.198884717134782,0.27999999999999997,0.6631090440064422,0.5971715347503962,0.5117937966083338
2019-08-08,18070000.0,24.9,32.4,31.922320482983427,3.121725250415416,0.45999999999999996,0.5493180055406636,0.4922753640296883,0.44705732568764833
2019-08-09,23570000.0,24.7,34.0,31.922320482983427,3.319264911515529,0.0,0.7100926826675067,0.6350997688434299,0.5705056207672269
2019-08-10,22620000.0,24.5,32.2,29.320769114375086,11.843400590502208,0.06999999999999999,0.9257492209222024,0.8545895616010307,0.6663604593427606
2019-08-11,24700000.0,25.9,32.0,27.995404948021672,11.400432865611045,0.0,1.0485651954139001,0.9703272196244217,0.7751191618170677
2019-08-12,21830000.0,24.6,33.4,30.32012543468539,6.5038436904628,0.0,0.7626521579284415,0.6934660513072247,0.616329704067304
2019-08-13,22410000.0,25.4,33.7,29.240024099048117,7.650172329877089,0.03,0.8623319866217326,0.7908726686539519,0.7098496856060074
2019-08-14,17280000.0,25.4,32.3,29.846638128461016,9.79916440063286,1.02,0.7570227509302448,0.7023496568922942,0.605421743652536
2019-08-15,11000000.0,23.5,30.4,30.892333438671688,8.404414672259337,2.68,0.4204498525558852,0.38642107844570756,0.33504885201251683
2019-08-16,20000000.0,22.0,30.9,27.62347980950027,5.686747819548697,0.13,0.6201479299022609,0.5586638478863508,0.4941119111713258
2019-08-17,25240000.0,23.5,32.7,26.03247840500363,6.339227306212706,0.11000000000000001,0.8557316525327197,0.7765610130897949,0.7104871182177923
2019-08-18,23640000.0,23.5,31.2,24.12880799661424,3.639518604511166,0.020000000000000004,0.7051796629745329,0.6316889634371929,0.6064459452282469
2019-08-19,16050000.0,22.5,29.6,27.32490647160697,6.324262180371788,0.32000000000000006,0.5326766016475248,0.48358754567264145,0.4283227349975352
2019-08-20,19850000.0,23.3,29.8,24.806473890622417,9.020977856905143,0.0,0.7786970412649731,0.7175968595587408,0.6170448605336217
2019-08-21,13720000.0,24.3,30.6,29.335470911747016,4.9295124519982645,4.970000000000001,0.47196220642730474,0.4292584948624548,0.4031048857590447
2019-08-22,9340000.0,20.8,29.2,27.407944432107726,5.067191609734707,2.89,0.31247302605655153,0.2843009078941919,0.28217493094935986
2019-08-23,18090000.0,18.2,29.3,23.160591182925067,5.6687896685395955,0.0,0.5371580715398176,0.4835378344086025,0.4562599832904136
2019-08-24,14280000.0,19.8,27.7,22.094172412697567,5.067191609734707,0.0,0.46584672897184715,0.4235196429445529,0.4153787158907371
2019-08-25,17690000.0,20.4,27.8,23.23245979388397,3.7472675105657727,0.13999999999999999,0.49173078866376185,0.43903382031198185,0.4143210599924146
2019-08-26,19330000.0,22.0,29.6,24.559866872341825,4.196221285793301,0.43,0.5760283093321196,0.5170990706725991,0.48900552125266794
2019-08-27,6320000.0,22.0,25.4,26.218537541630567,2.645834248674236,0.76,0.1903908779934239,0.1716713583870283,0.1757046653145479
2019-08-28,8320000.0,20.7,26.2,25.76211589904709,3.115739200079049,0.43,0.2366823778747042,0.2121280903813912,0.20896846670429564
2019-08-29,5920000.0,18.4,24.2,23.46738143285097,4.881624049307328,0.30000000000000004,0.1769619272749559,0.16005686179719264,0.15762305327979073
2019-08-30,22920000.0,18.2,28.0,19.53647706228169,7.470590819786078,0.0,0.7246257800332883,0.6573304738896013,0.5922751871016958
2019-08-31,21330000.0,18.8,27.5,20.494344770679707,4.800812369766374,0.0,0.5906853981128557,0.5280121283292167,0.4964004204902365
2019-09-01,7670000.0,19.5,26.2,22.704043264855358,2.035257114364797,0.5700000000000001,0.22620546035807293,0.20376934523293438,0.22146414848081317
2019-09-02,5850000.0,19.8,22.6,23.28648915998355,4.339886493866111,2.2,0.17067933945357927,0.15400108909775842,0.14779163651182467
2019-09-03,4860000.0,20.5,24.3,24.895525854254902,7.71003283324076,4.470000000000001,0.18942705566496917,0.1753072411845809,0.16024789100405754
2019-09-04,8189999.999999999,21.6,27.0,27.819427409468688,4.546405230470774,1.2400000000000002,0.24196978745196165,0.21750369348069326,0.20220768680178405
2019-09-05,12310000.0,22.9,29.2,28.88269443985644,4.573342456984426,1.02,0.37901170795065875,0.34136147249577936,0.314856833365057
2019-09-06,10450000.0,24.7,29.4,29.779526511900684,12.95081990273011,0.8500000000000001,0.5301981000535164,0.49783079911396744,0.3957852681448705
2019-09-07,13780000.0,21.6,27.9,28.200755693562098,9.894941206014732,0.58,0.4299949019166445,0.3885720132737233,0.2905874281945739
2019-09-08,8660000.0,23.1,27.5,28.115624048376283,2.0741664415511822,0.54,0.24553965153607415,0.21931283044159855,0.21812606445352373
2019-09-09,11360000.0,23.9,30.1,30.221888721248447,3.1995439047881877,0.6400000000000001,0.3459488574242783,0.3107846726995844,0.2985620858825862
2019-09-10,16290000.0,22.7,29.7,27.463425405604813,4.884617074475512,0.04000000000000001,0.49509482065158295,0.4451754328553118,0.40864952594834997
2019-09-11,17170000.0,20.6,30.5,23.747136108806846,10.086494816778478,0.26,0.7089729883791456,0.6568004415777631,0.5930805151503361
2019-09-12,4280000.0,16.5,20.6,19.17864480106707,5.468256982271299,1.11,0.15447396308411473,0.14281487666104448,0.14691745968715386
2019-09-13,19450000.0,16.4,25.2,18.563773205557858,6.300317979026319,0.0,0.5284644058765002,0.4733735035381617,0.430766297290904
2019-09-14,18260000.0,21.2,27.2,23.071028879895334,3.2983137353382443,0.0,0.47705519729433166,0.4225834307098905,0.40269679792706803
2019-09-15,13620000.0,19.6,26.1,22.24383717754924,7.509500146972464,0.11000000000000001,0.45507046464851914,0.4152295405279993,0.3719178136157447
2019-09-16,18230000.0,16.5,26.7,18.32367823569795,5.495194208784951,0.0,0.5187941420097709,0.46648660522903196,0.46442125896725867
2019-09-17,20610000.0,16.7,25.6,17.28354387609431,6.120736468935308,0.0,0.5791914166984885,0.5204801909609436,0.49535044765528885
2019-09-18,21660000.0,18.0,27.8,17.544462328008684,6.378136633399091,0.0,0.6683502819533437,0.6049434848511273,0.5987940607364559
2019-09-19,20600000.0,14.4,23.8,15.084178964194672,6.782195031103867,0.0,0.5651518689805547,0.5084771632625472,0.4761140735621751
2019-09-20,10080000.0,18.2,22.5,17.145170615539573,8.153000558131922,0.7000000000000001,0.44352927987963,0.41519124337621527,0.3880107062211067
2019-09-21,3490000.0,16.2,19.9,18.558845889054563,13.702069219944175,6.740000000000001,0.2175025040715211,0.20808268457225387,0.1633580057171397
2019-09-22,2280000.0,15.6,18.3,17.103848507869337,12.92388267621646,6.620000000000001,0.18709481207122108,0.1810689003994075,0.15746892702143314
2019-09-23,11480000.0,13.8,21.5,16.8804009637541,3.3132788611791617,0.0,0.255759011519509,0.2250057625629498,0.23206832666708102
2019-09-24,20470000.0,13.6,24.1,15.191312681929784,3.2594044081518585,0.0,0.4340702767029542,0.3780044851555891,0.39463601087844324
2019-09-25,15640000.0,16.8,24.0,17.071769490937108,5.26473127083482,0.010000000000000002,0.44022721662838044,0.3962213580338497,0.39564660277580044
2019-09-26,14480000.0,18.0,25.3,20.93917879272838,8.65283576121857,0.0,0.4582122826904279,0.4166317102769913,0.36083733591790895
2019-09-27,10370000.0,19.7,25.2,23.059110154299134,5.3904383278985275,0.22999999999999998,0.3063908514016394,0.27623973780338407,0.26376154004059327
2019-09-28,9920000.0,19.8,26.1,24.8191785303105,2.6099179466560334,0.22999999999999998,0.24485473994910173,0.21579355257082194,0.21583368252258567
2019-09-29,15010000.0,19.0,27.8,22.704043264855358,3.654483730352083,0.0,0.38991019502006063,0.3456444488093908,0.34975656155561374
2019-09-30,15690000.0,18.9,27.4,23.91269426364908,3.771211711911241,0.13999999999999999,0.381358247267776,0.335256812532413,0.3206814905906624
2019-10-01,5110000.0,21.0,24.8,25.689998320163273,4.911554300989163,1.55,0.16298121303530375,0.14802236108736627,0.14941673186905752
2019-10-02,1870000.0,20.8,23.1,25.306188037601498,14.98907004226309,10.240000000000002,0.10242744431636908,0.09703217883628455,0.08838480987971657
2019-10-03,14350000.0,16.5,26.0,20.672358468683903,8.248777363513794,0.04000000000000001,0.42560447527710865,0.3846598229142123,0.35375852679965253
2019-10-04,16670000.000000002,19.6,27.3,21.888399004437172,3.211516005460922,0.24,0.40970073180520733,0.3605036197242543,0.3654462443520509
2019-10-05,11710000.0,15.1,24.0,17.785082291391774,7.835739890304468,0.34,0.38185468499037317,0.3493818878514043,0.33975827703120054
2019-10-06,14860000.0,13.7,19.6,12.856935243854805,7.985391148713644,0.05,0.4628972395111197,0.4238546642719677,0.38818136731980557
2019-10-07,4360000.0,12.7,17.9,16.260409696677442,5.165961440284764,0.68,0.11075300065529818,0.09960957163834232,0.10562293219514925
2019-10-08,15130000.0,6.9,21.7,10.703358044385173,8.566038031341247,0.0,0.578741803019777,0.5408954614089165,0.44150944841110107
2019-10-09,18360000.0,11.2,19.8,10.364845428716851,2.888269287297101,0.0,0.3436656668405217,0.29654340816517794,0.3441863716778163
2019-10-10,17160000.0,11.7,21.5,12.48686322179291,4.079493304234145,0.0,0.3667656888379393,0.3217249445876426,0.35844708409007875
2019-10-11,16410000.0,15.0,23.9,15.21199171365627,5.701712945389614,0.0,0.4430561895535905,0.39762932001279677,0.41916275075790493
2019-10-12,15160000.0,10.8,22.0,12.427836179358247,8.598961308191265,0.0,0.4794719744638387,0.43983938761006114,0.4341414162553554
2019-10-13,16719999.999999998,11.6,20.4,12.149945857287276,6.357185457221806,0.0,0.4165583149783886,0.3731999300494419,0.38050194954160216
2019-10-14,16270000.0,11.1,21.1,12.849797175322724,7.003678893549448,0.020000000000000004,0.4114329548691692,0.36915545520077014,0.3721339012596768
2019-10-15,9920000.0,7.9,17.1,11.435441025113665,6.961776541194878,0.0,0.2531918426296991,0.22937851481017263,0.23313858535002668
2019-10-16,16200000.0,9.5,18.9,11.97779470375623,3.115739200079049,0.0,0.2701317874040542,0.22969815712084068,0.2607752251596571
2019-10-17,7770000.0,11.7,18.3,13.02207564531837,6.021966638385251,0.0,0.2480337756140424,0.2283008367973729,0.24279944879743298
2019-10-18,3390000.0,13.8,17.4,16.22096410596984,6.228485374989914,0.37000000000000005,0.11444263709866057,0.10572381758575929,0.11068275346475623
2019-10-19,15520000.0,12.4,22.0,14.782881252432809,3.400076591056484,0.0,0.29265370269252383,0.2514350397941586,0.2840830476041366
2019-10-20,15690000.0,11.6,21.6,14.014082372731384,3.0169693695289928,0.0,0.27928589891959454,0.23810354010332674,0.27639129844737464
2019-10-21,13900000.0,11.8,21.4,13.891333965510233,5.6179082406804755,0.0,0.3256507489994964,0.2891666962559577,0.3155442859205966
2019-10-22,11490000.0,14.2,21.1,13.84173783184292,6.3541924320536225,0.0,0.3590816284295027,0.3283015909285562,0.3501276126762351
2019-10-23,7120000.0,12.9,19.6,14.638224073468288,7.177274353304092,0.08000000000000002,0.2514028348457227,0.23284523414876585,0.24125048455884826
2019-10-24,8289999.999999999,12.7,20.7,15.732798802638994,5.806468826276038,0.05,0.21951679406422916,0.19771437939525505,0.21730281553425024
2019-10-25,12880000.0,11.1,22.6,13.53620492084228,7.009664943885814,0.0,0.3648503679432352,0.33087599269222434,0.36858079530897403
2019-10-26,14980000.0,5.8,16.8,8.344898731747474,8.748612566600443,0.0,0.4078585212092909,0.3729349339939746,0.3660014607036806
2019-10-27,15680000.0,6.1,16.0,7.672295190475373,5.662803618203228,0.0,0.32956225901048114,0.29323560532886683,0.33370470994019946
2019-10-28,14870000.0,8.0,17.5,9.757911345932115,5.644845467194127,0.0,0.3087170948673389,0.2728095822345505,0.308098720512353
2019-10-29,12830000.0,6.4,18.8,9.289233239497566,7.563374599999767,0.0,0.37641628521174036,0.3455442882527543,0.3658711094895119
2019-10-30,15030000.0,6.0,16.5,8.54958850474752,6.871985786149373,0.0,0.33292892785462547,0.29793257775899484,0.3233964466374324
2019-10-31,14430000.0,7.6,20.0,11.329601566972784,7.518479222477014,0.0,0.3449142775894467,0.30921796119205114,0.33045717601405017
2019-11-01,13280000.0,8.7,21.0,11.768101761872183,4.764896067748171,0.0,0.2799583146051317,0.24634011816583584,0.3056712174891433
2019-11-02,9750000.0,10.2,18.8,12.88194593827549,3.3731393645428325,0.0,0.18162273711705307,0.15712693230729477,0.19906412120093658
2019-11-03,10800000.0,8.8,19.9,12.711299345493213,5.330577824534857,0.08000000000000002,0.22655599351454056,0.1995110667973686,0.24538187070723763
2019-11-04,10570000.0,7.6,17.4,10.084703053787921,4.740951866402703,0.0,0.22810037689193133,0.20272669997132695,0.25332770444351005
2019-11-05,13950000.0,6.4,18.5,9.629829961636114,6.039924789394353,0.0,0.29435770554801854,0.2609100131945018,0.31449059118251127
2019-11-06,13630000.0,8.6,18.3,9.445926656883378,5.782524624930569,0.0,0.315342054730762,0.28189091149165696,0.3377320997263339
2019-11-07,12770000.0,3.3,16.8,6.873380333764449,7.249106957340497,0.0,0.405347971737679,0.37651620212671083,0.3700959030170413
2019-11-08,13950000.0,2.8,14.8,4.905410330559277,6.153659745785326,0.0,0.3462069697627967,0.31575663143270816,0.3822723026475544
2019-11-09,13350000.0,5.7,16.7,6.10059526535159,4.770882118084538,0.0,0.3017162923098348,0.2706706507554018,0.36172716950267975
2019-11-10,8029999.999999999,6.9,16.8,9.41060464448227,5.408396478907628,0.38,0.22585980430653976,0.20688296613127383,0.2582479012868591
2019-11-11,9410000.0,4.7,17.4,9.386219177097201,9.137705838464301,0.0,0.31819887145224635,0.2963982457415327,0.29789880018565085
2019-11-12,11910000.0,5.3,16.4,7.80009296218624,3.5646929753065772,0.0,0.2029727173083598,0.1755198094543614,0.2536236783065594
2019-11-13,4960000.0,0.7,14.0,5.90544176791157,11.4632863941429,0.010000000000000002,0.4725268771487768,0.4621387856917313,0.35217866739282616
2019-11-14,13310000.0,-0.3,5.9,3.0807718135573063,7.503514096636096,0.0,0.31744925855651857,0.29336141379477615,0.28444618676293465
2019-11-15,12430000.0,4.9,15.2,7.878597749718114,6.405073859912743,0.0,0.2623530160825537,0.23428888951526047,0.28126307803452655
2019-11-16,10600000.0,6.5,18.1,10.6125518076636,4.372809770716129,0.0,0.18231234974103408,0.15698779427652432,0.22224914850027838
2019-11-17,2250000.0,9.9,16.7,14.490845233282473,8.95812432837329,1.9100000000000001,0.07466113537531112,0.06915804568129705,0.08446467843123062
2019-11-18,6030000.0,1.4,11.5,5.686205990115809,12.968778053739213,0.0,0.4158743823185539,0.4035804916887469,0.3132710916206326
2019-11-19,11080000.0,-3.1,6.7,4.2237747099751966,10.301992628887692,0.0,0.27664977378238104,0.25729853079175935,0.2214123354442797
2019-11-20,12490000.0,-0.2,7.7,3.586824961888271,5.088142785911992,0.0,0.22254126862280374,0.19918814080271816,0.2478902114869596
2019-11-21,11800000.0,2.5,11.7,6.204987285201739,4.0196328008704745,0.0,0.1689759643191828,0.14444398840132044,0.20706811941139547
2019-11-22,11450000.0,5.5,16.5,9.74391714054929,5.007331106371037,0.0,0.1794197122369257,0.15292642449378663,0.21455379916820752
2019-11-23,10170000.0,7.7,16.9,11.24682095232695,3.340216087692813,0.1,0.13692354526824543,0.11262630667635257,0.16746907070919742
2019-11-24,8940000.0,2.0,18.8,10.021451030589162,7.982398123545459,0.0,0.2752182618100267,0.25484828926629366,0.25815878387559155
2019-11-25,4019999.9999999995,5.7,10.3,7.521825299522438,6.985720742540346,0.0,0.19682201145259248,0.1882425101424458,0.19433789659571885
2019-11-26,8580000.0,4.3,12.8,7.656451141649226,5.378466227225793,0.0,0.17836471299179496,0.15976603154149438,0.20527542424800393
2019-11-27,6600000.0,2.4,9.5,5.660179971087014,6.372150583062724,0.0,0.21337608521704504,0.20012517318641582,0.22201847046055306
2019-11-28,2830000.0,0.1,8.7,7.521825299522438,5.456284881598566,0.010000000000000002,0.06309077651904116,0.05768355067398555,0.08065922272863732
2019-11-29,11720000.0,0.5,9.5,4.021123759954876,4.872644973802778,0.0,0.20944887711309185,0.18661418488024709,0.25273249108039775
2019-11-30,6760000.0,2.8,11.6,7.066942040825381,3.28634163466551,0.0,0.11576055873019842,0.1016649950523489,0.15481226439847035
2019-12-01,2480000.0,1.2,8.4,7.557519612205313,6.728320578076564,1.72,0.08069232989486211,0.07589152358715455,0.08908155400551153
2019-12-02,9870000.0,-3.3,5.6,3.8825863104381457,12.21154268618878,0.0,0.31011116814677375,0.2932789900978463,0.22402993172723867
2019-12-03,9550000.0,-0.2,8.1,5.19653242030189,6.758250829758398,0.0,0.18733138571071795,0.16935491447955392,0.19396718694954934
2019-12-04,10720000.0,-2.2,9.0,4.381307947430785,6.635536797862874,0.0,0.21022992977307373,0.19042298757852977,0.23204446658313183
2019-12-05,11150000.0,-7.4,4.0,2.3522715740396403,10.9724302665608,0.0,0.32183121472574056,0.3048154089246643,0.24962447419403255
2019-12-06,10230000.0,-5.1,1.5,2.088454779609731,7.305974435535983,0.0,0.23893021166031944,0.22338223699200804,0.217702572895253
2019-12-07,10820000.0,-3.9,6.4,4.375790268767577,7.437667542936058,0.0,0.17122419345532036,0.15270347738116702,0.17556745622859482
2019-12-08,11130000.0,-2.0,7.2,3.9487984278945265,4.501509852948021,0.0,0.15204685699368264,0.13204502736872714,0.19104477237402748
2019-12-09,10750000.0,0.4,9.5,5.243274495244322,3.9298420458249685,0.0,0.13481815198496197,0.11390705789590923,0.179716598249802
2019-12-10,9310000.0,4.7,12.9,8.24297752671555,4.540419180134406,0.0,0.13653950287645422,0.11621744912354211,0.17166115207575608
2019-12-11,9400000.0,-2.4,15.2,5.512988236078016,12.94184082722556,0.010000000000000002,0.6524059798650177,0.6332705289497491,0.3885165510564431
2019-12-12,11040000.0,-3.3,5.2,2.821426368726155,6.506836715630983,0.0,0.22493468403578146,0.20624678959325396,0.2348220129463562
2019-12-13,9420000.0,-0.4,7.8,2.9900956190648964,5.195891691966599,0.0,0.22694697906450365,0.20936367471608514,0.2671735094144397
2019-12-14,10830000.0,0.3,8.0,4.194470898314254,5.276703371507555,0.0,0.1892595429235466,0.16873723505195018,0.2231840438043063
2019-12-15,10040000.0,0.2,11.4,6.204987285201739,4.268053889829706,0.0,0.12732190110599964,0.10725829031308247,0.1763527501800763
2019-12-16,10050000.0,2.9,12.7,7.352119599965942,2.3225875305104147,0.0,0.09021271583275298,0.0688868296777128,0.13719728181499774
2019-12-17,6610000.0,0.5,14.5,9.185162807992361,8.598961308191265,0.1,0.1268498795644313,0.11294515115460253,0.14789617844826766
2019-12-18,9980000.0,-1.8,8.9,4.477463581333101,8.52712870415486,0.0,0.25158069577586434,0.23304653887290444,0.24667149191229795
2019-12-19,10440000.0,-3.2,6.4,3.010807662250562,8.275714590027446,0.0,0.2825579440303799,0.2644565581846657,0.266007456176748
2019-12-20,7480000.0,-3.6,5.7,4.005800483871509,6.021966638385251,0.0,0.15675504997163398,0.14404604079988745,0.1726644153160954
2019-12-21,6780000.0,-3.1,4.5,4.226447671806462,2.8523529852788987,0.0,0.08046255397329923,0.06909285710155441,0.11122616908604474
2019-12-22,5670000.0,-0.6,7.6,5.150159605062484,3.3910975155519334,0.0,0.10339182880473094,0.09287979267371087,0.13876566716382205
2019-12-23,6870000.0,-2.5,8.8,5.48766512808562,6.237464450494466,0.0,0.1355176655396296,0.12293268810897276,0.16217417130542877
2019-12-24,9510000.0,-0.7,8.8,5.303451057964703,3.028941470201727,0.0,0.09680102444269204,0.07883993639112488,0.14103004740944006
2019-12-25,10030000.0,0.7,11.3,3.9236959780109064,3.4898673461019896,0.0,0.16528159615932486,0.1451130014207972,0.23905356575293712
2019-12-26,1900000.0,-3.0,5.6,5.145383391873713,10.577350944360576,0.13999999999999999,0.15919946293306114,0.15594120360695113,0.13492674745449637
2019-12-27,10950000.0,-4.5,4.6,2.852391822258319,8.045251652077315,0.0,0.24679053365718207,0.22887717217787346,0.2302263657425033
2019-12-28,10680000.0,-4.4,5.9,3.1418870191699155,3.2683834836564087,0.0,0.11580813925801714,0.09786461521443093,0.16474835875165747
2019-12-29,3010000.0,-0.3,4.4,5.215829038812429,2.876297186624367,0.52,0.07316541538969094,0.06786083550087646,0.09510361434514021
2019-12-30,6830000.0,-8.6,11.2,5.000803886830037,13.516501659516797,0.0,0.33868158517036523,0.32696900032966447,0.24150109429925867
2019-12-31,11290000.0,-6.2,-1.5,1.910550833815505,11.478251519983816,0.0,0.3087856289717855,0.2930568901120537,0.20499043046289955
2020-01-01,8900000.0,-2.7,3.6,4.160071632601888,7.997363249386377,0.0,0.17257529328954765,0.1577909817570286,0.154514293688601
2020-01-02,9950000.0,-0.5,6.5,5.078926947517591,8.760584667273177,0.0,0.2031940254735781,0.18506117668193453,0.18069686992255926
2020-01-03,10320000.0,-2.5,7.5,4.183859745637144,8.3385681185593,0.0,0.23815612279806087,0.21967521838132317,0.22759318205108953
2020-01-04,10320000.0,-3.2,7.2,4.402054208166191,8.254763413850162,0.0,0.20778904673443735,0.1896345614325961,0.20174583662220189
2020-01-05,11210000.0,-2.2,8.5,3.209308560961491,3.2983137353382443,0.010000000000000002,0.14531457781207033,0.12477926529421542,0.20683278720721524
2020-01-06,2190000.0,1.8,7.2,8.438069310396516,4.902575225484614,2.19,0.021317956865064373,0.01711979803337136,0.029706488592406422
2020-01-07,1170000.0,5.6,15.1,11.161420252930203,10.005683137237524,1.67,0.0993861192019021,0.09672371007035033,0.13195182947305348
2020-01-08,3620000.0,-0.8,7.7,6.032476844970412,12.666482511752676,0.0,0.2069323393734619,0.20023237527943136,0.15660061081841148
2020-01-09,11030000.0,-4.6,5.9,4.171950655497205,7.692074682231659,0.0,0.17697086482852034,0.15850898290042287,0.17499266291738022
2020-01-10,11130000.0,-2.4,7.6,4.141652761298251,5.153989339612029,0.0,0.16895488460318558,0.14895305497823005,0.19891649203293357
2020-01-11,11360000.0,-1.6,6.7,4.432639565287671,7.299988385199616,0.0,0.20662939923473841,0.18625015512612125,0.2011112603842305
2020-01-12,11400000.0,-1.5,4.9,3.956356890173725,11.083172197783592,0.0,0.3024676750134778,0.2826296742488462,0.22240739801462966
2020-01-13,5670000.0,-3.4,3.2,3.089871212020649,8.95812432837329,0.0,0.2637055594437173,0.2544834762257847,0.21317038732527918
2020-01-14,10530000.0,-4.8,5.0,3.161463463491795,6.408066885080926,0.0,0.20005607875523954,0.18279660967476075,0.20474030528605672
2020-01-15,11880000.0,-5.2,3.9,3.1915522644276546,6.426025036090028,0.0,0.18417443308623752,0.1652631434590129,0.18404694951147077
2020-01-16,9210000.0,-2.5,5.4,2.874152120395653,4.9594427036801,0.0,0.20052842802907814,0.18464706692621718,0.22296609815867258
2020-01-17,7100000.0,-1.1,6.5,3.7255270214326575,4.564363381479875,0.04000000000000001,0.17811130951976292,0.16530693526167445,0.20356487342213775
2020-01-18,6270000.0,-3.3,5.9,3.3263386038844747,6.455955287771862,0.0,0.22230580157831223,0.2115535458021492,0.22320378835068722
2020-01-19,7050000.0,-1.3,7.5,4.769803426643931,7.605276952354337,0.0,0.21477729992484967,0.20188485484354907,0.20369292358904426
2020-01-20,9090000.0,-5.8,5.9,3.714782844078934,10.293013553383142,0.0,0.25297172743765894,0.23810118352469858,0.20931560005506897
2020-01-21,12590000.0,-1.9,6.5,3.7135907456435477,2.639848198337869,0.0,0.12519409551518684,0.10280737946394969,0.1622644712425187
2020-01-22,3250000.0,1.7,7.6,7.704070130635992,2.3465317318558836,1.1500000000000001,0.04721432178842001,0.040953547746704275,0.06433306490564991
2020-01-23,3090000.0,-0.1,8.2,7.539653809240339,3.639518604511166,0.03,0.04834747101700289,0.042511533889837534,0.066396313542713
2020-01-24,12160000.0,3.0,12.0,7.804691707041793,6.6804321753856275,0.020000000000000004,0.1901696130234543,0.16458996136482834,0.1892923528849181
2020-01-25,5990000.0,2.4,10.0,6.834416707255334,5.381459252393977,0.0,0.15399104452392365,0.14187167615964685,0.16756068481079664
2020-01-26,6840000.0,4.4,10.4,7.864693508727117,12.55873360569807,0.5900000000000001,0.2666339986515146,0.252287460892079,0.19128675447532367
2020-01-27,1220000.0,3.4,5.9,8.170850548724301,9.131719788127933,3.18,0.028792574548023392,0.02644237629236394,0.039714512983433314
2020-01-28,4860000.0,1.3,10.0,6.742911773172636,4.253088763988789,0.0,0.12313915378477411,0.11347256138054476,0.14708830877000895
2020-01-29,8420000.0,0.5,10.5,6.474857664872865,3.8909327186385823,0.020000000000000004,0.13454443675890151,0.11787583559598516,0.16056958596349236
2020-01-30,8710000.0,-1.9,9.0,5.712337821516262,4.992365980530119,0.04000000000000001,0.14210489543158394,0.12592929356537344,0.16013388523655503
2020-01-31,9590000.0,-2.4,7.9,5.058511698166082,5.797489750771486,0.0,0.16993305332709002,0.15260781358921177,0.1763003421968932
2020-02-01,10940000.0,-1.9,7.5,5.309993105527772,7.92253762018179,0.0,0.20047940387895488,0.18068067948425454,0.17690735875536626
2020-02-02,12440000.0,-1.1,7.9,4.591285852574124,7.198225529481377,0.0,0.2516277890065151,0.22864286728075695,0.23002388737982402
2020-02-03,13450000.0,-5.2,5.4,3.4650357817966215,8.497198452473025,0.0,0.2613262511484441,0.2392806804805961,0.21833532373136721
2020-02-04,14450000.0,-7.4,5.5,2.7677258964764886,8.688752063236771,0.0,0.32203806134751517,0.2993078953601586,0.2468865995800687
2020-02-05,14850000.0,-8.5,-0.5,1.517803791355239,10.1732925466558,0.0,0.3364617157582509,0.3163609923061313,0.22939716359489887
2020-02-06,13560000.0,-6.7,3.0,2.9646276523068793,3.2025369299563713,0.0,0.13624733007327278,0.11568056820826156,0.1493618433769933
2020-02-07,13880000.0,-2.1,6.7,3.004876964157113,8.955131303205105,0.0,0.3798914675554109,0.35521095772291117,0.30641456962061375
2020-02-08,13640000.0,-5.4,5.2,3.4571977768743434,9.407078103600817,0.0,0.28430788496649795,0.2621228382129528,0.2207300186957885
2020-02-09,14940000.0,-2.1,5.8,3.4127104194001503,5.968092185357948,0.0,0.25885634132701546,0.23271633986548826,0.23933028610876175
2020-02-10,13680000.0,-1.8,10.1,4.57691926656685,5.593964039335008,0.0,0.24743736649646436,0.2215144512902373,0.25441794881640334
2020-02-11,14130000.0,2.9,12.8,6.58686501947992,4.537426154966223,0.13999999999999999,0.23681266279643517,0.20678588023638697,0.24878036270965084
2020-02-12,2470000.0,5.8,10.7,10.6487925884743,4.962435728848284,0.63,0.04064487001302324,0.03533573600343225,0.05018501575608113
2020-02-13,13060000.0,4.0,15.1,8.352221169095483,6.467927388444597,0.0,0.26821993348498346,0.23912292615947434,0.26274754280526375
2020-02-14,14750000.0,6.8,16.4,9.082121390166124,5.965099160189765,0.0,0.30698825399987467,0.272343711874244,0.29863386716005347
2020-02-15,11760000.0,3.0,16.9,10.388496973575945,7.742956110090778,0.51,0.23667728812368924,0.21019581475909271,0.21082791214759727
2020-02-16,5280000.0,-2.4,4.8,3.98925873359189,15.934865995409085,0.010000000000000002,0.4066928975880952,0.39767175649534436,0.22716642663374223
2020-02-17,11680000.0,-5.8,0.9,2.632158301798476,15.653521629599835,0.04000000000000001,0.4221989325146739,0.40491950706637453,0.21596794283140497
2020-02-18,16649999.999999998,-3.7,3.7,2.98420119972686,9.52679911032816,0.0,0.35472102554801327,0.327535379066917,0.24830989675798804
2020-02-19,15580000.0,1.0,9.2,4.5014393455348705,5.091135811080175,0.0,0.28161043262565344,0.2511574717276964,0.2702162814528786
2020-02-20,16230000.0,-0.8,12.5,5.369193724454273,3.385111465215566,0.0,0.24622318485862277,0.2137390956734202,0.24770091154335377
2020-02-21,14000000.0,5.2,14.2,7.490714943399391,6.267394702176301,0.08000000000000002,0.3220368040635925,0.2907199434325101,0.3010053569030519
2020-02-22,15840000.0,-2.4,10.8,4.23045992660037,14.722690802294757,0.0,0.655573139243702,0.6255072749705993,0.3692146797335133
2020-02-23,17180000.0,-1.4,9.5,3.733902659746161,6.222499324653548,0.0,0.3395348466504957,0.3070877916845731,0.31142853468831927
2020-02-24,15370000.0,3.3,14.3,5.954157923496313,3.570679025642945,0.8500000000000001,0.2739571938686882,0.24040725120679146,0.294888900092793
2020-02-25,1810000.0,5.4,8.0,9.394341471719441,7.650172329877089,2.2100000000000004,0.04061307879215078,0.036894840628605666,0.04904150944856608
2020-02-26,7020000.0,3.4,12.0,8.391369966689998,6.192569072971713,0.12,0.1754075236436194,0.1605542165184891,0.16698500995951077
2020-02-27,5870000.0,1.5,7.0,6.076584664223671,5.803475801107854,0.0,0.16725856314314871,0.15609825887466852,0.15306248039988748
2020-02-28,5320000.0,-0.7,7.5,6.924947170819053,2.981053067510791,0.22999999999999998,0.0798659922931521,0.07003642769660602,0.08680638472227663
2020-02-29,12590000.0,1.4,12.6,7.809292844528251,4.5194680039571224,0.0,0.1994414079143349,0.17334468721154958,0.1912524227676839
2020-03-01,13330000.0,1.5,14.5,7.65871280754123,7.692074682231659,0.020000000000000004,0.3267701191671798,0.29832117576811135,0.2721913698068992
2020-03-02,18130000.0,2.2,9.4,5.63598416057571,8.176944759477388,0.0,0.37604600586624964,0.33981560111768505,0.2796388681586767
2020-03-03,8350000.0,2.6,11.8,7.541884993764659,6.31827613003542,0.05,0.2155708100057451,0.1981598696640227,0.20010583608654925
2020-03-04,16420000.000000002,-3.3,9.3,3.8173610001879745,13.220192167866626,0.0,0.5655442139958203,0.5356204574974497,0.34344141309524223
2020-03-05,19180000.0,-3.4,8.2,3.454961240224093,7.707039808072575,0.0,0.38771794970498363,0.3534920008712902,0.30919856934334505
2020-03-06,19000000.0,1.0,11.7,5.000803886830037,3.7412814602294056,0.0,0.3014100888677351,0.2627910047957151,0.2920263615506884
2020-03-07,7030000.0,0.7,10.2,7.710894137873137,3.0588717218835626,0.08000000000000002,0.1128979403838936,0.09900300936144768,0.11808880797347851
2020-03-08,18710000.0,1.0,15.0,7.77025936730722,5.677768744044146,0.0,0.347693591481369,0.307762628915985,0.27983086772056354
2020-03-09,11920000.0,6.4,14.8,10.329457012650575,4.8906031248118795,1.0,0.22856758561958013,0.2012669029092169,0.20150310336281435
2020-03-10,4670000.0,0.7,11.0,7.5619918978588085,12.028968150929586,0.44000000000000006,0.2144733766852956,0.20512644529312704,0.16876391325476586
2020-03-11,20360000.0,-1.1,9.2,3.433778128778857,10.10445296778758,0.0,0.542371789949918,0.5039188191055534,0.38234187481854576
2020-03-12,20090000.0,1.5,14.8,5.2271146690276895,5.788510675266937,0.0,0.47266153855156035,0.42960153196219164,0.39901147904158224
2020-03-13,14700000.0,-0.9,12.9,3.9374847507730024,9.18858726632342,0.0,0.6162967545352462,0.5867375977399963,0.4277839251683731
2020-03-14,20890000.0,-0.2,9.7,3.778452090465381,9.912899357023832,0.0,0.5474553492205787,0.5070818549176723,0.385693098907843
2020-03-15,14910000.0,-2.3,11.4,3.598398970757758,13.567383087375916,0.010000000000000002,0.7799183054113382,0.7512894680213781,0.4307631702991637
2020-03-16,20880000.0,0.2,10.6,4.411765559417658,5.37547320205761,0.0,0.383638599903762,0.3424341376338309,0.3308945227652528
2020-03-17,18390000.0,2.4,17.6,7.119788898384042,8.374484420577502,0.0,0.6346464693390639,0.5931806805696931,0.4344928029090613
2020-03-18,21150000.0,6.3,17.5,6.773292409098484,6.647508898535608,0.0,0.5404598306307429,0.4904162446402972,0.4809690383389572
2020-03-19,18070000.0,3.4,18.7,5.407321463925396,16.608296658250378,0.0,1.4237949496879025,1.3819312614208892,0.6747154331630574
2020-03-20,21290000.0,2.7,16.8,5.0694954775163215,8.296665766204729,0.0,0.7373436419491526,0.6896560772593477,0.5271671818522369
2020-03-21,20590000.0,9.9,23.4,10.739871612797543,8.164972658804656,0.0,0.7252650264293696,0.6711676762157666,0.5790663546858615
2020-03-22,20990000.0,2.4,20.4,7.048002157629426,4.734965816066335,0.0,0.5656118873572192,0.5165547064172115,0.46389253119835916
2020-03-23,21570000.0,3.4,18.2,5.6636440066366855,8.664807861891303,0.0,0.8232670363488129,0.7736108712025461,0.558300059146734
2020-03-24,19950000.0,3.1,17.6,6.822153010215973,2.8433739097743485,0.0,0.39309550997181864,0.34769802093382046,0.3528696525396537
2020-03-25,20900000.0,10.2,20.9,7.5888747056689985,3.96575834784317,0.010000000000000002,0.5039028014153532,0.45020549669329135,0.5062954197881984
2020-03-26,6010000.0,11.4,16.2,14.734523365682799,3.9507932220022526,1.4500000000000002,0.13006896866577158,0.11520168789319034,0.11475582873679893
2020-03-27,7240000.0,4.8,19.6,9.50049635284362,7.153330151958624,0.13,0.4164055731415723,0.39914990819817553,0.353251386113944
2020-03-28,5850000.0,4.9,10.7,6.17874230924148,5.7615734487532855,0.0,0.2750626624529613,0.2626490869298782,0.2619724163815724
2020-03-29,14650000.0,6.0,12.6,7.243739908134234,7.437667542936058,0.0,0.41159646476616063,0.3791766538907807,0.3224910894327849
2020-03-30,21260000.0,4.1,18.2,8.202036924322556,3.334230037356446,0.0,0.4203126851755501,0.370934275843333,0.362454328997637
2020-03-31,20240000.0,9.2,19.5,8.440533507559193,3.424020792401952,0.010000000000000002,0.4438017075650113,0.393117511569126,0.4265578847547891
2020-04-01,14390000.0,2.2,19.0,6.218146693988897,7.234141831499579,0.0,0.6883373091654795,0.6553795219002005,0.4943307830409891
2020-04-02,20770000.0,3.7,17.6,4.732729095683066,6.551732093153736,0.0,0.6923688037257089,0.6447375592810397,0.5479155176462353
2020-04-03,23140000.0,4.1,19.1,4.331870107960447,8.443323999445724,0.0,0.989843998849618,0.9354931714064252,0.6694442464948912
2020-04-04,22690000.0,0.2,18.7,4.448002755142022,8.248777363513794,0.0,0.9204505423654629,0.8700343181129595,0.604714968066421
2020-04-05,24150000.0,2.2,15.7,2.943228625134334,6.47092041361278,0.0,0.7235653579081773,0.6706314146000779,0.5743074888801514
2020-04-06,23250000.0,5.7,18.3,3.6791672355719487,6.566697218994654,0.0,0.7339457449135052,0.6787993474469349,0.6460938177007671
2020-04-07,23360000.0,5.4,20.7,5.955969030720812,10.22417397451492,0.0,1.1288259822902078,1.0720204715871593,0.6988409783865392
2020-04-08,24200000.0,2.0,17.3,4.055791362019158,9.209538442500705,0.0,1.0105183838816505,0.9564572610208218,0.6226227609827311
2020-04-09,23480000.0,7.4,16.9,5.370846491224622,9.404085078432635,0.0,0.8003493483962758,0.7444549672225531,0.6185582925349232
2020-04-10,11670000.0,8.0,14.6,6.218146693988897,3.711351208547571,0.0,0.35035264064769633,0.3231458140253505,0.3528481273392584
2020-04-11,10160000.0,4.9,14.7,8.408548398252895,4.232137587811504,0.22999999999999998,0.2596340476375244,0.2368463051674074,0.24961342191924576
2020-04-12,9690000.0,3.9,12.4,7.758811750846571,8.260749464186528,0.33,0.3160276364051607,0.29525852421745624,0.24826731672576532
2020-04-13,18040000.0,6.2,16.6,4.3264076575641335,8.284693665531996,0.0,0.7120102808678286,0.6698477489879934,0.6042817504167689
2020-04-14,24700000.0,6.1,22.8,3.9024703024151277,8.191909885318307,0.0,1.2543019191417613,1.192313570776728,0.8424561039488806
2020-04-15,20310000.0,7.5,22.3,6.688529909591407,7.25209998250868,0.0,0.8900072787845692,0.838537526674388,0.6725597766540273
2020-04-16,23120000.0,9.3,19.2,8.690181796251665,10.451643887296868,0.03,0.7847098198186908,0.7269408401993738,0.5738195605385349
2020-04-17,5340000.0,8.8,14.6,12.35870680261235,6.390108734071825,1.3,0.15281782905760194,0.1402444030775902,0.12899888716618668
2020-04-18,17080000.0,8.9,21.0,9.65477216491401,9.67345734356915,0.0,0.6702995103169866,0.6269688982231948,0.5458122090577898
2020-04-19,7490000.0,9.3,14.6,10.983001643874326,8.931187101859637,1.4900000000000002,0.29435655150667417,0.2766126754667902,0.22581875264054624
2020-04-20,18530000.0,7.7,21.7,8.514755177741275,12.929868726552826,0.0,1.0567467962125883,1.009989627524874,0.6618010460991018
2020-04-21,24600000.0,2.6,15.9,4.210432369959889,15.117770124494983,0.0,1.197436032369223,1.1430712190331618,0.6457568376039381
2020-04-22,23920000.0,3.6,13.3,4.173272401731534,16.021663725286405,0.0,1.0348465273726466,0.9831408474336432,0.5797544720289246
2020-04-23,21210000.0,1.5,16.0,4.7268209535499475,13.0615618339529,0.0,1.0714374602048913,1.0252039980360732,0.5756363182025506
2020-04-24,25660000.0,6.0,17.0,4.592724706503632,11.050248920933573,0.0,0.9445356136367205,0.8844147254715418,0.6787204528536253
2020-04-25,24990000.0,6.3,23.1,8.627167006504044,13.160331664502957,0.0,1.3341734216375134,1.2711155886366512,0.7243834326083926
2020-04-26,25930000.0,5.0,18.9,6.465113243157672,8.479240301463925,0.04000000000000001,0.8626997781196728,0.8012713794929448,0.5951255023976904
2020-04-27,20140000.0,5.2,19.4,6.193727394613741,8.311630892045647,0.010000000000000002,0.8384682254714788,0.7903515700889101,0.5989734951079944
2020-04-28,25920000.0,6.7,21.5,5.90723976404713,7.910565519509056,0.0,1.0277884031654545,0.9632376500623986,0.7212296689821195
2020-04-29,25830000.0,10.5,25.0,7.039598832415208,5.902245631657911,0.0,0.9496247770769048,0.8802987974240946,0.7730961341859698
2020-04-30,25750000.0,14.5,26.4,13.011249074171126,9.27239197103256,0.0,0.9262526152361786,0.8537398140978244,0.7609053638187453
2020-05-01,23780000.0,15.1,30.3,17.404258393505515,8.991047605223308,0.0,1.0471928937338393,0.9777889046727403,0.7513923352746295
2020-05-02,18410000.0,16.7,29.4,15.677473692068915,6.913888138503942,0.61,0.7722125653517525,0.7181991216060015,0.7073283561155046
2020-05-03,9080000.0,14.0,20.7,18.41155826949378,4.256081789156972,0.48,0.21302048618909253,0.18883552688111602,0.17205821547070865
2020-05-04,22980000.0,13.2,29.9,14.977709027569755,12.477921926157114,0.08000000000000002,1.3812208268566366,1.3153364362045568,0.8599012153924708
2020-05-05,11300000.0,11.3,22.4,15.818248899075359,4.289005066006991,0.19,0.29539132629715875,0.2655846150909148,0.2725627875819259
2020-05-06,25240000.0,9.9,26.4,12.265918559490034,9.820115576810144,0.0,1.1117348865703074,1.0434830378530395,0.7151386571594491
2020-05-07,26500000.0,8.8,21.7,9.129551659494169,10.514497415828723,0.0,0.9519021855175817,0.8842439798365531,0.6602836443926979
2020-05-08,22620000.0,15.1,25.1,13.78850062910849,8.07518190375915,3.09,0.7848392110576564,0.7215154492021735,0.6478520788182681
2020-05-09,7910000.0,13.3,20.5,17.506978138778564,8.554065930668513,1.09,0.23763496267759404,0.21674975869289437,0.1805927594128664
2020-05-10,17820000.0,12.0,23.0,14.223381551318527,9.75726204827829,0.0,0.612140476152623,0.5645394653778147,0.47121301063363363
2020-05-11,24850000.0,13.2,25.9,11.400064955929238,9.484896757973589,0.0,0.9991022066301202,0.9301911042472527,0.785460141574951
2020-05-12,26790000.0,9.0,25.0,9.785952884803443,11.544098073683854,0.0,1.3609382833586154,1.2900645416633287,0.7910176780629857
2020-05-13,26930000.0,11.4,23.9,7.6700299846142705,8.141028457459187,0.0,0.985395510010758,0.9132539599759028,0.815401910342854
2020-05-14,21090000.0,16.1,27.9,9.99853708049126,5.2138498429757,0.27999999999999997,0.7662943833823554,0.7053986858074899,0.7768959156498997
2020-05-15,5250000.0,14.3,17.1,16.68193988371441,6.473913438780964,1.82,0.1514696063520842,0.13793897995140236,0.1167670642156283
2020-05-16,16760000.000000002,16.1,25.7,18.115228944544693,6.0788341165807385,0.06999999999999999,0.5287596603924054,0.4812099648673579,0.45026256763686784
2020-05-17,22490000.0,15.8,28.9,18.722053778883883,4.806798420102741,0.0,0.6697194195768079,0.6044289889708525,0.563558306737979
2020-05-18,13520000.0,11.7,24.0,16.8804009637541,8.296665766204729,2.04,0.42073548682233264,0.38438023734215154,0.34434501609005685
2020-05-19,20580000.0,8.2,19.0,11.304073694879788,9.619582890541848,0.41,0.5751773996360142,0.5244967761116724,0.4005542395459531
2020-05-20,20060000.0,12.5,20.6,11.847600887443171,5.9441479840124805,0.0,0.5754391570406858,0.5228390199147289,0.4725660627875759
2020-05-21,16480000.0,10.7,22.3,12.982416884668034,5.4832221081122166,0.03,0.47156424616713355,0.4283944626141792,0.41685481545891073
2020-05-22,23280000.0,11.3,23.3,13.22197088189908,9.26341289552801,0.0,0.7245845323201785,0.6626369572769709,0.547289376256742
2020-05-23,25560000.0,13.3,26.7,14.550435623064851,4.082486329402328,0.0,0.6946146677234665,0.6231822987075826,0.5818627873370603
2020-05-24,17700000.0,14.1,26.9,16.79896347989134,8.26972853969108,0.06999999999999999,0.6685398808270777,0.6186544661350335,0.5469790869515402
2020-05-25,15840000.0,13.9,23.5,15.03905318539102,5.342549925207591,0.0,0.4838992885598633,0.440632008894226,0.42565705251280084
2020-05-26,21160000.0,14.5,26.7,13.70520555231493,7.632214178867987,0.0,0.7869986839365388,0.72726225543769,0.683996465684754
2020-05-27,24800000.0,13.2,26.1,11.95433434793776,6.222499324653548,0.0,0.82179568268563,0.7529035489148549,0.6945236594870563
2020-05-28,26140000.0,14.4,27.8,10.558394223521702,6.10577134309439,0.0,0.9582340132359526,0.8838299817760517,0.8222243943973503
2020-05-29,24780000.0,14.8,28.8,11.77140483299389,5.058212534230157,0.0,0.8869901131348259,0.815663535717491,0.766310310518189
2020-05-30,22760000.0,14.7,29.4,11.380809532100251,4.962435728848283,0.0,0.899109530406552,0.8333406683479943,0.7714111018902767
2020-05-31,18330000.0,18.7,29.3,15.818248899075359,6.390108734071825,0.05,0.7526534215591227,0.6981273104628615,0.7218667544306631
2020-06-01,24320000.0,14.6,28.7,11.243647739541382,9.233482643846173,0.010000000000000002,1.2325224217805861,1.1626854382795657,0.9342627373458828
2020-06-02,23590000.0,18.1,30.9,11.339187588484242,5.567026812821355,0.0,0.9430760841880144,0.8724084888637333,0.9040480927356231
2020-06-03,20920000.0,19.2,31.6,19.163438288354854,6.671453099881076,0.0,0.823822227186624,0.7603813681231186,0.7476290751303607
2020-06-04,25790000.0,19.6,35.9,19.40801426960452,6.851034609972087,0.0,1.2662466001217327,1.1856850324827022,0.9848847080713605
2020-06-05,23660000.0,18.5,35.1,18.416451304177926,8.850375422318681,0.11000000000000001,1.3852966358267795,1.3122401523887017,1.0237108233297882
2020-06-06,22290000.0,18.1,29.6,15.651996658370102,10.191250697664902,0.0,1.0270457732751326,0.9608815606156117,0.8779742088504028
2020-06-07,26130000.0,19.6,32.9,12.286485060212904,3.9627653226749864,0.0,0.9149369771021314,0.8348123946831636,0.8701694319496992
2020-06-08,27110000.0,21.8,35.9,13.994840361155807,4.300977166679725,0.0,1.0646092777442744,0.9788345335678368,0.9819634027217253
2020-06-09,27070000.0,22.7,36.9,17.666772306532177,5.255752195330269,0.0,1.159013885526347,1.0724596939295963,1.0311384253731517
2020-06-10,21510000.0,22.0,36.3,21.38686232628131,5.393431353066711,1.4400000000000002,0.9753443727785165,0.9070577505673636,0.8634639639243881
2020-06-11,17000000.0,22.9,32.5,25.048836474466604,3.974737423347721,0.05,0.5957727846603611,0.5427006966745129,0.5523166200471169
2020-06-12,7470000.0,19.1,27.9,25.552808962012143,3.6933930575384695,3.0700000000000003,0.23973387428274023,0.217672081939761,0.22814435516628206
2020-06-13,16320000.0,21.4,28.3,25.624590007902185,4.486544727107104,5.800000000000001,0.49233436281468024,0.4432089772528481,0.3985051136363559
2020-06-14,12570000.0,18.1,28.6,22.72168235639087,8.428358873604806,1.94,0.4983911840800797,0.4613483054393003,0.4320087431173169
2020-06-15,25440000.0,18.0,29.6,17.990200604442578,7.1802673784722755,0.0,0.8712625995429158,0.7958022018573343,0.7409628713761636
2020-06-16,24950000.0,17.3,29.5,18.124877974996078,5.130045138266561,0.0,0.7620017988006779,0.6884221606956671,0.6613932224760481
2020-06-17,14500000.0,20.1,27.5,20.23781164772211,2.8493599601107156,0.27,0.44627773550405914,0.40326768179175837,0.4127743082783071
2020-06-18,5140000.0,16.6,19.8,19.117882102091652,6.162638821289878,1.55,0.17127473847837163,0.15736269935338265,0.14443305137622814
2020-06-19,24100000.0,18.0,28.2,19.254836024660268,7.308967460704166,0.010000000000000002,0.7868768957252601,0.7161169970314181,0.6323549516209979
2020-06-20,19110000.0,16.9,27.6,20.010392690916696,5.195891691966599,0.0,0.5674781344519869,0.5120853525295439,0.480983736812845
2020-06-21,27040000.0,15.6,27.2,19.510725091418095,6.123729494103491,0.0,0.7215241790289936,0.6441850693484977,0.547165316674378
2020-06-22,27480000.0,19.6,31.2,21.498682441615163,3.3521881883655475,0.0,0.761772089502148,0.6784377296997997,0.6487454688421668
2020-06-23,24800000.0,20.0,31.6,21.115051505923933,6.042917814562536,0.0,0.8355416074531238,0.759936583202937,0.7274879191350792
2020-06-24,6580000.0,20.4,25.5,22.63360661289094,6.584655370003754,0.9,0.3146241272336721,0.29534765415412767,0.2944219444792674
2020-06-25,9970000.0,20.1,26.6,25.906881854696238,6.162638821289878,0.45999999999999996,0.31062540852315706,0.2812445413752994,0.2448135091597655
2020-06-26,24870000.0,19.9,29.7,20.656119663739357,7.5514024993270334,0.0,0.8619405979723315,0.787129742363307,0.7006798250510051
2020-06-27,18930000.0,19.5,29.4,22.446709164130535,4.0136467505341065,0.0,0.5678045709283591,0.5111361472290769,0.49268779287106346
2020-06-28,25580000.0,19.7,30.8,22.168894301259936,7.371820989236022,0.0,0.8580136547816137,0.7805964511354999,0.69558301063648
2020-06-29,8410000.0,19.8,27.3,23.637321565609316,11.394446815274677,5.03,0.4535280735161618,0.4286720508511196,0.3729500388185295
2020-06-30,14480000.0,18.0,26.2,21.253350305969793,10.535448592006006,0.13999999999999999,0.5604052987398858,0.5185303878174812,0.4184754008426094
2020-07-01,19950000.0,18.4,26.1,20.737425496871413,5.450298831262198,0.08000000000000002,0.5756862806439552,0.5178586511644817,0.4526593726313882
2020-07-02,21460000.0,19.0,27.8,20.34969684688952,5.444312780925832,0.0,0.6594383480133825,0.5961510119919986,0.5461698098032536
2020-07-03,8720000.0,17.9,21.8,20.791784896528377,7.153330151958624,0.97,0.27265428807321923,0.2483471112237931,0.20355432669105902
2020-07-04,13200000.0,19.5,24.5,21.392441219525075,3.1336973510881503,0.0,0.3680057248339682,0.3298917747159869,0.313041210276306
2020-07-05,14370000.0,18.6,26.5,22.40019628449434,3.2264811313018393,0.09000000000000001,0.3955465985958898,0.35370166917731716,0.3366171621614675
2020-07-06,10370000.0,21.7,27.1,25.827830755446747,4.1094235559159795,0.25,0.33389506739968045,0.30287328703957195,0.2879680322005659
2020-07-07,22460000.0,20.4,30.3,26.44602732569642,5.219835893312067,0.7400000000000001,0.6502609827711623,0.5821953857616291,0.5021085356696104
2020-07-08,20070000.0,20.1,29.8,24.209512580874975,4.318935317688826,0.03,0.5929483726969166,0.5324525923929194,0.49398237634763403
2020-07-09,14990000.0,21.3,28.6,24.97846699710007,10.406748509774115,2.44,0.6190827884975125,0.5738993432181443,0.4711318570272017
2020-07-10,9150000.0,21.7,25.9,27.519004415968265,5.06120555939834,1.37,0.26434367362470573,0.23720284662694358,0.2003317449709887
2020-07-11,19550000.0,19.6,30.0,24.048338697938945,8.386456521250235,0.26,0.6869538571878357,0.6281459670729815,0.5464412304743653
2020-07-12,4130000.0,17.8,21.2,21.392441219525075,12.732329065452712,7.840000000000001,0.16760184027598482,0.15615899575320094,0.12005008408487723
2020-07-13,7540000.0,18.5,21.7,21.164748063682808,11.708714457933949,2.9600000000000004,0.29635434890209,0.2752464282835958,0.19809547405033562
2020-07-14,6320000.0,18.5,21.4,20.895411479593488,5.001345056034669,0.6000000000000001,0.20385421657043135,0.1862068433808252,0.17431209404035686
2020-07-15,9540000.0,16.0,21.7,19.624256575788692,4.642182035852646,0.24,0.25188835494935435,0.22575901194193557,0.20230502694423072
2020-07-16,24730000.0,16.9,27.7,20.14763277906082,6.039924789394353,0.0,0.6962770283371232,0.6245387774117914,0.5460747655145355
2020-07-17,26580000.0,17.3,27.7,20.62367555077026,6.303311004194503,0.0,0.7386366946615179,0.6612955325510526,0.5600389642424423
2020-07-18,19350000.0,19.4,27.0,21.945389391801605,5.150996314443846,0.03,0.5675092331602251,0.5106117489839004,0.4551490583767487
2020-07-19,7690000.0,23.6,26.8,29.749741414014515,8.661814836723119,1.51,0.272954026648092,0.2496960580479007,0.19641063582443336
2020-07-20,19290000.0,21.4,31.1,28.50766139664707,8.955131303205105,1.04,0.654165849668764,0.5950153255638313,0.4852335292922195
2020-07-21,23930000.0,22.9,31.2,25.99937521944899,4.785847243925456,1.1800000000000002,0.7425696690173663,0.6684500985404851,0.6045392219341291
2020-07-22,3510000.0,21.3,24.0,26.553676582151784,5.773545549426019,2.97,0.10595101272331989,0.09571450969547972,0.0991090169879368
2020-07-23,4960000.0,20.4,22.0,24.679739762691106,15.138721300672266,7.58,0.150230519747859,0.1360896442324964,0.07798180926451402
2020-07-24,8580000.0,20.4,24.7,24.352875785205462,7.075511497585852,2.33,0.2920497113891134,0.267065056245665,0.2285405325192559
2020-07-25,12500000.0,21.4,26.2,25.396805311211562,3.9956885995250055,1.3800000000000001,0.36230392923943294,0.32522629672882886,0.29345927031640384
2020-07-26,17580000.0,21.7,28.3,25.28034933645463,5.309626648357573,0.06999999999999999,0.5446087150416646,0.4915823941322125,0.4346794172528801
2020-07-27,4450000.0,20.8,24.3,25.494209754125798,8.437337949109354,1.92,0.1748389429874264,0.16188070110067285,0.14573984639210807
2020-07-28,8100000.0,21.8,25.8,26.68877621524796,7.051567296240384,1.31,0.27793654838777065,0.25391024252089917,0.2164349107661936
2020-07-29,8369999.999999999,22.6,27.1,29.188741997378443,3.8669885172931133,1.5,0.24438164047713076,0.2191868195731764,0.19781694592445426
2020-07-30,8240000.0,22.3,28.1,29.43856372888879,3.9597722975068033,0.9300000000000002,0.25007288106439596,0.22515146867615457,0.210084498883894
2020-07-31,14480000.0,24.3,30.1,30.532658788862584,4.387774896557047,0.08000000000000002,0.4575560709595874,0.4126237430919752,0.3677443600648415
2020-08-01,19290000.0,24.6,31.5,30.12392978721113,4.944477577839183,0.18000000000000002,0.6228774376496656,0.5624057698456875,0.49751203602999106
2020-08-02,17140000.0,25.2,30.5,30.861579622375302,8.766570717609543,0.91,0.6355775975868565,0.5819727349666524,0.467399211239851
2020-08-03,19300000.0,24.5,31.3,30.892333438671688,8.817452145468664,0.010000000000000002,0.6906966690579865,0.6303006697840929,0.5033573613897886
2020-08-04,19100000.0,24.5,31.8,31.19358676865446,6.794167131776601,0.04000000000000001,0.6486229003790442,0.5886765630135986,0.49667837176712426
2020-08-05,17500000.0,25.5,30.6,31.25569800920914,10.254104226196755,0.9300000000000002,0.6780632964448066,0.6232030483074495,0.48161636853272993
2020-08-06,12560000.0,24.4,28.2,31.58355474360301,9.1556639894734,1.82,0.4044158115761025,0.36587742204485074,0.262298530574595
2020-08-07,3860000.0,23.2,26.3,30.03375213262913,6.728320578076564,9.71,0.1286740164183976,0.1170707979741541,0.11120768392336418
2020-08-08,3570000.0,24.9,27.0,31.0233355600674,7.479569895290628,4.58,0.16313140110332291,0.15222665472380315,0.1523269064026349
2020-08-09,15870000.0,25.6,30.5,30.915416338972598,8.206875011159223,0.27999999999999997,0.601640741753577,0.5518903338712995,0.45895168227600963
2020-08-10,9170000.0,24.9,28.9,31.63848808315018,9.071859284764264,2.0300000000000002,0.36161072938402544,0.3332606864201718,0.27249267445689807
2020-08-11,14350000.0,24.6,30.1,31.63848808315018,7.518479222477014,0.6900000000000001,0.4915308999270828,0.4469204287612271,0.36372540951562027
2020-08-12,14230000.0,24.9,30.8,33.11264516302877,4.893596149980063,1.59,0.44489908820373947,0.400395167837024,0.3413413956001989
2020-08-13,20400000.0,25.8,32.2,32.69816984668332,8.398428621922971,0.03,0.731031844418683,0.6663778556384343,0.5345200217186605
2020-08-14,21870000.0,25.8,32.9,33.16988980903357,8.443323999445724,0.020000000000000004,0.7798248832474453,0.7102408770814478,0.5692673280131662
2020-08-15,21410000.0,23.8,33.4,32.168508196551926,5.534103535971337,0.06,0.6777925904725453,0.6102450444471634,0.5290505311207294
2020-08-16,23140000.0,24.8,33.0,32.112773206464674,4.528447079461673,0.0,0.7094447376252693,0.6361894586338785,0.5499093165173902
2020-08-17,24470000.0,24.0,33.0,30.784811880961733,3.8789606179658476,0.0,0.7211013674577471,0.6439882989917025,0.5677889364981135
2020-08-18,24950000.0,23.0,33.3,29.690249186500317,5.0731776600710745,0.0,0.7603116663304021,0.6820048015519797,0.6034632115129017
2020-08-19,25040000.0,22.4,33.7,28.709070605674178,5.692733869885064,0.0,0.7869805582941839,0.7084833803879311,0.6394209929734407
2020-08-20,24760000.0,22.9,34.0,28.179451714497127,6.315283104867237,0.0,0.8254571820950133,0.7474751896336501,0.6843228464891675
2020-08-21,16510000.000000002,23.3,32.0,28.436029029276384,7.204211579817744,0.03,0.6208490984746854,0.5693375740243416,0.525582987361205
2020-08-22,14870000.0,22.9,30.2,28.18655147931114,4.687077413375399,1.03,0.4739830696346826,0.4282118000139433,0.3984158638343075
2020-08-23,21180000.0,22.8,29.9,28.044852472374608,3.193557854451821,0.25,0.5755056309237908,0.5104766746866495,0.4534420727980521
2020-08-24,21000000.0,23.2,32.1,30.01874544343159,3.2713765088245923,0.010000000000000002,0.5977069817758297,0.5321865690891417,0.4803192271510438
2020-08-25,21660000.0,25.4,33.5,30.593620788125634,6.551732093153736,0.010000000000000002,0.7692941617466204,0.7003022137008058,0.6269821815819563
2020-08-26,16010000.000000002,25.2,30.0,31.835359305409,12.708384864107245,2.45,0.622817462815532,0.5728959052507353,0.40689788247951314
2020-08-27,13190000.0,25.2,30.5,32.08891256781688,6.300317979026319,0.5599999999999999,0.45485879064270546,0.41360744070335353,0.35801509737692977
2020-08-28,6540000.0,24.4,27.9,31.993624520987424,2.6308691228333183,1.32,0.18933371649759695,0.1693052794282744,0.1610109670737445
2020-08-29,13900000.0,24.6,30.4,31.953994041667798,4.465593550929818,1.94,0.4269653650358823,0.38367525519158885,0.3372247537608558
2020-08-30,16800000.0,22.9,31.1,30.19925818255993,4.887610099643696,1.74,0.5058546647298485,0.45385129295389276,0.4029364675342926
2020-08-31,15620000.0,21.6,27.7,25.254533691596617,9.431022304946287,0.0,0.5594289584090278,0.5125395485612911,0.416837192061889
2020-09-01,12390000.0,23.5,28.5,28.22207373084307,9.1556639894734,0.63,0.4776900543660377,0.4398196333577176,0.36603405307966175
2020-09-02,9010000.0,23.3,28.1,29.475459130067794,20.92423895077102,7.06,0.49064755838233093,0.4632157226416792,0.29088029058078024
2020-09-03,20310000.0,17.2,28.2,21.87701647905409,10.01166918757389,0.04000000000000001,0.6490043328163279,0.5897278392153639,0.49115809691775186
2020-09-04,21700000.0,19.6,27.9,21.55478410734965,4.091465404906878,0.0,0.5767446991375131,0.5124241272332914,0.48344376748188844
2020-09-05,3500000.0,17.8,22.2,20.75372023862452,4.1513259082705485,2.99,0.13168423991932943,0.12190281223718569,0.14671420042830655
2020-09-06,5040000.0,19.7,24.7,23.22646330333677,10.795841781637973,4.05,0.2821285898874665,0.2675307673723438,0.23707684340875107
2020-09-07,5760000.0,19.5,23.2,21.599757637116493,15.417072641313336,3.4200000000000004,0.38480756880315325,0.3683461714580464,0.27035148314226876
2020-09-08,19220000.0,20.4,27.0,24.0730734570373,8.19490291048649,0.15000000000000002,0.57619815861538,0.5192694929769426,0.4168114021721254
2020-09-09,15250000.0,18.8,26.6,23.082952992744744,4.857679847961861,1.37,0.41009402188699634,0.3655855764209846,0.3358810493266242
2020-09-10,15840000.0,20.1,26.6,22.19769230186744,4.124388681756897,0.0,0.4410618010613371,0.39438246950446,0.3787379703760273
2020-09-11,6790000.0,18.6,24.3,22.174651285136918,7.979405098377277,1.36,0.2679844305912412,0.2485483037164448,0.2317265176795061
2020-09-12,8130000.000000001,17.9,23.3,20.699447978638563,4.067521203561411,0.22000000000000003,0.23715410158253875,0.21420243978217765,0.2178912371897666
2020-09-13,15170000.0,18.4,24.0,20.275046718706957,3.872974567629481,0.05,0.38065665015581646,0.3374072385493546,0.31918955741351857
2020-09-14,19830000.0,18.4,26.2,19.889671071328014,4.139353807597814,0.0,0.5055294804052306,0.4480054401363536,0.4301421573257945
2020-09-15,18180000.0,19.8,26.9,22.168894301259936,3.316271886347345,0.11000000000000001,0.4585538395352765,0.4049786976347699,0.38886992089309197
2020-09-16,10100000.0,19.8,25.0,23.412985182026862,3.331237012188263,0.13,0.26820559264799976,0.23886194527106114,0.23446063168494988
2020-09-17,4820000.0,18.2,23.4,22.18040957688458,4.333900443529744,0.86,0.15684704358507842,0.14319469657886805,0.154004111509614
2020-09-18,11770000.0,12.3,22.5,17.274288624668674,5.614915215512292,0.09000000000000001,0.27972216982961956,0.2483421492810482,0.24393172903625865
2020-09-19,18810000.0,12.6,25.6,16.361597634324003,6.426025036090027,0.010000000000000002,0.5210022593098114,0.46925220035079585,0.44129581522579286
2020-09-20,21480000.0,11.9,23.7,14.09128299811601,6.135701594776225,0.0,0.5266273980795694,0.4689220908376807,0.45784816207796686
2020-09-21,18150000.0,14.0,22.0,15.253423912085564,5.306633623189389,0.0,0.4361397706355003,0.3871970093893193,0.36854367325986315
2020-09-22,11390000.0,13.1,20.8,15.166530416876885,6.78518805627205,0.0,0.3362171626324685,0.3061140337105577,0.2912544504437587
2020-09-23,12420000.0,14.3,22.6,16.785424117778902,7.470590819786078,0.010000000000000002,0.37693492904207837,0.3431635498624559,0.3203636844624236
2020-09-24,13210000.0,15.0,23.1,17.085511175208335,6.506836715630983,0.03,0.3842208286126611,0.34790982672048976,0.33468986314170884
2020-09-25,16920000.0,14.0,24.3,16.848689784970897,5.620901265848659,0.06,0.42655919525505287,0.37996753570355385,0.37606505611089547
2020-09-26,14730000.0,14.7,23.6,15.986048594252916,5.848371178630607,0.010000000000000002,0.42019543563312656,0.37963425683917973,0.3832939296166001
2020-09-27,15930000.0,11.5,22.2,15.216130483593078,6.482892514285514,0.06,0.3800263937914475,0.3380068442768044,0.3255983470139624
2020-09-28,17760000.0,10.9,22.8,15.03495672421778,4.95046362817555,0.0,0.37655744193330054,0.3297107878604781,0.33563717022251904
2020-09-29,17720000.0,14.5,24.1,16.47664874625324,3.8310722152749115,0.0,0.3974575545062854,0.3485333658230727,0.3616024159359615
2020-09-30,15110000.0,12.7,23.1,15.88690190546196,5.0731776600710745,0.03,0.35763410631517617,0.31696515759988025,0.3263125151838998
2020-10-01,17460000.0,15.4,23.4,17.408915983955563,5.294661522516655,0.06,0.41422520594400447,0.3659340176910415,0.3511320055589754
2020-10-02,16620000.000000002,17.3,25.2,17.889768968661823,4.0136467505341065,0.13,0.41732631095867034,0.3699046996505633,0.3865955252192481
2020-10-03,14310000.0,18.3,24.9,19.515873105835873,3.2683834836564087,0.30000000000000004,0.3495374680447193,0.3084776297928063,0.3209594512123265
2020-10-04,7610000.0,9.4,22.7,13.506352827750966,8.84139634681413,0.21000000000000002,0.3923887041925954,0.3726342776728043,0.3591615856019026
2020-10-05,19110000.0,8.1,18.2,9.497761285188128,8.829424246141397,0.0,0.5128997174899113,0.4663213661729261,0.4179154292491562
2020-10-06,18830000.0,10.9,20.2,11.29769964048045,3.8340652404430946,0.0,0.37573699652200476,0.32735803729155394,0.3597463952249016
2020-10-07,17120000.0,13.0,21.0,13.043752542975232,7.117413849940421,0.0,0.4666421617189334,0.4213506925952563,0.40656625072726105
2020-10-08,16170000.000000002,14.7,20.5,11.695640164255195,11.271732783379155,0.0,0.6885748878796144,0.6452989478091006,0.5416274213959409
2020-10-09,12620000.0,13.2,19.9,12.626723673900301,8.745619541432259,0.0,0.4595802569222725,0.42648884463266246,0.39397541655632207
2020-10-10,12430000.0,10.3,22.0,12.860505584936586,5.581991938662273,0.0,0.3380479103123592,0.3057158135011532,0.34677221967583705
2020-10-11,13580000.0,12.3,21.2,14.246805612061136,3.28634163466551,0.0,0.27782539206319656,0.24207512409471885,0.272233530461225
2020-10-12,13490000.0,9.9,22.1,12.88552238333374,6.904909062999391,0.010000000000000002,0.3823849241021725,0.3474025908072269,0.36959094763769645
2020-10-13,16059999.999999998,7.6,19.2,8.080289348895626,7.207204604985927,0.0,0.4780308883642082,0.43866095286311485,0.4635267666357902
2020-10-14,12810000.0,6.3,19.4,8.255053137575926,6.0788341165807385,0.0,0.4241473712976095,0.3931416215297684,0.40834671374353027
2020-10-15,17020000.0,8.9,19.0,8.425757839830409,3.675434906529368,0.0,0.341554609532901,0.29930954716906827,0.36595190806485517
2020-10-16,6590000.0,8.3,16.5,10.543393698574706,3.7622326364066905,0.0,0.18319959917205647,0.1674176803951886,0.20535848090256809
2020-10-17,16260000.000000002,8.3,19.6,10.180240381907891,5.156982364780213,0.0,0.35027887056653156,0.3099201917160075,0.35416488412045555
2020-10-18,16970000.0,8.2,19.6,9.177200123637002,5.42635462991673,0.0,0.38614414684082704,0.3440702393845341,0.3962462210301998
2020-10-19,15290000.0,10.4,20.9,11.867549324768538,3.561699950138394,0.0,0.29801632433356806,0.2586507788755835,0.31168700901662344
2020-10-20,16239999.999999998,9.0,21.2,11.568149675268746,4.342879519034295,0.0,0.3238154530391742,0.28248393718926434,0.33475742880476894
2020-10-21,6610000.0,10.9,17.8,14.510684841287668,2.568015594301464,1.0,0.12231082538174076,0.10575832856687901,0.12976154855539052
2020-10-22,8870000.0,7.2,19.3,10.218094583040491,10.083501791610294,0.0,0.4051636362692534,0.383494153393814,0.37422928216270845
2020-10-23,16350000.000000002,5.5,14.3,6.124689715619015,11.487230595488368,0.0,0.5802417148699673,0.5434730364682923,0.4406771546914651
2020-10-24,16120000.000000002,6.9,13.9,6.381844794210338,10.316957754728609,0.0,0.5383187137986314,0.5015889646481866,0.4251587446967428
2020-10-25,15360000.0,6.7,18.3,8.871362443391218,8.308637866877465,0.0,0.4211071343355012,0.3842348848084925,0.3943917333189258
2020-10-26,15110000.0,8.1,19.9,9.129551659494169,4.052556077720492,0.0,0.30622802202518457,0.26868188911781254,0.34816402267664437
2020-10-27,14320000.0,11.6,20.3,10.77343866230185,4.836728671784575,0.0,0.3425985499290988,0.30550179510157616,0.3664917046378356
2020-10-28,12350000.0,4.1,20.3,7.899494785079307,7.467597794617895,0.0,0.5764410845384502,0.5470063522109709,0.4455633481336174
2020-10-29,14400000.0,7.0,17.7,7.8115943108418096,3.633532554174799,0.0,0.26965725198596147,0.23521288405538238,0.3130465912496647
2020-10-30,13940000.0,6.0,18.1,9.443205437344544,6.61458562168559,0.0,0.3141792833775952,0.28107506308961555,0.3201209787017377
2020-10-31,13800000.0,10.2,17.2,9.682552463473758,2.9900321430153416,0.08000000000000002,0.23500134238320464,0.20094029329503224,0.26033932672337706
2020-11-01,3410000.0,11.3,14.1,13.324767689709661,4.055549102888675,0.42000000000000004,0.08603948839881498,0.07781483271396465,0.09358159653899348
2020-11-02,13100000.0,4.6,17.1,6.395335180696096,7.4167163667587745,0.0,0.4307001372450485,0.4005042436356968,0.4223550310651505
2020-11-03,14310000.0,0.8,9.5,4.028804875554402,13.181282840680241,0.0,0.548487133999034,0.5204717248309838,0.37174394469062305
2020-11-04,14760000.0,0.9,10.4,3.560330057292878,8.015321400395479,0.0,0.40650885908494444,0.377151059931359,0.3701993570991999
2020-11-05,13660000.0,6.3,15.1,6.513965282223545,2.502169040601426,0.0,0.20047457458896045,0.16910828461301933,0.24707359349443853
2020-11-06,6230000.0,9.9,16.5,9.99853708049126,3.5467348242974768,0.0,0.18584525087563958,0.17064282975434725,0.22355725185332007
2020-11-07,12860000.0,5.8,21.4,9.313396551700821,7.77887241210898,0.0,0.5431365170668023,0.5114672839024178,0.43640094895710924
2020-11-08,13480000.0,1.3,16.0,4.004525885099346,11.427370092124697,0.0,0.8568589416504023,0.8275569158691638,0.5436403821639116
2020-11-09,13800000.0,4.4,11.2,4.016010234823407,7.207204604985927,0.0,0.39653164754324244,0.3672483411810977,0.3856408491161796
2020-11-10,13470000.0,3.1,13.5,4.784705043599374,6.3122900796990535,0.0,0.3376305460608635,0.30863650393813413,0.36279930891742784
2020-11-11,13180000.0,5.1,15.6,5.997759184852511,2.642841223506052,0.0,0.19331151952367026,0.16331959443490754,0.25506669870164167
2020-11-12,13000000.0,3.9,17.4,6.189978114182518,4.803805394934557,0.0,0.3278719604556409,0.2980594338412596,0.35415040432675593
2020-11-13,12680000.0,6.0,18.9,8.796960667010321,4.800812369766374,0.0,0.27572296417857195,0.24532033055544708,0.3127182210677904
2020-11-14,9430000.0,5.9,18.2,9.791569703501185,5.30663362318939,0.0,0.22278155443800154,0.20038752306672122,0.2631383222903706
2020-11-15,11740000.0,6.3,17.9,9.777532978768729,5.635866391689578,0.0,0.2340411838747755,0.20612770437624223,0.27065505456594563
2020-11-16,11520000.0,9.5,20.3,10.588451652211019,6.195562098139896,0.0,0.3083382955916328,0.27914422644789627,0.3523761829676671
2020-11-17,9280000.0,11.9,22.1,14.242899250857429,3.3222579366837124,0.020000000000000004,0.1867980159552362,0.1622474999816542,0.22977423492323207
2020-11-18,6370000.0,17.0,22.3,18.826566858938833,8.488219376968477,0.55,0.2488215126842519,0.23112623477619398,0.2388874405272213
2020-11-19,4630000.0,7.6,21.7,13.914277089403635,15.635563478590733,0.8400000000000001,0.3714437682951649,0.3597734180755529,0.2909150960736303
2020-11-20,10760000.0,-0.3,10.2,6.569066614555266,10.370832207755912,0.0,0.21669579137547346,0.1957652451058728,0.18841544710185526
2020-11-21,10450000.0,4.7,13.5,8.484997722074501,5.68974084471688,0.06,0.1789100606192121,0.15591038653694012,0.19733722800334824
2020-11-22,4700000.0,0.2,10.5,7.179391461402847,10.652176573565164,0.22000000000000003,0.1762415633340944,0.16698130762650026,0.16102496858071919
2020-11-23,11960000.0,-0.3,9.0,4.207768390705494,7.279037209022332,0.0,0.27283857322791205,0.2500244443072114,0.2713735500956155
2020-11-24,10280000.0,-0.1,11.9,5.0334850066557575,4.202207336129669,0.0,0.17810287376460107,0.15749558897358892,0.2332499563195991
2020-11-25,11570000.0,2.1,11.3,5.390714843179271,6.749271754253848,0.0,0.2592837428482971,0.23551577845480698,0.27466080729670206
2020-11-26,8890000.0,5.4,13.7,7.772550678541888,4.028611876375024,0.0,0.16372820875557456,0.14392174664808788,0.20546628777800993
2020-11-27,10080000.0,-0.4,10.0,5.067925074433347,13.13040141282112,0.0,0.3873413876894979,0.3678284330194608,0.28845639143854124
2020-11-28,11580000.0,-2.1,5.4,3.1718103202011014,9.523806085159976,0.0,0.3220159124290866,0.30190130977480545,0.2641930563514038
2020-11-29,9320000.0,-2.8,6.6,4.4270646223933054,9.502854908982691,0.0,0.2340330601819638,0.21769669576981648,0.20168415883726745
2020-11-30,11480000.0,-4.4,6.7,3.7869332141184704,7.7369700597544115,0.0,0.21587413755958246,0.19629628507714203,0.21402668046653134
2020-12-01,11230000.0,-1.2,8.2,2.7503330805205315,4.253088763988789,0.0,0.19969666909255188,0.1788765340394028,0.25554890818838094
2020-12-02,8420000.0,-1.7,8.9,3.2051227323907248,4.857679847961861,0.0,0.21337762955884543,0.1977140318207865,0.2597760607085372
2020-12-03,10850000.0,-3.4,7.3,3.203031637420731,9.041929033082429,0.0,0.30983760400442983,0.290785088846668,0.27984323146606116
2020-12-04,10410000.0,-3.2,6.2,2.830778121827138,7.156323177126808,0.0,0.26230329003470515,0.2443197720422373,0.2614987352095075
2020-12-05,10730000.0,-2.2,7.5,4.909988771396525,7.087483598258586,0.0,0.17200127678612434,0.15268436464682733,0.1799997402501514
2020-12-06,10930000.0,-0.2,8.9,5.267597157356938,6.36017848238999,0.0,0.18173412531027439,0.16088475832839655,0.20018909871252685
2020-12-07,8680000.0,-2.4,10.3,4.741603575224742,8.248777363513794,0.0,0.2691529290617302,0.25281410494796025,0.2550407554768664
2020-12-08,10440000.0,-4.4,5.6,3.1122148023163434,7.018644019390366,0.0,0.21904118788873328,0.20159981049854653,0.22344111153688653
2020-12-09,10930000.0,-1.5,7.5,2.591184599316716,4.615244809338995,0.0,0.2052756308806897,0.18535683316283405,0.25746259241395586
2020-12-10,8450000.0,0.8,11.0,6.054495237468836,5.857350254135158,0.0,0.17264495690339549,0.15570608954113355,0.20510763059485732
2020-12-11,6940000.0,3.5,10.4,6.167524539435218,6.087813192085289,0.0,0.20084386164610568,0.18647995381595664,0.22047583425368242
2020-12-12,10850000.0,-3.0,8.2,3.172846658694655,8.084160979263702,0.0,0.29317719941872944,0.27367856047616274,0.29074712490803173
2020-12-13,6740000.0,-6.8,10.5,3.2040770333595683,12.118758905975092,0.06,0.6388495587468096,0.6270568137768837,0.35108476525349913
2020-12-14,11080000.0,-8.2,-1.7,1.4242762857280178,13.699076194775992,0.0,0.3857875100658378,0.371091135984922,0.22717220136619504
2020-12-15,11240000.0,-7.4,-2.2,1.6190526439111224,12.486901001661664,0.0,0.33499610918318645,0.31998583066270125,0.20872863143254689
2020-12-16,11030000.0,-7.0,-1.6,1.9384487170743754,13.321955023584868,0.0,0.3334094672295271,0.31834551954189283,0.20031452069640682
2020-12-17,10990000.0,-5.2,1.6,2.297252108122543,7.722004933913493,0.0,0.23070093639846098,0.21399788247815382,0.20819273567665636
2020-12-18,8410000.0,-6.3,7.8,3.107124146022672,10.61326724637878,0.0,0.4214463677941233,0.40731668266242294,0.28287078596241494
2020-12-19,11260000.0,-4.7,1.1,1.5432529100062384,10.287027503046774,0.0,0.3654987143850406,0.3483853033620507,0.2733321200913357
2020-12-20,10720000.0,-4.5,3.4,2.6418307217449177,7.9195445950136065,0.0,0.24202380644353486,0.2248916881448523,0.22197277163095777
2020-12-21,7300000.0,-3.0,5.1,4.149537689730129,5.911224707162461,0.0,0.1473137197929482,0.1349105423927143,0.16000145962209006
2020-12-22,9950000.0,-2.0,8.2,4.24385850986248,6.704376376731095,0.0,0.20505449559844932,0.1868587752354789,0.2242639838174207
2020-12-23,7520000.0,-0.2,8.4,5.567356733732054,4.8906031248118795,0.0,0.12925697817509324,0.11503062936366751,0.15843675668207852
2020-12-24,9460000.0,-2.2,9.6,4.265374508101247,11.09813732362451,0.0,0.3432408235012666,0.32558285544011595,0.2928918395832657
2020-12-25,10830000.0,-4.6,4.6,3.2897674444997103,8.431351898772988,0.0,0.22543055731749034,0.20774764131807455,0.20650821992855262
2020-12-26,9530000.0,-2.2,8.7,4.630275425334117,4.256081789156973,0.0,0.13216742341512638,0.1146494638070887,0.1776987957431973
2020-12-27,5180000.0,0.1,8.1,5.96503187667885,3.1277113007517836,0.03,0.08551714850213693,0.07571761567724525,0.11754327177572158
2020-12-28,9890000.0,0.9,11.5,6.381844794210338,3.211516005460922,0.0,0.10747867934475297,0.0874685703092442,0.15716402868116988
2020-12-29,8490000.0,-7.9,11.1,4.753459144598679,11.454307318638348,0.33,0.35029324041333104,0.33557286054454616,0.251219126261412
2020-12-30,9490000.0,-10.5,-4.7,1.4969716074964303,16.766926992164105,0.0,0.3514824816562448,0.34037780570190146,0.16964747040731684
2020-12-31,10970000.0,-9.3,-1.2,2.3610233214997263,10.658162623901532,0.0,0.2038318824868528,0.18947924275223332,0.14769682833706815
2021-01-01,6730000.0,-5.1,1.3,3.8295927234087794,4.366823720379762,0.0,0.08338416290368791,0.07319759589937155,0.09680715464732685
2021-01-02,10800000.0,-5.4,1.1,2.175032705723001,13.16332468967114,0.0,0.3820908770407547,0.36591205277589356,0.2401586140349236
2021-01-03,10690000.0,-5.8,1.4,2.315202181543659,10.056564565096643,0.0,0.28505700694877467,0.26907620688787653,0.2164590084963654
2021-01-04,10980000.0,-3.9,4.1,3.4248934801773556,5.408396478907628,0.0,0.15387657175523642,0.1358795185260192,0.1708914161957283
2021-01-05,8700000.0,-8.8,1.6,2.043874083374585,11.828435464661288,0.0,0.3161961975521425,0.30394258128704216,0.2217270812128192
2021-01-06,11460000.0,-12.1,-1.2,1.9484998989980915,11.47226546964745,0.06999999999999999,0.2244102826401026,0.21036809549591137,0.15979644907226626
2021-01-07,11850000.0,-15.2,-7.7,0.9460525809703644,13.794853000157865,0.0,0.26093371030581813,0.24958013116328526,0.1418030172098356
2021-01-08,11890000.0,-13.3,-7.6,1.1177773434431613,12.079849578788705,0.0,0.2340497144198676,0.22202614389438097,0.13785166816117106
2021-01-09,11740000.0,-10.0,-4.0,1.5896867802700616,11.822449414324922,0.0,0.2643744257665014,0.2502291684575516,0.1652441118970872
2021-01-10,11590000.0,-8.6,-0.0,2.0292034368597243,5.725657146735083,0.0,0.15937924649900323,0.14355049276376475,0.16293172889566537
2021-01-11,6680000.0,-6.9,0.4,2.7050260706207094,3.211516005460922,0.0,0.09365613638690054,0.08410398820953487,0.11519410624024343
2021-01-12,9730000.0,-4.3,3.2,3.4762603006314436,5.980064286030683,0.0,0.15813129121323508,0.14258133682459878,0.16041203105294247
2021-01-13,11480000.0,-2.8,10.9,4.871950468907538,7.326925611713269,0.0,0.2764985363627363,0.25481680231100223,0.2513634325556701
2021-01-14,11990000.0,0.0,11.7,4.129850279093836,3.585644151483862,0.0,0.17722464574108215,0.15322684972564293,0.24491147422239176
2021-01-15,8970000.0,-2.9,14.7,7.022818725722589,10.301992628887692,0.010000000000000002,0.32348057228490273,0.30549931308496314,0.25582941615745
2021-01-16,11330000.0,-6.7,2.5,2.5782278703121206,12.995715280252863,0.0,0.34475951649958436,0.3277514866530227,0.22431659881250748
2021-01-17,12470000.0,-5.6,-0.1,2.2025958104821117,8.167965683972838,0.0,0.24145503607567717,0.2233157553589215,0.19593056864516956
2021-01-18,7660000.0,-8.7,5.0,2.378613825826092,12.055905377443239,0.05,0.44123102846952733,0.429612931427788,0.26497945440168585
2021-01-19,12520000.0,-6.5,2.1,0.9488738377405556,3.097781049069948,0.0,0.15447099902876435,0.13575447734846074,0.1997194002446188
2021-01-20,12590000.0,-2.6,8.4,2.4891331837133106,2.651820299010603,0.0,0.1510365564009803,0.1281721499877447,0.2123521712624968
2021-01-21,7740000.0,2.2,11.2,7.107073924426341,2.1519850959239544,0.45,0.0958641306049868,0.07996404033656734,0.1278075239394773
2021-01-22,3620000.0,4.2,10.2,10.084703053787921,4.761903042579988,0.08000000000000002,0.03629928617616272,0.028751070123823184,0.04332196604476644
2021-01-23,3830000.0,3.1,11.3,8.95410429050065,9.882969105341997,0.16000000000000003,0.12209423070003078,0.11410813471095331,0.11448920568671139
2021-01-24,7230000.0,1.2,11.3,7.315110949886605,5.770552524257836,0.0,0.1443936268232027,0.1297429453755089,0.1623661080774373
2021-01-25,10300000.0,3.3,11.7,7.490714943399391,6.764236880094765,0.08000000000000002,0.20159586908266997,0.17992889440472198,0.2002983372907802
2021-01-26,2270000.0,-0.4,6.3,7.6700299846142705,6.725327552908379,0.67,0.021507152792459346,0.017377484863265194,0.024598129401330875
2021-01-27,13140000.0,-0.7,8.9,3.569525904360894,4.711021614720868,0.0,0.22851617817026942,0.20365790378434728,0.26016065969864066
2021-01-28,11610000.0,-9.1,10.3,2.4394615836518825,16.635233884764027,0.08000000000000002,0.9529907505835012,0.9335947360720006,0.41584139129111175
2021-01-29,13910000.0,-7.0,-1.6,1.75727894031336,10.996374467906268,0.0,0.32865729653821174,0.3096600606057555,0.21164819733461232
2021-01-30,11180000.0,-3.0,10.0,3.4226755099838804,7.907572494340871,0.0,0.37787684708516717,0.3571494107633323,0.3235593652747887
2021-01-31,12010000.0,0.6,10.9,5.1805002102746265,4.902575225484614,0.66,0.2176995213660275,0.1937365711013173,0.242500802994228
2021-02-01,3220000.0,-5.0,10.1,6.2200286222196945,11.169969927660913,0.03,0.18397074521679663,0.17819423412262875,0.15271059810596999
2021-02-02,14710000.0,-6.4,0.5,1.8791062806376375,13.405759728294004,0.0,0.4307747262083416,0.40946793468218284,0.2505321684674265
2021-02-03,14570000.0,-4.9,4.0,2.219131767493295,7.979405098377277,0.020000000000000004,0.31953919924583135,0.2961625884169815,0.2675946644383862
2021-02-04,14720000.0,-4.8,3.9,1.9721335401560551,8.937173152196005,0.0,0.36964244789522194,0.3460251718896853,0.2909644856146986
2021-02-05,10230000.0,-1.8,8.4,2.88746966063967,4.564363381479875,0.0,0.2435674295609748,0.22473043374178597,0.27302538287321665
2021-02-06,14410000.0,1.8,14.4,6.186230840426046,6.252429576335383,0.0,0.3155206948661241,0.28467887551394055,0.313471432370762
2021-02-07,13180000.0,-4.4,12.9,4.186510299928881,11.37948168943376,0.0,0.6618502836746799,0.6367918832899153,0.3821543874095735
2021-02-08,15360000.0,-5.2,3.3,2.050190382727131,12.130731006647824,0.0,0.45933990685780196,0.4351782909708956,0.29532937828602146
2021-02-09,15260000.0,-3.2,6.2,2.8646730531082825,8.368498370241134,0.0,0.3538109505150958,0.32744894431288063,0.2910603431136543
2021-02-10,14580000.0,-0.8,10.1,4.814632047954909,7.470590819786078,0.0,0.3041741152486551,0.27608731970151185,0.2760992096310769
2021-02-11,11880000.0,2.8,12.2,5.553720321706801,2.5141411412741608,0.0,0.18312722586593425,0.15813657934418446,0.21651707354404878
2021-02-12,13720000.0,3.7,15.7,4.415933376718325,4.827749596280026,0.0,0.34514674020024033,0.31445621678177965,0.40004454772598264
2021-02-13,15490000.0,2.8,17.5,4.876501241490257,3.85501641662038,0.1,0.3841925716644536,0.3491276648931104,0.37934131850725206
2021-02-14,7190000.0,6.7,15.7,10.636700241413529,3.9897025491886384,0.6400000000000001,0.15365576989926513,0.13693530826807615,0.17093111261160662
2021-02-15,8440000.0,-5.5,9.0,3.5340090297852114,15.77623566149536,0.0,0.680065629865072,0.6653518507057365,0.32841170922498825
2021-02-16,12600000.0,-8.4,6.0,2.3866480046191403,14.106127617648951,0.1,0.6281595366459995,0.6085369367657836,0.30699996980029315
2021-02-17,15900000.0,-8.3,-2.5,1.5936119823690846,18.101816217173955,0.0,0.5130980582045822,0.49243812205856036,0.22279561875528864
2021-02-18,16370000.000000002,-6.8,0.1,2.334065730727236,11.960128572061366,0.0,0.3574530105296928,0.3341452287421251,0.20932119477464478
2021-02-19,16850000.0,-0.8,12.6,4.657888107134246,9.805150450969228,0.0,0.5288847811854724,0.4951072764453407,0.3780303560167681
2021-02-20,16430000.0,3.7,19.5,6.933229500540449,9.6644782680646,0.0,0.7859909595405593,0.7474004627863822,0.5186343014078961
2021-02-21,16660000.0,6.0,23.5,8.537133631440383,9.742296922437372,0.0,0.8912858607930711,0.8492018958015691,0.6210468801765219
2021-02-22,15900000.0,-2.8,22.3,4.735685619237217,11.867344791847675,0.0,1.054590023494805,1.018975543524495,0.7292914081089125
2021-02-23,16800000.0,-0.8,9.8,1.9919088951155945,6.868992760981189,0.0,0.4515450491450343,0.41933999509369063,0.418815177209626
2021-02-24,14170000.0,0.2,12.1,5.230343102615746,5.492201183616768,0.0,0.29358636789912385,0.2649607183092613,0.29128603588722624
2021-02-25,5130000.0,5.0,8.8,8.154101253735885,4.0645281783932266,0.6000000000000001,0.1191149440912505,0.10851308176640566,0.1191833057250344
2021-02-26,16010000.000000002,5.4,13.0,6.113558764954336,11.897275043529511,0.0,0.582353277552244,0.547020086297352,0.41141001220788276
2021-02-27,12390000.0,2.1,9.3,5.871371677888733,11.508181771665651,0.0,0.39295811827846505,0.3682756168340379,0.2652595602395118
2021-02-28,5990000.0,6.0,11.6,9.289233239497566,3.3970835658883005,0.19,0.12760399380516607,0.11452890229281983,0.13235170361154197
2021-03-01,2690000.0,1.6,14.8,10.110680052737015,7.371820989236022,4.2,0.08375933089284977,0.07798550952551786,0.11950387159111446
2021-03-02,8620000.0,-3.3,6.3,4.9023601376489,6.00400848737615,0.0,0.17567314291091599,0.16078189170101462,0.15851869256850418
2021-03-03,15740000.0,0.8,10.0,5.465801750877033,3.0349275205380937,0.0,0.22484928908570745,0.1937880708803092,0.22072306934387584
2021-03-04,8000000.0,3.7,11.1,8.101657637485616,2.331566606014966,0.18000000000000002,0.1336493779354982,0.11686980160867286,0.13997877850426352
2021-03-05,14990000.0,3.3,17.5,8.132610958262529,4.426684223743433,0.0,0.34146742474823494,0.30731240367099133,0.3122364103279128
2021-03-06,9760000.0,2.7,10.0,6.351104034835655,12.774231417807284,0.0,0.4041123017019476,0.38427428798916263,0.26402628440622383
2021-03-07,12950000.0,0.1,10.1,6.204987285201739,4.456614475425268,0.0,0.2161566915810682,0.190844378126091,0.20062689699305175
2021-03-08,17880000.0,3.6,13.3,6.807869938370085,6.423032010921844,0.0,0.3709095341473178,0.3322599707146513,0.31570030797439613
2021-03-09,14460000.0,0.9,13.9,5.572478020946769,6.659480999208343,0.0,0.4076892129841685,0.3773601287734318,0.3493780654083297
2021-03-10,19650000.0,0.8,13.7,6.186230840426046,7.320939561376901,0.0,0.43019336775791794,0.38915982466939447,0.3375574661055891
2021-03-11,14610000.0,6.7,16.8,7.936765863176987,3.2025369299563713,1.47,0.2993761094675419,0.2649335285561448,0.3085557507079842
2021-03-12,3580000.0,3.3,10.2,9.378103071593337,5.8992526064897275,0.97,0.07247571190471669,0.06511033257355564,0.07024810608916572
2021-03-13,18690000.0,2.5,15.9,7.60684341052021,4.699049514048133,0.0,0.36274861480916654,0.3215008106521441,0.31479132100127727
2021-03-14,17500000.0,3.4,15.8,7.3827213403517975,5.635866391689578,0.0,0.38052545476703803,0.34148399335493396,0.3405210993732716
2021-03-15,17590000.0,10.1,17.7,9.975669289805245,8.117084256113717,0.12,0.5055272875602755,0.4619162072917904,0.4086822355512826
2021-03-16,20360000.0,2.5,17.7,5.186907832057093,8.326596017886565,0.0,0.796471963371285,0.7504432115840596,0.5404032384415206
2021-03-17,20450000.0,4.6,16.7,8.233328260241523,7.458618719113344,0.0,0.46195019725687236,0.4150527996211727,0.3778212290275296
2021-03-18,18990000.0,6.9,16.0,8.796960667010321,10.39477640910138,0.0,0.5364587569427857,0.4920207090476082,0.3836023810855047
2021-03-19,16760000.000000002,7.6,15.4,8.995729756884591,11.72667260894305,0.45,0.5421817108242246,0.5029133520694159,0.36764171066043644
2021-03-20,3400000.0,6.2,11.6,10.447833866129917,6.958783516026695,0.39,0.09888563537345721,0.09144350090873034,0.09232605948535604
2021-03-21,18570000.0,0.6,12.1,4.948289863571397,14.061232240126198,0.0,0.6605963881736904,0.6228513149517214,0.41066332282195595
2021-03-22,20330000.0,0.7,12.7,4.30869683900069,10.454636912465052,0.0,0.6188659699395945,0.5771025545446374,0.44990909013791913
2021-03-23,21850000.0,4.3,18.6,5.34116547718737,7.21019763015411,0.0,0.7484977232759645,0.6973670573196913,0.5679292480748306
2021-03-24,15600000.0,5.4,17.3,6.271031395099753,6.563704193826469,0.0,0.494102586752066,0.4576881365988149,0.4651680502071936
2021-03-25,21910000.0,7.7,21.3,6.720709221889418,6.189576047803529,0.0,0.7049671857416142,0.6499207156511728,0.602929014277257
2021-03-26,20910000.0,6.1,24.1,6.908408726381047,4.773875143252721,0.0,0.715837666863288,0.6626207951624495,0.6021450840155813
2021-03-27,6310000.0,12.0,18.6,14.079679145462508,9.86800397950108,2.08,0.2945472212906385,0.27841991920417264,0.24244211390060047
2021-03-28,20490000.0,9.7,19.0,10.730732956153856,10.807813882310707,0.010000000000000002,0.6316647023551333,0.5803544663889431,0.45077329730394755
2021-03-29,21200000.0,7.3,19.1,6.312862193984508,9.85004582849198,0.0,0.7771947601921346,0.7254626048516215,0.6312679207377292
2021-03-30,21240000.0,4.8,19.8,6.135838581273874,5.258745220498453,0.0,0.6522241733564756,0.6014794980672127,0.5248780440248701
2021-03-31,22320000.0,8.4,21.9,8.218873043518283,7.769893336604431,0.0,0.7811649461726613,0.7242992621609582,0.6190318062601438
2021-04-01,15700000.0,11.2,18.3,8.827680615720357,15.527814572536123,0.0,0.9083507695935118,0.8686918109880748,0.5880576293572644
2021-04-02,17430000.0,10.5,19.6,11.50972142318417,10.1732925466558,0.0,0.5790633817420237,0.5347504054280793,0.4329165856218523
2021-04-03,4880000.0,10.3,18.6,14.83542614864534,8.233812237672877,3.5200000000000005,0.16981388315153895,0.15756679246241498,0.1545356537333976
2021-04-04,7260000.0,3.2,11.9,7.615841838034106,6.749271754253848,0.15000000000000002,0.2407939607272432,0.2254996184228734,0.21280830031879922
2021-04-05,22420000.0,3.8,16.1,6.569066614555266,6.9498044405221435,0.0,0.5489292684742433,0.4984433303080652,0.4418097676216629
2021-04-06,20040000.0,5.2,19.3,6.455381784778086,7.386786115076939,0.0,0.7309555727337504,0.6831352152481711,0.5553755020715043
2021-04-07,23340000.0,6.8,21.0,7.3892934681275175,5.986050336367049,0.0,0.7137174017779483,0.6558502833318742,0.570352870736356
2021-04-08,23440000.0,5.9,19.3,6.978938913803241,5.429347655084913,0.0,0.6174438827903325,0.561041730902676,0.515108723201462
2021-04-09,15400000.0,2.3,14.2,7.138899028470586,10.35886010708318,0.020000000000000004,0.46755275603167556,0.434451272733011,0.3411484238674416
2021-04-10,23500000.0,3.5,17.5,7.031204357782615,5.219835893312067,0.0,0.5557043349486499,0.5020202844854466,0.4371234523257443
2021-04-11,23070000.0,8.3,21.4,7.209357642889312,5.106100936921093,0.0,0.6527136318258491,0.5943121414753555,0.57978269284255
2021-04-12,4090000.0,11.9,16.2,14.23508935032468,8.254763413850162,2.09,0.16544902495064712,0.15527465882443175,0.1412239267638048
2021-04-13,14140000.0,4.4,18.9,7.853123187466982,13.764922748476028,0.0,0.8937551934066222,0.8605024439227025,0.5170633190676999
2021-04-14,23690000.0,3.1,15.8,4.977575409636415,8.09314005476825,0.0,0.6993510111587946,0.6467128290282609,0.52655305721851
2021-04-15,18900000.0,6.9,17.0,6.7814143087631695,3.699379107874836,0.0,0.43520557871837856,0.3904313120756805,0.4115591829926156
2021-04-16,18770000.0,8.3,20.4,10.840849924673426,6.788181081440235,0.0,0.5103791526129056,0.4633760716424131,0.42944224521948754
2021-04-17,19850000.0,6.0,19.4,5.77020213625811,12.346228818757039,0.0,1.068264830316322,1.0203881689250378,0.6920525913484279
2021-04-18,22830000.0,4.1,16.9,6.206865692035975,9.481903732805407,0.0,0.742954518982488,0.6908010350644058,0.5265212170161415
2021-04-19,25390000.0,7.7,22.3,6.470958339636671,9.69740154491462,0.0,1.1509729949785437,1.0864917444566338,0.7709602879544217
2021-04-20,24830000.0,13.2,26.6,8.185231237396932,4.743944891570886,0.0,0.8047993334679798,0.7355257497366484,0.7447634649246961
2021-04-21,22950000.0,14.0,29.4,9.097907288989438,4.354851619707028,0.0,0.8821572480238139,0.8162021902850419,0.7676309154174612
2021-04-22,17320000.0,13.9,28.7,8.15171097168109,12.459963775148013,0.1,1.6389454778745853,1.589486739010589,1.1065739865678423
2021-04-23,11890000.0,11.3,19.3,10.302985565226004,12.935854776889194,0.1,0.7028066814971898,0.6724178349348949,0.5102645544983494
2021-04-24,21620000.0,11.9,23.6,10.48954704835676,6.222499324653548,0.0,0.6712002116632354,0.6131735883533725,0.6091711054449032
2021-04-25,24420000.0,6.1,19.7,8.259887749659699,10.837744133992542,0.0,0.8829176772674234,0.8237415528270468,0.5695364352938583
2021-04-26,24620000.0,8.4,21.2,7.541884993764659,5.291668497348472,0.010000000000000002,0.6798323835295312,0.6175740414348756,0.5894404928180084
2021-04-27,14340000.0,11.9,21.9,9.294598084435073,5.797489750771486,0.0,0.5551875124615471,0.5173248291315099,0.5423836758921085
2021-04-28,19440000.0,11.4,24.7,6.553281503158334,5.869322354807891,0.06999999999999999,0.8137310061148897,0.7612607221418939,0.7479671517978461
2021-04-29,21710000.0,11.5,23.5,7.9251020175572675,10.18227162216035,0.19,0.9661163008503222,0.9081242725719221,0.8077724948354634
2021-04-30,22410000.0,10.3,20.4,7.758811750846571,9.29932919754621,0.17,0.8359157166852025,0.7785792431337233,0.6662556969422988
2021-05-01,12680000.0,7.6,15.0,8.632193319354977,14.085176441471667,0.22999999999999998,0.6137857887918072,0.5842243010821805,0.3847170818828645
2021-05-02,20150000.0,6.7,19.2,7.75423687364471,7.147344101622258,0.0,0.6343157149767908,0.5854299315394809,0.5207002954191279
2021-05-03,25810000.0,11.7,25.0,9.978525242019053,6.533773942144634,0.0,0.8624033238518221,0.7923517199071888,0.7115926401282134
2021-05-04,10000000.0,12.9,20.8,16.467773536314763,11.346558412583743,1.7000000000000002,0.3534036962435705,0.32702607570707143,0.2516881787478952
2021-05-05,26900000.0,9.0,22.6,6.295719875429552,9.6465201170555,0.0,1.1506888495494039,1.0812172104025461,0.8237941620152386
2021-05-06,22410000.0,10.6,24.4,7.647410372092648,6.497857640126432,0.0,0.8872287215781209,0.8273668443916197,0.7389043226793757
2021-05-07,20220000.0,8.9,26.0,9.372695770995634,9.293343147209844,0.26,1.1483919087345271,1.0944316240397438,0.775129437213708
2021-05-08,27080000.0,10.3,26.0,8.75869330500883,11.415397991451963,0.0,1.5066279208851459,1.4334005015799316,0.9101524774386844
2021-05-09,26140000.0,11.8,23.9,6.626569679943131,10.089487841946662,0.0,1.1103111727807018,1.040020771788695,0.9135628090470075
2021-05-10,10080000.0,12.1,16.1,12.407061757274182,4.175270109616017,0.52,0.2748268795707882,0.24972380891959975,0.23917589963562533
2021-05-11,12540000.0,12.7,20.5,11.205630590363809,12.729336040284531,0.0,0.7382332216925661,0.7053188316635031,0.542833406673475
2021-05-12,22830000.0,12.2,23.7,12.279626193393783,9.407078103600817,0.0,0.7914785154197754,0.7299733591513322,0.6217278641795893
2021-05-13,25290000.0,14.7,30.3,13.883693645667995,4.208193386466036,0.0,0.865102657345201,0.7915150730798259,0.7150509985662339
2021-05-14,20400000.0,17.8,30.8,16.383667958431545,6.689411250890178,0.2,0.8561305746983481,0.7951893882497674,0.7696654634280717
2021-05-15,7430000.0,18.3,23.8,23.29851059634557,4.758910017411804,2.0,0.20667110881520578,0.1855397890810964,0.168947444348309
2021-05-16,6650000.0,13.1,26.0,19.94732769077102,10.16431347115125,4.24,0.3014109749133743,0.2829699756841563,0.2815866150724343
2021-05-17,6460000.0,13.9,17.4,16.02066142442484,7.512493172140648,0.65,0.20377909521721738,0.18714721662607411,0.1536869000692273
2021-05-18,12000000.0,14.2,21.4,17.260413895182932,3.7682186867430576,0.09000000000000001,0.3009845590597187,0.26874695724860775,0.2533445083126141
2021-05-19,25370000.0,15.9,27.8,15.13354260112157,5.022296232211954,0.020000000000000004,0.7423489155191416,0.6692666994064217,0.6610420290986199
2021-05-20,4660000.0,14.6,17.7,16.708881680483312,8.455296100118458,2.0500000000000003,0.17252118719728,0.1603999023106975,0.136985370504854
2021-05-21,17550000.0,13.0,21.0,14.690317366440153,9.23048961867799,0.010000000000000002,0.5478043972743933,0.5013753503631473,0.39057925241219804
2021-05-22,26950000.0,13.3,25.5,15.270024504149339,8.15898660846829,0.0,0.7957472689301291,0.7212084646106932,0.6028016263198136
2021-05-23,20750000.0,18.3,28.8,16.934884767398202,5.231807993984802,0.0,0.698763957392502,0.6374366719823203,0.6448145651083034
2021-05-24,19970000.0,13.7,26.1,12.707765442013566,6.758250829758398,0.05,0.7336960600837187,0.6779814621330666,0.6528648968573306
2021-05-25,20420000.0,12.6,23.2,9.50049635284362,9.9188854073602,0.010000000000000002,0.9011366788537302,0.8461757302920926,0.73632976337454
2021-05-26,17510000.0,13.5,25.2,10.323569298804358,6.288345878353585,0.0,0.6942310044932474,0.6458440418748854,0.6720224270241507
2021-05-27,18220000.0,10.9,24.2,12.928507848365959,7.656158380213456,0.1,0.6704900528396243,0.621774087025533,0.5347189467245513
2021-05-28,21180000.0,13.0,26.3,14.562379487546561,9.6465201170555,1.7100000000000002,0.8573409347086164,0.7985048301414787,0.640643988557454
2021-05-29,25690000.0,13.5,25.3,13.62986668286452,6.1746109219626115,0.0,0.7418569852636617,0.6708031120552642,0.6215593785406577
2021-05-30,25420000.0,15.9,27.5,14.98587553633036,3.456944069251971,0.0,0.674347599825354,0.6012941110358293,0.6048690910959007
2021-05-31,23500000.0,15.0,27.6,17.06719108364599,6.743285703917482,0.010000000000000002,0.7452243522220683,0.6781180956802718,0.6062743284057908
2021-06-01,25370000.0,17.7,30.1,15.62655596295438,3.678427931697552,0.0,0.7491662637249865,0.6738057370048833,0.6878736263464864
2021-06-02,22280000.0,16.7,31.0,15.685974119437747,4.69605648887995,0.0,0.8254104076014075,0.7592758783033311,0.7172179878292888
2021-06-03,7590000.0,16.6,23.2,20.737425496871413,7.009664943885814,2.5100000000000002,0.25334750983351095,0.23217205673158564,0.20910609363621963
2021-06-04,26010000.0,12.8,26.0,12.672473879986363,6.910895113335759,0.0,0.8641698484142946,0.7922309133364271,0.6875421664336956
2021-06-05,24330000.0,16.7,29.2,17.961455551323017,8.640863660545836,0.020000000000000004,0.8954550316510904,0.8241789541396443,0.7172669827885555
2021-06-06,23970000.0,17.9,30.3,19.01195308873936,5.2138498429757,0.11000000000000001,0.763914386050533,0.6925098449882285,0.6660405716819726
2021-06-07,23380000.0,19.4,32.3,17.846877499854735,4.728979765729969,0.0,0.8280778806955409,0.7567553185476755,0.7572466549751269
2021-06-08,26340000.0,18.8,34.1,16.88947090857187,6.123729494103491,0.0,1.1617086771896317,1.0807341411746783,0.936878308736486
2021-06-09,26520000.0,17.6,34.1,16.605811585780092,6.671453099881076,0.0,1.2362357118935072,1.1553343283108988,0.9553158468076006
2021-06-10,19400000.0,20.7,32.7,19.764381123271047,7.787851487613531,3.7600000000000002,0.8745231116934834,0.814695336474683,0.8279428449371068
2021-06-11,12060000.0,18.9,26.4,23.58865779688145,4.788840269093639,1.27,0.3597098243800865,0.3245382498741742,0.29875193334963346
2021-06-12,15470000.0,21.6,28.8,24.415438714941015,7.030616120063099,0.04000000000000001,0.5756501551398653,0.5288620180468926,0.47776077765898795
2021-06-13,19120000.0,20.4,29.6,23.208481951794184,5.803475801107854,0.04000000000000001,0.6354599700698239,0.5777885675789978,0.5357953110861502
2021-06-14,12210000.0,20.1,27.4,22.692290525535682,8.826431220973214,0.35000000000000003,0.5251526110595481,0.4889611740572188,0.43564198387312203
2021-06-15,5720000.0,19.3,23.4,22.38858124675362,11.376488664265578,1.17,0.2899788316945756,0.2736317496088097,0.22048586882035465
2021-06-16,16660000.0,18.5,24.6,19.188788347503905,10.310971704392243,0.020000000000000004,0.6488201083342043,0.6010553586273442,0.47245034608827857
2021-06-17,8570000.0,18.9,22.2,19.826939430899202,5.549068661812255,0.5599999999999999,0.3073073518905459,0.28313364850163214,0.26538407987116247
2021-06-18,12160000.0,18.8,26.6,22.140128991132958,5.276703371507555,0.1,0.40328996272585194,0.36779994981655995,0.35091368740158313
2021-06-19,26100000.0,17.5,30.0,18.401775617594406,3.935828096161335,0.0,0.7489487570265342,0.6715862258421939,0.6481310109747962
2021-06-20,24600000.0,18.0,32.0,17.61022898120093,6.449969237435495,0.0,0.9877096840270939,0.9135090301947548,0.8185379669520735
2021-06-21,24600000.0,16.9,30.9,17.241929455720022,10.095473892283028,0.0,1.1703640563267377,1.0972907824869842,0.8646144100551398
2021-06-22,20100000.0,16.9,28.6,19.42851846223135,7.279037209022332,3.0700000000000003,0.6855768642982151,0.6268690429249009,0.5809390539620758
2021-06-23,13820000.0,17.5,24.4,19.774795488128674,7.611263002690703,0.6000000000000001,0.470463984500336,0.4312232368838943,0.36871609333974475
2021-06-24,17520000.0,17.8,26.2,21.549168181791373,2.624883072496951,0.1,0.443602646317988,0.3930150397977584,0.3679359416753048
2021-06-25,21820000.0,19.9,29.0,21.32001485262871,3.0439065960426444,0.34,0.6082194132968619,0.5428995503746045,0.5217510974107908
2021-06-26,13130000.0,19.2,26.4,22.261163128720792,4.253088763988789,0.25,0.40208643378611875,0.3637076503943331,0.34657926344657247
2021-06-27,22010000.0,20.0,28.8,20.54276036345476,8.362512319904766,0.08000000000000002,0.8167442128307887,0.750901456251619,0.6572586751584877
2021-06-28,20750000.0,18.4,28.6,20.966574092977893,7.796830563118081,0.04000000000000001,0.7112275442464272,0.6499447877381515,0.5732173869687386
2021-06-29,20510000.0,21.1,29.3,22.33058504985874,4.648168086189014,0.5900000000000001,0.6487975561957271,0.5867662251177135,0.5544839937319456
2021-06-30,12360000.0,19.8,26.5,23.26846717561552,5.797489750771486,0.31000000000000005,0.4112281393666072,0.37491113915442825,0.3424890313543663
2021-07-01,25010000.0,19.5,31.9,19.254836024660275,7.832746865136284,0.0,0.9787129988651501,0.9025675813430967,0.8401188310154428
2021-07-02,19940000.0,20.9,30.8,22.406005779803994,11.436349167629249,0.0,0.9206937698700726,0.8598652031793781,0.7338686248575959
2021-07-03,8490000.0,21.5,26.4,26.01261207824014,13.40875275346219,3.0600000000000005,0.4068128317369243,0.38157565277858085,0.2856415253177513
2021-07-04,15520000.0,21.7,29.8,25.3255822046186,8.688752063236771,0.010000000000000002,0.6278093586252298,0.5805261894766873,0.5122184784138412
2021-07-05,7950000.0,22.0,26.0,26.439311922105755,4.324921368025193,6.81,0.2594548177821278,0.23580601346050875,0.2223934012042005
2021-07-06,4610000.0,22.6,24.6,28.122709773223722,3.9986816246931887,3.59,0.13279458835870891,0.11915970941272083,0.11507504053304012
2021-07-07,6170000.0,22.6,27.4,29.98125733697911,4.007660700197739,4.220000000000001,0.18846492422138567,0.1698544350284778,0.15899948325838106
2021-07-08,11850000.0,21.7,28.7,26.98127489104962,5.414382529243996,8.4,0.399781634253057,0.36394198172870496,0.33630893699640085
2021-07-09,16680000.0,21.9,28.4,28.60101890964654,3.193557854451821,0.77,0.44881262506655084,0.39839883991097,0.34340012990553914
2021-07-10,19760000.0,22.5,30.3,28.214966155908982,5.094128836248358,0.71,0.6026701615438721,0.5419624271139113,0.46837738181084276
2021-07-11,18550000.0,23.9,29.7,29.653119280270946,5.183919591293864,0.49000000000000005,0.5705456208025734,0.5132676086395835,0.4305024891273989
2021-07-12,23000000.0,24.9,32.2,31.108359586516,3.6245534786702485,0.37000000000000005,0.6930562719990763,0.6205339682315117,0.542777964436239
2021-07-13,21280000.0,24.0,32.6,30.40346626316959,5.186912616462049,0.03,0.6890447940812268,0.622139454129676,0.5482116608003267
2021-07-14,20980000.0,24.7,32.7,30.969334949884754,3.9268490206567837,0.13999999999999999,0.657337559490144,0.5910709207023781,0.5298366530886615
2021-07-15,17360000.0,24.0,31.1,30.03375213262913,3.307292810842795,0.54,0.5253939005761764,0.4712953824468856,0.4283990158466455
2021-07-16,20670000.0,22.5,30.3,28.165256868043343,6.545746042817368,0.32000000000000006,0.6547848871222275,0.5912814017645711,0.4920482531645577
2021-07-17,19680000.0,22.3,28.8,27.00862584923491,7.494535021131545,1.0,0.63203362348468,0.5722342221421519,0.45821447048121533
2021-07-18,15970000.0,23.3,30.3,29.049943156892216,4.483551701938921,1.31,0.5035115466892571,0.4541999642502842,0.4090751546042326
2021-07-19,12110000.0,23.9,30.0,29.64569816277913,3.214509030629106,0.48,0.38385571377418526,0.34639312700379893,0.32895051817126575
2021-07-20,21810000.0,22.5,32.3,27.180118548319143,6.186583022635345,0.0,0.7377244095907566,0.669881543798191,0.6065822400125174
2021-07-21,23930000.0,23.6,31.6,27.728301343338114,9.01798483173696,0.0,0.8727266345792823,0.7981093408550111,0.6533502742638463
2021-07-22,24200000.0,23.9,31.8,28.18655147931114,9.6465201170555,0.0,0.9022251012868336,0.8265402894193346,0.6658998367313195
2021-07-23,21940000.0,23.6,32.6,28.565080642484464,8.248777363513794,0.0,0.8126836615650317,0.7438641754565621,0.6404827123371438
2021-07-24,19500000.0,24.4,32.5,29.093712009319493,8.428358873604806,0.020000000000000004,0.7688189728901376,0.7074034295542497,0.617255444363008
2021-07-25,21100000.0,24.0,32.3,26.425885583126323,8.557058955836697,0.0,0.856804861510699,0.7905814207562016,0.7050555999317467
2021-07-26,25830000.0,23.9,33.2,26.271910192860727,7.742956110090778,0.0,0.9574671373083913,0.8760214370337742,0.7818999278462352
2021-07-27,22510000.0,23.6,33.3,27.84049359309928,6.874978811317556,0.11000000000000001,0.8134251883407064,0.7425296047257917,0.6753862629040136
2021-07-28,19690000.0,23.3,32.2,27.924897662121243,5.465263957103116,0.11000000000000001,0.6675407832211914,0.6060341036239634,0.5599808403751324
2021-07-29,19670000.0,25.1,33.1,27.714305104848663,3.3731393645428325,0.13999999999999999,0.6433402905713972,0.580929914608588,0.5648888274806507
2021-07-30,21240000.0,24.5,36.6,26.58739536877839,4.211186411634219,0.15000000000000002,0.7724686466286166,0.7040112666692278,0.7293997743393629
2021-07-31,14930000.0,25.5,32.6,32.51273420188778,3.004997268856259,0.16000000000000003,0.47840954218740944,0.43106511219205473,0.4035007707635786
2021-08-01,15430000.0,25.0,33.4,32.593245439167575,2.047229215037531,1.9100000000000001,0.4705809509898435,0.42156884580952153,0.3972743557801794
2021-08-02,16200000.0,24.0,30.4,32.112773206464674,3.684413982033919,1.2400000000000002,0.4676672081047769,0.4173976147722273,0.3566914225786217
2021-08-03,19610000.0,23.8,32.3,30.342834963502508,4.025618851206841,0.11000000000000001,0.6045939529126225,0.5431191262855612,0.49102039268680125
2021-08-04,22770000.0,25.9,33.9,29.247356528030856,3.507825497111091,0.09000000000000001,0.7321627631069816,0.6592787761286643,0.6221260572417419
2021-08-05,20380000.0,26.2,34.3,31.310133791963317,2.6757645003560713,0.47000000000000003,0.6419310845351858,0.5764526501329202,0.5422591806413141
2021-08-06,24340000.0,25.4,35.5,28.33600768062383,4.513481953620755,0.0,0.8348421458323146,0.7564754971123765,0.7335037003300348
2021-08-07,20820000.0,23.8,35.2,29.891452480984004,4.223158512306953,1.1500000000000001,0.6928458303608604,0.626492994446859,0.6075358051803235
2021-08-08,9530000.0,22.5,29.5,28.500491079350994,7.437667542936058,1.2400000000000002,0.382353379022497,0.35322463711698526,0.3287049089696882
2021-08-09,20210000.0,22.2,31.9,26.486351042239217,6.680432175385626,0.5900000000000001,0.7046900276963383,0.6420925968840621,0.5889433235799595
2021-08-10,16480000.0,21.6,28.8,27.896738184982706,3.687407007202103,1.1400000000000001,0.45264135141503736,0.4027985266385546,0.3545221245944277
2021-08-11,19650000.0,20.2,30.3,26.94029380672258,3.259404408151858,0.2,0.5268903907577073,0.467420177636279,0.4260910395860204
2021-08-12,18000000.0,22.6,29.4,27.30418133855033,5.6209012658486595,0.24,0.5616255355958172,0.5066079748089114,0.44120357975520647
2021-08-13,16000000.0,22.3,27.8,26.479626695824226,7.207204604985927,1.59,0.521111209678273,0.4728179148217059,0.3912919679980274
2021-08-14,9020000.0,20.0,24.9,24.85732657526549,4.7978193445981905,0.8400000000000001,0.25551807545996313,0.22929213094151918,0.20447310277116643
2021-08-15,15670000.0,20.9,27.1,24.25306655481574,7.467597794617895,0.09000000000000001,0.5199248626830435,0.4733114332843301,0.4004239550780945
2021-08-16,15820000.0,20.9,27.3,23.23845763821193,8.1021191302728,0.05,0.5715598602950969,0.5244334589765464,0.4519166302304917
2021-08-17,12450000.0,19.4,25.6,23.54008165096527,6.111757393430757,0.81,0.3724682511624264,0.3362418603319036,0.29249217649118114
2021-08-18,8890000.0,19.4,25.0,24.190867532287815,4.983386905025569,2.7300000000000004,0.25811827154874034,0.2323693346123435,0.21221557177739703
2021-08-19,11530000.0,19.7,24.6,24.793774934997792,3.687407007202103,1.1199999999999999,0.2864592224134582,0.2530896123346563,0.21979985487341835
2021-08-20,17390000.0,22.8,28.0,26.553676582151784,5.662803618203228,1.03,0.531959548050544,0.47922357581754416,0.4110412670026381
2021-08-21,3630000.0,20.0,25.6,27.235196661352813,8.790514918955012,6.010000000000001,0.1045669834278534,0.09395655054802235,0.09132901390778927
2021-08-22,15170000.0,22.2,29.4,26.01261207824014,5.013317156707404,0.17,0.4938390700806602,0.4475919645211711,0.4217500535723124
2021-08-23,3480000.0,21.0,24.1,26.258558140433212,8.416386772932071,4.870000000000001,0.11976586463515455,0.1096322282832664,0.10310271934489816
2021-08-24,9470000.0,23.0,28.8,30.07881147703516,8.147014507795554,0.8800000000000001,0.33703158142175244,0.308123770853633,0.2607506878986262
2021-08-25,9050000.0,22.1,26.6,29.571576069152314,5.234801019152985,1.56,0.2359578877542349,0.20890377587237366,0.16601260528328846
2021-08-26,22380000.0,22.0,31.7,26.68877621524796,3.8669885172931133,0.0,0.6440844639506307,0.5749372632349518,0.535418014743505
2021-08-27,11590000.0,19.5,28.5,25.926677625170182,5.596957064503191,1.16,0.35506694656096316,0.3205902620216468,0.3031104966292807
2021-08-28,19810000.0,20.9,28.9,23.106817388445734,3.468916169924705,0.58,0.5488401372254013,0.4891686882326372,0.4692410478769089
2021-08-29,9280000.0,20.4,25.4,24.190867532287815,3.2234881061336558,0.21000000000000002,0.263503614575103,0.23633763686925963,0.23204431162614472
2021-08-30,10570000.0,21.7,27.1,24.402914902084248,3.2504253326473074,0.06999999999999999,0.32802280520903043,0.2964027262884569,0.2996212581289866
2021-08-31,12390000.0,19.6,27.2,24.38413971135334,7.72799098424986,1.58,0.4132255731567868,0.376686426218066,0.3315486908612043
2021-09-01,6830000.0,20.5,26.9,25.390323259202194,7.87165619232267,1.42,0.2883783315912113,0.2681482178393629,0.256354955110849
2021-09-02,8100000.0,18.7,23.2,20.884482171325537,7.5005210714679125,0.09000000000000001,0.30628548258116584,0.28328620214027017,0.25680083351864746
2021-09-03,11140000.0,17.3,23.6,21.42594133160924,6.294331928689953,0.22000000000000003,0.30297639842753676,0.27160581183797305,0.23457894164365617
2021-09-04,13490000.0,17.4,25.3,20.190025969869783,6.018973613217068,0.03,0.4126474613479257,0.37409464013516647,0.3523254244054329
2021-09-05,13120000.0,19.2,24.7,21.253350305969793,6.713355452235645,0.27,0.41953716099940885,0.38168374757763945,0.34069974388509267
2021-09-06,10640000.0,19.7,24.1,21.66737189076233,10.319950779896793,1.87,0.4280715647053829,0.3973973646921206,0.32186303849127484
2021-09-07,10910000.0,19.7,27.8,25.83441028851711,5.737629247407816,0.26,0.3288466212572008,0.2965084904058156,0.27715640503259326
2021-09-08,16460000.0,18.6,27.2,22.739333433117416,4.989372955361935,0.010000000000000002,0.45095540260590344,0.40277092059747854,0.3738518130931705
2021-09-09,18790000.0,20.2,28.1,23.136678223087078,2.8044645825879626,0.0,0.47768549192758947,0.42167216374930155,0.40589571877223757
2021-09-10,9280000.0,18.1,25.3,22.07696022451055,3.54972784946566,0.0,0.2602774956758219,0.23360808670781297,0.2399740350447242
2021-09-11,21060000.0,18.5,29.0,22.20345582761386,3.657476755520267,0.0,0.5380978839118433,0.475674324266548,0.4610415834510323
2021-09-12,18810000.0,20.8,29.4,23.31053745921799,8.212861061495591,0.0,0.6658742872428974,0.6090610947822408,0.5497078602471792
2021-09-13,12200000.0,20.5,25.2,20.227184059120006,10.891618587019845,0.020000000000000004,0.5918348337499508,0.5561476623644632,0.4715593902707293
2021-09-14,5270000.0,20.0,22.1,20.54276036345476,11.190921103838198,0.22000000000000003,0.3373358752142057,0.3223477116881281,0.2733227052923051
2021-09-15,20220000.0,16.6,25.5,17.488262386520493,10.66714169940608,0.0,0.7119607485498604,0.6544539807135624,0.5423053717530169
2021-09-16,12960000.0,18.2,25.2,20.966574092977893,11.876323867352227,1.74,0.5110375448262116,0.473792335750199,0.37622799692459113
2021-09-17,10000000.0,16.8,22.0,19.138117570305464,6.6744461250492595,0.33,0.2987891933572765,0.2711310099363355,0.24448462207067498
2021-09-18,15380000.0,17.5,25.7,20.408519223742495,4.743944891570886,0.03,0.409854611262307,0.3657246104017604,0.3538178985727775
2021-09-19,14740000.0,16.6,25.3,19.490144925527684,6.779202005935683,0.020000000000000004,0.43807190793080275,0.3962188963630494,0.371350192722
2021-09-20,13020000.0,20.4,25.6,22.55167215941733,8.266735514522894,0.05,0.4553012785325773,0.41713004119599467,0.3633884981253723
2021-09-21,10470000.0,18.4,26.0,23.112786857624513,7.114420824772238,0.5900000000000001,0.3270558473980706,0.29673060895891706,0.27463036143171965
2021-09-22,18080000.0,16.6,27.5,19.608741020612115,9.140698863632483,0.0,0.60361032611318,0.551365114073693,0.5038179193805492
2021-09-23,19270000.0,14.0,25.7,16.164135343160766,7.883628292995404,0.0,0.576996543483603,0.5232810276707083,0.5008137098749431
2021-09-24,16390000.0,18.4,25.0,19.58807032647683,6.8570206603084545,0.020000000000000004,0.49292172943049894,0.4458191849277332,0.40844082850214736
2021-09-25,8150000.0,16.9,22.1,20.15292766197723,7.177274353304092,0.53,0.24205892290442854,0.21947800695753056,0.19695097854636398
2021-09-26,13950000.0,16.0,24.0,16.735861630632026,7.3628419137314705,0.0,0.46873154522731986,0.42974556917991835,0.413971037341683
2021-09-27,11700000.0,17.4,24.4,18.717089670619092,7.371820989236022,0.03,0.4151594109411533,0.3819654110817824,0.36739565190578816
2021-09-28,9880000.0,19.5,24.2,22.025394027261033,7.231148806331396,0.18000000000000002,0.3276616440038497,0.29920077308569154,0.27250528895994997
2021-09-29,10950000.0,20.4,27.5,25.494209754125798,5.471250007439483,3.45,0.327075191559917,0.29452547311541044,0.28258562432112005
2021-09-30,14280000.0,15.7,26.6,20.29635082134043,5.8543572289669745,0.05,0.38640460977933866,0.345725507230472,0.34957250084459224
2021-10-01,18190000.0,16.1,27.6,20.456757291866055,4.618237834507179,0.0,0.44393740100252865,0.39153828743964425,0.39677349814555235
2021-10-02,18680000.0,16.8,27.2,19.37217753667794,3.211516005460922,0.0,0.42997180154848713,0.3760347872906166,0.3932093572611216
2021-10-03,18290000.0,18.7,29.3,21.032450848446572,4.728979765729969,0.0,0.5096732578890106,0.45526613448744924,0.4762349363464942
2021-10-04,14970000.0,19.4,29.1,23.99893582466139,7.476576870122444,0.0,0.48384747859808896,0.4391587636207296,0.4210890277611412
2021-10-05,17740000.0,19.3,28.3,21.991075134168597,6.192569072971713,0.06,0.5197274129473293,0.46710683688828,0.4554604509878282
2021-10-06,13160000.0,17.8,26.5,21.979645904535904,4.788840269093639,0.04000000000000001,0.3442614910500979,0.30617440790725026,0.3079314532545422
2021-10-07,13300000.0,20.0,26.4,22.29585045237656,4.1513259082705485,0.020000000000000004,0.36171438782273035,0.32260655632169066,0.3270122483175847
2021-10-08,4910000.0,19.4,23.5,22.232293098315196,7.389779140245122,0.24,0.21392634844780095,0.19987165287265357,0.19939269749020394
2021-10-09,11400000.0,20.2,26.3,24.284218456459094,5.836399077957873,0.36000000000000004,0.3277546970015391,0.2942090013537299,0.2780952596491965
2021-10-10,15920000.0,15.1,29.5,21.61101384121729,8.144021482627371,0.29,0.5353988630049346,0.4892171826680448,0.44139506283496244
2021-10-11,2980000.0,15.9,18.1,18.00458824497617,6.7193415025720125,2.5100000000000002,0.10589894516562433,0.09801526654479736,0.10264925613765916
2021-10-12,4890000.0,14.4,18.2,16.24286794676218,6.952797465690328,0.29,0.17160392676828012,0.1588457450114194,0.1557964885841998
2021-10-13,9010000.0,13.4,21.5,17.339166741582844,7.030616120063099,0.0,0.23655140387632115,0.21250678641341322,0.21015469433150696
2021-10-14,13310000.0,14.5,24.8,17.937532099629752,4.510488928452571,0.0,0.31798303983120607,0.2810090761018102,0.30803149042919226
2021-10-15,9810000.0,16.1,24.4,19.397769282757906,4.046570027384125,1.92,0.2518166901251727,0.22428412435918882,0.2486848091461235
2021-10-16,3200000.0,2.5,15.6,6.488521661947797,11.313635135733723,0.08000000000000002,0.5066745984055239,0.49964127662086044,0.3908947286272055
2021-10-17,17600000.0,1.6,11.9,5.5844439044075305,6.282359828017218,0.0,0.3366513656548345,0.3004416795575065,0.3044308942275097
2021-10-18,17060000.0,7.2,15.2,6.7388701320536,3.307292810842795,0.0,0.29758025859934484,0.25790695186386714,0.3155679962561212
2021-10-19,14810000.0,4.2,17.2,8.830244875628294,7.228155781163212,0.010000000000000002,0.3622574607003979,0.3282505240573753,0.3190812717780864
2021-10-20,15750000.0,6.3,15.5,9.275833065002521,3.3581742387019147,0.0,0.23836871259142547,0.20201828219964613,0.23616975970591408
2021-10-21,10900000.0,4.7,15.3,10.13671596519246,4.53443312979804,0.03,0.17930796534319376,0.1547306354037625,0.1804669343916137
2021-10-22,15370000.0,6.3,16.1,8.876513989385627,6.868992760981189,0.03,0.3381594719050601,0.3024162875835893,0.31024980602541785
2021-10-23,15740000.0,8.1,17.9,9.552594667688911,2.8104506329243297,0.0,0.25185985045973736,0.21362865777209245,0.2688387661748517
2021-10-24,15020000.0,8.3,18.3,9.582871764592033,2.4453015624059398,0.0,0.23746896423010586,0.20073278325050983,0.25952417283649376
2021-10-25,15280000.0,7.3,18.3,8.902311300343452,4.9594427036801,0.0,0.32098033955506816,0.28403942633422913,0.34034882553755746
2021-10-26,15180000.0,8.6,18.6,10.1889649877975,5.300647572853022,0.0,0.3183020120861784,0.2809195113524803,0.3234858214190414
2021-10-27,15080000.0,5.0,20.0,9.082121390166124,6.961776541194878,0.0,0.4714524080304726,0.4352523088854666,0.3915554872070378
2021-10-28,14930000.0,9.3,19.9,9.70482738245373,4.8397216969527594,0.0,0.3347684192480903,0.2971767339537348,0.3654808468339666
2021-10-29,12890000.0,8.6,18.1,9.884658131375522,5.68974084471688,0.0,0.3091223123209982,0.2775595453940307,0.31956718334867074
2021-10-30,7340000.0,7.3,16.7,11.316831297343292,1.9933547620102272,0.0,0.12114868638390304,0.10373902800090835,0.14321894824725262
2021-10-31,13830000.0,8.9,19.6,10.8162939043112,4.3309074183615595,0.0,0.2719755284317792,0.23741908430828632,0.29828435748204846
2021-11-01,13740000.0,6.1,19.3,10.364845428716851,6.97075561669943,0.0,0.34008458382563717,0.3069447688374133,0.32001948318836954
2021-11-02,14070000.0,5.3,17.3,9.182507903536443,6.593634445508304,0.0,0.29156328073887466,0.25876121984972245,0.29887206853130693
2021-11-03,13630000.0,6.0,18.2,9.163942502908878,6.728320578076563,0.0,0.3245090392214104,0.2921018223930451,0.33339741529316236
2021-11-04,13530000.0,8.1,18.6,9.910180794121217,4.830742621448209,0.0,0.2739570407058719,0.24082715424180132,0.30262852822222996
2021-11-05,12390000.0,7.7,18.8,10.979894030393334,5.094128836248358,0.0,0.242867224406664,0.21259835261109528,0.26602298803846647
2021-11-06,13150000.0,9.6,19.4,11.045316688392909,6.351199406885439,0.0,0.31608134955605194,0.2830434179408395,0.3278534281112605
2021-11-07,12010000.0,10.7,19.4,11.984505095622703,7.515486197308831,0.0,0.3284586971453624,0.29792520055726895,0.32073279058957904
2021-11-08,1970000.0,5.7,16.7,9.050622006970249,9.568701462682728,2.6500000000000004,0.2887985349402157,0.2842172679842432,0.30145682829359277
2021-11-09,8680000.0,4.2,12.6,7.47520240580001,10.137376244637597,0.03,0.3128394746825966,0.2941030783147838,0.2623163458478107
2021-11-10,9660000.0,4.7,11.1,7.3608515051512855,10.756932454451588,0.04000000000000001,0.3136034723927212,0.29304607515969294,0.24264595637337655
2021-11-11,9300000.0,2.1,11.8,6.63652882888061,9.377147851918982,0.0,0.28739916415012745,0.2681506997667865,0.2534424485397844
2021-11-12,9860000.0,0.4,9.4,6.130261907523126,8.616919459200366,0.0,0.2249021105852654,0.20575317608916924,0.19825105698777162
2021-11-13,12090000.0,4.7,12.7,7.827721342149408,4.824756571111841,0.0,0.19070903166069256,0.16439189337585203,0.20585529131891772
2021-11-14,12040000.0,4.1,16.1,8.71803663747,5.133038163434745,0.0,0.2037628020919373,0.17654344199772348,0.23847718269005697
2021-11-15,12120000.0,4.5,15.8,8.296227024843635,3.9986816246931887,0.0,0.1870442905892527,0.15960809497474793,0.22929542728955538
2021-11-16,12400000.0,4.0,15.3,6.7834461276072116,5.848371178630607,0.0,0.2713305907123986,0.24362985007296573,0.30979046944990574
2021-11-17,12480000.0,5.0,13.6,6.763152120700615,5.124059087930194,0.0,0.23829721643854812,0.21067952089419723,0.2701370388092698
2021-11-18,12010000.0,3.9,16.5,9.222402573680746,3.8669885172931133,0.0,0.1664617256937582,0.13923891577738642,0.20199493624131745
2021-11-19,11580000.0,6.6,18.2,10.329457012650575,5.399417403403079,0.0,0.21482306576877427,0.18709095356298833,0.25370960060121794
2021-11-20,10140000.0,5.3,17.2,10.382579636575572,2.8044645825879626,0.0,0.12669073885397147,0.10308042681340626,0.1665508436131963
2021-11-21,6810000.0,6.8,17.3,11.158268253427892,6.449969237435495,0.03,0.175192789496688,0.1590206417089447,0.20332193923894232
2021-11-22,8000000.0,-0.9,8.9,5.010122121154809,12.986736204748313,0.0,0.35451927582581017,0.33943525005053465,0.257647761197903
2021-11-23,9290000.0,1.3,6.8,4.867403458070543,11.86435176667949,0.0,0.3433457891409738,0.32580020470363846,0.244136353064554
2021-11-24,10260000.0,3.0,12.5,6.1881042265277,8.488219376968477,0.0,0.30630061923373286,0.2845605199414227,0.2946994630293551
2021-11-25,10570000.0,0.9,15.1,5.9270496991370285,8.775549793114093,0.0,0.4380693024052644,0.41551076289077427,0.3555473723524308
2021-11-26,11790000.0,-2.0,10.2,4.531213500891534,6.943818390185776,0.0,0.2434163789947002,0.22111203690870157,0.2571659643641448
2021-11-27,11730000.0,-0.2,10.2,4.943679805524055,3.2713765088245923,0.0,0.13731263081829445,0.11445845505965375,0.18677980354810053
2021-11-28,11350000.0,2.7,12.1,4.60713523594505,3.295320710170061,0.0,0.1745003867571044,0.15069436284342094,0.24088862435889163
2021-11-29,11040000.0,2.4,13.2,5.997759184852511,3.172606678274536,0.12,0.14819520156503738,0.12476855647532159,0.20792352432692535
2021-11-30,1310000.0,-1.0,9.9,6.604706025289781,12.89095939936644,2.32,0.18797882802446475,0.18547171806623766,0.17082012524240492
2021-12-01,11410000.0,-3.8,3.7,2.9802773266657243,13.369843426275805,0.0,0.3837097371038451,0.3651157693071046,0.2481184680081611
2021-12-02,11320000.0,-0.6,7.4,4.85680838006267,7.602283927186153,0.0,0.21011242226466775,0.1891968825592351,0.20295033988276293
2021-12-03,9300000.0,-2.1,8.9,3.867732353825979,11.02331169441992,0.010000000000000002,0.37032715134940386,0.35314388993062973,0.3038852153057872
2021-12-04,9300000.0,-3.4,8.0,5.085223222143374,5.803475801107854,0.0,0.13246397800831838,0.11592732516665791,0.15858646952058927
2021-12-05,10470000.0,0.4,10.1,6.120977409400365,2.1998734986148905,0.0,0.08409697436966329,0.06353378088038081,0.12476240641585337
2021-12-06,9300000.0,0.6,11.7,6.824195608645861,3.621560453502065,0.0,0.10826594671091383,0.08947847026873162,0.1528282251392537
2021-12-07,10650000.0,3.4,12.7,6.974772541686773,5.420368579580363,0.0,0.18164831481050497,0.1588865344262837,0.21943989683872278
2021-12-08,10400000.0,1.2,12.6,7.128276704714971,3.3910975155519334,0.0,0.10802000977693867,0.08652695555113235,0.15684950906150105
2021-12-09,7560000.0,4.1,11.9,8.411004990216185,2.544071392955996,0.0,0.08141331043604727,0.06527872588263713,0.11442540853952385
2021-12-10,8160000.0,4.4,14.2,9.25175567725948,3.9897025491886384,0.0,0.10877878379350277,0.09072105978373482,0.14733433486976638
2021-12-11,8770000.0,4.1,12.1,7.827721342149408,7.0425882207358335,0.0,0.18209745705218833,0.16332696741175468,0.1946263616534811
2021-12-12,9780000.0,-5.8,9.8,3.439341420937335,13.262094520221199,0.0,0.635984874137507,0.618780332834018,0.33211956681092236
2021-12-13,11210000.0,-4.0,3.5,2.5235910961088854,7.222169730826845,0.0,0.2370889945723932,0.21896217986649708,0.2280283552045624
2021-12-14,10340000.0,-0.5,9.5,5.052244718169664,7.030616120063099,0.0,0.2084786150948564,0.1886571711132556,0.22564828917347102
2021-12-15,10090000.0,2.8,12.7,7.524051826048306,5.091135811080175,0.0,0.14390252167166157,0.12252263844949698,0.18344164059684576
2021-12-16,3050000.0,-1.9,9.3,6.912540063092076,7.051567296240384,0.13,0.08269945441903793,0.07700634632321243,0.10687386047086558
2021-12-17,10970000.0,-9.7,1.1,1.691633662233515,16.01567767495004,0.0,0.4332148048265808,0.41823280064404694,0.2459756958073102
2021-12-18,11110000.0,-7.6,1.4,2.5963834895921982,7.745949135258962,0.0,0.18173099045314656,0.16574145585187966,0.1684881208813947
2021-12-19,10710000.0,-3.2,4.8,3.6391695074644717,9.122740712623385,0.0,0.23880070985242546,0.22077294781984363,0.20689496127951182
2021-12-20,9790000.0,0.9,12.0,5.857078465828218,7.9135585446772385,0.0,0.2454386259077138,0.22547889302781154,0.2620997306177953
2021-12-21,10280000.0,-2.0,13.2,6.037974794396144,6.426025036090027,0.0,0.24840905714918743,0.22799411232187056,0.23449085224774574
2021-12-22,10780000.0,-0.3,10.1,4.063531174502699,3.0917949987335804,0.0,0.13285269745737308,0.11191704696366955,0.19894660499333883
2021-12-23,10670000.0,-1.4,9.3,3.9186925093194005,3.941814146497702,0.0,0.15268752692878945,0.13260282032810672,0.21192807314598383
2021-12-24,7410000.0,-8.7,9.1,3.5500098720121653,10.137376244637597,0.0,0.3994489833648093,0.38725669866196205,0.26305996072970694
2021-12-25,11310000.0,-11.9,-4.0,1.0995120907772862,14.665823324099271,0.0,0.3545252344000558,0.3415178714985544,0.1944583091944066
2021-12-26,11230000.0,-9.9,-3.9,1.1450575005043808,12.762259317134548,0.0,0.33576700871182885,0.32217079277025473,0.20161654808478008
2021-12-27,10870000.0,-7.6,1.9,3.3589066502821323,10.101459942619396,0.0,0.1683969933892196,0.1525851263971479,0.13865622757621904
2021-12-28,10200000.0,-0.7,6.6,5.0225703491375775,5.124059087930194,0.0,0.1312635130970803,0.1127072959703048,0.1536746116127506
2021-12-29,8050000.000000001,-3.4,9.3,4.611466200006287,10.75094640411522,0.0,0.30615226216285857,0.29150740452849166,0.24900632830250982
2021-12-30,10450000.0,-6.4,3.3,2.2540646843443874,14.471276688167341,0.0,0.43094735221868224,0.41490189850762904,0.26843969664383416
2021-12-31,11260000.0,-7.5,-0.0,1.640241391824052,11.9900588237432,0.0,0.3542681152508499,0.3385122985533545,0.23571007371320082
2022-01-01,10930000.0,-5.6,3.1,1.803757803486029,4.0136467505341065,0.0,0.15670629616099152,0.13971869765065065,0.19769308012280828
2022-01-02,9850000.0,-5.2,8.2,3.3004864139866323,6.883957886822107,0.0,0.2706835161831306,0.2536674112623037,0.2518786921787052
2022-01-03,11190000.0,-3.4,5.3,2.4749689933013554,7.296995360031433,0.0,0.2716053284524912,0.2526635224006902,0.26554005853137574
2022-01-04,10950000.0,-4.4,5.6,2.2918136934530953,6.417045960585477,0.0,0.2459505592500737,0.2276571605505963,0.260147388131501
2022-01-05,6360000.0,-2.5,6.5,4.769803426643931,4.426684223743433,0.04000000000000001,0.11463770232114949,0.1034494730072241,0.14122707333428636
2022-01-06,11440000.0,-3.9,6.3,2.8317148112312793,6.707369401899279,0.0,0.24051141534395537,0.2209656096429952,0.2513828239857943
2022-01-07,11550000.0,-3.9,6.7,2.073499224866711,5.602943114839558,0.0,0.24211022595922427,0.2222303890229556,0.2775995729730937
2022-01-08,11430000.0,-2.3,6.9,3.442683236446393,7.204211579817744,0.0,0.24962233648077045,0.22929825669795548,0.24953787446024708
2022-01-09,10070000.0,-1.9,8.2,5.010122121154809,3.361167263870098,0.0,0.10771959657423005,0.08927262092259766,0.14648349827478527
2022-01-10,10740000.0,-3.9,8.8,4.314139463534543,7.4167163667587745,0.010000000000000002,0.2320948753516662,0.21289580544424727,0.22691358556983254
2022-01-11,12030000.0,-9.0,-0.8,1.8417269602754183,14.692760550612922,0.0,0.3646550037711274,0.3486623110398883,0.2069420128051999
2022-01-12,12020000.0,-7.3,0.4,2.0508932663164106,10.64020447289243,0.0,0.2942102811614754,0.27716993672510293,0.21047118732919173
2022-01-13,11140000.0,-8.1,-0.2,1.7548303516395551,14.734662902967491,0.010000000000000002,0.40864171185422454,0.39332586413128245,0.23118895305911275
2022-01-14,12250000.0,-5.8,1.9,1.677477029698189,5.872315379976074,0.0,0.22234373026418136,0.2038402281364154,0.22590315513125842
2022-01-15,9480000.0,-1.7,6.2,3.142914666850726,5.360508076216692,0.03,0.2151063621813054,0.1982796302092379,0.2347441014491119
2022-01-16,10740000.0,-5.8,5.3,2.602460588831415,12.477921926157114,0.0,0.39959152556482463,0.3822247111186762,0.28262844504450046
2022-01-17,10460000.0,-7.5,3.3,2.577366141461985,13.28903174673485,0.0,0.35269627133299053,0.3369942420130403,0.23296912461360142
2022-01-18,12650000.0,-6.2,1.1,1.4790189269070653,6.587648395171937,0.0,0.2502644325016198,0.23162842979383017,0.23475939663334394
2022-01-19,11690000.0,-6.8,4.9,2.9123478517876,7.407737291254223,0.010000000000000002,0.22152172749279703,0.20313310186011896,0.21350492002500326
2022-01-20,12590000.0,-5.3,3.8,2.349096288144252,3.1546485272654348,0.0,0.13755248646275944,0.11759007532857024,0.17390938335665096
2022-01-21,12840000.0,-3.6,6.1,3.303708147985187,3.8161070894339937,0.0,0.1552952651278675,0.13331689226353025,0.18866384685365478
2022-01-22,6830000.0,-0.1,8.3,4.8011444397900975,2.1968804734467073,0.010000000000000002,0.10737922732871921,0.0944582216928099,0.1428448400975711
2022-01-23,8940000.0,1.3,11.8,6.48266254582284,5.671782693707779,0.0,0.18871509725314523,0.17043291421654166,0.2125540208177313
2022-01-24,9390000.0,-0.1,8.0,4.849252978551269,7.228155781163212,0.020000000000000004,0.2343973263226231,0.21672203157281889,0.2218634944129978
2022-01-25,4630000.0,-0.7,7.1,5.948727523727094,5.776538574594202,0.04000000000000001,0.11924698761564148,0.11075078533811153,0.1262826199771132
2022-01-26,12150000.0,-1.9,7.8,4.127231559164661,6.752264779422032,0.0,0.24095537518263627,0.21885164595809492,0.23616747893825032
2022-01-27,12840000.0,-3.4,8.2,2.889376637772122,6.390108734071825,0.0,0.28081644392504956,0.25790397348580957,0.2903475466326103
2022-01-28,13150000.0,-3.7,5.5,2.4435669232479382,8.742626516264076,0.0,0.35215309685165025,0.32993506919719745,0.29417587576709814
2022-01-29,13280000.0,-4.8,4.3,2.241858958668837,8.305644841709281,0.0,0.32323490179291875,0.3017608519004745,0.27190858056682854
2022-01-30,12380000.0,-5.6,5.2,2.044575037057825,6.473913438780963,0.0,0.27709701624163474,0.2570393061427003,0.27014585825336007
2022-01-31,14140000.0,-3.7,6.2,2.1996010918478865,5.635866391689578,0.0,0.27074619852114773,0.24654260098986042,0.2797419116433442
2022-02-01,9240000.0,-3.8,4.2,3.5055952777867385,11.454307318638348,0.0,0.31579392406373935,0.30059058929257765,0.21826684848577638
2022-02-02,10380000.0,-3.8,3.9,2.82516376845566,10.691085900751549,0.0,0.3588232766567976,0.3418423915284667,0.2554059364587511
2022-02-03,14280000.0,-5.5,3.8,2.206344315134927,9.107775586782466,0.0,0.3444441801407291,0.32189181157024677,0.2692485555237983
2022-02-04,13960000.0,-7.8,3.4,2.3594299419356584,13.995385686426161,0.0,0.41941312845686324,0.3985439077973554,0.2563364303039114
2022-02-05,14440000.0,-5.8,0.9,2.0312934814367076,14.830439708349363,0.0,0.47516555522513376,0.45380297787295554,0.25762516468461066
2022-02-06,12570000.0,-5.7,3.3,2.5550509453303043,9.933850533201117,0.0,0.3307407313116085,0.31116485190729776,0.2421454219585586
2022-02-07,9270000.0,-4.9,2.6,2.1006319696893128,5.779531599762385,0.0,0.23958555345995217,0.22511988730736712,0.22658549568152941
2022-02-08,13180000.0,-4.5,6.2,3.0177399566540233,5.839392103126056,0.0,0.24570492323626816,0.22347785532461537,0.24078413018002695
2022-02-09,12750000.0,0.0,8.3,3.870204506588751,2.858339035615266,0.0,0.18186843282853865,0.15770782106834896,0.21028937958263091
2022-02-10,15100000.0,-2.9,9.8,3.1624967979867726,6.988713767708529,0.0,0.3716129911300837,0.3436656270914481,0.33143371321100484
2022-02-11,15510000.0,-0.1,10.0,3.003889524559535,4.53443312979804,0.0,0.2882775701771913,0.2581072381473115,0.3159816629220429
2022-02-12,15390000.0,0.6,12.0,4.940608546982053,6.405073859912743,0.0,0.32004671017381436,0.28881302590296903,0.31430008341701177
2022-02-13,11450000.0,0.7,11.9,6.656486812828668,5.89326655615336,0.0,0.2180873105526734,0.1948497741718301,0.21889216961537122
2022-02-14,10910000.0,-2.1,12.4,4.4242794820825395,10.23315305001947,0.010000000000000002,0.5542873560195694,0.5329282984358218,0.3653940778042003
2022-02-15,14480000.0,-6.6,2.2,2.5092524936458904,14.312646354253616,0.0,0.42628472465741585,0.40463814047763974,0.23846337043759142
2022-02-16,15770000.0,-8.9,-0.4,1.6576027487896317,15.333267936604194,0.0,0.4669343968088319,0.44573163698114476,0.2390449741356
2022-02-17,17030000.0,-7.7,0.4,1.0463075400121276,5.611922190344108,0.0,0.2745593900501674,0.25062547821619724,0.24516912894655052
2022-02-18,16329999.999999998,-2.8,6.7,2.950022465034727,2.8164366832606964,0.0,0.2009093021843109,0.17223394987774404,0.21842832443245816
2022-02-19,8700000.0,-6.0,5.2,2.6951480727758725,11.771567986465802,0.020000000000000004,0.39878373199785166,0.38479778393469266,0.27582471522622054
2022-02-20,17470000.0,-6.1,1.1,1.722070975838066,11.113102449465426,0.0,0.4342899206466111,0.40849893136397136,0.2727632940115387
2022-02-21,15880000.0,-5.0,6.4,2.533756312332876,11.226837405856402,0.0,0.4692090797502539,0.4425791702630405,0.32648381087816486
2022-02-22,17130000.0,-6.8,3.7,1.7720345774529889,11.232823456192769,0.0,0.46703367584892047,0.4407314153637204,0.3086070079869444
2022-02-23,15310000.0,-6.7,1.8,1.496440822745432,9.074852309932446,0.0,0.38980325420226514,0.3671535963586468,0.2801544286147001
2022-02-24,18080000.0,-3.4,5.1,2.2479544442160346,9.122740712623385,0.0,0.4406531404370809,0.4101625950772415,0.32379271277520416
2022-02-25,17450000.0,-2.0,10.1,4.247885414487714,8.434344923941172,0.0,0.3916369908383822,0.3586799996186297,0.31803058251111127
2022-02-26,17230000.0,-1.0,14.2,4.181210679393263,12.525810328848051,0.06999999999999999,0.8890836760549619,0.8537951816803503,0.4817994205312976
2022-02-27,18410000.0,-1.9,11.4,2.7963136988774986,7.5005210714679125,0.0,0.5315310095283456,0.4959505389626918,0.4187858338907803
2022-02-28,12090000.0,2.1,14.4,3.600717746541674,4.779861193589088,0.11000000000000001,0.3734983109532437,0.34751149711682466,0.40121897874139734
2022-03-01,12730000.0,-2.3,15.9,6.165656662800437,10.481574138978702,0.03,0.5774035610563647,0.5511739001156647,0.37677196832414683
2022-03-02,18690000.0,-2.5,11.2,3.4818846566151542,9.245454744518906,0.0,0.5817955480228625,0.5461437027446102,0.39627163596904663
2022-03-03,18810000.0,1.9,14.6,3.4504920205378293,5.677768744044146,0.0,0.4835408346274141,0.44310973716975965,0.4575186978032482
2022-03-04,17250000.0,2.5,16.9,5.589579095765828,12.531796379184417,0.0,0.8913080344871777,0.852721188352451,0.5332136809356581
2022-03-05,19610000.0,-3.0,8.2,2.3120714880018736,14.462297612662791,0.0,0.7265808179644971,0.6913394991014803,0.4324069184475867
2022-03-06,19820000.0,-2.5,8.5,2.05441090619241,7.488548970795177,0.0,0.47679008031675485,0.44067017448254625,0.39857877667647107
2022-03-07,16670000.000000002,-1.4,11.8,2.68530217114408,5.42635462991673,0.0,0.44401596423343015,0.41132807545111005,0.3969360144345706
2022-03-08,19180000.0,0.4,14.7,4.081641700004398,5.665796643371412,0.0,0.5192413195787534,0.4788356053366304,0.42571479901551346
2022-03-09,19580000.0,5.0,17.0,5.988652376540183,4.142346832765998,0.0,0.39528377843876217,0.34997909948586586,0.40480147903806446
2022-03-10,13890000.0,4.4,18.2,6.50416885856405,4.582321532488976,0.0,0.42094435074059877,0.3885619324214571,0.3988255975597673
2022-03-11,15240000.0,7.0,18.9,9.830967018708908,4.923526401661898,0.0,0.34696955110872774,0.309995886613214,0.33960962358748814
2022-03-12,11770000.0,11.5,22.4,13.491448484129858,9.371161801582616,0.06,0.46468329747366904,0.4335758499397893,0.41517999543289125
2022-03-13,4660000.0,8.2,18.1,13.513810423049836,10.065543640601193,1.02,0.17590201188006607,0.16454381632082213,0.1649544638316316
2022-03-14,5630000.0,2.2,14.9,9.870503907955394,10.340901956074077,0.06999999999999999,0.17870555737691443,0.16650152747421137,0.16406606668073334
2022-03-15,20190000.0,3.3,19.0,7.170849923565592,4.312949267352459,0.0,0.4944035103725998,0.4475102796850427,0.40908331656532326
2022-03-16,20220000.0,8.2,21.3,6.861054885106953,7.1293859506131545,0.19,0.7048129807728615,0.6537362837663687,0.6159678775118123
2022-03-17,3650000.0,5.0,9.3,8.75105747035388,15.524821547367942,1.8600000000000003,0.20638752550861553,0.19878799721033352,0.1219277900918472
2022-03-18,6370000.0,1.9,7.0,6.789544811523228,8.138035432291003,0.45,0.18024986399994028,0.1680588026000116,0.1348100545998009
2022-03-19,5900000.0,-0.7,7.5,6.846699876018025,5.031275307716505,0.30000000000000004,0.11005296663875123,0.09915175778167944,0.10088953050007152
2022-03-20,11560000.0,-1.2,11.5,5.672312302378065,4.73795884123452,0.0,0.257073151481136,0.23444155609450715,0.2406323179581257
2022-03-21,18550000.0,2.2,12.6,5.292019639636515,3.444971968579237,0.0,0.3263635547506859,0.28745591214285965,0.31085531638927155
2022-03-22,20940000.0,2.4,13.7,5.201350640482862,6.443983187099128,0.0,0.47372510331362505,0.4289709548398604,0.4047350259482574
2022-03-23,11990000.0,0.9,12.7,5.501157946769828,6.345213356549072,0.010000000000000002,0.34528331814891156,0.32057839790704246,0.3182598720671897
2022-03-24,21180000.0,4.5,17.8,7.170849923565592,4.2500957388206055,0.0,0.45670753501796674,0.4075149334348831,0.40441053101414165
2022-03-25,15780000.0,11.4,19.3,12.785711148125815,9.517820034823608,1.8399999999999999,0.4825292826603631,0.44215580864687165,0.3615667151290549
2022-03-26,16149999.999999998,5.0,18.8,10.394417279888934,10.9544721155517,0.04000000000000001,0.5238581180268143,0.4856451670222895,0.35629975025540656
2022-03-27,20760000.0,1.8,19.1,4.578354130424108,9.293343147209844,0.0,1.0175788166137034,0.9702153915628271,0.6361517396371152
2022-03-28,18410000.0,1.1,12.9,5.354339067899816,5.516145384962236,0.0,0.3929876468565734,0.3548271521672742,0.3459959930248331
2022-03-29,22520000.0,5.7,18.0,6.8774931610984,3.771211711911241,0.0,0.45677350482194967,0.4035532811971689,0.4277074231165024
2022-03-30,18210000.0,9.6,21.5,11.001663586088002,6.97075561669943,0.13,0.5278173000138671,0.4810312751818698,0.46900905242183094
2022-03-31,10500000.0,2.4,13.3,8.59455883473322,8.886291724336884,0.15000000000000002,0.26444492670800923,0.24213203096275046,0.20758276352325114
2022-04-01,15410000.0,2.4,13.3,5.705358966147124,5.785517650098753,0.0,0.38944412693959823,0.3566972961363185,0.3471141976499884
2022-04-02,22970000.0,1.9,15.2,5.217439949926947,4.992365980530119,0.0,0.5096921108503452,0.459900535918713,0.42333740266059505
2022-04-03,23080000.0,5.2,17.4,6.867215166608368,3.64251162967935,0.0,0.4514176047306435,0.3976101018648558,0.4152665734835022
2022-04-04,23510000.0,4.1,18.8,5.878529845831029,5.171947490621131,0.0,0.646012718164557,0.5909975256413539,0.514198319373045
2022-04-05,19440000.0,6.1,20.8,4.072577509308677,8.066202828254598,0.0,1.0038144395735151,0.9561042250050484,0.7362282448844428
2022-04-06,22680000.0,7.3,21.7,6.610662509231558,6.387115708903642,0.08000000000000002,0.7976381286358494,0.7406571180629963,0.6341981054014587
2022-04-07,21640000.0,5.1,20.1,5.7578847457165265,8.631884585041284,0.010000000000000002,0.9505114515731533,0.8984405229533202,0.6459333934214936
2022-04-08,23740000.0,9.0,22.0,7.537423207422878,5.270717321171187,0.0,0.6727149853966307,0.6117845703120631,0.5999964876937971
2022-04-09,23090000.0,10.6,26.7,8.554574939144826,7.982398123545459,0.0,1.163055175844137,1.1000415196152544,0.8274654561754444
2022-04-10,21990000.0,12.2,27.3,11.712074153705798,6.575676294499203,0.0,0.8839770675288042,0.822785028604493,0.6996480898111842
2022-04-11,20830000.0,14.3,27.0,15.942874832977273,8.072188878590966,0.0,0.721138419342046,0.662284788417567,0.5963738755730164
2022-04-12,21910000.0,12.5,30.1,14.823285872210201,7.1353720009495225,0.020000000000000004,0.9348435411989646,0.8722776654189319,0.7235954197201817
2022-04-13,8900000.0,8.1,15.9,9.921542820329918,15.267421382904159,0.21000000000000002,0.5242837686433932,0.5031739648819965,0.33562004987670135
2022-04-14,12300000.0,4.7,14.3,8.364437826178913,9.703387595250986,0.0,0.40175930951475947,0.37439237246295554,0.2979119442954243
2022-04-15,23550000.0,4.4,20.0,6.612649058477518,6.054889915235271,0.0,0.7575574527503474,0.7014288741015913,0.5523540307036974
2022-04-16,24420000.0,4.9,20.1,5.410648215788848,5.677768744044146,0.0,0.7910457245206179,0.7324246090616626,0.6018516457413021
2022-04-17,24820000.0,10.3,22.8,4.68564658306799,6.509829740799166,0.0,0.8604499993289894,0.7953684737324663,0.7977696908455919
2022-04-18,19520000.0,8.9,23.8,4.865888623271332,7.314953511040534,0.0,1.0523083557252035,1.0013287036183836,0.8132100475125501
2022-04-19,20900000.0,10.1,25.4,4.814632047954909,6.584655370003754,0.0,1.0815682073361954,1.0254740155149125,0.8547185214666861
2022-04-20,24600000.0,12.0,26.1,5.244892907595162,6.943818390185776,0.0,1.097192454883724,1.0295731780822543,0.9211388653485855
2022-04-21,9290000.0,8.4,18.8,10.691211163174247,5.779531599762385,0.18000000000000002,0.3306593859574544,0.30778168952688423,0.3204297460645606
2022-04-22,23970000.0,14.4,29.3,12.52867763495167,10.065543640601193,0.0,1.2854740476518551,1.2164247484708581,0.9128076907037317
2022-04-23,21420000.0,12.1,24.8,11.67922646299273,6.7672299052629485,0.0,0.7207356069977463,0.6624922139198466,0.6204603060483443
2022-04-24,24720000.0,13.5,30.0,12.789264098207319,5.438326730589464,0.0,0.9577610281634124,0.8866631552306442,0.7633495284483669
2022-04-25,16260000.000000002,16.7,29.5,14.622228032926015,6.231478400158098,4.34,0.7254263426096059,0.6776854317066238,0.6988587493717273
2022-04-26,6960000.0,12.1,20.6,16.87586759332344,6.979734692203979,0.8900000000000001,0.20279309491081549,0.184615923872728,0.17503818137768873
2022-04-27,24740000.0,9.9,20.0,10.87469457177191,8.473254251127559,0.0,0.6786119878732458,0.6158485602853995,0.4989174549368415
2022-04-28,23210000.0,10.0,21.9,10.86853409102312,11.618923702888443,0.58,0.823303603073249,0.7631768098088078,0.5948787059867596
2022-04-29,12340000.0,6.2,13.2,9.394341471719441,6.29133890352177,0.34,0.2971117385349967,0.26950816280731416,0.22688048080814188
2022-04-30,16260000.000000002,7.3,18.8,9.95284757895705,6.62356469719014,0.0,0.46024423043816104,0.42070409327927544,0.3911157495712137
2022-05-01,25300000.0,6.2,19.6,6.048983987572501,8.018314425563663,0.0,0.8694211995190667,0.8081126021258835,0.6452177062612254
2022-05-02,21630000.0,7.9,19.5,8.664927343906461,6.788181081440235,0.0,0.610525681860139,0.5571386897023732,0.5098158329123894
2022-05-03,26560000.0,8.8,22.5,9.074237498495522,6.096792267589839,0.0,0.7828121233686793,0.7144309011735147,0.6152544856313502
2022-05-04,26350000.0,11.7,26.7,10.543393698574706,4.471579601266186,0.0,0.8225804962446324,0.7499576377408292,0.6772339619304745
2022-05-05,26550000.0,14.1,27.0,11.87087693495758,5.103107911752909,0.0,0.8038245987918102,0.7289340707899831,0.7075923755998786
2022-05-06,25980000.0,14.1,27.4,13.682565572602874,5.142017238939296,0.0,0.7857602599612264,0.7122341682599583,0.6661835182057579
2022-05-07,20690000.0,12.6,27.3,11.850923577407197,12.106786805302358,0.0,1.2809419385591923,1.2231691298103076,0.842827646236471
2022-05-08,19510000.0,12.3,22.2,10.099127453383,9.242461719350723,0.12,0.7872004802102727,0.7353348696857439,0.6435695782268817
2022-05-09,23200000.0,9.7,21.7,8.705365601650778,8.009335350059112,0.0,0.7679766378975071,0.7081841555173513,0.6401956797559588
2022-05-10,23630000.0,13.0,23.4,9.774727762013185,8.377477445745685,0.0,0.8618445454225758,0.7978870581611966,0.7221592819063524
2022-05-11,19520000.0,16.5,27.6,12.507755065969278,3.1576415524336183,0.020000000000000004,0.5798921853445721,0.5234858502222943,0.5797479068610082
2022-05-12,14850000.0,14.0,24.5,13.918104177685926,9.862017929164713,0.020000000000000004,0.6815298350970889,0.6405657552557642,0.5732890062325889
2022-05-13,9620000.0,10.3,21.5,14.498778216391004,6.336234281044521,0.52,0.3090350214325566,0.28413939407075334,0.2864909341225409
2022-05-14,26680000.0,11.1,24.0,6.4417794932125565,10.88563253668348,0.0,1.262580022503333,1.1912440198732583,0.9375708471620884
2022-05-15,27090000.0,10.0,22.7,6.437897779964957,5.522131435298603,0.0,0.8158101026210473,0.7450601653478015,0.7196727726201815
2022-05-16,27280000.0,12.0,25.5,6.918741160228092,6.8540276351402705,0.0,1.0427610817455657,0.9681777874039728,0.8684328281275903
2022-05-17,24620000.0,13.2,28.4,8.33758195748312,6.234471425326282,0.0,1.1100287196250735,1.0402941172821483,0.8882761356989741
2022-05-18,26250000.0,15.2,31.4,8.209248674824089,8.589982232686715,0.0,1.6166616958796272,1.5393615386604769,1.164454658910445
2022-05-19,21680000.0,15.5,30.1,8.146932261978902,7.347876787890552,0.0,1.2350527009928007,1.1716824021402563,1.0226553825104365
2022-05-20,21290000.0,14.7,28.3,12.18055028402409,5.285682447012104,0.0,0.802380917374218,0.7413904041178405,0.7155811324079367
2022-05-21,25800000.0,16.0,29.8,12.939273887689103,8.308637866877465,0.0,1.1557193026357422,1.080193200824238,0.9200699849377714
2022-05-22,25950000.0,14.7,32.2,13.727878435547009,8.994040630391492,0.0,1.4022361923011126,1.3256516057083874,1.0038786822136132
2022-05-23,24910000.0,17.6,32.8,14.482916061811775,5.357515051048509,0.0,1.0499074606105567,0.9745685792281427,0.8764413607694266
2022-05-24,25290000.0,17.1,33.9,14.95730984513746,4.642182035852646,0.05,1.0287530609377864,0.9519580297876272,0.856953238182095
2022-05-25,25110000.0,16.8,32.8,13.811294507445949,8.826431220973214,0.020000000000000004,1.4668539266608132,1.3913211327588186,1.0530106703954838
2022-05-26,27970000.0,15.4,27.5,8.85335278359408,8.643856685714018,0.0,1.1292297379287688,1.0491666350292022,0.9974365366390417
2022-05-27,25600000.0,14.6,29.2,10.288305033227113,11.711707483102131,0.0,1.5895634488597818,1.5157608623617074,1.077442051994775
2022-05-28,24170000.0,17.8,32.5,9.833786448492983,7.1323789757813385,0.0,1.313383493597231,1.2403318636685503,1.0986779946729213
2022-05-29,25110000.0,21.0,32.9,10.567403554592826,5.728650171903267,0.0,1.0042093265414684,0.92653091582269,1.0483532692951856
2022-05-30,15310000.0,15.6,29.2,15.240983865222825,7.452632668776976,0.05,0.7930622454520881,0.7485819245272435,0.693007236471767
2022-05-31,27420000.0,18.9,30.7,8.705365601650778,6.20753419881263,0.0,1.0443734342886775,0.9618919843168461,1.0515974660295226
2022-06-01,25440000.0,16.7,33.2,10.927182875073756,6.25841562667175,0.0,1.298793175628124,1.2221109309378555,1.0364733916444253
2022-06-02,27890000.0,17.9,33.7,12.393229111071706,6.7193415025720125,0.0,1.3787013595317386,1.2936761931471537,1.0788078252574056
2022-06-03,26330000.0,16.7,30.7,15.319921462683737,11.771567986465802,0.0,1.3931308604407373,1.315142735245105,0.9803142846135684
2022-06-04,20990000.0,17.1,30.3,15.647754020167126,11.104123373960876,0.32000000000000006,1.1557385818960384,1.0935672659880882,0.9011712805423324
2022-06-05,5410000.0,15.7,20.3,18.333424496987103,9.460952556628122,2.2800000000000002,0.23137961138674043,0.21679116299325063,0.18100888660777276
2022-06-06,15950000.0,12.1,22.7,16.454468583829637,5.908231681994278,1.51,0.4126938499927368,0.3701695230811214,0.328729051282236
2022-06-07,12300000.0,14.0,20.8,14.766746498007652,9.1556639894734,0.37000000000000005,0.4804045561778308,0.44761150156887347,0.37024935587394714
2022-06-08,19160000.0,12.8,22.4,14.65423547634763,6.860013685476638,0.03,0.5524195662929279,0.5011414579595298,0.4332355983117401
2022-06-09,22890000.0,14.5,26.9,17.624349919078945,4.89958220031643,0.48,0.6267034543190826,0.5619758750650452,0.5187021297197244
2022-06-10,23440000.0,17.7,29.3,18.052619909200438,4.800812369766374,0.0,0.7161271659667017,0.646899801506269,0.6372738096911424
2022-06-11,21490000.0,14.4,26.4,17.549152795117166,8.455296100118458,0.06,0.6815968162461398,0.621130965786008,0.5347578226252108
2022-06-12,21600000.0,16.3,26.9,16.731362320785717,10.41872061044685,0.0,0.8503721340656976,0.7883950197231873,0.6609134602703428
2022-06-13,16820000.0,16.5,23.3,16.494411753589848,13.989399636089793,0.34,0.7723153554032101,0.7253889889770725,0.5140102860405567
2022-06-14,6900000.0,14.3,18.0,17.071769490937108,7.353862838226919,1.03,0.19303481560916294,0.17508699034791417,0.13773818728527848
2022-06-15,20260000.0,16.9,26.3,19.19893659313087,7.3179465362087175,0.30000000000000004,0.6389142444800338,0.5807820066754387,0.500636689457177
2022-06-16,26350000.0,18.2,28.5,16.641598625822496,6.300317979026319,0.0,0.8573024942403336,0.7796509546870688,0.7324039821521225
2022-06-17,24880000.0,20.1,32.1,21.269999316444114,4.441649349584351,0.0,0.7766366347884682,0.700491846975624,0.6915125153253038
2022-06-18,24590000.0,21.0,33.6,22.18040957688458,4.28002599050244,0.06999999999999999,0.8125299093350631,0.7361323985656242,0.7225374041702611
2022-06-19,21740000.0,22.2,33.9,23.50976599639599,4.893596149980063,0.0,0.7707414370344383,0.7025893344912301,0.713644528404705
2022-06-20,24900000.0,20.6,33.5,23.425063700202756,4.1483328831023645,0.16000000000000003,0.7992191617167455,0.7220951623488248,0.6876924802465262
2022-06-21,25470000.0,21.9,34.0,23.619062375556485,5.986050336367049,0.0,0.9026471870420985,0.8228960845903547,0.7955926666334179
2022-06-22,24830000.0,22.6,37.3,24.085449174591574,6.557718143490102,0.05,1.1487012682407385,1.0691806765390317,0.9484512961286466
2022-06-23,16710000.0,23.7,32.3,27.609529778904292,14.357541731776369,2.16,0.9151825157369654,0.8628296468769434,0.6942196327281673
2022-06-24,18100000.0,21.8,33.6,24.09163911879428,11.205886229679116,0.03,0.9425176094421273,0.886011445174842,0.8223633925742903
2022-06-25,20550000.0,22.7,33.9,25.604995908582588,8.239798288009244,0.53,0.8659260857397048,0.8013159007770934,0.7617335236309332
2022-06-26,14320000.0,23.5,30.5,28.08021879658835,9.906913306687466,1.16,0.6279112931677644,0.5835846096063545,0.4973366275290254
2022-06-27,10070000.0,23.8,27.6,28.752390939538827,10.37681825809228,1.51,0.42079452772977277,0.39013541719610323,0.3070975087032432
2022-06-28,19450000.0,24.9,31.8,28.129797056909478,15.351226087613298,0.12,1.0225286827500244,0.9613414425291229,0.7212146718723952
2022-06-29,20540000.0,24.7,32.3,28.737944493501764,12.998708305421049,0.13,0.9585613445743351,0.8938330067609901,0.7017412495032435
2022-06-30,21340000.0,23.5,32.7,28.572265141025547,6.195562098139896,1.0,0.7399808203181812,0.6730433620887035,0.604755889272255
2022-07-01,25770000.0,21.6,36.6,24.94015651145849,4.549398255638957,0.0,0.970997038475588,0.8892321483606113,0.8017059929208493
2022-07-02,26470000.0,25.0,37.4,23.491592994349276,5.034268332884688,0.0,1.0106675460864114,0.9247808789127149,0.9439423225879331
2022-07-03,21140000.0,25.4,35.3,28.701856091226237,3.935828096161335,1.04,0.7378271828854956,0.6698350806393992,0.6595604871033709
2022-07-04,19760000.0,24.8,33.6,28.08021879658835,4.196221285793301,0.26,0.6836144629875639,0.6208484747592318,0.601998710792633
2022-07-05,18870000.0,23.9,35.4,28.97712276000072,4.537426154966223,2.06,0.6813932068751034,0.6211561533276708,0.623276991548865
2022-07-06,17490000.0,25.2,34.1,30.761814061755732,5.725657146735083,0.8400000000000001,0.6664616396908303,0.6106298396619698,0.5810985618271898
2022-07-07,21690000.0,26.1,35.8,28.357414935185478,9.014991806568775,0.08000000000000002,1.0146695350370554,0.944471621566092,0.8900034188652622
2022-07-08,17710000.0,23.8,34.9,28.839202793254433,6.327255205539971,0.34,0.7107231248636257,0.6543750339079869,0.6491612408114078
2022-07-09,18520000.0,24.0,34.9,25.959699942202963,4.872644973802778,0.010000000000000002,0.7149933991081954,0.6560030538723465,0.6802586063128142
2022-07-10,20430000.0,24.3,33.7,29.203386011313082,5.168954465452947,1.8399999999999999,0.713687659171555,0.6489385909960412,0.6092856707412772
2022-07-11,12510000.0,22.3,29.5,28.350277615641794,5.570019837989539,0.9,0.4203169690583417,0.3821293544641311,0.3474360566289156
2022-07-12,12300000.0,21.8,28.9,24.622894275558934,7.626228128531621,0.11000000000000001,0.5241580963218968,0.48688263580465485,0.45479952994877487
2022-07-13,7740000.0,23.4,27.4,27.875634848941175,6.770222930431132,0.65,0.3184627909414613,0.294990886106302,0.27261893035986207
2022-07-14,22080000.0,23.6,32.8,27.847518748521388,8.673786937395855,0.06999999999999999,0.8553269999829528,0.785987254726564,0.6832514713783123
2022-07-15,26800000.0,21.8,33.5,22.52831002099363,5.869322354807891,0.0,0.9198923455522301,0.8362758188854095,0.8108362537589727
2022-07-16,23350000.0,22.4,33.9,23.3225697506733,5.228814968816617,0.010000000000000002,0.8234959412668015,0.7502107591996208,0.7522749524211513
2022-07-17,21100000.0,23.7,33.6,23.45528383651672,6.94681141535396,1.3900000000000001,0.8770090548054255,0.8104014324544805,0.802974001366539
2022-07-18,6180000.0,22.0,24.5,26.742983925855093,4.196221285793301,3.0600000000000005,0.18622314794287806,0.16803784977590785,0.1543135842567386
2022-07-19,23090000.0,23.1,31.6,26.790494527675662,5.097121861416543,0.13999999999999999,0.7365797610903256,0.6647988705523741,0.5999105494279517
2022-07-20,22990000.0,22.7,33.0,25.939882145667273,5.429347655084913,1.06,0.7772201724514385,0.7053196011773141,0.6663124849611479
2022-07-21,16050000.0,22.3,30.0,26.2986320902983,9.963780784882953,0.4,0.6663226641140357,0.6171703070861111,0.5205962617603934
2022-07-22,23670000.0,20.9,30.2,24.85732657526549,7.189246453976826,0.19,0.7615644973644204,0.6896411320301907,0.5871176200918244
2022-07-23,15130000.0,22.7,29.0,26.345452541757535,6.057882940403454,1.36,0.5264737354761763,0.48031845894507263,0.4330513447312928
2022-07-24,18180000.0,24.1,30.7,30.056274438173677,4.579328507320793,0.82,0.5656258397114668,0.5090745650618178,0.44532247810606124
2022-07-25,21090000.0,23.0,31.1,29.225364053406345,4.205200361297853,0.13,0.6229107904952472,0.55758769223543,0.48755284828465745
2022-07-26,23670000.0,21.5,32.7,26.60764458623544,8.123070306450085,0.010000000000000002,0.8341114056803379,0.7607520007879655,0.6682934390366777
2022-07-27,18420000.0,22.9,31.1,26.44602732569642,10.768904555124323,0.0,0.7962570284440899,0.7392390458183099,0.6194692524931757
2022-07-28,15610000.0,23.9,30.4,30.252085785544796,8.048244677245497,1.09,0.5579325056502618,0.5095233882126717,0.4207441847491051
2022-07-29,22850000.0,24.3,32.9,29.86903797184773,10.39477640910138,0.22999999999999998,0.8959137620086344,0.8238230835088691,0.6668516875901551
2022-07-30,14930000.0,25.3,30.7,30.236983964860215,11.454307318638348,0.1,0.6766805680946983,0.6299044859833801,0.5035599260225716
2022-07-31,6390000.0,25.2,27.4,31.372447339361887,8.081167954095516,1.92,0.2546150247791118,0.23500831227077593,0.19861210497590687
2022-08-01,12550000.0,26.0,31.4,31.302352193130304,9.718352721091904,0.41,0.5921378081803509,0.5524978502782315,0.4802053568514765
2022-08-02,16520000.0,24.7,31.1,31.890674302484268,8.341561143727482,0.31000000000000005,0.5884441696247877,0.5367476977074446,0.43258693103631307
2022-08-03,22380000.0,24.7,33.7,32.14461145357985,6.0818271417489225,0.26,0.7493433566493022,0.6782551574311813,0.5865095093113573
2022-08-04,23320000.0,24.4,33.7,30.953921269800674,6.321269155203603,0.12,0.7893596601112357,0.7154097533803803,0.6248696200099091
2022-08-05,23260000.0,26.0,34.1,32.0094887081311,5.441319755757648,0.38,0.7928821897419737,0.7183097200975611,0.6373529984690298
2022-08-06,21580000.0,25.4,35.9,32.200394613426155,4.175270109616017,0.11000000000000001,0.7301803540938127,0.6605545671529691,0.6255080279971358
2022-08-07,21240000.0,26.2,36.0,32.96583987585683,7.1383650261177065,0.47000000000000003,0.8354206296610643,0.7665736284824903,0.7049103634889946
2022-08-08,14880000.0,26.6,34.6,29.468076823617004,10.322943805064975,0.05,0.8510084790882958,0.8030245929925766,0.7613422767856164
2022-08-09,10530000.0,26.8,33.8,28.78853478796583,11.361523538424661,0.010000000000000002,0.7919057330710376,0.7580562189535042,0.7319289265673017
2022-08-10,6600000.0,25.4,32.4,29.379614906768285,8.730654415591342,0.61,0.48864426526474675,0.46775036546599225,0.4934279210130398
2022-08-11,5560000.0,24.7,29.3,31.3568588220743,7.296995360031433,3.8200000000000003,0.26541702684962104,0.24820638714281668,0.2415165044486427
2022-08-12,24220000.0,24.3,34.1,29.846638128461016,6.066862015908004,0.020000000000000004,0.8223516783095052,0.7454188729000819,0.6707530578269039
2022-08-13,14000000.0,24.2,33.1,31.349067096810796,4.881624049307328,0.5,0.49764900549661056,0.45345437455285575,0.438165648281711
2022-08-14,18170000.0,26.1,33.2,32.86016697533881,6.551732093153736,1.1400000000000001,0.6638532733226314,0.6058507686614312,0.5337614903517995
2022-08-15,20010000.0,25.9,34.3,30.35798289137219,12.495880077166214,1.16,0.9921891256310633,0.9280019824187173,0.7793459984184968
2022-08-16,5890000.0,23.6,27.6,28.817478411778946,4.525454054293489,3.6,0.22567887138494327,0.20776976906602224,0.21062875613483314
2022-08-17,12690000.0,22.0,27.4,27.07025404808565,4.920533376493715,1.5300000000000002,0.3791165726249352,0.3409964385112587,0.3007929814640253
2022-08-18,22860000.0,21.0,30.5,25.267438633076672,3.7891698629203416,0.010000000000000002,0.6355241874322213,0.5658790040085304,0.5209577635860531
2022-08-19,19380000.0,25.4,33.2,30.616508894846934,8.766570717609543,0.09000000000000001,0.7814514082610464,0.7198239984466618,0.6279441652183804
2022-08-20,14020000.0,22.8,30.3,29.712546596004252,7.0425882207358335,2.2800000000000002,0.4738860211672429,0.43073113212334474,0.3731086331785329
2022-08-21,23710000.0,18.2,30.0,22.662931954990427,7.222169730826845,0.0,0.7180028820084361,0.6473728582876502,0.576304754393643
2022-08-22,23110000.0,22.5,31.6,26.824475788069215,3.364160289038282,0.0,0.6535543893714822,0.5819746453798097,0.5392855534779608
2022-08-23,14150000.0,21.7,29.6,27.61650402514517,8.314623917213833,0.55,0.5012308041718964,0.45817803654464057,0.3942249928464766
2022-08-24,11230000.0,19.3,24.3,22.11139634005991,6.677439150217443,0.29,0.35935390667101624,0.3270295537897946,0.2861341591339507
2022-08-25,18950000.0,18.6,29.8,22.088433712617075,6.20753419881263,0.05,0.6081214394875544,0.5515913202775238,0.5312716097297349
2022-08-26,23380000.0,20.0,29.3,20.879019393858208,6.087813192085289,0.010000000000000002,0.7307394708924575,0.6605554502624905,0.6178421888244984
2022-08-27,20460000.0,15.5,26.9,15.861126452917619,6.509829740799166,0.010000000000000002,0.653268310160876,0.5949371986600052,0.5848867059143287
2022-08-28,22720000.0,17.6,26.4,16.722366883516663,6.671453099881076,0.0,0.7096085959533365,0.6440064030229928,0.6005270711636946
2022-08-29,5650000.0,19.4,23.4,21.509892541180676,3.3013067605064275,0.12,0.19442588132983077,0.1782658972434846,0.1937261357125844
2022-08-30,7020000.0,20.3,23.8,23.88810363690752,7.698060732568026,0.71,0.2474669577321557,0.2271814827035497,0.19581349330617076
2022-08-31,7330000.0,17.1,23.9,22.804156699163872,5.180926566125681,0.43,0.18992692729016403,0.1692681651606338,0.15725700685769445
2022-09-01,10920000.0,18.6,25.8,21.392441219525075,6.408066885080926,0.0,0.3826582955470561,0.35102968009762375,0.3370260813250919
2022-09-02,7620000.0,20.0,24.9,23.017437009597767,12.196577560347864,0.47000000000000003,0.38430558061323644,0.3621501818071896,0.2917105227590039
2022-09-03,10590000.0,20.5,24.4,23.631233798078437,12.283375290225184,0.42000000000000004,0.41161946821837414,0.38082869743674214,0.2776376683656027
2022-09-04,13280000.0,22.0,31.3,28.293235487198853,6.219506299485364,0.18000000000000002,0.46956802116387397,0.42863943023185697,0.413693005978093
2022-09-05,3450000.0,19.2,26.7,27.380240663544875,15.964796247090918,11.88,0.12162225245168738,0.11151528708323322,0.10737459165983092
2022-09-06,19060000.0,15.3,26.2,18.00938636574188,10.331922880569527,0.22000000000000003,0.6540379582469665,0.6000961835038501,0.510928481741858
2022-09-07,23200000.0,16.2,27.2,17.624349919078945,4.591300607993527,0.0,0.5989565321219313,0.532283009701909,0.5241916908236746
2022-09-08,22490000.0,16.1,27.3,17.06719108364599,5.695726895053248,0.0,0.6341465089408679,0.5695134262155962,0.5601195722763478
2022-09-09,21060000.0,17.4,26.4,19.42851846223135,7.207204604985927,0.0,0.6147592947984422,0.5540451357496354,0.4913375423907844
2022-09-10,13630000.0,17.8,25.0,19.04720548445925,6.387115708903642,0.010000000000000002,0.45029387617594036,0.4113097021764892,0.3932879194875095
2022-09-11,15600000.0,18.9,27.2,22.307423396197837,6.824097383458436,0.09000000000000001,0.4879109285921068,0.4421417964664297,0.40445510505025106
2022-09-12,6610000.0,20.4,23.3,23.46738143285097,5.234801019152985,0.25,0.2106799610414619,0.19163883181382776,0.18219947768866906
2022-09-13,14300000.0,20.8,27.3,19.209089539794732,12.022982100593218,0.010000000000000002,0.7951805640484523,0.7526122624313609,0.6489478118404891
2022-09-14,17270000.0,21.1,26.7,21.31445249280237,13.731999471626011,0.0,0.7993758367186365,0.7480760221165008,0.5697956305427214
2022-09-15,19410000.0,20.5,27.2,21.588506563660005,12.729336040284531,0.0,0.7885897540784439,0.7309743495149044,0.5647992116838486
2022-09-16,12740000.0,22.0,29.2,27.118271956266053,6.89592998749484,0.19,0.43929665847425037,0.4005594830000477,0.3683001336103976
2022-09-17,16070000.0,22.1,32.1,26.817676526178815,5.725657146735083,0.1,0.5531455945740656,0.503340540217478,0.5016969655964346
2022-09-18,16579999.999999998,23.0,31.2,26.804082517678264,14.549095342540113,2.74,0.8329332387259238,0.7815475634781192,0.6237986822657553
2022-09-19,13260000.0,15.0,26.4,17.380986824528197,8.248777363513794,0.15000000000000002,0.5059088304211795,0.4684126442740177,0.4692923854202512
2022-09-20,13870000.0,12.8,21.4,13.291649538075806,7.916551569845423,0.0,0.47566847104950793,0.43890337096199816,0.41139288079751835
2022-09-21,20250000.0,12.8,21.8,13.37642894652146,6.1297155444398586,0.0,0.508904694772221,0.4550198840065446,0.4318277221519855
2022-09-22,18300000.0,14.4,24.2,16.2034596943316,4.836728671784575,0.0,0.4508505776343794,0.4003250328881722,0.400728277911945
2022-09-23,19920000.0,12.2,26.7,13.317401840766657,9.326266424059863,0.0,0.8732602850578302,0.8181168821783291,0.6558184573650703
2022-09-24,20470000.0,13.4,23.3,12.109245153305082,5.444312780925832,0.0,0.5458981103133635,0.49033994166761996,0.5114567100056129
2022-09-25,14260000.0,15.4,23.5,16.39692268398991,3.4270138175701352,0.0,0.3496028845474608,0.31012773770701474,0.3298499576350341
2022-09-26,5790000.0,15.1,21.7,16.458902519949117,2.4153713107241046,0.010000000000000002,0.17733538528092055,0.16160614846815738,0.19456991203763865
2022-09-27,17750000.0,14.6,25.0,17.497618068909834,5.234801019152985,0.0,0.4378926645735176,0.38845674162277993,0.3868736713925157
2022-09-28,13850000.0,14.1,25.4,16.199086181488042,3.3581742387019147,0.0,0.34787495545397085,0.30933426700005034,0.3514611197323504
2022-09-29,19860000.0,15.2,27.6,16.695406015794223,3.0888019735653973,0.0,0.463660745305278,0.40685768619822743,0.44216000893667695
2022-09-30,19800000.0,15.7,28.6,16.081392112583405,2.481217864424142,0.0,0.46350233192673107,0.40619805789721875,0.4464701035549911
2022-10-01,18390000.0,14.4,29.2,13.761949543625454,3.0888019735653973,0.0,0.5331969382676818,0.48026329183084593,0.505880738850367
2022-10-02,16690000.000000002,19.6,28.5,19.254836024660275,5.540089586307704,0.12,0.5438292619746512,0.4941463980593189,0.524850833921195
2022-10-03,11940000.0,23.4,29.4,25.827830755446747,12.130731006647824,0.6200000000000001,0.6339259953737284,0.5972432853993492,0.5178731862069199
2022-10-04,5730000.0,14.7,24.2,18.328550798638297,9.640534066719134,1.6300000000000001,0.3068846926496114,0.29102265959240553,0.2978885690058801
2022-10-05,8960000.0,14.7,19.0,15.067755857140964,7.335904687217819,0.09000000000000001,0.3031161886593284,0.27948184065862514,0.26148645689542127
2022-10-06,12670000.0,14.7,21.5,15.882603446201491,5.001345056034669,0.08000000000000002,0.32346204138074364,0.2892327287069546,0.2954543319041899
2022-10-07,12190000.0,9.6,19.0,12.679525291580227,6.93783233984941,0.04000000000000001,0.3100766897502787,0.27958449515435096,0.2749302778269752
2022-10-08,15830000.0,12.8,19.9,11.493537499919181,7.560381574831584,0.010000000000000002,0.49201751715052017,0.45067489968889307,0.43398137136518294
2022-10-09,3970000.0,10.2,15.9,13.937253491799122,6.3990878095763755,0.6000000000000001,0.10922526679371891,0.0995712480655039,0.1029171872326968
2022-10-10,16890000.0,8.9,16.1,8.65736363878228,14.704732651285658,0.0,0.6928913515775665,0.6523462803203284,0.44797132586721133
2022-10-11,17180000.0,6.9,16.4,9.448648567399644,7.189246453976826,0.0,0.3775443025866244,0.3371424471316212,0.3197206742621914
2022-10-12,15500000.0,11.8,20.5,12.630237758210827,5.7615734487532855,0.0,0.3802555860269885,0.33993800754157466,0.35400838150385333
2022-10-13,14880000.0,10.1,21.7,12.721906239820528,5.923196807835195,0.0,0.3653715365836794,0.3268635391675014,0.35719576991800644
2022-10-14,14950000.0,11.4,22.0,14.562379487546561,4.9295124519982645,0.0,0.3208817760523039,0.2815637906118741,0.30485986869007664
2022-10-15,15730000.0,11.2,23.1,14.85973289140059,5.327584799366674,0.0,0.34509015719301245,0.3033542432797569,0.33249360508495507
2022-10-16,15090000.0,13.3,23.7,14.93693505635156,5.085149760743808,0.0,0.37225964030343206,0.33119068437955457,0.3687991331299674
2022-10-17,16870000.0,4.7,17.7,5.63598416057571,10.897604637356213,0.0,0.7480585512614523,0.7088270926080227,0.5617175142988033
2022-10-18,17250000.0,3.6,15.2,5.959592706798501,7.150337126790441,0.0,0.4247149598816328,0.38643790948912965,0.39807703580009485
2022-10-19,17060000.0,6.5,16.3,6.513965282223545,6.701383351562912,0.0,0.4435176209544792,0.40364551486412503,0.4266210556614264
2022-10-20,16860000.0,9.4,19.8,8.032982201189292,3.735295409893039,0.0,0.35101431002669714,0.3085631503439889,0.3923626863954275
2022-10-21,10140000.0,12.0,20.5,9.613233382452636,4.411719097902515,0.06,0.3398596352745623,0.31343069270895246,0.38836730979114176
2022-10-22,15810000.0,10.2,21.6,9.995676083945638,7.288016284526883,0.0,0.4835689042587766,0.44265415700408745,0.4853253298064705
2022-10-23,15040000.0,6.0,20.6,8.695240467936374,6.605606546181038,0.0,0.5054491218864603,0.46866402455402867,0.434046152305259
2022-10-24,15260000.0,5.3,16.2,7.088039064597666,7.719011908745308,0.0,0.4172087950857356,0.3821236841989453,0.3917531766813343
2022-10-25,13110000.0,5.3,16.6,7.439851628125683,5.300647572853022,0.0,0.3114743900565088,0.28117855344537046,0.33460652973315286
2022-10-26,13520000.0,9.4,18.9,9.710403161275458,3.1636276027699854,0.0,0.2594301114230283,0.22572279097670633,0.29105047775941373
2022-10-27,15090000.0,7.6,20.7,9.690900273954721,4.486544727107104,0.0,0.34282861690899813,0.30520705880729715,0.3577276773475747
2022-10-28,14530000.0,8.8,21.4,11.702211324254417,6.551732093153736,0.0,0.3695388434509467,0.33255935297685857,0.3644769086820888
2022-10-29,12680000.0,8.5,20.4,11.807792474355399,6.36017848238999,0.0,0.3030595522739715,0.2712371936801003,0.3154916602945415
2022-10-30,9520000.0,7.7,17.7,11.42578344058816,6.039924789394353,0.06999999999999999,0.22193116437715538,0.1989696622892448,0.22894113809334277
2022-10-31,12960000.0,8.6,19.4,9.958548691031806,4.387774896557047,0.0,0.27975717152581125,0.24755347314860798,0.31574812766290916
2022-11-01,14190000.0,6.8,20.3,10.373709195750395,5.552061686980438,0.0,0.3381068083298914,0.30320192335445556,0.33404647675131055
2022-11-02,14600000.0,5.0,20.4,7.102840058551594,5.722664121566899,0.0,0.5091540302990547,0.4739399619709565,0.44595709924326066
2022-11-03,12480000.0,3.6,18.6,6.351104034835655,10.041599439255725,0.0,0.7260841032859128,0.6971345583112679,0.5059125182597144
2022-11-04,14760000.0,0.6,11.6,3.3144674438316315,9.613596840205481,0.0,0.5033627023978525,0.4735910530584538,0.43123549232295516
2022-11-05,14550000.0,1.7,13.7,4.101125234421103,6.605606546181038,0.0,0.3767808774545099,0.3459951767891757,0.3972760432673138
2022-11-06,14030000.0,5.0,15.3,7.066942040825381,3.424020792401952,0.0,0.21931426738583765,0.18755438087828796,0.2606948896164911
2022-11-07,13450000.0,7.1,17.3,6.2369886486061095,4.1513259082705485,0.0,0.2947156136706313,0.2626591642937409,0.3609151615525029
2022-11-08,13600000.0,7.5,18.2,7.983572865844131,2.9421437403244046,0.0,0.22451815189889035,0.19160025987370377,0.280995004920072
2022-11-09,13290000.0,7.5,18.5,8.45780066649308,5.139024213771111,0.0,0.2988869536110329,0.26660661366066435,0.3462041559071065
2022-11-10,12880000.0,8.0,20.3,9.155996035901667,5.423361604748546,0.0,0.3275728646689591,0.2954611570248299,0.3763462424056251
2022-11-11,12190000.0,9.2,21.9,11.997935799136599,4.22914456264332,0.0,0.25899774468851666,0.22767859901569693,0.2985061647242699
2022-11-12,11370000.0,12.9,24.6,16.641598625822496,8.68575903806859,0.5700000000000001,0.34108243352090384,0.30999694757281326,0.34857202821305544
2022-11-13,7760000.0,8.5,16.6,10.486562680117279,7.237134856667764,0.12,0.24949597039088428,0.23084568377115328,0.25434066721018395
2022-11-14,3710000.0,2.1,13.6,8.552081401442496,4.845707747289127,0.0,0.11386803739478121,0.1059841475647898,0.15075262058908084
2022-11-15,12200000.0,3.9,14.5,7.437647113273996,7.698060732568026,0.0,0.2882707477014211,0.2613460173260507,0.2892614839253389
2022-11-16,12230000.0,5.1,14.8,6.4417794932125565,6.237464450494466,0.0,0.3042448535140858,0.27670502194529206,0.3331342849370145
2022-11-17,11670000.0,4.5,15.3,6.467061089958984,3.361167263870098,0.0,0.19543796350822523,0.16919389763987372,0.2564501977928147
2022-11-18,12450000.0,5.0,18.8,7.06483539186874,4.513481953620755,0.0,0.31503861238961833,0.2855803312746751,0.3473334607105346
2022-11-19,11630000.0,8.8,19.0,10.564399692518643,5.354522025880326,0.0,0.2496494288068011,0.22081504202326033,0.290568498738642
2022-11-20,8430000.0,8.0,17.9,11.06094398383799,3.54972784946566,0.0,0.15459777543902514,0.1341458074798925,0.19553213533570726
2022-11-21,9540000.0,9.6,19.0,9.050622006970249,3.6814209568657352,0.0,0.2252930079913576,0.2014295513510663,0.2933926023430805
2022-11-22,4090000.0,10.3,16.2,12.331149863837089,3.343209112860997,0.22999999999999998,0.10949474139648954,0.09950283779327111,0.1383500839177797
2022-11-23,8100000.0,4.6,17.6,8.507307198294049,7.509500146972464,0.0,0.31391990828019,0.29513054014760803,0.31924770985661566
2022-11-24,7840000.0,6.2,15.4,5.8356963501240084,2.8164366832606964,0.0,0.18437231837260026,0.16632390229718388,0.2556762338187367
2022-11-25,11080000.0,5.9,18.1,8.092154473177773,6.1297155444398586,0.0,0.2896125025983515,0.263331982859444,0.3415413839610649
2022-11-26,11560000.0,0.3,15.6,4.4873222140198195,8.733647440759524,0.0,0.6066941467949418,0.5820580470793404,0.4398955041910365
2022-11-27,11530000.0,4.5,16.2,4.125922751466637,2.9421437403244046,0.0,0.1999420655100665,0.17370481996579984,0.30246293314552425
2022-11-28,5720000.0,9.1,20.6,14.754655580504089,4.7978193445981905,2.34,0.1167120134955492,0.10223188671597301,0.15864579141060575
2022-11-29,4420000.0,-5.8,16.4,4.310056924177936,15.16565852718592,0.06999999999999999,0.8834265072261956,0.8747317505568898,0.5020801423272121
2022-11-30,8870000.0,-5.5,-0.5,1.6957827095652172,12.139710082152376,0.0,0.3859397508936181,0.3731193196001964,0.2454459962043956
2022-12-01,9940000.0,-6.0,1.3,2.28871117760883,7.53344434831793,0.0,0.2240635166418902,0.20929655768749517,0.1989272492405878
2022-12-02,11480000.0,-3.6,4.0,3.1254852084357623,4.59429363316171,0.0,0.15129391664863473,0.13240492496325204,0.17649086483854146
2022-12-03,9900000.0,-2.9,11.0,4.614355513119326,7.291009309695066,0.0,0.2936263083862822,0.27492864574584946,0.26364720370969874
2022-12-04,8830000.0,-3.5,3.1,1.8321684556573585,8.889284749505068,0.0,0.3483195728647766,0.3340134678426771,0.286945241699425
2022-12-05,8220000.000000001,-4.8,3.6,2.1632089857467407,6.78518805627205,0.0,0.24707761376671353,0.23396669753748017,0.24008351506040868
2022-12-06,8690000.0,-1.9,7.8,4.549732455935999,6.922867214008493,0.0,0.1968822607009098,0.18107309140368633,0.2059607503378142
2022-12-07,9420000.0,-1.9,9.6,5.045984613922054,9.511833984487241,0.0,0.2520589579554384,0.23438656025043728,0.23734864384203647
2022-12-08,10740000.0,-0.3,10.2,4.114160034083308,4.393760946893415,0.0,0.18129833205583676,0.160406690147332,0.23858886340957267
2022-12-09,9010000.0,-1.2,11.2,5.31654229494858,4.7050355643845005,0.0,0.16174957331631187,0.14419491657416755,0.20661088721691606
2022-12-10,8920000.0,-2.6,10.3,4.400668420137354,4.49253077744347,0.0,0.17657201793362984,0.15983764558452046,0.21505811568917524
2022-12-11,8010000.0,-2.1,8.9,3.9324656862384257,5.41737555441218,0.0,0.19518986693945692,0.18039009016909338,0.23352040967707893
2022-12-12,5620000.0,-0.9,8.9,6.288114284736147,4.666126237198115,0.30000000000000004,0.0969576709876382,0.08636114288050718,0.1264165166474828
2022-12-13,9220000.0,-8.1,8.4,3.25567421838685,16.195259185041053,0.0,0.6816534085646709,0.6665120577912187,0.30224814029093106
2022-12-14,11130000.0,-7.5,-2.6,2.2312272689921,9.140698863632483,0.0,0.19274208118089906,0.17804639193249375,0.14723365045851147
2022-12-15,10290000.0,-5.7,7.8,3.000928935879297,7.763907286268061,0.020000000000000004,0.310334565045767,0.29285118210762906,0.26703615918797297
2022-12-16,7460000.0,-5.9,0.9,1.5275056470294002,6.10577134309439,0.0,0.22387134456953076,0.2128581344923417,0.22123912366874476
2022-12-17,7770000.0,-8.8,2.1,1.9816583084095944,7.626228128531621,0.0,0.22145751422503673,0.2103945047876879,0.20706796410848152
2022-12-18,10890000.0,-7.7,-3.0,1.7481124175123295,9.793178350296492,0.0,0.24195315350376118,0.22777044977087074,0.17573196538598354
2022-12-19,10850000.0,-6.4,1.1,2.6835154484850956,5.830413027621506,0.0,0.14563324112993756,0.12971622089143164,0.1536350931233459
2022-12-20,10770000.0,-2.6,3.6,3.4038741980467777,4.920533376493715,0.13,0.144944507872087,0.12701983221376098,0.16757202620267184
2022-12-21,4019999.9999999995,-5.0,5.3,5.480929707227271,7.126392925444971,0.35000000000000003,0.06337921804465652,0.056777457729116534,0.07876296161095153
2022-12-22,10800000.0,-9.5,-1.5,2.037575130102547,16.32096624210476,0.0,0.3370757949501372,0.3231072102113575,0.17889405336691372
2022-12-23,10160000.0,-10.8,-3.3,1.8144442027166523,16.90759917506873,0.0,0.32017949871619633,0.30796751054395555,0.16036535620193582
2022-12-24,10650000.0,-8.7,1.0,2.262490413020275,7.069525447249485,0.0,0.17503466964738498,0.1601975510595955,0.17040642926939412
2022-12-25,11010000.0,-5.0,2.5,3.127531265545012,8.832417271309582,0.0,0.21180520924322016,0.19469327332383743,0.18081373398889922
2022-12-26,9230000.0,-5.0,3.5,2.648002347837456,6.393101759240009,0.0,0.19891080194205618,0.184275928648286,0.20404997352644863
2022-12-27,10940000.0,-3.6,5.1,3.0316471160704888,6.8570206603084545,0.0,0.21907709241877443,0.20069674101083126,0.22361836991047318
2022-12-28,8250000.0,-4.6,3.5,3.2450846406612928,11.681777231420297,0.0,0.2899268379620435,0.27674213871165815,0.20860396400065379
2022-12-29,10800000.0,-4.3,2.9,3.107124146022672,6.1746109219626115,0.0,0.16862297879605034,0.15146482822504334,0.17440186197553592
2022-12-30,7430000.0,-4.4,4.2,3.4371151444186667,7.195232504313194,0.0,0.18962635338385342,0.17754168348804403,0.18404567059673999
2022-12-31,8070000.0,-3.6,4.3,3.784508314012618,8.880305674000518,0.0,0.21375204138389794,0.20039742890514475,0.18437261263025084
2023-01-01,10430000.0,-4.8,6.3,2.520210764077061,11.137046650810897,0.0,0.38927989054689804,0.3717563928151935,0.30639423106035735
2023-01-02,11110000.0,-5.5,2.5,1.9351086086855767,10.02962733858299,0.0,0.3360276174201436,0.3189340454830145,0.26091396871603845
2023-01-03,11440000.0,-4.5,3.0,2.26095637947981,10.10445296778758,0.0,0.3320964347627265,0.3139574368774902,0.25784923847145863
2023-01-04,10870000.0,-3.6,5.8,3.351282216119749,7.428688467431508,0.0,0.22912998175059748,0.2106267797949802,0.22515590490885376
2023-01-05,10140000.0,-2.5,7.0,4.273467905737504,6.8181113331220695,0.0,0.19133375653524787,0.17333554322335287,0.19979655129996624
2023-01-06,11120000.0,-1.8,7.7,4.375790268767577,5.908231681994278,0.020000000000000004,0.18112120372670049,0.16089128858456878,0.20324567779063812
2023-01-07,8940000.0,-4.0,6.5,4.450801126984271,10.239139100355839,0.0,0.22044651925057845,0.20514382038709128,0.18853932921292005
2023-01-08,11190000.0,-0.2,8.4,3.8714411085843468,4.226151537475136,0.0,0.17448536197453013,0.1533161009107197,0.2206497758421302
2023-01-09,7570000.0,-2.7,10.3,5.007014336141731,5.638859416857761,0.0,0.18977928993015442,0.1756014470843183,0.20897382943886086
2023-01-10,11340000.0,-1.8,9.5,5.126317730545171,3.54972784946566,0.0,0.1199413489134969,0.09866693384187128,0.1649774149585444
2023-01-11,11490000.0,1.7,11.1,3.7362987663524687,3.9388211213295183,0.0,0.20344818723795285,0.18005815202343825,0.27048165764996335
2023-01-12,11630000.0,3.4,14.6,6.889844690261059,4.1483328831023645,1.05,0.17909346305615415,0.15356679496375458,0.2373962579160125
2023-01-13,4400000.0,9.7,17.0,14.029492709327661,4.42369119857525,1.6500000000000001,0.0814977338452723,0.07072378702768836,0.10110625932783476
2023-01-14,1980000.0,4.7,10.1,9.190474646654613,7.754928210763513,0.19,0.08441742939421225,0.08026448425332297,0.08983845082660176
2023-01-15,1990000.0,-3.9,5.6,5.108895847452513,10.044592464423909,0.41,0.13935342901536973,0.13599744531702457,0.12632465448206295
2023-01-16,12210000.0,-5.5,2.1,2.721259536842898,8.26972853969108,0.0,0.23311735498495287,0.21448390307184603,0.19623990672015496
2023-01-17,11340000.0,-4.0,3.1,3.043612841329714,6.761243854926581,0.0,0.20683179469548496,0.18863750733795873,0.1939747636381708
2023-01-18,7860000.0,-4.6,4.8,3.5408586769196844,5.923196807835195,0.0,0.1715990114319058,0.15871587496727493,0.17845701379476014
2023-01-19,12210000.0,-2.3,6.2,3.6720805908965684,5.650831517530495,0.0,0.20015038467267185,0.17870972014951314,0.21158846038158097
2023-01-20,12480000.0,-7.0,3.9,2.2871613225505256,11.256767657538237,0.0,0.35565646100881004,0.3364940435624997,0.260815298114187
2023-01-21,12960000.0,-5.5,2.4,1.8726137122678355,4.405733047566148,0.0,0.18228255716341019,0.1623831236614725,0.2041112293739713
2023-01-22,6600000.0,-4.2,5.1,2.934514125590021,1.8556756042737854,0.0,0.09897143818177705,0.0880077914273247,0.13358358456084693
2023-01-23,12290000.0,-11.3,7.6,3.4661567837752383,10.909576738028948,0.0,0.34330828735531493,0.3246677635115842,0.22628131567772333
2023-01-24,13380000.0,-14.4,-8.6,0.9059799184637158,17.326622698614425,0.0,0.3401946112942953,0.32741015113098204,0.14807934718566432
2023-01-25,13590000.0,-13.6,-3.4,0.7148179346879974,6.0369317642261695,0.0,0.19501272960378122,0.1798077260943119,0.1808074430702879
2023-01-26,8900000.0,-6.7,4.2,3.0246864328787035,5.1180730375938275,0.09000000000000001,0.16155567913512886,0.14772314237922457,0.1753807578785818
2023-01-27,13670000.0,-9.3,-1.1,1.5065545232880586,14.043274089117098,0.0,0.40196278579558087,0.38403658006765695,0.22673072451566506
2023-01-28,13260000.0,-7.9,0.9,2.309725942013991,9.903920281519282,0.0,0.2711052082511913,0.2523476640812754,0.19699274344229958
2023-01-29,10850000.0,-3.7,4.9,3.226100479766454,9.308308273050763,0.0,0.3016567891786331,0.2835304534809774,0.23934623818316977
2023-01-30,13880000.0,-5.3,3.9,2.567904022723807,7.198225529481377,0.0,0.26093697364848684,0.23888557272945193,0.23266221879457163
2023-01-31,13540000.0,-1.4,9.5,3.488644547307084,6.497857640126432,0.0,0.3012747350577808,0.27570237625460314,0.3055488751047134
2023-02-01,13170000.0,-4.1,11.0,3.586824961888271,9.547750286505442,0.0,0.5389350773333692,0.5145597935990096,0.3495961113829985
2023-02-02,11660000.0,-2.7,5.3,2.501690857414007,4.351858594538845,0.0,0.2153709062367398,0.19537548321440146,0.23511554150341332
2023-02-03,11290000.0,-4.4,7.3,2.3987445688641618,5.911224707162461,0.0,0.277533983283068,0.2580659521374328,0.2869954683031876
2023-02-04,14390000.0,-4.4,5.8,3.01575785508431,7.671123506054374,0.0,0.2904420864742787,0.2663108271845431,0.2540031448947768
2023-02-05,14740000.0,-2.7,8.6,3.022700276795787,4.9325054771664485,0.0,0.25466774180552953,0.22785218882036568,0.2772831169235115
2023-02-06,13480000.0,0.9,11.6,3.267358197084412,1.9544454348238416,0.0,0.17307968328134266,0.1457641665572884,0.22540065446918617
2023-02-07,12600000.0,-2.6,12.3,5.591291754424766,4.621230859675362,0.0,0.2403663155834531,0.21593559285866962,0.22716583950441485
2023-02-08,14890000.0,-3.7,9.8,3.8173610001879745,6.243450500830832,0.0,0.3179650908947819,0.29078255586512036,0.27920343057125385
2023-02-09,10120000.0,1.5,10.2,5.950537170112184,7.572353675504317,1.3,0.26353467242972894,0.24327965193963347,0.23746219917807093
2023-02-10,7510000.0,-2.5,9.0,6.250208031483561,5.656817567866861,0.04000000000000001,0.12668671431035516,0.11288190039048493,0.13650394044935021
2023-02-11,10500000.0,-0.4,10.4,6.295719875429552,3.07383684772448,0.0,0.14011547162155463,0.11965776953581486,0.15936205330317804
2023-02-12,10130000.0,2.7,11.7,6.5198493935640345,6.291338903521768,0.13,0.2505403548906851,0.22941786079946977,0.24411245965410858
2023-02-13,4910000.0,2.1,9.0,6.918741160228092,7.147344101622258,0.04000000000000001,0.16991463660339134,0.1601792493721028,0.15701925075649972
2023-02-14,12230000.0,0.8,8.7,5.089949962434247,9.071859284764264,0.03,0.33086793876124243,0.3072313741214844,0.261247622901583
2023-02-15,4840000.0,-0.1,4.1,5.5096058584306755,8.078174928927332,0.010000000000000002,0.15139377537124193,0.14287946249712263,0.1197953788991547
2023-02-16,4930000.0,-1.2,7.4,5.339520797089885,5.471250007439483,0.010000000000000002,0.15538648161869212,0.1463709136398535,0.15953003824399486
2023-02-17,12240000.0,2.5,11.5,4.952903728308125,2.5979458459832996,0.05,0.2012200472182545,0.17584881120537982,0.2310942104263904
2023-02-18,4019999.9999999995,4.5,10.6,8.715501130106432,4.624223884843546,0.2,0.11047252055009094,0.10200375249725809,0.11763754158560542
2023-02-19,10600000.0,-3.2,9.4,4.062240296808971,12.22052176169333,0.0,0.4625275040900886,0.44314311857777844,0.31297893129466003
2023-02-20,16370000.000000002,-6.8,7.4,2.3395933133072555,10.649183548396982,0.0,0.5772222510220183,0.5501840623806897,0.341022701590828
2023-02-21,17400000.0,-4.6,5.8,3.0797622406281575,4.9594427036801,0.0,0.25053694567843576,0.2214679833614579,0.23456303638968548
2023-02-22,16550000.0,-0.8,9.6,4.415933376718325,4.914547326157347,0.06,0.27487209426703724,0.24325033181627037,0.2659772545583909
2023-02-23,16950000.0,1.3,11.3,4.046778107506295,6.638529823031058,0.0,0.397103306266525,0.36270363450623727,0.36489880159443755
2023-02-24,16230000.0,-4.2,11.9,3.6450272140327944,8.1021191302728,0.0,0.5740247712864642,0.543576468234217,0.36817855056861426
2023-02-25,17040000.0,-4.8,8.1,2.6799451751059142,7.689081657063474,0.0,0.42177085401286235,0.3921721640967181,0.32857733333661227
2023-02-26,18100000.0,-0.7,10.8,2.8931939512694465,4.22016548713877,0.0,0.3229950855158232,0.2876731859109533,0.33960499627849317
2023-02-27,18300000.0,-1.1,14.7,3.802728697303205,5.231807993984802,0.0,0.5127809991973712,0.47507457380736245,0.4040020712339949
2023-02-28,18220000.0,2.4,16.7,4.816132740815477,6.222499324653548,0.0,0.5588483422864907,0.5182551207343639,0.4635226447627395
2023-03-01,5890000.0,-2.3,11.7,4.706193876435819,10.290020528214958,0.03,0.4678753046307861,0.45651036195859385,0.3236570020312393
2023-03-02,19050000.0,-3.3,7.8,2.1092656782781622,8.374484420577502,0.0,0.47845551624737065,0.44464230484780465,0.38194769573797205
2023-03-03,18770000.0,0.3,14.0,3.844316683754142,7.775879386940797,0.0,0.5969484115099031,0.5578680974938062,0.45655496918158117
2023-03-04,15770000.0,0.9,16.3,6.152595524627715,4.7978193445981905,0.0,0.4118151187938218,0.3775830129212126,0.3474506137669415
2023-03-05,17710000.0,2.6,16.4,6.314769440609658,3.504832471942907,0.0,0.3479162094536778,0.30851227000754394,0.3315393168282408
2023-03-06,18680000.0,4.3,18.6,4.654974654892935,5.01032413153922,0.19,0.5605620074232369,0.5168493831640523,0.5019468167473953
2023-03-07,18290000.0,7.2,23.3,6.093198469078816,8.009335350059112,0.0,0.9969252955959631,0.9502283679768683,0.7133759888331984
2023-03-08,18330000.0,9.0,21.8,7.613591350740121,7.907572494340871,0.020000000000000004,0.6925627238441938,0.6456157774775597,0.6172629764565295
2023-03-09,17130000.0,5.1,23.5,8.23091750111348,8.56005198100488,0.0,0.8395566373356477,0.7967074746261937,0.6139616658948006
2023-03-10,19300000.0,8.6,24.5,8.652324403749217,4.555384305975324,0.0,0.6356400853610452,0.585032774965683,0.544676380335268
2023-03-11,16950000.0,9.2,25.0,8.876513989385627,4.923526401661898,0.0,0.6552288287541714,0.6102995968519875,0.5630107622829047
2023-03-12,8950000.0,-2.1,18.6,5.246511762131188,14.773572230153878,0.6200000000000001,1.0411969785184674,1.0219594281598279,0.5738457359442277
2023-03-13,20570000.0,1.5,10.0,2.5075703746311606,6.851034609972087,0.0,0.5161738600461229,0.4751315713745917,0.4411667632989163
2023-03-14,17430000.0,5.4,17.7,5.349395605232707,6.533773942144634,0.0,0.5465918019857977,0.5057030625808859,0.5151441236370721
2023-03-15,18260000.0,2.8,21.6,7.431037028535613,11.508181771665651,0.0,0.9803889837229132,0.9368684807026888,0.6102271421468132
2023-03-16,19060000.0,4.4,14.6,2.1049448802931225,6.135701594776225,0.0,0.5771422727500884,0.5347346450909517,0.5636963652784834
2023-03-17,11630000.0,6.5,13.9,6.787511378864888,6.94681141535396,0.010000000000000002,0.40547643602081945,0.3791149639702446,0.35985592498071595
2023-03-18,16780000.0,1.7,17.7,4.348294159588027,5.845378153462424,0.0,0.6682304303150077,0.630694935930039,0.5028866474444302
2023-03-19,21540000.0,5.2,18.3,3.9299582828450172,4.5194680039571224,0.0,0.5539027069127791,0.5031228853637378,0.5323149309944188
2023-03-20,20880000.0,7.2,20.0,5.851726450905858,4.3847818713888636,0.0,0.5303165847996282,0.47889717667580634,0.5187684099976387
2023-03-21,20310000.0,10.2,23.3,8.524694762141744,5.246773119825719,0.0,0.6163010253134308,0.5628335774165395,0.5796062220803145
2023-03-22,9910000.0,13.7,22.5,15.41595742657624,6.56370419382647,3.25,0.35372500919057903,0.32695212137706287,0.3348278410911699
2023-03-23,4059999.9999999995,11.0,16.5,15.681723400339651,5.318605723862124,1.09,0.07615274936708405,0.06612058676944128,0.06444096670935626
2023-03-24,11080000.0,6.0,15.7,8.94631844740519,10.906583712860762,0.06999999999999999,0.4329908539914017,0.4074511210760111,0.3279855796706336
2023-03-25,15280000.0,7.7,15.2,8.794404931101832,7.671123506054374,0.03,0.43073886126609845,0.3949824962403843,0.34277317276677516
2023-03-26,17470000.0,1.2,17.3,5.210998946940062,7.41372334159059,0.04000000000000001,0.7257611912567847,0.6871533339811347,0.49316042593071563
2023-03-27,22870000.0,3.5,15.0,3.8344951410935937,5.767559499089652,0.0,0.549706221253492,0.49916462446504795,0.5030214674277549
2023-03-28,21660000.0,6.0,20.0,5.618757509313569,5.1150800124256435,0.0,0.6419637672120994,0.5893533711756072,0.555389218507495
2023-03-29,21730000.0,7.8,20.0,6.813988016710393,3.5557138998020275,0.0,0.4802821492597912,0.42640672150344205,0.4761022421379665
2023-03-30,20160000.0,9.5,22.9,5.841035396063407,4.283019015670623,0.0,0.6236699855231962,0.5711779638845236,0.606177773613702
2023-03-31,22810000.0,6.2,24.5,7.373966531593868,4.866658923466411,0.0,0.7468650210906607,0.6885051388189407,0.6191937501825187
2023-04-01,22020000.0,6.3,22.9,9.294598084435073,8.45828912528664,0.0,0.8720358991125916,0.8165925695625778,0.5909409921280636
2023-04-02,22610000.0,6.3,20.0,8.030623272089384,9.873990029837447,0.0,0.8205254393404777,0.7654162544489529,0.5676604323203879
2023-04-03,22260000.0,8.1,19.8,9.27047776722381,11.654840004906644,0.0,0.7515799905641909,0.6963288102928094,0.5439889542716617
2023-04-04,14350000.0,13.2,22.5,12.262493754097038,8.027293501068213,0.7200000000000001,0.573817290107162,0.5352301725006088,0.5113205464219799
2023-04-05,4200000.0,9.3,16.7,14.81519720093992,9.422043229441735,1.4100000000000001,0.0857731089285551,0.0755716470932242,0.07054652145612998
2023-04-06,12940000.0,6.4,19.3,10.492532164354024,9.6106038150373,0.7200000000000001,0.48031255374343224,0.4489921476547621,0.3742297312423461
2023-04-07,23100000.0,2.0,18.2,5.615317774789532,12.232493862366065,0.0,1.1473770832789953,1.095153892400562,0.6017000765767933
2023-04-08,23920000.0,2.6,15.4,4.491553227928695,10.64020447289243,0.0,0.8369700805650229,0.784468111453226,0.5642473960364041
2023-04-09,24270000.0,3.6,19.4,4.9130431674340045,5.974078235694315,0.0,0.8154029410405907,0.7585387962327619,0.5923258052122289
2023-04-10,23590000.0,10.2,21.0,8.65484369785566,8.688752063236771,0.0,0.7695038357945345,0.7088321684466463,0.6288055069576927
2023-04-11,15390000.0,6.4,23.0,10.4418867786201,14.324618454926348,0.05,1.0512602785740648,1.0124263430045062,0.5858479792660108
2023-04-12,25210000.0,5.4,18.6,3.160430428981246,8.524135678986678,0.0,0.9678535699080968,0.9080582718378929,0.7396350099612491
2023-04-13,22340000.0,8.8,24.4,5.438998820397744,5.360508076216692,0.0,0.906649254593926,0.8480122950046702,0.732291648828818
2023-04-14,10190000.0,10.7,20.6,10.291239665132327,4.905568250652797,0.19,0.386695745536788,0.3604606305454955,0.3979564694678701
2023-04-15,5900000.0,6.3,16.1,11.920889661625107,4.22914456264332,0.18000000000000002,0.1407590394324768,0.1270384937267723,0.1414575776055179
2023-04-16,17690000.0,6.9,18.9,8.420837689439045,5.127052113098378,0.03,0.46395978260691695,0.42109222972607097,0.4286156434928355
2023-04-17,23330000.0,10.1,21.2,7.8231106234552135,5.177933540957497,0.51,0.6304206889708001,0.5703554060712068,0.5840070265538754
2023-04-18,7720000.0,15.0,21.5,17.596117962421264,6.213520249148997,0.17,0.26358054508035467,0.24266608424753916,0.23381455571738163
2023-04-19,20340000.0,13.9,26.2,16.10313053907688,5.983057311198866,0.06,0.5950444355887899,0.5381518693702645,0.5148438657330958
2023-04-20,19430000.0,14.3,28.6,16.87586759332345,5.869322354807891,0.0,0.6844540770157063,0.6288364120411415,0.5708463586507427
2023-04-21,21580000.0,8.8,19.8,6.822153010215973,11.963121597229547,0.0,0.9486599266091386,0.8946794869553141,0.699590696612439
2023-04-22,24790000.0,7.2,18.5,7.0186292231560845,9.571694487850912,0.0,0.7898192962209711,0.7298167562721198,0.5961145523161594
2023-04-23,12650000.0,10.9,17.4,7.245893599239582,8.856361472655049,0.0,0.6565298143289088,0.6249915300355676,0.5508359574146339
2023-04-24,10720000.0,8.0,16.5,7.41123788237645,8.524135678986678,0.08000000000000002,0.5314757323862084,0.5058951818749604,0.45098827524741864
2023-04-25,4580000.0,5.9,10.7,10.573413534697023,5.516145384962236,0.7400000000000001,0.08950383058645574,0.0796454257667007,0.07158613753829794
2023-04-26,23420000.0,4.4,18.3,7.679094351328477,8.138035432291003,0.020000000000000004,0.709031657768452,0.6543632973460713,0.49166204651355744
2023-04-27,25630000.0,9.3,22.6,10.02718673985749,5.046240433557422,0.0,0.6741557186445533,0.607759781058701,0.5574135495752243
2023-04-28,24850000.0,15.8,24.0,12.605657212263296,8.68575903806859,0.15000000000000002,0.867107957192825,0.7977785751660997,0.6928949933716079
2023-04-29,8010000.0,8.1,20.9,13.050985219516859,11.274725808547338,0.39,0.3955178060379243,0.375393560240369,0.32109705404826544
2023-04-30,26100000.0,8.9,22.3,7.834641916728018,9.829094652314694,0.0,1.033638498988918,0.9665113045090585,0.7348984105607068
2023-05-01,25880000.0,6.9,21.3,7.158054443312653,7.584325776177051,0.0,0.9118312088301105,0.8473800710867815,0.6554120226242544
2023-05-02,23990000.0,12.8,25.4,8.46273985929312,3.0319344953699106,0.0,0.625200601781245,0.5591993304135267,0.6064300291391895
2023-05-03,19700000.0,13.7,24.7,12.539150453287544,6.925860239176677,0.0,0.6815352111314874,0.6272403226106176,0.6074458788925194
2023-05-04,14880000.0,16.5,23.9,16.12489474131194,8.991047605223308,0.19,0.6084276540970655,0.566700997532378,0.4950346011884905
2023-05-05,5540000.0,12.7,20.9,19.968329991357365,9.894941206014732,4.2,0.11551985544063832,0.10092103345939125,0.05692725868951617
2023-05-06,4750000.0,11.0,14.5,12.49034306378964,10.200229773169452,1.1500000000000001,0.22963384165026696,0.21816372160953096,0.1718673017461157
2023-05-07,5790000.0,4.5,13.5,10.308862940973693,6.4918715897900645,0.5900000000000001,0.15054488822091538,0.13783642663407158,0.13231673758659052
2023-05-08,26200000.0,9.3,20.5,8.974895749810297,4.513481953620755,0.0,0.6161025231455979,0.549706289502725,0.531395893461594
2023-05-09,26150000.0,11.0,24.7,10.133820173171035,6.336234281044521,0.0,0.855540116598848,0.7852228256294148,0.6850870505266992
2023-05-10,25260000.0,11.2,25.7,11.620304794229165,5.884287480648809,0.0,0.8293737253388758,0.7606889396643777,0.6514848964745841
2023-05-11,23590000.0,11.0,22.9,12.245382336819246,7.970426022872726,0.010000000000000002,0.6999980446989651,0.6376510024454202,0.5544981589463108
2023-05-12,19620000.0,14.7,24.7,12.817718955958933,3.96575834784317,0.010000000000000002,0.5642253877286164,0.5096755762835229,0.5284069777962371
2023-05-13,21780000.0,12.3,21.9,14.332983943837812,4.082486329402328,0.21000000000000002,0.5048641632390309,0.4471320882638353,0.40988606265529137
2023-05-14,25930000.0,13.9,26.1,12.714834112834176,3.9897025491886384,0.0,0.6844257128482832,0.6119593071917155,0.6148211593883057
2023-05-15,26800000.0,14.8,28.5,13.883693645667995,5.354522025880326,0.0,0.8670597386607964,0.7901012206580271,0.7242988509325604
2023-05-16,26680000.0,15.4,35.0,15.08828719526594,6.752264779422032,0.0,1.247887385493653,1.1671952395569682,1.0094584470158412
2023-05-17,25520000.0,18.5,31.9,16.037992482987576,7.850705016145385,0.12,1.1083645771461756,1.0311807853806514,0.9282729257992652
2023-05-18,6020000.0,14.8,20.4,17.080929536503028,8.401421647091153,1.04,0.26207555240934755,0.24596416346534672,0.2196599835169339
2023-05-19,14380000.0,11.0,23.1,15.336585552618484,7.979405098377277,0.010000000000000002,0.44501060751083604,0.4069307490346522,0.3676270892960819
2023-05-20,26630000.0,15.2,27.7,16.24725182717425,4.1034375055796115,0.0,0.7111271546240862,0.6348997527572482,0.6049283950278342
2023-05-21,23760000.0,14.7,29.8,14.180525274203303,8.979075504550574,0.0,1.1793598795629898,1.1104884772355565,0.853494307792109
2023-05-22,11060000.0,11.5,21.5,12.331149863837089,3.849030366284013,0.010000000000000002,0.35128048251523875,0.3223085282618604,0.3494918915990044
2023-05-23,25790000.0,11.3,25.6,11.06094398383799,3.115739200079049,0.0,0.6748496646868263,0.6047237493049853,0.5773552937517559
2023-05-24,20390000.0,15.7,26.2,12.389773068959578,3.8460373411158293,0.0,0.6149888808098292,0.5570931612802166,0.592265679472778
2023-05-25,22850000.0,14.6,28.5,10.843922874871577,5.0731776600710745,0.0,0.8613268691073064,0.7958151925885931,0.7627482171014274
2023-05-26,14220000.0,18.0,27.1,17.624349919078945,4.648168086189014,0.05,0.507208659998364,0.4658005252501313,0.4860367849050021
2023-05-27,12890000.0,20.0,28.6,19.62943081629949,7.015650994222182,0.67,0.5983094211841882,0.5598029558252566,0.5658528731528634
2023-05-28,6850000.0,20.7,23.9,24.66077853579152,7.228155781163212,2.8800000000000003,0.23579507855453188,0.21592419222867165,0.1824389968027115
2023-05-29,5550000.0,17.5,22.8,22.19769230186744,6.599620495844672,1.6300000000000001,0.17365376991044196,0.15810357694530713,0.14183849183757752
2023-05-30,18520000.0,15.2,24.2,17.506978138778564,10.146355320142149,0.020000000000000004,0.6285461392383638,0.5770546760394276,0.45229791956485066
2023-05-31,26370000.0,13.4,24.8,14.498778216391004,7.027623094894916,0.0,0.7511511324894461,0.6786020067717832,0.5912418393922764
2023-06-01,14390000.0,18.0,24.3,19.05728810921752,3.8400512907794626,0.8400000000000001,0.41720580663042045,0.37621334965015496,0.3610139153725614
2023-06-02,26940000.0,16.8,29.2,17.64319327619326,7.0455812459040175,0.0,0.8814943342072562,0.8025132947412397,0.7214484338365268
2023-06-03,25920000.0,15.5,28.3,13.581091754662738,7.701053757736209,0.010000000000000002,0.976507993658933,0.9017828748296324,0.8099910693278968
2023-06-04,26490000.0,18.2,29.0,12.77150802249351,7.314953511040534,0.0,1.0023597962854927,0.9240110016479166,0.9076716980307914
2023-06-05,14700000.0,17.5,27.9,14.896258560403687,7.308967460704167,0.0,0.7062482900501119,0.6633450672074643,0.6813072310310361
2023-06-06,25790000.0,16.5,29.2,16.36600961160946,5.468256982271299,0.0,0.820815714187541,0.745375374021006,0.703893995392398
2023-06-07,20740000.0,18.8,30.7,17.09467768554015,5.339556900039408,0.0,0.7466610465475558,0.6843162925233043,0.7156387457947051
2023-06-08,22110000.0,18.0,29.0,17.558537027376683,7.40474426608604,0.0,0.8127702695559791,0.7474709082837874,0.7063272863944506
2023-06-09,25960000.0,18.2,31.4,16.731362320785717,5.926189833003379,0.0,0.9468805101642659,0.868790851474669,0.8171507522871112
2023-06-10,21950000.0,18.0,31.3,20.195330606347547,5.570019837989539,0.39,0.7733489150120304,0.7074575868329125,0.6604628741969522
2023-06-11,19670000.0,18.9,30.6,21.68995109449284,4.0585421280568585,2.1,0.603890101365982,0.544761783542596,0.5436975078254036
2023-06-12,21390000.0,19.7,28.1,21.814505117176576,4.773875143252721,0.25,0.6319888630835614,0.56845076034241,0.5177294687952589
2023-06-13,21580000.0,17.5,29.4,19.90538111237382,4.01663977570229,0.06,0.622902248608685,0.5592145654229043,0.5495663198611467
2023-06-14,19510000.0,16.0,29.7,18.707164913646604,3.3462021380291804,2.6300000000000003,0.5886646113187428,0.5315943888817868,0.5179228684863892
2023-06-15,22280000.0,17.1,26.7,19.70199574212382,3.7622326364066905,0.24,0.5830150309777731,0.5187837174161675,0.47780899305334523
2023-06-16,26230000.0,18.9,33.2,18.627932709368228,5.800482775939671,0.0,1.0166670594190443,0.9364423903709952,0.8422058657207943
2023-06-17,25730000.0,22.2,35.9,17.558537027376683,5.399417403403079,0.0,1.0886710350598183,1.0070787923417692,0.9877573702960148
2023-06-18,25640000.0,19.2,35.1,18.97675786335349,7.416716366758774,0.0,1.2872363342510666,1.2077225756924626,0.9795761644999784
2023-06-19,25840000.0,18.7,32.1,19.24974837377551,12.331263692916123,0.0,1.3039062091396008,1.225545224521963,0.9432117117442049
2023-06-20,21020000.0,19.9,31.3,18.881515528010294,10.652176573565164,1.17,1.0197321817458498,0.9558188828080368,0.8737341977307368
2023-06-21,10920000.0,20.0,26.6,24.005106327681236,6.411059910249109,0.73,0.3813593933340177,0.34920252793085094,0.3171304430131413
2023-06-22,24610000.0,18.4,28.9,20.521229974519652,8.063209803086416,0.12,0.8185884689650003,0.7457474574801658,0.6415679452839106
2023-06-23,18370000.0,18.5,30.1,21.081977235085862,3.7622326364066905,0.04000000000000001,0.560775534310176,0.5058985933758414,0.5124708852520863
2023-06-24,25720000.0,19.4,31.4,21.1536955462401,5.186912616462049,0.0,0.8022827343561394,0.7242856552398219,0.693664750733407
2023-06-25,19100000.0,21.4,32.1,22.440890437758622,6.449969237435495,3.14,0.7494369794591268,0.6904975050763642,0.6868838089181744
2023-06-26,8140000.000000001,23.0,26.8,28.579451216720166,9.248447769687091,2.31,0.3105532523021463,0.28603404004565475,0.22834658463931073
2023-06-27,22780000.0,22.2,33.0,26.68877621524796,8.123070306450085,1.32,0.8477209990668648,0.776689576123325,0.692393966105388
2023-06-28,20270000.0,21.6,29.9,26.654945150301483,6.9976928432130805,0.05,0.6567881417358183,0.5950336418233857,0.49963519060902184
2023-06-29,8730000.0,23.7,28.4,29.38697787197788,9.733317846932822,2.8000000000000003,0.3817747864953361,0.3550740102547921,0.2970986072842174
2023-06-30,12700000.0,21.2,28.2,26.85168789313232,5.608929165175925,0.5900000000000001,0.4037598859547994,0.3656097123343352,0.3241161240487628
2023-07-01,20220000.0,20.2,29.5,26.271910192860727,4.4745726264343695,0.0,0.5685648380964446,0.5076999302496158,0.44333612666180544
2023-07-02,20520000.0,21.9,32.5,28.34314186421814,3.8400512907794626,0.0,0.6202875226495498,0.5566127044283203,0.5160615743446726
2023-07-03,24290000.0,22.8,31.7,27.25587606605459,6.830083433794803,0.0,0.8095271116817973,0.7341076645764005,0.6294482878961226
2023-07-04,12100000.0,23.3,29.2,28.002464216852882,6.001015462207967,3.0300000000000002,0.44284809865340735,0.4057448668405671,0.3715260844458417
2023-07-05,24570000.0,21.6,30.0,24.060703298857188,8.55107290550033,0.06999999999999999,0.8605680300246444,0.7856641814025845,0.6522579102302986
2023-07-06,21770000.0,22.5,33.2,24.97846699710007,4.582321532488976,0.0,0.7320784458918469,0.6639933899267451,0.6518766199849645
2023-07-07,3370000.0,17.9,24.9,23.71658741738416,3.759239611238507,6.43,0.10786619626647893,0.09822740929816269,0.1301721120310792
2023-07-08,13830000.0,22.3,28.6,26.52672845092102,4.651161111357197,0.03,0.44732701197930486,0.4053590045855325,0.373767239036925
2023-07-09,17300000.0,22.5,31.6,29.59379569916341,5.803475801107854,0.9400000000000001,0.5657651018181787,0.512180957679021,0.45445681894611134
2023-07-10,20830000.0,24.0,32.2,30.800152090521784,6.58166234483557,0.7200000000000001,0.6972825321034979,0.6319447975711631,0.5340844397625751
2023-07-11,6000000.0,22.8,27.3,29.247356528030856,7.338897712386002,4.04,0.22924568725189925,0.2111357016806866,0.18855281917604988
2023-07-12,19920000.0,23.4,29.4,30.041257931276803,4.818770520775474,1.79,0.5736644343064398,0.5124651392738072,0.41587819267342335
2023-07-13,6640000.0,23.5,27.4,30.532658788862584,6.56370419382647,2.35,0.22410286590502726,0.20395336705508887,0.1742932472661951
2023-07-14,6740000.0,25.1,26.6,30.28986912780368,15.491898270517924,2.25,0.3489949561562834,0.3284340464524077,0.2264903557845932
2023-07-15,10690000.0,24.2,28.7,31.185830437395172,10.03860641408754,1.9300000000000002,0.3967447542098581,0.3638815123723542,0.2766094296072825
2023-07-16,13470000.0,23.8,29.5,29.79442881525007,5.225821943648434,3.6,0.4414673239003517,0.3999531582486749,0.35233568132131426
2023-07-17,16750000.0,24.0,30.5,30.509825372744036,6.012987562880701,1.11,0.5481575774955829,0.4961495190758468,0.41999546805817045
2023-07-18,4850000.0,21.4,25.4,28.179451714497127,5.641852442025944,4.68,0.13545750184819502,0.12115444594401456,0.1068119349982792
2023-07-19,18340000.0,22.0,29.4,27.207645434467647,3.6514907051838996,0.2,0.5252084690496753,0.46937052593274364,0.4202422732472256
2023-07-20,22410000.0,22.9,32.5,28.314614533910255,3.2534183578154914,0.0,0.660987096457351,0.5910255969418886,0.5449402596268239
2023-07-21,21000000.0,21.2,31.0,27.93194140756737,6.599620495844672,0.25,0.6515340306577732,0.5872639123269962,0.4973374981938649
2023-07-22,15910000.0,23.9,29.9,28.016587416579643,5.746608322912367,0.010000000000000002,0.5514883733036509,0.5023008941809779,0.4512346216270792
2023-07-23,11740000.0,24.9,30.1,30.58599473663649,8.069195853422784,1.0,0.4791581319107225,0.44259511827244874,0.3851622576636549
2023-07-24,16540000.0,23.3,30.5,30.388298538784163,5.6209012658486595,2.2800000000000002,0.5203539681387691,0.4692187761407169,0.39930657559209626
2023-07-25,19650000.0,23.9,30.9,30.411052601591933,5.468256982271299,1.1500000000000001,0.6138830033796168,0.5527591009117618,0.4660389792327285
2023-07-26,16079999.999999998,22.5,31.0,29.92884260875386,3.5197975977838247,0.41,0.47290795928894924,0.4232877106986444,0.3847146611949682
2023-07-27,23350000.0,24.4,32.8,31.528704595240367,2.9421437403244046,0.5599999999999999,0.6795690121077634,0.6059008570543928,0.5356939034221687
2023-07-28,23950000.0,25.4,33.5,31.224628920279795,2.687736601028805,0.0,0.7124408092811536,0.6361546986764786,0.5746472684102785
2023-07-29,25080000.0,24.5,35.0,31.170322820700978,2.5410783677878124,0.12,0.7433716329634844,0.66322377350706,0.6091162239442037
2023-07-30,24040000.0,24.6,33.8,29.468076823617004,3.3372230625246297,0.06999999999999999,0.7361410105141006,0.6597799600581744,0.6103288078281667
2023-07-31,24990000.0,24.0,34.0,29.416445837147357,3.795155913256709,0.0,0.7678729736308221,0.6886718373750176,0.6326165719250108
2023-08-01,23160000.0,23.9,34.3,29.19606320313022,2.8194297084288804,0.0,0.6949678323293494,0.6214841359745623,0.5859610513365661
2023-08-02,24040000.0,25.5,35.3,29.861569728257418,2.4602666882468576,0.0,0.7329503279850518,0.6555902628077951,0.6200581770760714
2023-08-03,23370000.0,26.0,35.4,30.138982338680748,4.130374732093264,0.15000000000000002,0.7915764925186846,0.7161362553150228,0.6821974433597532
2023-08-04,19760000.0,26.2,35.4,30.75415145283603,3.002004243688075,0.04000000000000001,0.656414238287875,0.5925612848756383,0.5763348813122604
2023-08-05,24630000.0,26.3,37.2,31.46612044197157,3.8310722152749115,0.05,0.8350322409021084,0.7546747478190264,0.7251177859057212
2023-08-06,20130000.0,24.9,35.5,30.342834963502508,6.063868990739821,0.08000000000000002,0.7659855105326193,0.7013446130409647,0.6773245616504185
2023-08-07,22620000.0,25.0,35.3,29.19606320313022,9.083831385436998,0.04000000000000001,0.9623620250270891,0.8897639418376364,0.8120816749978366
2023-08-08,21290000.0,25.8,35.3,28.30036026991992,10.304985654055875,0.0,1.0306739029356742,0.9620553709518985,0.881473389183272
2023-08-09,4780000.0,24.6,28.8,30.342834963502508,11.63388882872936,6.940000000000001,0.32674213805205465,0.31200106766309255,0.2804937237098154
2023-08-10,4370000.0,22.4,26.1,26.466182476221444,12.834091921170954,6.170000000000001,0.3045645575651242,0.2915191544621809,0.24783027872110264
2023-08-11,24210000.0,23.2,31.2,27.470367417512605,6.180596972298978,0.13,0.7677544904988162,0.6926293760185059,0.5954510991727375
2023-08-12,18620000.0,22.2,30.6,27.98129107098048,3.9328350709931517,0.09000000000000001,0.5438267712218938,0.4866214060859694,0.44194907502171593
2023-08-13,21190000.0,22.4,31.4,27.658381813012348,6.2614086518399334,0.0,0.6832833957423038,0.6177722277593093,0.5435434052927589
2023-08-14,21540000.0,21.6,31.2,27.64441639411454,5.914217732330644,0.0,0.6584835568124626,0.5923072106777788,0.5168440019306446
2023-08-15,21530000.0,22.5,32.9,26.749766646155784,6.201548148476262,0.0,0.7407330350525669,0.6735187965622543,0.6313135446788192
2023-08-16,18860000.0,22.1,31.9,28.737944493501764,3.6365255793429823,1.5,0.5525562941469718,0.49417631845086907,0.4588286977900973
2023-08-17,15220000.0,23.1,29.9,28.044852472374608,5.7136850460623485,0.13,0.5081445952020295,0.4613255753083315,0.41691748442582244
2023-08-18,11960000.0,23.8,28.0,29.95878408385849,6.488878564621881,0.8,0.3790958606202389,0.3425871579386435,0.28057312626800784
2023-08-19,16250000.0,24.2,31.2,32.06506738838041,3.280355584329143,1.47,0.47409735035388045,0.4233666780144666,0.3757457731256592
2023-08-20,16460000.0,23.4,31.7,31.232393666370797,3.334230037356446,0.9199999999999999,0.4825421367272372,0.43124826527515614,0.39183230050948603
2023-08-21,22270000.0,23.3,33.0,30.40346626316959,4.438656324416168,0.03,0.6720005338811952,0.6021049876441024,0.5383287937449698
2023-08-22,22200000.0,23.5,32.7,29.846638128461016,6.186583022635345,0.11000000000000001,0.7198598157723228,0.6502247842496235,0.5691076890168735
2023-08-23,21550000.0,23.5,32.9,29.682819961756504,7.60826997752252,1.58,0.7508675250288885,0.6831921848896142,0.5937315989201581
2023-08-24,7220000.0,22.6,27.3,29.719982311925627,6.348206381717256,4.1000000000000005,0.22576973508100506,0.20400692821529204,0.17516964856360823
2023-08-25,22560000.0,21.0,31.0,25.183659410286683,5.339556900039408,0.010000000000000002,0.6782276081994896,0.6092722653465678,0.5593705403183682
2023-08-26,23800000.0,22.0,31.5,25.624590007902185,5.139024213771111,0.0,0.721588806733103,0.6481459014812837,0.5958473338587804
2023-08-27,18030000.0,22.5,30.3,27.53291450394816,7.5573885496634,0.71,0.6136871481545776,0.5582944127410051,0.4812001330124568
2023-08-28,14510000.0,23.4,28.5,28.998952133105078,9.517820034823608,0.34,0.5051148995747031,0.4607933673711087,0.35605115314368974
2023-08-29,10750000.0,23.8,29.0,30.738831229390446,6.090806217253472,3.0500000000000003,0.3503847494347397,0.3173580214427317,0.2743937800679267
2023-08-30,6390000.0,22.1,26.6,28.709070605674178,3.798148938424893,1.5,0.18484325832911902,0.16574096275728548,0.1571547276443447
2023-08-31,16270000.0,22.1,29.4,26.546937308677556,2.8553460104470823,0.020000000000000004,0.45086801800969994,0.4012999018984379,0.3807782407908641
2023-09-01,15950000.0,21.4,29.2,26.913003292791018,3.28634163466551,0.5900000000000001,0.4367448608474264,0.388440265413606,0.36157787673667063
2023-09-02,16160000.0,21.4,28.1,26.790494527675662,6.7732159555993166,0.12,0.4823821582171524,0.4338049535386614,0.3607194350719968
2023-09-03,18460000.0,22.2,30.7,28.955307729089892,4.348865569370662,0.51,0.526056442920183,0.46930663521949806,0.41829053011482176
2023-09-04,16500000.0,21.6,30.8,28.073142418696083,4.690070438543582,0.17,0.49117050325452605,0.44060758743878176,0.4087965667464247
2023-09-05,20450000.0,20.8,30.0,23.40694796540301,5.01032413153922,0.0,0.6154877086757135,0.5534721461590459,0.5296205910787544
2023-09-06,20750000.0,17.1,29.6,23.01148908325849,5.486215133280401,0.05,0.5683296266076461,0.507180881039136,0.4675292600557965
2023-09-07,20380000.0,16.8,28.5,20.435305841163515,6.713355452235645,0.0,0.6025798216963391,0.5431439437170279,0.5127577665151263
2023-09-08,21290000.0,17.7,28.5,19.915860508848546,5.638859416857761,0.010000000000000002,0.6144424982867727,0.5519330276149098,0.53419292756858
2023-09-09,22640000.0,17.2,28.8,21.192401472119354,4.0196328008704745,0.0,0.5669606440285587,0.5005860807950542,0.4826426577453432
2023-09-10,19770000.0,19.6,29.2,22.52247279524089,4.806798420102741,0.0,0.5659281465202901,0.5067863338183282,0.4889588063148517
2023-09-11,20710000.0,20.9,29.7,24.104023179371744,2.2986433291649466,0.4,0.5204733517692877,0.4577530902373491,0.4420541223749188
2023-09-12,15940000.0,22.2,29.6,26.072250824782408,2.8493599601107156,0.010000000000000002,0.44209094510695995,0.3934330253122583,0.38248676873172405
2023-09-13,5310000.0,21.4,26.5,26.29194939117087,4.504502878116204,2.37,0.1948393835435748,0.17905499953075932,0.1896904999043924
2023-09-14,6450000.0,21.5,24.5,25.396805311211562,8.80548004479593,1.05,0.2465202990862681,0.22761058473750023,0.19336117758512342
2023-09-15,6360000.0,22.0,25.2,27.083965868036092,6.393101759240009,1.01,0.2024519465047608,0.18364113737320237,0.1625504055214228
2023-09-16,4890000.0,22.4,25.8,28.60101890964654,3.774204737079425,2.74,0.14211680866357934,0.12754992481732702,0.12525204623475222
2023-09-17,11130000.0,21.3,28.2,27.097683752763576,2.7715413057379434,1.1,0.2997227481257641,0.26626579960648156,0.25993734886889325
2023-09-18,16340000.0,20.5,29.3,26.92664553036638,3.5676860004747613,0.32000000000000006,0.42412335765891174,0.3749042018516547,0.347829665062951
2023-09-19,18860000.0,20.7,28.6,23.17854008404637,4.22016548713877,0.0,0.5204216689220942,0.4638061586962099,0.4474266728374358
2023-09-20,5060000.0,20.2,24.8,24.8255329823504,8.191909885318307,7.78,0.20153365805632992,0.18681032170271986,0.17353146788140364
2023-09-21,5040000.0,15.4,20.8,19.842606075167655,3.316271886347345,0.32000000000000006,0.11772427161554902,0.10410819143592023,0.11094347274148067
2023-09-22,15120000.0,16.1,24.8,18.736953025521665,3.3132788611791617,0.0,0.3585611581094611,0.31598276769346445,0.322810007379149
2023-09-23,16410000.0,15.1,25.0,16.975848760461872,7.305974435535983,0.0,0.5025421384283798,0.45664208869160483,0.4382332964226614
2023-09-24,18000000.0,17.3,24.4,16.722366883516663,8.054230727581865,0.010000000000000002,0.5938979024100906,0.542872091525633,0.495771110182009
2023-09-25,11330000.0,20.1,25.1,21.84289997113953,7.572353675504317,0.9300000000000002,0.4055949817525444,0.37257737610135877,0.34165555305695566
2023-09-26,3450000.0,20.1,23.1,24.56616326071617,3.8939257438067654,1.3800000000000001,0.10091724507544157,0.09101812264573508,0.10128966935720211
2023-09-27,13330000.0,19.5,26.5,23.352674242968106,5.8962595813215435,0.04000000000000001,0.384659636288929,0.345579559968142,0.32175259778886534
2023-09-28,16280000.000000002,16.3,27.1,20.63989202660485,7.060546371744935,0.020000000000000004,0.4633057877766073,0.41651936773359155,0.3991750237231327
2023-09-29,15880000.0,16.6,26.4,20.355038195002162,3.025948445033543,0.47000000000000003,0.36408992960601194,0.31859771023018885,0.3275674058157976
2023-09-30,15250000.0,15.1,23.6,16.579015619099724,6.533773942144634,0.13999999999999999,0.4346496461529427,0.39250794541450645,0.3819382866051656
2023-10-01,19570000.0,12.1,22.8,12.420907976399421,7.24312090700413,0.0,0.5510146903672292,0.4987890340132773,0.4929212920684936
2023-10-02,19030000.0,11.9,22.9,12.36560449202761,5.174940515789314,0.0,0.4666920673973734,0.4159561463235152,0.44644619028463606
2023-10-03,5990000.0,12.6,20.2,16.09443207684494,1.7778569499010137,0.03,0.13414686026842942,0.11848728274507012,0.1440264135744011
2023-10-04,17220000.0,11.3,23.2,13.011249074171126,9.203552392164339,0.03,0.5550194003552709,0.5092415524192183,0.48493911429593917
2023-10-05,19370000.0,8.6,18.8,8.622143274678841,7.186253428808643,0.0,0.5165461347319535,0.4687372564103667,0.46261382378618576
2023-10-06,17720000.0,11.8,21.2,11.256345319433686,3.412048691729218,0.0,0.3732740660241447,0.32685607060191474,0.3733357539481255
2023-10-07,11860000.0,15.4,22.2,13.59608306565746,7.76091426109988,0.05,0.48805019168873354,0.45559577668424245,0.4550071149748717
2023-10-08,6750000.0,12.9,20.4,14.19609623501142,5.677768744044147,0.020000000000000004,0.25838789579824095,0.240653213236715,0.2668120596543099
2023-10-09,9340000.0,12.1,21.6,15.635032159895761,3.238453231974574,0.03,0.21060594879485645,0.18596925121376628,0.21640371192408442
2023-10-10,14570000.0,11.5,22.3,13.592333875578532,4.911554300989163,0.0,0.3506299712613087,0.3121600063994788,0.34627855286414666
2023-10-11,13680000.0,12.1,22.1,11.487069538587896,4.845707747289127,0.0,0.38815659454087104,0.35189512596140937,0.40823615709712735
2023-10-12,14470000.0,12.6,22.6,12.721906239820528,4.253088763988789,0.0,0.3617383733878345,0.32301216109220465,0.3753426950372174
2023-10-13,13180000.0,13.2,22.5,14.157196957321874,2.166950221764872,0.0,0.2641656472574095,0.2287246570097181,0.27111688048367333
2023-10-14,14310000.0,11.0,22.5,13.254936445123464,5.555054712148622,0.0,0.3621604604997023,0.324488418185349,0.3638951321392735
2023-10-15,14050000.0,10.8,21.0,12.810600029472292,8.676779962564037,0.0,0.42498988921607517,0.3886298513331919,0.37566241355625063
2023-10-16,16890000.0,7.2,20.6,10.10779081229935,6.988713767708529,0.0,0.4690467740137299,0.4271712114364295,0.4103840577875661
2023-10-17,17270000.0,10.3,20.7,9.308022145034622,4.471579601266186,0.0,0.3933033036078643,0.3489786082198912,0.41818396989637785
2023-10-18,16440000.000000002,11.4,22.9,12.221461627707576,4.303970191847909,0.0,0.3677545276317128,0.3241347930650299,0.38738038892988513
2023-10-19,13040000.0,10.4,23.2,12.665425915920864,6.874978811317556,0.37000000000000005,0.42776992254567936,0.3934073523948741,0.41515597520157604
2023-10-20,15630000.0,4.2,16.4,6.401124486659113,12.486901001661664,0.0,0.6398632224671196,0.6043424214796753,0.48118913132572105
2023-10-21,13270000.0,4.8,18.1,8.068439576587766,8.808473069964114,0.0,0.4895987514912849,0.4585459397182988,0.4061822950937738
2023-10-22,14500000.0,9.7,18.8,9.591143815096725,6.824097383458436,0.0,0.41082748283838555,0.3745969376619107,0.3984682120701677
2023-10-23,15200000.0,10.8,20.5,11.208794360014979,3.9597722975068033,0.0,0.31382255509711354,0.27468872311795306,0.33247457774228517
2023-10-24,13940000.0,9.8,20.3,11.974440747187487,5.016310181875587,0.0,0.30257898074230344,0.26713876904887945,0.31063797709803154
2023-10-25,15340000.0,10.9,22.6,12.317391665967381,4.684084388207216,0.0,0.3428192600789648,0.30243567313960923,0.36872790502670866
2023-10-26,14160000.0,10.3,23.0,14.364434826971731,5.62988034135321,0.33,0.3233644951153165,0.2861610721418042,0.31968152624842067
2023-10-27,12260000.0,9.2,19.3,11.590942145206972,5.971085210526131,0.03,0.2934605027180129,0.2628269521067314,0.297281239727275
2023-10-28,14900000.0,7.6,19.9,11.192983368522112,5.4353337054212805,0.0,0.3003535652241648,0.26353602268601767,0.3068654902515726
2023-10-29,14630000.0,8.2,20.0,10.66089703611296,2.9930251681835247,0.0,0.24157170078681361,0.205137382966686,0.2724402396783375
2023-10-30,14390000.0,10.5,21.1,11.630106874527916,5.127052113098378,0.0,0.3263976177614677,0.2892341647011227,0.34942723251569063
2023-10-31,14560000.0,10.4,22.6,10.26485449419829,5.055219509061973,0.0,0.3773928817854425,0.33925258757846344,0.4278427361352676
2023-11-01,13970000.0,13.5,24.3,14.803071459611347,5.336563874871224,0.0,0.35106191955449556,0.31276475145102334,0.37582218846659915
2023-11-02,13490000.0,11.5,26.7,13.130777596503789,5.510159334625869,0.0,0.5088123396717625,0.47169866102438773,0.47622212006220843
2023-11-03,13060000.0,14.6,24.9,15.240983865222825,5.465263957103116,0.1,0.3612844258360513,0.3249420871206577,0.39281675111701186
2023-11-04,8820000.0,15.3,22.8,17.904086189120264,7.8686631671544855,0.34,0.28009309500711455,0.2558491103978071,0.26534358043535
2023-11-05,8230000.0,16.8,25.1,19.70718792895663,12.247458988206983,1.97,0.4010073230922006,0.3776389183973152,0.34902943940160147
2023-11-06,8140000.000000001,8.3,22.0,9.811250940739514,17.10214581100066,0.08000000000000002,0.9530358587343113,0.9322972087407958,0.5946007278866483
2023-11-07,13270000.0,2.8,12.2,5.826807532025023,9.820115576810144,0.0,0.3929537636112758,0.3650391273028904,0.32966153290813893
2023-11-08,13150000.0,6.0,16.5,8.344898731747474,3.049892646379012,0.0,0.19688952031883508,0.16627062452658334,0.23737400483868792
2023-11-09,11960000.0,6.2,20.0,12.672473879986363,5.830413027621506,1.34,0.21633742574549325,0.18722004906659018,0.2208467811776546
2023-11-10,12120000.0,-1.1,11.3,4.160071632601888,9.269398945864376,0.0,0.40596882369428594,0.3822788438429868,0.3471875864014976
2023-11-11,9810000.0,-0.2,9.5,4.2599864619194365,7.680102581558925,0.0,0.3079045437325496,0.28900663808663224,0.2896605593328683
2023-11-12,13190000.0,-2.5,6.6,4.1219985363652905,10.466609013137786,0.0,0.31159705275504745,0.28835206646486033,0.23717313646218002
2023-11-13,13500000.0,1.0,7.5,4.251915706397948,9.176615165650686,0.0,0.34461180784933165,0.3189450092761661,0.28073850877142037
2023-11-14,12900000.0,0.9,10.6,6.158190156795622,7.698060732568026,0.0,0.23956534182254793,0.21382661922348373,0.22560178418154164
2023-11-15,12660000.0,1.5,12.8,6.565117189963128,4.438656324416168,0.0,0.18261902357803003,0.1562601117270025,0.2176900457333665
2023-11-16,3720000.0,2.5,10.3,8.298654649649169,4.660140186861748,0.8900000000000001,0.08338028747728185,0.07580753456187764,0.10057160022047636
2023-11-17,11850000.0,-2.7,10.1,4.141652761298251,12.268410164384267,0.010000000000000002,0.46098958849643734,0.4388704635995415,0.32337281586536293
2023-11-18,12220000.0,-1.1,7.1,4.822139656322805,13.672138968262342,0.0,0.34886110397633974,0.3265914143045926,0.23011935792201407
2023-11-19,10750000.0,0.2,14.3,7.192220614930944,8.844389371982315,0.0,0.30786208301225665,0.285413707022352,0.25973456752558677
2023-11-20,12470000.0,3.5,12.5,5.143792192485379,3.8460373411158293,0.0,0.20565733773771258,0.17904381004180986,0.2607770917707421
2023-11-21,12320000.0,5.0,14.3,6.820110951930224,4.088472379738694,0.0,0.20296109127868212,0.17543906509498747,0.25281632127052495
2023-11-22,10970000.0,6.6,15.7,9.563594754547717,4.046570027384125,0.0,0.16547923569411677,0.14000034809419107,0.199743694303783
2023-11-23,9660000.0,-0.7,19.4,6.997714804976543,13.384808552116722,0.0,0.7348733147346321,0.7134671513942845,0.4796008311446169
2023-11-24,12220000.0,-5.3,3.9,2.5100939296371028,12.259431088879717,0.0,0.3860884215545358,0.36667429192697043,0.26540995062923606
2023-11-25,12080000.0,-2.7,5.4,2.73212992612989,3.4778952454292558,0.0,0.1537389821768096,0.1329851124289159,0.19577385869938554
2023-11-26,9680000.0,2.8,9.5,4.690042871377711,2.732631978551558,0.0,0.14140074271320993,0.12184560594328264,0.18960390271435087
2023-11-27,6180000.0,2.7,13.6,7.983572865844131,8.955131303205105,0.0,0.21887645052975307,0.20563051520261028,0.2219800926389064
2023-11-28,11640000.0,0.6,7.4,4.182535026554345,10.352874056746812,0.0,0.35122135727855514,0.3292740997755293,0.2798543972165505
2023-11-29,5120000.0,-6.0,5.1,3.870204506588751,8.784528868618644,0.010000000000000002,0.1862290911858346,0.17801438648825663,0.17119131848329844
2023-11-30,11790000.0,-4.8,1.0,2.7221639311654378,10.658162623901532,0.0,0.2766003680926444,0.25875495576264584,0.19745308321247595
2023-12-01,11390000.0,-3.7,3.2,3.468399753775033,9.200559366996153,0.0,0.23108811948119584,0.21267024084603467,0.18806806619782962
2023-12-02,10660000.0,-1.0,8.1,5.134254141539539,7.653165355045273,0.0,0.19961207716180263,0.17981507189270918,0.1971160776118865
2023-12-03,11430000.0,-0.5,8.0,3.6123315315959337,5.836399077957873,0.0,0.22946556257127995,0.2080943655349646,0.2556424884638773
2023-12-04,11290000.0,0.9,9.5,3.9224445798333103,3.5227906229520087,0.0,0.1622428995694214,0.14010455137791608,0.22123017529097702
2023-12-05,10560000.0,0.2,12.2,4.3209513140660505,2.9421437403244046,0.0,0.14513853679863245,0.12377283898114282,0.21866775959267865
2023-12-06,7680000.0,1.8,12.3,7.045900496145625,9.003019705896042,0.05,0.2288920544493805,0.21294915814416604,0.22719211879963291
2023-12-07,10970000.0,3.4,12.2,4.814632047954909,5.525124460466786,0.0,0.25213232751039716,0.22885422093121402,0.30287720485812175
2023-12-08,10560000.0,7.7,17.7,11.07032969820302,7.7369700597544115,0.0,0.22365825346133478,0.19818835198566925,0.24413550663204683
2023-12-09,9300000.0,8.0,18.8,11.950986169803185,3.974737423347721,0.0,0.1395913238963038,0.1167930424417479,0.1870880081911187
2023-12-10,8430000.0,9.0,17.9,11.265876783176852,9.248447769687091,0.05,0.27501978616990963,0.2543306344820406,0.2758655446179026
2023-12-11,1280000.0,8.0,13.2,12.183954956847245,12.989729229916495,2.44,0.05808578451648204,0.05515416758114102,0.06494774685352292
2023-12-12,2080000.0,1.8,8.9,7.997662381055028,5.031275307716505,0.05,0.05998352333501998,0.05588536761761662,0.0778388513092329
2023-12-13,9420000.0,4.5,12.9,8.39627492850151,5.510159334625869,0.0,0.14657204350577976,0.12606687868831093,0.1751005231850016
2023-12-14,2340000.0,7.7,10.8,11.390433663974223,7.89859341883632,2.92,0.04080281230085016,0.035631525178639455,0.041013764820362744
2023-12-15,1100000.0,3.0,10.5,9.394341471719441,9.374154826750798,1.57,0.03412466154317588,0.03186155616209287,0.061348780938761595
2023-12-16,3790000.0,-9.7,4.0,2.4724768899945615,17.745646222160115,0.0,0.5380562326586712,0.532543171398326,0.24741519050354355
2023-12-17,11040000.0,-8.5,-3.9,1.6512179709386021,11.361523538424661,0.0,0.26374017856147175,0.24992032677901665,0.17129790332558642
2023-12-18,9900000.0,-5.7,-0.1,1.9052777207724823,6.210527223980814,0.0,0.19411008311199024,0.17973979609265198,0.19065112169583895
2023-12-19,8600000.0,-2.6,3.9,2.9152306381731634,4.645175061020829,0.020000000000000004,0.16271885385603524,0.14832427683140803,0.18995129411572703
2023-12-20,6940000.0,-9.9,-1.1,1.9905394254688737,13.953483334071592,0.0,0.3011776793943265,0.2922015703121847,0.18013545250964497
2023-12-21,10950000.0,-11.4,-4.1,1.4597008605790491,12.537782429520783,0.0,0.2661826654230962,0.25346395089404117,0.1637268269695581
2023-12-22,10990000.0,-10.4,-4.5,1.574627423566384,12.106786805302358,0.0,0.25218426043760617,0.23922936186585644,0.15664924899705018
2023-12-23,10530000.0,-6.1,0.4,2.4092723706880697,5.429347655084913,0.0,0.14786602387119244,0.1325487322956161,0.15799040643499615
2023-12-24,7490000.0,-4.3,3.9,3.586824961888271,5.57899891349409,0.0,0.1430244267707877,0.13088935014388792,0.15723263819561745
2023-12-25,8310000.000000001,-3.3,4.9,3.996885843700072,7.338897712386002,0.0,0.17823146023886366,0.16424353283543183,0.17430222636532824
2023-12-26,10500000.0,-0.9,7.7,4.8704343807893,6.53078091697645,0.0,0.17676782800124885,0.15736737156069736,0.1916252871188224
2023-12-27,10540000.0,-0.4,8.7,5.151752548142991,2.4901969399286927,0.0,0.08898287565491683,0.06901010326649339,0.13447013304441033
2023-12-28,10560000.0,-2.9,8.6,4.717970991085378,6.120736468935308,0.0,0.16264464845284632,0.14350025295304752,0.19325067605107318
2023-12-29,10800000.0,-1.4,7.3,5.060079518263802,5.219835893312067,0.0,0.13176203209184537,0.11211427278114192,0.1577171913459356
2023-12-30,7570000.0,1.7,8.5,5.909038244317583,3.100774074238132,0.04000000000000001,0.10123572043566316,0.08643925612259927,0.13671192794788503
2023-12-31,6220000.0,-0.3,7.5,6.484615064769875,7.623235103363436,0.03,0.11351291864559884,0.10194194739491876,0.11529109985799982
2024-01-01,8870000.0,0.3,8.8,6.201231979198418,3.2983137353382443,0.0,0.09048960062196257,0.07345822653417275,0.12431025717168498
2024-01-02,6800000.0,0.6,8.2,6.2200286222196945,6.860013685476638,0.26,0.1446413443966118,0.1316487169243934,0.1503458175355031
2024-01-03,7820000.0,-4.0,6.5,5.067925074433347,10.544427667510558,0.03,0.16925643908344937,0.15587085685610375,0.14909151703827095
2024-01-04,11220000.0,-2.8,6.6,4.439616993388844,6.135701594776225,0.0,0.15847641266591322,0.13880967353455137,0.17483578202955552
2024-01-05,9840000.0,-1.4,10.8,6.280516817336937,7.147344101622258,0.0,0.16185676828832418,0.14287017475787048,0.1828631822326756
2024-01-06,10440000.0,-3.7,6.1,3.843087771585238,8.889284749505068,0.0,0.23762175071892216,0.2197844944673466,0.21372641283741606
2024-01-07,11460000.0,-8.0,0.7,2.299586372709913,12.124744956311458,0.0,0.29230473975098376,0.27619888950921634,0.19697092030421887
2024-01-08,11690000.0,-6.0,2.6,2.3459248187148143,4.9295124519982645,0.0,0.16238476247552683,0.14454487280605763,0.1840104657193838
2024-01-09,5470000.0,-2.7,5.1,4.861346623922624,2.912213488642569,0.17,0.07568685627000599,0.06634109078187204,0.1010337618023435
2024-01-10,7490000.0,-4.2,7.7,4.991501002521928,4.660140186861748,0.0,0.10825091886345284,0.09519331152892416,0.14092392003436896
2024-01-11,11650000.0,-1.9,6.9,4.8266491969855805,7.308967460704166,0.0,0.18324378343677597,0.16238113455547815,0.18039822802678773
2024-01-12,11360000.0,-2.4,8.3,3.4138163779745865,10.200229773169452,0.0,0.3678342317122883,0.3471676996965854,0.3100260869162673
2024-01-13,11940000.0,-3.8,5.6,3.3884596859914926,5.357515051048509,0.0,0.17681435649353894,0.15664072530006617,0.197313579002002
2024-01-14,11040000.0,-5.3,13.7,5.4156417398848955,8.775549793114093,0.03,0.35405218287662926,0.33309718656507287,0.2874524716511682
2024-01-15,12230000.0,-5.9,4.2,2.3506834537843466,7.940495771190891,0.0,0.2695662669273241,0.2502514582706715,0.24505858799714
2024-01-16,11170000.0,-2.6,6.7,3.760334984370188,2.8942553376334685,0.0,0.12097729034680775,0.10129218823449618,0.16104762796694372
2024-01-17,3640000.0,2.4,8.2,7.328154000246795,2.7535831547288425,0.36000000000000004,0.06859623565244985,0.06143584780713914,0.08997470725073135
2024-01-18,1340000.0,4.0,8.4,8.408548398252895,8.581003157182165,0.21000000000000002,0.07778425123902685,0.07507307367506509,0.08614037584411736
2024-01-19,6560000.0,5.2,7.9,6.83032664602823,13.23815031887573,0.04000000000000001,0.31798918816254695,0.30457407398803704,0.21188009474392508
2024-01-20,1830000.0,2.0,6.5,7.897170479450254,8.931187101859637,1.64,0.04228054648908414,0.03880126934916614,0.04596257124683123
2024-01-21,8000000.0,-4.0,9.8,6.293817715788962,9.200559366996153,0.09000000000000001,0.15856709996012647,0.14403848587705378,0.14693323371892314
2024-01-22,10380000.0,-11.3,-3.0,1.9741711198569951,17.147041188523414,0.0,0.3084702768946285,0.296054176664989,0.15055933359065532
2024-01-23,11370000.0,-10.9,-4.2,1.5757385484354693,17.69775781946918,0.0,0.3728299669160261,0.35949268783966576,0.1703497195393286
2024-01-24,12180000.0,-7.8,-2.9,1.7202671135331642,14.01035081226708,0.0,0.36239369396383364,0.3465309454361381,0.1973048716142156
2024-01-25,13120000.0,-5.7,1.1,1.9052777207724823,10.544427667510558,0.0,0.35525676249361704,0.33572482214966193,0.248676091423637
2024-01-26,12930000.0,-2.8,5.3,3.8308178061967757,7.763907286268061,0.0,0.2393623865949667,0.21722995971522518,0.2087993276160688
2024-01-27,13100000.0,-3.0,6.5,3.5972400799858533,7.132378975781339,0.0,0.252322599717825,0.229484861923122,0.2360549150600472
2024-01-28,13280000.0,-4.5,5.1,3.745896843314128,7.578339725840685,0.0,0.21849516499959515,0.1965607028641741,0.19393383666354652
2024-01-29,13420000.0,-3.6,5.5,3.429333249640798,5.309626648357573,0.0,0.19905676863599914,0.17634014332633258,0.20435191231932043
2024-01-30,13430000.0,-0.7,9.5,4.874983899158612,2.579987694974198,0.05,0.14183836866363958,0.1161779294060082,0.1753131340002091
2024-01-31,12120000.0,3.7,12.7,5.586155170865559,3.2953207101700603,0.010000000000000002,0.19944993786344656,0.17343554568052363,0.24367862091515896
2024-02-01,4340000.0,2.2,8.8,6.3014294038547645,11.511174796833837,0.010000000000000002,0.2793306332456004,0.2707389789644773,0.2085442781049009
2024-02-02,5170000.0,2.9,7.6,6.734830631454697,7.509500146972464,0.0,0.17002041508659316,0.15986647904651768,0.15022474247978804
2024-02-03,4000000.0,1.5,8.8,7.559755463090236,6.761243854926581,0.42000000000000004,0.1062214921183415,0.09839049025445606,0.10605832381466718
2024-02-04,4850000.0,3.8,8.1,7.818502301666354,12.037947226434136,1.06,0.1797826164833106,0.17004520385474214,0.12412119622085993
2024-02-05,2170000.0,1.1,5.6,6.6146361352234555,8.676779962564037,0.5,0.10422432269069146,0.1002217451816998,0.0931841270491299
2024-02-06,4059999.9999999995,-1.9,4.8,5.84637876198776,4.49253077744347,0.020000000000000004,0.0736058520761576,0.06660494805035787,0.07934640081969005
2024-02-07,13750000.0,-2.7,6.5,4.526949393894661,3.8310722152749115,0.0,0.1584175489832971,0.13431615298898106,0.16603565838695236
2024-02-08,14660000.0,-1.3,7.2,4.521269449544971,4.968421779184651,0.0,0.20749159992123464,0.18082158589392788,0.20354744376404105
2024-02-09,14830000.0,-3.9,7.6,3.931211807207874,6.904909062999391,0.0,0.2575452432862445,0.2315977050215558,0.23716857158857615
2024-02-10,12790000.0,-4.1,8.0,4.266722463296255,7.793837537949898,0.0,0.2589694746708252,0.23651033468301189,0.22987077502988176
2024-02-11,11060000.0,-3.3,7.2,4.2237747099751966,9.6465201170555,0.0,0.2956036675233235,0.2761823940076695,0.23365572544148278
2024-02-12,15480000.0,-0.8,10.4,5.000803886830037,4.504502878116204,0.0,0.2275903966761577,0.1976240734328864,0.23826158609345877
2024-02-13,15160000.0,5.2,15.4,8.634707444020187,7.704046782904392,0.0,0.32464364952608693,0.29019097243269887,0.2914475405589043
2024-02-14,10860000.0,9.4,17.2,12.704232402215146,5.785517650098753,0.0,0.21195749053077084,0.18539591094099633,0.195352288100142
2024-02-15,7610000.0,-3.7,16.5,6.924947170819053,8.72167534008679,0.09000000000000001,0.3511974431204371,0.3357058706241398,0.3071412385077397
2024-02-16,15790000.0,-0.5,8.7,4.951365350263102,2.9960181933517083,0.0,0.1877593599628496,0.1578878110622628,0.1957650240346783
2024-02-17,16329999.999999998,-0.8,12.8,5.598147032981654,2.331566606014966,0.0,0.206318956909448,0.17348215211581328,0.2159435664791826
2024-02-18,9250000.0,5.7,15.2,11.924230422833173,5.085149760743808,3.04,0.12670183625606588,0.10559819070112349,0.11711375238903757
2024-02-19,8770000.0,7.3,19.8,13.656193795037197,6.617578646853773,0.87,0.19059140411380737,0.16901875850178674,0.19555966693437896
2024-02-20,3110000.0,4.4,7.8,8.26956446746248,16.443680274000283,0.49000000000000005,0.18059791015342272,0.1743248864782513,0.10158629719646399
2024-02-21,3060000.0,1.9,6.0,7.453090835664481,13.211213092362076,0.77,0.1053202469954023,0.09956024678939582,0.06671618795046777
2024-02-22,2930000.0,1.3,4.0,5.705358966147124,9.227496593509807,0.06999999999999999,0.16532851778631658,0.16005372257959335,0.1263204325062296
2024-02-23,7050000.0,-0.4,5.7,4.9206865208663695,8.380470470913869,0.010000000000000002,0.2362350730520756,0.22354315967071084,0.18576191225439223
2024-02-24,7160000.0,0.9,6.0,5.849943407414722,7.56636762516795,0.4,0.18934351314877956,0.176091650465559,0.15123086807312908
2024-02-25,8130000.000000001,-0.9,7.2,6.370301631850605,3.6814209568657352,0.03,0.11479038893598918,0.09989724970582321,0.11292122599465038
2024-02-26,11290000.0,-2.2,8.7,5.389056666279792,6.234471425326282,0.0,0.21391556223967542,0.19316238658650164,0.19466600968991057
2024-02-27,13490000.0,-3.0,8.2,4.720919346181961,7.590311826513418,0.0,0.27191872071956,0.2476757124858988,0.22654449471227767
2024-02-28,15330000.0,0.3,10.9,6.124689715619015,4.13636078242963,0.0,0.23014501235682422,0.19970132517756667,0.21996230101422204
2024-02-29,3190000.0,-3.9,6.2,6.089503045544308,7.509500146972464,0.54,0.07214168300483355,0.06670149577321464,0.07715688482059521
2024-03-01,18590000.0,-7.3,1.4,1.9092313372751275,13.800839050494233,0.0,0.494723374183199,0.467796572383655,0.26749284471307583
2024-03-02,18540000.0,-3.8,5.5,3.4627947434817097,8.362512319904766,0.0,0.348810498329053,0.31754419794346544,0.25351652531484836
2024-03-03,13610000.0,-0.2,10.8,5.50284661153628,7.9584539221999915,0.11000000000000001,0.3314405686941209,0.3046677998549235,0.2759913440836964
2024-03-04,15600000.0,5.1,12.3,7.107073924426341,4.920533376493715,0.45,0.30258591842789995,0.2686283206410089,0.27226764162515066
2024-03-05,3470000.0,2.2,8.1,8.23091750111348,9.143691888800667,0.18000000000000002,0.08810240896335444,0.08130901484643382,0.06996609812843675
2024-03-06,10110000.0,3.7,10.8,6.52966668471278,8.015321400395479,0.12,0.3226865932123865,0.3015746786767645,0.2636230126406279
2024-03-07,8320000.0,-1.7,8.0,5.382428471884611,7.5514024993270334,0.06,0.22468140963985483,0.2094402142653184,0.1900815156720001
2024-03-08,18880000.0,-5.0,7.8,3.2972674707638565,12.29534739089792,0.010000000000000002,0.5444307103646595,0.5119344920653737,0.32332384230366573
2024-03-09,20040000.0,-2.7,7.7,3.4931576118692993,5.758580423585102,0.0,0.3422247762735565,0.30633743862710083,0.2891817809092553
2024-03-10,19990000.0,1.8,11.3,4.128540735010566,5.133038163434745,0.0,0.39367210726923896,0.3527928188014867,0.3603215650796559
2024-03-11,11430000.0,0.8,12.1,7.308597114758593,5.555054712148622,0.06,0.22256151257206408,0.19925816764690757,0.20474408154259738
2024-03-12,14820000.0,-0.1,13.1,7.393677755820831,4.621230859675362,0.16000000000000003,0.25020483546109096,0.21994405450997453,0.21976213617341372
2024-03-13,19280000.0,0.6,13.5,5.019455727332887,8.206875011159223,0.0,0.5262029414812934,0.48617962888174465,0.4008542666120146
2024-03-14,19980000.0,1.7,15.5,5.465801750877033,7.156323177126808,0.0,0.5638228705518731,0.5204520731305202,0.43266281865544604
2024-03-15,20830000.0,4.6,18.4,4.919157008255685,7.069525447249485,0.0,0.7090738277828447,0.6602695370392488,0.571210694895297
2024-03-16,19710000.0,5.9,20.4,7.211502304680226,5.561040762484989,0.0,0.6006883445654434,0.5526475646356799,0.5030227083805445
2024-03-17,8730000.0,0.2,15.1,5.658448656320861,9.69740154491462,0.0,0.5890638804344981,0.5706192088687007,0.3958073312728956
2024-03-18,20750000.0,5.1,15.4,5.285497197584853,4.450628425088901,0.0,0.43898792872408005,0.39189284813995384,0.4220306643585857
2024-03-19,15210000.0,1.4,15.9,5.557126651128682,14.896286262049403,0.31000000000000005,0.9628210745214669,0.9297584771822507,0.5061596540664277
2024-03-20,21000000.0,-1.8,9.9,3.414922654792117,11.277718833715522,0.0,0.6060886863499894,0.5664269777187686,0.4061662132430623
2024-03-21,21360000.0,0.4,11.5,4.382688330323122,7.1383650261177065,0.0,0.4729412290625466,0.4300564592179648,0.38073571068785367
2024-03-22,17900000.0,9.4,17.2,9.527885223533374,10.727002202769752,0.08000000000000002,0.5995740665145098,0.5557939307265758,0.4327531492005079
2024-03-23,20410000.0,8.7,22.4,9.203766090412302,10.334915905737711,0.08000000000000002,0.875843780485317,0.8234054077878394,0.6313550884457163
2024-03-24,8100000.0,9.4,14.6,9.418745530709861,11.322614211238275,0.020000000000000004,0.4439567125542444,0.4247444192433103,0.32637406967952726
2024-03-25,7630000.0,4.8,13.4,9.289233239497566,13.250122419548463,2.27,0.3098247426791079,0.29303167921042506,0.2104996704739151
2024-03-26,9660000.0,0.8,12.2,7.306426974794839,6.327255205539971,0.2,0.23301524498790852,0.2132906063922415,0.21036451380562884
2024-03-27,19460000.0,7.4,17.1,9.24641263301955,3.3042997856746115,0.0,0.3667157466238695,0.3202794114607271,0.33049607590697344
2024-03-28,2880000.0,3.6,10.9,10.510458572223333,6.351199406885439,2.6500000000000004,0.03770625228145601,0.031692175737183866,0.03405366922053692
2024-03-29,19660000.0,2.1,18.7,8.438069310396516,11.292683959556438,0.0,0.741154921386347,0.6963592099534843,0.43514222549368026
2024-03-30,17830000.0,2.3,17.2,8.62465481803423,6.641522848199242,1.36,0.44959228648558947,0.4096547910220282,0.33383797147989236
2024-03-31,20320000.0,4.7,18.3,6.728775391900107,3.4868743209338064,0.0,0.4520195170034712,0.40441014648451457,0.4101181319238051
2024-04-01,22600000.0,7.1,20.7,7.602347717111321,4.642182035852646,0.0,0.5847933514165562,0.5287609231011631,0.5109573664573104
2024-04-02,17900000.0,11.4,24.1,11.493537499919181,6.27637377768085,2.35,0.6005021518261378,0.5524597578739386,0.5464795389923358
2024-04-03,3290000.0,8.2,13.2,12.721906239820528,6.300317979026319,1.33,0.05773950601954586,0.05018496033719986,0.05573483984566868
2024-04-04,7210000.0,9.8,13.9,8.18763018840362,9.718352721091904,0.0,0.46342691506520406,0.4463879358318706,0.36903824247602274
2024-04-05,15080000.0,8.5,17.5,10.376665267614264,3.6514907051838996,0.0,0.33105701340540816,0.2944289075776011,0.30134378473108214
2024-04-06,16079999.999999998,6.8,19.7,9.129551659494169,5.432340680253097,0.0,0.4636227930450233,0.42433922093261456,0.41469273805887796
2024-04-07,22320000.0,11.7,23.0,9.08475069545515,3.875967592797664,0.0,0.5582970724113836,0.4988468200155646,0.5462827693217319
2024-04-08,13810000.0,9.8,22.5,10.29711114036792,5.231807993984802,0.0,0.4827653088101723,0.4468436469467165,0.4673379681409317
2024-04-09,23580000.0,6.0,16.7,7.145279130564898,10.984402367233535,0.0,0.7367333885778544,0.6816915466154403,0.5132491312503854
2024-04-10,20260000.0,8.7,18.9,10.528411939763185,1.3827776277007884,0.0,0.3537619795825535,0.3036436587085941,0.317449158725188
2024-04-11,12470000.0,9.9,19.7,10.194785049287605,3.621560453502065,0.0,0.3481503216572893,0.3166165472494763,0.3495511468917779
2024-04-12,22380000.0,13.1,24.5,11.63337585061905,2.008319887851145,0.0,0.4813556648717883,0.4201136911955228,0.45402859319739575
2024-04-13,23760000.0,9.0,27.0,11.205630590363809,3.70237213304302,0.0,0.6747280747995699,0.6106575509863874,0.5740171021672852
2024-04-14,22640000.0,13.3,26.9,11.597461531501057,6.761243854926581,0.0,0.8510528152288866,0.7876730641940445,0.719194613502415
2024-04-15,6670000.0,13.3,18.6,16.454468583829637,4.669119262366299,1.6100000000000003,0.1732779761270791,0.15599897091062828,0.1497746974813161
2024-04-16,21060000.0,8.4,21.9,10.090470634774837,8.820445170636846,0.09000000000000001,0.7526388030347425,0.6989832786043452,0.556915730049223
2024-04-17,22610000.0,10.6,23.3,11.32321484809109,3.1845787789472704,0.0,0.5222252709081365,0.46246831349598516,0.4718362394592398
2024-04-18,24420000.0,9.8,25.1,10.791786858021405,4.74693791673907,0.0,0.7338836517546992,0.6687149993191597,0.5894328526512609
2024-04-19,23550000.0,14.1,27.5,10.56139658221522,4.893596149980063,0.0,0.7826151265769754,0.7159112319719433,0.7150972792790261
2024-04-20,4450000.0,13.6,16.9,15.100617782014998,11.04725589576539,0.58,0.22604736814614976,0.21468589587141101,0.16954523798759596
2024-04-21,6870000.0,13.7,18.3,13.731660451232374,8.682766012900405,0.020000000000000004,0.3446897563546383,0.3268744391021345,0.2883003020695075
2024-04-22,10880000.0,10.7,17.8,11.712074153705798,9.053901133755161,0.020000000000000004,0.42230516884575386,0.39511976667195764,0.3307524243391259
2024-04-23,16830000.0,8.8,18.0,11.81773353157128,9.460952556628122,0.58,0.46529652733844096,0.42403899219003494,0.3262207172833093
2024-04-24,15950000.0,8.9,20.5,11.32321484809109,7.422702417095142,0.06999999999999999,0.4905368472014883,0.4502898509484372,0.41580090218761556
2024-04-25,25070000.0,14.0,25.6,11.89419319393131,5.27371034633937,0.0,0.7164512149019726,0.6466281958385927,0.6528727521254403
2024-04-26,15700000.0,12.5,25.2,14.26244046762805,3.9567792723386193,0.0,0.4606539596778929,0.41765283963423727,0.4347415007001585
2024-04-27,25890000.0,15.8,29.2,11.092256960555304,4.54341220530259,0.0,0.844446919871579,0.7691134854456968,0.7753695619989406
2024-04-28,22280000.0,13.2,29.9,13.967940532621586,10.272062377205856,0.7400000000000001,1.2679121077697135,1.2040346393742243,0.8556273354209234
2024-04-29,6180000.0,13.6,16.1,15.353265549273821,6.455955287771862,0.8,0.17749988490089613,0.16185527240128408,0.1369221953903155
2024-04-30,14570000.0,11.0,23.4,14.029492709327661,8.829424246141397,0.48,0.5367182097599819,0.49802259645913266,0.44466302716183675
2024-05-01,16010000.000000002,5.8,18.4,10.235607520824425,7.006671918717631,0.0,0.43431974252815814,0.396253745358523,0.34727683572958723
2024-05-02,26330000.0,9.3,23.3,10.694246745243774,3.669448856193001,0.0,0.6361636269804005,0.5674677321627843,0.5282903265189424
2024-05-03,26470000.0,8.9,27.0,11.597461531501057,2.639848198337869,0.0,0.6522849644522661,0.5809734670179388,0.5535135966882138
2024-05-04,25460000.0,17.4,27.4,14.126144968943906,4.504502878116204,0.2,0.739124227962352,0.6651549940794947,0.6741897391069069
2024-05-05,4410000.0,17.2,18.8,19.102717803219726,9.718352721091904,4.98,0.1702713208099108,0.15837944328397918,0.12837387506134118
2024-05-06,17420000.0,13.5,23.7,15.344923561798897,8.87431962366415,0.05,0.5927652613213468,0.5452684620791974,0.4685827893577022
2024-05-07,9110000.0,9.7,17.5,12.8890997011147,7.0455812459040175,0.87,0.27589132802696803,0.2534569023560859,0.22517496907582757
2024-05-08,16530000.000000002,6.7,17.8,9.771923254296643,7.431681492599692,0.010000000000000002,0.4657863239236577,0.4263416877342053,0.3719682090968853
2024-05-09,26330000.0,10.4,23.6,10.018584259761521,6.82709040862662,0.0,0.8289743273265813,0.7593175293110195,0.6571610305507928
2024-05-10,26560000.0,13.7,26.7,12.004656113565089,7.491541995963362,0.0,0.9414289095375429,0.8669490709382084,0.7663221756016337
2024-05-11,15780000.0,15.3,23.8,17.246548937680057,13.19624796652116,1.1300000000000001,0.6508248000482408,0.6070655567644724,0.4477224588943315
2024-05-12,23410000.0,10.9,23.3,11.082854886571562,7.296995360031433,0.0,0.7386695534345236,0.6766168502587051,0.6043038615026571
2024-05-13,27220000.0,12.4,24.4,10.588451652211019,3.9058978444794996,0.0,0.6778857602771433,0.6039393309086781,0.6133036478944233
2024-05-14,27270000.0,14.6,26.5,12.146549543176405,4.869651948634594,0.0,0.7679065743368415,0.6909851167620834,0.6942195633439022
2024-05-15,25890000.0,7.6,25.8,10.096241120688008,10.996374467906268,1.6600000000000001,1.2544117045042018,1.1863218956043537,0.7780176842161273
2024-05-16,26550000.0,9.5,20.8,9.522401890264938,11.319621186070089,0.0,0.9007498274528647,0.833107179132492,0.6287112282156018
2024-05-17,26420000.0,12.2,27.0,12.286485060212904,6.051896890067086,0.0,0.9105285699990416,0.837199931677131,0.7047758438155821
2024-05-18,27330000.0,16.2,28.5,10.779551674054137,5.363501101384876,0.0,0.8913674219689108,0.8120260494273032,0.8360452083089969
2024-05-19,27170000.0,15.3,31.0,12.835531487708225,5.133038163434745,0.0,1.041823966603236,0.9619912080462052,0.8371997470793335
2024-05-20,25920000.0,14.0,29.4,13.258603740045688,10.188257672496716,0.0,1.3452885409646735,1.2707981228126486,0.9053176495508295
2024-05-21,22780000.0,11.5,24.6,13.944919694925499,8.452303074950272,0.0,0.7500211004804371,0.6885358603104349,0.5595993895017902
2024-05-22,25590000.0,16.8,31.4,14.31335786509159,4.456614475425268,0.0,0.910126116254868,0.8338957363723326,0.7816662645965261
2024-05-23,26860000.0,15.4,33.5,12.30364696735845,8.27272156485926,0.0,1.4798807688993318,1.3994732749446186,1.1084881935034157
2024-05-24,24710000.0,16.6,30.5,12.856935243854805,11.466279419311082,0.0,1.4454166910037676,1.3723854995586793,1.0568229042560846
2024-05-25,16070000.0,13.4,26.0,12.03157048822397,9.23048961867799,0.0,0.826055211166393,0.7813755236066248,0.7063974215696828
2024-05-26,19050000.0,15.8,28.8,18.821578479591942,12.861029147684604,0.8500000000000001,0.9086389067942136,0.8533775367930987,0.655611402755326
2024-05-27,23430000.0,14.7,26.1,11.048440592070852,10.260090276533122,0.0,1.0300963339336309,0.9641719562565305,0.8516752944991808
2024-05-28,19570000.0,11.7,25.6,11.493537499919181,6.689411250890178,0.0,0.7862122001190924,0.7328047833846086,0.6444048244737492
2024-05-29,25690000.0,17.2,30.9,12.928507848365959,4.378795821052497,0.0,0.8893748050257457,0.812900702330426,0.800877472571069
2024-05-30,17730000.0,19.3,30.6,12.427836179358247,5.26473127083482,0.0,0.7665789930948097,0.7131365324675117,0.8089543513254422
2024-05-31,26950000.0,15.8,30.3,11.705498121973273,9.12872676295975,0.0,1.3687947595162115,1.2897256498503782,1.0242503936398766
2024-06-01,19690000.0,14.4,27.7,13.539940505422695,7.671123506054374,0.010000000000000002,0.8575962914033972,0.8015968720811072,0.7181285319964976
2024-06-02,20540000.0,14.5,28.0,13.1416915244276,8.619912484368552,0.15000000000000002,0.9700731251155996,0.9114666331620185,0.7803470615252411
2024-06-03,23580000.0,12.1,26.8,13.667490512428047,6.671453099881076,0.04000000000000001,0.8469391226925376,0.7816639500068632,0.6454156476055894
2024-06-04,27440000.0,13.0,28.0,12.640785170222808,6.36017848238999,0.0,1.0010866375693763,0.9237501528716534,0.7625040935883247
2024-06-05,25460000.0,16.2,30.8,13.01485705187935,6.435004111594578,0.0,1.0892628918718852,1.014069687982695,0.8889000076384
2024-06-06,18930000.0,17.4,29.1,13.686336619315933,3.0648577722199293,0.0,0.5899315880058085,0.534228077601157,0.5925770675061942
2024-06-07,19660000.0,19.4,31.4,13.754371773398397,4.609258759002628,0.020000000000000004,0.7506045632075663,0.6909847119079241,0.7781229826245172
2024-06-08,10680000.0,19.0,25.0,20.672358468683903,4.582321532488976,0.68,0.3620797269798282,0.3312420764298252,0.3256566588141291
2024-06-09,18420000.0,17.9,30.7,18.294466689060926,3.738288435061222,0.010000000000000002,0.6156820991100214,0.5606557925226267,0.5781093964828053
2024-06-10,24410000.0,19.2,34.3,18.241018165750784,5.644845467194127,0.0,1.0516993602354348,0.9763740948069932,0.871106535523978
2024-06-11,26490000.0,20.8,35.9,16.321936764264702,5.4832221081122166,0.0,1.1914288725692077,1.1080946826745202,1.0102197413808833
2024-06-12,26380000.0,20.8,35.5,15.822532072817673,5.947141009180664,0.0,1.2129796726214186,1.1301846789198242,1.03710733861648
2024-06-13,24210000.0,20.6,37.4,16.579015619099724,3.262397433320042,0.0,0.9601123813080745,0.8833833093291619,0.8416464902023503
2024-06-14,27030000.0,22.4,36.7,17.260413895182932,5.74960134808055,0.0,1.2115168238612108,1.1253255983070336,1.0638576733884002
2024-06-15,22660000.0,20.1,34.3,21.498682441615166,5.8543572289669745,0.45999999999999996,0.9349035510581654,0.8645881816189325,0.7919738372482541
2024-06-16,25830000.0,19.0,32.0,14.352633650980335,8.73963349109589,0.020000000000000004,1.2227494011100566,1.1443146184050896,1.042102071619169
2024-06-17,18210000.0,18.3,31.8,13.417143317321695,5.396424378234895,0.0,0.8619217220408888,0.8069579158322586,0.8207146444425046
2024-06-18,26980000.0,20.1,35.8,14.96138772933716,7.0006858683812645,0.0,1.4301220464997795,1.3456428653396681,1.133830208121625
2024-06-19,24170000.0,21.2,38.3,15.183047980539696,4.094458430075062,0.0,1.1064480844020006,1.029208301185821,0.9732801854618913
2024-06-20,17960000.0,20.2,31.4,19.072420812994945,6.324262180371788,0.0,0.7468652427939579,0.6921125720063226,0.7198266328554768
2024-06-21,15520000.0,21.9,32.4,22.042571038563203,4.226151537475136,0.06999999999999999,0.5936565120956001,0.5455264991147291,0.5877167754198206
2024-06-22,4570000.0,23.5,25.0,28.65139878139347,5.68974084471688,4.08,0.15470007487550416,0.14105762815228892,0.13210146113866075
2024-06-23,15230000.0,21.3,29.9,25.670360527620435,7.509500146972464,0.05,0.5722908981656855,0.5259826420846723,0.4753679111233445
2024-06-24,22640000.0,18.6,32.3,21.054449989291008,10.1553343956467,0.04000000000000001,1.0628528216320539,0.9941503135051555,0.8077385579579751
2024-06-25,20440000.0,18.0,28.8,15.960132045543995,8.28768669070018,0.0,0.8622274895739872,0.8019482189180185,0.7648869158119943
2024-06-26,24610000.0,17.6,31.3,16.23410329881812,3.3222579366837124,0.0,0.7642912057779907,0.6906192613913381,0.6794428749974759
2024-06-27,14010000.0,17.5,28.8,18.931590738048598,3.5108185222792745,0.0,0.4593883917517318,0.4182232483073446,0.4510725121853481
2024-06-28,26940000.0,20.9,34.0,20.280370908010422,4.561370356311692,0.0,0.922537167380912,0.8386860019613016,0.8131034108662298
2024-06-29,12550000.0,23.6,31.2,26.729422991255394,10.41872061044685,5.4,0.6751000049699701,0.636061583800933,0.5773054914175217
2024-06-30,13830000.0,22.9,27.9,29.320769114375086,8.940166177364187,2.8100000000000005,0.4477795299869844,0.40583942095982,0.2994661046302195
2024-07-01,23370000.0,22.3,31.5,26.78370278890784,5.327584799366674,1.9800000000000002,0.7353701926303956,0.6631193197770413,0.5894495966016047
2024-07-02,8450000.0,22.4,29.0,29.527180475547368,10.26607632686949,0.67,0.35170659559176926,0.3259797352134665,0.2738951919870946
2024-07-03,21930000.0,21.7,32.3,28.200755693562098,8.733647440759524,0.09000000000000001,0.771336542825481,0.7034535700250817,0.5918949666544802
2024-07-04,26040000.0,24.5,33.7,28.33600768062383,9.556729362009994,0.020000000000000004,1.027109533040712,0.944487967709164,0.7967636592302594
2024-07-05,25290000.0,23.8,32.5,26.519995151625295,7.611263002690703,0.0,0.9201819893018293,0.8408080169472683,0.7358647657797447
2024-07-06,20650000.0,25.9,32.9,30.116405971243857,12.253445038543349,0.0,0.9619080954244023,0.8961694669327187,0.7174139678363189
2024-07-07,14490000.0,25.8,32.3,31.279017515358202,10.508511365492357,0.06999999999999999,0.6904905159137531,0.6445413671774711,0.550676669589427
2024-07-08,6760000.0,24.9,29.1,31.11609911116252,8.883298699168702,1.57,0.3278427656890231,0.30691759942679325,0.2758339402970268
2024-07-09,7110000.0,22.7,27.5,29.320769114375086,7.88063526782722,3.3000000000000003,0.26074975033151737,0.2392749072483027,0.20419658748218028
2024-07-10,14610000.0,21.6,28.3,27.847518748521388,6.198555123308079,0.29,0.44461630240707484,0.4005782680153758,0.3318004529907549
2024-07-11,14750000.0,21.2,27.9,27.221418004182823,3.0828159232290306,0.19,0.4001617058391986,0.35594508532067776,0.3181723134795803
2024-07-12,23840000.0,21.8,31.4,26.742983925855093,3.432999867906503,0.06,0.6791450662349103,0.605717027976727,0.5501708744180605
2024-07-13,18240000.0,21.7,29.5,26.824475788069215,7.3688279640678385,1.29,0.6049532885473261,0.5494928426564739,0.4600995904906949
2024-07-14,11620000.0,21.5,26.7,26.749766646155784,9.251440794855275,0.9800000000000001,0.3989133604815748,0.36429839314140045,0.28111633079029363
2024-07-15,14590000.0,22.2,28.6,27.04969768466447,8.524135678986678,2.97,0.5281288400803871,0.48388399621152745,0.3987196132533197
2024-07-16,12690000.0,23.8,28.3,29.883979347911232,4.7978193445981905,2.6300000000000003,0.38977396126377,0.3509614927079277,0.30032681196920585
2024-07-17,14180000.0,25.4,30.1,30.800152090521784,9.35021062540533,0.05,0.5753774359771432,0.5310826306602976,0.4326428631217376
2024-07-18,6760000.0,24.4,28.1,31.00789844090435,9.9009272563511,0.65,0.2921095618307107,0.27138081414023135,0.22339730827357784
2024-07-19,13510000.0,22.2,28.5,28.839202793254433,6.300317979026319,0.15000000000000002,0.41699691923788845,0.3760545231738282,0.3108350316140075
2024-07-20,12750000.0,25.9,31.3,31.55220162181767,10.79284875646979,0.31000000000000005,0.6104165206096056,0.5701908684926689,0.4768838607249493
2024-07-21,21380000.0,24.6,33.2,31.310133791963317,7.341890737554186,0.05,0.7607350620399728,0.6930514896615835,0.591982688883664
2024-07-22,20890000.0,26.9,32.8,30.761814061755732,10.747953378947036,0.03,0.9280980751565346,0.8612678096124391,0.7066784186821709
2024-07-23,14160000.0,23.9,31.6,30.73117361425484,7.425695442263325,0.16000000000000003,0.534609179251732,0.4903768489776462,0.4347875998920717
2024-07-24,21870000.0,24.6,32.1,31.528704595240367,6.473913438780964,0.15000000000000002,0.7166671094954231,0.6478668553241576,0.5358980321864659
2024-07-25,21900000.0,24.9,33.2,32.5771293020376,4.540419180134406,0.9199999999999999,0.6894452945264231,0.619998340949848,0.5384780072071843
2024-07-26,21940000.0,25.4,32.5,31.795899830786848,6.470920413612781,0.33,0.7440298078862045,0.6745342131970887,0.5670531022824473
2024-07-27,18310000.0,25.9,32.0,33.16988980903357,6.78518805627205,0.6900000000000001,0.6361157719417597,0.5781183089172516,0.47967671438286896
2024-07-28,23700000.0,24.8,33.2,30.93081329522541,9.419050204273551,0.0,0.8876472363636548,0.8125345141042484,0.6598743866955189
2024-07-29,25030000.0,23.9,34.4,29.12292320622386,8.613926434032184,0.0,0.9458449457449427,0.8663835717818952,0.7566475513314085
2024-07-30,24150000.0,24.0,35.7,29.527180475547368,7.228155781163212,0.0,0.9054852623167384,0.8282257643325401,0.7700520108271951
2024-07-31,25960000.0,25.3,35.4,31.748604760992603,4.426684223743433,0.0,0.8428728311413367,0.7593782722809459,0.6888548717946762
2024-08-01,23480000.0,26.0,36.3,31.372447339361887,5.330577824534857,0.0,0.8493845883624956,0.7732381638384782,0.7321101746400029
2024-08-02,24680000.0,27.3,36.6,33.178074652970416,4.953456653343733,0.020000000000000004,0.8792543133363531,0.7985752276290404,0.739155200865492
2024-08-03,23480000.0,26.4,35.5,33.03917144654603,4.417705148238882,0.08000000000000002,0.7911608967941083,0.7151697945212535,0.652862672418617
2024-08-04,20960000.0,25.3,36.0,32.200394613426155,5.3485359755439585,0.22000000000000003,0.7559580199329965,0.6883326031452262,0.6530375487502263
2024-08-05,18800000.0,24.2,34.6,32.22432750672358,2.98105306751079,0.67,0.584124071517146,0.524274860105831,0.49341990325664264
2024-08-06,21760000.0,25.9,35.0,32.15257531427427,3.2055299551245544,0.6000000000000001,0.6948646626765903,0.6248047499343613,0.5817722472902993
2024-08-07,21910000.0,25.0,34.4,31.82746399630558,4.244109688484238,0.13999999999999999,0.7090311253356478,0.6390516367480314,0.5843618148260542
2024-08-08,22160000.0,24.2,35.5,29.846638128461016,5.611922190344108,0.09000000000000001,0.7879416646439931,0.7170484772597349,0.6864582739440751
2024-08-09,23650000.0,24.1,34.2,29.071820394765258,4.100444480411428,0.020000000000000004,0.7490577815306976,0.6739774181976541,0.6317534358944491
2024-08-10,23760000.0,24.4,35.2,28.586638869860447,6.662474024376526,0.010000000000000002,0.8806683032185296,0.8046975757586552,0.7594849843534182
2024-08-11,24440000.0,23.3,35.9,26.32537772601328,6.9079020881675754,0.0,0.9623953485769731,0.8844202563957223,0.840234391525301
2024-08-12,25540000.0,22.7,36.1,25.716202459960712,6.982727717372163,0.0,1.0331949012660435,0.9518891108700341,0.8675830197200817
2024-08-13,24740000.0,22.5,35.7,25.00403588302635,7.692074682231659,0.0,1.042378607000778,0.9638817741934622,0.879889631847117
2024-08-14,22950000.0,23.3,35.7,27.847518748521388,7.515486197308831,0.12,0.9114670814218373,0.8383259870785936,0.7893801033066511
2024-08-15,21330000.0,23.3,34.9,27.630457132255952,7.018644019390366,0.26,0.8172222453534271,0.7495449032442904,0.7262156376877794
2024-08-16,21430000.0,23.9,34.9,26.695546926658743,7.195232504313194,0.06,0.8573263342258007,0.789104600154286,0.7725208195752223
2024-08-17,21280000.0,23.9,35.3,27.214530958535327,6.345213356549072,0.16000000000000003,0.8168025237971881,0.748909317511713,0.7451292256026882
2024-08-18,23300000.0,24.2,36.3,25.539776755542736,8.20388198599104,0.010000000000000002,1.0166365542616986,0.941776518855772,0.9315831312381642
2024-08-19,21310000.0,26.0,36.8,30.0112445522804,5.68974084471688,0.2,0.8271605707538561,0.7578767850399889,0.7565468470518782
2024-08-20,17060000.0,25.7,35.8,31.607087410539158,8.443323999445724,1.34,0.7789164358057232,0.72381683104262,0.6971189399697973
2024-08-21,14030000.0,25.6,32.3,33.03917144654603,6.0788341165807385,0.26,0.5092189851277399,0.46477854786756245,0.41871833528602476
2024-08-22,20760000.0,23.9,33.8,31.364652236155187,9.69740154491462,0.22000000000000003,0.7902218394455816,0.7245381917472102,0.611115273214011
2024-08-23,22700000.0,24.8,35.7,26.005992913123727,4.788840269093639,0.0,0.8093718015864028,0.736439492414105,0.7542097636171238
2024-08-24,23290000.0,23.8,35.7,27.61650402514517,3.3910975155519334,0.05,0.7296433220659224,0.6552157444447053,0.6526941427685065
2024-08-25,19450000.0,23.8,35.2,29.63086078916157,3.64251162967935,0.4,0.6313640126698085,0.5693773335858829,0.5648861902734479
2024-08-26,19180000.0,24.2,34.5,29.74229920213391,3.4868743209338064,0.24,0.6136105135951809,0.5525853083704971,0.5403660202704398
2024-08-27,8300000.000000001,22.7,30.0,25.552808962012143,7.979405098377277,0.32000000000000006,0.4641088724474587,0.4386253815707696,0.4496183005036133
2024-08-28,18140000.0,24.4,31.0,25.683450931458196,11.735651684447602,0.0,0.8837429081285375,0.8271118683601089,0.6993574478192042
2024-08-29,19300000.0,24.1,31.4,27.394089489877853,11.59198647637479,0.05,0.8471662798738077,0.7868778636103999,0.6470403464355015
2024-08-30,18360000.0,21.8,34.1,26.19188675227098,8.32958904305475,0.0,0.7750491469372793,0.7175607197282486,0.693802216509307
2024-08-31,23540000.0,21.3,34.3,23.71658741738416,6.734306628412931,0.0,0.8918784991752846,0.8183015577961295,0.7737129662306108
2024-09-01,22720000.0,23.4,34.7,24.1474112269503,3.687407007202103,0.0,0.7205989874148232,0.6485517369463397,0.6734110266562198
2024-09-02,18490000.0,22.9,34.4,24.271753501123545,7.713025858408942,0.17,0.8123835627712674,0.7540150823319796,0.7764353491545829
2024-09-03,14530000.0,20.2,29.7,20.057805948898967,8.545086855163962,0.08000000000000002,0.6878607372889879,0.644063842031535,0.63995527885616
2024-09-04,21960000.0,20.4,32.0,20.994000760122624,6.752264779422032,0.0,0.7832817418247129,0.7159870975026679,0.7213810260526675
2024-09-05,17650000.0,24.3,35.5,23.57650555098188,5.570019837989539,0.86,0.744465745366693,0.6879702526057223,0.761759676986548
2024-09-06,14450000.0,22.3,34.1,26.57390336915721,7.096462673763137,0.36000000000000004,0.6287457961821404,0.5833672038381723,0.6163832434804613
2024-09-07,14530000.0,23.6,32.0,29.394342447323616,3.9537862471704357,0.49000000000000005,0.4681048175977215,0.42268965369631434,0.4134259119176768
2024-09-08,15830000.0,23.5,32.3,28.443185188952054,7.542423423822482,0.33,0.6169842127171005,0.5674469760069587,0.5350612665356203
2024-09-09,17330000.0,23.8,32.6,28.428874441212706,8.47624727629574,0.06999999999999999,0.6951926879569312,0.6407697810143037,0.5891664369147721
2024-09-10,20550000.0,24.8,35.8,27.896738184982706,3.528776673288376,0.0,0.6714766305873409,0.6054170375089635,0.6214275443551001
2024-09-11,12500000.0,24.2,31.2,31.185830437395172,4.6122517841708115,1.3800000000000001,0.40881545009122433,0.3697918559839829,0.3483033215906898
2024-09-12,14100000.0,24.4,32.5,31.24792821052777,3.540748773961109,0.15000000000000002,0.44657026863946686,0.40216210653505574,0.38883084067348667
2024-09-13,19540000.0,23.5,33.9,29.63086078916157,3.0319344953699106,0.12,0.5741045243874661,0.5123862154307003,0.49571952145091946
2024-09-14,19580000.0,24.2,34.2,29.719982311925627,7.299988385199616,0.06999999999999999,0.730633112786502,0.6684388795116669,0.6298714336397785
2024-09-15,16110000.0,24.5,31.4,28.3931250648825,13.15434561416659,0.06999999999999999,0.7915738564528,0.741130579637033,0.6038423871134715
2024-09-16,8160000.0,23.3,29.5,28.52918179686222,8.120077281281903,0.0,0.3742067011400541,0.3491371104037951,0.3365503198306762
2024-09-17,16120000.000000002,26.0,35.9,33.06364687995089,3.504832471942907,1.02,0.5508079862732113,0.49863692287293804,0.4979057237394904
2024-09-18,13550000.0,23.9,34.2,32.12073018951968,2.4153713107241046,2.2800000000000002,0.4120300584221016,0.3690617378302024,0.36726450929411714
2024-09-19,16300000.0,25.6,33.7,31.938153838805956,2.7266459282151905,0.1,0.4992820417897816,0.447248974867516,0.4303160971664017
2024-09-20,5420000.0,19.2,27.6,30.138982338680748,6.668460074712892,7.240000000000001,0.12588362123641533,0.10989958762803217,0.0775522879560931
2024-09-21,3720000.0,20.0,22.5,24.377884120992878,6.677439150217443,4.78,0.11099673923463789,0.10038251576495325,0.09288938754171958
2024-09-22,8460000.0,16.6,24.0,18.746891627091415,7.288016284526883,0.08000000000000002,0.33614343812542835,0.3123797289128247,0.3121724722595046
2024-09-23,19660000.0,13.2,24.0,14.916584636378138,6.351199406885439,0.0,0.5135679427476295,0.4599636331551693,0.4496137922116577
2024-09-24,16780000.0,17.5,24.8,19.305777350748937,5.644845467194127,0.0,0.45005329764959984,0.4022525034780326,0.3787221178956998
2024-09-25,16990000.0,17.9,27.0,21.498682441615166,5.623894291016843,0.0,0.4593965968798221,0.40999761712723215,0.39014086798028086
2024-09-26,18150000.0,18.7,28.6,22.266941068738355,2.3704759332013516,0.010000000000000002,0.42516767124352023,0.3714470552967609,0.37608298812382374
2024-09-27,14700000.0,18.6,26.5,22.952083710657742,4.866658923466411,0.15000000000000002,0.37892937181867076,0.3361234941253501,0.31673628818745037
2024-09-28,16579999.999999998,17.9,26.4,21.23671270191245,9.044922058250611,0.04000000000000001,0.5173087142781755,0.46932362016659407,0.40686358951883783
2024-09-29,16550000.0,15.5,25.4,17.875461784280777,6.9498044405221435,0.04000000000000001,0.47722154203029427,0.4306162271238957,0.41818698853192926
2024-09-30,15950000.0,17.2,26.2,19.691614962408394,2.762562230233393,0.0,0.3668167836102797,0.32097873694651424,0.33568495120149755
2024-10-01,13240000.0,11.6,28.6,13.61484264779683,9.628561966046398,0.06999999999999999,0.9216712077197791,0.8846063709838553,0.6855571915407059
2024-10-02,15340000.0,11.7,20.8,10.382579636575572,4.998352030866486,0.0,0.4259993267131252,0.3860170802677155,0.42707646029312213
2024-10-03,7660000.0,11.6,20.7,14.674271352368114,5.947141009180664,0.63,0.24505881036397134,0.2251341231898894,0.24523761985656806
2024-10-04,16770000.0,12.9,23.1,13.910450925524078,5.246773119825719,0.0,0.4232737774367904,0.3780522839878397,0.4026654492903991
2024-10-05,15600000.0,13.7,24.1,14.839474846789178,4.761903042579988,0.0,0.40119174091487037,0.35842611296825866,0.3937859939671965
2024-10-06,6500000.0,12.8,21.7,17.441549725636463,3.340216087692813,0.36000000000000004,0.15455336592079572,0.13727369045132176,0.1625185265936309
2024-10-07,7670000.0,13.2,20.4,14.989960256317975,3.6724418813611845,0.12,0.20969810375365316,0.1894863772922516,0.218793055850136
2024-10-08,15670000.0,12.5,23.9,15.994695645068077,3.456944069251971,0.09000000000000001,0.32267419157994504,0.2802614186055137,0.3108711257020974
2024-10-09,13370000.0,12.0,21.9,14.014082372731384,5.662803618203228,0.03,0.34880893486977577,0.3134727773907636,0.33547801490180584
2024-10-10,16900000.0,12.6,23.3,14.368370445416433,3.699379107874836,0.0,0.3559930579154761,0.3104636167881572,0.3490155193169175
2024-10-11,17040000.0,14.3,23.9,14.60225456641406,2.9511228158289553,0.0,0.35500323959957436,0.3081228034134168,0.35271287107572113
2024-10-12,17520000.0,10.5,24.2,13.065461147366204,3.2264811313018393,0.0,0.37526186819848495,0.32859661631789594,0.36386950323215667
2024-10-13,12930000.0,14.9,23.3,16.330742995334557,6.779202005935683,0.06999999999999999,0.38548077681473386,0.34990776977911076,0.3567145019985253
2024-10-14,3200000.0,17.6,20.6,20.710292480518863,1.9843756865056765,2.64,0.08254264678746726,0.07373880900602921,0.09325901521653676
2024-10-15,5700000.0,15.4,22.2,19.999869748999505,4.693063463711767,0.08000000000000002,0.14273054165239873,0.12713271993860456,0.13989819481097104
2024-10-16,14360000.0,15.1,24.8,18.544070814657175,5.758580423585102,0.0,0.35236167234881377,0.3122641598483795,0.3228132160213152
2024-10-17,10840000.0,15.7,22.9,17.723474716742157,6.647508898535608,0.0,0.31841729169613714,0.288488499070515,0.2919864653262056
2024-10-18,6960000.0,19.6,25.4,23.869675178134106,5.525124460466786,1.2300000000000002,0.21746660400358322,0.1972147421417006,0.20507172712779537
2024-10-19,6930000.0,11.6,22.5,12.906999387217484,12.672468562089042,0.75,0.5271702164305988,0.5088187964556367,0.4629442670755359
2024-10-20,8240000.0,10.4,15.3,10.880858125823854,10.96345119105625,0.0,0.35816705085672546,0.3382226809826418,0.27574147983131947
2024-10-21,6480000.0,16.1,19.7,17.37633578586389,3.2324671816382065,5.120000000000001,0.15953431796464457,0.1420932334063972,0.16291055065667273
2024-10-22,3370000.0,13.2,20.6,19.148242338438088,6.973748641867613,1.4900000000000002,0.06465384289045943,0.05575584827245211,0.06780207686897502
2024-10-23,13930000.0,6.1,18.0,10.397378546935764,11.065214046774491,0.0,0.38627831819790115,0.3531978455571869,0.32025961208912146
2024-10-24,15930000.0,7.5,18.8,10.376665267614264,4.923526401661898,0.0,0.29808145634087374,0.2592539766716128,0.30473106149328527
2024-10-25,12630000.0,12.4,20.8,14.57831803104379,6.219506299485364,0.0,0.2993459871365646,0.2661953694278672,0.28166646104218074
2024-10-26,12510000.0,11.2,21.4,14.734523365682799,5.824426977285138,0.0,0.2728254139486177,0.24018638454609675,0.26709998085094155
2024-10-27,4900000.0,10.9,17.8,15.145905644104875,3.594623226988413,0.29,0.09696513726600961,0.08469475384803342,0.10619517958110655
2024-10-28,8150000.0,12.5,18.4,13.622352845637055,9.894941206014732,0.11000000000000001,0.31492943992639433,0.29403372382647364,0.2660404950151539
2024-10-29,7230000.0,11.0,19.0,12.778607850732318,4.672112287534482,0.0,0.20744881302555482,0.18908727536216735,0.229806478938833
2024-10-30,14500000.0,10.6,20.9,12.532167719621587,4.450628425088901,0.0,0.28464130081520694,0.24723235870366794,0.3010314831343965
2024-10-31,12190000.0,13.2,21.0,14.774811941550311,3.5467348242974768,0.05,0.2358696661445517,0.203557728865046,0.2436566182648497
2024-11-01,1170000.0,13.6,15.6,16.13796564581773,4.175270109616017,4.760000000000001,0.020553881714598713,0.017607982733058462,0.053693834580730085
2024-11-02,8870000.0,8.9,21.6,14.332983943837812,4.4745726264343695,0.03,0.18945491699071548,0.1668085666363486,0.21528260692113915
2024-11-03,12700000.0,10.8,20.3,13.944919694925499,3.2983137353382443,0.0,0.20649835729982255,0.1738688946218233,0.21708790268981862
2024-11-04,10660000.0,7.5,20.8,11.307261908536022,6.240457475662649,0.0,0.31392192561636223,0.2873449998798392,0.3200606429634192
2024-11-05,11970000.0,3.1,16.0,6.7025915685322195,8.643856685714018,0.0,0.4238871673591792,0.3972186238916183,0.37531012746175113
2024-11-06,14330000.0,3.1,12.7,5.44234281317512,5.905238656826094,0.0,0.29905233157287986,0.26855673091560284,0.3130822683211495
2024-11-07,13130000.0,8.6,16.1,10.459736988645881,2.409385260387737,0.0,0.16935797392134222,0.1379514078846406,0.18711098047365135
2024-11-08,12700000.0,10.2,18.0,12.567115605165878,3.6933930575384695,0.0,0.19433496780891418,0.16270709109561135,0.20334124676720414
2024-11-09,10170000.0,9.0,18.1,12.817718955958933,4.076500279065961,0.0,0.16409003460632648,0.13907363712921705,0.178477684726256
2024-11-10,5940000.0,9.6,17.6,13.413437516786983,2.361496857696801,0.0,0.10080723490290722,0.08617929983319925,0.12283115360991292
2024-11-11,11500000.0,8.3,20.0,13.123506070571173,4.818770520775474,0.0,0.1908907921230482,0.1622196245836471,0.21547733233500424
2024-11-12,12630000.0,8.2,18.8,9.901666797546923,5.327584799366674,0.0,0.2703444681605267,0.2393122125699661,0.30894284328299404
2024-11-13,11700000.0,8.9,18.4,11.754897628675133,5.662803618203228,0.0,0.22606583518236695,0.19722059588667953,0.24253257650750576
2024-11-14,7320000.0,11.7,17.7,13.439397017883945,1.5833103139690845,0.010000000000000002,0.11114696981867303,0.09267624802730409,0.13098192792436691
2024-11-15,5100000.0,12.1,18.2,14.562379487546561,3.316271886347345,0.0,0.11476660104046547,0.10177309797327524,0.1370536411396118
2024-11-16,11310000.0,11.9,21.2,14.782881252432809,5.1150800124256435,0.0,0.2203589455392148,0.19070253721944547,0.2389815848641804
2024-11-17,3970000.0,0.3,13.7,4.93753897829564,9.870997004669265,0.0,0.48207082105333193,0.47384175185634564,0.3791986750397766
2024-11-18,12850000.0,-0.1,8.3,4.471838699496117,3.666455831024818,0.0,0.1594983599983994,0.1351887081065349,0.1940494731724973
2024-11-19,8570000.0,3.3,10.6,7.8925236786069135,2.7805203812424946,0.0,0.0965758055886805,0.07883824217306416,0.11926344804195396
2024-11-20,10900000.0,4.9,12.1,7.570943478387473,4.54341220530259,0.0,0.1711803811618322,0.14758575585108666,0.19538290328546504
2024-11-21,9650000.0,4.5,14.3,8.349779727182728,6.2494365511672,0.0,0.20246499819250507,0.18105203956713373,0.22413278549770496
2024-11-22,12130000.0,0.2,11.5,5.648070602966162,4.38178884622068,0.0,0.16834486953613945,0.14406686572735897,0.21156271535058657
2024-11-23,10130000.0,0.9,11.6,7.349938053211951,3.735295409893039,0.0,0.11083425802506305,0.09030709300913803,0.14322025749220138
2024-11-24,10800000.0,3.9,13.0,8.327835061214646,2.379455008705902,0.0,0.10366510124773998,0.08031972736223672,0.13638701369455258
2024-11-25,9930000.0,6.9,14.9,10.388496973575945,6.764236880094765,1.94,0.17624547011180386,0.1533273892362249,0.18307648172093466
2024-11-26,6390000.0,3.6,11.9,6.610662509231558,12.127737981479642,0.29,0.37239819051882905,0.35885830411747804,0.2919502513952238
2024-11-27,7700000.0,0.8,6.3,5.207781085880625,9.550743311673628,0.06999999999999999,0.23649627101894516,0.22219637040243295,0.19169998945021874
2024-11-28,9550000.0,-0.1,8.8,5.729818009890759,11.131060600474527,0.06,0.25972967866737245,0.2415127111763447,0.2092253840878751
2024-11-29,10050000.0,1.9,7.2,5.5503158399015575,12.349221843925223,0.0,0.3090437565473921,0.2897466528740789,0.21817346317722755
2024-11-30,9220000.0,3.1,10.5,6.590826002796696,6.647508898535608,0.0,0.19840715193909084,0.17940970701581868,0.20736350391195307
2024-12-01,9840000.0,5.5,13.5,8.522208907211343,1.6760940941827738,0.0,0.08988085614293026,0.06798730650148713,0.12496209622915595
2024-12-02,10810000.0,0.5,16.5,7.345576674254458,8.658821811554937,0.010000000000000002,0.40256091194092186,0.3791611046373292,0.31199910925584917
2024-12-03,9280000.0,-1.0,7.2,3.50446295849889,6.279366802849035,0.0,0.23720256875223084,0.22023208785088752,0.2505424032088302
2024-12-04,10810000.0,-0.1,6.7,4.449401746083418,6.432011086426395,0.0,0.19831777116687457,0.17841279318002884,0.20505857433763688
2024-12-05,7950000.0,1.4,8.4,5.896459045331467,10.406748509774115,0.0,0.2498067265060726,0.2343671697876178,0.2047377949003412
2024-12-06,9830000.0,-1.5,7.6,4.351036861432001,10.457629937633234,0.0,0.2979271836638978,0.2799819640976403,0.24616748205860736
2024-12-07,9820000.0,-3.3,6.2,4.211764920272719,10.1732925466558,0.0,0.24324916780079014,0.22631594673346175,0.20395015537890188
2024-12-08,11110000.0,-2.1,3.4,3.4920288600594125,8.883298699168702,0.0,0.24263008057734664,0.22403429560715962,0.20323678045090285
2024-12-09,10840000.0,-0.4,6.2,4.743084087474441,8.006342324890928,0.0,0.2049167910667371,0.18523051898417364,0.1905462669724937
2024-12-10,10960000.0,0.5,7.3,4.605692382369646,6.8570206603084545,0.0,0.2117755282349049,0.1911794724871157,0.21678612260488367
2024-12-11,9020000.0,-1.5,8.5,4.710607238807143,3.076829872892663,0.0,0.10670014841649933,0.0899772972874339,0.15349705052815218
2024-12-12,10940000.0,-1.7,6.4,3.2951230580121025,6.800153182112968,0.0,0.23897210082098513,0.21948470527471478,0.2467079968777603
2024-12-13,7280000.0,-3.6,6.5,3.4830104968205484,8.326596017886565,0.020000000000000004,0.25475160628000537,0.24219826113029552,0.23806952940248177
2024-12-14,10900000.0,-1.7,3.1,3.8763910226659535,9.062880209259713,0.0,0.21736363226877894,0.19908491605904172,0.17982113530213573
2024-12-15,3180000.0,-3.2,5.0,4.467624148813176,9.164643064977952,0.0,0.18513347312028647,0.1797605964707686,0.15956587594178534
2024-12-16,10560000.0,-2.1,6.6,4.307337134307638,7.311960485872351,0.0,0.19465217275240418,0.17590847131516443,0.19738848504194456
2024-12-17,10660000.0,-4.1,5.8,3.812478024977945,8.769563742777727,0.0,0.21978852450584982,0.20181124499612152,0.2034090341681797
2024-12-18,10990000.0,-4.3,1.3,2.7266899137689573,8.45828912528664,0.0,0.22636368684134886,0.20945474394404484,0.19180584591792654
2024-12-19,10930000.0,-2.1,5.1,3.3752966174681642,2.086138542223917,0.0,0.08328590904886983,0.0644040789184497,0.12831431854921718
2024-12-20,9170000.0,-0.8,7.0,4.948289863571397,4.0585421280568585,0.09000000000000001,0.11440911985300835,0.09763979766924566,0.1476626784285923
2024-12-21,8570000.0,-6.0,4.5,3.447143475170201,12.825112845666403,0.04000000000000001,0.2833602427426088,0.2697718500960638,0.20384658174358394
2024-12-22,11010000.0,-4.8,0.3,2.648002347837456,11.744630759952148,0.0,0.28745133525329847,0.2710263779489523,0.19407752172085296
2024-12-23,9950000.0,-2.5,6.2,4.385450252630151,9.652506167391866,0.0,0.2288235942351215,0.21141442324836146,0.19785749947717785
2024-12-24,11010000.0,-2.9,4.9,3.870204506588751,3.9148769199840503,0.0,0.11271318518363163,0.09404127573294288,0.14675159503407378
2024-12-25,9150000.0,0.6,6.6,5.134254141539539,5.803475801107854,0.0,0.15435989103700382,0.13733828541904194,0.16802176476032704
2024-12-26,8510000.0,-4.6,5.8,3.615822144612279,14.154016020339887,0.0,0.3531328997146123,0.33891583825958466,0.238724382705754
2024-12-27,10570000.0,-4.8,1.8,3.26204268850839,11.074193122279041,0.0,0.23909248759881593,0.2228297463408993,0.1734000019140907
2024-12-28,10970000.0,-4.2,0.6,3.357816503130734,10.867674385674379,0.0,0.21578098871824217,0.1991083316203559,0.1537529928755967
2024-12-29,6310000.0,-1.5,5.1,4.811631904762637,3.902904819311316,0.0,0.09812929810409851,0.087108870011064,0.12173594208612333
2024-12-30,9430000.0,-1.4,10.5,5.679255387536219,8.114091230945537,0.0,0.20208781112632418,0.18398117554031992,0.2153052629830615
2024-12-31,11310000.0,-2.0,4.5,3.035631037651126,8.727661390423156,0.0,0.28724125666139877,0.26788180205893347,0.2484673315451396
2025-01-01,10840000.0,-0.9,7.9,4.630275425334117,4.782854218757273,0.0,0.15041396392951953,0.1303168789806205,0.18515867301030656
2025-01-02,11100000.0,-3.5,7.4,2.7521593145463865,7.431681492599692,0.0,0.2822858369508765,0.26279432374800493,0.28699266405184465
2025-01-03,11370000.0,-2.6,2.5,3.087847062204028,8.470261225959375,0.0,0.24256962943753746,0.22404084645340605,0.20573186257486892
2025-01-04,11190000.0,-3.2,4.4,3.429333249640798,4.495523802611654,0.0,0.1401987953059694,0.12150444540211987,0.16793189794947977
2025-01-05,3700000.0,-2.3,4.5,4.9206865208663695,1.077489060546069,0.010000000000000002,0.045156415371758685,0.0388581773555872,0.06715553241080614
2025-01-06,10170000.0,-5.3,6.4,3.98925873359189,11.493216645824734,0.010000000000000002,0.2581912096049378,0.2412330149544908,0.2092601167873051
2025-01-07,10840000.0,-4.3,3.1,3.241913739269811,8.817452145468664,0.0,0.2279523227697216,0.2106625013676669,0.19169604139141372
2025-01-08,9170000.0,-8.6,4.6,3.1842662526085923,10.364846157419546,0.06999999999999999,0.25999827836395506,0.24617564604253123,0.1927793938124876
2025-01-09,10100000.0,-12.4,-3.6,1.1987966769361447,12.379152095607058,0.0,0.2958010915141516,0.284214157301253,0.18328979848830868
2025-01-10,11660000.0,-9.5,-2.3,2.0271153088861156,8.724668365254974,0.0,0.1897574020584532,0.17495428991124107,0.14871233950422194
2025-01-11,11550000.0,-5.4,0.9,2.8028052319725103,9.377147851918982,0.0,0.23143788730961354,0.21420734626826948,0.17889664035897526
2025-01-12,11380000.0,-3.3,2.9,3.2155964095375786,9.718352721091904,0.0,0.2671271684395056,0.24868962878475007,0.2067907054729965
2025-01-13,11600000.0,-1.7,5.7,3.8246958675363407,5.402410428571262,0.0,0.18006624439426883,0.15966003998522255,0.1955233856001523
2025-01-14,11010000.0,-4.4,9.7,3.979109336083321,9.236475669014357,0.0,0.3741520998804078,0.35433111174865944,0.2802235516461989
2025-01-15,12340000.0,-5.0,0.1,2.23577819671323,10.46960203830597,0.0,0.3050921255889093,0.28683629425055196,0.21493888578080572
2025-01-16,7290000.0,-2.6,5.1,3.7315079168496132,7.126392925444971,0.0,0.21354632831003703,0.20106795306229416,0.2011152500047891
2025-01-17,12060000.0,-2.2,6.3,3.727918357991846,3.049892646379012,0.0,0.1273184078585395,0.10606484192528283,0.16483795744908214
2025-01-18,11940000.0,-0.9,8.6,2.716741572450744,1.8556756042737854,0.0,0.1206121137121779,0.09821206821348215,0.17715734416114218
2025-01-19,11540000.0,-0.9,8.3,4.586971687029104,3.214509030629106,0.0,0.13453783170663178,0.11299735058340996,0.17220424485167835
2025-01-20,12110000.0,-1.3,8.2,5.153345927403837,3.5347627236247425,0.0,0.12651580909189028,0.10410239329666664,0.15599521815625134
2025-01-21,12370000.0,-1.3,8.0,4.816132740815477,3.612581377997514,0.0,0.1373957680021962,0.11457923169517929,0.16762396590110668
2025-01-22,11050000.0,-0.2,8.6,5.135842728474958,3.23546020680639,0.0,0.13262741301597333,0.11165343572949711,0.16450260193228558
2025-01-23,12640000.0,-1.5,9.9,3.600717746541674,1.7658848492282797,0.0,0.11893124380753761,0.09493929150879922,0.16883737457262038
2025-01-24,12710000.0,-0.9,9.9,5.817930691621044,3.3252509618518964,0.0,0.12892105292357395,0.10455639595973003,0.1594683161696439
2025-01-25,8640000.0,-1.5,8.2,5.62736500288778,5.393431353066711,0.0,0.14213229531198654,0.12619576550660044,0.15507685528884346
2025-01-26,7760000.0,1.5,7.3,6.095046924324923,4.528447079461673,0.27,0.13125456778191094,0.11642768701949698,0.14061440117696225
2025-01-27,7150000.0,-2.5,4.2,3.9917996679864927,9.856031878828347,0.16000000000000003,0.2522671988175308,0.2402092674390545,0.19134676540992915
2025-01-28,10990000.0,-3.7,1.9,3.8480055124326427,13.908587956548839,0.1,0.2771603559117552,0.2598383658727598,0.1601142223853365
2025-01-29,8420000.0,-3.9,-0.3,3.0686763258658236,13.459634181321311,0.0,0.3066165536918271,0.29397687043427634,0.17531649208938166
2025-01-30,11820000.0,-3.2,5.0,3.982912672917405,5.525124460466786,0.0,0.17716024596378968,0.15718936483256288,0.17474616740305182
2025-01-31,8690000.0,0.9,7.8,5.7210720098045735,1.9095500573010886,0.13,0.10051456528689715,0.08393807863799337,0.12255409513474799
2025-02-01,3220000.0,-1.2,5.1,6.929087242561869,2.669778450019704,0.52,0.031694008316834506,0.02603971349582131,0.0417701648405764
2025-02-02,12270000.0,-1.4,8.6,5.285497197584853,7.730984009418044,0.0,0.22960157051666324,0.20677587642569145,0.2070206260602216
2025-02-03,14540000.0,-9.3,0.6,2.0180888644487167,15.59066810106798,0.0,0.4119326782914112,0.39211921185807885,0.22151280701903503
2025-02-04,12870000.0,-9.1,-3.2,1.9158369534670094,14.225848624376292,0.0,0.3239977033621695,0.3078490343763238,0.16949979364743237
2025-02-05,14660000.0,-8.5,-1.4,1.5852114034855187,12.046926301938687,0.0,0.3643893452527026,0.34494450373409025,0.21966697561709897
2025-02-06,14780000.0,-6.8,1.3,2.277110023389511,6.644515873367425,0.1,0.2321488718547337,0.21055799621361188,0.19881778104590114
2025-02-07,12730000.0,-10.6,1.1,1.7974979398668978,15.952824146418186,0.03,0.4376088766228777,0.4205703597118971,0.23748002641346205
2025-02-08,15200000.0,-8.6,-2.2,2.19362253189609,11.19990017934275,0.0,0.26989383477369966,0.250143455564924,0.1630722106456928
2025-02-09,15270000.0,-5.1,1.2,2.7879870881830118,9.047915083418795,0.0,0.27859559645276233,0.2555304146167635,0.197912837047282
2025-02-10,13470000.0,-4.2,2.9,3.443797815463082,7.425695442263325,0.0,0.22955273407479715,0.20811038800756526,0.1833935302595647
2025-02-11,15530000.0,-1.1,7.3,3.742295003507377,2.316601480174048,0.37000000000000005,0.1676652609675378,0.139265307476389,0.18934915147793463
2025-02-12,4500000.0,-4.6,3.6,4.460607720040998,8.997033655559676,0.25,0.1542056211906807,0.14699981822452346,0.12473477463463334
2025-02-13,16129999.999999998,-2.3,5.5,3.26204268850839,8.362512319904768,0.0,0.3410874305433129,0.31312044264184064,0.2674966827012465
2025-02-14,15530000.0,-0.7,9.6,4.459205606795029,3.492860371270173,0.0,0.21214434425353912,0.18242265138997688,0.22957965766661664
2025-02-15,5860000.0,1.0,6.8,4.823642421709419,3.7233233092203046,0.0,0.15939664663913666,0.14838452194186982,0.1743028663417269
2025-02-16,14810000.0,-2.4,11.5,4.952903728308125,10.161320445983067,0.0,0.45736217459017103,0.42892534818203504,0.3116444632291595
2025-02-17,16880000.0,-4.8,4.8,2.3995529434834806,11.481244545152,0.0,0.46017305441445133,0.43261187047445704,0.30551792766486324
2025-02-18,17010000.0,-4.9,2.7,2.2410980588629044,12.7891965436482,0.0,0.4762496171166982,0.4496525197886879,0.2824672517927346
2025-02-19,17000000.0,-5.5,3.1,2.3706037315182735,10.212201873842186,0.0,0.38787570374519675,0.3614007673988736,0.2633052223305733
2025-02-20,17150000.0,-5.1,3.1,2.1492427053577607,9.802157425801044,0.0,0.40314583898330947,0.37622230402435236,0.2797329958792881
2025-02-21,16149999.999999998,-3.8,3.0,2.4206559802860728,10.535448592006006,0.0,0.41986840440957085,0.39390598357968376,0.2773185111829196
2025-02-22,17490000.0,-5.5,3.9,2.4337244214763514,8.377477445745685,0.0,0.3502127387583822,0.32253592103873563,0.2639727168150209
2025-02-23,17290000.0,-5.1,2.0,2.3136363632969035,13.073533934625635,0.0,0.46797555865575574,0.44142762615201336,0.2658165471806873
2025-02-24,17810000.0,-2.4,4.5,2.7357619613811366,10.023641288246623,0.0,0.4393902468597048,0.4091298921339287,0.299722251094547
2025-02-25,15600000.0,0.3,9.4,4.210432369959889,7.234141831499579,0.0,0.3677572320084078,0.33750967053962827,0.31385000614951164
2025-02-26,17850000.0,-2.5,10.7,3.4897723278587263,6.734306628412931,0.0,0.4251578840929217,0.391389223682822,0.3489203461657928
2025-02-27,17760000.0,3.8,13.6,4.432639565287671,3.109753149742682,0.0,0.30133665024289874,0.2626772312239766,0.32817039519167807
2025-02-28,16350000.000000002,4.0,16.0,7.46635083788109,3.6634628058566343,0.0,0.28372140864394974,0.24685541373480283,0.29412558431308655
2025-03-01,9040000.0,8.5,15.2,11.249994953126073,2.119061819073935,0.32000000000000006,0.15583140085235464,0.13446768763885472,0.15870714892668908
2025-03-02,6170000.0,1.9,15.6,8.738344122274286,13.669145943094156,1.9100000000000001,0.3774675874817733,0.3640182493591138,0.26435811573623336
2025-03-03,7680000.0,1.9,5.3,5.784307689784811,15.922893894736351,0.41,0.3422466968802515,0.3279597098697655,0.1789273672333627
2025-03-04,4340000.0,0.3,3.1,6.622589719615513,5.596957064503191,0.79,0.06083510688817564,0.05328274519357027,0.046718280332060845
2025-03-05,5220000.0,0.4,7.2,6.813988016710393,3.9597722975068033,0.06999999999999999,0.1004523618436367,0.09067583084558327,0.10064592198023563
2025-03-06,12590000.0,-1.1,8.6,6.108,4.226151537475136,0.04000000000000001,0.1815035488754089,0.15796344645308086,0.16454128420085556
2025-03-07,17570000.0,2.6,10.1,5.912636657712008,4.1573119586069165,0.0,0.2803628383120465,0.244650348462289,0.2502105140438172
2025-03-08,15440000.0,-0.1,11.2,6.225677428495367,5.0282822825483215,0.04000000000000001,0.25751438262454923,0.22690045617829782,0.2327435778450911
2025-03-09,19530000.0,0.7,13.2,6.322403521694524,2.777527356074311,0.0,0.27183881684824623,0.23141704164323032,0.2578370572404147
2025-03-10,15500000.0,2.9,13.5,7.100723961068333,1.619226615987287,0.0,0.21428520325242814,0.18101597232542277,0.2137387970326729
2025-03-11,19870000.0,4.3,16.8,6.439838378092763,2.3585038325286174,0.0,0.3216869459090579,0.27623674780777563,0.3240098178798851
2025-03-12,18700000.0,4.1,17.4,8.02826495420987,7.751935185595328,0.0,0.5025982838231047,0.459604078476907,0.3946673278655574
2025-03-13,16070000.0,4.4,15.8,5.455736985844016,4.324921368025193,0.0,0.3769784964602306,0.34064833726471433,0.38853472895883423
2025-03-14,20100000.0,6.6,15.5,6.690537120766779,12.543768479857153,0.06999999999999999,0.7279189499022003,0.6813522573639064,0.4986219691877068
2025-03-15,9100000.0,4.0,9.4,7.3608515051512855,9.170629115314318,0.24,0.27188936087426985,0.25319545629512036,0.1959856474420962
2025-03-16,7290000.0,-1.1,8.9,4.13247047233049,12.639545285239025,0.26,0.4759948686305327,0.46229548483478605,0.32321397557336345
2025-03-17,20260000.0,-2.0,8.1,3.2567348625206263,6.372150583062724,0.32000000000000006,0.3995640147732657,0.36257824179133535,0.32658868734962465
2025-03-18,17860000.0,-2.3,5.9,4.246542736702463,9.472924657300855,0.11000000000000001,0.36987047566930886,0.3386779486104187,0.2405248843512436
2025-03-19,21390000.0,-1.4,8.1,3.611168658775773,6.273380752512667,0.0,0.3991173620831244,0.35966338378020685,0.31812961542873425
2025-03-20,21180000.0,4.6,16.1,6.050820577767957,7.9135585446772385,0.0,0.5699682067482692,0.5217717747771012,0.4754086638535092
2025-03-21,21350000.0,8.8,22.5,5.420639342091067,9.107775586782466,0.0,1.0173652107409292,0.9623976243754637,0.792182232981121
2025-03-22,21330000.0,8.7,25.1,5.6084438945108035,7.641193254372539,0.0,1.1334220082839992,1.0771032470964337,0.8260747200948284
2025-03-23,20480000.0,11.7,26.2,7.092265137892555,4.372809770716129,0.0,0.7152856910036147,0.6590917528338494,0.6689414125149231
2025-03-24,17180000.0,9.0,23.9,9.394341471719441,8.332582068222932,0.020000000000000004,0.8399495643882702,0.7949910884105782,0.6315689727785639
2025-03-25,21770000.0,8.3,25.3,7.220086586896176,9.592645664028195,0.0,1.2432338934011447,1.1858663203809736,0.8295382557780234
2025-03-26,21620000.0,14.4,25.5,10.044411219784969,6.815118307953885,0.010000000000000002,0.744194480461757,0.6838248272403511,0.7218412425657678
2025-03-27,11610000.0,6.2,27.6,10.837777741001572,9.68842246941007,0.52,0.8739519853793013,0.8432974697961958,0.6952759970041384
2025-03-28,20870000.0,1.7,13.7,3.5937653951665784,8.365505345072952,0.0,0.6256244153215478,0.5814665065321647,0.508594545335342
2025-03-29,20880000.0,-2.4,11.6,2.456745363247792,11.535118998179303,0.0,0.8963241597362501,0.8561666720409329,0.5097253632856557
2025-03-30,21550000.0,-0.3,9.9,2.932580687772359,6.931846289513043,0.0,0.5132699733398788,0.4715532894966943,0.4136199952867831
2025-03-31,19940000.0,2.9,14.5,4.630275425334117,3.145669451760884,0.0,0.3782942992404835,0.33488952360775226,0.3726506154703802
2025-04-01,22930000.0,2.9,17.3,4.865888623271332,5.189905641630232,0.0,0.6185468999588354,0.5667080355933599,0.4988387866912542
2025-04-02,22180000.0,1.9,18.7,5.552017849906064,3.1396834014245174,0.27999999999999997,0.5044310476118741,0.4540246902285399,0.4277209783865287
2025-04-03,16730000.0,5.0,16.7,6.763152120700615,4.070514228729594,0.0,0.3886967265035076,0.35013357382530497,0.3784041887237447
2025-04-04,19530000.0,6.2,17.3,6.563143264652357,4.244109688484238,0.0,0.4516325103025488,0.40559119577827873,0.43017726811285845
2025-04-05,10480000.0,4.7,14.8,9.132193064226879,9.071859284764264,0.22000000000000003,0.3268622598290068,0.3033880617102113,0.25804756543699237
2025-04-06,23540000.0,4.9,18.0,4.524108631800859,7.9644399725363595,0.0,0.806256195284298,0.7511708004737409,0.6280532053036789
2025-04-07,23760000.0,10.5,23.5,5.848160844479189,6.92885326434486,0.0,0.8822220779469054,0.8193642913593722,0.7822037175593212
2025-04-08,23700000.0,6.5,22.3,6.850798597245266,9.194573316659786,0.0,1.1079150234160409,1.0485013446422862,0.7116271022647505
2025-04-09,20290000.0,10.4,21.7,8.745970175386491,4.8906031248118795,0.04000000000000001,0.5589885938872505,0.5063187760046539,0.5364033632622986
2025-04-10,19020000.0,8.3,21.6,9.150701766036088,5.121066062762011,0.0,0.5597997890166732,0.5115475500222983,0.4948399807977221
2025-04-11,23870000.0,9.5,25.0,8.104034966489504,4.5673564066480585,0.0,0.7784334017402184,0.7149771165930886,0.643558556000046
2025-04-12,13740000.0,2.5,22.1,8.659884226671391,10.544427667510558,2.41,0.7901451203514008,0.7573187626077815,0.541939596037379
2025-04-13,19410000.0,2.7,12.2,5.357636955535073,10.957465140719885,0.34,0.6179523076398602,0.5771812297593819,0.4114251519633063
2025-04-14,12770000.0,2.8,10.9,7.577663300977576,6.611592596517406,0.32000000000000006,0.27960325763673577,0.25325171338513297,0.211184235834493
2025-04-15,20950000.0,4.8,15.2,6.974772541686773,9.27239197103256,0.0,0.5964815413729474,0.5492434622691781,0.4331248195231062
2025-04-16,22330000.0,11.5,22.8,11.587683661241567,5.911224707162461,0.0,0.6098188196336648,0.5505713334491134,0.5324348970730572
2025-04-17,19620000.0,16.3,23.1,17.789829101234325,8.482233326632107,0.0,0.5747886160382791,0.5202388045931856,0.4130893464351068
2025-04-18,20690000.0,15.5,27.3,18.51946859413317,5.827420002453322,0.03,0.5865833749861297,0.5274063713141823,0.5024748538565883
2025-04-19,19930000.0,15.8,25.4,17.633769391198562,10.313964729560427,1.54,0.6896634513053257,0.63339941444417,0.5164161567998283
2025-04-20,7390000.0,11.1,16.0,11.620304794229167,9.08682441060518,0.22000000000000003,0.3418519717090812,0.3236738815069339,0.27103158549889406
2025-04-21,17380000.0,13.7,24.0,12.799928156159986,4.971414804352834,0.13999999999999999,0.533375439109811,0.48577292532899985,0.5028747909098987
2025-04-22,4440000.0,12.7,19.1,17.51165981956382,5.16296841511658,1.08,0.10608301276466707,0.09459272321306553,0.09700672496836252
2025-04-23,20460000.0,10.7,19.4,12.72898182441389,6.0339387390579855,0.0,0.4837727819179062,0.43175651712253627,0.3693499583876106
2025-04-24,23220000.0,8.9,25.0,8.589551851904895,10.179278596992168,0.0,1.2743375385535773,1.212968385474844,0.7998561234455012
2025-04-25,25630000.0,7.5,18.9,3.623978553781294,9.347217600237148,0.0,0.9631513475977801,0.9006091239479049,0.7835200272221927
2025-04-26,25620000.0,11.5,24.6,4.646243983114949,6.892936962326657,0.0,1.0109019570918316,0.9417513050656922,0.8955473506384635
2025-04-27,21760000.0,13.5,27.0,5.88032059339331,5.815447901780588,0.0,0.9356884348045089,0.8746172185896455,0.8718116833806786
2025-04-28,25630000.0,8.4,24.4,5.96866042842487,8.625898534704918,0.0,1.3078617119206104,1.2408575429851012,0.8631329273416567
2025-04-29,26190000.0,10.2,23.4,7.3630359116332915,4.235130612979687,0.0,0.7162205613500796,0.6472055527419822,0.6441187057846085
2025-04-30,25850000.0,13.5,28.3,7.417832416580709,5.040254383221056,0.0,0.9846157286403641,0.91127684860919,0.8477914517155399
2025-05-01,13450000.0,8.5,23.6,13.280626239437332,11.478251519983816,2.19,0.689168828794573,0.6542546321203035,0.46255599136306447
2025-05-02,24960000.0,11.2,19.4,8.756147374305606,7.078504522754035,0.35000000000000003,0.7250284230071092,0.6612348477173803,0.58122613816494
2025-05-03,10370000.0,8.3,15.0,10.36189232202822,7.075511497585852,0.6900000000000001,0.3203723511103738,0.2959854337024354,0.25507685557725857
2025-05-04,26790000.0,8.0,20.7,7.5888747056689985,6.898923012663023,0.0,0.7815714347452014,0.7144849915273276,0.6248842944366271
2025-05-05,13640000.0,10.0,18.9,10.424063395748568,4.558377331143508,0.31000000000000005,0.3953232925285776,0.3610916701925836,0.36535778076812353
2025-05-06,9320000.0,8.3,14.6,11.778013421827099,2.594952820815116,0.29,0.18751488210286446,0.16570537149817488,0.16491285108331377
2025-05-07,24480000.0,11.2,21.3,12.204400573486268,2.7954855070834115,0.0,0.5143077357353376,0.4505029513165873,0.43638741425757777
2025-05-08,21500000.0,12.2,23.2,12.088939801235682,5.701712945389614,0.26,0.6171609821079018,0.559510986119006,0.5374501672554095
2025-05-09,3750000.0,13.1,16.4,15.912714102563177,10.002690112069338,1.6800000000000002,0.11964245448306562,0.11016977328749947,0.09240661216039278
2025-05-10,16440000.000000002,11.4,18.2,12.40014373826739,10.771897580292507,0.06999999999999999,0.5470471947784425,0.5054741994885913,0.36603108762833775
2025-05-11,17030000.0,10.8,20.1,12.928507848365959,3.974737423347721,0.42000000000000004,0.4033068362748575,0.3596437632464341,0.34301771378972407
2025-05-12,26190000.0,11.9,24.5,12.038307368087088,3.738288435061222,0.0,0.6449367509408963,0.5740503103410012,0.5594497972825806
2025-05-13,23640000.0,13.8,27.3,13.998686905896934,4.184249185120567,0.0,0.6924293492122363,0.6257471615676715,0.5998351743170481
2025-05-14,25280000.0,17.4,27.2,14.52260005114755,5.546075636644072,0.05,0.7880067745962335,0.7146730510461976,0.6984517629601574
2025-05-15,15990000.0,18.8,25.1,20.840814960046817,6.865999735813006,0.25,0.5094006217785927,0.46326677417081114,0.39662837689719266
2025-05-16,7430000.0,16.8,23.1,20.451392581834668,6.764236880094765,4.010000000000001,0.2574344182974581,0.23668758557613315,0.21821967279083415
2025-05-17,21470000.0,13.0,27.4,17.080929536503028,9.290350122041659,0.010000000000000002,0.8081234470659865,0.7479170413909972,0.5752503701295988
2025-05-18,24870000.0,12.1,22.4,12.008017512055813,4.387774896557047,0.0,0.6123132074696934,0.5461985107118752,0.5179350902450602
2025-05-19,25110000.0,17.8,25.8,17.718743430465377,8.68575903806859,0.0,0.8217746739993499,0.7494982269069659,0.6122884541874551
2025-05-20,25740000.0,20.1,31.0,23.2024908737847,6.437997136762761,0.0,0.8160922128417063,0.7378789714516315,0.6624339074724694
2025-05-21,14590000.0,16.6,30.2,20.14763277906082,6.746278729085665,0.08000000000000002,0.6254742467093519,0.5824471156491471,0.5498200804082733
2025-05-22,12240000.0,12.6,21.7,13.577346196839375,9.924871457696568,0.22000000000000003,0.540408144151115,0.5079321373934388,0.43362127920652443
2025-05-23,15390000.0,14.3,21.4,11.035949640946942,10.816792957815256,0.03,0.7922460722001728,0.7508623969412981,0.6176864152805638
2025-05-24,7370000.0,11.6,16.4,12.910581945149543,5.659810593035044,0.45,0.24533387675804413,0.22702050815927963,0.21201250052437456
2025-05-25,25170000.0,11.9,24.4,13.119871634858843,4.124388681756897,0.010000000000000002,0.6317733763835698,0.5637108156778001,0.5353398232529103
2025-05-26,23750000.0,13.9,26.3,14.079679145462508,2.7296389533833745,0.0,0.5887635927399748,0.5222764422506858,0.5259297114925692
2025-05-27,25080000.0,15.7,27.8,13.822703854303802,3.364160289038282,0.03,0.6772933866140182,0.6051601077647535,0.6240100237634068
2025-05-28,22890000.0,13.8,29.5,15.183047980539696,3.7622326364066905,0.17,0.7394867483577081,0.6737561335411638,0.613177663586151
2025-05-29,22620000.0,12.8,28.3,15.596921020355861,4.001674649861372,1.26,0.6924021077580946,0.6285970703418486,0.565009144573344
2025-05-30,27040000.0,12.0,26.1,12.910581945149543,4.770882118084538,0.0,0.7769421817895588,0.702615952329732,0.6248963105817686
2025-05-31,26200000.0,15.5,28.1,11.653006687022069,4.444642374752534,0.0,0.8042571653491187,0.7288432699361171,0.740705206949451
2025-06-01,25440000.0,18.2,30.5,15.52094323162746,3.0588717218835626,0.0,0.7236373570152862,0.6475869032832915,0.6715746176339188
2025-06-02,7320000.0,17.1,23.5,17.956668624984143,2.2387828258012763,0.31000000000000005,0.23785578732226464,0.21729428006029544,0.2409694726023984
2025-06-03,23810000.0,14.9,28.1,11.95433434793776,10.652176573565164,0.0,1.2023912874179756,1.1341816058475505,0.9173083638909363
2025-06-04,28400000.0,15.7,28.7,8.956700898629373,11.397439840442862,0.0,1.4918421591012625,1.409584587785889,1.1445046106460737
2025-06-05,26050000.0,17.5,30.8,11.262698839801887,5.30663362318939,0.0,0.9840124747631659,0.9063569559209945,0.9018363778239028
2025-06-06,13890000.0,18.2,29.5,13.000430414899476,3.9238559954886005,0.0,0.5754674849915327,0.5342372959452902,0.6272622716478358
2025-06-07,26020000.0,20.6,32.6,13.895155510229012,5.312619673525756,0.0,0.9447734829911137,0.8646309680801268,0.9360123825063458
2025-06-08,22110000.0,21.2,32.5,19.12799749213775,4.28002599050244,0.0,0.7566323485003127,0.6883193633428658,0.7236660713440588
2025-06-09,21630000.0,20.2,31.9,19.2802919507281,3.9118838948158663,0.010000000000000002,0.7031961164576117,0.6370405849475353,0.6657045346295407
2025-06-10,23690000.0,18.5,33.6,16.077047518088527,9.92786448286475,0.0,1.4553007768475061,1.3828447185269463,1.0719072705701858
2025-06-11,27480000.0,20.7,32.1,11.374397419761548,6.554725118321919,0.0,1.0902932448752911,1.0058677113664187,1.07667702998097
2025-06-12,24110000.0,19.6,33.0,15.784020117862841,3.468916169924705,0.0,0.8114915304965187,0.7375137779807164,0.7528176442380725
2025-06-13,6100000.0,18.7,25.0,19.795638635897962,3.0199623946971763,8.209999999999999,0.24381723648825337,0.22624524128574683,0.25709868671312774
2025-06-14,11690000.0,20.1,27.3,24.81282549982413,2.520127191610528,1.05,0.3288040990905952,0.29417891171737287,0.28598894731539254
2025-06-15,21630000.0,23.0,30.8,27.352561349453264,5.623894291016843,0.82,0.6957443583037042,0.628872882915683,0.5494690703278774
2025-06-16,12910000.0,20.2,28.2,24.97207834701358,6.89592998749484,0.6900000000000001,0.4521434382467285,0.4136313623099742,0.3724133044728154
2025-06-17,21660000.0,21.3,29.0,25.209411739988674,6.452962262603679,0.13999999999999999,0.6757742923046434,0.6103089094227561,0.512755523060137
2025-06-18,26320000.0,20.8,31.0,22.904656025211597,3.7742047370794243,0.0,0.757770549798317,0.6774269833618962,0.6344245286915682
2025-06-19,24090000.0,23.7,32.2,26.105435046103196,4.297984141511542,0.0,0.7663777915090086,0.6909477146318,0.642620609198947
2025-06-20,8430000.0,23.6,28.0,28.15106826389083,12.385138145943426,1.57,0.44940466260392553,0.42370505153823707,0.33983327509732436
2025-06-21,5720000.0,18.3,26.4,24.36537714850028,6.779202005935683,6.2,0.2199854399024408,0.2033797812512151,0.20618216017098093
2025-06-22,19750000.0,18.3,26.8,20.280370908010422,4.59429363316171,0.0,0.5695131786565508,0.5120018803951166,0.4717515998680991
2025-06-23,26840000.0,19.0,29.8,21.297773032821603,5.186912616462049,0.0,0.7848937556113792,0.7046020887969806,0.6406289595646806
2025-06-24,9150000.0,19.6,23.9,22.963954043593404,9.296336172378028,1.4900000000000002,0.3357917349787682,0.30947516793447905,0.2446911081269489
2025-06-25,21090000.0,19.6,27.9,23.023386280434224,6.303311004194503,0.06,0.6387692509000761,0.5762567688051435,0.49088254815685045
2025-06-26,20800000.0,20.3,28.7,22.63946902456384,6.455955287771862,0.020000000000000004,0.6803228722712882,0.618013165499561,0.5472655728543597
2025-06-27,25730000.0,23.2,30.9,26.919823656872136,2.4722387889195914,0.0,0.708998633101032,0.6293038337541805,0.5681626869995211
2025-06-28,21890000.0,23.9,33.7,31.00789844090435,2.0981106428966503,0.1,0.6352364497669934,0.5660167935507848,0.5190802483299357
2025-06-29,23990000.0,24.2,33.9,30.479403988817047,3.2893346598336937,0.010000000000000002,0.7303790788740385,0.6543045393168678,0.5954940585506969
2025-06-30,24490000.0,24.5,35.0,29.093712009319493,4.181256159952383,0.0,0.8062076784697162,0.7279452750371868,0.6867870230267931
2025-07-01,23500000.0,25.6,34.7,30.056274438173677,4.791833294261823,0.05,0.8112162866251686,0.7357938748235712,0.6846357962362378
2025-07-02,24340000.0,26.7,36.7,28.52200675511096,4.507495903284387,0.0,0.8881090665534306,0.8087369767770227,0.7991735701412063
2025-07-03,24030000.0,25.6,37.2,26.83127655542827,5.878301430312442,0.03,0.958317221571194,0.88019008075917,0.8920458874876891
2025-07-04,24620000.0,24.5,37.6,23.900396185348086,5.638859416857761,0.0,1.0384364038563787,0.9586742020501843,0.9467548604247004
2025-07-05,26680000.0,25.2,37.8,25.47470279484755,6.973748641867613,0.0,1.1433302297194063,1.0565003774259076,1.0265626185103334
2025-07-06,25080000.0,26.2,36.7,27.25587606605459,6.880964861653924,0.0,1.0336950710992312,0.9521132326495649,0.9321318672429427
2025-07-07,24530000.0,25.1,39.6,26.858494685181164,8.150007532963738,0.06,1.3384453268146188,1.2579451200898364,1.1030230906630323
2025-07-08,25520000.0,23.7,35.2,25.591940449457617,9.218517518005257,0.0,1.0875350259214935,1.0062481139118358,0.930744079736472
2025-07-09,27330000.0,24.2,35.2,21.521107755559893,10.307978679224059,0.0,1.2985330055575086,1.2112422970636902,1.1351611137403714
2025-07-10,25810000.0,23.3,33.4,21.104021706546835,11.723679583774866,0.0,1.2760458782837563,1.1948508823916497,1.055663842296054
2025-07-11,25560000.0,22.0,32.1,21.05995292032667,11.577021350533874,0.0,1.175641432511576,1.0964731825579992,0.9419300733787217
2025-07-12,24810000.0,22.2,33.0,22.319001594685282,8.506177527977577,0.0,1.0069816691225038,0.9296204047138465,0.8658121291540347
2025-07-13,14270000.0,20.8,33.6,24.610277497573033,4.654154136525381,6.220000000000001,0.5724762998508413,0.5281956148597621,0.5512306108167498
2025-07-14,21120000.0,20.4,28.5,24.16602699442455,5.800482775939671,0.52,0.6331653614911887,0.5699410028789944,0.49038773951619313
2025-07-15,19070000.0,21.0,27.0,25.67690500070203,4.115409606252347,1.4000000000000001,0.5116539334614204,0.45492655001320975,0.3831580802952651
2025-07-16,10360000.0,22.8,26.6,26.245212015901085,5.947141009180664,0.6900000000000001,0.369287993432375,0.3381670644002482,0.30436037880467726
2025-07-17,9360000.0,21.9,27.8,28.752390939538827,5.2527591701620855,2.69,0.2889265249175853,0.2607516714335933,0.23019254959709862
2025-07-18,11510000.0,23.4,29.2,29.35017914135424,3.6036023024929635,3.98,0.3607845489155794,0.3254679196556504,0.3037246144584133
2025-07-19,6870000.0,22.3,26.6,29.086413206567272,3.690400032370286,2.8200000000000003,0.1982619462867753,0.17769606827229728,0.16280555101231178
2025-07-20,18380000.0,24.0,30.6,30.274750853867417,4.055549102888675,0.05,0.5539642121564079,0.49686025738038964,0.43382231434815194
2025-07-21,21020000.0,24.2,30.6,31.16257153465135,4.007660700197739,0.26,0.610126512784415,0.5447410456152391,0.45702186912245074
2025-07-22,23620000.0,25.0,32.6,30.517434855880275,2.5261132419468946,0.0,0.6870260685155002,0.6123358775686363,0.5509319495302049
2025-07-23,25120000.0,23.9,33.8,31.27124266131651,1.4845404834190283,0.0,0.6941517842489703,0.6146733049530605,0.5549804493793019
2025-07-24,24940000.0,23.9,34.6,27.938986704054404,4.091465404906878,0.0,0.7996427496131397,0.7203788344620474,0.6839316798659762
2025-07-25,26200000.0,24.4,34.4,28.264752011366067,5.174940515789314,0.0,0.8740974484025912,0.7906905686698015,0.7307825675951796
2025-07-26,24390000.0,25.3,35.1,28.129797056909478,5.851364203798791,0.0,0.8937758944149043,0.8154554031172664,0.7754398063992481
2025-07-27,24740000.0,25.2,36.1,25.913478977185797,4.408726072734332,0.010000000000000002,0.8693701592860295,0.789548937371457,0.7963468567297655
2025-07-28,25420000.0,24.5,38.1,25.196532700161775,3.2773625591609594,0.0,0.8930440655839031,0.810480856126419,0.7932887230402413
2025-07-29,26630000.0,23.7,37.6,24.806473890622417,4.7050355643845005,0.0,1.0171483373053738,0.9312292128274002,0.8818326523831276
2025-07-30,25670000.0,25.1,36.5,25.539776755542736,6.1716178967944275,0.0,0.9935908895071413,0.9106402157170544,0.912952517602292
2025-07-31,24800000.0,24.5,36.9,26.817676526178815,5.8992526064897275,0.0,0.9591828626812134,0.8791264706122872,0.864068153479406
2025-08-01,25160000.0,26.0,38.4,26.695546926658743,2.6578063493469695,0.0,0.8267925068801661,0.7443440648343606,0.7486905564774924
2025-08-02,23440000.0,28.1,38.3,28.264752011366067,2.4662527385832242,0.04000000000000001,0.78423140283891,0.7066905366462801,0.7122085369380023
2025-08-03,12590000.0,25.4,34.4,29.966273534703753,7.940495771190891,2.07,0.646997148904376,0.6066980976941425,0.6129456933941864
2025-08-04,20910000.0,25.7,33.6,33.67239812644057,5.686747819548697,0.8900000000000001,0.7015707731243709,0.6348216056799184,0.5451545758315243
2025-08-05,22270000.0,26.3,33.0,32.28023124439301,7.365834938899654,0.31000000000000005,0.8021945939204038,0.7311040172112716,0.6130845582373968
2025-08-06,16820000.0,25.3,32.7,31.591397267723018,8.688752063236771,1.54,0.6800896975800153,0.6267818499680653,0.5417781671106504
2025-08-07,20220000.0,22.6,32.1,27.317996568173903,6.686418225721994,0.010000000000000002,0.7048550205294692,0.6419962242246886,0.5831744829734757
2025-08-08,20710000.0,23.4,31.9,25.801527260359435,3.516804572615641,0.04000000000000001,0.64050840111318,0.5758927941254987,0.5563462355566278
2025-08-09,7770000.0,22.6,28.3,27.85454545152888,2.4123782855559206,2.6500000000000004,0.24541548268582808,0.22183692755570433,0.22722810554494566
2025-08-10,21290000.0,21.0,30.8,24.75571215100759,5.950134034348847,0.0,0.6833887920295225,0.6183996381757462,0.5669838681532594
2025-08-11,13290000.0,20.3,30.0,24.806473890622417,4.5673564066480585,0.76,0.4426511993780135,0.4024833813493762,0.40596305923930204
2025-08-12,6590000.0,22.8,26.0,27.463425405604813,3.7682186867430576,2.62,0.214283552490966,0.19456961492364536,0.19003652903397017
2025-08-13,19130000.0,25.0,31.1,31.41925344751946,7.123399900276788,0.020000000000000004,0.6434384886246023,0.5834684002321657,0.47715043162503507
2025-08-14,23790000.0,25.0,33.3,30.5783703433497,5.33357084970304,0.0,0.7758646549511604,0.7003398412643485,0.619289726052693
2025-08-15,23250000.0,24.9,33.1,31.43486901056626,4.1064305307477955,0.020000000000000004,0.712330618563833,0.6386440872334026,0.5641238878181283
2025-08-16,23530000.0,23.5,33.9,29.416445837147357,3.5796581011474955,0.0,0.7077920664824295,0.6334710936189344,0.5885950550329829
2025-08-17,25210000.0,24.7,34.8,26.15195493857601,4.11840263142053,0.0,0.8208139379851952,0.7402506390658785,0.7281084248437235
2025-08-18,22130000.0,26.0,35.3,27.98834723282706,5.031275307716505,0.0,0.8095096544363256,0.7381093455854975,0.7310074753936193
2025-08-19,22780000.0,25.8,36.0,27.77032709280512,5.815447901780588,0.03,0.8734731552958674,0.799785393516389,0.7967562368959878
2025-08-20,23130000.0,25.5,36.8,27.145744142132273,5.342549925207591,0.020000000000000004,0.8728280234997581,0.7978166606700936,0.8159860191163224
2025-08-21,20620000.0,25.7,35.9,29.042653937709233,2.337552656351333,0.11000000000000001,0.6462310082400671,0.5795990295275002,0.5729647657246826
2025-08-22,21820000.0,26.0,37.6,28.293235487198853,3.9627653226749864,0.25,0.7816272484690623,0.7104024985031951,0.7367662377094216
2025-08-23,24270000.0,26.5,38.9,26.278588442730207,3.9118838948158663,0.0,0.8844826236296021,0.8045697995957882,0.8396155364745453
2025-08-24,21930000.0,26.7,37.7,28.593828100738524,3.121725250415416,0.03,0.7473472533308965,0.6754834085747553,0.692778580373243
2025-08-25,21960000.0,26.5,37.4,28.55789772080488,7.120406875108605,0.06999999999999999,0.951854153111249,0.880066765666655,0.891358301324782
2025-08-26,19210000.0,24.4,34.9,27.43567267337852,8.006342324890928,0.12,0.8350351065665104,0.7737127007029078,0.7590757501856682
2025-08-27,21520000.0,24.0,36.7,24.346627206342394,6.791174106608418,0.0,0.9546516622226509,0.8854373746003239,0.8952966217458341
2025-08-28,18970000.0,25.4,34.8,26.654945150301483,4.767889092916355,0.08000000000000002,0.7114693468063387,0.6506182670093269,0.6728455880000073
2025-08-29,22700000.0,26.0,37.5,26.885736924958106,5.716678071230532,0.010000000000000002,0.8999916069821999,0.8259309048715237,0.8640204642702454
2025-08-30,22510000.0,26.5,37.9,25.036029153240822,3.403069616224667,0.0,0.7808859580295483,0.7071214735124147,0.7613407708555577
2025-08-31,12580000.0,24.4,33.5,29.519786866932602,4.788840269093639,3.3000000000000003,0.4914579614259291,0.4516104417728263,0.47025947530946716
2025-09-01,15380000.0,25.0,31.1,30.26719418571775,7.132378975781339,0.36000000000000004,0.5695747648211847,0.5213604438867534,0.46243821288064596
2025-09-02,14160000.0,23.1,31.3,27.30418133855033,5.216842868143883,0.03,0.5052750781390791,0.46133572989285077,0.45645260004697585
2025-09-03,17990000.0,23.1,32.3,26.058987457644527,6.515815791135533,0.13,0.6721782579684349,0.6160155013292931,0.59983368695072
2025-09-04,17810000.0,23.4,33.1,28.629797931423273,4.9774008546892015,0.48,0.5989650465897597,0.5430021245784808,0.5278003057114745
2025-09-05,19490000.0,24.3,33.5,27.015467370782957,2.6578063493469695,0.22000000000000003,0.5852509837124501,0.5235506644582493,0.5218733201571835
2025-09-06,19990000.0,26.3,34.6,28.307486618726898,8.949145252868739,0.12,0.9111235626253269,0.8467624571236192,0.8000765439283853
2025-09-07,11640000.0,20.9,30.7,27.98129107098048,4.917540351325531,0.51,0.3745351750084196,0.33904959104583204,0.3384120069456546
2025-09-08,13220000.0,20.7,28.9,20.494344770679707,2.591959795646932,0.0,0.4022252294597224,0.36245846182195396,0.39536066517953394
2025-09-09,10110000.0,20.5,26.8,23.808336717191356,3.0678507973881124,2.23,0.29713392210216855,0.2672102071037258,0.2742893275186337
2025-09-10,12710000.0,18.2,26.1,23.58865779688145,4.38178884622068,0.010000000000000002,0.3255909055823182,0.28880619230377763,0.26748522660417917
2025-09-11,19890000.0,21.0,27.9,22.469997269515133,8.332582068222932,0.020000000000000004,0.6774478718456151,0.6179056136639605,0.5346589601663252
2025-09-12,6570000.0,22.7,26.0,26.749766646155784,8.266735514522894,1.7000000000000002,0.279000846208692,0.259360457803849,0.23339721073382158
2025-09-13,11210000.0,20.9,29.9,27.345645339805397,7.365834938899654,0.6400000000000001,0.4023789785681937,0.36838413965318917,0.35112112570786824
2025-09-14,13760000.0,22.1,28.4,26.278588442730207,2.110082743569385,0.020000000000000004,0.361745946840592,0.32010166528584133,0.3112172617205019
2025-09-15,13570000.0,23.1,30.2,28.364553823139925,2.044236189869347,0.03,0.37322129634721624,0.33139893347466565,0.3225011232799416
2025-09-16,18220000.0,24.2,31.7,30.09384435879758,4.995359005698303,0.15000000000000002,0.5681569659448603,0.5111069036491882,0.4640337174690455
2025-09-17,14770000.0,21.2,31.3,27.16636422734622,5.809461851444222,0.32000000000000006,0.4860458065447758,0.4407553326707553,0.4320155132611735
2025-09-18,10250000.0,19.4,23.5,18.981782255453115,7.234141831499579,0.05,0.4143059314633589,0.38496568102644235,0.3674281084614107
2025-09-19,10270000.0,18.8,24.8,19.495288183699305,8.730654415591342,0.87,0.45581211839588087,0.4262510227511663,0.3965010564964695
2025-09-20,13960000.0,17.4,25.5,21.62790777166139,5.653824542698678,0.24,0.3707216372178444,0.33076164735449265,0.30560081387787036
2025-09-21,17470000.0,17.3,25.0,17.662054291831588,7.072518472417668,0.010000000000000002,0.5456626065229788,0.49589622546354606,0.46476489915382757
2025-09-22,10030000.0,17.6,23.7,17.085511175208335,6.8121252827857015,0.0,0.4162213915662175,0.38788236524972564,0.39201330592985506
2025-09-23,16680000.0,19.5,25.7,18.50472099395519,7.407737291254223,0.0,0.5857404148766263,0.5371319716055075,0.5080866347146717
2025-09-24,11010000.0,22.7,28.6,27.380240663544875,4.459607500593451,0.24,0.34620654692821107,0.3127075383362614,0.3051672910286832
2025-09-25,4820000.0,19.6,24.5,26.57390336915721,3.3282439870200795,1.08,0.10783083699254334,0.09390263334042352,0.09019801932476121
2025-09-26,17870000.0,19.1,27.4,20.51585046501202,4.992365980530119,0.010000000000000002,0.5044892082850538,0.4519048590546724,0.44960635149601985
2025-09-27,16239999.999999998,19.2,27.5,20.994000760122624,6.566697218994654,0.0,0.5189396693534646,0.4710815667976764,0.4574770422005667
2025-09-28,8950000.0,18.7,25.0,22.168894301259936,7.4167163667587745,0.45,0.3104770479774298,0.2846951861639161,0.2685222858804777
2025-09-29,15250000.0,15.9,25.4,17.918413451633707,4.773875143252721,0.0,0.40687748562637704,0.36378973374935797,0.378612101331969
2025-09-30,13900000.0,15.3,23.8,19.423390636126864,2.3195945053422315,0.27,0.2822417397081787,0.2436958916952267,0.24883826206163168
2025-10-01,18370000.0,17.4,26.7,17.29280347495793,3.9148769199840503,0.0,0.47220967546856246,0.41912645947490257,0.45098029560841046
2025-10-02,10890000.0,18.3,25.8,19.449041625834898,5.983057311198866,0.6400000000000001,0.38985942776854804,0.3583909344549413,0.37585144551600036
2025-10-03,4050000.0,18.4,20.7,21.35341569703367,6.680432175385626,0.8300000000000001,0.12992445963889504,0.11869347514591264,0.11198645670354142
2025-10-04,4520000.0,19.5,23.2,23.43110500227443,5.342549925207591,0.2,0.1466600583339041,0.13374243402836883,0.1366956388393743
2025-10-05,10950000.0,20.3,26.4,23.661686350294477,4.722993715393602,0.12,0.31984854380572797,0.2875796877105383,0.2871229481493348
2025-10-06,3700000.0,19.1,21.3,22.651197832520715,9.598631714364563,0.73,0.12500244445984066,0.11462686453448157,0.09549668811720273
2025-10-07,4940000.0,19.7,23.5,23.31053745921799,5.701712945389614,0.22999999999999998,0.16936689963772472,0.15519250404272472,0.15813685441794717
2025-10-08,8060000.000000001,18.6,24.3,21.487477454887294,6.554725118321919,0.020000000000000004,0.27459553677836435,0.25152408131284754,0.24966219755011093
2025-10-09,14070000.0,16.0,23.0,17.469564177192236,8.11109820577735,0.0,0.42388635821177323,0.38490310822737395,0.35172776955673
2025-10-10,11840000.0,17.2,25.1,19.295579652014272,5.492201183616768,0.010000000000000002,0.35055032929197105,0.3168219977668604,0.33116452055228357
2025-10-11,16350000.000000002,19.2,27.6,22.733448408761966,1.92750820831019,0.0,0.3545432298831349,0.306325711525743,0.31245063930045164
2025-10-12,5820000.0,18.5,22.8,20.742855832643865,6.82709040862662,0.26,0.22672864298893933,0.21028466161685727,0.21211153709630937
2025-10-13,3950000.0,16.4,20.5,19.290482572241668,8.886291724336884,1.59,0.16296343457882362,0.15222293959013528,0.14231982745097432
2025-10-14,4730000.0,17.4,20.7,19.143179368010937,5.06120555939834,0.13999999999999999,0.16424418642719413,0.15124259377390342,0.1637124290708319
2025-10-15,9820000.0,18.5,23.5,20.13704666736661,6.710362427067462,1.07,0.3153826413740878,0.28747678137941146,0.2809238807714693
2025-10-16,7750000.0,16.8,23.5,19.96832999135737,5.6687896685395955,0.27999999999999997,0.23440440136449095,0.2126901679447081,0.2245229449016804
2025-10-17,11670000.0,17.7,23.9,19.214167776592788,6.378136633399091,0.33,0.3479611945436609,0.31490665314065774,0.3147455587401008
2025-10-18,3360000.0,16.0,19.9,18.627932709368228,7.048574271072201,0.54,0.13673698340396262,0.12768497617391578,0.13197928202568399
2025-10-19,9530000.0,9.5,20.7,14.614235769608616,5.330577824534857,0.0,0.20631353846884232,0.18205926839189396,0.21174413122212452
2025-10-20,11050000.0,10.5,18.2,13.03291013327448,4.962435728848284,0.03,0.23391820618424147,0.20624723949676466,0.2225778023748913
2025-10-21,6940000.0,12.7,17.2,14.750627206630297,2.5590365187969137,0.08000000000000002,0.13454020460644375,0.11693397229198729,0.13751387619223618
2025-10-22,9350000.0,11.3,18.2,14.514655623762621,6.458948312940047,0.21000000000000002,0.20537524304837623,0.18175669126743121,0.18089875612902304
2025-10-23,11120000.0,11.6,18.8,14.622228032926015,4.324921368025193,0.06999999999999999,0.20707042432045802,0.17870948384687652,0.19258025560177944
2025-10-24,10600000.0,12.5,18.8,15.112957213264155,5.860343279303341,0.12,0.2237973442122454,0.19650664559519923,0.197254379683336
2025-10-25,11820000.0,12.3,21.2,14.26244046762805,3.8161070894339937,0.25,0.2504238330755541,0.21930688407795423,0.2599423577736187
2025-10-26,12050000.0,7.6,18.2,10.177333642340951,8.380470470913869,0.0,0.3584211729949926,0.32922083312986,0.334357316379995
2025-10-27,16059999.999999998,3.8,12.0,5.309993105527772,9.448980455955388,0.0,0.46195936651458214,0.42778216159093463,0.3749181633155037
2025-10-28,15650000.0,2.6,13.4,5.925246371342809,3.947800196834069,0.0,0.24847867416745145,0.21507837677844766,0.27301209231131673
2025-10-29,15040000.0,5.0,15.8,8.376670241896829,2.642841223506052,0.0,0.20221273247749155,0.1679437853793098,0.22463797892880014
2025-10-30,11470000.0,6.5,16.7,9.688116966214682,1.340875275346219,0.0,0.1485179110291423,0.12157737555924511,0.16761416259562445
2025-10-31,13590000.0,9.6,18.7,11.610509982310896,4.465593550929818,0.010000000000000002,0.25487857845113193,0.22099673785457014,0.26389970549957464
2025-11-01,13520000.0,9.0,17.6,9.613233382452636,9.676450368737335,0.03,0.4402223954808953,0.40715494096397525,0.3822085316998585
2025-11-02,13520000.0,2.0,15.1,6.186230840426046,10.846723209497092,0.0,0.5205677876774641,0.4912607744830512,0.3932846922735333
2025-11-03,11890000.0,5.6,15.2,7.9929634401467204,3.992695574356822,0.0,0.21963455460836917,0.1925429468292879,0.2484669859015586
2025-11-04,13280000.0,6.9,18.2,9.836606590542996,1.8856058559556206,0.0,0.1738458601547717,0.14192887480554128,0.2032936267585197
2025-11-05,13630000.0,6.8,19.0,10.694246745243774,1.9813826613374932,0.0,0.17540202346150202,0.14237292534019436,0.20194259675650308
2025-11-06,12990000.0,8.5,19.7,11.659556771770585,3.9567792723386193,0.0,0.22413160751452527,0.19178151944320207,0.2529614566923102
2025-11-07,12660000.0,9.5,19.7,11.320022676784372,5.234801019152985,0.0,0.2742243695354067,0.24234823183771476,0.3004188392546201
2025-11-08,4190000.0000000005,12.0,17.0,13.822703854303802,2.2387828258012763,1.34,0.0979368266529925,0.08740991156038869,0.12017451169002805
2025-11-09,12300000.0,7.2,18.3,8.642253692679859,11.172962952829097,0.0,0.4946911903913545,0.4649896163911328,0.4347809336042722
2025-11-10,13800000.0,4.4,14.0,4.757911748410759,8.123070306450085,0.0,0.4432480581736197,0.4127922156178728,0.4283231140903327
2025-11-11,12690000.0,3.5,14.8,5.912636657712008,1.849689553937418,0.0,0.15206902944228337,0.12410107604057681,0.20208056011668996
2025-11-12,10840000.0,5.7,16.0,7.920440716174468,2.7266459282151905,0.0,0.17118823270251796,0.14620170699829105,0.21826069276160798
2025-11-13,12760000.0,4.7,17.3,8.199634249805541,5.785517650098753,0.0,0.2823258728219108,0.2528014753020457,0.3076447143308946
2025-11-14,13050000.0,3.8,15.7,6.098745322346872,5.177933540957497,0.0,0.276428717370266,0.24719796494180418,0.330755944002486
2025-11-15,12720000.0,4.7,16.8,6.272927465767769,1.152314689750657,0.0,0.12779702411991273,0.09855176786303384,0.17280628903862844
2025-11-16,9230000.0,6.2,18.4,8.735803407821157,6.144680670280776,0.0,0.286353329545664,0.2643018534194918,0.33007753960439346
2025-11-17,5750000.0,-1.0,9.0,3.3349958773388533,13.573369137712284,0.0,0.5468174130199615,0.5359757694939822,0.37584960102479364
2025-11-18,12500000.0,1.5,7.4,3.7832963807047797,8.22782618733651,0.0,0.3394898809145137,0.3155670759695988,0.29890447086311916
2025-11-19,12400000.0,1.6,9.3,4.281574914964132,6.435004111594578,0.0,0.2774977971556972,0.25298895722990367,0.2837804195345549
2025-11-20,10920000.0,3.3,15.6,6.272927465767769,10.032620363751175,0.0,0.4406044921085305,0.4163407120804415,0.3988917583814889
2025-11-21,12200000.0,2.3,12.6,4.355153789505876,6.497857640126432,0.0,0.3207608694634104,0.295134535092373,0.35122841432829566
2025-11-22,11650000.0,3.0,14.6,6.966446387958146,4.076500279065961,0.0,0.18091444777387328,0.15548459533333342,0.2342204606765322
2025-11-23,10450000.0,5.9,15.1,7.126153915787945,2.7475971043924754,0.0,0.1601796406353547,0.13630737138682383,0.21695749181417745
2025-11-24,11410000.0,5.5,18.2,8.512271879221926,3.4270138175701352,0.0,0.19325548292162978,0.16629088471742248,0.25034011699287984
2025-11-25,9040000.0,3.3,11.8,6.891905182461984,10.068536665769376,0.06,0.2942349245051096,0.27519072967983366,0.255417477825057
2025-11-26,11380000.0,3.1,12.8,6.61662373958978,3.109753149742682,0.0,0.14110904444997419,0.1168565518233701,0.1896646137531432
2025-11-27,8970000.0,1.2,12.9,6.248318033014389,12.681447637593593,0.19,0.3833489764480403,0.36472817177905925,0.31205955066375113
2025-11-28,11590000.0,-1.7,8.9,3.142914666850726,5.064198584566523,0.0,0.22353630127049368,0.2019756008210753,0.2686455476953238
2025-11-29,11430000.0,3.1,12.6,6.9435947167784,3.142676426592701,0.0,0.1304424436200642,0.10615326282308253,0.1762161956967841
2025-11-30,10720000.0,6.5,18.1,10.104902299032156,6.072848066244372,0.0,0.2163981119109558,0.19078686336571568,0.2617737263344693
2025-12-01,11190000.0,2.2,13.1,3.942509496934465,8.206875011159223,0.0,0.4027733888539486,0.37913124969916356,0.41084218323222493
2025-12-02,10770000.0,-5.9,8.7,2.5109356167042813,11.672798155915746,0.0,0.6053022841814598,0.5867649816876404,0.3560458761728951
2025-12-03,11430000.0,-4.6,1.7,2.3706037315182735,11.92121924487498,0.0,0.35523713669530727,0.3376154868428153,0.23974268670738455
2025-12-04,10930000.0,-4.6,3.4,2.854278190162281,8.868333573327783,0.020000000000000004,0.25771593607793464,0.24028256449818758,0.21784852235493393
2025-12-05,11480000.0,-4.3,4.0,2.5618987785631493,6.913888138503942,0.0,0.23260453861267769,0.21396882798677191,0.22890429672719112
2025-12-06,11030000.0,-1.1,7.9,4.86286020629666,2.8254157587652475,0.0,0.09863205895478835,0.07825234137961856,0.14058374278197855
2025-12-07,10450000.0,2.9,14.9,7.056414341440281,8.176944759477388,0.0,0.2771480895942521,0.25427447043060625,0.300730957445117
2025-12-08,10940000.0,-1.4,9.4,2.1624719078857275,7.895600393668138,0.0,0.3812289400358311,0.3606015347881419,0.3822912442800138
2025-12-09,10990000.0,-0.8,7.9,4.264026930457406,5.22282891848025,0.0,0.17633141957675952,0.15592156142410124,0.20912591076308779
2025-12-10,9440000.0,2.0,10.0,5.37911708112658,1.9095500573010886,0.010000000000000002,0.09126421182008519,0.07228200500735328,0.13773383583029894
2025-12-11,7470000.0,-0.6,13.2,5.370846491224622,7.6830956067271075,0.13,0.33167753515746234,0.316517325833017,0.2994328800081468
2025-12-12,5180000.0,0.2,6.7,6.3014294038547645,6.114750418598941,0.0,0.10138094804530713,0.09179370660688776,0.10931767414904461
2025-12-13,4820000.0,-1.1,7.3,6.307143508988018,7.332911662049636,0.8,0.10369792740102775,0.09488351813976972,0.11017147839446735
2025-12-14,7310000.0,-1.2,4.0,4.728297376205222,10.855702285001643,0.0,0.20799950729435931,0.1954175498914049,0.1551082269674883
2025-12-15,10590000.0,-2.1,7.3,5.172500538097397,3.3940905407201174,0.0,0.0877762005142001,0.06874481006242303,0.12465731726389791
2025-12-16,8119999.999999999,2.0,9.6,7.315110949886605,2.331566606014966,0.010000000000000002,0.06660569349661995,0.050378948512706856,0.09756953070027131
2025-12-17,9700000.0,-0.5,9.4,5.367541407840652,7.377807039572389,0.0,0.19842779636135113,0.1798636997240972,0.2104514827630048
2025-12-18,10790000.0,0.6,9.1,4.549732455935999,1.9424733341511078,0.0,0.08816683552490343,0.06724560550899755,0.14000374860734116
2025-12-19,8730000.0,3.4,12.4,7.724558158976435,1.0595309095369676,0.0,0.06047347831955977,0.04189520939157453,0.09356479584177187
2025-12-20,8100000.0,-0.7,15.9,7.8925236786069135,9.17960819081887,0.03,0.2995316659418593,0.28244288507259574,0.2527034753445409
2025-12-21,7790000.0,-4.7,3.4,2.2949199535381335,7.147344101622258,0.0,0.24524176307751056,0.23284117838087087,0.23344888907735778
2025-12-22,10650000.0,-2.8,7.4,4.4830947326114785,2.08015249188755,0.0,0.07260568397466281,0.05366854926889032,0.11677235016911988
2025-12-23,6870000.0,0.7,8.7,7.0817041246921475,2.436322486901389,0.58,0.05746071683825864,0.044204832940472366,0.08582279790784723
2025-12-24,5670000.0,-2.1,9.7,6.506127100994935,7.512493172140648,0.0,0.11591769695327125,0.1052983615588339,0.138751235369263
2025-12-25,10530000.0,-9.6,3.3,2.082746130783587,15.021993319113108,0.0,0.45526524933135093,0.44014290054259464,0.25505193923328295
2025-12-26,11220000.0,-7.9,-2.0,1.3388108192774528,9.631554991214582,0.0,0.28511068267768935,0.27022861433943357,0.21291042632495277
2025-12-27,9430000.0,-4.5,4.2,4.202444915145428,3.947800196834069,0.0,0.08769384727173424,0.07238594211474021,0.11465603542004692
2025-12-28,5240000.0,0.6,6.4,5.642887894033542,2.8284087839334306,0.0,0.08032538096595537,0.07061055392423665,0.10810040042480451
2025-12-29,8720000.0,-2.0,10.8,6.280516817336937,7.623235103363436,0.0,0.1673829880120101,0.1507218539594006,0.17881067223376834
2025-12-30,11080000.0,-2.8,5.8,2.6951480727758725,7.389779140245122,0.0,0.2719592265740624,0.25281826794230994,0.26716121134462323
2025-12-31,10490000.0,-8.3,0.0,1.4648996108079835,10.352874056746812,0.0,0.3162903294889029,0.3018681353584126,0.23276797093413384
