day,IRRAD,TMIN,TMAX,VAP,WIND,RAIN,E0,ES0,ET0
2015-01-01,10960000.0,-11.8,-8.1,1.8596885481131957,12.29534739089792,0.0,0.1467466150585875,0.13431214635745983,0.08762586476248534
2015-01-02,8500000.0,-12.8,-5.0,1.9471570628588903,7.982398123545459,0.020000000000000004,0.11528352162145965,0.10512253413745684,0.09803779564961344
2015-01-03,10810000.0,-10.5,-0.6,2.613780211713491,4.830742621448209,0.0,0.08825083701267272,0.07314506204603552,0.10694249515841137
2015-01-04,10130000.0,-5.0,4.2,4.692975760045153,4.1543189334387325,0.0,0.07175452335027141,0.0543067786433221,0.09637696685010752
2015-01-05,8600000.0,-3.6,5.9,4.881055778502896,5.26473127083482,1.11,0.1049837993403137,0.0893200382558045,0.12837726294404256
2015-01-06,10930000.0,-9.7,-4.2,1.425292179442121,10.969437241392619,0.0,0.25623763801137583,0.24190073949806773,0.17409171542972596
2015-01-07,11960000.0,-11.2,-4.3,1.5081569901481058,7.89859341883632,0.0,0.17137546810375023,0.15626374826631872,0.1446467126326228
2015-01-08,11780000.0,-10.0,-2.5,2.469157559558453,6.770222930431132,0.0,0.11360616714767617,0.09765202046258341,0.10808484708733346
2015-01-09,7630000.0,-6.7,-2.2,3.257795813573065,9.158657014641586,0.0,0.1214905583793651,0.11030686052590008,0.09331280806540035
2015-01-10,11040000.0,-6.6,-0.3,3.286557788745447,7.0395951955676495,0.06,0.12078723631678348,0.10391216413586386,0.11266581127836575
2015-01-11,11400000.0,-8.8,-1.8,2.292589907298415,10.110439018123946,0.0,0.20000836130192634,0.1839018317771322,0.14872219864905495
2015-01-12,12460000.0,-7.7,-0.7,1.7323247727304456,2.8643250859516334,0.0,0.10152042367028784,0.08306219909810679,0.1367439675561118
2015-01-13,11270000.0,-5.5,3.3,2.673707362004381,1.478554433082661,0.0,0.0726000782966101,0.053692354632074224,0.1113248862045079
2015-01-14,3770000.0,-3.6,1.7,3.8590908480409056,2.8613320607834494,0.010000000000000002,0.07843625809454015,0.07207523832075154,0.09796598118910793
2015-01-15,9110000.0,-5.0,3.1,4.07387129976625,4.067521203561411,0.0,0.0925383951336612,0.07716733674129667,0.11146253232161177
2015-01-16,6650000.0,-9.2,-0.4,3.2450846406612928,12.852050072180054,0.08000000000000002,0.15093098031658328,0.1413289533831982,0.10302904934810889
2015-01-17,12760000.0,-9.5,-3.6,1.924454710558682,8.084160979263702,0.0,0.17434595413375817,0.15729840079978838,0.14052322160722097
2015-01-18,12880000.0,-7.7,1.2,2.940321239431226,8.497198452473025,0.25,0.17929364308834725,0.15944354052194734,0.15399891626956946
2015-01-19,10070000.0,-7.3,-0.3,3.0787529616956344,8.50917055314576,0.0,0.15436702048024364,0.1391965271448256,0.1260353703312606
2015-01-20,12130000.0,-5.5,2.9,2.880804048940591,3.0917949987335804,0.0,0.11394707055916324,0.09375121883288083,0.14589316613001116
2015-01-21,4830000.0,-3.2,2.8,5.278981872244652,2.4632597134150407,0.6000000000000001,0.04903212938428897,0.04065132109977735,0.0626273654529863
2015-01-22,4200000.0,-4.5,0.2,4.362023009954421,4.73795884123452,0.0,0.06645516039931955,0.059689612587800825,0.06869014697298828
2015-01-23,9440000.0,-5.7,1.4,3.75551679342025,4.1483328831023645,0.0,0.09567662996547771,0.08047025583673088,0.10522902734067549
2015-01-24,11020000.0,-3.8,1.9,4.164027970148122,3.9268490206567837,0.0,0.09969889712667322,0.08110514701867573,0.10800170030988929
2015-01-25,6420000.0,-1.7,4.0,6.045312285922133,4.121395656588713,0.42000000000000004,0.060942901297359596,0.049249721511016684,0.06510530532220121
2015-01-26,3900000.0,-6.4,6.0,5.719324227642915,5.965099160189765,0.010000000000000002,0.04727055036337789,0.040503438083958565,0.06828709325816698
2015-01-27,13850000.0,-9.1,-2.5,1.9092313372751275,7.279037209022332,0.0,0.18843007285765484,0.16928977508417423,0.15680808306623142
2015-01-28,12530000.0,-8.0,-1.3,2.3698040443163704,3.774204737079425,0.0,0.11797913816444536,0.09976973745951787,0.1271188456747722
2015-01-29,5370000.0,-6.8,-0.4,3.9236959780109064,4.046570027384125,0.27999999999999997,0.06291240547377425,0.05475490271821826,0.06691831211345094
2015-01-30,12010000.0,-10.4,-3.1,2.003583333398076,11.029297744756288,0.0,0.2249989902727993,0.20909966537735603,0.14640688871315038
2015-01-31,14660000.0,-10.5,-3.7,1.5908073850725475,4.8906031248118795,0.0,0.1472481617472489,0.12815173218952286,0.1409344436448512
2015-02-01,14530000.0,-8.5,0.2,1.9112108869007356,3.178592728610903,0.0,0.13357878074877913,0.11200853368689354,0.15347840773767785
2015-02-02,12950000.0,-5.0,2.0,2.1772560506039365,1.7868360254055644,0.0,0.11342512702225709,0.09202907484723483,0.1424901263721276
2015-02-03,12000000.0,-6.2,2.7,3.041615643873906,3.756246586070324,0.0,0.13788468352344077,0.11824926961943302,0.15190434298601113
2015-02-04,12830000.0,-7.0,-0.3,3.1162926617377713,7.14135805128589,0.020000000000000004,0.16033904062986865,0.1408895291756068,0.12963177835384215
2015-02-05,11890000.0,-6.6,-1.3,2.7963136988774986,8.078174928927332,0.0,0.18798399330284635,0.17018372222020892,0.1417736874457433
2015-02-06,14860000.0,-5.3,1.4,3.317701295423453,4.387774896557047,0.0,0.14899688551965898,0.1248707962328349,0.14415596664316904
2015-02-07,9670000.0,-12.1,-0.2,2.9695103105751985,10.4276996859514,0.0,0.13732271865843418,0.12416699800713202,0.10581839232255383
2015-02-08,14670000.0,-14.6,-9.1,1.0850926433985568,14.507192990185544,0.0,0.2646074136812703,0.24952749723829087,0.1274740164307058
2015-02-09,15000000.0,-13.3,-5.7,1.8068950200757743,11.789526137474901,0.0,0.19894565719055884,0.1815387418114987,0.11382473593727452
2015-02-10,13230000.0,-4.2,1.3,3.7978623339582573,10.301992628887692,0.0,0.22401336163778138,0.2021125450872808,0.14788094590738177
2015-02-11,10730000.0,-7.1,2.8,3.608843909920234,7.572353675504317,0.010000000000000002,0.17225648733361693,0.15497212351990358,0.1456043225092332
2015-02-12,15250000.0,-9.1,-2.4,1.6276130534963837,12.7891965436482,0.0,0.3539434545457746,0.33282143054900615,0.2030240330320745
2015-02-13,16230000.0,-7.9,-1.6,2.2678668319580595,8.009335350059112,0.0,0.22965110927071794,0.20616582816416154,0.16718625961133227
2015-02-14,16050000.0,-4.7,3.6,3.7930014970288224,5.198884717134782,0.0,0.18620279199393322,0.15871227122916196,0.1671356676268339
2015-02-15,3390000.0,-0.7,4.2,6.193727394613741,5.644845467194127,1.09,0.0750378253703484,0.06873370257174381,0.07020046198393233
2015-02-16,2029999.9999999998,-3.9,2.0,5.7578847457165265,6.102778317926207,0.43,0.0157199211048113,0.012294756611232811,0.024358509518735763
2015-02-17,8340000.0,-5.3,-1.0,3.604198397048093,9.820115576810144,0.0,0.16782925395655404,0.15492333158198288,0.10919081935299754
2015-02-18,9800000.0,-6.3,-1.3,3.4348901475465206,7.279037209022332,0.0,0.14297835435583517,0.12821461704827836,0.10477564950445065
2015-02-19,16440000.000000002,-4.5,2.7,3.24614221983634,3.193557854451821,0.0,0.1718847394601521,0.1440935179700949,0.16865830645595717
2015-02-20,15820000.0,-2.0,5.4,4.421495894865009,4.875637998970962,0.06,0.20981502870022223,0.18044618275554605,0.18847074125028737
2015-02-21,2730000.0,-0.3,3.8,7.232979929364441,5.788510675266937,0.8,0.02995207799835479,0.02487530654107146,0.02730121278719378
2015-02-22,10520000.0,-5.5,3.3,4.049351508580314,8.248777363513794,0.0,0.19101714273398893,0.1733676970418046,0.14675200444853567
2015-02-23,15610000.0,-5.2,3.4,3.396159176088465,5.704705970557797,0.0,0.21915006561746297,0.19276192891066288,0.1871207224210635
2015-02-24,16840000.0,-3.7,3.6,3.170774282447541,3.9717443981795366,0.0,0.21356361655339623,0.18418222475265206,0.2006382491339191
2015-02-25,14170000.0,-2.7,6.6,4.115465532474159,5.3485359755439585,0.04000000000000001,0.23629533004687248,0.20976399444831348,0.2170355871187455
2015-02-26,14150000.0,-8.5,0.5,2.406839234387054,13.567383087375916,0.010000000000000002,0.3539161813248032,0.33277692667052666,0.19971924962439727
2015-02-27,16550000.0,-7.6,-3.3,1.9026460330146722,6.102778317926207,0.0,0.22388875343626236,0.2006596812416805,0.16994782205914732
2015-02-28,8840000.0,-3.4,0.5,3.942509496934465,4.971414804352834,0.41,0.1428868806778552,0.12825322850049883,0.12072885523374696
2015-03-01,13470000.0,-6.1,0.2,3.152176943283234,9.55373633684181,0.0,0.24562604352761416,0.2246112694130813,0.15800517997478178
2015-03-02,19120000.0,-3.4,4.5,2.8979718975825963,3.1546485272654348,0.010000000000000002,0.23062756727960707,0.1965353967726126,0.22316312728238924
2015-03-03,7730000.0,-9.1,2.8,3.4348901475465206,10.682106825246999,0.34,0.20080634235961153,0.1888443783361781,0.1486849011089439
2015-03-04,19000000.0,-8.3,-2.5,1.8590443831194605,11.801498238147637,0.0,0.36132763119503847,0.33460104885439945,0.19925993118997667
2015-03-05,19220000.0,-6.0,1.4,2.244143038664858,3.07383684772448,0.0,0.21283914866042125,0.18206184268615672,0.19843257794742705
2015-03-06,18050000.0,-3.4,4.4,3.5408586769196844,3.23546020680639,0.0,0.2188693434000298,0.18674269054915957,0.20128440909215634
2015-03-07,19940000.0,-3.6,5.7,2.8392182529281067,3.7412814602294056,0.0,0.2697323139016886,0.2335414899874963,0.2543333405111488
2015-03-08,19160000.0,-1.5,8.7,3.6216464864267017,5.097121861416543,0.020000000000000004,0.33010643860680794,0.29222742735373974,0.3024433542719668
2015-03-09,19110000.0,-11.1,4.2,1.7918806360506419,17.533141435219086,0.0,0.8310639190080517,0.8018535359122752,0.3116704293971201
2015-03-10,21200000.0,-9.5,-4.3,1.648323060856561,15.593661126236162,0.0,0.4299605210864959,0.4020881827626567,0.18866169823857654
2015-03-11,19860000.0,-6.8,1.2,2.7005320869390013,12.594649907716272,0.0,0.3946797217666295,0.3635072541165313,0.21574857986502377
2015-03-12,21180000.0,-4.5,2.4,2.798167057024679,8.365505345072952,0.0,0.36468896149935726,0.3290876410366729,0.24480222651951436
2015-03-13,13180000.0,-6.6,4.3,4.804138790265362,6.435004111594578,0.39,0.15850578174560243,0.13643567397321515,0.1192131991491856
2015-03-14,20870000.0,-2.2,6.5,3.123440340736082,2.8254157587652475,0.0,0.27120861811666713,0.2318668622936217,0.2575667286771968
2015-03-15,19390000.0,-0.0,9.5,3.4304439901945294,3.7652256615748736,0.0,0.3267601956817837,0.2870255139702028,0.31696169417859055
2015-03-16,21000000.0,5.0,14.7,4.786197470995247,3.456944069251971,0.0,0.38666653684004865,0.33713757411035705,0.3934005022569792
2015-03-17,18000000.0,4.6,16.0,8.014127874955337,4.312949267352459,0.33,0.34274370599332976,0.2998194905435627,0.32230052019999755
2015-03-18,1560000.0,2.8,5.8,8.016482528364422,6.797160156944785,3.33,0.025929332115003013,0.022776505022954047,0.04327939513822844
2015-03-19,20700000.0,4.1,15.1,7.908798045449313,4.046570027384125,0.0,0.3528451855541195,0.3043264655944396,0.31553872950181355
2015-03-20,16880000.0,2.4,15.1,6.341524427472645,3.361167263870098,0.0,0.3239957168377813,0.2852778177945846,0.31544740565791757
2015-03-21,22340000.0,-0.9,13.4,5.00235585932138,6.384122683735459,0.0,0.5044796705743181,0.4566200353287062,0.3787587369476089
2015-03-22,22880000.0,-5.3,10.2,2.8552217899734105,9.832087677482878,0.0,0.7266928910615374,0.6831257778964095,0.40787370997500083
2015-03-23,23270000.0,-5.7,4.0,2.6068091182338256,8.769563742777727,0.0,0.4269671476674569,0.3875558104915217,0.2823642099017049
2015-03-24,23480000.0,-4.6,5.3,2.953910914624465,3.361167263870098,0.0,0.3022562748000422,0.26068988400598325,0.25859849691094333
2015-03-25,23620000.0,-2.1,8.1,2.904672806694052,3.2983137353382443,0.0,0.3460165574194179,0.30021625075641956,0.3149032054054651
2015-03-26,23760000.0,-0.7,10.4,3.618150882908654,4.073507253897777,0.0,0.39264205765105,0.34380371902766566,0.35229570392714854
2015-03-27,23250000.0,1.0,12.2,3.980376756934567,4.6571471616935645,0.0,0.43339779064636463,0.3830887533409665,0.39487397723175094
2015-03-28,21750000.0,0.2,12.7,4.8011444397900975,5.80048277593967,0.0,0.4500594088263436,0.4031962875568609,0.3775936485289425
2015-03-29,21630000.0,1.1,13.2,6.822153010215973,4.417705148238882,0.0,0.3572138672472268,0.30968353090210987,0.30141875968596477
2015-03-30,22870000.0,4.3,16.3,7.692708629640939,5.031275307716505,0.0,0.44342943397404994,0.3888918335664848,0.3840335490277952
2015-03-31,3530000.0,8.2,10.6,10.8654550027281,3.8699815424612973,0.13999999999999999,0.08311857500222644,0.07488606554961917,0.08773277595645039
2015-04-01,5880000.0,3.0,12.0,8.789295423197556,6.396094784408192,0.06999999999999999,0.16244638574124554,0.14940054874153458,0.1482139093843274
2015-04-02,17900000.0,6.4,16.0,12.024836924233119,12.645531335575392,1.79,0.35572894105715486,0.31211851097170157,0.20247569922041672
2015-04-03,14820000.0,3.1,11.9,8.132610958262529,7.2820302341905165,0.0,0.3038715514024021,0.2709907173317021,0.22320277639483313
2015-04-04,12980000.0,3.6,11.8,8.206844136694155,6.539759992481001,3.3000000000000003,0.2773446803886125,0.24838917761663354,0.214273701455948
2015-04-05,4220000.0,5.9,9.9,10.203520631015648,2.594952820815116,0.44000000000000006,0.07882511410972999,0.06936031893492342,0.0792395314524347
2015-04-06,3550000.0,1.9,7.6,7.63612266178562,3.828079190106728,0.19,0.07968851299584241,0.07241372598830698,0.08802606833204603
2015-04-07,7070000.0,0.1,4.6,5.950537170112184,3.7472675105657727,0.16000000000000003,0.13245235889347143,0.1190348915523168,0.11384355625561034
2015-04-08,9770000.0,1.3,5.4,5.374153375658219,2.3195945053422315,0.0,0.17113903697861385,0.1519781644676593,0.1592119534281739
2015-04-09,20380000.0,-0.1,10.6,5.6671099176045345,2.3495247570240667,0.0,0.2986761958335554,0.25627710805254644,0.2641323210789456
2015-04-10,24220000.0,2.8,12.7,5.4944078723136185,3.4958533964383562,0.0,0.4171583573463516,0.36305577893384855,0.36402395548776073
2015-04-11,24780000.0,2.4,14.3,6.091350509523406,3.699379107874836,0.0,0.4324467799146491,0.3761997202310948,0.377567501989548
2015-04-12,13800000.0,3.1,11.0,5.99411499300587,9.45197348112357,0.4,0.44427989362496706,0.41403945971557443,0.3223932959056433
2015-04-13,5280000.0,1.9,6.0,7.442056719829396,7.689081657063474,0.9,0.11752286766587083,0.10696792279377106,0.08003049121732395
2015-04-14,17180000.0,0.1,8.3,6.096895875376132,5.109093962089276,0.76,0.28954328726431683,0.25492965192468076,0.21601482154429244
2015-04-15,24960000.0,2.2,13.0,6.5987542845152145,9.06886625959608,0.0,0.5455592377090777,0.49002989432137944,0.3696672963261939
2015-04-16,18640000.0,-1.5,15.6,6.372224209699652,9.499861883814507,0.5900000000000001,0.6246056759937707,0.5837591768581853,0.39000929171823684
2015-04-17,25910000.0,3.6,13.1,4.814632047954909,3.9867095240204544,0.0,0.4863802065120949,0.42756820827154246,0.4229553628917033
2015-04-18,15250000.0,6.8,16.0,7.439851628125683,4.791833294261823,0.8300000000000001,0.40694198280474103,0.3696146474529079,0.3768735955158028
2015-04-19,2290000.0,9.4,12.7,12.718369744216568,3.9986816246931887,0.5700000000000001,0.04380418878293513,0.038244551234946356,0.06679377192648209
2015-04-20,3210000.0,0.0,9.3,7.939100449178708,3.525783648120192,0.6200000000000001,0.06002039477579084,0.05346242813075443,0.08216152392481486
2015-04-21,25860000.0,4.3,15.1,5.745590619681461,4.082486329402328,0.0,0.5066855666410741,0.4459208707922359,0.4417920950137084
2015-04-22,26220000.0,2.7,14.5,6.370301631850605,5.755587398416918,0.0,0.5244316527076286,0.4645245776247747,0.41469291365058725
2015-04-23,22620000.0,3.7,16.2,5.754369766004649,5.378466227225793,0.0,0.5440778358340269,0.49059617152861695,0.4658018057681569
2015-04-24,24090000.0,5.2,16.8,7.192220614930944,4.965428754016468,0.0,0.5221066237138875,0.46368995070856245,0.44573447990737963
2015-04-25,26960000.0,7.1,17.9,5.236805265610996,5.62988034135321,0.0,0.6694728666848047,0.6018212875050698,0.5948581813289515
2015-04-26,26890000.0,8.2,19.8,6.656486812828668,6.426025036090027,0.0,0.7172201963628312,0.6475474504705698,0.6251661110983509
2015-04-27,25920000.0,6.8,19.8,7.282592960529845,4.803805394934557,0.08000000000000002,0.6330602358296794,0.5668799965980791,0.5418263121051425
2015-04-28,12860000.0,9.7,15.2,11.957683351042268,7.258086032845047,0.97,0.3222627058328974,0.2900283330696815,0.2306520567309564
2015-04-29,7500000.0,8.9,12.4,12.028203291831593,5.456284881598566,0.49000000000000005,0.15914366984006625,0.14110711887456523,0.11451502515639148
2015-04-30,15430000.0,8.8,17.1,11.971087616630152,3.214509030629106,0.04000000000000001,0.3177281831331999,0.278626527135861,0.26688017379976825
2015-05-01,22290000.0,9.5,20.8,12.549630967280724,2.9481297906607717,0.0,0.4584572806611857,0.39935012532445985,0.3906402305139415
2015-05-02,18130000.0,11.2,19.1,12.472952375997343,6.321269155203603,1.03,0.4747184322759811,0.42664249121474995,0.373991423694256
2015-05-03,5530000.0,9.1,14.1,13.357958329948742,5.9441479840124805,0.36000000000000004,0.11723911914790501,0.10364081717927573,0.08518410463179057
2015-05-04,27060000.0,1.7,14.5,5.37911708112658,8.89826382500962,0.0,0.7091128366075263,0.6480960158371292,0.4835430765633073
2015-05-05,27780000.0,5.8,15.9,5.172500538097397,4.055549102888675,0.0,0.5790641602092181,0.5119378601615374,0.5094828624729061
2015-05-06,20830000.0,6.5,17.0,6.543432839119702,2.3255805556785987,0.0,0.4217843933840252,0.3703872157226961,0.3975929195640194
2015-05-07,27280000.0,6.0,19.0,5.826807532025023,4.845707747289127,0.0,0.6746259304348184,0.6061713651520599,0.575943101809359
2015-05-08,19080000.0,8.6,17.4,9.70482738245373,3.0229554198653594,0.04000000000000001,0.4080439405571844,0.35964041656574186,0.3584526508571738
2015-05-09,23990000.0,6.3,17.4,9.721563186362417,4.205200361297853,0.0,0.48002456735130694,0.4206953656373592,0.3854024648875666
2015-05-10,24070000.0,7.2,19.1,9.732734509524738,4.025618851206841,0.0,0.5115607772259562,0.45030082126434456,0.4328860464928395
2015-05-11,14310000.0,5.9,16.7,11.183506197074284,13.705062245112359,3.75,0.41314860313048885,0.378203280236223,0.260223929760477
2015-05-12,25010000.0,7.2,14.1,7.99531260600824,13.708055270280541,0.17,0.7638153718614409,0.7036694865751498,0.43317890216671395
2015-05-13,26990000.0,8.5,18.9,9.076864791832877,11.400432865611045,0.0,0.8322548332016628,0.762757933884369,0.5637694370878215
2015-05-14,23730000.0,12.8,21.9,14.839474846789178,7.9614469473681755,0.0,0.6303410607343014,0.5647751777334507,0.45255433792105293
2015-05-15,15670000.0,9.5,19.6,13.967940532621586,4.690070438543582,0.0,0.35171930242134725,0.31065959684848105,0.28169951010870986
2015-05-16,27550000.0,8.2,18.9,6.931158098209706,5.465263957103116,0.0,0.68286433111246,0.6121486397508662,0.5833199494734764
2015-05-17,22490000.0,9.8,19.8,7.442056719829396,3.9867095240204544,0.04000000000000001,0.569614294227957,0.51038823217243,0.5298886354366574
2015-05-18,13090000.0,6.8,15.2,10.171522355857967,3.444971968579237,0.05,0.2846029561799278,0.25286056308571014,0.24535150157449795
2015-05-19,27270000.0,6.7,20.7,11.199305408423841,6.291338903521768,0.08000000000000002,0.6539857907793938,0.5837679158485823,0.46787672727046276
2015-05-20,26970000.0,4.6,15.4,7.827721342149408,7.1742813281359075,0.0,0.5944993393007028,0.5306542147153108,0.4233974450375344
2015-05-21,28210000.0,9.0,18.8,8.255053137575926,6.246443525999015,0.0,0.7074009356412774,0.6344592122502092,0.5648044875648353
2015-05-22,25840000.0,11.6,20.5,8.080289348895626,4.23812363814787,0.0,0.650562639138634,0.5808454105861124,0.5851040485820905
2015-05-23,22830000.0,9.9,20.3,8.819991774755874,2.9870391178471576,0.0,0.5223635670539846,0.46188391692502895,0.4785764515003554
2015-05-24,25690000.0,9.7,21.2,8.475098972676875,3.675434906529368,0.0,0.6047677937572531,0.5362451876116368,0.5493696972375123
2015-05-25,28320000.0,9.8,23.3,9.35379184942153,4.824756571111841,0.0,0.7615684621538508,0.6844448737686488,0.6334607377593168
2015-05-26,29210000.0,13.1,25.4,8.26230599219859,3.7742047370794243,0.0,0.7557528954876688,0.6723941215128393,0.7139543789814795
2015-05-27,28760000.0,13.3,25.8,8.127842128500435,3.525783648120192,0.0,0.7479821617558111,0.6655084903791691,0.7096784818010317
2015-05-28,25850000.0,12.2,23.7,9.638137714023914,5.384452277562161,0.0,0.7342531136233611,0.6620747286578927,0.6632585489161476
2015-05-29,24670000.0,12.4,24.0,10.41219602744578,3.4868743209338064,0.27,0.6224056196162424,0.5532254308027093,0.5776858716222554
2015-05-30,8000000.0,8.9,15.3,12.245382336819246,3.5587069249702106,0.010000000000000002,0.19288076768798396,0.17298410865992783,0.16931138035853674
2015-05-31,27560000.0,11.9,24.0,11.11422243594282,3.1995439047881877,0.0,0.6469046280628498,0.5699515801074027,0.5768119968455926
2015-06-01,23420000.0,13.2,24.3,11.500008665129778,3.0917949987335804,0.0,0.5874547570438764,0.5211675029046792,0.5430945296436255
2015-06-02,17680000.0,13.0,24.1,12.038307368087088,3.9268490206567837,0.0,0.5179029008368692,0.4680292083675962,0.4977025288336672
2015-06-03,27510000.0,10.2,22.4,7.3107678238430305,7.24312090700413,0.0,0.867422670455284,0.7928511787016913,0.741807330823425
2015-06-04,24900000.0,11.3,23.9,8.499864965067145,3.7472675105657727,0.19,0.6666743599272692,0.5975712750104536,0.6206389175262542
2015-06-05,9750000.0,7.4,12.6,9.688116966214682,2.6039318963196663,0.25,0.2158417221586144,0.1927608929147297,0.19276804757137112
2015-06-06,27270000.0,9.5,22.4,10.727688258811263,3.028941470201727,0.0,0.610643158498833,0.5372065808405276,0.5207012261005397
2015-06-07,26340000.0,10.9,22.8,11.136226181249441,4.2860120408388065,0.0,0.6433869952320656,0.571260651909835,0.5569302157461073
2015-06-08,9780000.0,11.1,17.9,14.211682209835757,3.5557138998020275,0.03,0.23867137265209562,0.21307093130918067,0.20508743056647324
2015-06-09,22760000.0,12.5,23.1,13.354266897146925,3.1965508796200046,0.0,0.5432931100773093,0.47990774732045843,0.47216816946058043
2015-06-10,23990000.0,13.0,26.2,12.842662590423883,5.93516890850793,0.04000000000000001,0.7718092626676774,0.7029590991402626,0.6514144239530815
2015-06-11,5720000.0,14.7,18.2,17.339166741582844,6.4918715897900645,0.47000000000000003,0.17366256530845317,0.15811408147878664,0.13578400334750945
2015-06-12,26860000.0,13.7,24.9,11.275415348072992,6.836069484131171,0.0,0.8347949894731006,0.7580802322166211,0.7189483742408933
2015-06-13,18840000.0,11.4,25.4,13.047368440783304,6.141687645112592,0.0,0.6689962360185263,0.6159846320800817,0.5559210013901165
2015-06-14,20620000.0,14.8,24.7,15.558891427095526,3.807128013929443,0.25,0.5475346370997183,0.48821432705079904,0.4778474335700853
2015-06-15,15840000.0,15.9,24.5,16.30433679798853,3.034927520538094,0.09000000000000001,0.4384582926898021,0.39256523684483746,0.40015704874636704
2015-06-16,18250000.0,14.7,22.9,15.775473084117797,2.1310339197466694,0.13,0.43357923647677765,0.38188199261349115,0.3775913696197441
2015-06-17,9940000.0,12.4,19.7,15.575783410613049,4.133367757261447,0.06,0.26172068689478534,0.2349022173974144,0.22506898078558274
2015-06-18,21830000.0,13.5,22.7,13.739227228712766,5.3485359755439585,0.0,0.5977233231235596,0.5366118852362004,0.49611096009429206
2015-06-19,21210000.0,14.3,22.5,13.895155510229012,3.007990294024442,0.05,0.5196709235045827,0.4599906623827986,0.4506966982028521
2015-06-20,9220000.0,12.7,17.6,14.875956803635127,2.6338621480015014,1.7000000000000002,0.22209406245672372,0.19764507312497806,0.19476955401486976
2015-06-21,16320000.0,12.9,19.7,14.682292434792148,2.7924924819152284,0.2,0.3735756009737311,0.32933689703266844,0.31198992966632716
2015-06-22,20440000.0,13.0,22.3,14.068083686326364,3.4988464216065402,0.020000000000000004,0.5009617092215,0.4441863433679428,0.4279619677538878
2015-06-23,21620000.0,14.9,23.7,15.183047980539696,3.0379205457062777,0.0,0.535315244584071,0.473566434015006,0.4609492507052694
2015-06-24,16590000.0,13.6,22.9,14.482916061811775,3.9118838948158663,0.0,0.45486442256264564,0.4083026381867623,0.4065568422421661
2015-06-25,12690000.0,15.0,21.5,15.999020709140135,6.500850665294615,4.33,0.4160222749385613,0.3804062988246398,0.34470954878699783
2015-06-26,7320000.0,13.5,17.9,16.83059257729209,4.345872544202478,0.21000000000000002,0.17825519916243612,0.15863644981189146,0.14040996821541585
2015-06-27,16840000.0,13.3,19.9,16.029324898702235,2.571008619469648,0.48,0.369020623459018,0.32311819258526403,0.29801460758815257
2015-06-28,20560000.0,14.2,23.5,15.64351239115655,3.4868743209338064,0.0,0.5124512210900074,0.45416200921700706,0.4345278849173028
2015-06-29,21690000.0,16.0,24.5,16.726864071818135,3.292327685001877,0.1,0.5508766806365599,0.48798556521334585,0.4664175753826331
2015-06-30,9150000.0,13.5,18.3,15.596921020355861,4.235130612979687,1.4500000000000002,0.24415723781677415,0.21954014077917355,0.2041863784202401
2015-07-01,21560000.0,10.9,20.9,14.6702622541238,7.67710955639074,0.04000000000000001,0.5329917781806957,0.47498690253799963,0.3728975534255914
2015-07-02,25450000.0,14.9,23.1,15.166530416876885,4.998352030866486,0.010000000000000002,0.6527705928077786,0.5804387476674983,0.517179381192102
2015-07-03,23800000.0,12.6,21.4,12.996825952484532,4.501509852948021,0.0,0.5837556528316015,0.5184072388889478,0.4759631429839878
2015-07-04,21770000.0,13.4,21.4,13.134414687091372,3.142676426592701,0.08000000000000002,0.5175450614607304,0.4573412564117609,0.44249832665329053
2015-07-05,20120000.0,13.6,21.9,13.964101409777507,2.669778450019704,0.03,0.47442561861893945,0.41844130711807415,0.41086585505221096
2015-07-06,15850000.0,14.8,21.4,15.336585552618484,3.3462021380291804,0.1,0.40900418606958794,0.3646333069805067,0.35297944628297284
2015-07-07,4530000.0,13.6,17.2,15.100617782014998,5.450298831262198,4.37,0.1661323176032145,0.1540612120612192,0.16160078643203157
2015-07-08,3300000.0,14.2,17.7,17.91363658130956,5.094128836248358,5.970000000000001,0.0695729896382524,0.06068627507014063,0.0723193330673598
2015-07-09,7200000.0,15.3,19.3,18.45563662101147,4.28002599050244,0.32000000000000006,0.1865160910803481,0.16664020691055667,0.150462313433668
2015-07-10,22490000.0,17.3,25.8,20.073632213340204,3.8460373411158293,0.0,0.5768371999312369,0.5103350964681475,0.4608404527637249
2015-07-11,13000000.0,18.0,25.1,20.596672876262467,8.278707615195628,1.55,0.46722712733589705,0.4287866051028974,0.3729272852432387
2015-07-12,2620000.0,17.4,19.8,20.889946199823036,15.426051716817884,3.98,0.08827005234260718,0.08087305814864329,0.06803621587581088
2015-07-13,9790000.0,15.5,19.8,18.22646506711372,10.706051026592467,0.43,0.3063401518758787,0.27914686265345584,0.19720078398008467
2015-07-14,23400000.0,16.8,24.3,19.17864480106707,4.678098337870849,0.0,0.591075313282912,0.5229110294802404,0.44957529686003045
2015-07-15,22960000.0,14.7,25.4,17.21423533948505,5.525124460466786,0.010000000000000002,0.6178208207067202,0.5514548995340476,0.5001832026960062
2015-07-16,20430000.0,12.2,21.1,13.758160200197471,8.853368447486867,0.0,0.6047427097620154,0.5490035165647409,0.4405217412011613
2015-07-17,23670000.0,14.4,23.3,15.071860161719126,3.3671533142064654,0.0,0.5665193107675031,0.4994130050751918,0.4742484392871118
2015-07-18,15930000.0,15.7,22.5,17.399601895563894,2.1819153476057895,0.09000000000000001,0.3809635390609054,0.33561417546482314,0.3274937710156706
2015-07-19,15790000.0,17.9,24.2,19.20401247871774,4.100444480411428,0.0,0.4449241084023122,0.3985779744560475,0.3756257266039736
2015-07-20,10840000.0,18.7,23.4,21.076469267315534,3.9627653226749864,0.020000000000000004,0.31450052687451235,0.2826834216194452,0.26687248202027325
2015-07-21,7150000.0,18.6,23.2,21.437118233025025,3.468916169924705,0.0,0.22311133344185552,0.2021722171826456,0.20443274324426658
2015-07-22,14280000.0,19.3,24.6,21.56601980075662,3.9148769199840503,0.22000000000000003,0.4017850743481864,0.35931409871231507,0.3327302009594635
2015-07-23,4240000.0,19.5,21.5,22.569207667530936,8.009335350059112,0.6000000000000001,0.15316115846908995,0.14081949762575469,0.12942904750863854
2015-07-24,8840000.0,19.8,22.5,22.975829745266168,9.062880209259713,0.49000000000000005,0.2864339334141139,0.26044834404796435,0.19723862235648676
2015-07-25,18780000.0,17.7,25.4,21.076469267315534,8.144021482627371,0.04000000000000001,0.562623354937707,0.5070915851272659,0.40909267115130926
2015-07-26,24900000.0,18.0,27.8,20.360380770535755,2.870311136288,0.0,0.6285145906878256,0.5534633159372575,0.5240377887867622
2015-07-27,17580000.0,19.4,25.7,22.128632013376347,5.420368579580363,0.47000000000000003,0.5072221171656033,0.45449030433697474,0.39778084067190655
2015-07-28,18080000.0,19.7,25.9,21.93398093960827,6.057882940403454,0.11000000000000001,0.54384796734308,0.4894278741619614,0.4260178212041497
2015-07-29,16340000.0,19.4,26.1,24.184655306181675,6.1716178967944275,0.77,0.4597332262969318,0.41058442656285177,0.3385576571847385
2015-07-30,25270000.0,19.2,28.4,23.047196813896257,4.872644973802778,0.0,0.6868525185916526,0.6097586073963769,0.534472835785959
2015-07-31,25070000.0,18.9,28.2,22.094172412697567,3.675434906529368,0.0,0.6553220522567401,0.5790910871729313,0.5290231883164037
2015-08-01,24070000.0,18.5,28.1,20.73199640558853,4.989372955361935,0.04000000000000001,0.6761158903599348,0.603170410817791,0.5547901302322454
2015-08-02,16280000.000000002,18.8,25.9,22.493306506901877,5.195891691966599,1.0,0.45991034188597685,0.4112147315346948,0.36390634638201097
2015-08-03,25440000.0,17.4,27.4,19.56225879757668,5.758580423585102,0.0,0.708058059601766,0.63191011289687,0.5679575852218666
2015-08-04,25540000.0,17.6,27.8,19.97358359108257,6.4469762122673115,0.0,0.7335664057984163,0.6567982582759826,0.5826503899702631
2015-08-05,25670000.0,18.9,28.2,21.599757637116493,3.5587069249702106,0.0,0.6652171544613783,0.5871617546328431,0.5418942312039284
2015-08-06,23760000.0,19.1,29.1,20.10531754829017,2.807457607756146,0.0,0.625961618779592,0.5531896125082169,0.5460821497137425
2015-08-07,23710000.0,19.6,29.1,20.333680164686765,2.571008619469648,0.03,0.620412236005428,0.5475587419554878,0.5401384042547828
2015-08-08,19490000.0,17.7,28.4,21.325578482780934,2.8403808846061653,0.8900000000000001,0.5089216704565327,0.4500559967779936,0.4424395827929602
2015-08-09,22230000.0,18.1,27.5,20.46212323386753,3.9537862471704357,0.0,0.5927506625852293,0.5258392316440642,0.49698113948745304
2015-08-10,17400000.0,18.8,25.8,19.016985643209846,3.726316334388488,0.0,0.4943288219859646,0.442319850364244,0.4365877801135193
2015-08-11,4530000.0,15.1,22.0,16.794449295399318,3.597616252156597,4.7,0.1873368845076901,0.17455816126754262,0.21299092270392225
2015-08-12,7570000.0,15.6,19.4,18.662560544957316,4.079493304234145,0.51,0.18854585470026924,0.1675743578612449,0.15302041559577412
2015-08-13,18720000.0,15.7,23.5,18.50472099395519,2.7924924819152284,0.13,0.43295201153187196,0.37922649834999594,0.35768287402614474
2015-08-14,22710000.0,16.3,24.2,17.65733738166701,2.582980720142382,0.0,0.5215925614231482,0.4557439108348037,0.4356515037982377
2015-08-15,23070000.0,16.7,26.1,17.947098126750312,2.493189965096876,0.010000000000000002,0.5476333972873677,0.4795663322017519,0.4713974265056794
2015-08-16,11930000.0,15.7,23.3,18.00458824497617,4.0106537253659225,0.010000000000000002,0.33500316860854173,0.30081956832666534,0.30079286902038344
2015-08-17,20530000.0,16.0,23.6,17.64319327619326,3.7622326364066905,0.03,0.49683263031279734,0.43772428891568127,0.4079958587064037
2015-08-18,16760000.000000002,16.2,23.6,17.58201685682132,3.9118838948158663,0.0,0.43591638109499353,0.387585847575389,0.3740293299260083
2015-08-19,13620000.0,17.2,23.4,18.328550798638297,3.5317696984565594,0.52,0.37045255703704905,0.33093009280619035,0.3279545395320084
2015-08-20,5680000.0,15.8,20.5,19.148242338438088,2.316601480174048,5.15,0.1485891214541762,0.13267475177368798,0.14142158406140196
2015-08-21,13040000.0,16.1,22.1,18.153852097678904,3.6604697806884503,0.22000000000000003,0.3325398042356089,0.2954176635392552,0.28368883953195023
2015-08-22,15160000.0,17.0,23.1,18.28473857994059,2.70868777720609,0.0,0.37306165937448743,0.32924165218904683,0.3247365228498479
2015-08-23,13210000.0,17.6,23.5,18.440933573952293,2.3195945053422315,0.06,0.3375516744748014,0.2990708971656863,0.3055747971066518
2015-08-24,9890000.0,17.1,21.4,18.58349393612604,10.391783383933198,1.4800000000000002,0.37815143629224046,0.349927599434621,0.27948142185681274
2015-08-25,5890000.0,13.1,18.5,16.659517498256537,7.488548970795177,1.62,0.1717939508971991,0.15597764151242258,0.13556280459073516
2015-08-26,20840000.0,13.2,21.7,15.026766740255969,5.423361604748546,0.0,0.5006221597365527,0.4429391804042277,0.39874227644862614
2015-08-27,16780000.0,14.8,20.4,17.65733738166701,5.405403453739445,0.27,0.37951477990839366,0.3329465162576239,0.273680631228755
2015-08-28,18270000.0,13.5,21.7,16.916706390073617,2.8433739097743485,0.7200000000000001,0.38367504865441804,0.3329717008058148,0.31465579320172055
2015-08-29,19990000.0,13.6,22.2,15.191312681929784,1.5473940119508822,0.0,0.40429829038325826,0.3485304741471252,0.35414699474866806
2015-08-30,20030000.0,14.0,22.4,15.917019710927747,2.373468958369535,0.0,0.4240071566843965,0.3678385639833398,0.36364653516758516
2015-08-31,18810000.0,15.0,22.5,16.646076758451574,5.369487151721244,0.34,0.4727204783164125,0.4194812276606353,0.3814166177222192
2015-09-01,13780000.0,14.5,21.6,17.469564177192236,3.3222579366837124,0.11000000000000001,0.3159351997231218,0.27739226409046686,0.2677951364188673
2015-09-02,17770000.0,14.5,22.1,17.209623447347063,3.310285836010978,1.22,0.39137189516730064,0.34145581846926787,0.32335480640880243
2015-09-03,15740000.0,13.6,20.6,16.925793438628684,3.9986816246931887,0.6200000000000001,0.3384725232080287,0.29517680047650435,0.26728543284689393
2015-09-04,18170000.0,15.6,22.5,16.016331228021134,3.238453231974574,0.09000000000000001,0.4261711968225749,0.37448745744193085,0.3726906734689393
2015-09-05,6650000.0,13.8,18.1,16.646076758451574,4.752923967075437,0.49000000000000005,0.16883563329808488,0.15092755697143545,0.14264534387740876
2015-09-06,14900000.0,11.7,20.7,13.85316926637327,8.081167954095516,0.16000000000000003,0.43974298619284263,0.39942884481667806,0.35662619267159545
2015-09-07,19560000.0,8.4,19.5,11.994576882851018,5.890273530985177,0.0,0.42902911000806443,0.37840098092515445,0.352223538539409
2015-09-08,22840000.0,9.2,19.3,11.294513799402067,7.144351076454073,0.0,0.531727064998039,0.47224325175510884,0.4156720659610859
2015-09-09,23280000.0,10.1,20.7,11.503245449613322,6.007001512544333,0.0,0.5411739774576676,0.4791396867252944,0.4536462669687422
2015-09-10,22350000.0,12.4,20.7,12.828403865726184,3.1546485272654348,0.0,0.4551210556634307,0.39425551186366864,0.39752907961160033
2015-09-11,19370000.0,13.8,21.0,14.786917358619776,4.785847243925456,0.4,0.4468314818164538,0.39326475219777945,0.3704524246420606
2015-09-12,8570000.0,8.1,15.7,12.126189185431109,4.90856127582098,0.06999999999999999,0.19354684479308992,0.1723284953264062,0.16948027016081757
2015-09-13,21810000.0,9.3,17.7,9.593902563012296,5.507166309457685,0.0,0.48610067658919875,0.4301775152374015,0.41214783249439507
2015-09-14,20210000.0,8.5,19.2,10.615567719969045,4.094458430075062,0.0,0.4128786506755179,0.3606765291070416,0.37115296778026086
2015-09-15,18230000.0,7.9,18.0,10.890109222211365,5.96210613502158,0.0,0.39958433382944303,0.3533871083705001,0.33344712110095837
2015-09-16,18390000.0,10.9,19.2,12.379410026438208,5.5760058883259065,0.05,0.42091243626603747,0.37224286740848644,0.3527225970560527
2015-09-17,15520000.0,10.5,17.3,12.906999387217484,6.291338903521768,0.0,0.34085078794274654,0.3007212045670153,0.26302446722351347
2015-09-18,19440000.0,12.3,20.6,13.849357867086724,2.6787575255242544,0.0,0.37788925052856026,0.32504615163892436,0.3339411636708967
2015-09-19,16739999.999999998,10.6,20.3,13.280626239437332,2.3585038325286174,0.0,0.3187899158259203,0.2741395294157366,0.29295438671888413
2015-09-20,15660000.0,11.8,20.3,13.108973634534525,2.208852574119441,0.0,0.3114687319310412,0.2692175013144588,0.2932982444146659
2015-09-21,19290000.0,10.5,21.7,13.011249074171126,2.8673181111198165,0.0,0.37603516610264903,0.32394105859924105,0.349504330077664
2015-09-22,19410000.0,11.3,20.8,12.52867763495167,4.235130612979687,0.0,0.41651417829474224,0.36414531582553,0.3768777060300688
2015-09-23,5350000.0,13.1,16.4,14.31335786509159,4.390767921725231,0.9300000000000002,0.16186315547946067,0.14778830424011927,0.15629133005547602
2015-09-24,9090000.0,11.8,18.7,15.051348448072872,5.177933540957497,0.020000000000000004,0.2174890224444776,0.19333751347534883,0.19095697573022424
2015-09-25,14500000.0,11.7,20.1,13.667490512428047,3.0169693695289928,0.0,0.2990037969511372,0.2599930967276171,0.27940115565079243
2015-09-26,16610000.0,10.9,20.9,12.563616965298376,4.6122517841708115,0.0,0.3797049578761257,0.3350175281718037,0.3559522207350564
2015-09-27,20190000.0,12.0,21.2,12.753773619965541,2.939150715156221,0.0,0.39021718107651904,0.3351833283840551,0.36285291926191715
2015-09-28,19520000.0,13.0,22.5,10.456760089180316,4.2500957388206055,0.0,0.47548211085152536,0.42116731162205767,0.48333922917637456
2015-09-29,18770000.0,10.6,21.3,11.516200604023382,5.845378153462423,0.010000000000000002,0.45921901484108013,0.40867245955518394,0.42883888737280795
2015-09-30,7580000.0,11.8,15.6,13.098083590575094,6.240457475662649,2.02,0.21257580944861498,0.19305796962552912,0.18366860778117666
2015-10-01,2360000.0,5.8,18.7,11.79785877342432,13.121422337316572,2.5600000000000005,0.24640479221781048,0.24051553460265107,0.2413240999759248
2015-10-02,19630000.0,7.1,14.6,8.639737630540507,7.003678893549448,0.0,0.41071561385735234,0.36328259478118335,0.3308588891300709
2015-10-03,16770000.0,6.6,17.7,10.948860433443901,7.018644019390366,0.0,0.3442700180506075,0.30251483231074017,0.2912542442676419
2015-10-04,15450000.0,8.7,17.2,7.688168171694734,4.184249185120567,0.0,0.3612235865277605,0.32207124789141006,0.37378274616170976
2015-10-05,18620000.0,7.9,18.2,8.66997305069988,2.172936272101239,0.0,0.3044300147306306,0.2571424833127503,0.3122917063773003
2015-10-06,19020000.0,10.0,18.8,7.876278870898752,4.034597926711392,0.0,0.4067915591506345,0.3571049110753833,0.4231481182559479
2015-10-07,14450000.0,9.3,18.3,9.591143815096725,2.4572736630786736,0.0,0.27379504130227883,0.23650974556311363,0.2879770941463919
2015-10-08,13390000.0,8.9,16.8,11.035949640946942,4.714014639889052,0.03,0.2768573498119212,0.24299883313459328,0.2581933217897484
2015-10-09,16730000.0,4.1,13.8,7.282592960529845,6.677439150217443,0.0,0.35112846533282815,0.31255600656555715,0.3095734115375121
2015-10-10,14810000.0,3.4,14.1,8.735803407821157,8.006342324890928,0.43,0.2916085566357697,0.25763864639704087,0.2406353152369256
2015-10-11,12660000.0,4.5,9.7,7.88091723097901,9.502854908982691,0.19,0.27352229694948005,0.24574141855718926,0.19058881179642256
2015-10-12,13500000.0,4.0,10.5,7.226530718922997,8.446317024613906,0.010000000000000002,0.3048435873536683,0.2750962130474217,0.23497614945172812
2015-10-13,17750000.0,4.9,14.5,8.442998339398528,5.842385128294239,0.0,0.3138702641373677,0.27216209123261603,0.278969202697111
2015-10-14,17410000.0,7.3,17.3,9.12691092820154,3.238453231974574,0.0,0.2899622624025638,0.2464680642296316,0.2969917386993762
2015-10-15,15070000.0,7.9,17.4,10.600495700311408,2.1070897184012014,0.0,0.22910172552649125,0.191161107243044,0.2330453666065695
2015-10-16,16030000.000000002,6.4,17.3,9.66587584618555,4.076500279065961,0.0,0.2780309309219843,0.23838745016022594,0.28076047873919385
2015-10-17,17140000.0,8.9,18.3,7.740526523236589,2.978060042342607,0.0,0.3073970146907421,0.2633555114492992,0.34382686830781894
2015-10-18,17030000.0,6.6,18.8,8.34733891477978,4.507495903284387,0.0,0.3418322993839761,0.298910155077856,0.36556778220407893
2015-10-19,15900000.0,9.1,18.2,9.591143815096725,3.1516555020972516,0.0,0.28104761061544076,0.2401493763083118,0.30046160292748764
2015-10-20,16239999.999999998,7.1,19.5,10.733778414157479,3.1845787789472704,0.0,0.2674046012203529,0.2259398217017885,0.27997624830355256
2015-10-21,15710000.0,7.6,19.7,10.779551674054137,3.7173372588839375,0.0,0.27647506689567825,0.2360655536274395,0.2948993272683677
2015-10-22,11740000.0,9.1,16.3,10.924089166789368,2.909220463474386,0.0,0.2012930642062694,0.17170375274685368,0.20959919869516322
2015-10-23,14000000.0,6.9,17.2,10.782609324743785,3.992695574356822,0.0,0.2281974082960741,0.19341737797038736,0.23238645229119123
2015-10-24,10140000.0,6.1,15.1,10.642744903018242,7.018644019390366,0.06,0.20293872944753666,0.1785824838320847,0.1861969519977738
2015-10-25,15220000.0,4.2,14.3,6.978938913803241,4.399746997229781,0.0,0.2621177813304622,0.2267568295043369,0.2809513248596742
2015-10-26,13410000.0,6.3,13.7,8.480047073532301,5.680761769212331,0.51,0.25885777616352657,0.22711275871116818,0.24940379623852243
2015-10-27,5830000.0,2.6,10.5,7.2050700089336,9.041929033082429,1.06,0.2213273700531791,0.20873011782661505,0.19294212055000298
2015-10-28,12420000.0,2.7,9.5,6.223793989357027,6.180596972298978,0.0,0.23644772669385228,0.20995478073846519,0.219670860573921
2015-10-29,12740000.0,0.4,10.7,6.4963410967704025,6.3122900796990535,0.0,0.21289740841400778,0.18615529406405465,0.20545698830856746
2015-10-30,14420000.0,-3.0,5.6,3.865261602128651,6.809132257617518,0.0,0.2407091653832031,0.21430705215955906,0.21419096153223566
2015-10-31,15280000.0,-1.9,5.8,4.105031823461861,4.9803938798573855,0.0,0.20473916561889244,0.17612951085911951,0.20051538571517966
2015-11-01,7990000.0,-1.0,7.1,4.57691926656685,2.744604079224292,0.24,0.13211184672927773,0.11659355356836895,0.1572135937013423
2015-11-02,10890000.0,1.7,8.2,6.684517083393776,6.578669319667387,0.0,0.1768853489701045,0.1544331123180554,0.15773927128185328
2015-11-03,14510000.0,2.9,12.9,6.474857664872865,3.1546485272654348,0.0,0.19104696341661304,0.15850331934399614,0.22463081751190953
2015-11-04,14490000.0,4.7,14.8,6.1806136902852185,1.6012684649781856,0.0,0.16393025342452686,0.12983990960066355,0.20821618464853123
2015-11-05,12390000.0,4.2,14.3,8.4924284742601,3.5916302018202293,0.0,0.173167193011925,0.14438124076976386,0.19809166945220785
2015-11-06,10560000.0,6.8,13.8,9.259775345737173,7.982398123545459,0.91,0.25005167006279555,0.22486946366559885,0.22914234231670147
2015-11-07,2020000.0,7.7,10.4,11.56814967526875,4.690070438543582,2.07,0.023436189478653356,0.018766943763815463,0.03540153744908385
2015-11-08,1120000.0,7.8,11.6,11.994576882851018,3.86399549212493,0.97,0.004960082033001816,0.0023283550666174883,0.039593192339263936
2015-11-09,5450000.0,3.2,8.9,8.296227024843635,6.794167131776601,0.010000000000000002,0.10327398413762312,0.0916654662878862,0.0968809295641303
2015-11-10,7990000.0,3.5,8.7,7.170849923565592,3.0409135708744612,0.0,0.11224024938669805,0.09519688077288621,0.12922091324798174
2015-11-11,8359999.999999999,3.9,11.4,7.988266935437598,3.4270138175701352,0.0,0.12553762821812597,0.10691358059963825,0.14760706527215756
2015-11-12,8940000.0,6.5,11.9,8.507307198294049,8.871326598495967,0.38,0.24538418229344633,0.2246400593651976,0.21571662976842604
2015-11-13,1270000.0,6.6,9.2,10.341241311403861,7.063539396913119,2.25,0.021762476298614296,0.01891406637633839,0.043115001380228
2015-11-14,3440000.0,5.1,12.6,10.948860433443901,3.618567428333882,0.11000000000000001,0.05233174342892808,0.044420929732907066,0.06717961909740888
2015-11-15,7150000.0,5.5,11.2,8.94372449298601,3.4150417168974014,0.0,0.10689602847923985,0.09066654999911826,0.12446223629168687
2015-11-16,2850000.0,8.2,11.3,11.438661815581769,3.606595327661147,0.79,0.05501456733448153,0.0483094272449018,0.06421038999264521
2015-11-17,4890000.0,6.6,13.6,10.594472169499502,4.9354985023346325,0.09000000000000001,0.10691607134774332,0.09531171111827277,0.12347210934045845
2015-11-18,1470000.0,4.1,7.6,8.26956446746248,6.279366802849035,0.4,0.05645731953090839,0.05334437524495853,0.07638746939919432
2015-11-19,2740000.0,4.4,7.4,8.522208907211343,2.5530504684605466,0.22999999999999998,0.04911768508802827,0.0433068566864923,0.062621697356337
2015-11-20,10350000.0,2.4,11.5,7.36522089044698,3.7891698629203416,0.0,0.12799400730033483,0.10537680420540621,0.15940401425024087
2015-11-21,6600000.0,4.2,10.3,8.009420398811422,2.5350923174514453,0.0,0.08939493806180963,0.07485177728986686,0.11487851775335844
2015-11-22,6310000.0,5.3,10.8,8.607087554000227,3.944807171665886,0.30000000000000004,0.10722331620708207,0.09301403216781937,0.1271948278221477
2015-11-23,1930000.0,1.7,8.7,8.512271879221926,4.1513259082705485,0.37000000000000005,0.029547636104371673,0.0255384201006486,0.052661990798675076
2015-11-24,8250000.0,0.0,6.8,5.985013078445315,6.830083433794803,0.5900000000000001,0.13566068997964273,0.11945476411786773,0.13516843890073033
2015-11-25,2290000.0,-5.6,1.7,4.87801900209188,6.815118307953885,0.47000000000000003,0.045864332311879336,0.042146381809401064,0.050911045139642716
2015-11-26,10840000.0,-7.4,-2.4,2.8979718975825963,10.475588088642336,0.0,0.16161774866292788,0.14603320758532728,0.1130736957487325
2015-11-27,7370000.0,-5.7,-2.4,3.8418592079690943,5.719671096398715,0.05,0.06384816239769317,0.05286094630976893,0.06000137322589607
2015-11-28,10390000.0,-3.5,2.0,4.140339899048998,3.2893346598336937,0.0,0.08091077022309318,0.06324738740787697,0.10114361971379009
2015-11-29,10070000.0,-1.2,5.3,5.127904143261973,4.11840263142053,0.020000000000000004,0.10107238305470512,0.08215362927391968,0.1229078720982961
2015-11-30,8080000.0,-3.8,4.5,5.19653242030189,4.851693797625493,0.0,0.07533470580370004,0.0610307689376014,0.09053722906002289
2015-12-01,11190000.0,-1.1,7.4,4.618692490317446,3.2534183578154914,0.0,0.11167516940665487,0.08987095032205242,0.1555532704199744
2015-12-02,3720000.0,-3.6,8.4,6.08211814310412,9.745289947605556,0.44000000000000006,0.11816721861844422,0.1110955715462986,0.12773703725422886
2015-12-03,9290000.0,-5.7,-0.3,3.513530611708262,14.177960221685357,0.34,0.19952247397112785,0.18505836886543175,0.12078276720148151
2015-12-04,9560000.0,-4.4,0.9,3.957617880800652,10.945493040047149,0.0,0.16020914147407608,0.14456626173054993,0.11764404348500965
2015-12-05,6900000.0,-2.7,1.7,4.34007524690225,6.782195031103867,0.0,0.11640437999210454,0.10456399615839015,0.11114428439995097
2015-12-06,6630000.0,-4.0,2.9,2.7787611631481632,2.4722387889195914,0.0,0.09701174182494147,0.08565584446229765,0.13420584822787987
2015-12-07,10830000.0,-3.6,5.8,4.304618866006374,2.9481297906607717,0.0,0.08430380749084757,0.06461295034369895,0.12542582485487955
2015-12-08,8080000.0,-2.0,4.7,4.740123472373848,3.076829872892663,0.0,0.07966536147755973,0.06484562164557012,0.1093266917691312
2015-12-09,7300000.0,0.7,7.6,6.951896742714726,3.23546020680639,0.15000000000000002,0.06372876787397719,0.049043929399569364,0.08786079543094112
2015-12-10,1180000.0,1.7,6.0,8.002363759246439,5.046240433557422,3.0,0.004826297143248427,0.002474857058305386,0.030030197690617953
2015-12-11,1940000.0,-3.3,4.1,5.485980586572924,4.5673564066480585,0.020000000000000004,0.04937032243306273,0.045929765606368404,0.06850416616085524
2015-12-12,10500000.0,-1.4,5.3,4.9729411967372465,2.502169040601426,0.0,0.0690979666113923,0.04943819076207191,0.10446401331924067
2015-12-13,8500000.0,1.1,7.1,5.557126651128682,3.07383684772448,0.0,0.09178791287694867,0.0747158433873801,0.1284686584839237
2015-12-14,1530000.0,1.0,4.3,7.073265316941732,4.369816745547945,0.49000000000000005,0.02132933301853583,0.018396543276133305,0.04056960946800266
2015-12-15,5940000.0,-4.4,2.5,4.579789392858316,10.27505540237404,0.05,0.12054022427226108,0.1105178217639575,0.09908234658315893
2015-12-16,9060000.0,-9.5,-2.3,2.721259536842898,10.822779008151626,0.2,0.1437256528793353,0.13126074911012503,0.10633104495179135
2015-12-17,11020000.0,-8.7,-4.5,2.1390032188640005,7.904579469172689,0.0,0.1394056703328266,0.12471636068449117,0.11821714705449457
2015-12-18,9280000.0,-6.4,-1.1,3.6957499626321635,5.384452277562161,0.0,0.0664183353039356,0.052408802174453005,0.0736106932323646
2015-12-19,10980000.0,-3.6,2.7,3.5237566140186636,1.9903617368420439,0.0,0.06264029135294387,0.04376357987902948,0.10149577378308994
2015-12-20,3030000.0,-2.0,1.1,5.2611013684764565,2.163957196596688,0.29,0.03521784875566836,0.03000870160029854,0.04962531165898069
2015-12-21,3990000.0,-4.5,4.1,5.112059557891867,5.031275307716505,0.11000000000000001,0.06229300596014413,0.05536972955119975,0.07880801497391929
2015-12-22,10580000.0,-2.5,5.8,4.988403448430163,3.3042997856746115,0.32000000000000006,0.07546709628718777,0.0558596918476927,0.11156672225945645
2015-12-23,3840000.0,-4.0,6.8,6.553281503158336,3.3671533142064654,0.13,0.028527481458489594,0.02147219218232097,0.053268820791382954
2015-12-24,9510000.0,-5.8,4.5,3.569525904360894,7.0366021703994655,0.0,0.15551778802846056,0.13928972961702277,0.16812550393845055
2015-12-25,11260000.0,-6.1,-1.4,2.6719275033511147,6.2494365511672,0.020000000000000004,0.1301080619277029,0.11310942582447295,0.131831207972118
2015-12-26,8910000.0,-7.3,2.7,3.9626654091127143,6.494864614958248,0.0,0.09039896966218303,0.07613123832864001,0.10435588617914701
2015-12-27,11250000.0,-8.7,-2.7,1.7082843817570428,6.695397301226544,0.0,0.1630285179446399,0.14741202765271952,0.15662948440661875
2015-12-28,8890000.0,-8.5,-4.7,2.5151478204576145,7.7818654372771645,0.0,0.11120573390924864,0.09935564654321397,0.09335442217219632
2015-12-29,10920000.0,-7.3,-1.4,2.670148698664501,4.205200361297853,0.0,0.08937609807106421,0.07330178197339138,0.10901216408207903
2015-12-30,10970000.0,-5.1,0.7,3.369825421222421,3.525783648120192,0.21000000000000002,0.07988804980226633,0.062251932652826934,0.10613809469258587
2015-12-31,9770000.0,-6.1,0.1,3.5660749938917187,5.869322354807891,0.0,0.09295444057258952,0.07774299742052805,0.09895894471987701
2016-01-01,10790000.0,-4.6,1.7,4.009626439438736,4.387774896557047,0.0,0.08123682391285605,0.06337516022578867,0.10024842253695865
2016-01-02,9100000.0,-1.8,6.3,5.796675060511358,6.093799242421656,0.0,0.09621536722854035,0.07900320736719206,0.11074831529320839
2016-01-03,10150000.0,-2.6,7.9,5.40233473030798,5.393431353066711,0.0,0.11389614872113396,0.0944400599071564,0.14531791118511153
2016-01-04,10600000.0,-5.6,3.1,3.2072150400345523,5.599950089671375,0.0,0.13899219119506268,0.12130992472298552,0.15816567250127392
2016-01-05,5270000.0,-6.5,-1.6,1.9987688471208618,4.549398255638957,0.0,0.13555589618170957,0.1276993658176172,0.1470538402990656
2016-01-06,9760000.0,-6.2,0.1,3.4482593362240923,7.793837537949898,0.0,0.1254168560132593,0.11025183931940563,0.11286417260219665
2016-01-07,9130000.0,-7.0,-3.2,2.716741572450744,9.969766835219321,0.0,0.16094669293951244,0.14793409506116603,0.11619382854996001
2016-01-08,7610000.0,-6.2,-3.2,2.86183475795485,6.845048559635721,0.0,0.11820132958354845,0.10716571980573267,0.10463286701505439
2016-01-09,8420000.0,-5.4,-1.8,3.089871212020648,7.635207204036171,0.0,0.13747366793600446,0.12468294666937849,0.11718088037101866
2016-01-10,9700000.0,-6.7,0.2,2.7149362554514185,5.869322354807891,0.0,0.1393594179086688,0.12441019470260677,0.14289242174594524
2016-01-11,11720000.0,-8.3,-1.8,1.8366235720128403,6.123729494103491,0.0,0.1625015797144273,0.14576117225426777,0.16000701662468586
2016-01-12,12310000.0,-7.8,-2.8,1.913192266070732,9.158657014641586,0.0,0.21656129341152291,0.1991690672316794,0.1665230398265009
2016-01-13,7920000.0,-7.5,-3.9,2.692459647594812,9.574687513019095,0.04000000000000001,0.14558445355932198,0.13459044439381002,0.10454673597112647
2016-01-14,8060000.000000001,-6.9,-3.2,2.6978388852773385,5.288675472180288,0.0,0.10446958696698797,0.0929569859321001,0.10280348333983622
2016-01-15,8870000.0,-5.1,0.5,3.1367532575608568,3.7233233092203046,0.0,0.10133286641334213,0.0871291877457185,0.11931614384897885
2016-01-16,9860000.0,-3.8,1.9,3.1388058671460803,3.265390458488225,0.0,0.10927413384351307,0.09263762058898901,0.13582538191537918
2016-01-17,3880000.0,-5.8,0.5,4.411765559417658,4.758910017411804,0.6400000000000001,0.052778634163478624,0.046651675294596434,0.05821877033422097
2016-01-18,7970000.0,-15.1,-6.1,1.74933215102896,16.18328708436832,0.06999999999999999,0.19000416699435183,0.18125687709128918,0.09950431687263807
2016-01-19,11260000.0,-15.5,-10.0,1.5552956164558671,15.246470206726872,0.020000000000000004,0.14860949763221504,0.1375836134478366,0.07213866647124242
2016-01-20,10790000.0,-14.8,-7.8,1.5275056470294002,5.656817567866861,0.0,0.09324816646616282,0.08182915508307938,0.08466682670361156
2016-01-21,8760000.0,-14.9,-6.5,1.6065700552518758,6.842055534467537,0.0,0.10818836723411793,0.09862347721308698,0.09315458515149633
2016-01-22,12410000.0,-13.7,-5.5,1.35864028335234,7.24312090700413,0.0,0.1534492077894288,0.13911965862575035,0.12814992240823947
2016-01-23,12440000.0,-22.4,-10.9,1.0590957749121384,10.10445296778758,0.0,0.0975073718222125,0.08777139429232635,0.06852642296792966
2016-01-24,13530000.0,-20.6,-12.9,1.158919618544238,10.457629937633234,0.0,0.08776802786026593,0.07724269075991419,0.05311419532910587
2016-01-25,11570000.0,-15.3,-7.4,2.123725463871776,7.054560321408567,0.0,0.06627557406531817,0.05406321958643996,0.05274500040100418
2016-01-26,9670000.0,-11.4,-3.8,2.771399980715262,8.308637866877465,0.0,0.09167017495632346,0.07936502251366988,0.07096626407837518
2016-01-27,11600000.0,-6.3,-0.9,3.089871212020649,3.8849466683022156,0.0,0.1045498843709816,0.08692846314855154,0.10958956093591951
2016-01-28,4350000.0,-3.1,0.4,4.524108631800859,4.303970191847909,1.04,0.07305459035048492,0.06582591924328038,0.0751279159263832
2016-01-29,1740000.0,-3.7,-1.9,4.772780456827112,5.303640598021206,0.68,0.020594970970288676,0.017863848426926596,0.029855362372036315
2016-01-30,6430000.0,-9.9,0.7,4.055791362019158,3.7771977622476083,0.0,0.044930791178300435,0.03556624088181234,0.054959624429813926
2016-01-31,13050000.0,-13.2,-3.7,1.9850699344639946,6.375143608230907,0.0,0.1265908061862116,0.11064510913202061,0.11048180818487334
2016-02-01,14390000.0,-14.1,-5.4,1.5835360387395132,8.305644841709281,0.0,0.16168152179963274,0.14519021834612758,0.11973926070197456
2016-02-02,14970000.0,-12.8,-4.1,1.6373636623920105,5.27371034633937,0.0,0.1373423215335353,0.11905059088976218,0.12610463935860086
2016-02-03,14530000.0,-9.4,-2.3,2.5627559048452233,6.279366802849035,0.0,0.1413298252552896,0.1212945085188764,0.11796705648780867
2016-02-04,11380000.0,-8.8,-1.2,2.4749689933013554,6.303311004194503,0.0,0.15662316329460363,0.14033304197175173,0.13672824006949055
2016-02-05,14900000.0,-11.5,-2.0,2.082746130783587,6.677439150217443,0.0,0.16360316119509713,0.14387793713663705,0.13812600162944572
2016-02-06,13830000.0,-10.9,-4.4,1.883663012550841,7.784858462445348,0.0,0.17604402564918578,0.15848670124829747,0.1303881061291524
2016-02-07,15690000.0,-9.1,-2.2,1.8462027938482346,3.4270138175701352,0.0,0.13772072291378096,0.11589254242752231,0.14156555268858026
2016-02-08,13910000.0,-8.1,0.4,3.022700276795787,11.538112023347487,0.020000000000000004,0.23162955802980162,0.2107178073569303,0.14892269506615685
2016-02-09,15340000.0,-5.7,-0.2,2.640950106200333,6.806139232449334,0.0,0.21298561554076145,0.1890534228965941,0.17304378702207313
2016-02-10,15490000.0,-3.9,6.4,2.7907601720327055,3.2983137353382443,0.0,0.19025432844805212,0.16194251763886205,0.21967129063902452
2016-02-11,12000000.0,-0.0,8.2,5.9198392990580535,7.329918636881453,0.5599999999999999,0.2118832861847292,0.18778154102298536,0.18403974500113374
2016-02-12,2180000.0,4.2,7.5,8.904894663144045,5.459277906766749,1.2300000000000002,0.03843606856482947,0.03381959336525758,0.04921866044687203
2016-02-13,8020000.0,-4.9,12.9,8.364437826178913,8.937173152196005,0.6400000000000001,0.07005131997900668,0.053993762679232046,0.10516621885510795
2016-02-14,7980000.0,-11.3,-4.4,2.0671189670352463,15.98874044843639,0.0,0.25446241219522503,0.24442721528080913,0.124779942276717
2016-02-15,14270000.0,-10.6,-6.2,1.9277784228469188,12.861029147684604,0.010000000000000002,0.23467775176509847,0.217199159913566,0.12109893237116665
2016-02-16,10260000.0,-7.4,-2.3,2.724878718255051,11.131060600474527,0.020000000000000004,0.22112234502668762,0.20633973455749946,0.1342631215486086
2016-02-17,16500000.0,-6.7,-0.6,2.5033694663716055,6.384122683735459,0.0,0.21531470459501972,0.19030169298197835,0.17097667426905389
2016-02-18,14140000.0,-4.9,3.1,3.8640267514649267,7.4616117442815275,0.0,0.20959566103389454,0.1856925058106945,0.1627506615174663
2016-02-19,15490000.0,-3.4,5.2,2.9832198012288402,3.3132788611791617,0.0,0.20000979709602737,0.1720439686091378,0.21089504145322246
2016-02-20,15220000.0,-7.7,3.9,2.4296338042571866,8.443323999445724,0.0,0.3048381140497882,0.2800791384878952,0.24380403712875967
2016-02-21,16050000.0,-5.9,-1.3,2.393899409757182,5.228814968816617,0.0,0.20379239681902858,0.17941103383454562,0.17000935966306047
2016-02-22,11140000.0,-4.6,2.2,2.823294518713584,3.1815857537790864,0.0,0.16127950789048684,0.1426609311142927,0.16625509891631046
2016-02-23,14900000.0,-8.8,2.6,2.2678668319580595,9.044922058250611,0.0,0.3025847876517066,0.27948036832330075,0.22756767329717192
2016-02-24,16690000.000000002,-8.5,-3.7,1.7566665076072352,7.751935185595328,0.0,0.2493754191864837,0.22661804668958702,0.17309347284533097
2016-02-25,16920000.0,-6.2,-1.1,2.3427571617638225,7.745949135258962,0.0,0.26642701478449415,0.2407773083303935,0.18864847051034553
2016-02-26,12840000.0,-3.4,1.9,4.575484801190997,7.9135585446772385,0.41,0.17797105450902062,0.15614258142457635,0.1195862267152965
2016-02-27,16370000.000000002,-2.4,4.8,3.9500572813903494,4.609258759002628,0.1,0.22673462441130615,0.19686661361130456,0.20121581317795303
2016-02-28,8199999.999999999,-8.2,5.7,4.367525299275453,10.616260271546961,0.87,0.21300043936117566,0.1993217049205122,0.15037891129240705
2016-02-29,17390000.0,-10.8,-4.6,1.6576027487896317,12.127737981479642,0.08000000000000002,0.3063520887742717,0.2843273990611703,0.16323594689449572
2016-03-01,19190000.0,-8.8,-1.2,2.3388029458038226,6.111757393430757,0.0,0.22410729394459974,0.1966373969159945,0.16633352791314032
2016-03-02,19270000.0,-4.3,5.1,3.5891371165068544,5.971085210526131,0.0,0.27653746056716444,0.24236244507726773,0.22581727496547632
2016-03-03,18930000.0,0.2,10.4,5.581022762934096,4.345872544202478,0.13999999999999999,0.2768517502030726,0.2374103940840695,0.25433182540086674
2016-03-04,5650000.0,2.3,8.7,8.379118617609588,3.6963860827066526,0.51,0.09040835918377974,0.0785661611025618,0.08578944037320266
2016-03-05,5660000.0,5.1,10.6,10.29417503412649,8.380470470913869,1.4800000000000002,0.09619169557340511,0.08351425949521854,0.06782998286916202
2016-03-06,16530000.000000002,-0.7,11.5,5.143792192485379,4.22016548713877,0.0,0.279842593446022,0.24529896264071235,0.27332509115944204
2016-03-07,12720000.0,0.2,11.9,6.742911773172636,5.303640598021206,0.0,0.23671170578735898,0.20961806412705558,0.2234945600230625
2016-03-08,6020000.0,-3.9,3.0,2.73212992612989,6.213520249148997,0.19,0.23917424925444242,0.22882472256291564,0.214152448512604
2016-03-09,17820000.0,-6.4,3.9,2.3963208992733955,7.67710955639074,0.0,0.344654362785843,0.3149281374525963,0.2637119508419928
2016-03-10,19850000.0,-7.5,-1.1,1.8513299068212732,9.727331796596454,0.0,0.3646168886959691,0.3353354389267344,0.2245743531526209
2016-03-11,20570000.0,-7.4,-0.8,2.0749194405393676,6.162638821289878,0.0,0.27918801096513524,0.2485867096694118,0.20404399371218016
2016-03-12,21150000.0,-3.4,2.9,2.7339454073546134,3.109753149742682,0.0,0.2539232617992207,0.21729223532039943,0.22695436569585153
2016-03-13,11340000.0,-5.7,3.3,3.3349958773388533,4.1992143109614855,0.0,0.1869252916585781,0.1679724495901722,0.17118576944806574
2016-03-14,19760000.0,-4.5,4.5,3.3556371514126684,6.069855041076188,0.0,0.3036215353252648,0.26908239705911413,0.2350262016871134
2016-03-15,21350000.0,-0.3,8.3,3.530588619392783,2.687736601028805,0.0,0.292311293731035,0.2495645545352509,0.2807662066589131
2016-03-16,18930000.0,0.4,9.3,3.661473337783292,3.8789606179658476,0.0,0.3277649878692601,0.2888546448498719,0.3116317854275854
2016-03-17,19280000.0,3.0,12.6,5.370846491224622,3.8580094417885635,1.07,0.3472112462358148,0.3040854579192594,0.33001256977833693
2016-03-18,3170000.0,0.7,8.2,8.384017262719874,4.722993715393602,0.32000000000000006,0.04188090021805035,0.03544436514576812,0.050211595833192436
2016-03-19,21260000.0,0.1,13.0,6.4612191050364824,3.657476755520267,0.0,0.32741906373812546,0.2814812280028336,0.28489434346193165
2016-03-20,15540000.0,-0.7,10.2,5.825031206173542,3.214509030629106,0.03,0.23746646750548192,0.20562134353446768,0.22068001761664036
2016-03-21,20100000.0,-1.4,10.8,5.691423879573879,3.7233233092203046,0.0,0.29294239732792093,0.25181561204831493,0.25656155464688274
2016-03-22,21630000.0,-0.2,10.8,4.728297376205222,4.731972790898152,0.0,0.3676469550201179,0.3225800488999891,0.3210929064488295
2016-03-23,20040000.0,-3.1,8.7,4.169308276539758,6.222499324653548,0.0,0.35562196775853866,0.3170174751596341,0.2880424800345166
2016-03-24,17270000.0,-2.4,6.4,3.8578577465637864,3.6933930575384695,0.0,0.2674919782784061,0.23510136346484184,0.2367116627538476
2016-03-25,16820000.0,-4.7,4.9,4.14559356320386,4.73795884123452,0.13,0.2397929090077655,0.2102852479431403,0.19094044554326875
2016-03-26,20280000.0,-4.6,5.7,3.312313098381047,4.01663977570229,0.0,0.29025010255683936,0.25408957860904396,0.247207540151627
2016-03-27,21810000.0,-2.6,6.9,3.237690152195703,6.267394702176301,0.010000000000000002,0.4007261077310216,0.3596123705723909,0.31328055496360435
2016-03-28,23730000.0,-0.8,10.8,4.116771398208357,5.5730128631577225,0.0,0.43327332381045397,0.38427444358515167,0.36375532870466365
2016-03-29,17240000.0,2.0,11.2,6.76923468298146,8.530121729323046,0.0,0.38209992320071207,0.3447955015600641,0.2731134831926968
2016-03-30,23130000.0,4.1,14.6,5.142201428762892,3.432999867906503,0.0,0.42274900297389434,0.3688742970903964,0.40096618713754556
2016-03-31,15640000.0,4.5,13.7,5.593004877367407,3.364160289038282,0.0,0.33738615433757047,0.3011879237970188,0.3331098988558866
2016-04-01,24330000.0,5.1,17.4,5.754369766004649,2.8284087839334306,0.0,0.4439261835676674,0.3845809235953215,0.42887839720824017
2016-04-02,20650000.0,5.1,17.1,7.145279130564898,4.645175061020829,0.0,0.44676973129922865,0.3965769881999902,0.41358211717861276
2016-04-03,5700000.0,4.2,11.0,9.225067641663822,3.8340652404430946,1.0,0.12516503503998996,0.11248405517981849,0.11737420958480149
2016-04-04,9310000.0,2.1,9.3,7.997662381055028,4.040583977047758,0.0,0.16115548028020807,0.1415265963020788,0.13370179729506498
2016-04-05,23250000.0,2.9,13.0,4.366149150494291,4.7948263194300065,0.0,0.47586242568898696,0.4236463428867574,0.4240916941547532
2016-04-06,16059999.999999998,4.6,15.3,6.63652882888061,7.009664943885814,4.2,0.46500892633852925,0.4270374175522832,0.40295051038408136
2016-04-07,10770000.0,2.6,14.3,8.664927343906461,5.393431353066711,0.15000000000000002,0.24355117709828328,0.21904042957782063,0.22210426070904843
2016-04-08,24630000.0,4.3,16.4,6.710638524241047,5.755587398416918,0.0,0.5325374029843409,0.4737315122394582,0.44997875777825935
2016-04-09,23900000.0,7.8,17.7,7.289086328058553,5.486215133280401,0.0,0.5649296624493407,0.5046266188480568,0.49484098033145757
2016-04-10,23640000.0,3.7,18.2,7.871642920047662,5.189905641630232,0.010000000000000002,0.5517343596713171,0.49447646020472885,0.4318586758117048
2016-04-11,17400000.0,1.7,12.1,6.037974794396144,4.812784470439108,0.0,0.35478976684623265,0.3168197539342642,0.3048896895337963
2016-04-12,21160000.0,6.3,13.8,7.920440716174468,6.809132257617518,0.78,0.4777129656616915,0.427560094764974,0.35843165910968894
2016-04-13,5990000.0,6.3,14.1,11.361582730409825,3.23546020680639,0.45,0.12936569110046103,0.11511617279884365,0.12345959030360476
2016-04-14,24070000.0,2.9,16.8,8.276828567102019,6.851034609972087,0.0,0.544177972553523,0.48740834717715753,0.3897140083697261
2016-04-15,25190000.0,3.2,16.5,7.328154000246795,4.450628425088901,0.0,0.503112485118291,0.4437013150630086,0.40715305695376963
2016-04-16,11220000.0,3.8,14.3,10.6125518076636,16.449666324336654,3.29,0.263796746888668,0.2378616296013011,0.15387998013821452
2016-04-17,19210000.0,2.7,10.0,5.452385710736829,11.84639361567039,0.0,0.5768592765825045,0.5355869484878553,0.3543238997253721
2016-04-18,22430000.0,1.4,11.9,6.318585462001222,10.047585489592091,0.06,0.5201772494939687,0.47157382711415663,0.33829912150213015
2016-04-19,25720000.0,2.9,13.6,6.135838581273874,3.471909195092888,0.0,0.44514379234070633,0.38691706475078774,0.37682308781809865
2016-04-20,15160000.0,7.0,14.9,7.345576674254458,5.656817567866861,2.3800000000000003,0.4277832593393553,0.39106457254098487,0.3754135575711352
2016-04-21,4240000.0,7.0,12.0,11.458003324288734,4.2919980911751745,0.73,0.08570938497434999,0.07579612660636814,0.08007981252377264
2016-04-22,24480000.0,7.8,19.8,9.76071231075359,6.892936962326657,0.0,0.6066341667030012,0.5434684892154745,0.49022310129598284
2016-04-23,13290000.0,4.0,15.5,5.654987432259836,3.968751373011353,0.0,0.3663987768537154,0.3351316499096752,0.36962307318914556
2016-04-24,24140000.0,6.7,16.1,6.676497812216812,3.2713765088245923,0.0,0.4816387400774046,0.4225514039860439,0.43084929876446426
2016-04-25,26100000.0,8.1,19.2,8.296227024843635,2.7924924819152284,0.0,0.515017742458236,0.4478829050106846,0.463621824270066
2016-04-26,23040000.0,6.2,19.9,9.724354957576251,6.315283104867237,1.3,0.5970016915495917,0.5384890855416453,0.4579447220892895
2016-04-27,3410000.0,5.2,7.7,8.720572795219246,7.25209998250868,2.72,0.09874979747661936,0.09140252191207057,0.08722203849036424
2016-04-28,13890000.0,5.6,13.3,8.730723932932467,4.1573119586069165,0.020000000000000004,0.29790395318266516,0.2654694780631695,0.25037347831121065
2016-04-29,19630000.0,3.9,14.2,7.813896375713633,5.680761769212331,0.010000000000000002,0.41855969989533187,0.37318480218133787,0.32914195459388607
2016-04-30,26700000.0,6.0,18.2,7.215793318523519,8.16197963363647,0.0,0.722282321992584,0.6558772224864466,0.5549862577272976
2016-05-01,27010000.0,9.1,20.4,7.983572865844131,6.237464450494466,0.0,0.7079990991422835,0.6369408314834778,0.6048719719696555
2016-05-02,18840000.0,12.4,18.5,13.229290329672326,13.14536653866204,2.91,0.6189073247636495,0.5686556353987833,0.37917960320866595
2016-05-03,9220000.0,6.0,13.2,8.120693509601386,17.287713371428037,0.9300000000000002,0.5606984945107473,0.5390877409828126,0.3240519138178414
2016-05-04,27620000.0,4.5,15.1,6.801756713598065,11.292683959556438,0.0,0.7529960947544299,0.6879343488846287,0.4836599995936357
2016-05-05,25600000.0,11.5,20.8,8.886824994100797,8.224833162168327,0.0,0.8047182272771014,0.7355185313651083,0.6499553646893721
2016-05-06,10810000.0,5.8,19.0,12.493823758361803,6.668460074712892,0.0,0.27850087955214836,0.2514349402821522,0.23560345304584018
2016-05-07,26860000.0,5.6,16.9,8.066071462863333,6.372150583062724,0.0,0.5994386486401451,0.5339222621684143,0.4596199229841388
2016-05-08,20860000.0,9.0,17.8,8.702833344072198,4.791833294261823,0.0,0.5172084841985218,0.4638343269924984,0.4455198560146023
2016-05-09,15210000.0,10.0,17.2,10.267783235088112,2.807457607756146,1.01,0.35155808991146414,0.3124757524375816,0.31919083104242274
2016-05-10,2290000.0,6.7,10.8,10.113570020501738,4.74693791673907,1.83,0.06885803082147332,0.06360542484938088,0.09399923189117716
2016-05-11,21860000.0,6.4,16.5,9.853542409051487,3.711351208547571,0.0,0.42822925657267125,0.37466075102292185,0.3449571408234827
2016-05-12,27010000.0,6.5,19.0,10.113570020501738,6.150666720617143,0.0,0.6035104242850096,0.53536041559586,0.45096276704334093
2016-05-13,22640000.0,6.5,16.7,10.064539378570442,4.84870077245731,0.0,0.46301515770098184,0.4073432668203731,0.3555773020325632
2016-05-14,25980000.0,7.5,18.2,11.161420252930203,5.393431353066711,0.0,0.5359256356429193,0.47023151590602763,0.39485443990538693
2016-05-15,18560000.0,5.0,20.0,12.472952375997343,10.532455566837823,1.59,0.4887142322441417,0.44214103826877504,0.31531247945180374
2016-05-16,25340000.0,4.5,14.3,6.761125673290353,7.71003283324076,0.0,0.6072231255424023,0.5481263013132046,0.4354679146524282
2016-05-17,28510000.0,11.3,19.7,9.596662010054208,3.5467348242974768,0.0,0.6251290717057865,0.5490111428216452,0.5300546881948033
2016-05-18,28420000.0,11.6,22.6,10.018584259761521,3.259404408151858,0.0,0.6443581021413685,0.5661837412754266,0.5734817590336505
2016-05-19,24730000.0,9.8,21.3,9.289233239497566,3.684413982033919,0.0,0.58099332609346,0.514903760693145,0.5234879684319569
2016-05-20,28190000.0,9.0,21.1,10.27364292449601,3.80413498876126,0.0,0.614813817562452,0.5402083175029435,0.5188843726076562
2016-05-21,27920000.0,8.3,21.0,9.092642637571226,4.0585421280568585,0.0,0.6420345429370301,0.5687291724062981,0.5424096550285231
2016-05-22,28180000.0,9.0,21.5,10.335347683093891,4.175270109616017,0.0,0.6423121646924749,0.567439829956496,0.533891115991163
2016-05-23,24550000.0,13.6,21.6,11.940946583484424,5.9890433615352325,0.26,0.6806478769351804,0.6125161205212116,0.5562351735349813
2016-05-24,5320000.0,8.0,14.5,12.704232402215146,4.306963217016092,2.0,0.12040371570650918,0.10742727579475911,0.10554745658097844
2016-05-25,27720000.0,9.6,20.4,11.685789510284497,4.208193386466036,0.0,0.5983912780990192,0.5251019993693702,0.4753947611884472
2016-05-26,23530000.0,12.1,21.3,12.856935243854805,4.348865569370662,0.0,0.5652177059387871,0.5009619483545419,0.46393242280734553
2016-05-27,23180000.0,12.9,22.3,12.52867763495167,3.3282439870200795,0.0,0.5558652417912744,0.4915355426598773,0.48355208647710074
2016-05-28,21380000.0,12.3,20.7,11.416133032836099,1.9305012334783733,0.13,0.4669088711394215,0.40873859121813866,0.41571172939332907
2016-05-29,16230000.0,8.9,18.9,11.824364992169793,4.9594427036801,0.0,0.4019621677670882,0.35999675937867853,0.33561090566316987
2016-05-30,28880000.0,10.0,22.6,12.207811107848416,4.821763545943658,0.0,0.680773612165561,0.6024884547012296,0.5403925730089247
2016-05-31,25170000.0,11.9,21.3,11.971087616630152,5.109093962089276,0.0,0.6298731373377351,0.5612648128073082,0.512465559599093
2016-06-01,26530000.0,10.4,20.8,11.76479950605126,3.28634163466551,0.0,0.5716376052506082,0.5006693510567256,0.4731559189194436
2016-06-02,25870000.0,10.5,21.3,11.620304794229167,3.0588717218835626,0.0,0.5632789474542919,0.4936784774692945,0.4776750931488906
2016-06-03,23240000.0,12.9,22.0,12.105858846525164,2.663792399683337,0.1,0.5368112054107406,0.47248527260444345,0.47179893146940444
2016-06-04,8460000.0,9.4,16.0,11.934257647608637,3.44796499374742,0.65,0.22015093960973875,0.19882848859213592,0.20058482381145665
2016-06-05,19580000.0,11.1,20.1,12.156740990931258,6.423032010921844,0.05,0.5406108971609482,0.4882340250495189,0.43045354760823945
2016-06-06,5180000.0,12.1,16.1,14.075813060059572,2.7505901295606594,0.06999999999999999,0.14271247921835822,0.12926325942353448,0.14219414620630616
2016-06-07,14800000.0,13.2,19.4,14.875956803635127,2.582980720142382,0.21000000000000002,0.34056559186889285,0.3004471593733213,0.28830740994403914
2016-06-08,14150000.0,12.3,18.9,14.54645624684067,2.939150715156221,0.03,0.32445664680944847,0.2866051278933746,0.2713958098262742
2016-06-09,21130000.0,12.7,21.8,14.614235769608616,2.448294587574123,0.0,0.47036852288864095,0.4120902918696113,0.39613321846727934
2016-06-10,20660000.0,14.0,22.5,16.072703953377086,3.9867095240204544,0.0,0.5036055446526286,0.4456208270392622,0.40569168592822064
2016-06-11,20850000.0,15.5,22.5,18.09112606184545,4.205200361297853,0.66,0.5026178120611988,0.4433596992448984,0.3815206826797707
2016-06-12,7630000.0,15.2,19.7,17.799326052578067,2.2567409768103777,0.17,0.19471291710416802,0.17359386085149822,0.17582574920681637
2016-06-13,22160000.0,14.9,23.2,15.831101473290405,2.9481297906607717,0.03,0.5302019021664598,0.46716878908582826,0.4435490091352568
2016-06-14,20880000.0,14.1,22.6,15.44948486796131,4.73795884123452,0.06,0.5387979373995708,0.48009599819913246,0.4355981022506228
2016-06-15,15130000.0,15.7,21.5,16.62817056688555,8.455296100118458,0.35000000000000003,0.49720651092669865,0.4544902810966705,0.3699231974456085
2016-06-16,19160000.0,11.2,19.3,14.05649661553512,7.186253428808643,0.0,0.47639266897156424,0.42548585798713007,0.3344703449709331
2016-06-17,28220000.0,14.9,23.6,14.289837726003833,3.540748773961109,0.0,0.676071932978165,0.5955383964643106,0.5587882002562334
2016-06-18,26610000.0,16.0,24.2,14.96546658948142,4.145339857934181,0.27,0.6841389906417874,0.6071624438529877,0.5678772561597933
2016-06-19,25950000.0,13.1,22.9,14.973627238398867,5.124059087930194,0.03,0.6356849391780628,0.5631647574649723,0.4930292153636667
2016-06-20,22540000.0,16.1,25.8,17.251169504766178,2.526113241946895,1.2000000000000002,0.5568467625759156,0.49078755836269056,0.47893923898387014
2016-06-21,15270000.0,16.8,22.9,19.027054253293187,3.666455831024818,0.42000000000000004,0.3980849105529599,0.35408587725042256,0.32518024286050184
2016-06-22,7240000.0,15.0,18.8,18.598296528173645,3.657476755520267,1.8600000000000003,0.17046864416543478,0.15062548016456528,0.13390354162310084
2016-06-23,18050000.0,15.8,24.0,18.27015491611521,3.4868743209338064,1.55,0.46012900879686597,0.4080785237116116,0.38172542268148635
2016-06-24,8310000.000000001,13.8,20.2,17.61964183729877,7.302981410367799,2.17,0.24144352311527356,0.21862649286891003,0.18393014294517412
2016-06-25,24050000.0,11.6,20.2,13.765739803871314,9.260419870359824,0.0,0.6393630282889199,0.5746590737802539,0.42307916544681534
2016-06-26,24090000.0,12.9,21.4,14.912517474457001,4.342879519034295,0.0,0.5577444497940542,0.49142104428932154,0.42942483340745097
2016-06-27,12740000.0,13.4,21.5,15.52094323162746,3.4210277672337686,0.020000000000000004,0.3375829697786278,0.30231995842095893,0.3003926040663007
2016-06-28,17760000.0,14.0,21.7,15.282485352423711,4.776868168420905,0.0,0.47114530538509003,0.42164166052172336,0.38585112581627456
2016-06-29,15190000.0,14.9,22.2,17.418234443251954,4.052556077720492,0.0,0.391336608237612,0.3484869821851087,0.3208197824386446
2016-06-30,16309999.999999998,17.8,23.3,19.879203743656642,6.387115708903642,0.15000000000000002,0.47248826748541467,0.4249771790742362,0.3548479989136329
2016-07-01,5250000.0,17.8,20.7,21.054449989291008,11.119088499801794,2.67,0.18620390303300258,0.1712215831641955,0.12779254484131858
2016-07-02,6780000.0,17.0,19.9,20.12646542627338,4.130374732093264,1.5300000000000002,0.1773725473078957,0.15827898390439485,0.14150877637688644
2016-07-03,2690000.0,15.9,18.1,18.687329231564384,3.4958533964383562,5.5600000000000005,0.06327370218826245,0.055887683973735613,0.08389228041985447
2016-07-04,2510000.0,17.6,20.3,22.042571038563203,6.1716178967944275,2.1,0.04847920690240382,0.0413513756302006,0.053574797860177395
2016-07-05,15290000.0,18.9,25.1,22.704043264855358,9.832087677482878,0.27,0.49468161994286186,0.44917411999616264,0.3399840020870191
2016-07-06,9860000.0,17.8,21.2,22.042571038563203,5.492201183616768,0.22999999999999998,0.2365105603132977,0.2082582301557704,0.157994090596899
2016-07-07,15160000.0,17.6,24.3,20.569701157185015,2.286671228492213,0.04000000000000001,0.38027104706866366,0.33584081033962676,0.3207813559402154
2016-07-08,21030000.0,16.9,24.8,20.661531357531516,2.7146738275424567,0.05,0.5016243067626632,0.44008342753568475,0.3982013330922912
2016-07-09,24230000.0,18.0,27.1,20.312341757811033,2.2926572788285795,0.010000000000000002,0.59822052602882,0.5255418101677465,0.4969216546160567
2016-07-10,19490000.0,18.4,26.5,20.221872097478897,2.211845599287625,0.0,0.49853711619456764,0.44015794964767635,0.4263870144865633
2016-07-11,14120000.0,17.9,24.2,21.515499508895044,2.618897022160584,1.1400000000000001,0.35695458780305167,0.3155101665667467,0.2954754171834946
2016-07-12,9130000.0,18.2,22.6,21.23671270191245,3.4060626413928508,1.42,0.2530386535632575,0.22650422956108093,0.2152841116761887
2016-07-13,15270000.0,16.6,24.3,20.121176631608343,4.390767921725231,0.010000000000000002,0.4080777183246315,0.36366444886431126,0.3305472832376922
2016-07-14,18180000.0,16.7,24.1,18.440933573952293,4.836728671784575,0.04000000000000001,0.5007590135722071,0.44792266873545233,0.4071234372391742
2016-07-15,14950000.0,16.1,23.0,17.61964183729877,7.805809638622632,0.7200000000000001,0.49019048922636677,0.44731909190088714,0.38276722169558164
2016-07-16,6990000.0,16.1,20.3,19.624256575788692,6.348206381717256,0.47000000000000003,0.19565319045352997,0.17605166958581225,0.14733670779258068
2016-07-17,18720000.0,14.3,22.8,17.325246332105714,5.567026812821355,0.0,0.4811581388671664,0.42835069978205376,0.37024061285931115
2016-07-18,20640000.0,16.0,23.9,18.192547401029575,3.166620627938169,0.0,0.5003174751774713,0.44075126764639244,0.40844959964232164
2016-07-19,17720000.0,16.9,24.6,19.952576451643054,3.756246586070324,0.010000000000000002,0.45581438562043725,0.4040381965520402,0.3700687934845824
2016-07-20,19340000.0,17.0,24.6,19.63460625159278,5.192898666798415,0.08000000000000002,0.5210096222752756,0.46445706519476077,0.4070584954691622
2016-07-21,18760000.0,17.2,25.7,20.20594354033756,4.453621450257085,0.0,0.5070533479441686,0.4516620117381148,0.41351614702623624
2016-07-22,20110000.0,17.1,26.2,20.328343723867654,4.193228260625117,0.0,0.5325834912616108,0.47303209524706186,0.4347575880739786
2016-07-23,22820000.0,18.5,27.3,21.47067955704491,3.2204950809654727,0.0,0.5886823666638064,0.5199004353462177,0.48132367606926
2016-07-24,19900000.0,19.7,26.6,23.12472984209061,3.07383684772448,0.05,0.5172550744882563,0.4570692464121041,0.4155021752855381
2016-07-25,20120000.0,19.5,26.5,23.136678223087078,3.1277113007517836,0.17,0.5184396182821034,0.45771262626219783,0.4132808350035216
2016-07-26,20320000.0,19.5,27.4,22.336378749334084,5.947141009180664,0.0,0.6069870768625194,0.5452819959338444,0.48128296162545353
2016-07-27,18910000.0,20.5,26.9,22.307423396197837,7.698060732568026,0.22999999999999998,0.6314542632934139,0.573839564273248,0.4903329179785432
2016-07-28,20010000.0,19.6,26.5,22.417628724567297,6.144680670280776,0.1,0.5859004086663439,0.525464178276012,0.4496526062019829
2016-07-29,20160000.0,20.0,27.7,23.631233798078437,4.893596149980063,0.13,0.5730263442102795,0.5114816118305243,0.45404384119479807
2016-07-30,21120000.0,19.9,27.4,23.412985182026862,2.7535831547288425,0.010000000000000002,0.5445913248744126,0.48028582281398774,0.4418637278036498
2016-07-31,21970000.0,18.9,27.6,23.244456836579225,1.9245151831420064,0.26,0.5374546183174318,0.47091821341091034,0.43959812395134323
2016-08-01,19180000.0,19.0,27.4,21.951095564532785,1.819759302255583,0.31000000000000005,0.48068181898355933,0.42263423240989173,0.4088817955970553
2016-08-02,12000000.0,18.4,25.3,21.49307930927,1.7598987988919126,1.3800000000000001,0.3117006688051661,0.2760621076827725,0.27765839490245037
2016-08-03,16620000.000000002,18.7,25.2,21.448300236420987,2.2387828258012763,0.77,0.4150233685157906,0.36559286325891505,0.34890833122279163
2016-08-04,20400000.0,19.3,26.0,22.698166229861844,2.9930251681835247,0.06,0.511818366391686,0.4505425745572664,0.40744737995612884
2016-08-05,21990000.0,19.3,27.8,22.342173763738646,2.9930251681835247,0.08000000000000002,0.5695806536541369,0.5027151202599224,0.4704305596015965
2016-08-06,22150000.0,19.2,27.5,22.27850088472687,2.448294587574123,0.020000000000000004,0.5550567890999425,0.4878847775512556,0.4583739985356464
2016-08-07,20870000.0,18.9,26.7,22.05402888949012,2.591959795646932,0.1,0.5202674133968099,0.4574495292878528,0.4273956466281918
2016-08-08,21810000.0,19.4,28.1,22.946150556824367,2.277692152987662,0.2,0.5484949050635968,0.48200062223195533,0.45499260116970186
2016-08-09,16860000.0,19.5,26.9,23.606896434679935,1.819759302255583,0.05,0.4214781817229132,0.37045199248245253,0.35372016783742893
2016-08-10,20150000.0,19.8,27.5,23.328587932767366,3.1875718041154535,0.03,0.5278949802414256,0.46654290322828346,0.43131584970266523
2016-08-11,24640000.0,19.9,29.5,21.93398093960827,3.079822898060847,0.0,0.6530324735911578,0.5769835231454723,0.5539662096045138
2016-08-12,23890000.0,19.7,29.7,21.63917681104366,3.4419789434110535,0.0,0.6501838723707782,0.5764497235823277,0.559175120001495
2016-08-13,24500000.0,20.3,29.6,22.209220662489166,4.1483328831023645,0.0,0.6871628517161016,0.6113085272197933,0.5791922469125816
2016-08-14,22380000.0,20.9,29.0,23.220468166311747,4.387774896557047,0.0,0.6401640586768487,0.5708734553206292,0.5311058818666339
2016-08-15,19820000.0,19.3,27.7,21.582882950304292,4.0585421280568585,0.020000000000000004,0.5511225657545873,0.4908955776630279,0.46755552806736506
2016-08-16,19230000.0,19.1,26.2,21.17027621747155,1.9125430824692722,0.06,0.46783440686189265,0.41007296191209414,0.396999365731088
2016-08-17,19760000.0,19.2,27.2,20.92822944854811,2.0981106428966503,0.06999999999999999,0.49354360998147007,0.43374067407450073,0.4256283171298415
2016-08-18,20330000.0,19.0,27.7,20.62367555077026,3.4629301195883384,0.0,0.5476377385956495,0.48598505260085006,0.4748358915293047
2016-08-19,24140000.0,19.4,29.0,19.59840328678564,3.1995439047881877,0.0,0.6395248088388292,0.5654931414056983,0.5639508357309136
2016-08-20,23390000.0,18.7,29.1,18.87151442274763,4.1064305307477955,0.0,0.6557381594184652,0.5842859880077443,0.5890724797018517
2016-08-21,22150000.0,18.9,29.0,19.43877767173084,3.2983137353382443,0.0,0.5982286446018198,0.5305201561086383,0.5380687187925004
2016-08-22,19450000.0,19.1,28.7,19.56225879757668,2.933164664819854,0.06999999999999999,0.5311218243828909,0.471705632252129,0.4864893049349412
2016-08-23,15120000.0,18.2,24.8,20.569701157185015,3.1875718041154535,0.1,0.390592714156399,0.34591616398413133,0.33451293883917305
2016-08-24,22430000.0,17.8,28.1,16.58794339106044,3.331237012188263,0.0,0.5966700022874887,0.5290171855799068,0.5554811711580594
2016-08-25,20600000.0,18.8,27.9,18.578562033348057,3.9058978444794996,0.010000000000000002,0.5791405205708327,0.5166690335323246,0.5262545764099149
2016-08-26,7150000.0,14.8,22.5,15.166530416876885,6.668460074712892,0.21000000000000002,0.35004834179794736,0.3298449672793144,0.349459605674726
2016-08-27,11570000.0,13.1,21.6,12.906999387217484,7.578339725840683,1.46,0.4676674714525525,0.43569961362196497,0.4268504356653757
2016-08-28,7870000.0,11.2,16.3,13.90662568585703,7.76091426109988,0.47000000000000003,0.2223609026811458,0.20207513818713063,0.1681204226654011
2016-08-29,19700000.0,12.1,19.5,11.89419319393131,8.89826382500962,0.09000000000000001,0.5940610870418991,0.5411610369773663,0.45121840826252607
2016-08-30,15240000.0,12.5,17.7,13.63738416098208,16.650199010604947,0.48,0.556479367300876,0.5161066179375259,0.31217712583498447
2016-08-31,18030000.0,15.0,20.2,13.82650880936197,14.450325511990057,0.11000000000000001,0.7361474099229364,0.6861101159048566,0.47917352775172206
2016-09-01,19580000.0,15.7,23.6,17.464892364305648,7.895600393668138,1.8399999999999999,0.5557903174594107,0.4995516667219929,0.4259306481758349
2016-09-02,4410000.0,15.1,18.0,17.966243596105652,4.74693791673907,3.5600000000000005,0.11575196716904113,0.10374225584210821,0.10175041945378763
2016-09-03,10960000.0,17.2,22.1,19.254836024660275,2.582980720142382,0.03,0.2689729091549497,0.2374930515409508,0.23876103422636435
2016-09-04,15620000.0,17.8,24.4,20.478228454090665,3.1516555020972516,0.68,0.3810484833625042,0.33516702093117223,0.32240625016963775
2016-09-05,14610000.0,16.9,23.5,20.12646542627338,2.1938874482785233,0.43,0.3296598576405084,0.28733046711683846,0.2813916091667004
2016-09-06,13110000.0,14.8,24.0,16.925793438628684,2.7685482805697603,0.0,0.3272088532738505,0.2897046929268254,0.3103327122013317
2016-09-07,15080000.0,13.2,23.2,15.839674945784942,3.3521881883655475,0.5,0.3575488822562981,0.31526119489074966,0.3295590090209518
2016-09-08,18570000.0,13.8,21.3,15.724276112308525,3.079822898060847,0.05,0.3914460126138093,0.3399553880734884,0.33148165746152547
2016-09-09,16200000.0,14.1,21.3,15.986048594252916,2.4602666882468576,0.06999999999999999,0.3420627285322202,0.2970252408694458,0.29956299102777967
2016-09-10,10910000.0,13.7,20.6,16.8577447864687,2.4872039147605087,0.18000000000000002,0.2384109680277271,0.20837409156211345,0.21449906707861693
2016-09-11,13250000.0,15.5,21.4,16.704388732720854,2.202866523783074,0.5599999999999999,0.29648619817916794,0.25917208090831456,0.2687432567145749
2016-09-12,13950000.0,12.9,20.3,15.466272573293368,2.526113241946895,0.05,0.28910518897050064,0.2510803130388576,0.2567020206394298
2016-09-13,16600000.000000002,14.1,21.8,16.05533998821475,3.28634163466551,0.0,0.3644318502979674,0.3180813206876473,0.3176106289267795
2016-09-14,14700000.0,13.8,21.1,16.23410329881812,2.4033992100513704,0.04000000000000001,0.3052209855547408,0.26453289552666126,0.26989541725046473
2016-09-15,15700000.0,15.9,22.3,16.930338567879577,1.6222196411554703,0.03,0.3281387289267402,0.28344412701471927,0.29480547525476175
2016-09-16,2970000.0,14.2,18.1,17.37633578586389,3.7502605357339562,5.93,0.07654124763955986,0.06851300166852003,0.09235919975015659
2016-09-17,2009999.9999999998,14.4,16.1,16.934884767398202,6.141687645112592,7.15,0.04310066992158088,0.03776023724523888,0.05954196562037466
2016-09-18,2680000.0,13.5,15.9,15.129423555705646,6.093799242421656,0.22999999999999998,0.10047785560743261,0.09343432371940379,0.11264005835444757
2016-09-19,8890000.0,10.7,16.3,12.051791081005087,10.278048427542226,0.0,0.3370807691515232,0.31428586294256045,0.25735156098137535
2016-09-20,20910000.0,8.1,17.6,10.125137167963791,5.7615734487532855,0.0,0.4349761152116904,0.38210221052737925,0.364459299786606
2016-09-21,14810000.0,11.6,16.6,11.42578344058816,4.857679847961861,0.0,0.34414270472031105,0.30569039870460835,0.3010850081869576
2016-09-22,8960000.0,12.0,17.2,13.480279711634871,1.1134053625642713,0.0,0.17439128921309763,0.15088997743796126,0.1718999532017085
2016-09-23,15030000.0,13.2,19.7,14.172745420204736,2.0621943408784484,0.03,0.2923107392619067,0.2514551952129752,0.2692297616907925
2016-09-24,14660000.0,13.3,20.6,14.490845233282473,2.4842108895923256,0.05,0.30104780675830234,0.2608317354727747,0.28061665310374473
2016-09-25,9170000.0,13.3,19.8,15.499896018113034,2.6548133241787863,0.06,0.2083886172972548,0.18341604295077524,0.20208820458310267
2016-09-26,10520000.0,16.4,21.6,18.712126715615792,2.5889667704787485,0.06999999999999999,0.2367685226734058,0.20686946527160818,0.21522320987755786
2016-09-27,14580000.0,15.5,24.4,18.791672514471582,3.2773625591609594,0.03,0.3307001592064759,0.28862286725865,0.2998882092097178
2016-09-28,10620000.0,14.4,20.4,17.246548937680057,3.4419789434110535,1.52,0.23063129368859275,0.2012622349095364,0.20497705689871437
2016-09-29,3290000.0,11.8,13.9,12.906999387217484,4.396753972061598,0.32000000000000006,0.11075010254266879,0.10243087028961365,0.12090058890926265
2016-09-30,2240000.0,11.6,14.1,13.750584263039284,2.143006020419404,1.72,0.04934970234736681,0.043685544217627104,0.08083764718333007
2016-10-01,9750000.0,14.0,18.9,16.15104584456097,2.5859737453105653,0.77,0.1997157257099708,0.17321262827303918,0.18445764376354473
2016-10-02,9030000.0,16.4,20.2,18.692286423670318,6.668460074712892,0.11000000000000001,0.23614908739905216,0.21078374285300625,0.18891667023849204
2016-10-03,8450000.0,13.4,20.4,17.875461784280773,4.833735646616392,0.27,0.1807923110701048,0.15763281717406238,0.155783857971743
2016-10-04,16600000.000000002,13.5,21.9,15.353265549273821,9.149677939137034,3.8000000000000003,0.4635418236551339,0.41739229925994537,0.3720651579729305
2016-10-05,5580000.0,10.8,18.9,14.65423547634763,7.329918636881453,4.34,0.1850321873475673,0.1703229551611606,0.1782127520077296
2016-10-06,18880000.0,11.9,19.6,11.646459839491396,4.956449678511916,0.0,0.40705338510924927,0.3564036119506077,0.377035736120629
2016-10-07,8950000.0,12.2,16.5,13.659958455711461,4.869651948634594,3.8700000000000006,0.2080439120907222,0.1846872356250487,0.18749983739759243
2016-10-08,3990000.0,4.0,13.9,9.679771268167844,9.194573316659786,1.4900000000000002,0.16909152359124974,0.15989223426181692,0.1621271870191587
2016-10-09,18960000.0,4.8,11.8,6.191852503506017,5.471250007439483,0.0,0.3512405326498903,0.30826078105168814,0.3157446353289071
2016-10-10,14440000.0,7.4,14.1,8.94631844740519,2.2627270271467443,0.0,0.22336869127455125,0.18855935334126636,0.2228955222624643
2016-10-11,12570000.0,6.5,15.3,8.827680615720357,4.54341220530259,0.0,0.26409211448212405,0.23368256163248485,0.26385719048451467
2016-10-12,16820000.0,7.7,15.3,8.310802175339614,3.726316334388488,0.0,0.2987492276539104,0.2574837851223345,0.297925328393757
2016-10-13,13880000.0,6.9,16.4,7.629357096818117,1.9873687116738605,0.0,0.22974793137163566,0.19557777932081966,0.2552356898475017
2016-10-14,17420000.0,7.1,17.9,9.254428219654715,3.034927520538094,0.0,0.28383085613395154,0.24011830015060656,0.29595206482161257
2016-10-15,13900000.0,8.9,17.7,11.001663586088002,4.133367757261447,0.0,0.2677518509372026,0.23226167634926886,0.26618688390411205
2016-10-16,2049999.9999999998,10.8,12.5,12.996825952484532,2.7266459282151905,4.21,0.04046371947694307,0.03541697511785282,0.06799256986732624
2016-10-17,10020000.0,7.9,18.5,12.546136607245588,4.4326702740798,0.0,0.1975424961695706,0.17201350908411314,0.2043467087431523
2016-10-18,11630000.0,9.8,17.3,10.951960315237212,2.550057443292363,0.0,0.21122965449090528,0.1813776221665736,0.22475942203820692
2016-10-19,14460000.0,7.2,17.7,11.32321484809109,4.055549102888675,0.0,0.2377098991933928,0.20146502904128533,0.23539396068576038
2016-10-20,12360000.0,10.3,18.8,11.496772681954873,6.794167131776601,0.0,0.33197260109087245,0.2995860049912792,0.32055868371029256
2016-10-21,4580000.0,9.0,11.9,10.546392301630549,5.680761769212331,0.1,0.14236075387899938,0.1313992120018614,0.13781348475451738
2016-10-22,8109999.999999999,10.2,15.3,11.532412596823294,4.393760946893415,0.0,0.18612661536478975,0.16566395077874743,0.18882251777020956
2016-10-23,4220000.0,6.1,11.2,8.577045647113986,7.41372334159059,0.03,0.18837615084992554,0.17872178617241619,0.1757900194999059
2016-10-24,13950000.0,8.2,14.0,9.008772650719006,5.677768744044146,0.0,0.2783580962807211,0.24445064997397165,0.2633107939369132
2016-10-25,6350000.0,4.7,15.1,11.269055515568796,6.267394702176301,0.81,0.11360498954764313,0.09860985313734398,0.12082500877563937
2016-10-26,12450000.0,4.7,15.3,7.790902646097715,4.600279683498076,0.06,0.24410582612070802,0.21463338262467063,0.269278719779361
2016-10-27,5450000.0,8.2,12.6,10.282437980050387,5.947141009180664,1.03,0.15664769804619888,0.1436196797832394,0.1531453467289415
2016-10-28,2190000.0,3.1,11.1,9.158644183128885,6.090806217253472,0.39,0.06654871708354614,0.061743020110472134,0.09005581604825505
2016-10-29,6420000.0,-1.8,8.3,5.475882943421973,5.079163710407441,0.0,0.1478861491472055,0.13533587180835666,0.16155267196230297
2016-10-30,15260000.0,1.5,9.5,4.127231559164661,3.8250861649385444,0.0,0.22985954102746015,0.197875126386861,0.25994885761555553
2016-10-31,4139999.9999999995,-3.8,7.5,5.134254141539539,7.006671918717631,0.020000000000000004,0.1487496674779157,0.1410244583543193,0.15545599426332982
2016-11-01,15380000.0,-5.5,2.7,2.955856847304291,6.833076458962988,0.0,0.2253462575538241,0.19983734718098486,0.19556301818226896
2016-11-02,14670000.0,-2.2,4.4,4.353781096650147,6.369157557894541,0.0,0.19666288090344683,0.16999022399221228,0.17266840939063066
2016-11-03,9410000.0,1.0,7.1,6.021494225092716,5.219835893312067,0.0,0.15324019365971955,0.13436999520905576,0.1505275862456547
2016-11-04,13840000.0,1.9,11.2,7.100723961068333,5.237794044321168,0.0,0.1892629551857698,0.15935798592065034,0.19355376800531898
2016-11-05,11380000.0,3.9,13.5,9.318773692968147,6.662474024376526,0.0,0.17544361944795211,0.14937499308497998,0.17120949210488035
2016-11-06,7760000.0,3.5,9.1,8.415920073273995,6.916881163672125,0.0,0.11920113453911771,0.10255278210377487,0.10501498949817481
2016-11-07,10450000.0,1.8,12.0,8.170850548724301,4.986379930193752,0.38,0.13917142449824035,0.11636759490455817,0.15164291563645807
2016-11-08,12140000.0,-6.1,4.9,3.3556371514126684,9.038936007914245,0.0,0.24660054129231748,0.22584584406320887,0.20943844328647138
2016-11-09,14090000.0,-3.2,4.4,3.81980456801839,3.6365255793429823,0.0,0.14175530188616242,0.11658694761492552,0.15909274342467578
2016-11-10,7230000.0,0.4,7.7,6.748978250458914,4.447635399920717,0.33,0.10104728614073881,0.08654871708672189,0.11030013009939407
2016-11-11,10320000.0,0.2,8.0,5.6515280814326525,5.7136850460623485,0.0,0.16955672125071605,0.14882922041161634,0.17487865246466366
2016-11-12,9760000.0,4.7,12.4,7.04169883366375,4.339886493866111,0.0,0.18590940612603502,0.16363899463510126,0.21828472693925732
2016-11-13,8490000.0,7.3,13.7,10.238528912169716,3.54972784946566,0.020000000000000004,0.12796453691237403,0.10762050391055596,0.14642326834630187
2016-11-14,5590000.0,2.4,13.4,9.845071291828404,4.7050355643845005,0.0,0.07692238387127191,0.06438489452834095,0.10133616375403605
2016-11-15,12920000.0,-1.9,7.0,3.657943634821801,5.156982364780213,0.0,0.1999940119599315,0.1753102474102492,0.22462237049279335
2016-11-16,10140000.0,0.6,9.2,3.8149188194014885,4.1483328831023645,0.0,0.19837265929395745,0.17749837007737057,0.24550981648629425
2016-11-17,11790000.0,1.8,11.5,5.948727523727094,3.376132389711016,0.0,0.1510557477394925,0.1255080727569698,0.1967318395401316
2016-11-18,6940000.0,5.5,11.6,9.495026911368392,3.316271886347345,2.5100000000000002,0.09231899761089991,0.07648327468599411,0.10989609503452477
2016-11-19,3680000.0,7.1,11.9,11.24682095232695,4.417705148238882,0.03,0.06000140953001474,0.05139744943704937,0.06830005087661933
2016-11-20,11400000.0,3.4,11.8,6.193727394613741,4.196221285793301,0.0,0.17630360280604648,0.15094164308570351,0.220437205062679
2016-11-21,7630000.0,1.6,12.3,8.607087554000227,3.6275465038384316,0.0,0.0861030254479375,0.0694296670310964,0.11549941684386597
2016-11-22,8330000.0,-5.3,1.6,2.949051063834673,8.215854086663775,0.020000000000000004,0.2052244431051662,0.1916472050071413,0.17565169798093738
2016-11-23,8920000.0,-7.1,1.0,2.3666076964255383,7.757921235931695,0.0,0.20766097690772028,0.19380114607686222,0.1844913154315604
2016-11-24,12150000.0,-6.0,-2.1,2.5653288147773834,7.308967460704166,0.0,0.16387413024710834,0.1457608771306525,0.14151384242809212
2016-11-25,10590000.0,-4.7,1.4,3.343673155743308,3.8101210390976266,0.0,0.10382932188650255,0.08643364891534822,0.12412742311523965
2016-11-26,3340000.0,-3.8,1.0,4.432639565287671,2.3225875305104147,0.41,0.050638598465464854,0.04509895212962073,0.0662135133303989
2016-11-27,8160000.0,-4.3,2.9,4.688577036079294,5.914217732330644,0.0,0.0882733017363772,0.07437495708181446,0.09306064308452751
2016-11-28,11820000.0,-5.6,1.6,3.174920238204327,6.177603947130795,0.0,0.14398047348013707,0.12482758781991159,0.14750474356940688
2016-11-29,11640000.0,-3.1,3.9,3.3928574943378917,3.537755748792926,0.0,0.11666588756580627,0.09602254660564036,0.1530082692392409
2016-11-30,4320000.0,0.1,6.7,6.740890684987185,5.001345056034669,0.08000000000000002,0.07194090740829145,0.06345489532067108,0.08452966650922163
2016-12-01,9600000.0,-6.1,4.4,3.4852631468822612,9.26341289552801,0.0,0.20480395746364333,0.18854487551740445,0.18487462182264675
2016-12-02,11570000.0,-4.3,3.3,3.25567421838685,4.663133212029932,0.0,0.13142682436457492,0.11157273147239011,0.15882622564570192
2016-12-03,10240000.0,-1.3,8.1,3.980376756934567,2.1310339197466694,0.0,0.0949170553693991,0.07480206375429897,0.14895522767467578
2016-12-04,4890000.0,-0.1,4.1,5.12314620861614,4.2411166633160535,0.0,0.096867515508863,0.0876961138621734,0.11320213476259891
2016-12-05,7870000.0,-6.3,7.8,5.086798370230005,10.454636912465052,0.0,0.1813763394354337,0.16724311728291993,0.15433142043640785
2016-12-06,11530000.0,-5.6,-0.3,2.1943690595184795,3.8340652404430946,0.0,0.115988349463882,0.09800020205923735,0.14644359496165835
2016-12-07,5960000.0,-4.3,2.5,4.665178807001199,4.806798420102741,0.0,0.06918175033386922,0.05910658731192632,0.08163954906865244
2016-12-08,10500000.0,-2.8,4.0,4.446604154066248,5.555054712148622,0.2,0.11443174460657128,0.09567605121778579,0.13055524442934732
2016-12-09,9460000.0,-6.7,1.0,3.1894690370040326,7.82077476446355,0.0,0.14532716026224257,0.13050858985950525,0.135662823936195
2016-12-10,11390000.0,-7.2,1.1,2.089884118283241,4.917540351325531,0.0,0.14225352465555896,0.12455582587041622,0.1697016732568243
2016-12-11,11460000.0,-4.5,2.4,2.4991748220107075,2.4033992100513704,0.0,0.08585101425978686,0.06658797684230042,0.1331655888353987
2016-12-12,6350000.0,-2.2,5.2,5.77020213625811,2.6039318963196663,0.0,0.04930665346869382,0.037599215324913754,0.07333122836203369
2016-12-13,6900000.0,-4.8,4.7,4.455001610382189,5.851364203798791,0.0,0.10500058982179125,0.0929618960317001,0.12337385932440734
2016-12-14,4940000.0,-7.0,-2.3,3.181148202363344,7.237134856667764,0.0,0.09881418073030605,0.09163505547233784,0.08792172053039174
2016-12-15,9340000.0,-9.4,-4.6,2.013934907574349,10.951479090383518,0.0,0.18916756325906917,0.17694456159868927,0.1289884864404465
2016-12-16,10950000.0,-8.5,-3.4,2.7852164548742278,7.6382002292043545,0.0,0.10114847740482735,0.08611693876715555,0.09024186969069174
2016-12-17,9920000.0,-2.6,3.1,4.460607720040998,4.277032965334256,0.0,0.08625751763882347,0.06875961352934538,0.10930951545600051
2016-12-18,7700000.0,-1.2,4.7,5.55883050896573,2.6099179466560334,0.22999999999999998,0.05599793596713772,0.04167883698505654,0.08183554047892136
2016-12-19,3560000.0,1.5,6.6,8.094529341771711,3.166620627938169,0.25,0.02655425120452364,0.019415260079724165,0.038778750220197056
2016-12-20,7790000.0,-0.7,8.3,6.120977409400365,3.1396834014245174,0.0,0.07504703844540024,0.05954808787360213,0.11151975820543773
2016-12-21,4350000.0,2.0,10.7,9.563594754547717,7.943488796359073,4.21,0.029857141877780248,0.02051124769705544,0.045955939323059816
2016-12-22,3180000.0,-4.5,3.4,5.277354152111281,12.597642932884453,0.49000000000000005,0.0838546804756399,0.07840796047364784,0.06862241389681278
2016-12-23,5990000.0,-7.2,-2.6,3.104073304919205,10.855702285001643,0.09000000000000001,0.1356550622332692,0.1270433093684327,0.09515804969589453
2016-12-24,10470000.0,-6.3,-0.4,2.935481269343185,3.0888019735653973,0.0,0.07261381853926259,0.056543983004938514,0.10068175081682018
2016-12-25,10450000.0,-2.9,5.2,5.207781085880625,2.3016363543331306,0.03,0.053423429541770984,0.034390138456524354,0.08587304365283872
2016-12-26,1190000.0,-4.8,1.8,5.309993105527772,5.917210757498827,1.21,0.011248450043710731,0.009282326330330307,0.03381509674588784
2016-12-27,10030000.0,-9.1,-3.5,2.057228887835799,9.16165003980977,0.0,0.17375994456663926,0.16020658513433744,0.1359216670569004
2016-12-28,11350000.0,-7.1,0.1,2.237297008558111,4.049563052552309,0.010000000000000002,0.11102274688480944,0.0937095978808698,0.14156464576207667
2016-12-29,10280000.0,-9.9,-5.0,2.032687910023665,8.239798288009244,0.0,0.13790613069715335,0.12473213975499886,0.11241363603867245
2016-12-30,11350000.0,-8.6,-1.4,2.2388167391768006,4.100444480411428,0.0,0.09706205990853514,0.08081488266649924,0.1204875905244603
2016-12-31,6220000.0,-4.2,0.7,4.395129133954031,4.38178884622068,0.0,0.06207690832382932,0.0518992187835853,0.0725087885993219
2017-01-01,10320000.0,-3.9,3.8,4.268070796133806,5.085149760743808,0.0,0.10301882134622867,0.0850131228080054,0.12375661562912674
2017-01-02,6240000.0,-6.0,4.2,5.083648505930906,10.83475110882436,0.0,0.08234854354428629,0.0718000507159434,0.0813416457647596
2017-01-03,11350000.0,-4.9,2.1,3.6368287652784868,7.356855863395104,0.0,0.14291524680655887,0.12409040072517237,0.13919800715159308
2017-01-04,9410000.0,-3.6,3.5,3.9487984278945265,4.914547326157347,0.0,0.1154833367461761,0.09906534999766049,0.1359451885957036
2017-01-05,4810000.0,-3.4,1.7,4.939073551457028,8.84139634681413,0.020000000000000004,0.08504227981707832,0.07689580230026491,0.07217475701574146
2017-01-06,10940000.0,-3.0,4.2,4.370278750295975,3.843044315947646,0.0,0.09385191649670305,0.07431027024210178,0.12192522709743372
2017-01-07,8430000.0,-1.1,4.7,4.462010223997767,3.4868743209338064,0.26,0.10247894529905859,0.08677547247059092,0.13215384125513546
2017-01-08,7620000.0,-3.8,5.3,5.420639342091067,7.704046782904392,0.21000000000000002,0.09492584047411197,0.08124157709391443,0.09940395729671676
2017-01-09,9100000.0,-9.1,-0.2,3.209308560961491,12.738315115789081,0.020000000000000004,0.156793272618568,0.14356856819599498,0.10961998679603797
2017-01-10,10430000.0,-12.7,-3.4,2.266329552575856,14.462297612662791,0.010000000000000002,0.17688503903665592,0.1638932460875207,0.10743874157422625
2017-01-11,11690000.0,-10.7,-4.3,2.4683283468723407,13.277059646062115,0.0,0.15718967351418828,0.14224387644482803,0.09463621042229482
2017-01-12,9090000.0,-10.8,-0.5,2.6533025172373503,14.306660303917248,0.06999999999999999,0.2095715657478972,0.19692541147000742,0.13467075948605944
2017-01-13,9930000.0,-11.8,-3.1,2.3081634219389837,15.441016842658804,0.11000000000000001,0.20506029946371132,0.19233483934157186,0.11617158900902194
2017-01-14,11880000.0,-15.9,-9.5,1.0020734091449817,15.264428357735975,0.0,0.23905458810915384,0.2273898014014306,0.11896168452723535
2017-01-15,12690000.0,-13.8,-5.1,1.270739973836681,8.332582068222932,0.0,0.17452401737548923,0.15976101391800987,0.14022140147027193
2017-01-16,12680000.0,-9.9,-3.3,0.8490378493000162,4.639189010684463,0.0,0.1585913639320839,0.14168932705904452,0.17376903973694982
2017-01-17,9750000.0,-8.3,0.5,1.059875295596242,4.480558676770737,0.0,0.1775035864715405,0.1628764474995439,0.2040145339805679
2017-01-18,10830000.0,-7.8,-0.2,2.6015916577736133,5.914217732330644,0.0,0.14090847266714532,0.12472909967026795,0.13976554881566633
2017-01-19,12380000.0,-7.7,2.9,1.9304410760382513,6.090806217253472,0.25,0.20717113433928108,0.18742542366046672,0.21813584329865976
2017-01-20,9310000.0,-12.7,-6.0,2.2146110320188566,12.115765880806908,0.09000000000000001,0.12704748945475505,0.11616262239543233,0.07773406423885248
2017-01-21,10140000.0,-12.3,-4.8,2.6754882751663334,11.011339593747186,0.31000000000000005,0.08948267871555501,0.07715255895676766,0.06040898171524053
2017-01-22,7200000.0,-14.5,-9.3,1.6869029861659501,15.87201246687723,0.08000000000000002,0.1552135465889403,0.14783207603811419,0.07376662542306048
2017-01-23,13140000.0,-14.5,-8.5,1.5880071941249199,12.325277642579756,0.0,0.15769416722129792,0.14393383693822773,0.08925952982082201
2017-01-24,13590000.0,-13.8,-5.7,1.5520029505441861,9.080838360268812,0.0,0.1650533247156969,0.14947884146808502,0.11983281070021715
2017-01-25,13890000.0,-12.6,-3.9,1.3097868939389612,5.785517650098753,0.0,0.15510888107595158,0.1379723189867394,0.14623269088145893
2017-01-26,13600000.0,-7.5,3.5,1.8590443831194605,8.87431962366415,0.31000000000000005,0.30819149380391886,0.2861543326381773,0.26372703613117426
2017-01-27,13340000.0,-9.7,-3.0,1.691633662233515,8.712696264582242,0.0,0.22078791057080588,0.20280259624582805,0.1667108219476532
2017-01-28,13780000.0,-2.6,5.4,1.4612587528635357,3.8669885172931133,0.020000000000000004,0.21161285641741961,0.186294656879502,0.2632437633533196
2017-01-29,2790000.0,-9.4,3.1,4.828153207072692,8.625898534704918,0.67,0.025630168476365435,0.021312719624440552,0.04624323085983303
2017-01-30,13260000.0,-13.2,-6.4,1.5663162547224296,11.822449414324922,0.0,0.20565954059872787,0.19050140791602427,0.12147895988190713
2017-01-31,14180000.0,-10.6,-1.1,0.9580950280909888,7.497528046299729,0.020000000000000004,0.2617038092781717,0.24215110512659982,0.2238864296542474
2017-02-01,13770000.0,-11.4,-2.9,1.4937894188739473,14.399444084130934,0.0,0.34018695930637366,0.3222914769424785,0.18778163737188464
2017-02-02,14950000.0,-8.0,-1.0,2.052299677709602,10.744960353778854,0.0,0.2870077467134413,0.26514144690860564,0.19256119199053262
2017-02-03,12690000.0,-4.0,2.6,2.6033297780746225,5.153989339612029,0.0,0.202453724425418,0.18083975461335905,0.20305211511999044
2017-02-04,10660000.0,-0.5,6.5,3.480759139519667,3.6484976800157165,0.45,0.18382353199624515,0.16315328351921035,0.21244826682484472
2017-02-05,4770000.0,-9.7,1.8,3.9740432315730327,13.567383087375916,0.22999999999999998,0.10682158001659026,0.09968051247544808,0.0842138936197964
2017-02-06,14870000.0,-9.7,-3.1,2.1295340600334494,11.104123373960876,0.0,0.23725591492759976,0.21725325286622393,0.1469615490528538
2017-02-07,14550000.0,-5.4,3.2,1.713068509217118,2.8523529852788987,0.0,0.16685726735441073,0.14244667469079078,0.1992182685610732
2017-02-08,6620000.0,-11.2,-0.8,2.032687910023665,10.831758083656174,0.06,0.23707980824536423,0.22801258424137366,0.1672707548483656
2017-02-09,11880000.0,-13.9,-6.6,1.6173453917928484,16.877668923386896,0.04000000000000001,0.255539410630764,0.24226487092791377,0.11657070120407789
2017-02-10,13780000.0,-12.9,-7.6,1.598671380810698,17.485253032528153,0.05,0.27176501615162957,0.2563674440047208,0.11545999217652651
2017-02-11,15640000.0,-12.1,-5.3,2.070661391687473,13.010680406093782,0.0,0.20760903769995917,0.18872917601409397,0.10924428871260541
2017-02-12,16160000.0,-9.3,-2.1,1.9857528875135189,7.874649217490854,0.0,0.2245360482767503,0.20210382755520065,0.16651482572539625
2017-02-13,15960000.0,-8.8,1.2,2.7935357083036774,9.550743311673628,0.17,0.2387923770700442,0.2147485763120231,0.17060563344472865
2017-02-14,16540000.0,-8.2,-0.2,2.0104790994423922,5.602943114839558,0.0,0.20987118469467902,0.18536885448409518,0.18463106518252423
2017-02-15,16410000.0,-2.6,6.0,1.4467759978725874,5.716678071230532,0.0,0.334748455942314,0.3042843116975519,0.33526053307928405
2017-02-16,14480000.0,-1.0,8.0,5.4792469954859575,10.310971704392243,0.33,0.2887631747465363,0.26022785307605256,0.21174871478528265
2017-02-17,14260000.0,-11.6,1.5,2.374605772037828,12.169640333834211,0.020000000000000004,0.3195035333706103,0.2991350853858087,0.1891493898973683
2017-02-18,17180000.0,-9.2,-3.1,1.8175979880628568,10.783869680965239,0.0,0.29478260209869583,0.27140977057962956,0.17791969432014126
2017-02-19,14110000.0,-2.8,4.6,3.9324656862384257,12.394117221447976,0.9199999999999999,0.3547757425290731,0.32930138229989225,0.22343555204322127
2017-02-20,15120000.0,-11.9,-1.1,1.9371120575194618,12.522817303679867,0.020000000000000004,0.2984571181274798,0.2782104664519309,0.17860136096945084
2017-02-21,17430000.0,-4.8,3.7,2.6763791273575164,6.030945713889802,0.06999999999999999,0.27121603774979197,0.24136184604075997,0.23601061432253045
2017-02-22,1500000.0,-7.6,3.2,5.066355102102547,10.661155649069714,1.6100000000000003,0.0193989641013025,0.016987462212135766,0.04747094305650305
2017-02-23,15000000.0,-11.2,-2.4,2.2479544442160346,13.962462409576142,0.0,0.2738485889288348,0.25403655256687857,0.1440366675229891
2017-02-24,18140000.0,-8.4,-2.0,2.476631637177181,11.403425890779229,0.0,0.2798885746077656,0.25414697458594804,0.15763735136226137
2017-02-25,17960000.0,-6.2,1.3,3.041615643873906,7.341890737554186,0.0,0.24729862248684573,0.2187099710023174,0.18045285905821
2017-02-26,17030000.0,-4.0,2.5,3.1193541711685757,4.8906031248118795,0.0,0.22882237961892046,0.19987075215567385,0.19757321070049377
2017-02-27,12730000.0,-4.7,4.5,3.0456112041246834,4.031604901543208,0.0,0.20331999577554555,0.18115013539945238,0.20130917692789088
2017-02-28,18740000.0,-3.8,6.3,2.5859949725928786,4.028611876375024,0.0,0.26767414740353274,0.23342215679254355,0.2656661334245668
2017-03-01,15580000.0,-5.1,6.3,3.5660749938917187,7.012657969053999,0.9,0.2814923136629602,0.25366243718702897,0.23757464673144463
2017-03-02,17610000.0,-8.4,0.6,2.6586121212426232,11.18194202833365,0.0,0.30788514248326965,0.28146627917077116,0.18509307570423655
2017-03-03,19110000.0,-3.0,5.5,2.971465374351375,4.669119262366299,0.0,0.28377996673945466,0.24885170950487603,0.258635141909075
2017-03-04,18580000.0,-2.1,7.3,2.895104288774638,3.8400512907794626,0.0,0.28132817985009634,0.2457719597157138,0.27868505421011724
2017-03-05,15480000.0,-7.5,8.2,3.420458815301905,7.811795688958999,0.03,0.41254961860575784,0.3851455415405094,0.27102422366806234
2017-03-06,19930000.0,-9.1,-1.5,2.045276204947076,12.325277642579756,0.22999999999999998,0.3617652104423151,0.3336070408432671,0.1955468601711337
2017-03-07,18940000.0,-9.2,-2.9,2.2108500199172703,14.216869548871742,0.010000000000000002,0.34317051354156164,0.3172870840862143,0.16353807870872566
2017-03-08,13410000.0,-6.8,-2.6,2.837340737108095,13.821790226671517,0.1,0.28347409741820523,0.2640276418176126,0.13851009788316637
2017-03-09,20340000.0,-6.0,3.1,3.252494126728386,13.543438886030449,0.0,0.40848909606097517,0.37481845292891297,0.22151825781659817
2017-03-10,20600000.0,-3.2,5.0,2.5499257631044814,6.515815791135533,0.0,0.37030249902982637,0.3331110163422909,0.2985594748771186
2017-03-11,20040000.0,-1.7,9.0,2.691564036065618,4.510488928452571,0.0,0.3497446760391834,0.3100627002883444,0.3383264207346365
2017-03-12,19530000.0,-2.8,10.0,3.410499456663488,5.109093962089276,0.0,0.3691009001011011,0.33049040481026476,0.32773439219019485
2017-03-13,19580000.0,-4.0,6.6,3.5626270452939566,5.339556900039408,0.0,0.3027462054310319,0.2668964566849189,0.25646051165203226
2017-03-14,21420000.0,-5.5,3.9,2.696044744927709,7.856691066481752,0.0,0.3697278763954727,0.33338144667773895,0.26490225742403484
2017-03-15,21510000.0,-3.0,4.8,2.823294518713584,4.226151537475136,0.0,0.30621169324216896,0.2673772858339704,0.26596983159552556
2017-03-16,18440000.0,-3.4,5.4,3.1790710094329535,5.567026812821355,0.0,0.31475383446603955,0.2813443350206531,0.26080743355030844
2017-03-17,21610000.0,-0.9,8.1,3.037624742623397,4.121395656588713,0.0,0.3481371582622398,0.3054145364888158,0.3208552954693971
2017-03-18,16460000.0,-1.8,8.4,2.8703571524467293,4.339886493866111,0.0,0.32236777600002375,0.29013853973653114,0.31086888643312316
2017-03-19,21810000.0,-0.8,10.8,4.129850279093836,5.01930320704377,0.0,0.3812389543866884,0.3362045853300578,0.341115977374539
2017-03-20,10040000.0,-0.6,8.0,4.985307596664964,5.929182858171562,0.5900000000000001,0.2512773730790748,0.23136512107521884,0.221402111539589
2017-03-21,22050000.0,-4.9,5.2,3.730311056582657,7.386786115076939,0.0,0.3404167153566666,0.30166353514029204,0.2379724732595389
2017-03-22,19650000.0,0.1,6.8,3.417136163473639,4.483551701938921,0.0,0.34265197410199244,0.3039903330367788,0.29879732072507287
2017-03-23,16750000.0,-2.9,7.9,3.8763910226659535,5.674775718875963,0.0,0.32013468943382783,0.2881868625580374,0.27281638607328
2017-03-24,12820000.0,-0.7,6.9,5.400673390458475,3.657476755520267,0.25,0.20599912427925576,0.1810593501043026,0.1805747825617498
2017-03-25,5860000.0,-3.2,1.9,4.997701220914208,2.6997087017015393,0.6400000000000001,0.08892880258129933,0.07892917878623881,0.08279273701985426
2017-03-26,16160000.0,-4.0,4.4,4.48873215936358,6.833076458962988,0.06,0.25195027235485223,0.22349723513818462,0.17533702891244435
2017-03-27,19340000.0,-4.2,3.4,4.474650357111268,9.365175751246248,0.09000000000000001,0.2912938789333288,0.25798298232598427,0.16634836419690502
2017-03-28,19070000.0,-1.6,6.3,4.157435926339494,4.435663299247984,0.33,0.300748785946377,0.26455768238261196,0.24643222205405166
2017-03-29,11750000.0,-1.0,8.3,5.511296817648177,3.8340652404430946,0.0,0.211040254083676,0.18777362658505528,0.19202117475644537
2017-03-30,22850000.0,1.8,11.4,5.135842728474958,4.468586576098002,0.18000000000000002,0.4004093208006626,0.3509658153198735,0.3430615920014937
2017-03-31,10760000.0,-2.3,6.8,6.267240773617383,2.684743575860622,0.96,0.1438410401367595,0.12348907968531911,0.12597219406758844
2017-04-01,19010000.0,-2.2,6.0,4.719444964665913,6.560711168658286,0.15000000000000002,0.31388509632602923,0.27835205371356503,0.22073761826789506
2017-04-02,21100000.0,-0.9,7.2,3.610006118244597,9.101789536446098,0.0,0.49571141299919363,0.4545971124911407,0.3373191741635833
2017-04-03,24520000.0,1.5,11.8,3.8615581000783004,7.973419048040909,0.0,0.5903394827757328,0.5372072528714532,0.45660439044008616
2017-04-04,22860000.0,5.8,15.2,6.291916064204345,3.8789606179658476,0.020000000000000004,0.4481707333623105,0.39339280704646107,0.40761480093375957
2017-04-05,5320000.0,5.1,9.5,10.285371138252556,9.448980455955388,1.7100000000000002,0.0848504841476612,0.07311165163091315,0.042879956938263186
2017-04-06,4880000.0,2.2,10.8,9.558093316803426,5.638859416857761,0.12,0.08289824654767183,0.07236869052778469,0.0717886296386374
2017-04-07,24390000.0,5.2,17.3,8.482522079272293,4.675105312702665,0.0,0.4734393979774879,0.41394778717906966,0.4004545619257752
2017-04-08,23580000.0,5.4,17.5,8.206844136694155,6.228485374989914,0.0,0.5237925312276019,0.4660091203921449,0.43242619756299094
2017-04-09,11960000.0,2.2,14.2,6.541464676690046,9.347217600237148,0.17,0.4332913511931227,0.4062513160235647,0.354868497065437
2017-04-10,20900000.0,3.4,11.3,6.767206625424044,8.796500969291378,1.1800000000000002,0.4690950423712456,0.42291474384965655,0.31539377653398903
2017-04-11,17300000.0,1.8,11.9,5.091526406756155,11.720686558606682,0.08000000000000002,0.5984211902267423,0.560722235719359,0.404636781048253
2017-04-12,24540000.0,0.6,10.1,3.1132338224153293,9.990718011396606,0.0,0.6802363466280391,0.6290300483415359,0.4692207912474764
2017-04-13,25000000.0,5.0,13.2,5.489350127308893,9.592645664028195,0.0,0.6809078514764748,0.6230462297684318,0.4791090759500062
2017-04-14,22020000.0,6.3,13.1,7.784016181749776,10.951479090383515,0.2,0.5867859682499648,0.5350443362858729,0.37026706802473164
2017-04-15,24060000.0,6.9,17.0,8.044786019751179,6.874978811317556,0.020000000000000004,0.5788460419706338,0.5192087591204145,0.46064654976075736
2017-04-16,23750000.0,8.8,20.6,6.916673582075101,4.824756571111841,0.04000000000000001,0.6000124865305962,0.5375931274482514,0.5728406321960341
2017-04-17,4890000.0,4.7,12.2,10.624619984588332,6.435004111594578,0.34,0.10430964762127577,0.09318081239610745,0.08634644198310994
2017-04-18,21330000.0,1.7,15.5,7.136773446082685,14.073204340798931,0.82,0.7488094693847545,0.7000749952612887,0.4153435616214504
2017-04-19,25730000.0,4.6,10.9,4.514178400718867,8.006342324890928,0.0,0.6345506996144035,0.5770750867922027,0.45865614597373805
2017-04-20,11550000.0,1.9,12.5,6.017837282978038,4.1483328831023645,0.25,0.28798043919365085,0.26256502340023774,0.27651295804248444
2017-04-21,21930000.0,3.5,12.9,5.86243480976708,4.600279683498076,0.0,0.4433570977041808,0.3937761636516384,0.37223757590048445
2017-04-22,24420000.0,3.6,12.4,6.0655310592552425,4.645175061020829,0.45,0.4634127378956035,0.40849554298120194,0.3715195961328906
2017-04-23,24590000.0,3.8,15.0,6.225677428495367,5.725657146735083,0.0,0.5337803987911406,0.47643269130116545,0.43689699349399547
2017-04-24,26550000.0,5.9,15.7,7.162317361213648,6.440990161930945,0.0,0.5964383247170726,0.5323602286921265,0.46278961613111463
2017-04-25,19200000.0,5.4,16.1,9.443205437344544,6.605606546181038,0.13,0.4287265420452437,0.3824426578126211,0.3290583579839659
2017-04-26,19110000.0,1.8,13.0,4.887134354941933,8.155993583300104,0.0,0.5480502813512904,0.5057671555063246,0.4277510262933221
2017-04-27,24750000.0,2.5,11.1,4.704723569894279,8.46726820079119,0.0,0.6076674600182469,0.5538096277593885,0.42576771451213524
2017-04-28,27130000.0,4.7,15.4,6.026983322892093,9.341231549900781,0.0,0.7273814878065095,0.663078681217287,0.521080168055904
2017-04-29,27080000.0,8.4,17.6,6.124689715619015,8.308637866877465,0.0,0.7957891055241305,0.7270906029199236,0.6269450515017685
2017-04-30,26780000.0,7.2,20.0,10.279505558462375,7.829753839968101,0.0,0.6766134896316477,0.6078018527118203,0.49129588574762567
2017-05-01,26420000.0,6.4,18.7,8.070808303709528,5.596957064503191,0.0,0.6134064073697937,0.5470367446127191,0.5036784318064305
2017-05-02,23890000.0,7.6,17.7,6.836462549129147,5.201877742302966,0.0,0.589248366111617,0.529102289748541,0.514683393094586
2017-05-03,27670000.0,9.1,20.0,7.2050700089336,4.588307582825343,0.0,0.6527206849965534,0.5802176822396159,0.5848259938772811
2017-05-04,18400000.0,9.3,18.9,11.335991455331339,4.983386905025569,0.29,0.4434033950047554,0.3956301046138756,0.3702564242366594
2017-05-05,16489999.999999998,4.5,18.3,11.259521685276594,8.290679715868363,0.9800000000000001,0.40586435613248606,0.36550188007007767,0.2903072090031218
2017-05-06,24760000.0,5.3,15.0,4.665178807001199,9.915892382192018,0.0,0.8047684838873135,0.7459391327980841,0.5877466734033202
2017-05-07,27520000.0,8.1,16.5,6.261558639281385,11.166976902492731,0.0,0.904370264563895,0.8356189530349407,0.6219464817321483
2017-05-08,18340000.0,8.3,18.0,7.962479658197601,5.016310181875587,0.5,0.5009361684429565,0.454259492400748,0.452010439372335
2017-05-09,6450000.0,7.9,9.4,10.633679044151481,9.670464318400969,1.1800000000000002,0.14794247618926626,0.1331863974760114,0.08304734444192717
2017-05-10,13630000.0,7.0,12.5,10.409231044775794,7.997363249386377,0.24,0.30044931584078616,0.26838227744746274,0.19058105603322345
2017-05-11,23150000.0,12.8,18.9,12.149945857287276,7.422702417095142,0.0,0.6247604058365367,0.5625369308733673,0.45835799560518486
2017-05-12,7320000.0,8.0,16.9,11.890859835619782,5.3904383278985275,0.36000000000000004,0.22170942242698274,0.20336139687280386,0.20495274645850675
2017-05-13,25150000.0,5.9,18.9,10.424063395748568,9.882969105341997,0.1,0.6573804050294724,0.5944101577916922,0.4289125042740164
2017-05-14,28150000.0,4.3,14.3,6.844651327894372,11.819456389156738,0.0,0.7538759330672953,0.6883914706801335,0.4584938557557824
2017-05-15,27770000.0,4.6,13.7,7.971848338384393,10.002690112069338,0.0,0.6255412594039507,0.5611865196355807,0.37705661515712335
2017-05-16,20330000.0,6.2,14.3,8.604580522471764,5.495194208784951,0.04000000000000001,0.4447927776599824,0.39637113107764,0.3378594898632815
2017-05-17,20390000.0,8.2,16.3,8.835375365688158,3.708358183379387,0.04000000000000001,0.448636081875478,0.39775389425975755,0.38145916790224826
2017-05-18,27440000.0,10.4,19.2,8.4924284742601,5.884287480648809,0.0,0.7030585864313135,0.6307969971559173,0.5761551154000779
2017-05-19,28060000.0,9.9,21.3,7.95312069466447,6.910895113335759,0.0,0.7973822427427663,0.7223212094717392,0.6715475997326187
2017-05-20,23540000.0,11.0,21.0,9.334921536291851,3.8011419635930763,0.0,0.5779788313295083,0.5145269694960917,0.5225647999284723
2017-05-21,25410000.0,10.5,20.5,9.713192108887592,4.300977166679725,0.0,0.6086522055227399,0.5408108665909255,0.5247498168389328
2017-05-22,27290000.0,10.7,21.8,10.432971735946031,3.364160289038282,0.0,0.6108626552085191,0.5369564867165135,0.5324033164157665
2017-05-23,18340000.0,11.0,18.7,11.840957965642705,4.127381706925081,0.08000000000000002,0.44106682691602667,0.3927214293714568,0.36852176136405046
2017-05-24,18790000.0,9.4,18.6,11.581169110822826,3.9507932220022526,0.18000000000000002,0.42647281346038685,0.3777873952634515,0.35467047607506974
2017-05-25,29020000.0,4.0,19.7,8.037701893593809,10.12241111879668,0.0,0.9793688212283176,0.9076000244905614,0.5735114193627047
2017-05-26,29090000.0,5.6,14.6,6.951896742714726,7.790844512781715,0.0,0.6817371778733842,0.6127042864469427,0.47321670998783893
2017-05-27,28890000.0,8.6,18.1,8.76123988838807,4.525454054293489,0.0,0.6291832421538194,0.5553413048502073,0.5062950630409736
2017-05-28,28190000.0,12.4,22.5,10.329457012650575,9.011998781400592,0.0,0.9008745605871085,0.8228475362407437,0.6985974429998357
2017-05-29,28430000.0,13.8,24.6,10.992329129422147,6.985720742540346,0.0,0.8655974314681499,0.7845307006510325,0.7347358079513192
2017-05-30,20710000.0,12.9,22.8,10.435942671904902,4.274039940166073,0.0,0.5878775405556129,0.5301511618889279,0.5479982409748889
2017-05-31,18580000.0,12.4,22.0,14.079679145462508,3.9058978444794996,0.79,0.4654067407878976,0.41420737363902804,0.3992477505437154
2017-06-01,22960000.0,8.7,20.4,11.406489797301875,7.901586444004505,0.27,0.6138523502189738,0.5536908416067843,0.4645724146590938
2017-06-02,29290000.0,9.1,19.5,7.098608420386639,6.874978811317556,0.03,0.7998440803494343,0.7234842033449156,0.6502031908348723
2017-06-03,28460000.0,8.3,18.0,7.841567890361778,7.5065071218042805,0.0,0.7518245874403613,0.6793917520989623,0.5683241319443841
2017-06-04,29620000.0,9.9,19.5,7.09015182315884,5.872315379976074,0.0,0.7704792028232549,0.6926324063592947,0.6444108777441547
2017-06-05,26330000.0,10.4,21.3,8.632193319354977,5.57899891349409,0.0,0.7116546992243868,0.6408838959509419,0.6160267865437032
2017-06-06,5000000.0,10.7,13.7,11.807792474355399,11.609944627383891,0.9800000000000001,0.25943167987952903,0.2469683672987176,0.18587620878558425
2017-06-07,8980000.0,8.3,15.6,12.993222368436426,11.451314293470165,0.41,0.2306364248068739,0.20837778806560334,0.14218768552317693
2017-06-08,28860000.0,11.0,19.4,9.898830230832008,6.845048559635721,0.0,0.7491808248984324,0.6725767288172297,0.5678602632233136
2017-06-09,27430000.0,12.5,21.4,11.79785877342432,9.356196675741698,0.020000000000000004,0.829846048967758,0.7545986522854919,0.5977479238935718
2017-06-10,15650000.0,12.5,21.6,15.026766740255969,6.159645796121694,0.0,0.44178263728350026,0.3987731795529433,0.35828475683990496
2017-06-11,24890000.0,10.1,21.9,11.5389030137868,5.884287480648809,0.010000000000000002,0.6419535774224302,0.5748628025271991,0.5249935386083058
2017-06-12,21440000.0,9.5,18.2,10.749017119776989,4.836728671784575,0.03,0.5063778797957296,0.45099868699869183,0.4053326933319072
2017-06-13,17810000.0,9.1,17.5,11.199305408423841,3.1277113007517836,0.26,0.3867691730427907,0.34129579107076913,0.3254122034980861
2017-06-14,24720000.0,10.8,19.5,10.37075386541891,6.964769566363062,0.0,0.6754255654018483,0.609874695957081,0.5211969412410287
2017-06-15,29290000.0,13.0,22.2,10.890109222211365,6.5038436904628,0.0,0.8074204951686097,0.7261341756018013,0.6485805700152776
2017-06-16,26910000.0,11.2,24.8,13.52127163600087,2.547064418124179,0.020000000000000004,0.6182651480324222,0.543062138787749,0.5197321753965843
2017-06-17,26800000.0,13.3,24.8,12.605657212263296,3.1965508796200046,0.020000000000000004,0.6484599076857616,0.5722285254402324,0.5741095280078623
2017-06-18,29530000.0,14.3,26.1,11.607246659404854,4.549398255638957,0.0,0.7924504262117688,0.7068934856119073,0.7106332799885771
2017-06-19,26400000.0,14.2,26.0,12.279626193393783,3.708358183379387,0.0,0.6907909057945533,0.6144218402092729,0.6302807593542443
2017-06-20,19430000.0,13.6,21.6,13.682565572602874,5.806468826276038,0.04000000000000001,0.5544083459775352,0.500485737948068,0.4543012652924987
2017-06-21,21410000.0,12.7,23.2,13.891333965510233,4.773875143252721,0.05,0.5653153202899928,0.5055343058949955,0.4798236298546583
2017-06-22,25260000.0,15.0,24.8,12.630237758210827,4.615244809338995,0.0,0.7029601128548235,0.6301182705693097,0.62230944736199
2017-06-23,19930000.0,15.9,24.7,14.598262749040504,3.669448856193001,0.04000000000000001,0.5567398288596583,0.49890703061288777,0.5030962649129664
2017-06-24,22860000.0,13.7,24.3,15.474672427794577,4.9295124519982645,0.17,0.6000340057768703,0.535063240358135,0.49587519587709583
2017-06-25,17520000.0,14.7,21.8,17.251169504766178,3.3821184400473827,1.6100000000000003,0.4178775721848707,0.36870563353113506,0.33534404779017113
2017-06-26,13750000.0,14.3,18.7,17.404258393505515,6.662474024376526,0.7000000000000001,0.3205478636989282,0.2831371364343052,0.2058929068632863
2017-06-27,18910000.0,13.6,20.8,16.79896347989134,4.175270109616017,0.19,0.4316279486598648,0.3795192278425816,0.3230458183460808
2017-06-28,22980000.0,15.2,24.4,16.74486343381145,4.1064305307477955,0.03,0.5847965197059496,0.5186343333783446,0.47894634198601427
2017-06-29,18400000.0,15.0,21.8,16.8577447864687,4.022625826038658,0.06999999999999999,0.4551728586362297,0.40339931763477627,0.3616770700285715
2017-06-30,19200000.0,17.3,23.3,19.153306481817424,5.911224707162461,0.34,0.5274451845142424,0.4717306974927677,0.3945115822251365
2017-07-01,9380000.0,18.5,21.4,21.358986954303713,7.4556256939451595,0.68,0.2774429925395993,0.2503726908612312,0.1949545305376681
2017-07-02,9400000.0,18.5,21.8,22.266941068738355,10.700064976256101,2.02,0.2761309807043546,0.24891769872489755,0.16633841700832122
2017-07-03,9050000.0,18.3,21.5,21.740829594872274,8.251770388681976,1.75,0.26064020988923364,0.2345428752620009,0.17359638428566315
2017-07-04,9050000.0,17.9,20.7,21.80315622203419,4.360837670043395,0.77,0.21560313653975544,0.1897554614403087,0.1533028529763242
2017-07-05,21110000.0,17.0,25.7,19.921102018526962,2.7655552554015768,0.06999999999999999,0.5231811575904171,0.46094291234182566,0.4308474421564389
2017-07-06,14130000.0,17.9,24.5,20.972056916081904,4.582321532488976,1.31,0.399305095776393,0.3577383718789874,0.3251980763829582
2017-07-07,9200000.0,19.2,23.4,22.534148570033683,7.21917670565866,0.45,0.30104733484656804,0.27394318057043854,0.2303500234261361
2017-07-08,10190000.0,18.7,22.5,22.29006595033471,5.665796643371412,0.8900000000000001,0.28226697105522625,0.2525607303288001,0.20859486712166989
2017-07-09,19390000.0,19.7,25.8,22.792358643380602,5.788510675266937,0.6000000000000001,0.5522901476617184,0.4939673063616074,0.41333516681003984
2017-07-10,9470000.0,17.7,22.5,22.645332764355537,11.55607017435659,1.9600000000000002,0.25935297949469444,0.2319584699836109,0.14912891739750517
2017-07-11,18720000.0,17.7,24.3,20.575093026010407,5.746608322912367,0.010000000000000002,0.5106915598241896,0.45578659363098,0.3821279881213563
2017-07-12,26280000.0,16.8,26.4,19.53647706228169,4.043577002215941,0.0,0.6636465941347871,0.5858807961501349,0.5255612706007884
2017-07-13,27900000.0,18.4,26.3,18.421345478318635,4.725986740561785,0.0,0.7509426224027849,0.6674900714936465,0.6017988252798114
2017-07-14,20810000.0,19.2,26.7,22.209220662489166,5.001345056034669,0.26,0.5834436844652425,0.5206770720851809,0.45684444232482824
2017-07-15,7460000.0,19.6,21.9,22.786461617746554,8.126063331618269,1.1300000000000001,0.23595418574536547,0.21415676077639018,0.16665083733753516
2017-07-16,15810000.0,19.2,24.9,21.962511804514293,6.973748641867613,0.020000000000000004,0.48475217774304047,0.43766332658394774,0.3647615875191514
2017-07-17,12380000.0,18.6,24.6,22.036844066368026,6.8181113331220695,0.79,0.3886446653622344,0.35201070116702915,0.30218327265992634
2017-07-18,11710000.0,19.4,23.3,22.29006595033471,4.962435728848284,0.16000000000000003,0.33380186308061544,0.29927747407725175,0.2607612708479567
2017-07-19,23710000.0,19.7,28.2,22.238064482612195,3.690400032370286,0.010000000000000002,0.6435827446568816,0.5711056222111328,0.5253340433257495
2017-07-20,23610000.0,20.5,27.1,22.892812505161043,4.851693797625493,0.010000000000000002,0.6579719991311034,0.585942428758311,0.5082317471121318
2017-07-21,21690000.0,20.7,27.3,23.8022104573165,6.195562098139896,0.05,0.6400089684464559,0.5736633190651276,0.48143454463391466
2017-07-22,19610000.0,20.5,27.3,23.37678229653576,5.103107911752909,0.0,0.5745315569253342,0.5146265940623913,0.4558506604241205
2017-07-23,10740000.0,21.0,24.4,25.228741085636965,6.809132257617518,0.27,0.320340678572993,0.2880583800455483,0.2297991625205717
2017-07-24,15770000.0,20.9,25.7,25.70964923671587,5.7615734487532855,0.65,0.4363564675021321,0.3885646015952102,0.3102916340486302
2017-07-25,11150000.0,16.8,23.9,21.701248415136295,6.488878564621881,1.08,0.3106706738220939,0.27829057611368246,0.23579452502143536
2017-07-26,20880000.0,15.5,24.5,16.80347872845541,5.686747819548697,0.04000000000000001,0.5853751594925438,0.5250688655128354,0.4788377472198036
2017-07-27,26740000.0,18.1,26.5,19.35683668845241,2.5141411412741608,0.0,0.6453359614502928,0.5654095303488671,0.531503124281986
2017-07-28,19940000.0,20.0,26.8,23.142654437928964,3.316271886347345,0.29,0.528205873397259,0.46769527886990936,0.425638998451643
2017-07-29,12090000.0,18.1,23.4,22.376971477830946,4.450628425088901,1.09,0.3114365076545004,0.27611065405196544,0.2376830070821044
2017-07-30,15240000.0,18.8,25.2,22.417628724567297,3.214509030629106,1.2300000000000002,0.3977214678682902,0.3523627825061126,0.3251353272375666
2017-07-31,4770000.0,18.7,21.6,22.92835914278157,3.6514907051838996,1.8399999999999999,0.12460286046237516,0.11079356737279969,0.11000229223711873
2017-08-01,16610000.0,19.4,25.3,23.292499199980263,2.430336436565022,0.35000000000000003,0.41410354306750136,0.36442085953342296,0.3348420739061907
2017-08-02,16510000.000000002,18.5,24.7,22.786461617746554,3.9717443981795366,0.5700000000000001,0.4165937164295415,0.36773856708682423,0.3181834654574542
2017-08-03,26220000.0,19.4,26.6,20.813563556286116,7.662144430549823,0.0,0.7774365568590472,0.6982982998629276,0.5720144710092384
2017-08-04,21460000.0,20.4,26.6,22.91650490373455,4.573342456984426,0.08000000000000002,0.5886420265311854,0.5234315742383061,0.4597587511870511
2017-08-05,22550000.0,21.0,27.4,23.69827469975798,4.372809770716129,0.06999999999999999,0.6206371338346656,0.5514816201388453,0.48636293431951366
2017-08-06,23190000.0,20.4,28.1,22.963954043593404,4.902575225484614,0.54,0.656785226797757,0.5856210882514686,0.5235538512787427
2017-08-07,23250000.0,18.7,25.8,22.10565372616794,6.357185457221806,0.2,0.6230526911841039,0.5536070708963138,0.44794959787335564
2017-08-08,20210000.0,19.3,25.5,20.37106960482212,3.657476755520267,0.82,0.5356228604255828,0.47512954270129226,0.4425401894880472
2017-08-09,7980000.0,19.0,23.3,23.02933689602506,4.669119262366299,0.6000000000000001,0.2281829139899793,0.20472533444904345,0.18664934871511418
2017-08-10,17900000.0,19.1,24.8,21.962511804514293,4.486544727107104,0.37000000000000005,0.4718765542316551,0.4186391267889312,0.3663996317005221
2017-08-11,18400000.0,16.7,24.4,20.20594354033756,3.723323309220304,0.30000000000000004,0.449654090877449,0.39605482498133104,0.3585828587696219
2017-08-12,17430000.0,16.1,24.6,18.931590738048598,4.202207336129669,0.05,0.4513880030047135,0.4007705049726408,0.3761203254972929
2017-08-13,7110000.0,16.7,19.6,18.563773205557858,11.750616810288518,5.19,0.27761935239979735,0.25769837204270735,0.18904044737397735
2017-08-14,4910000.0,16.3,18.3,18.51946859413317,8.802487019627748,2.9800000000000004,0.16170396486798633,0.14814971607997576,0.11904439617135268
2017-08-15,5240000.0,17.9,19.4,21.437118233025025,4.040583977047758,0.7200000000000001,0.12174412811907728,0.10693773896136585,0.09238295715759601
2017-08-16,15170000.0,18.2,23.1,22.002509563165052,2.9002413879698357,0.76,0.35514480755623157,0.31088690646926326,0.2772684012352622
2017-08-17,15900000.0,18.1,22.2,20.92822944854811,3.2055299551245544,0.27999999999999997,0.3712308941296245,0.3251999171643728,0.28717446724614504
2017-08-18,19260000.0,17.0,23.3,19.474722280954957,2.8523529852788987,0.15000000000000002,0.44441928151015775,0.3886610037522491,0.3581943171942912
2017-08-19,12180000.0,17.2,22.0,20.51047219011438,5.11208698725746,1.42,0.3088482498913997,0.27389222689165343,0.2338269274714535
2017-08-20,10360000.0,18.2,20.6,21.605385097712528,9.242461719350723,0.43,0.2581924325731791,0.22855527763838274,0.15065149695863084
2017-08-21,11890000.0,18.5,22.8,21.656090003704136,6.1297155444398586,0.9199999999999999,0.3273188492632063,0.29263022408693395,0.24488220350118733
2017-08-22,17250000.0,20.4,24.4,23.3225697506733,6.228485374989914,0.24,0.4709930266784772,0.41935969017456765,0.3389584760860206
2017-08-23,17420000.0,21.0,25.4,24.321646903249356,9.326266424059863,0.2,0.5343391536428127,0.4816181443564056,0.36109515221306543
2017-08-24,15470000.0,18.3,23.7,23.443191693684568,9.933850533201117,1.1400000000000001,0.38977569223736536,0.34440283823047685,0.22763394338065007
2017-08-25,20020000.0,14.1,25.0,15.724276112308525,5.872315379976074,0.010000000000000002,0.5591585611502569,0.5017481682100493,0.486834253627217
2017-08-26,25440000.0,12.8,22.0,10.745967856031232,5.441319755757648,0.0,0.6526289895728616,0.5822759900117322,0.570686183321188
2017-08-27,24270000.0,15.0,23.4,14.718434962555547,3.118732225247233,0.0,0.5463450297206889,0.47714033197424344,0.4722665399673323
2017-08-28,16170000.000000002,13.7,23.1,19.163438288354854,7.77887241210898,0.35000000000000003,0.3846971030987239,0.33919829016429454,0.27189388501144807
2017-08-29,23560000.0,11.4,20.4,10.03005567860972,6.539759992481001,0.03,0.6338572914597943,0.5704716295793715,0.5365379524543176
2017-08-30,6450000.0,12.1,15.5,11.332796114883497,5.950134034348847,0.0,0.27296098188582707,0.2563180644105595,0.25550577695919185
2017-08-31,24690000.0,10.9,19.9,12.038307368087088,5.237794044321168,0.0,0.541836380074493,0.47604485781580347,0.4344616458048839
2017-09-01,22840000.0,11.4,20.2,12.024836924233119,4.89958220031643,0.0,0.5173188207866151,0.4559869860925071,0.4315897433289564
2017-09-02,20260000.0,11.9,19.5,12.493823758361803,3.690400032370286,0.0,0.4359769361496359,0.38167695502367494,0.37282285894890954
2017-09-03,23590000.0,11.4,20.6,12.317391665967381,4.244109688484238,0.0,0.5072361732602761,0.44364953686901465,0.4282558083916861
2017-09-04,21940000.0,14.0,20.3,13.70142993849589,5.216842868143884,0.0,0.5182813912021014,0.45787726016126146,0.41923329018240346
2017-09-05,3730000.0,15.7,17.0,16.925793438628684,3.28634163466551,0.5,0.10719071413733847,0.09707037083393384,0.1155733775299086
2017-09-06,5700000.0,13.0,19.4,16.458902519949117,3.376132389711016,1.7600000000000002,0.15335361221298668,0.1379314239012996,0.15008236393596625
2017-09-07,15580000.0,13.2,20.2,15.420144861589236,6.012987562880701,0.0,0.3804343303341721,0.33788844409692015,0.3000063471651596
2017-09-08,22420000.0,13.8,21.0,14.15331218321138,3.8909327186385823,0.0,0.4846009218611731,0.4225995755498319,0.4053380444684976
2017-09-09,17690000.0,15.4,22.4,15.805405481357644,3.3462021380291804,0.0,0.41419673826184145,0.36400264330687154,0.36617256840807266
2017-09-10,14730000.0,15.6,21.4,16.18160248412118,6.683425200553811,2.34,0.4265978353428904,0.38508078931652284,0.3506265111360351
2017-09-11,4950000.0,12.7,18.4,16.74486343381145,6.099785292758024,1.02,0.1307335161741566,0.11750491331400459,0.1118790766138491
2017-09-12,21300000.0,11.3,21.2,13.01485705187935,7.590311826513418,0.0,0.5430962442646451,0.48541205998909664,0.4336816863348152
2017-09-13,23190000.0,10.5,19.4,10.305923884159435,5.695726895053248,0.0,0.5361266500460583,0.47487490569112756,0.4582421199348211
2017-09-14,22050000.0,12.3,19.8,12.892677891799975,7.835739890304468,0.0,0.5517071957804435,0.4922155204869797,0.41887385987719783
2017-09-15,16670000.000000002,11.8,17.5,11.441883404144436,13.821790226671517,0.0,0.6264692921188919,0.582701364943129,0.40832268241647507
2017-09-16,14850000.0,13.2,17.0,13.461683142963226,11.37948168943376,0.010000000000000002,0.45318111034444974,0.41384152189000434,0.2996484704269785
2017-09-17,15180000.0,12.1,19.7,15.336585552618484,6.803146207281151,0.010000000000000002,0.3462110125326335,0.30537084498828626,0.26284908219824576
2017-09-18,19470000.0,12.3,19.4,13.79989343408502,6.162638821289878,0.0,0.43703188703604284,0.3846996599287898,0.34188855827275483
2017-09-19,16100000.000000002,12.9,20.0,16.22096410596984,9.472924657300855,0.41,0.38455591894310936,0.3407918298421249,0.26001047212286477
2017-09-20,16550000.0,8.3,17.1,9.907342079036901,5.959113109853397,0.0,0.3930572500044468,0.3513448901532261,0.3415312594722666
2017-09-21,20190000.0,10.1,18.4,11.278596448520005,4.309956242184276,0.0,0.40469812311304354,0.3521158906535531,0.3517411587315627
2017-09-22,20020000.0,10.1,19.4,11.326407811431276,3.9807234736840877,0.0,0.40374829791074307,0.3510794153291327,0.36441102793850755
2017-09-23,17220000.0,11.8,20.3,10.46867216462715,3.2893346598336937,0.0,0.38575496918671287,0.33929480371943643,0.3838443960063249
2017-09-24,15790000.0,13.4,20.8,15.253423912085564,3.80413498876126,0.010000000000000002,0.339491703106022,0.2960584463124535,0.2980480053527613
2017-09-25,19900000.0,14.6,22.0,15.121188417040639,5.291668497348472,0.0,0.466009191454874,0.4101099271728903,0.39716999515835605
2017-09-26,18660000.0,13.1,21.3,13.975621559708687,6.746278729085665,4.34,0.4716498328870851,0.42023001636405455,0.39726791819807855
2017-09-27,2040000.0,12.6,14.6,14.626225603529038,4.821763545943658,0.63,0.056114153801280084,0.0508723412801282,0.07999743147921941
2017-09-28,17450000.0,6.6,18.1,9.674210988922733,10.086494816778478,0.010000000000000002,0.4907402563397681,0.4470976235702965,0.391614312211058
2017-09-29,18830000.0,6.6,14.2,6.859002543065704,4.268053889829706,0.0,0.36744334476024776,0.32243094404620587,0.34660347863425683
2017-09-30,19820000.0,10.4,19.4,7.504034016209714,3.9058978444794996,0.0,0.43729739186406524,0.38499869219214344,0.45515616084809263
2017-10-01,3900000.0,12.4,14.5,13.446822121532302,8.443323999445724,3.5500000000000003,0.168425622474037,0.1584361742048971,0.1416229669716374
2017-10-02,5270000.0,12.1,18.1,15.94718760055604,3.8879396934703987,0.03,0.12287463567385563,0.1089137177509649,0.11916898161847736
2017-10-03,16190000.000000002,10.6,18.6,12.690108876233227,4.369816745547945,0.09000000000000001,0.3199798719881276,0.2775148901087239,0.2844211520885266
2017-10-04,9800000.0,9.7,14.5,10.958162396273227,7.009664943885814,0.06999999999999999,0.26638432539924245,0.24201091808987368,0.2243536788370883
2017-10-05,10350000.0,9.3,13.7,10.651817565550633,8.548079880332146,0.52,0.28610314062626785,0.2607109093419748,0.22116592928862766
2017-10-06,3500000.0,10.2,13.8,13.369038008637,3.340216087692813,0.18000000000000002,0.07605489929858603,0.0673696827632359,0.07980872908617757
2017-10-07,11600000.0,11.8,17.7,14.39594629804627,4.728979765729969,0.010000000000000002,0.23285599751764133,0.20233856305477022,0.19907516224232316
2017-10-08,14430000.0,12.5,20.8,14.060358040746396,2.582980720142382,0.0,0.2790121595452816,0.2396427734544019,0.2713211312712806
2017-10-09,17050000.0,13.5,21.5,14.83542614864534,3.23546020680639,0.0,0.33309493199020174,0.2858605830991363,0.3102367438584913
2017-10-10,15120000.0,14.4,20.9,16.472210616982085,5.282689421843921,0.010000000000000002,0.32623282642939705,0.2842346105925192,0.27614510477997617
2017-10-11,3160000.0,6.3,15.1,11.199305408423841,7.003678893549448,0.06,0.12563521560446683,0.11802673323488284,0.13987845108563465
2017-10-12,1900000.0,2.4,9.6,7.920440716174468,4.968421779184651,1.2300000000000002,0.07362456129605828,0.06958341831996487,0.10586432276789548
2017-10-13,17690000.0,4.5,11.0,6.186230840426046,7.470590819786078,0.0,0.3778451071012836,0.3383292271625066,0.3112325025713121
2017-10-14,16629999.999999998,6.6,13.3,6.608676487365187,5.270717321171187,0.03,0.3469923075707624,0.3076731175884915,0.3340546290607555
2017-10-15,4990000.0,8.1,10.3,9.082121390166124,8.718682314918608,0.09000000000000001,0.21446037773815602,0.20288172299408877,0.17613215050962425
2017-10-16,5080000.0,6.2,11.3,9.437765070598502,4.669119262366299,0.0,0.1292934826979146,0.11764141355458291,0.12960384251424745
2017-10-17,13380000.0,7.6,14.3,9.372695770995634,7.24312090700413,0.0,0.3073668794969524,0.2749594896973352,0.26460219340844043
2017-10-18,7910000.0,6.9,12.1,8.784188532885674,7.934509720854525,0.03,0.24964719018403816,0.23115335204943052,0.21483430384133123
2017-10-19,11390000.0,6.8,13.5,9.924385119123631,4.761903042579988,0.020000000000000004,0.2004857781631019,0.17342332626866233,0.18592881651698873
2017-10-20,14420000.0,6.8,14.5,9.095274627515115,5.16296841511658,0.0,0.2656507207062833,0.23097244538327993,0.2516116450805162
2017-10-21,16100000.000000002,6.6,14.1,8.773982600443192,7.862677116818118,0.0,0.33649522214538446,0.2980553179231916,0.28244659180987786
2017-10-22,15180000.0,2.6,14.2,7.9859195963191105,10.604288170874229,0.0,0.3437527020173401,0.30925087803288254,0.2780731609808966
2017-10-23,15760000.0,4.2,12.0,6.676497812216812,3.630539529006615,0.0,0.23384086313844077,0.19830408947467656,0.24233161717892834
2017-10-24,9600000.0,3.4,10.1,7.354301718408231,3.594623226988413,0.08000000000000002,0.15607387195441375,0.13521292028340384,0.16169834312526415
2017-10-25,15850000.0,4.5,12.5,7.107073924426341,3.3701463393746485,0.0,0.22216730526022146,0.18604799077342662,0.23313295547187934
2017-10-26,12950000.0,7.9,14.4,8.223688959498979,2.448294587574123,0.0,0.20222436981641806,0.17071066784655384,0.22546039521074368
2017-10-27,13230000.0,7.6,15.3,8.702833344072198,4.902575225484614,0.0,0.2670249033489952,0.2346044400176511,0.2771712549686212
2017-10-28,12200000.0,8.0,15.2,10.403303309606557,5.7615734487532855,0.0,0.2347615689767723,0.20476169844923583,0.22360535889857527
2017-10-29,12490000.0,-3.6,11.3,5.044420661433412,14.57902559422195,0.0,0.5562711109767324,0.5313817155013607,0.3050376859470157
2017-10-30,15550000.0,-0.9,5.6,3.6274791539739852,7.742956110090778,0.0,0.3061413729192176,0.2766305359807516,0.2573433735892756
2017-10-31,15150000.0,1.7,9.8,4.887134354941933,4.531440104629857,0.0,0.23746472564198667,0.20547607894852077,0.253423816140358
2017-11-01,12600000.0,3.8,10.2,7.633866885291769,4.998352030866486,0.0,0.18060358569344664,0.15303116447738588,0.1730042834110566
2017-11-02,10930000.0,4.1,12.8,8.884246253469781,3.666455831024818,0.0,0.14843002504065192,0.12355514385229009,0.1590335992026613
2017-11-03,10700000.0,-2.4,12.5,6.652490978672161,11.645860929402096,0.17,0.3320423556415427,0.30991509877844503,0.2328181805306902
2017-11-04,13440000.0,-2.1,6.4,4.750492793125427,5.444312780925832,0.0,0.18017143569595043,0.1548358727701368,0.17651173675857104
2017-11-05,14470000.0,0.6,9.8,4.359274170170581,3.606595327661147,0.0,0.20040880779272388,0.17035007433475863,0.2375769891344163
2017-11-06,13790000.0,3.6,12.8,6.883666478411396,5.926189833003379,0.0,0.2486216844797014,0.21744425262450032,0.2587514089440389
2017-11-07,11430000.0,7.6,14.9,11.101666053258944,6.273380752512667,0.05,0.18670954413444713,0.15882971176766075,0.17624102409525214
2017-11-08,12600000.0,-0.7,11.2,5.557126651128682,10.13139019430123,0.0,0.3130833154173923,0.28686994416907463,0.2756800726475996
2017-11-09,13420000.0,3.8,12.1,4.911515759134083,3.738288435061222,0.0,0.22057594774755138,0.19043660016880212,0.272474364438135
2017-11-10,10180000.0,-2.5,12.4,7.022818725722589,15.928879945072719,0.1,0.3419071253491598,0.3209187167983921,0.2138873804737685
2017-11-11,13600000.0,-3.2,3.8,3.7615403888431183,6.1746109219626115,0.0,0.18679983610499928,0.16276733795946685,0.17696591933373534
2017-11-12,12630000.0,-1.3,8.0,3.0316471160704888,3.9298420458249685,0.0,0.19958780973552354,0.17481792029710425,0.2458033911872875
2017-11-13,9250000.0,-0.2,8.2,5.6705777048648836,6.731313603244747,0.0,0.18031244591590645,0.16179219591304916,0.17905452282286285
2017-11-14,12630000.0,-1.5,6.5,4.0920226785060665,11.286697909220072,0.0,0.3342928889318525,0.31020327380103263,0.2518491068185713
2017-11-15,9190000.0,-6.3,2.3,3.7243318637052942,11.690756306924849,0.010000000000000002,0.19974232840603873,0.1848510408241883,0.14194681465067477
2017-11-16,12630000.0,-3.8,2.7,2.761306670430827,4.268053889829706,0.0,0.1603195423502461,0.13868681479516443,0.18064554930097196
2017-11-17,9960000.0,-8.3,8.0,3.318779868509582,8.239798288009244,0.09000000000000001,0.34782331234864444,0.33050933975326025,0.24535106659268044
2017-11-18,12930000.0,-9.7,-3.6,2.0347811523422257,15.366191213454215,0.0,0.2854817554682708,0.26828584528873656,0.14986028348357155
2017-11-19,11460000.0,-7.0,-2.4,2.8270341185139998,10.807813882310707,0.0,0.18624373355739482,0.169625062328253,0.12414442172236888
2017-11-20,12410000.0,-5.5,0.8,3.461674706985369,7.722004933913493,0.0,0.15540455083359575,0.1355716062053374,0.1329484192946479
2017-11-21,12360000.0,-3.6,4.1,3.6544169521675953,3.8191001146021772,0.010000000000000002,0.1253876334879334,0.10358580941604337,0.1518254066167715
2017-11-22,7240000.0,-6.6,4.9,4.406213893303036,10.867674385674379,0.04000000000000001,0.1573173623021684,0.14505530466771327,0.1371387550022607
2017-11-23,9270000.0,-5.9,-1.2,3.3807757006720913,10.23315305001947,0.27999999999999997,0.15506488566628465,0.14095374680555045,0.11020016989284812
2017-11-24,8940000.0,-6.5,-0.2,3.343673155743308,9.739303897269188,0.18000000000000002,0.15738450598097048,0.14366298452186282,0.11952646153173477
2017-11-25,11090000.0,-2.9,4.3,5.031924485132525,9.380140877087165,0.0,0.14558386641819343,0.12570346199730387,0.12216137406815786
2017-11-26,8070000.0,-4.9,5.7,4.766828041494909,5.674775718875963,0.09000000000000001,0.10679239832768697,0.09248039132179874,0.1252739353275118
2017-11-27,11620000.0,0.6,7.1,5.696646004481906,5.279696396675738,0.0,0.13606543305783397,0.11290972645864913,0.15250891273590267
2017-11-28,6470000.0,1.8,7.1,7.187941982833123,6.1297155444398586,0.0,0.09242746377687236,0.0792904347807632,0.0955765806014666
2017-11-29,8450000.0,-7.5,3.4,2.201097997545306,8.81445912030048,0.0,0.26392483703394587,0.2502594926453829,0.23403382285927382
2017-11-30,10990000.0,-9.4,-2.8,1.784415253530836,14.225848624376292,0.0,0.30743315748407707,0.2924479253845627,0.17768519894534038
2017-12-01,11690000.0,-8.5,-4.0,2.1698527636583798,7.742956110090778,0.0,0.14897017664304965,0.13313792072210445,0.12459610918120587
2017-12-02,10550000.0,-4.9,1.3,3.2514347095002303,4.235130612979687,0.0,0.10683887818027811,0.0896096499557116,0.12770915255160656
2017-12-03,7120000.0,-2.9,4.6,5.251370979891756,5.803475801107854,0.05,0.0892671305882928,0.07643532570778094,0.09933051124345811
2017-12-04,9530000.0,-12.4,-1.6,2.4296338042571866,13.729006446457827,0.03,0.1803612266420331,0.1678895771962708,0.12132421770262469
2017-12-05,11180000.0,-11.3,-5.8,2.1309884186550123,9.251440794855275,0.0,0.12151542096640608,0.10792067354005079,0.091055117366065
2017-12-06,8000000.0,-4.7,0.2,3.5891371165068544,6.243450500830832,0.06999999999999999,0.11332677194244511,0.10049083676205073,0.11214431633480348
2017-12-07,3990000.0,-10.8,0.0,3.014767238253636,9.17960819081887,0.13,0.11511647517788637,0.10950389288635216,0.104388023645503
2017-12-08,10930000.0,-9.9,-4.5,2.422286112258869,10.709044051760651,0.03,0.13947733431279724,0.12530571970762458,0.09755857916789401
2017-12-09,3460000.0,-4.2,-1.1,4.235814852629874,5.2108568178075165,0.1,0.0595773913114761,0.05411365994901929,0.0613028458904486
2017-12-10,6320000.0,-11.2,1.5,3.6756223974791773,13.57636216288047,0.22000000000000003,0.10188479379727947,0.09277893627629807,0.08652577075225733
2017-12-11,8640000.0,-14.2,-7.3,1.7414174336688213,15.671479780608935,0.020000000000000004,0.17355420386726012,0.16414468141514202,0.09082023661511411
2017-12-12,10670000.0,-13.7,-9.1,1.6014883480800426,14.525151141194646,0.0,0.16393271205232593,0.15269991631812552,0.08638107184399633
2017-12-13,11190000.0,-14.0,-7.1,1.0626076628050667,9.67345734356915,0.0,0.18657959816349656,0.17426663513503812,0.13559739337279014
2017-12-14,9280000.0,-7.9,-0.0,0.6257169880554677,2.681750550692438,0.0,0.11594960453706445,0.10205671003354255,0.16840074847529732
2017-12-15,9280000.0,-8.2,-1.1,1.6576027487896317,8.661814836723119,0.1,0.2331769775363302,0.2196906855537502,0.19498857437575828
2017-12-16,8260000.0,-13.8,-6.9,1.7900116836813524,13.052582758448352,0.05,0.15154752281143097,0.1423649181597502,0.09131245114858985
2017-12-17,9890000.0,-12.4,-6.9,2.11865452515102,9.53577818583271,0.0,0.09746852104546135,0.0860773135394939,0.07249737008970752
2017-12-18,5850000.0,-7.8,-1.8,3.529449135858651,10.625239347051512,0.11000000000000001,0.09322289030788693,0.0847759944341572,0.07032813187205661
2017-12-19,9440000.0,-10.8,-6.5,2.082033528138315,10.727002202769752,0.0,0.1360444401582313,0.12462114530056581,0.0920514437434515
2017-12-20,10680000.0,-8.5,-1.3,2.874152120395653,5.453291856430381,0.1,0.08915123502064269,0.07379672406964873,0.1001270237413853
2017-12-21,10810000.0,-9.1,-0.9,2.4708167287093907,6.237464450494466,0.0,0.12030012165228281,0.10482593786493404,0.12697522399626132
2017-12-22,9860000.0,-4.9,1.0,4.118077631375221,6.198555123308079,0.0,0.08512924337933178,0.06912094994944715,0.0909998155956526
2017-12-23,9930000.0,-2.2,5.4,4.676864957737076,4.857679847961861,0.06,0.10910745915762476,0.09073630991422457,0.13697464853255434
2017-12-24,1430000.0,-10.3,3.8,4.4298513165455145,14.195918372694457,1.5300000000000002,0.07047634460675231,0.06827249005163182,0.08143527992848493
2017-12-25,10720000.0,-9.0,-4.8,2.673707362004381,12.672468562089042,0.06,0.1367568899783283,0.1226629528636322,0.08527792474908648
2017-12-26,6900000.0,-13.5,-3.8,1.9231266566549894,17.293699421764405,0.010000000000000002,0.2363259158321765,0.22797626175189128,0.12507864837670363
2017-12-27,11160000.0,-12.6,-7.1,1.418194493742471,12.268410164384267,0.0,0.20314977705499943,0.19042433766184735,0.12479670265267598
2017-12-28,8490000.0,-8.5,-2.2,3.2114032957810754,8.838403321645949,0.010000000000000002,0.09406141901087114,0.08209258250128768,0.07916722472112192
2017-12-29,6090000.0,-6.0,0.9,4.529791736585234,8.344554168895668,0.0,0.06084296901820352,0.051187562273228536,0.0584071976252171
2017-12-30,8020000.0,-6.3,2.1,4.2991868911699775,6.15665277095351,0.2,0.07389778275969248,0.06095332428535667,0.08397979735984151
2017-12-31,10160000.0,-8.8,-2.3,2.364212954715748,13.037617632607434,0.0,0.2253809859519432,0.21118351382788822,0.14267845044518845
2018-01-01,11040000.0,-9.2,-2.5,2.579952097057395,9.3921129777599,0.0,0.1427102170382894,0.12748723721929411,0.11358600062914506
2018-01-02,7850000.0,-11.5,-0.7,2.613780211713491,12.474928900988932,0.0,0.1711386936021869,0.1604349563882481,0.12489596649746637
2018-01-03,11200000.0,-10.5,-4.9,1.8558265414896418,9.28137104653711,0.0,0.1644324329231715,0.15024746887563067,0.12468519503482407
2018-01-04,7260000.0,-9.2,-3.2,1.3876359206683972,3.403069616224667,0.0,0.1076560589210441,0.09780130858546057,0.13079859330153262
2018-01-05,10490000.0,-9.6,-3.1,2.4916402212903663,11.86435176667949,0.0,0.17104288205350043,0.15690000744562807,0.11429254014126514
2018-01-06,11530000.0,-9.2,-1.8,2.120826462241426,6.494864614958248,0.0,0.14236955342628851,0.12622203941526977,0.13947132965338935
2018-01-07,3300000.0,-3.6,-0.2,3.1873870176927785,3.214509030629106,0.17,0.09178464532933582,0.08641640489870198,0.10966806193771368
2018-01-08,2580000.0,-9.3,-0.3,3.976575568224032,11.493216645824734,0.66,0.051205018430700876,0.04747972076331237,0.047452590665230124
2018-01-09,5020000.0,-10.2,-7.0,2.7723191791804567,12.600635958052639,0.78,0.07216474628311548,0.06607528505365963,0.04182147081898187
2018-01-10,9310000.0,-19.7,-9.5,1.5264249358165531,8.679772987732221,0.2,0.062125382140215915,0.05390566780108626,0.052184220540137494
2018-01-11,10340000.0,-18.7,-12.2,1.2859539806426652,11.708714457933949,0.0,0.09273625647888623,0.0840457967569571,0.05507781818185409
2018-01-12,11890000.0,-17.6,-9.9,1.5437984944988015,9.38313390225535,0.0,0.0814234424286313,0.07040758398202882,0.05843395566995121
2018-01-13,7170000.0,-10.0,-4.2,2.660384088342003,6.473913438780964,0.010000000000000002,0.08441671377704685,0.07507691842036911,0.07648107972739593
2018-01-14,12270000.0,-6.4,-0.0,3.912446133330933,5.758580423585102,0.0,0.08158764773630182,0.06263891100678927,0.08168779856034991
2018-01-15,9010000.0,-1.5,2.2,4.621585814589261,6.692404276058361,0.0,0.12731956923894336,0.11136926340187052,0.11838357111579387
2018-01-16,2840000.0,-2.0,3.3,5.390714843179271,3.4778952454292558,1.7000000000000002,0.05884318178829255,0.0537611450537543,0.07173287258729082
2018-01-17,6140000.0,-3.3,1.9,5.233573301199634,5.177933540957497,0.17,0.057177389804726975,0.046719566743573165,0.058916218770143455
2018-01-18,9260000.0,-8.2,0.4,3.45831652718088,6.982727717372163,0.0,0.10538897635332423,0.09149694487838181,0.09997049993581693
2018-01-19,11220000.0,-13.8,-0.2,1.7414174336688213,6.405073859912743,0.0,0.18072866126456388,0.1660453552014523,0.15741079356955706
2018-01-20,12580000.0,-8.2,1.2,3.1439426131599317,5.647838492362311,0.0,0.12091798179877018,0.10172860607457983,0.12577810276121587
2018-01-21,11990000.0,-4.6,2.1,1.9118711432686686,3.8699815424612973,0.05,0.16214944039898066,0.1421484616253764,0.19466883573419472
2018-01-22,8330000.0,-15.0,1.4,2.8589989632618447,11.400432865611045,0.45999999999999996,0.1781696018861593,0.16716731769315296,0.11978858171821141
2018-01-23,11320000.0,-19.7,-13.1,1.1251591170410358,13.669145943094156,0.010000000000000002,0.11550777809271788,0.10651423834790194,0.058641157553324705
2018-01-24,12730000.0,-20.9,-13.5,0.9199663491832364,14.492227864344626,0.0,0.13949186652873355,0.12985590675975275,0.06816008744029156
2018-01-25,11700000.0,-21.2,-12.6,0.94640482678798,15.58468205073161,0.0,0.14959917787598756,0.14057971004931621,0.07188263439453776
2018-01-26,13750000.0,-20.4,-12.9,0.8589991555543592,12.064884452947789,0.0,0.1425972768877069,0.13183604770475393,0.07862408270532158
2018-01-27,13570000.0,-13.1,-3.9,0.7099019253866322,4.89958220031643,0.010000000000000002,0.1651175268033943,0.1485765252586178,0.168695573799043
2018-01-28,12560000.0,-14.2,-5.8,1.7993738614174841,13.504529558844064,0.05,0.18688436053835755,0.17267063276829653,0.10533701161364048
2018-01-29,13290000.0,-15.6,-9.1,1.4126399066684903,12.750287216461814,0.0,0.16942072669539177,0.15612113447280157,0.0917060203337379
2018-01-30,13620000.0,-13.7,-5.6,1.9371120575194618,8.446317024613906,0.0,0.13125131168205192,0.11556392581437988,0.09556840533466099
2018-01-31,10840000.0,-10.9,-1.5,2.039672856412803,6.231478400158098,0.0,0.15479373985218967,0.1400794845301889,0.1421591828272196
2018-02-01,14200000.0,-13.1,-2.9,1.141302752850718,5.62988034135321,0.0,0.17363459902902226,0.15590454596465347,0.1647787948810626
2018-02-02,14160000.0,-11.6,-2.3,1.2817886444466273,7.4167163667587745,0.06,0.22162498194012753,0.2030512872513405,0.18421353034246557
2018-02-03,12660000.0,-17.1,-9.7,1.3022677570949797,16.24614061290017,0.0,0.19454868636807607,0.1825880137544915,0.08885054991718525
2018-02-04,13670000.0,-16.9,-10.5,1.0942854130108712,14.510186015353726,0.0,0.20608279039440824,0.19338225742155482,0.09906177822032422
2018-02-05,13670000.0,-17.9,-9.5,1.1202331066146172,14.076197365967117,0.0,0.1980647034364119,0.18536417046355844,0.1006122762680575
2018-02-06,14220000.0,-19.1,-10.8,1.1593420155811263,13.181282840680241,0.05,0.15412426866944468,0.1418199887064264,0.07957672315920034
2018-02-07,15130000.0,-16.1,-7.1,1.2372071041191792,6.273380752512667,0.0,0.13843306876962438,0.12267234556237949,0.11177087748624519
2018-02-08,15170000.0,-8.7,-0.1,1.4980336813467225,4.232137587811504,0.020000000000000004,0.18195793140255517,0.15967503088423035,0.1876284580974664
2018-02-09,13310000.0,-4.8,3.2,3.649719403019174,5.692733869885064,0.0,0.1777605819441587,0.15517556889359677,0.16270669875415839
2018-02-10,8109999.999999999,-12.3,-0.9,2.0389734005776115,13.41773182896674,0.03,0.2656423092297089,0.25483193706564344,0.16552892808789427
2018-02-11,12330000.0,-14.7,-6.8,1.6869029861659501,12.870008223189156,0.34,0.18619901688280288,0.17277084421675937,0.10101490956861472
2018-02-12,10190000.0,-13.0,-7.4,2.1757735958778537,14.055246189789832,0.25,0.13853850644597462,0.12712330870582805,0.06735359208635887
2018-02-13,15980000.0,-10.2,-1.8,2.383431438940749,10.179278596992168,0.0,0.2225343989399692,0.2006470515708197,0.14401240138150145
2018-02-14,13990000.0,-8.4,6.3,4.129850279093836,10.188257672496716,0.0,0.27294104376084094,0.24942534625031426,0.1812298576563609
2018-02-15,12730000.0,-6.9,0.9,1.7751225419967773,5.058212534230157,0.0,0.216941201610331,0.19712117383901653,0.20736914632026063
2018-02-16,13780000.0,-11.7,1.8,1.5318353263140385,11.84639361567039,0.0,0.4403186573417509,0.42055017260433053,0.2519689369204524
2018-02-17,16590000.0,-8.8,-3.6,1.3644934576247867,10.032620363751175,0.0,0.31769752233302767,0.29517819615295454,0.20308154290139555
2018-02-18,11170000.0,-4.5,2.3,1.7517738957684168,3.7891698629203416,0.0,0.20607918725593288,0.18733923398771052,0.2178602830724925
2018-02-19,13110000.0,-5.7,3.8,2.5168344617692373,4.9295124519982645,0.0,0.22212260559141006,0.20000245460086127,0.21694219367223772
2018-02-20,14620000.0,-9.2,2.9,2.1295340600334494,6.94681141535396,0.0,0.25973271130792974,0.2371086603347606,0.22334225595300702
2018-02-21,11390000.0,-9.1,-1.7,1.2757933364436091,6.348206381717256,0.0,0.24083560332504753,0.22481372054294865,0.20315697237407765
2018-02-22,16850000.0,-6.8,0.3,2.257125347075661,6.686418225721994,0.16000000000000003,0.2529648031055768,0.22699630712391236,0.19982472609523025
2018-02-23,14360000.0,-3.1,4.6,3.9149436230154158,9.041929033082429,0.17,0.29091738132774014,0.26512918944589803,0.21182539835038194
2018-02-24,11970000.0,-1.7,5.4,4.396513375796384,4.624223884843546,0.020000000000000004,0.19520411555528877,0.17286818482836863,0.18236200760923116
2018-02-25,10530000.0,-5.4,4.8,2.7375795887595653,4.998352030866486,0.010000000000000002,0.22328865879747398,0.20508471095954334,0.22057528426762638
2018-02-26,17740000.0,-2.4,6.5,2.5782278703121206,4.812784470439108,0.0,0.297573755088057,0.2642451858655015,0.2886747638824725
2018-02-27,14210000.0,0.2,7.0,3.3004864139866323,5.848371178630607,0.010000000000000002,0.3213085723290218,0.29321563131095807,0.2955521373166148
2018-02-28,1920000.0,-2.9,1.3,5.469160321973012,14.028308963276178,3.98,0.04943846586900734,0.04618052258898638,0.038311588531847
2018-03-01,16180000.0,-15.6,-2.2,2.3167689432360157,14.839418783853915,0.010000000000000002,0.23225012802957382,0.21290838950120144,0.11353924247100182
2018-03-02,18880000.0,-6.3,3.4,2.1691136696551765,4.268053889829706,0.0,0.2511028173643223,0.21984904438824887,0.23435755234090516
2018-03-03,18060000.0,-0.7,10.2,5.6775189117620535,5.285682447012104,0.0,0.27398597420205967,0.23697677607358364,0.24329505423966946
2018-03-04,13650000.0,-0.1,14.3,9.254428219654715,6.934839314681226,2.2399999999999998,0.20200260739739484,0.1720492906474131,0.17004032804290292
2018-03-05,6260000.0,-6.0,0.6,4.316863060546356,5.632873366521393,0.52,0.09316513125687959,0.08329971748594661,0.0759448089437037
2018-03-06,19140000.0,-3.7,6.2,3.512396017128959,6.001015462207967,0.0,0.3047810475543048,0.2697979578907866,0.25469425040269
2018-03-07,7810000.0,-2.4,2.6,5.143792192485379,8.114091230945537,2.89,0.1445938021950397,0.13089256361509183,0.09976190625758873
2018-03-08,7340000.0,-7.9,-0.6,4.474650357111268,8.95812432837329,0.54,0.05971825554945607,0.04886777940516183,0.033289865028161184
2018-03-09,13250000.0,-5.0,1.2,4.490142497301746,3.5916302018202293,0.0,0.13368002369160253,0.11212572499284541,0.10491356224200601
2018-03-10,19560000.0,-6.5,3.9,3.8726780611039406,5.698719920221431,0.0,0.23348092890898703,0.20091449364385233,0.17756614828499573
2018-03-11,19950000.0,-1.7,7.7,3.237690152195703,5.360508076216692,0.0,0.34995434764538236,0.31127034603967463,0.3091059308741454
2018-03-12,19960000.0,-0.0,11.7,4.385450252630151,6.375143608230907,0.0,0.4087200254805583,0.36645174796521207,0.36261499767148997
2018-03-13,19110000.0,3.2,12.4,7.395870760807439,7.979405098377277,0.0,0.37707377394281305,0.33432824413319817,0.28332871429501727
2018-03-14,18550000.0,7.0,15.1,9.142765420500508,6.273380752512667,0.86,0.3808961728473388,0.3358606809193075,0.31283523094953486
2018-03-15,2420000.0,-2.6,9.8,9.440484908632968,5.677768744044146,0.8800000000000001,0.02629355053651774,0.021509249532737716,0.030671991996363612
2018-03-16,12650000.0,-6.0,2.2,3.9024703024151277,6.297324953858136,0.010000000000000002,0.1880721227994179,0.16749386781532144,0.13984756826061245
2018-03-17,20610000.0,-1.8,8.3,4.316863060546356,2.6278760976651343,0.0,0.26490371353480857,0.22461380450775642,0.24596556113872142
2018-03-18,6820000.0,2.1,7.1,7.424432130802796,4.49253077744347,1.56,0.12410353391512027,0.11019175405617469,0.10557706042651678
2018-03-19,1710000.0,-2.6,6.2,5.529927700698379,13.83376232734425,0.58,0.17114947111271386,0.16796406915106737,0.13658815637857086
2018-03-20,11290000.0,-5.8,1.5,3.508994184770586,14.23183467471266,1.1400000000000001,0.3135551636369204,0.2953687267816712,0.1649670297950227
2018-03-21,5650000.0,-6.9,-2.7,3.8015115880684465,7.716018883577127,0.75,0.0892521349921276,0.08109402188331169,0.056756337647436705
2018-03-22,21760000.0,-5.5,4.7,3.3862626806778,6.467927388444597,0.0,0.324904796796338,0.28742573215436196,0.23866141930993465
2018-03-23,22190000.0,-2.1,7.2,3.461674706985369,5.016310181875587,0.0,0.3597256432440132,0.3173314686807431,0.2992234445546126
2018-03-24,21160000.0,0.4,8.8,5.791371897668983,7.311960485872351,0.0,0.3663098191469075,0.3231465842766307,0.25640014347329754
2018-03-25,21790000.0,1.1,12.0,5.308356924350151,5.9920363867034165,0.0,0.42105172107419814,0.37396868059103683,0.3503193259176814
2018-03-26,22060000.0,1.4,12.4,5.77020213625811,6.710362427067462,0.0,0.4382245848050711,0.3900855914235756,0.3501922204429551
2018-03-27,20760000.0,2.4,14.7,6.206865692035975,7.26107905801323,0.0,0.48892217429663953,0.44155191378928454,0.3984772654631807
2018-03-28,22100000.0,3.3,14.9,7.376154373997662,6.509829740799166,0.0,0.4455297930600824,0.3943801194701723,0.36096401895983005
2018-03-29,18560000.0,3.4,16.3,8.209248674824089,4.74693791673907,0.0,0.37869419522401193,0.33492002625910355,0.32727159425338315
2018-03-30,18680000.0,1.7,12.9,7.130400052081768,4.42369119857525,0.0,0.32281590613166766,0.28159759947511614,0.2755910440885669
2018-03-31,21880000.0,5.7,15.9,7.922771064367411,5.393431353066711,0.0,0.4523982535907076,0.3995911447008462,0.3829172189269567
2018-04-01,11340000.0,4.6,14.4,10.480596186271086,6.6295507475265065,0.020000000000000004,0.2240028888773112,0.19748959880822767,0.17612299204007587
2018-04-02,20940000.0,6.1,18.0,9.432327465960471,6.680432175385626,0.0,0.47393059389230646,0.4219096056766006,0.39191734298554115
2018-04-03,18560000.0,9.2,17.8,11.272235037145052,6.084820166917106,0.03,0.4244646003804625,0.37687478494307813,0.34094445594381984
2018-04-04,3030000.0,1.8,10.9,8.589551851904895,7.539430398654298,1.4400000000000002,0.0963358206715282,0.08982592196633367,0.10804841963474465
2018-04-05,2750000.0,1.9,4.4,7.68589882986073,7.748942160427145,2.41,0.03195188335017644,0.026593384468795132,0.02782638823684553
2018-04-06,16100000.000000002,-4.9,5.8,4.233136638887692,16.26409876390927,0.17,0.43794793790275854,0.4093434464393567,0.22399394208568385
2018-04-07,19360000.0,-5.5,0.6,2.970487699500159,14.180953246853539,0.09000000000000001,0.4368518788483981,0.4060347133283274,0.20741216794935546
2018-04-08,21110000.0,-1.0,6.8,4.897787997759096,10.430692711119583,0.0,0.43600482108152433,0.3952052801636271,0.2570209805983509
2018-04-09,23240000.0,2.2,10.6,4.879537181062935,6.021966638385251,0.0,0.47032692134591897,0.4203247885796597,0.3683120579598101
2018-04-10,21220000.0,7.1,15.2,8.969693899040195,13.330934099089419,0.54,0.6338410000813544,0.5822023316797699,0.38530343548358126
2018-04-11,23810000.0,2.1,12.9,5.000803886830037,8.8653405481596,0.0,0.6027470948441428,0.5499203297143609,0.44299253638927444
2018-04-12,22020000.0,1.9,13.7,4.554015573408001,8.215854086663775,0.0,0.5956118511385635,0.5463571904160246,0.47143610685150755
2018-04-13,11560000.0,3.7,9.6,5.017899057885914,13.44167603031221,0.5900000000000001,0.5928124048444463,0.5677631153789702,0.37167353075560944
2018-04-14,3110000.0,0.1,7.8,7.442056719829396,12.29534739089792,1.27,0.10161361804078262,0.0953965955877087,0.08391787946282181
2018-04-15,24120000.0,-1.6,9.4,5.591291754424766,9.882969105341997,0.0,0.4555764140651616,0.4074354314966113,0.27837738905193754
2018-04-16,22100000.0,2.3,12.0,6.305238298559089,3.881953643134032,0.0,0.3845352816260875,0.33597215480097953,0.31785138705042604
2018-04-17,19900000.0,2.4,13.0,6.52966668471278,3.2264811313018393,0.0,0.3519139551682907,0.30752146632681293,0.308499027260356
2018-04-18,24940000.0,4.0,15.4,5.81261033089028,4.699049514048133,0.0,0.5140132392586918,0.4554103191322407,0.4469762176172135
2018-04-19,25080000.0,7.5,16.5,5.159723808310081,6.351199406885439,0.0,0.6638540348939005,0.6016182546920202,0.5729407668353064
2018-04-20,24660000.0,13.3,21.8,9.508705720331807,3.902904819311316,0.0,0.6023557773549617,0.533978889839382,0.5593042967105476
2018-04-21,24200000.0,8.5,22.0,7.927433575878777,5.291668497348472,0.4,0.689580797619171,0.6252830509686852,0.5939179368318485
2018-04-22,3790000.0,5.2,13.2,11.11736348374561,10.185264647328534,1.42,0.0968086513054662,0.08801444259203636,0.08718445610745992
2018-04-23,2170000.0,5.0,6.5,9.066359640042249,11.152011776651813,3.79,0.033270406501636055,0.028688534334981204,0.03211543946255603
2018-04-24,5310000.0,2.3,7.5,7.499592004183661,5.100114886584726,0.06,0.13020619242535872,0.11927498180010462,0.10936051783023748
2018-04-25,25790000.0,4.3,14.6,5.265972544930556,4.528447079461673,0.0,0.5318801343936554,0.47165802400259765,0.458237311647171
2018-04-26,20350000.0,4.5,15.8,6.242651068705792,4.740951866402703,0.0,0.4727563855069241,0.4244051215866568,0.4231980583156016
2018-04-27,24290000.0,7.3,14.6,8.379118617609588,5.74960134808055,0.0,0.518727176946032,0.45989492745180904,0.3904209167027892
2018-04-28,26040000.0,4.9,16.6,6.805831657657511,5.950134034348847,0.0,0.5872902371987865,0.5245177192082922,0.4796968259923953
2018-04-29,25190000.0,7.9,17.9,8.37177538345874,4.477565651602553,0.03,0.5499238564323198,0.48615817977112324,0.4659974529561953
2018-04-30,19920000.0,8.8,18.6,12.300212900640886,4.824756571111841,0.11000000000000001,0.42492100627750257,0.3736287412015302,0.3329368783087657
2018-05-01,13420000.0,11.1,16.8,13.822703854303802,5.851364203798791,0.78,0.30748516446851704,0.27274950535335074,0.22349130080740448
2018-05-02,9690000.0,2.0,15.1,9.84789428448205,13.241143344043913,0.34,0.2819149351362268,0.2598042499572157,0.19520942540939817
2018-05-03,22000000.0,1.2,9.5,6.037974794396144,13.887636780371553,0.04000000000000001,0.562804106121322,0.5168978892385563,0.2948388028554569
2018-05-04,26900000.0,5.4,12.1,4.675402771996012,12.744301166125448,0.0,0.8844177860867491,0.82271686877265,0.53782893541013
2018-05-05,22220000.0,9.0,17.5,8.993123176621937,8.670793912227671,0.9800000000000001,0.6497838905956073,0.5931111565570972,0.4829745825711548
2018-05-06,1670000.0,9.9,12.0,13.19272866580908,4.441649349584351,2.22,0.01726650293323928,0.01322163440070111,0.04293451233885709
2018-05-07,5120000.0,6.3,11.8,10.447833866129917,4.998352030866486,1.2000000000000002,0.12908930857796222,0.1172543887462939,0.11214783367221914
2018-05-08,19120000.0,2.8,13.6,8.408548398252895,8.341561143727482,0.0,0.41068808292005476,0.3674602006088551,0.2789234868466897
2018-05-09,24660000.0,6.0,14.2,8.393822131586205,4.426684223743433,0.0,0.47496968580993126,0.4164495379042578,0.36228451498975806
2018-05-10,26090000.0,6.1,16.2,8.65736363878228,4.226151537475136,0.0,0.5125952512345467,0.44910548409989365,0.40600843391984254
2018-05-11,23480000.0,8.7,16.3,8.559563938136634,4.824756571111841,0.27,0.5342355266498878,0.4753164213405342,0.4334508455319024
2018-05-12,5520000.0,10.7,14.1,13.07632735194043,7.4556256939451595,1.3900000000000001,0.16841352841461318,0.1545926232554662,0.1264468078735609
2018-05-13,21920000.0,8.1,16.8,11.29769964048045,6.515815791135534,0.0,0.4763861298893522,0.42144231566153784,0.333840635468826
2018-05-14,26380000.0,11.9,20.6,12.061912580226807,5.001345056034669,0.0,0.6239448786079637,0.55250315179158,0.49609220405438326
2018-05-15,19620000.0,15.8,22.5,14.99404595364245,4.998352030866486,0.11000000000000001,0.5492460812178838,0.49334631092038295,0.4615712601242974
2018-05-16,13680000.0,17.2,21.4,20.699447978638563,10.251111201028571,0.1,0.3676493087743449,0.3285779059720873,0.21656211098678896
2018-05-17,18460000.0,15.4,23.9,19.79042604611129,9.760255073446475,1.3900000000000001,0.5158149664211332,0.4627932354398906,0.34311104647056945
2018-05-18,9460000.0,8.0,18.9,14.81519720093992,6.240457475662649,0.26,0.19977804430906257,0.17554722876391807,0.15948344013725213
2018-05-19,23300000.0,5.4,13.9,7.584388387949729,12.633559234902659,0.0,0.6858167645332551,0.6311356454746317,0.40665954127165926
2018-05-20,22510000.0,5.5,15.0,8.388918433673263,12.62757318456629,0.0,0.6532404351019636,0.5996265017734577,0.3933835743782623
2018-05-21,14550000.0,8.7,15.1,10.810162554683318,6.836069484131171,0.0,0.37263126391555285,0.33660711167048313,0.27388111115368474
2018-05-22,19210000.0,10.6,17.5,12.452111654291583,5.656817567866861,2.49,0.44824149597599794,0.3984164635435618,0.33132763096810314
2018-05-23,26420000.0,8.2,16.1,7.584388387949729,7.853698041313567,0.0,0.7024950547091106,0.6367125855828556,0.5138871807665999
2018-05-24,28250000.0,9.2,18.8,7.713169992186724,6.695397301226544,0.0,0.7459810649080773,0.6727845207854894,0.5965363759723733
2018-05-25,24230000.0,10.4,20.6,9.169243524105543,4.1992143109614855,0.0,0.5977965287574829,0.5331056337430058,0.5295073716771792
2018-05-26,27000000.0,12.6,20.9,12.265918559490034,4.088472379738694,0.0,0.6240904976671975,0.5502914440047038,0.5060264139681273
2018-05-27,17210000.0,12.7,20.2,13.476558593182842,4.049563052552309,0.0,0.4349215679584386,0.3881402031492497,0.3678877986530855
2018-05-28,20390000.0,11.8,20.1,14.427518456432432,4.85767984796186,0.020000000000000004,0.4716479766622698,0.41673885240657327,0.3589475109886651
2018-05-29,17630000.0,13.2,20.5,15.504103455874382,3.331237012188263,0.13999999999999999,0.40513266386667884,0.3568567552573043,0.32788505806492596
2018-05-30,18320000.0,8.7,18.4,13.743011990885332,6.554725118321919,0.36000000000000004,0.3895062288619393,0.34248221921604455,0.2666930137772005
2018-05-31,24520000.0,11.9,18.5,11.393643298836723,6.201548148476262,0.0,0.6181299451685072,0.553045661179904,0.4642214034674882
2018-06-01,26820000.0,13.5,22.2,11.35838104361659,5.737629247407816,0.0,0.7316626572024019,0.65690546377698,0.6060402279213974
2018-06-02,27070000.0,13.8,22.8,10.004261237460051,4.582321532488976,0.0,0.720330531626762,0.6442906781537319,0.6386680910416607
2018-06-03,22390000.0,13.6,22.8,11.620304794229167,3.190564829283637,0.0,0.562753094922085,0.49996653523278606,0.5096542286763126
2018-06-04,19650000.0,14.1,21.1,13.01485705187935,2.888269287297101,0.05,0.4793399490421234,0.4248067916680099,0.420236229552817
2018-06-05,16020000.0,11.8,17.7,13.63738416098208,4.42369119857525,0.03,0.37258938121527957,0.33044375189672825,0.2880321914208845
2018-06-06,26150000.0,12.5,23.6,15.245129557704521,3.1247182755836,0.0,0.5861628979993676,0.513020824937399,0.4791006246178443
2018-06-07,26440000.0,13.3,24.9,15.424333294814423,3.783183812583975,0.0,0.634789172499121,0.5595200467313611,0.5269317353822848
2018-06-08,25200000.0,13.5,21.2,14.486880171189886,5.42635462991673,0.0,0.6155515258127904,0.5459240394402056,0.4621512094560427
2018-06-09,21660000.0,10.5,20.0,13.207342661803576,10.16431347115125,0.27,0.6059802458154002,0.5484311056315356,0.40425859288203536
2018-06-10,17220000.0,10.5,17.7,12.846229447509788,7.030616120063099,0.36000000000000004,0.4340854998074703,0.38937593130035353,0.3093860432046159
2018-06-11,9490000.0,11.1,15.5,13.754371773398397,4.235130612979687,1.1300000000000001,0.21875592451524156,0.19452558229657307,0.1704746867462883
2018-06-12,20010000.0,11.6,18.0,14.455193955799777,3.80413498876126,0.34,0.4163277473223615,0.3636326160759811,0.3051351742939393
2018-06-13,20740000.0,11.5,20.2,14.282005225760543,6.641522848199242,0.11000000000000001,0.5122142876970329,0.45646850494385227,0.369989294146556
2018-06-14,23950000.0,9.1,20.7,12.49034306378964,8.595968283023083,0.0,0.623482126226927,0.5602856652207452,0.445277715325049
2018-06-15,25530000.0,8.0,19.4,10.840849924673426,7.635207204036171,0.0,0.6327681114020536,0.5670305849266731,0.4605398373220245
2018-06-16,27680000.0,10.3,19.7,12.248802939570316,4.758910017411804,0.0,0.6071202626276492,0.5339367404329635,0.45766317580431937
2018-06-17,19300000.0,12.8,21.2,13.656193795037197,3.6724418813611845,0.0,0.4754021793501188,0.4224095579596475,0.40303061122974493
2018-06-18,23220000.0,14.2,23.1,14.94508204621818,3.361167263870098,0.0,0.5601655782829049,0.49455405991609974,0.4682719523844467
2018-06-19,6740000.0,11.5,18.2,15.399217664598094,3.585644151483862,1.02,0.1721786529008406,0.1544115875000554,0.15369247127087404
2018-06-20,19810000.0,11.4,20.2,14.702361984647235,6.58166234483557,0.0,0.4808290741796368,0.42763364312489605,0.34451642031313356
2018-06-21,27990000.0,13.9,21.2,12.602149141021574,6.387115708903642,0.0,0.7409719157287453,0.6633616528917188,0.5645317473091142
2018-06-22,22390000.0,15.1,23.3,12.228291919544562,3.376132389711016,0.020000000000000004,0.5884285539569766,0.5245845826943927,0.5317590201995274
2018-06-23,24080000.0,13.0,23.0,13.346886720571094,6.458948312940047,0.0,0.6766230834031987,0.6093288261526701,0.5444426387774303
2018-06-24,27490000.0,15.6,24.9,13.547414391937343,5.767559499089652,0.0,0.7869123778019099,0.707203905557366,0.6596008952996105
2018-06-25,22450000.0,14.7,26.6,15.386673314426945,4.244109688484238,0.27,0.6223856354851438,0.5568886098158993,0.5573028157562219
2018-06-26,6030000.0,17.3,20.4,21.448300236420987,11.247788582033685,4.41,0.15734084393196787,0.14024532118905972,0.08715776064566937
2018-06-27,15660000.0,16.4,22.2,19.315979769947027,6.390108734071825,2.2800000000000002,0.42075010333185486,0.37602362907137576,0.30288672970273056
2018-06-28,5610000.0,14.6,18.7,18.39688599992889,4.648168086189014,2.19,0.1388342707984364,0.12352850115395722,0.1099865400455283
2018-06-29,15630000.0,16.3,22.2,19.19386188280321,4.447635399920717,0.24,0.3955440466088575,0.3509395400280089,0.3030079763549746
2018-06-30,7730000.0,14.9,19.7,18.52438674894592,6.713355452235645,3.04,0.2088354022258177,0.18749643213797215,0.15216164109391972
2018-07-01,7750000.0,17.6,20.3,20.99948986025616,8.643856685714018,2.16,0.21141830286039673,0.18941005889243862,0.13333969608828242
2018-07-02,8029999.999999999,17.8,20.9,21.17580563496482,6.36017848238999,0.87,0.22052876025627013,0.19757569017079757,0.15758456186442538
2018-07-03,10340000.0,16.6,20.1,19.94732769077102,9.44299440561902,0.65,0.2734393892504841,0.2443695592058225,0.16378134118254292
2018-07-04,17390000.0,17.4,23.5,21.225627299502595,4.363830695211579,1.1800000000000002,0.43294565909203364,0.3823663037603396,0.32081995763773385
2018-07-05,8790000.0,15.1,20.5,19.229409543623277,6.336234281044521,1.4000000000000001,0.22581346971317537,0.2013337975412633,0.16270340970789948
2018-07-06,13620000.0,11.3,18.6,15.698732343741554,10.107445992955762,0.32000000000000006,0.32795243724185164,0.2919779327953594,0.19722502836112565
2018-07-07,21140000.0,11.0,19.3,13.975621559708687,8.485226351800293,0.0,0.526812851629211,0.4707551906234513,0.3481482455942738
2018-07-08,15570000.0,13.2,18.6,15.580008920296356,6.9079020881675754,0.11000000000000001,0.3869887970834681,0.34509937622276415,0.2646959326215536
2018-07-09,8359999.999999999,15.4,18.1,18.158685062538137,7.302981410367799,0.86,0.21029889604379232,0.18744852239125723,0.13679565875107677
2018-07-10,18950000.0,18.0,24.6,21.225627299502595,5.9950294118716,0.13,0.5180971759977931,0.4622685103964176,0.38088795198973574
2018-07-11,20260000.0,17.6,25.7,21.87132715875095,5.109093962089276,0.16000000000000003,0.53210940425585,0.472113815829457,0.3995881179872584
2018-07-12,20270000.0,19.1,26.3,22.232293098315196,4.884617074475512,0.0,0.560878666646057,0.4999510883265687,0.43601451974975625
2018-07-13,24080000.0,18.5,27.0,22.01394919352806,3.9777304485159046,0.0,0.6261873706158277,0.5537575604813939,0.48918946662139595
2018-07-14,27150000.0,18.6,27.5,21.054449989291008,3.5108185222792745,0.0,0.696148082501792,0.6141469003379983,0.5559312751100485
2018-07-15,27080000.0,19.8,28.2,21.84858282097266,3.265390458488225,0.0,0.7085340557732164,0.6257014054621802,0.5722871340661285
2018-07-16,24440000.0,18.5,27.5,21.650450988008423,4.181256159952383,0.0,0.6491173257001491,0.5753515361888919,0.515458176157993
2018-07-17,25690000.0,18.1,27.5,21.358986954303713,3.8610024669567466,0.0,0.6637502168377414,0.586424321161694,0.5270111246601485
2018-07-18,24920000.0,18.3,28.2,21.09850869813629,3.0558786967153786,0.0,0.6418997979914913,0.5664292831862789,0.5308805171253507
2018-07-19,25650000.0,19.8,29.3,21.137126241743587,2.409385260387737,0.0,0.6671992158732203,0.5881832082046246,0.5656476353753485
2018-07-20,27040000.0,20.4,29.2,21.347845711564695,2.424350386228655,0.0,0.700876926590619,0.6173155014664864,0.5877620021807173
2018-07-21,24550000.0,19.8,28.5,22.886892753921938,3.376132389711016,0.13,0.6528381690869944,0.5775978000345318,0.5285402401003546
2018-07-22,20740000.0,18.8,27.1,20.81901134031389,5.37547320205761,0.0,0.6106273978978157,0.5480719178035112,0.49903585864631667
2018-07-23,24990000.0,19.8,28.6,21.13160566504451,2.744604079224292,0.0,0.654855766272908,0.5782173499864978,0.5510095097271956
2018-07-24,24530000.0,19.2,28.4,23.15461091758993,3.621560453502065,0.12,0.6448396121846789,0.57000329870545,0.5139423278784004
2018-07-25,23610000.0,20.5,28.3,23.00554250115925,4.375802795884312,0.0,0.6632535624700653,0.5906608503288637,0.5326669213852062
2018-07-26,23860000.0,21.3,29.0,22.863227134892878,3.576665075979312,0.0,0.6693233837760841,0.5952669919405574,0.5560916711582828
2018-07-27,20200000.0,20.0,28.0,23.87581661622405,2.939150715156221,0.12,0.53605751414756,0.4742694958210117,0.4386712218745242
2018-07-28,20330000.0,18.9,27.1,22.975829745266168,3.115739200079049,0.63,0.5232217417540803,0.4618609193005673,0.42219001232578934
2018-07-29,22060000.0,19.7,28.0,20.44602910353359,8.078174928927332,0.0,0.7597727305691491,0.6924276513877305,0.6108963062426971
2018-07-30,20290000.0,17.8,25.0,21.281104996929837,6.351199406885439,0.22000000000000003,0.5475029734048752,0.4876381814418432,0.39859870960566274
2018-07-31,20300000.0,18.9,27.6,20.37106960482212,5.318605723862123,0.04000000000000001,0.6142521392297492,0.5527733490794356,0.5199019552831589
2018-08-01,24910000.0,19.8,29.7,21.126086350337832,5.27371034633937,0.0,0.747677049542373,0.6707463136325913,0.6323456101378655
2018-08-02,22180000.0,19.9,28.8,21.63917681104366,6.452962262603679,0.0,0.7061423729063842,0.6379900954695358,0.5823627290532387
2018-08-03,25500000.0,19.8,27.8,22.376971477830946,5.282689421843921,0.0,0.707786939267198,0.6299913422953132,0.5490336068674279
2018-08-04,21440000.0,19.3,28.8,22.481649245694047,6.153659745785326,0.0,0.6534787000594405,0.5878550293972684,0.5323851814118885
2018-08-05,20230000.0,19.8,27.1,22.475822597102773,7.075511497585852,0.020000000000000004,0.6241060577813909,0.5626742769158841,0.48045730075796467
2018-08-06,18810000.0,20.4,26.8,23.86353512119498,4.570349431816242,0.33,0.5225993578162419,0.4653652671329055,0.41038311582589504
2018-08-07,13300000.0,20.1,25.9,24.44050319592658,2.211845599287625,0.34,0.3445567993656983,0.30441420523723184,0.2884131939273262
2018-08-08,20610000.0,20.1,27.4,22.186169176754472,3.9717443981795366,0.11000000000000001,0.5710902670296067,0.5082545417127736,0.47221070477133364
2018-08-09,21660000.0,20.6,28.5,22.786461617746554,4.456614475425268,0.39,0.6232670851110378,0.5565424564131127,0.5165302668660949
2018-08-10,17500000.0,19.1,26.0,23.358699217270903,5.142017238939296,0.37000000000000005,0.47279516947828465,0.4203033193929036,0.3608604698150292
2018-08-11,18530000.0,18.1,24.9,21.746489202589938,6.806139232449334,0.1,0.5070554198690037,0.4523030075216414,0.36709905704154727
2018-08-12,17720000.0,19.9,25.1,22.261163128720792,6.177603947130795,0.020000000000000004,0.5124888427203967,0.4593742304733855,0.3890241342821829
2018-08-13,22650000.0,19.5,27.8,22.05402888949012,4.498516827779838,0.020000000000000004,0.621084860473648,0.5521208632355503,0.5048923000394994
2018-08-14,24140000.0,19.7,29.4,21.015964698449068,4.9325054771664485,0.0,0.7048472266902324,0.6304828436446223,0.6018411031189581
2018-08-15,22250000.0,18.9,28.8,22.83367521022918,3.6365255793429823,0.42000000000000004,0.588322516563631,0.5203974027020462,0.48760213825893245
2018-08-16,17630000.0,15.0,24.2,19.022019364651253,11.603958577047523,0.17,0.5448782443328023,0.49428097951461447,0.3724358832927206
2018-08-17,22740000.0,13.6,24.0,14.289837726003833,10.673127749742449,0.0,0.7682606752878615,0.7038444930713608,0.5799599172722815
2018-08-18,25580000.0,13.4,22.8,14.912517474457001,4.606265733834444,0.0,0.5902267764220649,0.5186174964789293,0.47344538606478004
2018-08-19,24880000.0,16.1,26.1,16.794449295399318,2.8044645825879626,0.0,0.585196483704838,0.5121151274121657,0.5075412630863017
2018-08-20,19680000.0,16.3,25.5,18.22161629593376,6.345213356549072,0.0,0.5686748599934272,0.5110410406953501,0.4687781060670863
2018-08-21,23790000.0,19.6,29.1,19.443909055590996,6.716348477403829,0.0,0.7705999993359256,0.6975006900382417,0.6641518279380831
2018-08-22,19650000.0,19.3,27.6,21.347845711564695,14.106127617648951,0.45999999999999996,0.8155679444041608,0.7558974306124056,0.5764026820643744
2018-08-23,7190000.0,19.5,22.8,22.85731407533633,18.592672344756057,7.71,0.3346813961250606,0.3135460581677511,0.19545424604474843
2018-08-24,14270000.0,16.4,22.3,20.42994605661518,11.298670009892804,0.81,0.390483302623949,0.3496937247759174,0.23831572888216906
2018-08-25,9890000.0,17.2,21.8,19.26501486006457,2.801471557419779,2.68,0.2549456835879962,0.22660739299388405,0.22669611386442995
2018-08-26,4690000.0,17.5,20.2,20.726568558553492,5.091135811080175,6.0,0.13286713594121058,0.11957061825228199,0.11296532930089513
2018-08-27,4530000.0,19.1,20.8,22.528310020993633,6.9079020881675754,2.6,0.12993343862970874,0.1168600413372772,0.09988303019703576
2018-08-28,12910000.0,18.0,24.1,21.571639569100096,5.650831517530495,0.13,0.3558015693081668,0.31790868841859893,0.2813813852108463
2018-08-29,21890000.0,19.4,25.3,20.840814960046817,6.8570206603084545,0.11000000000000001,0.6182664544080614,0.5527905999492428,0.46669619117708494
2018-08-30,12830000.0,18.3,22.4,22.186169176754472,7.7818654372771645,1.33,0.32621128575385877,0.2889523930544043,0.21340142912047125
2018-08-31,6130000.0,15.6,20.5,19.759175742276554,4.675105312702665,0.8300000000000001,0.15366625288713626,0.13652052027260977,0.12723568392437876
2018-09-01,16770000.0,13.0,20.2,15.852542793167645,9.685429444241887,0.09000000000000001,0.4414403436214444,0.39572871857673814,0.29825106474131396
2018-09-02,15510000.0,16.0,18.6,17.789829101234325,7.299988385199616,0.04000000000000001,0.3557812435074523,0.3129652763583598,0.2292001920040542
2018-09-03,13350000.0,16.1,22.8,20.688608447951644,7.563374599999767,3.5200000000000005,0.33234799888217237,0.2941264108608001,0.23207598202450858
2018-09-04,21450000.0,13.9,21.4,15.835387700432108,10.867674385674379,0.0,0.5961197139815979,0.5365389117526937,0.3958869301298023
2018-09-05,21540000.0,14.6,20.5,14.46310979881675,8.03327955140458,0.0,0.5800395746373064,0.5203137775129922,0.4297264722121465
2018-09-06,15590000.0,14.7,21.6,15.618083798699592,6.695397301226544,0.32000000000000006,0.44599735294657805,0.40231689109467467,0.36713105843827365
2018-09-07,11540000.0,10.0,18.5,13.108973634534525,7.2850232593587,0.04000000000000001,0.3183614749750073,0.2883070439407071,0.2621905554445246
2018-09-08,13790000.0,11.4,17.0,10.755117932339179,4.615244809338995,0.0,0.359544531978606,0.32366697737087524,0.32574811722487873
2018-09-09,23640000.0,11.5,19.5,11.656281324658686,5.300647572853022,0.0,0.5253477172714773,0.4622320442156688,0.43224205344429334
2018-09-10,18390000.0,10.1,18.1,11.32321484809109,7.949474846695442,0.0,0.4830804780620306,0.4353331514159285,0.3736448471166451
2018-09-11,16540000.0,10.2,16.6,11.738410789699607,8.048244677245497,0.0,0.4132010347413969,0.3708803942721913,0.30331666309301963
2018-09-12,17340000.0,13.3,19.5,14.932863023646204,5.204870767471149,0.010000000000000002,0.38900557790952767,0.3419144855595798,0.307236902192165
2018-09-13,4480000.0,15.1,16.6,16.59687537938971,7.650172329877089,0.9900000000000001,0.14980189610682532,0.13776037697788368,0.11942977944748567
2018-09-14,10500000.0,15.4,20.0,18.018985969488245,7.61724905302707,0.4,0.27823753719119704,0.2490465729653248,0.2051068874375308
2018-09-15,6190000.0,15.2,19.0,18.48016452763995,4.450628425088901,0.48,0.1475782662150968,0.1305515493340208,0.12320251086193494
2018-09-16,13820000.0,13.8,20.3,16.699896844561955,5.0701846349028905,0.06999999999999999,0.3116710827243728,0.2736908459297212,0.24875784296139186
2018-09-17,15870000.0,13.3,20.0,13.796094913969197,3.64251162967935,0.0,0.35722739192819514,0.3139292521317807,0.32071674201306505
2018-09-18,21350000.0,12.8,20.7,11.432221032571253,3.4539510440837877,0.0,0.4547961514781485,0.39644023311910265,0.42197704249907086
2018-09-19,10980000.0,14.4,19.4,14.18830887862558,3.576665075979312,0.4,0.2849120098552371,0.25481837163292403,0.27148359153323254
2018-09-20,5410000.0,13.4,16.8,15.96444890864597,8.170958709141022,1.05,0.15505872044221708,0.14072692424433492,0.11776862741302026
2018-09-21,3830000.0,11.9,16.3,15.51673178357673,4.076500279065961,2.0100000000000002,0.08747289313067033,0.0775287788808296,0.0854862475390127
2018-09-22,17910000.0,11.5,18.7,11.161420252930203,5.998022437039783,0.0,0.4486605367117143,0.40121460881817095,0.390574414629531
2018-09-23,16649999.999999998,9.3,18.6,10.666953800882938,7.123399900276788,0.0,0.4388980082836832,0.39580197815942697,0.37772937764491016
2018-09-24,14880000.0,6.8,14.3,8.442998339398528,5.734636222239633,0.0,0.3434813730693761,0.3077825115957062,0.2997628981828521
2018-09-25,20290000.0,10.0,15.8,9.560843687021205,7.165302252631357,0.0,0.47628007099442504,0.42491819805057124,0.3791735961823341
2018-09-26,12880000.0,7.5,14.6,9.828148301036835,6.898923012663023,0.0,0.3123859222300527,0.2811159957592686,0.25722823943941797
2018-09-27,18400000.0,8.2,16.1,9.884658131375522,5.737629247407816,0.0,0.3802046039957412,0.33439092375641155,0.31988144258138657
2018-09-28,13160000.0,10.6,15.7,11.636645634990302,5.243780094657535,0.020000000000000004,0.2919703611320016,0.25847717374293594,0.24887791305592905
2018-09-29,12980000.0,10.4,15.6,12.382863526820111,5.905238656826094,0.010000000000000002,0.27278071362930667,0.23985211083009678,0.21715834917415983
2018-09-30,19370000.0,6.8,17.6,9.042762224448103,14.483248788840074,0.12,0.6557556420708446,0.6074727691327811,0.44530409889607814
2018-10-01,15090000.0,5.7,11.4,9.54160573050955,11.391453790106496,0.25,0.29429824356778617,0.25986581432616823,0.17294171680028356
2018-10-02,19380000.0,5.6,13.8,8.649805756320664,4.483551701938921,0.0,0.3175511969258409,0.27201292138251204,0.27139726746222054
2018-10-03,19720000.0,8.8,16.0,9.225067641663822,4.998352030866486,0.0,0.38614168923708597,0.3367670063134666,0.34295877944744857
2018-10-04,16930000.0,11.1,17.5,11.778013421827099,11.31064211056554,1.6300000000000001,0.4950736374251437,0.45093663784554316,0.35278968398174565
2018-10-05,2360000.0,12.4,14.9,14.916584636378138,14.339583580767268,6.07,0.09180613161102978,0.0857357018648144,0.0721445018582165
2018-10-06,8050000.000000001,10.4,14.2,13.324767689709661,11.17595597799728,1.4900000000000002,0.1807309347882307,0.16062017687369284,0.11263037057003551
2018-10-07,17990000.0,6.6,17.0,9.179853675467182,8.281700640363812,0.0,0.43115399693193457,0.3867138148853477,0.3627976576383946
2018-10-08,15090000.0,6.8,13.5,6.775322077902477,4.477565651602553,0.0,0.322308787249527,0.28645519646049344,0.3179487861480004
2018-10-09,11490000.0,7.2,12.8,9.230399814032467,6.620571672021956,0.1,0.26420002252888486,0.2370001529891684,0.22322732283426325
2018-10-10,14680000.0,1.6,9.6,6.343439326513337,10.346888006410445,0.0,0.3400356293665984,0.309175799761628,0.23924572219525903
2018-10-11,16170000.000000002,1.7,8.0,5.220663093514124,10.969437241392619,0.0,0.4102938241577941,0.3770566214835464,0.2764070333904745
2018-10-12,18450000.0,3.2,9.4,5.2708477132485365,5.067191609734707,0.0,0.3126461810913389,0.27306343593256643,0.2827591577368934
2018-10-13,15220000.0,7.7,11.9,7.8577495121344185,3.169613653106353,0.0,0.24759555923966142,0.2117432865337102,0.2414068872151673
2018-10-14,15490000.0,4.4,13.3,7.433239813608482,3.8011419635930763,0.0,0.25378305864886175,0.21816140046532523,0.2520028504127089
2018-10-15,16890000.0,5.7,13.2,8.33758195748312,5.438326730589464,0.0,0.290398452361465,0.2509586910390545,0.25684386715989554
2018-10-16,6960000.0,4.7,11.2,7.09015182315884,4.217172461970586,0.04000000000000001,0.19029310955964343,0.17466197251433085,0.20237175801477428
2018-10-17,16239999.999999998,1.7,12.0,6.291916064204345,5.1180730375938275,0.0,0.2709363084891903,0.2355472321192536,0.26110627668048253
2018-10-18,16930000.0,2.8,10.5,6.045312285922133,4.833735646616392,0.0,0.2690174751259148,0.2323319672841752,0.25301175907055234
2018-10-19,16719999.999999998,3.1,11.8,6.435957698710726,4.480558676770737,0.0,0.2631559204907424,0.22611025548446134,0.25752756286166223
2018-10-20,16739999.999999998,7.2,13.5,6.330045759732203,2.493189965096876,0.0,0.24856306206468565,0.20859511196036834,0.27384080651897513
2018-10-21,16570000.0,5.8,14.1,6.351104034835655,2.831401809101614,0.0,0.25186641364120826,0.2126890848374663,0.27947318177147595
2018-10-22,12260000.0,5.9,12.8,7.508478350714133,3.2324671816382065,0.0,0.21013505980978858,0.18157890355679754,0.22504334060187575
2018-10-23,11870000.0,3.2,13.0,8.938538573195219,7.701053757736209,0.08000000000000002,0.20886934534397228,0.1821040215248808,0.18135309892139334
2018-10-24,16079999.999999998,2.8,12.3,6.662484540522359,4.309956242184276,0.0,0.2405144314666901,0.2047893733402594,0.24559694858149667
2018-10-25,15610000.0,5.4,14.1,6.761125673290353,4.175270109616017,0.08000000000000002,0.2717690894744226,0.2350437432293911,0.2926369531523252
2018-10-26,4680000.0,2.7,10.3,8.712966272985616,11.313635135733723,0.6900000000000001,0.13130091359216678,0.12120289675342255,0.10461059647591173
2018-10-27,10370000.0,1.0,5.6,5.684467634329493,12.905924525207357,0.13999999999999999,0.279279559945001,0.25897474949224164,0.1734199561219108
2018-10-28,11930000.0,2.6,9.8,7.0585187724885445,11.277718833715522,0.35000000000000003,0.2851008860168799,0.25957962836824133,0.20548080906603636
2018-10-29,8430000.0,-2.7,7.1,6.191852503506017,9.80814347613741,0.25,0.13976675025448854,0.12384866225476635,0.11416229397411566
2018-10-30,14780000.0,-1.2,4.9,4.652062817324141,7.246113932172313,0.0,0.22351879180014764,0.1959394220304,0.18251878177746067
2018-10-31,13160000.0,-1.5,6.6,5.097836507893427,6.168624871626244,0.0,0.1927444929270489,0.16760220643526724,0.17563316902090237
2018-11-01,14980000.0,-0.3,7.1,4.170629280463307,5.156982364780213,0.0,0.2307832424143692,0.20135720975868568,0.23157370678773007
2018-11-02,14760000.0,4.4,10.7,3.9149436230154158,2.5141411412741608,0.0,0.20156188287625015,0.16876947877512352,0.25339409732237866
2018-11-03,14600000.0,1.4,12.3,4.051926360901522,2.8164366832606964,0.0,0.20258227504400655,0.17076697239615696,0.26095821810407804
2018-11-04,14410000.0,2.9,11.9,4.441013646543357,3.504832471942907,0.0,0.2265104886559941,0.19462666639403925,0.2773899552256934
2018-11-05,13970000.0,4.3,13.4,5.684467634329493,3.3940905407201174,0.0,0.21787582361901064,0.18574964125464616,0.26665742895924366
2018-11-06,12900000.0,6.2,13.4,7.740526523236589,2.8194297084288804,0.19,0.17731737039217124,0.14693009589106934,0.20780654035769403
2018-11-07,3690000.0,6.8,9.9,10.31474326887854,4.630209935179912,0.30000000000000004,0.06755954066486795,0.05918376785484717,0.06879500168842553
2018-11-08,2740000.0,4.4,11.2,10.549391655492439,12.0080169747523,2.6,0.03991922938560657,0.033790356979623064,0.03938788427366504
2018-11-09,6000000.0,1.3,7.2,7.413435485102533,8.434344923941172,0.11000000000000001,0.10342965210753989,0.09132222903686496,0.08690364582245097
2018-11-10,12550000.0,2.0,10.2,7.128276704714971,5.875308405144259,0.0,0.17315644454064877,0.14638619721857887,0.17288038576869275
2018-11-11,8520000.0,0.6,10.6,7.722279339147078,3.917869945152234,0.21000000000000002,0.10129536414706002,0.08338489083409355,0.1198366095712684
2018-11-12,12140000.0,0.5,7.8,5.59471846470215,4.510488928452571,0.0,0.1551837226600642,0.1307626351149531,0.16892357051285217
2018-11-13,8300000.000000001,3.1,8.3,7.012349108323557,3.172606678274536,0.21000000000000002,0.10920071036808228,0.09170127567222051,0.12627851046687605
2018-11-14,12050000.0,2.6,9.5,5.972290932018564,2.6039318963196663,0.0,0.131872120697797,0.1062055812318649,0.16460014041579996
2018-11-15,10970000.0,3.8,9.6,6.047147890328515,3.241446257142757,0.0,0.15007471717254872,0.12627030384997515,0.182827503406219
2018-11-16,3920000.0,-3.0,6.7,6.041642555166838,4.938491527502816,0.18000000000000002,0.07249368348450075,0.06517899272012924,0.089272784923767
2018-11-17,12790000.0,-1.8,6.6,2.8561656671182196,4.408726072734332,0.0,0.19889792113987212,0.17458438187838216,0.23885796711957755
2018-11-18,4620000.0,-1.2,3.6,3.560330057292878,5.779531599762385,0.0,0.18651728912995258,0.17808783220289043,0.187313354484627
2018-11-19,11940000.0,-3.6,5.8,4.528370367617911,5.0701846349028905,0.0,0.1343947001666315,0.1126856665251768,0.15081658663071404
2018-11-20,12460000.0,-1.1,6.0,2.916192130507873,4.516474978788939,0.0,0.1962164954632074,0.17249069869583428,0.23385169670371037
2018-11-21,8540000.0,-5.6,7.5,3.5169363479561344,5.225821943648434,0.0,0.19212174121590658,0.1766762671748488,0.2071204297959761
2018-11-22,12300000.0,-7.1,-0.0,2.7421283567324424,10.191250697664902,0.0,0.21585087852722956,0.1971273609450256,0.16017460818181398
2018-11-23,11850000.0,-3.2,1.0,2.77784006551924,4.833735646616392,0.0,0.1557799461264297,0.1358991541632753,0.16914149183074284
2018-11-24,4310000.0,-2.6,3.4,5.59986201414332,5.638859416857761,0.42000000000000004,0.062209229759252305,0.05456551845870976,0.06570249559558619
2018-11-25,8189999.999999999,-1.1,4.2,4.977575409636415,5.180926566125681,0.0,0.11543883676736051,0.10031290229143483,0.12365267077772768
2018-11-26,11650000.0,-0.1,8.9,4.255949388054317,4.9295124519982645,0.0,0.1883758600315234,0.16475761172365666,0.23083708255053242
2018-11-27,11250000.0,-3.3,7.8,5.172500538097397,5.977071260862498,0.0,0.13390617008372624,0.11262740102436711,0.1576458696519834
2018-11-28,7100000.0,-2.1,4.0,2.2312272689921,3.944807171665886,0.0,0.17506871374948885,0.1622276287739022,0.21299023630768404
2018-11-29,9800000.0,-1.9,7.9,3.4504920205378293,4.085479354570511,0.0,0.16428072451125056,0.14527805705581517,0.21594176215784344
2018-11-30,11300000.0,-2.5,5.3,3.641511586715085,5.124059087930194,0.0,0.16001164378236177,0.13924998523530305,0.18727967452259536
2018-12-01,7200000.0,-1.0,5.6,5.088373950292916,4.549398255638957,0.0,0.11047996601759713,0.0968386665380396,0.13087907381546476
2018-12-02,8080000.0,2.5,8.0,7.962479658197601,4.483551701938921,1.05,0.06942989885959502,0.052620054440038956,0.08085563508797158
2018-12-03,4660000.0,6.5,12.5,11.326407811431276,5.2138498429757,1.3,0.05804809372680832,0.04715286165256412,0.06806327395580572
2018-12-04,4170000.0,-7.5,7.3,4.439616993388844,11.316628160901908,0.19,0.24677284355122459,0.2395106033494722,0.17666843655900993
2018-12-05,10270000.0,-4.0,4.6,2.996985518509216,3.615574403165698,0.34,0.12455923211475908,0.10641116182397829,0.16853703248278976
2018-12-06,5610000.0,-11.2,-0.2,3.3752966174681642,13.59432031388957,0.010000000000000002,0.10001562113432098,0.09222819797541668,0.07960153205654164
2018-12-07,7910000.0,-13.1,-9.9,1.6020522728637012,12.13671705698419,0.03,0.1392167813594108,0.13093335574760828,0.08073808402014065
2018-12-08,9580000.0,-13.7,-8.6,1.5410722929283127,10.430692711119583,0.0,0.1367275776489512,0.12650910159639642,0.0909934745083387
2018-12-09,11340000.0,-12.5,-6.1,0.48970822707892236,7.117413849940421,0.0,0.2011893184477153,0.18789811481651825,0.17802193462666194
2018-12-10,11020000.0,-6.7,0.8,0.9527653669508128,3.468916169924705,0.010000000000000002,0.13905000938664863,0.12185752158099517,0.1906648836793489
2018-12-11,2029999.9999999998,-9.5,-0.7,4.005800483871509,5.54607563664407,0.43,0.023266117111609256,0.02037284507513136,0.03631575434325808
2018-12-12,11240000.0,-9.5,-4.4,2.1617350537449314,9.55373633684181,0.0,0.1551135261181467,0.1403700001081208,0.11716360131009518
2018-12-13,3970000.0,-11.5,-2.4,2.7086260453008637,11.61593067772026,0.03,0.12362406672863782,0.11841661136744541,0.09081543702974451
2018-12-14,11170000.0,-10.8,-3.9,1.480595216959199,7.207204604985927,0.0,0.16220440953283546,0.14782264815965201,0.14775549159469165
2018-12-15,10250000.0,-5.8,1.5,0.9891703048876004,3.552720874633844,0.010000000000000002,0.14715450897352145,0.13064335062398175,0.201036740060151
2018-12-16,4860000.0,-4.0,1.5,4.213097844496795,7.524465272813381,0.25,0.11198846565014042,0.1038813132865277,0.10346395270896021
2018-12-17,10070000.0,-6.0,-0.7,3.196765622464803,12.370173020102508,0.03,0.1933893834088821,0.17793348619487603,0.13034032005383248
2018-12-18,6910000.0,-4.6,-0.0,3.8015115880684465,9.685429444241887,0.0,0.13713093915339292,0.12606584111581914,0.10770117951055998
2018-12-19,9780000.0,-1.8,4.8,4.804138790265362,6.503843690462798,0.0,0.12808665432870095,0.11005535589623339,0.13834130091246102
2018-12-20,7020000.0,-2.1,5.8,4.762368046494723,3.974737423347721,0.0,0.09784047886146331,0.08474121121710415,0.12912744533323914
2018-12-21,9500000.0,-0.7,9.4,5.747345500478095,4.088472379738694,0.0,0.10709674100163043,0.08786702263069668,0.15274930170990828
2018-12-22,10030000.0,-1.8,6.8,5.6101616662559595,4.420698173407065,0.12,0.0855422441631042,0.06641169469658612,0.11608938635648566
2018-12-23,10090000.0,-10.6,1.4,2.4733073428485164,12.657503436248126,0.0,0.23583184499791005,0.22113692859175682,0.17592154143351846
2018-12-24,11180000.0,-8.9,-3.3,1.9344412029872924,6.509829740799166,0.0,0.1387666562895179,0.12352235284342417,0.13462428528119985
2018-12-25,7070000.0,-3.5,1.1,2.788911177091087,4.764896067748171,0.0,0.14053565827225306,0.12871938019256793,0.15917691020336852
2018-12-26,9100000.0,-14.4,-1.2,1.4472910233717964,11.57402832536569,0.0,0.28430511948941406,0.2728342843922315,0.1817781887951487
2018-12-27,11010000.0,-14.9,-10.7,1.0894805289725624,17.769590423505587,0.0,0.24571915070133574,0.23496749255270144,0.10812644446761185
2018-12-28,10470000.0,-14.6,-9.8,1.242141120198805,13.049589733280168,0.0,0.17886827653802032,0.16830561691221066,0.10082828371879018
2018-12-29,11120000.0,-14.3,-8.4,1.5291279947160645,13.752950647803294,0.0,0.16804989957940775,0.15631252863687312,0.09425489965798813
2018-12-30,11110000.0,-13.3,-5.9,0.8269243326191982,4.603272708666261,0.0,0.11971923922250272,0.1068907709542942,0.13369021888306015
2018-12-31,11490000.0,-10.5,-0.9,1.08151432327662,7.653165355045273,0.0,0.2275306204035073,0.2115809783186926,0.21089583505503615
2019-01-01,5900000.0,-10.7,-5.4,2.4791274667875967,13.106457211475654,0.05,0.13027211844200964,0.12292297382073472,0.07793546066004578
2019-01-02,10790000.0,-10.6,-4.5,2.000830934414933,9.685429444241887,0.0,0.15989782812237752,0.14613509227690819,0.11939914850217734
2019-01-03,11100000.0,-8.8,-2.4,1.1754954862670912,5.2138498429757005,0.0,0.16103054278964277,0.1455537949908201,0.17479725485025296
2019-01-04,7190000.0,-6.4,1.1,2.553341533780266,7.937502746022706,0.0,0.20004329689896055,0.18868947363420202,0.17858308429089012
2019-01-05,11060000.0,-9.4,-1.9,1.329232082379691,7.635207204036171,0.0,0.21477494863951124,0.19938809866003254,0.19149707907247426
2019-01-06,11030000.0,-8.6,-0.8,1.455036079554281,6.635536797862874,0.0,0.19794247656913336,0.18194736804754225,0.19357063575699923
2019-01-07,11090000.0,-7.7,-2.3,2.5244368092505884,9.811136501305594,0.0,0.1786108996977857,0.16273590448948805,0.13410333230690133
2019-01-08,11070000.0,-13.0,-3.0,1.4540012713184514,13.63023661590777,0.0,0.2777812273036021,0.26395927748511183,0.17154801340408168
2019-01-09,8790000.0,-10.0,-1.9,0.41907102899337106,3.7053651582112033,0.0,0.15025803806521393,0.13819162485743902,0.1849082635457006
2019-01-10,10340000.0,-8.0,-2.1,2.643592736492045,10.047585489592091,0.0,0.1721973704607749,0.15742810312817682,0.12699760588590614
2019-01-11,11010000.0,-4.7,3.1,3.4260029437894683,3.4509580189156037,0.48,0.10150351114685827,0.0828212426504881,0.1325466023964245
2019-01-12,7770000.0,-6.2,1.6,3.417136163473639,6.339227306212706,0.010000000000000002,0.12799259626736764,0.11555036591252707,0.12882133258842848
2019-01-13,11760000.0,-6.7,2.4,2.257891090777108,5.064198584566523,0.0,0.16198669814103028,0.1430431642687779,0.18569893563422304
2019-01-14,10570000.0,-5.4,2.8,2.625143614484817,4.830742621448209,0.0,0.15520993414392006,0.1376114054755932,0.17833088680776227
2019-01-15,10500000.0,-13.5,-0.5,2.2236607198910825,12.983743179580129,0.010000000000000002,0.23199866288197998,0.21825760105821246,0.14649173893567763
2019-01-16,11890000.0,-11.9,-5.3,1.6088332075827914,11.729665634111232,0.0,0.2155267403983141,0.20110369378113674,0.13604275463171137
2019-01-17,7680000.0,-7.7,-3.4,2.6942516658818496,12.217528736525146,0.0,0.18460515084947968,0.17387320341712317,0.11378032804750829
2019-01-18,12150000.0,-5.3,1.7,2.294143037279564,4.615244809338995,0.0,0.15988434977700833,0.14004215803023268,0.18118612178759394
2019-01-19,10160000.0,-5.1,4.2,2.7131320054919486,5.653824542698678,0.26,0.19130616425312771,0.1738391889730758,0.20675552368790764
2019-01-20,12380000.0,-11.1,-3.5,2.0201687048070527,15.509856421527026,0.0,0.26260788610566455,0.24663091187437164,0.14032199050476024
2019-01-21,12450000.0,-7.6,-1.3,3.1998972673970125,13.51051560918043,0.0,0.18699064533658433,0.16874201646690684,0.11149184305217519
2019-01-22,12720000.0,-4.8,2.2,3.0797622406281575,11.032290769924472,0.0,0.27548769104833926,0.2543095184219326,0.1983246160024315
2019-01-23,11620000.0,-8.0,1.6,2.3987445688641618,10.065543640601193,0.0,0.2591106360003978,0.24116570358010964,0.2001149346633285
2019-01-24,13200000.0,-6.5,1.8,1.0298514937935481,5.725657146735083,0.0,0.24480869999705238,0.2237132230354883,0.25544713997809126
2019-01-25,11150000.0,-11.7,-2.2,1.4524502913022692,13.648194766916872,0.0,0.32586020083267525,0.3112347279668578,0.19422261368823393
2019-01-26,13560000.0,-10.9,-4.9,1.3669389220671258,9.760255073446475,0.0,0.23497975968249843,0.2179679508866607,0.16219067166849493
2019-01-27,13560000.0,-7.5,0.9,2.0841719880333804,8.745619541432259,0.03,0.25960717655786086,0.23875188500010197,0.20937461221383327
2019-01-28,11590000.0,-10.1,-0.2,2.0201687048070527,11.753609835456702,0.0,0.27974461413376306,0.2632618536177143,0.18930038610314526
2019-01-29,13760000.0,-6.2,3.9,1.2638778592043856,3.8340652404430946,0.0,0.19225291051117252,0.1692115840355998,0.23542288758831337
2019-01-30,11210000.0,-5.9,3.8,1.784415253530836,5.908231681994278,0.42000000000000004,0.24645947714718602,0.2276166630590514,0.2516610535941608
2019-01-31,3920000.0,-13.2,-5.4,2.1346281870940103,11.765581936129434,0.55,0.13298211390436185,0.12838762376024432,0.08514709476785018
2019-02-01,11750000.0,-9.5,-3.7,2.633914576866364,10.269069352037674,0.0,0.1560105919621401,0.14034821552221796,0.10078194140732147
2019-02-02,13670000.0,-5.1,3.0,3.966454801881895,5.447305806094015,0.8900000000000001,0.1445990309755489,0.12162121932659258,0.1371367004560869
2019-02-03,3240000.0,-7.7,7.5,5.274100044554754,13.920560057221573,0.7200000000000001,0.1702218455173955,0.164579241619631,0.12981737563341952
2019-02-04,14080000.0,-5.7,-1.1,1.6145035417225369,6.58166234483557,0.0,0.24590475830588382,0.22433853644615728,0.21407596274984614
2019-02-05,14180000.0,-3.0,5.5,1.8791062806376375,3.44796499374742,0.0,0.201760205882401,0.17584274447024378,0.24266955610174717
2019-02-06,12730000.0,-1.8,7.5,4.417323424452565,6.315283104867237,0.010000000000000002,0.2269121840854468,0.2023491124738203,0.22020834172232684
2019-02-07,10570000.0,-12.7,-1.5,1.4263087203199067,11.711707483102131,0.0,0.2972075264028354,0.28343881832472045,0.19601186491422123
2019-02-08,14310000.0,-10.9,-2.1,1.1047610917563908,5.124059087930194,0.0,0.19305490293517824,0.17389289331367663,0.18437861558038543
2019-02-09,15080000.0,-11.4,-5.9,1.1425531099629143,10.197236748001268,0.0,0.26856155778667373,0.2503133282894707,0.16969106751250093
2019-02-10,9990000.0,-11.9,-0.8,0.9724382099798629,6.195562098139896,0.0,0.22445882017445173,0.2109900577976505,0.20781044666253395
2019-02-11,15380000.0,-9.9,-3.9,1.7160646552503591,9.065873234427896,0.0,0.23742179062493968,0.21720119801075816,0.16094337586122287
2019-02-12,13650000.0,-9.1,-1.0,2.2266845928585464,6.213520249148997,0.0,0.18448143225846442,0.1649842853445414,0.15636881160573987
2019-02-13,15670000.0,-8.3,-2.1,1.579632999003518,7.365834938899654,0.0,0.25228518858026444,0.2300486465548024,0.19609948782352313
2019-02-14,12900000.0,-5.4,0.5,2.69963408747592,4.95046362817555,0.0,0.1823227866009019,0.16178862155911927,0.1673237388247309
2019-02-15,10750000.0,-8.6,0.2,2.8083800648186035,12.265417139216083,0.010000000000000002,0.25134222000629364,0.23541718676785495,0.15641498362450965
2019-02-16,13280000.0,-10.8,-4.5,2.1898932857858195,10.855702285001643,0.0,0.19936046382890354,0.18250136997179603,0.11732358269860325
2019-02-17,16680000.0,-8.5,-1.1,1.5049535768763018,7.955460897031809,0.0,0.28899967723120024,0.2649151946373862,0.2175952471005443
2019-02-18,11100000.0,-2.1,5.0,2.3602265120161476,3.7682186867430576,1.46,0.21980043874731905,0.19937085325592502,0.23822347270084893
2019-02-19,3070000.0,-6.2,2.2,4.90388502407252,8.392442571586601,0.91,0.059847552812990326,0.05487298775572365,0.055878285249992554
2019-02-20,13530000.0,-7.3,0.2,3.396159176088465,9.407078103600817,0.0,0.19398824052504002,0.1733923711846157,0.1279032390795181
2019-02-21,17040000.0,-3.4,4.0,2.9578039193449266,3.7293093595566713,0.0,0.21393686405159634,0.1838255575516057,0.21073161382224406
2019-02-22,9610000.0,-3.4,4.8,3.1091595199986646,3.400076591056484,0.0,0.17660331079935943,0.15937601715781313,0.19007234498938086
2019-02-23,14610000.0,-3.4,5.7,3.4516088439572914,5.106100936921093,0.0,0.23969818169349666,0.2130880015255107,0.22530448184721794
2019-02-24,17330000.0,-2.9,7.2,3.6779852859013618,6.219506299485364,0.0,0.294450068733625,0.26178151921693227,0.26151648469360966
2019-02-25,17280000.0,-4.3,6.3,3.3425874005547027,5.824426977285138,0.0,0.27530900706260186,0.24400118979490779,0.2474913663408243
2019-02-26,16710000.0,-1.6,5.4,2.7963136988774986,4.770882118084538,0.12,0.2821010048657647,0.25086706788237295,0.2674806569931357
2019-02-27,5290000.0,-2.5,2.8,5.555423255411693,4.300977166679725,0.25,0.07760745251161122,0.06831020428736535,0.07002527788202048
2019-02-28,15380000.0,-2.8,5.9,3.9149436230154158,5.453291856430381,0.0,0.2496397199224269,0.22123472941696454,0.2203760765040285
2019-03-01,18350000.0,-1.8,5.4,3.3469323008378495,5.812454876612405,0.0,0.30500687253878656,0.27082434271644,0.26031802943643734
2019-03-02,15780000.0,-0.4,7.4,4.069991021522344,4.411719097902515,0.0,0.262449263926673,0.23135206945428122,0.2483961350293767
2019-03-03,11480000.0,-0.9,7.3,4.802641408317417,3.5676860004747613,0.06,0.19080911819386803,0.16840349957424958,0.18969178866954076
2019-03-04,15520000.0,-1.5,8.3,4.480278372915207,5.507166309457685,0.0,0.2763385198999283,0.2458517357332922,0.24882802923721226
2019-03-05,13750000.0,1.1,8.7,4.876501241490257,3.432999867906503,0.05,0.23104955986131878,0.20274369430628236,0.2295791621451772
2019-03-06,12680000.0,-3.3,8.3,4.581225053965044,7.096462673763137,0.020000000000000004,0.26879115749743426,0.244606175719224,0.23300129149280976
2019-03-07,17350000.0,-4.3,5.8,3.862792250810074,6.815118307953885,0.0,0.28496497136603566,0.25380723256729193,0.22584096831483697
2019-03-08,19790000.0,-1.6,8.2,2.686195929203684,4.283019015670623,0.0,0.32779783518177175,0.28904834638137566,0.3190461625917469
2019-03-09,13860000.0,-0.5,9.7,2.7068255256716,5.136031188602928,0.41,0.35132491915863945,0.32305259234852424,0.35147225749290045
2019-03-10,3860000.0,-2.7,1.8,5.049113806983981,6.069855041076188,0.7400000000000001,0.09413891564357721,0.08750284038954173,0.07838106218674643
2019-03-11,11110000.0,-4.1,5.2,5.455736985844016,8.742626516264076,0.31000000000000005,0.1684860193023139,0.148676185916712,0.11671080701684307
2019-03-12,17500000.0,-7.9,6.2,3.5810503588317846,13.142373513493856,0.2,0.45845844331817,0.428819491853672,0.2412160655308045
2019-03-13,19750000.0,-6.9,1.5,2.385843501146239,12.519824278511683,0.0,0.4329584623604815,0.40183355469659565,0.2423035950438496
2019-03-14,19900000.0,-3.0,4.3,3.1398326193927537,7.596297876849786,0.32000000000000006,0.3672260545455025,0.33161600841264655,0.26628046229128605
2019-03-15,13760000.0,-5.3,3.4,4.50285322107191,10.01166918757389,0.48,0.2217097953067911,0.19849291676903744,0.13665900489717914
2019-03-16,19450000.0,-4.2,4.6,4.026243059028578,6.641522848199242,0.0,0.28614285458432004,0.25189708887490264,0.20672407583329533
2019-03-17,20670000.0,-3.3,5.2,3.843087771585238,6.030945713889802,0.0,0.3125900623613938,0.2752062276507774,0.23659906608361628
2019-03-18,13900000.0,-0.8,7.7,3.2844195637661997,4.7978193445981905,0.0,0.31019760973217875,0.2828491715231981,0.290975201275248
2019-03-19,20570000.0,3.5,11.8,5.305085900673505,6.548739067985552,0.0,0.4471354610575157,0.4013105017857105,0.37155219582226373
2019-03-20,8260000.0,3.6,11.1,8.374222497226361,12.447991674475277,1.52,0.2687914585016623,0.2505402974591586,0.1789250097106999
2019-03-21,8740000.0,-5.5,5.5,5.148567098059378,13.672138968262342,0.05,0.19899493754141978,0.18371801100062238,0.12643142684576922
2019-03-22,20180000.0,-5.5,3.2,2.809310161579893,10.02064826307844,0.0,0.40762253639538015,0.37383082358454744,0.255042130036058
2019-03-23,18170000.0,-7.3,2.7,3.055620518824833,10.712037076928834,0.2,0.34804110911167496,0.3189451856177942,0.21028836708096593
2019-03-24,22140000.0,-4.9,3.3,3.073710974385528,7.25209998250868,0.0,0.3534450309338975,0.3158768724861559,0.24291693753568017
2019-03-25,18400000.0,-0.7,7.2,4.9237468096739985,6.485885539453698,0.0,0.3277116309351249,0.29174198871786344,0.24368922787801556
2019-03-26,21150000.0,2.6,10.7,5.177299028016724,8.257756439018344,0.0,0.493050568649668,0.4472207700168983,0.3645021441790392
2019-03-27,21420000.0,1.8,13.0,6.3568579371312195,10.664148674237898,0.0,0.5261495059235244,0.47875523299839806,0.36285718483810003
2019-03-28,19280000.0,-1.6,11.5,4.893219634846392,4.7050355643845005,0.0,0.3641668200553988,0.32441667105158734,0.30795697887855145
2019-03-29,21270000.0,-0.9,10.8,4.853784969215685,5.5730128631577225,0.27,0.3853155595300175,0.34146256838317773,0.32086812072133447
2019-03-30,17170000.0,-4.2,5.8,4.367525299275453,14.638886097585619,0.13,0.4166971397887913,0.3858078367438176,0.22194854935015318
2019-03-31,21330000.0,-5.9,1.7,2.613780211713491,14.14802997000352,0.0,0.5023145432498596,0.467887448579338,0.25010292718791716
2019-04-01,19990000.0,-6.2,2.7,2.937416406897984,8.790514918955012,0.09000000000000001,0.36187605656680966,0.3291667295717167,0.23045530801556194
2019-04-02,23320000.0,-4.9,5.0,2.6462377187666455,6.294331928689953,0.0,0.3947597788117116,0.35392352047638603,0.29608442961660997
2019-04-03,23730000.0,-3.5,6.2,2.716741572450744,7.255093007676863,0.0,0.45781365014138464,0.4142898350159993,0.33511001796641615
2019-04-04,23400000.0,0.3,9.5,3.5626270452939566,9.257426845191642,0.0,0.5871918896893684,0.5390204530357063,0.4133058381980727
2019-04-05,20020000.0,0.6,11.5,4.1679876436365,9.53577818583271,0.0,0.5740929105288044,0.531450244959679,0.4230791048513285
2019-04-06,22430000.0,4.3,14.6,6.318585462001222,5.58797798899864,0.06,0.48117200820042305,0.4287958183566298,0.40745099145489194
2019-04-07,9350000.0,2.0,12.4,7.629357096818117,3.6814209568657352,0.12,0.2017302026522144,0.181155818438499,0.1959999499118572
2019-04-08,22540000.0,0.9,11.6,4.747528081593533,7.976412073209093,0.0,0.5249055087493835,0.47661740765555666,0.3948363443535704
2019-04-09,13970000.0,-1.4,9.5,5.1805002102746265,16.270084814245642,2.99,0.5220433467184946,0.49402882255741354,0.29317714456634186
2019-04-10,6540000.0,-2.4,3.3,5.810837833898592,4.2500957388206055,0.0,0.09919580689841957,0.08757634266421785,0.07740111926806739
2019-04-11,13460000.0,0.0,8.2,4.985307596664964,3.9627653226749864,0.0,0.2637460697329703,0.23671194557654768,0.2330326638336473
2019-04-12,18800000.0,0.9,9.0,4.128540735010566,6.285352853185402,0.0,0.429452160268469,0.39069164153031266,0.3416389177017538
2019-04-13,21780000.0,2.5,11.1,4.589847398082342,5.73164319707145,0.0,0.4725330889270987,0.42513819653930324,0.38660176643584226
2019-04-14,12460000.0,-1.6,8.4,5.005461083876151,11.810477313652187,0.33,0.4008061014902693,0.3763302425523642,0.25954450011642227
2019-04-15,24710000.0,2.4,12.3,3.8283679882340342,6.7762089807675,0.0,0.5854918797140011,0.5308930674427825,0.47235019180791815
2019-04-16,20830000.0,7.1,15.7,4.657888107134246,3.9388211213295183,0.0,0.4923441846484522,0.44135871609903043,0.47539974307641797
2019-04-17,20600000.0,4.0,15.3,6.7570743877622865,4.537426154966223,0.0,0.43494553170031847,0.38660085133089184,0.3831162389167339
2019-04-18,23120000.0,5.7,15.9,8.843076028549614,6.964769566363062,0.0,0.5043234446380264,0.44852361111272493,0.37566820047922145
2019-04-19,9810000.0,3.3,9.3,8.74342750591378,5.495194208784951,0.05,0.17204945604286273,0.1510030208121007,0.12112581049332705
2019-04-20,24170000.0,7.6,16.3,9.752311540493604,4.90856127582098,0.0,0.48353197544429516,0.4236220366874456,0.37425690812804946
2019-04-21,14850000.0,7.8,15.9,11.493537499919181,5.121066062762011,0.0,0.312544586008524,0.27581934026229116,0.24289468433875094
2019-04-22,22870000.0,9.0,19.8,10.893194459078444,5.465263957103116,0.0,0.53087761610393,0.4711334709156548,0.43785393879302037
2019-04-23,8820000.0,9.5,14.6,11.535657403717934,8.709703239414056,1.9600000000000002,0.28351186430111575,0.26160044519593306,0.2094917548413661
2019-04-24,8450000.0,9.9,16.3,13.19272866580908,4.091465404906878,0.13,0.2006929369910435,0.1792101312720596,0.17324393208856606
2019-04-25,8810000.0,2.4,11.6,10.221011572234964,6.695397301226544,1.2300000000000002,0.132741580047483,0.1134627680702214,0.07972907153394002
2019-04-26,8790000.0,-1.2,6.2,6.906343876068134,4.830742621448209,0.45,0.13028006470153694,0.11351460809030127,0.09320712372866946
2019-04-27,23600000.0,3.7,11.5,6.335782795769391,3.046899621210828,0.17,0.4001288128349333,0.3476251067472058,0.32995476932609086
2019-04-28,13910000.0,3.4,10.1,6.732811683545768,3.8220931397703612,0.13,0.28137045366231817,0.2511438038973445,0.23785836557851314
2019-04-29,3700000.0,5.7,8.8,9.45137116904354,4.585314557657159,2.74,0.0825559244703465,0.07440294040122705,0.08208810990344848
2019-04-30,15880000.0,5.7,16.5,10.615567719969045,4.097451455243245,0.020000000000000004,0.3193422479320301,0.2807436638925188,0.2658794056391007
2019-05-01,21960000.0,4.7,14.4,8.318098217078223,7.4556256939451595,0.03,0.486017783119015,0.4346101402938041,0.3445771644788498
2019-05-02,26580000.0,4.9,15.1,5.698387654507274,6.479899489117331,0.0,0.6283844669476729,0.5654625755320365,0.49941121903712415
2019-05-03,26560000.0,8.0,18.9,6.395335180696096,5.288675472180288,0.0,0.6582736958052481,0.5902429916954134,0.5827103356170609
2019-05-04,25350000.0,10.7,19.3,7.853123187466982,5.01930320704377,0.0,0.6433856938885578,0.5763624898554914,0.5649988308599199
2019-05-05,23200000.0,4.7,19.0,7.841567890361778,6.066862015908004,0.0,0.6415097391920567,0.5841342710901982,0.4878099057918428
2019-05-06,26830000.0,1.9,12.0,5.005461083876151,7.033609145231282,0.0,0.5824283055908084,0.5237983965051142,0.42505671484555024
2019-05-07,27160000.0,5.0,12.7,4.572617065501416,6.018973613217068,0.0,0.6228289431873544,0.5603703094710955,0.49155983945004456
2019-05-08,21600000.0,6.5,14.0,4.6959102734537215,6.515815791135533,0.0,0.6178736524835207,0.5664271416041013,0.5142991959587344
2019-05-09,25300000.0,6.0,15.6,5.5878669012822115,5.848371178630607,0.0,0.6211298908725145,0.5600686543591006,0.5159036564488471
2019-05-10,25990000.0,9.0,19.3,8.066071462863333,3.166620627938169,0.0,0.5546841389710837,0.4871350144675932,0.4966111957189443
2019-05-11,25120000.0,12.9,20.6,8.728185172210717,2.6757645003560713,0.0,0.5649539862301027,0.4962935333411457,0.5197473334787241
2019-05-12,24100000.0,7.9,19.4,7.674560986793384,5.270717321171187,0.0,0.6116937095100933,0.5497033040508601,0.5371529697601582
2019-05-13,22050000.0,9.0,18.7,10.03005567860972,4.1603049837751,0.11000000000000001,0.5011773548850276,0.44422254139740247,0.4240253302486375
2019-05-14,21290000.0,10.8,18.7,12.310517629961986,3.7771977622476083,0.22999999999999998,0.4639338060108768,0.40792379051824523,0.37346587345093557
2019-05-15,22260000.0,12.1,20.9,11.653006687022069,3.424020792401952,0.0,0.5227962944631295,0.4622317279969108,0.4551883596444788
2019-05-16,21330000.0,11.6,20.5,11.712074153705798,4.0645281783932266,0.06,0.5173989439345897,0.4598498539568309,0.4430787993095192
2019-05-17,17400000.0,11.1,19.8,11.574657782618921,9.652506167391866,3.6,0.6057000091114471,0.5592892132012203,0.4579434361541278
2019-05-18,5560000.0,10.9,12.6,13.258603740045688,14.905265337553953,0.9,0.15534057218078462,0.14162149835471693,0.07512449405678692
2019-05-19,7810000.0,10.5,15.7,14.93693505635156,10.756932454451587,0.86,0.1579110937477019,0.1380553881068422,0.08280046524390436
2019-05-20,19870000.0,4.1,12.1,7.4862798925585015,11.798505212979455,0.020000000000000004,0.5413894281951076,0.4965851329730902,0.31926654950028277
2019-05-21,28130000.0,6.6,15.0,6.999803766755664,9.912899357023832,0.0,0.7643879693896782,0.6964965629421556,0.5057694262964558
2019-05-22,28050000.0,10.4,19.0,8.284098294853655,6.78518805627205,0.0,0.7540279415468467,0.6803073932411722,0.5989483809449769
2019-05-23,27760000.0,11.1,20.3,10.197696177773826,7.329918636881453,0.0,0.7544026361878842,0.68000147744866,0.579940556551193
2019-05-24,26880000.0,13.4,23.5,11.218290385694813,6.0369317642261695,0.0,0.764053670158757,0.68835529489532,0.6508140293456098
2019-05-25,20260000.0,15.2,22.7,10.104902299032156,5.1150800124256435,0.0,0.6527440587542128,0.5952102493618474,0.6099410411508647
2019-05-26,24650000.0,12.8,22.3,11.994576882851018,10.999367493074454,1.32,0.8621324273873545,0.7937832677255933,0.6245693391617826
2019-05-27,6920000.0,6.7,16.1,11.994576882851018,12.073863528452339,2.37,0.2361932470218277,0.21925520370152052,0.17264936716406662
2019-05-28,24250000.0,7.9,14.6,7.202927036514729,8.70371718907769,0.0,0.6852343241296285,0.6260841985920459,0.48176638677554706
2019-05-29,27870000.0,10.9,19.4,7.897170479450254,8.084160979263702,0.0,0.8406516141436228,0.7667477819662092,0.6558050552041467
2019-05-30,21110000.0,8.8,20.0,8.894565175827552,5.088142785911992,0.43,0.5652169433798051,0.5100705111574837,0.5007754849547404
2019-05-31,20950000.0,7.1,17.6,9.308022145034622,5.4353337054212805,0.0,0.5029432351313341,0.4505470657032292,0.4082093691330619
2019-06-01,23270000.0,11.8,18.0,9.893159244689393,3.5227906229520087,0.0,0.5354114823890709,0.4740093259125008,0.45387644322030296
2019-06-02,26680000.0,11.0,20.3,10.104902299032156,3.8939257438067654,0.0,0.6160212836676322,0.5445831912678935,0.5214919216083291
2019-06-03,26970000.0,12.6,23.3,11.997935799136599,2.8373878594379813,0.0,0.6151824166990709,0.5398767670851954,0.5376547717115066
2019-06-04,27440000.0,13.0,24.1,11.907534847426223,4.265060864661523,0.0,0.6948572546186937,0.6174514785238491,0.6055192725874032
2019-06-05,25720000.0,16.5,24.7,15.253423912085564,3.1247182755836,0.04000000000000001,0.639966321570664,0.5649864872739337,0.5466772831899988
2019-06-06,12600000.0,11.5,20.8,14.94508204621818,10.55639976818329,4.98,0.4272276638003773,0.3931684384686932,0.3141084621042435
2019-06-07,8390000.0,10.7,16.7,13.929590990852134,4.4745726264343695,0.35000000000000003,0.20979633304660023,0.1881928137701239,0.1732838305527709
2019-06-08,20740000.0,11.3,18.9,14.215581050926502,3.4778952454292558,0.0,0.4361907986619892,0.38124783135254814,0.3334364382422363
2019-06-09,24180000.0,9.6,19.2,12.52867763495167,4.740951866402703,0.42000000000000004,0.5246564024597946,0.4614900959161786,0.39537762016140376
2019-06-10,11560000.0,10.0,15.3,11.62683870654628,3.265390458488225,0.1,0.27066462704629596,0.24156087473331317,0.23134870628208004
2019-06-11,18810000.0,9.2,16.9,12.238543651141255,4.031604901543208,0.22999999999999998,0.39288431677573976,0.3451142595270648,0.2991006672320984
2019-06-12,21810000.0,10.6,18.7,12.139759419500898,2.720659877878824,0.010000000000000002,0.4575531854265898,0.40028992857575635,0.3768859452612515
2019-06-13,24800000.0,13.4,21.3,14.368370445416433,3.675434906529368,0.010000000000000002,0.5686769611351317,0.500154672958937,0.45167834418810104
2019-06-14,10220000.0,11.0,18.3,14.122267679529756,3.756246586070324,0.24,0.2544450161281477,0.22761188980923358,0.21923735302924427
2019-06-15,23010000.0,10.5,17.4,13.727878435547009,8.461282150454824,0.19,0.5073017339544129,0.447743796827738,0.29985826468745114
2019-06-16,21570000.0,12.5,19.3,13.17812888212216,3.7622326364066905,0.0,0.49412416029933637,0.43609238072545164,0.39450873781326345
2019-06-17,25640000.0,13.2,20.2,13.040137525909685,5.043247408389239,0.0,0.6210113243747931,0.5509935757789561,0.47761376798236055
2019-06-18,18480000.0,12.8,19.6,14.5544159551269,4.926519426830081,0.0,0.4489685399021992,0.3989681820074662,0.3438189339642882
2019-06-19,19180000.0,12.7,20.7,15.357438035376392,4.082486329402328,0.04000000000000001,0.44587756632764136,0.3935007949521282,0.34861814613849873
2019-06-20,24710000.0,13.6,23.4,15.775473084117797,4.420698173407065,0.0,0.5992159229460206,0.5295698803586789,0.4747463824754926
2019-06-21,26680000.0,13.7,22.3,15.411770989572995,4.702042539216317,0.06,0.630752792985088,0.5561925445031901,0.47867046763473764
2019-06-22,19680000.0,12.1,19.4,14.799031482532037,3.148662476929068,0.55,0.4224908311174508,0.3696948811300532,0.33037232632240626
2019-06-23,24550000.0,12.3,20.4,12.500787705945262,3.7472675105657727,0.0,0.5650896610553333,0.4984798948090643,0.46028054037824273
2019-06-24,22880000.0,12.2,21.8,14.293755390539381,4.315942292520642,0.1,0.5422451946760256,0.4794228538773736,0.4337124401325692
2019-06-25,22730000.0,13.4,23.6,15.470472000222042,4.486544727107104,0.020000000000000004,0.5699814903096347,0.5059161504468148,0.4656256309674022
2019-06-26,4150000.0000000005,14.3,17.3,16.989522720494286,6.294331928689953,5.2,0.11758371010223849,0.1064397909262075,0.10461389833639116
2019-06-27,14530000.0,15.4,22.6,19.423390636126864,3.456944069251971,0.38,0.3511253869665744,0.30982944551713343,0.2789212008262599
2019-06-28,18420000.0,15.9,22.6,18.34317530080849,3.875967592797664,0.26,0.45483136783703565,0.4022648284116209,0.3569585419012264
2019-06-29,4860000.0,15.0,17.0,17.380986824528197,6.291338903521768,4.64,0.13059015981074257,0.11749007278821053,0.10296658627321831
2019-06-30,22460000.0,15.7,22.2,18.16351915496763,6.464934363276413,0.06999999999999999,0.5661639362333661,0.5023826253275159,0.3910714720385511
2019-07-01,11180000.0,14.0,19.8,16.53889277748382,5.192898666798415,0.03,0.3007749858525119,0.2701331939285173,0.23897794542287012
2019-07-02,26670000.0,12.8,21.4,13.895155510229012,4.3847818713888636,0.0,0.6174212744896628,0.5440606057952693,0.48013016837677763
2019-07-03,20050000.0,13.9,21.9,15.420144861589236,3.573672050811129,0.0,0.48291281891683635,0.4269776155384237,0.3964490760886008
2019-07-04,27040000.0,15.9,24.5,15.261722227030765,3.007990294024442,0.0,0.650640821322462,0.5722981300315628,0.5476225894225182
2019-07-05,25080000.0,14.2,24.5,15.382493857826935,4.486544727107104,0.0,0.63824923936826,0.5665601985533595,0.5266608380947175
2019-07-06,28490000.0,13.3,23.3,14.542477826258894,8.129056356786453,0.0,0.7813721842359447,0.7013435390402804,0.5662720464435778
2019-07-07,25140000.0,12.3,21.3,13.933421778648425,8.105112155440985,0.0,0.6698819651492223,0.6011041605233044,0.4732173676500051
2019-07-08,18170000.0,12.3,19.3,14.786917358619776,5.980064286030683,0.04000000000000001,0.4393143957535637,0.390522826734652,0.31770959660543835
2019-07-09,15660000.0,13.2,18.6,14.646227853831034,7.784858462445348,0.04000000000000001,0.4337122514899889,0.39158069524858713,0.30466544427163456
2019-07-10,6200000.0,15.2,16.8,16.812512418652336,9.251440794855275,2.7800000000000002,0.19915019867169928,0.18243815349892178,0.13471032487314433
2019-07-11,12440000.0,13.6,18.6,17.172767294300332,7.904579469172689,0.21000000000000002,0.29195541988653767,0.2583602567272637,0.18039662419563296
2019-07-12,17830000.0,14.8,20.3,16.30433679798853,5.085149760743808,0.010000000000000002,0.44490055267259054,0.3954617893148134,0.3351826311535906
2019-07-13,17570000.0,15.5,20.9,17.432220331454378,2.9960181933517083,0.18000000000000002,0.4065551530117606,0.3572849496289565,0.32337777882899277
2019-07-14,15870000.0,15.9,21.6,18.622990474223233,2.3435387066876996,3.2100000000000004,0.36508498370808523,0.32016701943869746,0.2974758192700147
2019-07-15,20770000.0,14.5,21.8,17.813579812050012,2.217831649623992,1.7600000000000002,0.44891489598340406,0.39072097727499916,0.3572274439547306
2019-07-16,19800000.0,16.2,21.5,18.90653860891586,2.954115840997139,1.72,0.4460430131703327,0.3899084608801865,0.3405626910953957
2019-07-17,19420000.0,16.5,22.0,18.245871461075126,4.345872544202478,3.0,0.4796942590779329,0.4242739444394121,0.3658611464311011
2019-07-18,8800000.0,16.3,18.7,18.672464565724134,4.253088763988789,1.1900000000000002,0.2165926605675735,0.19221364178508812,0.16539947528482316
2019-07-19,8740000.0,18.4,20.2,21.774806582849656,14.216869548871742,3.9700000000000006,0.23380309868182564,0.20884081355816106,0.11192130439936046
2019-07-20,5600000.0,18.2,19.9,21.186868262043927,13.734992496794195,6.670000000000001,0.1843058229494557,0.16837687740561375,0.10434681899552242
2019-07-21,14470000.0,18.5,21.8,21.882707094199645,8.649842736050386,1.04,0.3794446416083089,0.33755355753993205,0.22978488064848784
2019-07-22,23560000.0,19.3,25.1,22.042571038563203,6.868992760981189,0.020000000000000004,0.6459620624029945,0.5756403633174146,0.4490275549187551
2019-07-23,21580000.0,19.0,25.1,21.650450988008423,6.0369317642261695,0.1,0.5914148027754412,0.5271404569175525,0.43191218840497303
2019-07-24,10350000.0,19.9,24.0,22.82186379796277,5.686747819548697,0.26,0.325231046678248,0.2944485118161143,0.2615697263056832
2019-07-25,13860000.0,19.7,24.5,24.60397122776794,6.153659745785326,0.48,0.36940169665629147,0.3280912908154358,0.2547612363525825
2019-07-26,15910000.0,19.5,25.8,22.99365336865248,6.210527223980814,0.15000000000000002,0.473744324623139,0.42595521442286366,0.3638964186411798
2019-07-27,14420000.0,19.9,24.1,23.949621698757408,6.366164532726356,1.42,0.39347088670628505,0.3505527605302613,0.27349876969895454
2019-07-28,12030000.0,18.8,23.4,22.452529210238733,7.428688467431508,0.43,0.3509036201337498,0.3155672569423975,0.24936532479993767
2019-07-29,21840000.0,19.3,25.5,21.054449989291008,7.4616117442815275,0.010000000000000002,0.6524547653644504,0.5870824714951528,0.4791715080044746
2019-07-30,19340000.0,20.1,25.3,22.99365336865248,9.972759860387503,0.09000000000000001,0.6100285857429262,0.5518964019886636,0.4062575472956179
2019-07-31,22340000.0,18.7,25.6,22.73344840876196,6.375143608230907,0.08000000000000002,0.5914285032620795,0.5247956084867724,0.4144611357581137
2019-08-01,24340000.0,19.0,27.1,22.284282761202242,4.127381706925081,0.0,0.6330565068938695,0.5595423715764942,0.4937854591808407
2019-08-02,22500000.0,19.5,26.5,22.91650490373455,3.145669451760884,0.19,0.5671943877993919,0.49928398419860287,0.4463442169261797
2019-08-03,20850000.0,18.7,26.3,22.336378749334084,4.459607500593451,0.05,0.5480898260995956,0.4855932309895398,0.4255241788955878
2019-08-04,23550000.0,19.5,26.6,21.80315622203419,4.223158512306953,0.010000000000000002,0.6224281663559761,0.5513000691199783,0.49004363821408975
2019-08-05,23150000.0,19.0,26.7,21.24780317089807,4.8427147221209434,0.010000000000000002,0.6286137375739678,0.558885106830463,0.49705853250161464
2019-08-06,15820000.0,18.7,25.0,21.718204050161003,7.225162755995028,0.5700000000000001,0.4794006002538257,0.4324170971741368,0.36213423001209116
2019-08-07,23190000.0,19.8,26.1,22.60431446739747,4.627216910011729,0.17,0.6088777518193701,0.5389326417235687,0.4616176480175228
2019-08-08,17290000.0,19.8,25.9,22.528310020993633,3.400076591056484,0.75,0.46085927157645895,0.40878117112051093,0.3779659495972356
2019-08-09,21990000.0,19.8,26.4,22.423442174527228,3.28634163466551,0.03,0.5619789048923091,0.4955172274322589,0.44888733971767925
2019-08-10,22130000.0,18.9,25.6,21.3980213862927,11.894282018361327,0.020000000000000004,0.7262217741138739,0.6601214912334956,0.47505264806443304
2019-08-11,17020000.0,20.1,24.8,22.29585045237656,16.174308008863765,0.9500000000000001,0.6779969156339791,0.6270162376130408,0.40826714520282226
2019-08-12,18700000.0,19.1,24.6,23.95578111573511,8.38944954641842,0.25,0.4869552799021323,0.4314185221530688,0.30289890380826806
2019-08-13,21280000.0,19.0,26.2,23.250457389244538,4.16928405927965,0.2,0.5376387136882566,0.473764101469479,0.4080811754787376
2019-08-14,16980000.0,19.7,26.3,22.786461617746554,7.102448724099505,1.32,0.5245058480854137,0.47325613016801815,0.40408922493073635
2019-08-15,11330000.0,18.2,22.4,22.220754260633566,9.54475726133726,0.22000000000000003,0.3117303456817394,0.2788529947466712,0.19599487096100843
2019-08-16,20240000.0,16.9,22.6,21.02695420784076,8.688752063236771,0.52,0.4881770233121963,0.42994991005370337,0.29206570187258996
2019-08-17,24670000.0,15.7,24.6,18.771758340965388,6.617578646853773,0.24,0.624848266560633,0.5534278765145475,0.4575162008139092
2019-08-18,25570000.0,16.2,24.4,15.365785993321406,3.097781049069948,0.0,0.5987250229553952,0.5245260941460665,0.5147011018506701
2019-08-19,21950000.0,17.0,24.3,19.219247189342884,4.339886493866111,0.06999999999999999,0.5380359503312211,0.4739976557459242,0.4228455069172895
2019-08-20,16990000.0,16.6,23.4,19.11788210209164,6.150666720617143,0.04000000000000001,0.45862757540703053,0.40955650573676,0.35331136861553064
2019-08-21,13390000.0,19.5,23.3,21.91687799074168,4.1782631347842,8.450000000000001,0.35476716433608785,0.3152605322816277,0.28291682887545544
2019-08-22,14220000.0,16.4,23.8,19.07746738627775,6.192569072971713,1.4900000000000002,0.4124616887769057,0.3713265329957433,0.3366724491606431
2019-08-23,16940000.0,14.0,22.0,16.632645530251395,6.677439150217443,0.0,0.44568578199668707,0.39834505451230356,0.34424258625152915
2019-08-24,15410000.0,14.6,20.8,16.159771143296464,5.459277906766749,0.0,0.3979256721502948,0.35508445703403846,0.3183946517320145
2019-08-25,16600000.000000002,13.6,20.9,16.15104584456097,4.402740022397965,0.0,0.3841003412201881,0.3383162127338706,0.30843185365187126
2019-08-26,23430000.0,16.3,22.7,17.446216063995493,5.740622272576,0.75,0.5760963033732145,0.5089612024005101,0.4337059318587542
2019-08-27,7340000.0,16.9,21.2,20.6182725379895,3.1366903762563334,1.4400000000000002,0.1813109950097854,0.16043269852910688,0.155637168964729
2019-08-28,11010000.0,16.0,22.2,18.299332444264927,4.196221285793301,0.2,0.29925942094323477,0.2679162638062061,0.26207233585045236
2019-08-29,6960000.0,14.2,18.9,17.191186710582045,5.381459252393977,0.15000000000000002,0.18666611292608015,0.16771201069581868,0.1544513775240819
2019-08-30,19860000.0,13.5,19.1,14.880015210641748,7.93151669568634,0.020000000000000004,0.487080513034449,0.4332459137532293,0.3352166454343547
2019-08-31,18890000.0,14.4,20.5,14.52260005114755,4.7948263194300065,0.0,0.45981815379830077,0.40753257416357824,0.37929082032498285
2019-09-01,9940000.0,14.3,19.9,16.012002058497895,3.109753149742682,0.7400000000000001,0.24857751583047732,0.22123574429608395,0.22685858260833786
2019-09-02,6580000.0,15.1,18.3,17.223462374810907,3.5557138998020275,1.4400000000000002,0.1683077685148539,0.15033909512325455,0.1494701497013784
2019-09-03,6840000.0,16.0,19.0,18.499807414562895,6.213520249148997,1.4100000000000001,0.1869139581619011,0.16796481174460565,0.14537679309853938
2019-09-04,9280000.0,17.5,21.1,21.04894831682906,5.590971014166825,0.7000000000000001,0.22734886580554464,0.20084428846600147,0.16687255591910155
2019-09-05,12220000.0,18.1,21.7,21.723858503912034,5.450298831262198,0.55,0.2876194997009061,0.25238088874568126,0.20267888274064716
2019-09-06,9390000.0,19.1,22.0,21.87701647905409,16.590338507241274,3.9200000000000004,0.3592891554224108,0.33193605179390284,0.2077031913421866
2019-09-07,15540000.0,17.0,23.1,20.8353621820856,11.577021350533874,1.5300000000000002,0.4376939870153653,0.39277558914849564,0.27497708212224753
2019-09-08,10670000.0,17.8,22.8,20.629079802972424,2.7056947520379064,1.03,0.2616922274008908,0.23073006195718587,0.22895221844491614
2019-09-09,6840000.0,17.0,21.5,21.203471686566257,6.429018061258212,0.81,0.17898003634455456,0.15946021388690876,0.1368419079170779
2019-09-10,19090000.0,17.6,24.5,19.027054253293187,6.42003898575366,0.010000000000000002,0.5264219183055548,0.4703897652318251,0.42209759324938945
2019-09-11,15470000.0,14.7,24.3,18.279876225575677,8.188916860150124,0.6200000000000001,0.45018950056004065,0.4058625687611615,0.3633589354149736
2019-09-12,6480000.0,12.3,15.8,13.918104177685926,7.380800064740572,0.67,0.20520826361549638,0.18840106891678807,0.16554299889552243
2019-09-13,22530000.0,12.7,20.3,13.975621559708687,4.420698173407065,0.0,0.4687852338876698,0.4074860567769821,0.38017638611304666
2019-09-14,18890000.0,15.3,21.8,17.75662474005249,3.4898673461019896,0.0,0.3986394286894924,0.34535243486909817,0.3205276605392927
2019-09-15,14010000.0,14.8,21.6,18.57856203334805,3.669448856193001,1.0,0.29975801018294146,0.2604708417485029,0.24259638164809427
2019-09-16,18410000.0,11.7,21.3,13.569857803790661,4.516474978788939,0.06,0.4148680908189478,0.36477852798682353,0.3666055741200937
2019-09-17,22170000.0,12.4,19.9,11.971087616630152,4.9295124519982645,0.0,0.4934973734452307,0.433569355540196,0.4234389483684321
2019-09-18,22320000.0,9.7,20.2,10.983001643874326,7.144351076454073,0.0,0.5436014799240159,0.4846476664698523,0.4531731229683994
2019-09-19,18730000.0,10.3,18.6,11.672666658388493,3.920862970320417,0.0,0.3788130636717324,0.3298343742687502,0.33384436779132143
2019-09-20,10200000.0,12.5,15.0,12.36560449202761,10.813799932647076,0.32000000000000006,0.35925080413036586,0.33295921609492046,0.25269932647676696
2019-09-21,2950000.0,10.7,13.7,12.77150802249351,14.408423159635488,7.940000000000001,0.1676796181189588,0.16032626369628003,0.12075754495330444
2019-09-22,1970000.0,9.2,12.6,11.81773353157128,16.581359431736725,4.16,0.14494330703805086,0.1401774503066436,0.10638951513245716
2019-09-23,12810000.0,8.8,16.3,11.42578344058816,3.1815857537790864,0.0,0.24695243166275388,0.21477243999287787,0.2266092705375808
2019-09-24,21460000.0,11.4,18.4,10.317684540286132,2.876297186624367,0.0,0.39850882731290777,0.3418826873048634,0.37004671319877225
2019-09-25,14120000.0,11.9,18.4,11.419349038282109,4.435663299247984,0.0,0.3487123839700984,0.31126989705423613,0.3295857546249124
2019-09-26,17780000.0,12.8,19.1,14.34870181811774,5.402410428571262,0.0,0.3768011449621279,0.3289206040466652,0.3022026256665093
2019-09-27,16420000.000000002,14.8,20.8,16.85321675240367,3.543741799129293,0.020000000000000004,0.33497115149184886,0.289242344089938,0.2802206822726741
2019-09-28,13750000.0,14.0,20.9,17.497618068909834,2.469245763751408,0.26,0.2646059126919863,0.22654732508068748,0.2287856846106982
2019-09-29,15920000.0,15.3,22.0,16.405764392484407,3.046899621210828,0.020000000000000004,0.3403848916915965,0.29540059486129777,0.3073249440846867
2019-09-30,16370000.000000002,14.8,21.3,17.549152795117166,3.3013067605064275,0.19,0.32372615178079434,0.27793893434200173,0.27028294314051804
2019-10-01,3640000.0,15.2,17.4,17.676211650420118,5.698719920221431,2.33,0.09915374920098277,0.08928678337099086,0.08937436967472827
2019-10-02,2650000.0,14.7,17.3,18.08630885953864,11.612937652552077,8.88,0.05263263151224601,0.04548957994646207,0.042568564630317135
2019-10-03,12980000.0,12.3,19.4,15.7285369509343,7.686088631895292,0.12,0.29115768768772077,0.2562695362828854,0.2212971712994894
2019-10-04,16160000.0,13.1,21.3,15.673224994421043,5.01032413153922,0.09000000000000001,0.3471347572243547,0.3026039836438524,0.2994053595701315
2019-10-05,9510000.0,9.2,16.1,13.119871634858843,7.347876787890552,0.05,0.20146479438143966,0.17752217461530936,0.1587379067332511
2019-10-06,10850000.0,9.0,14.5,10.418128223753648,6.734306628412931,0.33,0.27820476159657603,0.25143282796117417,0.2381395313399249
2019-10-07,2710000.0,7.8,11.4,11.5389030137868,7.916551569845423,0.87,0.06069281988015783,0.054340852194615194,0.05881346602202062
2019-10-08,14880000.0,3.3,14.4,7.380531778247724,9.990718011396606,0.0,0.4122237070754366,0.37800483852985733,0.33142106153492606
2019-10-09,18770000.0,8.3,15.9,6.435957698710726,2.879290211792551,0.0,0.3267246255421554,0.28004208929757884,0.348633354326985
2019-10-10,17400000.0,9.5,17.1,8.288947908596432,3.1546485272654348,0.0,0.32366778202458396,0.27924123254040784,0.33638787684316934
2019-10-11,17320000.0,10.2,18.7,9.607706792518494,7.108434774435871,0.0,0.46195641376419266,0.416664854743389,0.42706319042220464
2019-10-12,17520000.0,6.2,16.4,8.79184984987881,8.22782618733651,0.0,0.4114498857337967,0.3686656748946956,0.35159011603825147
2019-10-13,17890000.0,7.1,14.8,8.95410429050065,5.049233458725605,0.0,0.3170625819093658,0.2737316249949299,0.2867609239415093
2019-10-14,15170000.0,3.7,14.1,9.00616273913002,8.197895935654673,0.0,0.28348755537340764,0.24855678076827914,0.23098374080536174
2019-10-15,9590000.0,5.5,11.0,8.522208907211343,5.004338081202852,0.020000000000000004,0.1881518228413432,0.16644131282628416,0.17259038723360876
2019-10-16,16960000.0,7.3,13.8,7.885558001362521,2.7475971043924754,0.0,0.2547047606021405,0.21401573569666726,0.2587287843147387
2019-10-17,11920000.0,7.9,13.2,9.2144114407606,7.4556256939451595,0.0,0.29217775573439425,0.263580280682906,0.2471096163473197
2019-10-18,4930000.0,8.2,11.9,11.051565273288963,6.135701594776225,0.18000000000000002,0.12009022189648735,0.10840526662612734,0.10703003641655362
2019-10-19,16300000.0,7.9,15.4,9.013994474151001,4.211186411634219,0.0,0.2850026776899697,0.2448749054689105,0.28105161712251336
2019-10-20,16210000.0,8.3,15.7,8.804631804285965,3.3282439870200795,0.0,0.268048691074718,0.22782373106385362,0.27737090277666737
2019-10-21,16690000.000000002,7.3,15.7,9.190474646654613,5.26473127083482,0.0,0.3024655200307169,0.26151901373749453,0.28887345798755837
2019-10-22,12460000.0,8.3,15.3,10.076057126307802,5.082156735575625,0.0,0.24900094340163278,0.21822136206197343,0.2411357711542442
2019-10-23,7100000.0,9.3,13.2,10.256072684888574,8.230819212504693,0.06999999999999999,0.24058964335495253,0.2232714622697222,0.20772352886799778
2019-10-24,12190000.0,7.9,14.6,10.501492000494505,5.890273530985177,0.04000000000000001,0.23015023735152035,0.20041662785448403,0.2088646458755617
2019-10-25,12600000.0,4.0,16.4,9.907342079036901,7.748942160427145,0.020000000000000004,0.25386328306883926,0.22388933806042877,0.23738794702050042
2019-10-26,15220000.0,0.8,9.4,6.52966668471278,9.149677939137034,0.0,0.2616892329601817,0.23016732232063367,0.20178659370662996
2019-10-27,16280000.000000002,1.9,8.8,5.210998946940062,5.519138410130419,0.0,0.26029508942477053,0.22632448893152385,0.2468695970860324
2019-10-28,15250000.0,5.2,10.9,7.319456353951088,5.537096561139521,0.010000000000000002,0.24794339541089655,0.21360241575974656,0.23039727704439522
2019-10-29,13260000.0,1.7,10.8,7.045900496145625,8.598961308191265,0.0,0.24973580079511765,0.22132851505846526,0.20968690064821643
2019-10-30,15650000.0,3.7,10.6,6.383770450989468,5.752594373248734,0.0,0.2585551256710998,0.22416540011395325,0.24693829045114263
2019-10-31,15000000.0,6.6,13.0,9.195789192635095,7.255093007676863,0.0,0.2581584411295231,0.2228244010119627,0.2211244682276276
2019-11-01,13980000.0,5.1,14.9,8.332707252276519,5.309626648357573,0.0,0.24577237350931722,0.21267801527039326,0.25751780035945626
2019-11-02,9530000.0,6.4,13.4,9.100540622140931,3.0678507973881124,0.0,0.15292309103993482,0.1304185792304622,0.17138878299519722
2019-11-03,11920000.0,5.1,13.5,8.004715362662141,4.74693791673907,0.0,0.21092215235175965,0.18319303009048185,0.22645489466499397
2019-11-04,8080000.0,3.1,10.2,8.840508483700715,2.9720739920062402,0.16000000000000003,0.09104706150785016,0.07353856160464546,0.09783047998924768
2019-11-05,14460000.0,2.6,11.9,7.121910012748601,5.62988034135321,0.0,0.2152501574503515,0.18338741430454958,0.21859509875392255
2019-11-06,14020000.0,3.8,13.0,6.941520579172738,6.222499324653548,0.0,0.26008146656899706,0.2282161456031146,0.26704527555419844
2019-11-07,12670000.0,-1.6,9.9,5.438998820397744,7.695067707399842,0.0,0.23300905877144648,0.2075218117206592,0.22550548612791088
2019-11-08,14660000.0,0.3,8.0,3.286557788745447,5.839392103126056,0.0,0.2808708016618146,0.2513804274104696,0.2942662848598124
2019-11-09,13960000.0,1.3,9.7,4.140339899048998,5.860343279303341,0.0,0.27418848885633806,0.2449288277565501,0.29220278793444787
2019-11-10,8050000.000000001,3.2,9.2,6.912540063092076,9.823108601978326,0.8900000000000001,0.2358558139398863,0.21863484796574206,0.19250144375010153
2019-11-11,9690000.0,1.5,9.0,7.278266886980506,10.272062377205856,0.010000000000000002,0.1812765054617298,0.16111717471599982,0.14457611398336542
2019-11-12,11420000.0,3.1,10.6,5.540113471554388,3.618567428333882,0.0,0.17865622757448396,0.15377055933897427,0.21701669355975706
2019-11-13,5210000.0,-6.3,8.0,5.296916145546541,11.41240496628378,0.32000000000000006,0.1894140682473444,0.18002450315921703,0.14986005773643646
2019-11-14,13630000.0,-4.8,0.6,2.6286488766228935,7.40474426608604,0.0,0.21795832689166553,0.19595920357430924,0.18685310875768382
2019-11-15,12560000.0,1.5,8.0,6.692544864154871,7.096462673763137,0.0,0.16329091300340115,0.13755251164716314,0.1491953825271751
2019-11-16,8060000.000000001,4.9,10.7,9.283871123805648,5.324591774198491,0.03,0.10726097971926792,0.0892322528607909,0.10888129377796396
2019-11-17,2710000.0,4.0,11.8,10.516440030840291,10.744960353778854,1.7100000000000002,0.044811527653051374,0.03873342459055712,0.05042842878960833
2019-11-18,7160000.0,-3.9,4.2,4.478870781157009,14.986077017094908,0.05,0.2469025048396462,0.23431870573083707,0.15550980907817802
2019-11-19,7870000.0,-6.8,-1.4,3.456079347915386,11.771567986465802,0.0,0.14692737727278862,0.13521944138570335,0.0952433617309207
2019-11-20,12920000.0,-4.9,1.9,1.7677194764697892,4.11840263142053,0.0,0.16975706480825395,0.14841057877726646,0.20171915790719722
2019-11-21,11470000.0,0.4,7.8,3.052614659464754,4.663133212029932,0.0,0.2193056197504381,0.19626836833333794,0.26517978248379637
2019-11-22,12250000.0,1.6,9.5,6.463165914889738,5.662803618203228,0.0,0.15971038556513226,0.13399681407479266,0.1752134302683905
2019-11-23,11550000.0,4.9,11.1,7.4641393922475,4.947470603007366,0.08000000000000002,0.16554183573204512,0.1395674867860444,0.18869477212064673
2019-11-24,10180000.0,-4.9,14.9,8.011773831816228,9.903920281519282,0.1,0.13279308001684653,0.11177291142461823,0.18348243116228294
2019-11-25,4160000.0,-2.6,2.9,5.264348376044592,6.150666720617143,0.0,0.0764387573966219,0.0691274998138501,0.07651211150171182
2019-11-26,9900000.0,-0.0,6.7,6.063690521346351,4.441649349584351,0.0,0.10087178828735872,0.08145596046151937,0.11777305721233089
2019-11-27,6240000.0,-3.0,1.0,3.903716046002658,7.105441749267688,0.0,0.13940324006112387,0.12889456181830866,0.1255169109267566
2019-11-28,6760000.0,-5.2,4.2,5.230343102615746,4.202207336129669,0.0,0.05421465638993257,0.0426145122282066,0.07142367534427625
2019-11-29,12230000.0,-4.7,2.4,2.2594232722275365,5.441319755757648,0.0,0.18363029890551483,0.16315098038834513,0.20336565469601825
2019-11-30,11690000.0,-1.6,7.3,3.8492358196679044,4.1543189334387325,0.010000000000000002,0.1499266834154172,0.1273703356432323,0.19638024871015916
2019-12-01,1850000.0,-4.3,2.7,5.605009747017855,7.838732915472651,1.4000000000000001,0.023906402894430294,0.020767238796493438,0.03551273836840954
2019-12-02,6560000.0,-6.9,-1.3,3.2040770333595683,13.746964597466928,0.010000000000000002,0.18842114237590063,0.17866204969238358,0.11421732393863016
2019-12-03,7650000.0,-3.5,-0.2,3.928705113063118,9.760255073446475,0.0,0.14585201761030991,0.13338312547947073,0.11021360744456325
2019-12-04,11280000.0,-7.7,1.9,3.378583120325777,7.766900311436246,0.0,0.13345131125803966,0.11581750755674543,0.13072612823585303
2019-12-05,11400000.0,-12.5,-3.5,1.8882295936569216,12.034954201265952,0.0,0.19529471384637376,0.1810607275834298,0.13206185463236958
2019-12-06,11370000.0,-10.5,-5.1,1.2975879094734173,8.326596017886565,0.0,0.19389782325295304,0.1795655820381217,0.1561074368373304
2019-12-07,10950000.0,-6.5,0.3,3.5798964290216126,8.931187101859637,0.0,0.12601208036909192,0.10903265811096814,0.10799184747002757
2019-12-08,11700000.0,-5.5,3.3,2.4263657178197024,3.5916302018202293,0.0,0.12034456989032612,0.10071543352164203,0.16694683747066819
2019-12-09,11150000.0,-2.7,4.2,4.48873215936358,6.120736468935308,0.0,0.12388449627052547,0.10386093502522328,0.1362216122437217
2019-12-10,8420000.0,0.2,6.9,5.985013078445315,5.9920363867034165,0.0,0.11638645282400166,0.09976681960864836,0.1304889131330458
2019-12-11,7780000.0,-7.9,6.5,4.385450252630151,14.297681228412696,0.06,0.25788017817890807,0.244629060358749,0.16730011734463038
2019-12-12,11520000.0,-6.8,-1.6,2.110707699192708,5.0731776600710745,0.0,0.12968326739050978,0.11261755735266663,0.1451065775252504
2019-12-13,9820000.0,-3.8,3.9,2.3050412049706455,6.860013685476638,0.05,0.23596738046207869,0.21877132313562514,0.24262018636694566
2019-12-14,11220000.0,-5.2,0.8,3.1326516159200386,6.324262180371788,0.0,0.13467924306591944,0.11664120893495229,0.14021019223218872
2019-12-15,10420000.0,-1.8,4.7,4.853784969215685,4.857679847961861,0.0,0.10037254997660813,0.08119450665946161,0.12358132374789951
2019-12-16,10400000.0,-0.7,7.9,5.418973021388583,4.438656324416168,0.16000000000000003,0.11075041962211918,0.09018978720918024,0.1488283313641658
2019-12-17,4220000.0,-5.1,8.6,6.9146065497377,9.478910707637223,0.39,0.024320165976323558,0.016472555884845298,0.06456004586517702
2019-12-18,10620000.0,-7.8,1.4,3.667362893925066,7.808802663790814,0.0,0.10105995671835662,0.0846593386199521,0.10343291909048254
2019-12-19,10900000.0,-6.9,-1.0,2.476631637177181,9.565708437514546,0.0,0.19886635974418357,0.18254819701914166,0.15849711413929096
2019-12-20,7250000.0,-6.5,-1.5,3.216645447612708,7.724997959081678,0.0,0.11479633338634439,0.1039652665140119,0.10146356147553218
2019-12-21,7090000.0,-3.7,1.0,3.470644012365421,4.097451455243245,0.0,0.09792209397487574,0.08614019095186878,0.1181799734452009
2019-12-22,7270000.0,-2.4,3.1,3.967718646895775,5.171947490621131,0.04000000000000001,0.12363138975415869,0.1107613871531021,0.13997814982721588
2019-12-23,6630000.0,-5.4,1.3,3.9956137611870837,7.305974435535983,0.0,0.10297496391479696,0.09225292447146295,0.09996583240357218
2019-12-24,10260000.0,-2.6,4.6,2.147777253427985,3.5197975977838247,0.0,0.14371221888374036,0.125123202381047,0.2022357245871352
2019-12-25,9840000.0,-0.6,6.7,2.3947063308039698,3.60958835282933,0.010000000000000002,0.16229205895415638,0.14318066912895705,0.22955765013669738
2019-12-26,1770000.0,-9.1,0.5,3.6898199613652554,12.376159070438876,0.18000000000000002,0.09887532870250063,0.09626433796741017,0.08279280869209424
2019-12-27,11360000.0,-8.6,-3.0,2.3906741453505584,6.599620495844672,0.0,0.1177150896159002,0.10201589952877096,0.11409480848206596
2019-12-28,11210000.0,-4.8,1.4,2.3602265120161476,3.214509030629106,0.0,0.10463243166362346,0.08625400216341296,0.1466756664936138
2019-12-29,2760000.0,-2.3,1.2,4.519850450619186,5.812454876612405,0.78,0.09233965445301273,0.08761231256449133,0.09247602345296035
2019-12-30,4160000.0,-14.2,2.9,3.8640267514649267,15.013014243608561,0.06999999999999999,0.050615908100844285,0.04482844915738756,0.07873135149107804
2019-12-31,11770000.0,-12.8,-6.9,1.722070975838066,12.750287216461814,0.0,0.17167566396236583,0.15825465843750927,0.10364206404485465
2020-01-01,10630000.0,-7.3,-2.3,3.018731441539546,9.676450368737335,0.0,0.13431001073550394,0.1189612067803335,0.10335051295113114
2020-01-02,10720000.0,-5.0,0.7,3.7966466068365916,9.853038853660163,0.0,0.14553875863961263,0.12827050327306966,0.11625700337435743
2020-01-03,11110000.0,-6.1,0.7,3.2450846406612928,8.26972853969108,0.0,0.15233217644262348,0.1348234309162552,0.1359208171360841
2020-01-04,10060000.0,-6.2,0.2,3.150116566423824,7.937502746022706,0.0,0.14796783221917992,0.1323048723307727,0.1324816304915534
2020-01-05,11500000.0,-3.5,4.8,1.7395955030979717,3.241446257142757,0.1,0.1428164890539958,0.12223781917822474,0.2075480316998181
2020-01-06,1310000.0,-1.3,2.9,6.012355552162819,7.177274353304092,3.2200000000000006,0.033400007584918893,0.03104328149354349,0.04761100524988148
2020-01-07,1600000.0,-2.5,9.0,8.082661145048567,13.274066620893933,2.42,0.010714359611930452,0.007586564636516408,0.027230327463322646
2020-01-08,2330000.0,-7.5,-1.5,4.335970956960231,14.046267114285282,0.06,0.022678314560501674,0.019270389574196183,0.01928849529241968
2020-01-09,11450000.0,-7.6,-0.8,2.925822569590456,8.3565262695684,0.0,0.14556879958925098,0.12860678744226278,0.12423560928821249
2020-01-10,11510000.0,-6.2,4.6,2.3947063308039698,5.339556900039408,0.0,0.17972093824900776,0.16019024702346546,0.21296192567036804
2020-01-11,12020000.0,-7.6,0.6,3.2972674707638565,7.584325776177051,0.0,0.12702240838624285,0.10868724970541868,0.11852476929041451
2020-01-12,7310000.0,-6.8,-3.5,3.234525670292552,13.199240991689344,0.0,0.14041808890895993,0.13002214590876007,0.08227785141632565
2020-01-13,4370000.0,-8.4,-4.4,2.538002560995154,9.269398945864376,0.03,0.13670363880687003,0.1308252505615296,0.09931352363541515
2020-01-14,9920000.0,-9.3,-2.0,2.5033694663716055,6.252429576335383,0.0,0.1194599769325188,0.10565911329812201,0.11467376023909266
2020-01-15,12370000.0,-9.4,-2.8,2.115761691546818,7.240127881835947,0.0,0.1528108174882862,0.13594390929256353,0.13387378373701447
2020-01-16,10670000.0,-6.5,1.0,1.3841670994471198,4.025618851206841,0.0,0.16200315241631186,0.1452216196728188,0.19502945103575745
2020-01-17,8260000.0,-7.3,1.3,1.3940986267501534,5.312619673525756,0.0,0.20173973317504745,0.18887929096051032,0.21555113843998916
2020-01-18,12820000.0,-8.1,0.7,2.1121505983420463,7.255093007676863,0.0,0.20176853586141208,0.1823745244437651,0.1868234882018203
2020-01-19,5630000.0,-5.5,0.0,3.692190947789577,12.199570585516048,0.0,0.17096954583522694,0.1621148101889415,0.11200287548894398
2020-01-20,8950000.0,-9.9,-1.3,2.84956434863823,12.459963775148013,0.0,0.17079525818376418,0.1583162588324612,0.11332397978361439
2020-01-21,13260000.0,-5.3,2.8,2.4125199581136916,3.7083581833793873,0.010000000000000002,0.14327138726273092,0.12115187278917024,0.17568976018537616
2020-01-22,2670000.0,-0.8,2.1,5.555423255411693,3.379125414879199,1.03,0.05410787610645277,0.04933004579616504,0.06272936633029891
2020-01-23,6170000.0,-3.1,5.5,5.339520797089885,4.531440104629857,0.0,0.08930824948514574,0.078050728004632,0.10370537606650691
2020-01-24,12610000.0,-1.8,6.6,4.264026930457406,4.034597926711392,0.0,0.14970559354045074,0.12573423075019363,0.17741868464249422
2020-01-25,6040000.0,-1.8,3.8,5.1152250027828,3.3222579366837124,0.0,0.08184371481257419,0.07090047312872742,0.09523610536084168
2020-01-26,8050000.000000001,-0.7,3.8,5.369193724454273,12.902931500039177,0.79,0.1956591964371332,0.18079182494370197,0.12558583228648082
2020-01-27,2550000.0,-1.3,-0.1,5.384084843714752,10.27505540237404,1.59,0.062258038886258124,0.057914806181707267,0.043150641088838024
2020-01-28,8640000.0,-1.4,3.7,5.428977749362053,3.8610024669567466,0.09000000000000001,0.08919638877506393,0.07345977298783608,0.09393083200252825
2020-01-29,4580000.0,-5.4,2.6,4.828153207072692,2.6967156765333553,0.13999999999999999,0.05147252200118809,0.043876240498743134,0.06463410872382654
2020-01-30,10920000.0,-5.0,2.4,3.8112581474395455,5.231807993984802,0.0,0.13272240434724736,0.11454114294155864,0.13101227046773006
2020-01-31,10570000.0,-7.0,0.7,3.6450272140327944,6.183589997467161,0.0,0.11717704689764005,0.10082026038694254,0.10563471789828807
2020-02-01,10110000.0,-6.0,0.4,3.8480055124326427,8.105112155440985,0.0,0.1316286763651655,0.11575991262183757,0.10226967194121613
2020-02-02,12560000.0,-6.8,1.5,3.046610822708533,7.063539396913119,0.0,0.1822687488524756,0.16243508818413527,0.15817232361776365
2020-02-03,14090000.0,-9.6,-1.5,2.6059388955828005,8.745619541432259,0.0,0.17588155296769228,0.15619234211848612,0.12984027261672137
2020-02-04,15280000.0,-14.0,0.1,1.9317736316272576,10.191250697664902,0.04000000000000001,0.28178248815652035,0.26173968767314,0.1738854951154944
2020-02-05,15580000.0,-14.4,-7.2,1.2488976712440436,10.454636912465052,0.0,0.21001969037626456,0.19309589842015315,0.12918814055811373
2020-02-06,13800000.0,-11.2,-1.8,0.6797270168667352,3.4180347420655854,0.0,0.1590172238277885,0.14053813698105735,0.17893244138549536
2020-02-07,14500000.0,-7.4,0.3,2.3214748939287113,10.637211447724246,0.0,0.2941565583114441,0.27208411888526873,0.19951030111575466
2020-02-08,11990000.0,-9.9,-2.3,2.5885886289072593,10.661155649069714,0.0,0.18760539511962504,0.1712566296170612,0.12106135914262399
2020-02-09,15970000.0,-7.9,-0.8,2.6471199025017307,10.227166999683103,0.0,0.24006008649396735,0.21655213520460515,0.1579563967779031
2020-02-10,15040000.0,-3.4,3.9,2.8998850393204685,5.638859416857761,0.0,0.23702015522016984,0.21049107479612245,0.2239111425441441
2020-02-11,14190000.0,0.5,6.9,4.572617065501416,5.462270931934933,0.54,0.2333802957543812,0.20523738181666054,0.22289592494863492
2020-02-12,2670000.0,1.1,6.5,7.6904381049107196,7.464604769449711,0.8800000000000001,0.050599728568985626,0.04528750802640528,0.050190977999776024
2020-02-13,14670000.0,-1.2,7.9,5.31818070900621,4.755916992243621,0.0,0.19092037565570255,0.16214964896832243,0.18595615818491773
2020-02-14,16390000.0,1.2,12.2,4.687111606675051,4.100444480411428,0.0,0.2611030809794926,0.2255375081119464,0.293263541483309
2020-02-15,12360000.0,-4.7,9.9,6.299525719345672,8.02430047590003,0.47000000000000003,0.18549829785886268,0.16184518263491388,0.1557572755159658
2020-02-16,3700000.0,-9.7,-3.5,2.8242290060801953,18.422069910169593,0.29,0.19307433299612894,0.18814235062781307,0.08920513958302166
2020-02-17,10920000.0,-12.4,-6.9,2.0278111386825155,16.928550351246017,0.22000000000000003,0.21105708709658288,0.19847953543175334,0.09118925120881162
2020-02-18,17540000.0,-10.8,-2.2,2.0201687048070527,9.580673563355463,0.0,0.24690130351314282,0.2234141163180947,0.16077558096734798
2020-02-19,16140000.0,-2.9,4.2,3.333912624956413,4.2471027136524215,0.0,0.21374758911622932,0.18486587330797316,0.20509148458267085
2020-02-20,17120000.0,-2.0,6.4,3.1573331246015477,4.022625826038658,0.0,0.24250963643582293,0.21018251110305375,0.2465556520523755
2020-02-21,14530000.0,-2.4,8.2,4.853784969215685,8.302651816541097,0.58,0.2812307807845389,0.25314848189600037,0.2307100344954495
2020-02-22,16260000.000000002,-8.0,2.5,3.442683236446393,15.246470206726872,0.0,0.3074428246515263,0.2818694673498209,0.16791688167677524
2020-02-23,17980000.0,-4.9,2.8,2.45097203259572,5.680761769212331,0.0,0.2684950115945968,0.23827254974761553,0.23300195331733295
2020-02-24,16600000.000000002,1.9,9.6,2.5653288147773834,4.9594427036801,0.73,0.35571408714991126,0.32066382080591566,0.3688437422809293
2020-02-25,2650000.0,0.9,6.5,7.302088401716876,5.444312780925832,2.17,0.06041547248613934,0.055159748600659454,0.0687639579159901
2020-02-26,11190000.0,-2.6,8.6,5.675782905717253,5.534103535971337,0.0,0.18285405069931351,0.16115610694152557,0.17284305959705026
2020-02-27,7920000.0,-2.9,2.0,4.757911748410759,3.872974567629481,0.010000000000000002,0.1097947603899236,0.09617877178578862,0.0990601675007978
2020-02-28,4120000.0,-2.1,0.9,5.172500538097397,4.833735646616392,0.43,0.07511634810281138,0.06807274410084042,0.06523881836127236
2020-02-29,14070000.0,-0.9,7.9,5.6084438945108035,3.80413498876126,0.0,0.19237030917131337,0.1646429627691237,0.17930592279980476
2020-03-01,12360000.0,-5.7,8.3,5.435656646071078,8.883298699168702,0.0,0.22574341365279094,0.2031130308896675,0.1672653290427432
2020-03-02,19140000.0,-3.5,2.6,3.6274791539739852,6.791174106608418,0.0,0.2699750514609915,0.23706974566766528,0.1962976145611614
2020-03-03,13460000.0,-4.4,7.3,4.971397308386138,6.0369317642261695,0.010000000000000002,0.20517928528681365,0.18040611224950148,0.17898175256255394
2020-03-04,16100000.000000002,-8.6,0.4,2.9152306381731634,15.318302810763278,0.0,0.330571856743522,0.3066204250050122,0.16534073583958223
2020-03-05,20030000.0,-6.1,1.3,2.7375795887595653,5.522131435298603,0.0,0.2554281206538277,0.22348090054909014,0.19917802397683676
2020-03-06,20040000.0,-1.5,7.0,2.564470922886385,3.3970835658883005,0.09000000000000001,0.2891952795424216,0.25065433614586907,0.2881175131906669
2020-03-07,6100000.0,-2.5,4.6,4.977575409636415,3.85501641662038,0.11000000000000001,0.12197356138516395,0.11090214584471396,0.12040689183209978
2020-03-08,20110000.0,-1.1,9.7,5.0773539577809865,4.830742621448209,0.0,0.29978822667932203,0.2591450517939986,0.26349978303755933
2020-03-09,12100000.0,3.2,7.8,6.799720050006077,5.156982364780213,0.8500000000000001,0.21568299134255228,0.19032182377038645,0.17746549320658217
2020-03-10,4099999.9999999995,-6.3,3.8,4.9421439649709695,14.794523406331164,0.58,0.12820287339455022,0.1213635061742185,0.08744030421037126
2020-03-11,21170000.0,-5.1,1.9,2.580814595084958,9.888955155678365,0.0,0.3997667083904202,0.36492438201603294,0.24925261444639304
2020-03-12,20930000.0,-1.1,8.0,3.4650357817966215,6.402080834744559,0.0,0.39481344284202635,0.3536333844453382,0.3263347197492388
2020-03-13,14140000.0,-7.9,6.3,2.971465374351375,9.6465201170555,0.0,0.4277081742393456,0.40371477945835793,0.26679195258622557
2020-03-14,21570000.0,-4.5,2.1,3.203031637420731,12.735322090620897,0.020000000000000004,0.426368138671935,0.39031762690689853,0.22590567457204438
2020-03-15,16379999.999999998,-8.7,3.2,2.800021507368049,13.399773677957638,0.22999999999999998,0.3873757545601678,0.36161366399424316,0.2250683569690839
2020-03-16,21810000.0,-4.1,3.8,3.210355776596597,6.393101759240009,0.0,0.3307938296679601,0.29288040172565777,0.24347368850451662
2020-03-17,19140000.0,-2.1,8.9,5.28386769931965,10.412734560110481,0.0,0.38326761879489124,0.34566987079557315,0.2549150024395632
2020-03-18,22020000.0,3.2,11.2,4.88409422918752,7.76091426109988,0.0,0.5035002911142417,0.45504596593926694,0.3930938930074471
2020-03-19,16140000.0,-2.3,8.8,4.435429369368579,17.320636648278057,0.13,0.585411297337862,0.5538596655233728,0.31732050205104506
2020-03-20,22050000.0,0.2,8.1,3.7893594927758567,8.55107290550033,0.0,0.4901898348360406,0.4458335761564937,0.35304562399761974
2020-03-21,21390000.0,3.9,15.4,8.680072237519871,9.948815659042037,0.0,0.46751848758431186,0.4173198121910091,0.3318645002617953
2020-03-22,22250000.0,-1.1,12.8,4.012178876737396,7.21019763015411,0.0,0.5703054378916579,0.523187743767587,0.4207301182369978
2020-03-23,22390000.0,-1.1,9.5,4.747528081593533,7.832746865136284,0.0,0.42781797517413256,0.38270742248178974,0.3138699931922934
2020-03-24,22380000.0,-0.1,12.0,5.061647768604499,3.552720874633844,0.0,0.3506140641395711,0.3030827556616076,0.31904772331228975
2020-03-25,21570000.0,3.8,13.3,6.189978114182518,4.573342456984426,0.36000000000000004,0.4027116203019026,0.3534930981851565,0.353123992999098
2020-03-26,5730000.0,5.6,10.3,10.8654550027281,5.806468826276038,1.7600000000000002,0.08850400544509082,0.07563526761899296,0.054834802124149394
2020-03-27,9000000.0,-1.4,11.8,6.143281123396822,8.943159202532373,0.11000000000000001,0.32395639757160277,0.30526057164750553,0.2525731126398617
2020-03-28,9350000.0,-3.7,4.4,3.980376756934567,4.040583977047758,0.0,0.18364536715442006,0.16709316298387272,0.16825539166959483
2020-03-29,21590000.0,1.0,9.1,5.440670589426828,3.4749022202610718,0.0,0.3231946701860827,0.2785472425529726,0.27028764536125494
2020-03-30,21190000.0,1.6,11.1,5.328020581739729,2.8194297084288804,0.0,0.3295416509553777,0.28401532964743315,0.2978239917915328
2020-03-31,20750000.0,3.2,13.4,5.786073026812613,3.669448856193001,0.04000000000000001,0.3796774951617573,0.33264005604452657,0.34728662955441125
2020-04-01,16570000.0,-2.2,11.5,4.476056773349257,9.233482643846173,0.0,0.5308623858179826,0.4970102028559098,0.3589866745107839
2020-04-02,21180000.0,0.6,10.4,4.030086325872841,5.555054712148622,0.0,0.4337529364022605,0.3893604133296596,0.36625098234696585
2020-04-03,23720000.0,-0.7,10.5,4.021123759954876,7.347876787890552,0.0,0.5011304873673282,0.4523002960243853,0.384892592062552
2020-04-04,23530000.0,-5.3,8.8,3.127531265545012,10.819785982983442,0.0,0.6595592618215387,0.615802326880192,0.36984859675863296
2020-04-05,25090000.0,-2.7,7.2,2.904672806694052,5.998022437039783,0.0,0.4478821859533486,0.40042580233563124,0.3469101003034569
2020-04-06,23100000.0,0.0,9.8,3.4260029437894683,6.168624871626244,0.0,0.4847478952270393,0.43719404109457793,0.39326612920456017
2020-04-07,24120000.0,-1.0,11.9,5.233573301199634,9.897934231182916,0.0,0.574722441851796,0.5242426623292903,0.3697066317895646
2020-04-08,24880000.0,-2.5,8.8,3.3862626806778,8.287686690700179,0.0,0.5256888244005149,0.4772090236118725,0.3745553118847091
2020-04-09,23710000.0,0.7,8.3,4.740123472373848,6.330248230708155,0.020000000000000004,0.4364979701309413,0.38828163123409987,0.316196194210999
2020-04-10,10440000.0,0.6,6.8,5.7210720098045735,3.456944069251971,0.03,0.19541061990848335,0.17470505109172488,0.17190916455853678
2020-04-11,9540000.0,-0.5,4.9,5.231957981231241,3.756246586070324,0.22000000000000003,0.17860874306878197,0.16059467906909633,0.15295974830187048
2020-04-12,13090000.0,-2.5,6.0,5.394032551680415,7.775879386940797,0.22999999999999998,0.24562552653783215,0.22128305826829414,0.1658129391222458
2020-04-13,21920000.0,0.0,8.7,3.9087025488514224,7.332911662049636,0.0,0.4863062757897336,0.44193623087490536,0.3581978314627494
2020-04-14,25450000.0,1.6,12.9,3.5511552463526797,6.2614086518399334,0.0,0.5778604089819359,0.5217810996416412,0.48402993692102125
2020-04-15,19940000.0,2.5,13.6,4.905410330559277,4.483551701938921,0.0,0.43356480198797004,0.3886625636768927,0.39447533883012353
2020-04-16,24280000.0,3.6,13.9,7.339038890266067,9.01798483173696,0.58,0.5493938754165894,0.4937024898260197,0.3744403356654612
2020-04-17,10550000.0,2.6,10.1,8.62465481803423,9.754269023110107,1.02,0.2135517400470257,0.190885261056992,0.13163353320239918
2020-04-18,20010000.0,4.5,13.6,7.765678533179653,7.949474846695442,0.0,0.4674951012786604,0.4212418306084098,0.3356767516860846
2020-04-19,4740000.0,2.5,7.0,7.864693508727117,9.778213224455573,2.07,0.12473661611361468,0.11502323853172229,0.08205372029167654
2020-04-20,16629999.999999998,0.4,11.5,6.662484540522359,13.767915773644214,0.08000000000000002,0.4698480765409105,0.4345287887844972,0.28040210406748833
2020-04-21,25120000.0,-2.8,6.1,3.477384526089933,17.715715970478282,0.0,0.7338252880938715,0.6872716019388511,0.3341630198015504
2020-04-22,24040000.0,-2.9,4.1,3.446027934745244,17.173978415037062,0.0,0.6517262661363681,0.6087846595586154,0.2867763052928082
2020-04-23,23300000.0,-2.5,6.4,4.18916234299063,14.285709127739963,0.0,0.5693132434691739,0.5256872646797296,0.28749459961731666
2020-04-24,26760000.0,1.1,8.2,3.4954160873103866,11.669805130747562,0.0,0.725617826676207,0.6709476748316041,0.4296624741856892
2020-04-25,25820000.0,-0.2,14.4,6.865161196755062,12.525810328848051,0.0,0.7139992012373367,0.6573402533630123,0.3784574796097826
2020-04-26,26650000.0,1.5,10.6,4.158753594320465,7.359848888563287,0.0,0.5895172996003046,0.5327527123167286,0.4277482213475269
2020-04-27,23670000.0,0.8,10.2,4.7712917360572185,7.641193254372539,0.010000000000000002,0.5218961795885511,0.47228470550316554,0.3692432535371354
2020-04-28,26760000.0,3.6,12.5,5.264348376044592,7.724997959081678,0.0,0.6246946724543736,0.5644346976697984,0.4503692967633491
2020-04-29,26700000.0,2.8,16.0,5.756127018522904,5.384452277562161,0.0,0.6053540375306647,0.5430854816143437,0.4775543509553845
2020-04-30,26140000.0,10.8,18.4,11.202467606555683,7.847711990977201,0.0,0.6517064176806278,0.583143438908076,0.4616648911854588
2020-05-01,24760000.0,12.2,21.9,13.879874870164468,7.937502746022706,0.0,0.6549917223738008,0.5869460882901848,0.48301047735047914
2020-05-02,15480000.0,9.3,19.8,10.908632186324397,6.533773942144634,0.73,0.46742791552054763,0.4268660621530958,0.4068763216737466
2020-05-03,7980000.0,9.9,13.5,13.387522085201208,6.88695091199029,0.37000000000000005,0.15882676751636607,0.1391589054770329,0.09787572444698972
2020-05-04,22340000.0,10.2,20.5,13.346886720571094,7.165302252631357,0.03,0.5418873095897649,0.4824156382174814,0.39938574533264615
2020-05-05,10540000.0,8.1,14.3,12.52867763495167,4.2411166633160535,0.52,0.20118955556543766,0.1755105648894221,0.14880212329857273
2020-05-06,27210000.0,6.2,20.0,7.9251020175572675,6.479899489117331,0.0,0.745415415204189,0.6762382384451887,0.564281941503314
2020-05-07,27300000.0,5.1,16.1,5.694904825390986,8.018314425563663,0.0,0.7244723134666591,0.6588978060404421,0.5542120246979276
2020-05-08,21710000.0,9.4,17.5,10.540395846164227,10.598302120537861,3.3100000000000005,0.637739818953974,0.5821318902557618,0.42468719276286926
2020-05-09,9370000.0,7.6,14.8,12.30364696735845,10.388790358765014,0.6900000000000001,0.22556689254954732,0.20273841601878204,0.14206725641331394
2020-05-10,14870000.0,7.9,13.4,10.955060969458833,10.251111201028571,0.020000000000000004,0.35607273205308065,0.3203122636721472,0.20840274617634907
2020-05-11,26450000.0,6.5,17.2,8.912648717459053,9.146684913968851,0.010000000000000002,0.66804597521143,0.602632995414268,0.4607928643443347
2020-05-12,27680000.0,3.3,15.5,7.8115943108418096,11.867344791847675,0.0,0.6984639549636238,0.6339098865080518,0.4228224340050334
2020-05-13,27850000.0,7.3,15.7,6.047147890328515,7.03959519556765,0.0,0.7144035614559052,0.6460776057778798,0.5526151373994632
2020-05-14,22250000.0,10.0,19.3,8.335144290542226,6.467927388444597,0.8400000000000001,0.6513740262945034,0.5929555272146757,0.552618387630076
2020-05-15,5860000.0,9.7,13.6,12.803484578649638,8.604947358527633,1.3900000000000001,0.15988779252739413,0.1454614891399459,0.10808149622308302
2020-05-16,17940000.0,11.2,18.1,13.780910016814149,3.8400512907794626,0.0,0.38450186651649887,0.33739949017977483,0.29716696060960796
2020-05-17,24920000.0,10.2,21.1,14.514655623762621,3.944807171665886,0.010000000000000002,0.5174626679624346,0.4507371333821689,0.39541471831825403
2020-05-18,17600000.0,5.2,17.4,11.844279016912516,10.924541863869866,1.05,0.39155716551568964,0.3485775929832594,0.2495998783111461
2020-05-19,15470000.0,3.4,10.6,8.910063371556994,9.395106002928083,0.38,0.2963938099643125,0.26254100391570445,0.165598688680166
2020-05-20,22890000.0,7.2,13.6,9.201106447115379,4.995359005698303,0.0,0.4586369923475629,0.4039193156431328,0.3307954067610321
2020-05-21,20250000.0,7.7,16.8,10.669983319071799,4.926519426830081,0.0,0.43834994449618164,0.3878171196203436,0.33798532359481204
2020-05-22,24060000.0,7.0,16.3,10.77343866230185,6.440990161930945,0.0,0.4978011316758342,0.43856958568573096,0.3395475684816666
2020-05-23,26770000.0,10.3,18.9,11.927572007450951,4.435663299247984,0.0,0.5723085124040076,0.5020930976472667,0.4356088338667418
2020-05-24,18480000.0,8.3,17.5,12.438234854537882,6.967762591531245,0.2,0.4141174664518278,0.3673374067178496,0.28796135668242573
2020-05-25,15350000.0,8.8,15.8,11.148816954323568,3.519797597783825,0.0,0.33146992073312576,0.2931220780016778,0.27188020611426955
2020-05-26,22180000.0,7.8,17.9,10.883941055747929,6.958783516026695,0.06999999999999999,0.5249869378780461,0.4689016578255343,0.3824304096341399
2020-05-27,26040000.0,8.1,17.0,9.668653523817063,5.576005888325906,0.0,0.575982927407891,0.5105678623740448,0.4311828297201526
2020-05-28,25740000.0,7.8,18.1,10.329457012650575,5.525124460466786,0.020000000000000004,0.5668546059767311,0.5016260495689862,0.4284828703998042
2020-05-29,26910000.0,10.3,20.1,10.979894030393334,3.379125414879199,0.0,0.5787890552538346,0.5073609116105512,0.4798378404869316
2020-05-30,23220000.0,10.3,20.0,10.10779081229935,5.121066062762011,0.03,0.5930315337895222,0.5314582656460152,0.49833026748206155
2020-05-31,18510000.0,12.1,19.1,13.461683142963226,5.516145384962236,0.03,0.46467128583146183,0.4151566840550287,0.35731953633344726
2020-06-01,24380000.0,9.6,18.0,8.781636068967778,7.326925611713269,0.010000000000000002,0.6797934604443431,0.616885812685115,0.5227800577874661
2020-06-02,23660000.0,12.4,20.9,10.761221792746406,5.225821943648434,0.04000000000000001,0.6360842878277755,0.5715326818048918,0.5371572603946909
2020-06-03,20240000.0,15.1,22.0,15.809685603550884,6.485885539453698,0.010000000000000002,0.5677354649788449,0.5106402423782742,0.433979915166225
2020-06-04,28010000.0,14.7,25.0,15.525155682758497,6.10577134309439,0.0,0.7554715363563431,0.6747634209140334,0.5957941242951932
2020-06-05,24940000.0,15.0,26.1,15.839674945784942,4.214179436802403,0.0,0.6568572468107094,0.5842069374928192,0.5628059346736854
2020-06-06,16950000.0,13.4,21.6,16.2867534816956,3.1606345776018014,1.05,0.3971884927263934,0.3502311781396744,0.32736518034127055
2020-06-07,18910000.0,13.6,22.6,15.647754020167126,2.574001644637831,0.010000000000000002,0.4422952050004457,0.389358086793851,0.3777405516142012
2020-06-08,26820000.0,14.8,25.6,15.56311291509979,3.6365255793429823,0.0,0.6659466580391513,0.5882413703016546,0.5624854525955809
2020-06-09,27740000.0,16.0,26.4,15.311595378702002,4.088472379738694,0.0,0.7286047064069842,0.6470009611193667,0.6241458119760684
2020-06-10,20580000.0,16.1,25.5,17.889768968661823,4.274039940166073,1.4500000000000002,0.557691688998576,0.49751321822727324,0.4687674219410626
2020-06-11,18100000.0,17.2,24.4,19.942080139021613,2.9481297906607717,0.06999999999999999,0.454202098699963,0.4012754553102361,0.37184219550427355
2020-06-12,10720000.0,16.7,21.7,20.2644020113786,3.0678507973881124,3.6799999999999997,0.2660549213082845,0.23548737454924482,0.21650300320480617
2020-06-13,12880000.0,17.8,20.9,19.921102018526962,4.9325054771664485,5.670000000000001,0.3369062946640791,0.30008991325674594,0.2503107861659023
2020-06-14,16469999.999999998,11.7,20.5,16.445603854664746,10.227166999683103,1.8800000000000001,0.4135402983953188,0.3690618146948974,0.2582293936265675
2020-06-15,26970000.0,12.8,21.7,13.506352827750966,6.315283104867237,0.0,0.6884547337616571,0.6140693153715376,0.5177637877721434
2020-06-16,25610000.0,13.3,22.5,14.09128299811601,3.3970835658883005,0.0,0.5934254486087013,0.5219790367123845,0.4878757250611752
2020-06-17,15740000.0,13.9,20.9,15.495689582416224,4.2500957388206055,0.7000000000000001,0.40651044105511663,0.36298228802476384,0.334747025296645
2020-06-18,4680000.0,12.2,14.6,14.041060227414757,6.761243854926581,2.0100000000000002,0.14495276786841493,0.1329781247368622,0.1209000631624129
2020-06-19,24420000.0,14.2,21.9,15.141783645120988,4.315942292520642,0.04000000000000001,0.5873643088373679,0.519061080379499,0.45961546450738666
2020-06-20,21280000.0,14.3,20.6,16.58794339106044,2.9421437403244046,0.2,0.46764998399855157,0.40874912986266515,0.361990025082395
2020-06-21,25880000.0,13.7,22.6,16.2034596943316,4.905568250652797,0.020000000000000004,0.6123260878857064,0.5398148401161579,0.4572473019546413
2020-06-22,28050000.0,14.6,24.3,16.953080272433784,4.507495903284387,0.0,0.6756382402878904,0.5953299598384902,0.5192907843550945
2020-06-23,21020000.0,15.0,22.9,15.112957213264155,6.824097383458436,0.0,0.6268902606906804,0.5671982235027474,0.49498868382990635
2020-06-24,7760000.0,15.2,17.2,17.558537027376683,9.915892382192018,1.4900000000000002,0.20674925786404313,0.1857534365835708,0.12110904825627378
2020-06-25,7460000.0,14.1,19.2,17.126794439991905,8.748612566600443,0.16000000000000003,0.23997356770723455,0.21962044087161692,0.17510464275285012
2020-06-26,23400000.0,15.1,21.1,15.822532072817673,5.824426977285138,0.0,0.592531076685064,0.5270245422570198,0.43287655677038755
2020-06-27,19400000.0,14.9,23.3,16.934884767398202,3.714344233715754,0.0,0.48627240590831844,0.4310446812527003,0.4006820803875799
2020-06-28,25260000.0,14.9,23.1,17.357742541059253,5.737629247407816,0.0,0.626420037525734,0.5546281943727485,0.45467402120743383
2020-06-29,6410000.0,13.5,18.3,17.506978138778564,12.582677807043536,5.2,0.17353778075219523,0.15629236086028056,0.09967781438417747
2020-06-30,10320000.0,11.5,16.1,14.908451286097351,11.621916728056627,0.71,0.25144536494800784,0.22481669698757992,0.13521305289306798
2020-07-01,17110000.0,12.5,19.2,14.570346845663927,6.201548148476262,0.010000000000000002,0.43384665901463243,0.38785773216280406,0.3188174289997045
2020-07-02,17900000.0,14.7,20.1,15.994695645068077,4.450628425088901,0.18000000000000002,0.438282143103793,0.3887806221861744,0.33759246073823934
2020-07-03,9550000.0,11.4,16.2,14.21948083135651,6.698390326394728,1.06,0.24206471092662013,0.21742287187409232,0.17222507599133277
2020-07-04,10640000.0,13.5,17.7,16.05533998821475,2.172936272101239,0.43,0.23399024758643877,0.20552804537675495,0.19661304739798285
2020-07-05,13140000.0,13.5,19.8,16.74936592756995,3.3940905407201174,0.19,0.3029111428596203,0.26706126529661556,0.2417715148410772
2020-07-06,12430000.0,16.5,20.7,19.290482572241668,4.214179436802403,0.21000000000000002,0.3079358457867625,0.2728424725688345,0.2340495214967433
2020-07-07,19950000.0,14.4,23.2,18.921566398777788,5.133038163434745,0.22000000000000003,0.47532547322270846,0.4188125956844856,0.34683445666297397
2020-07-08,21420000.0,14.3,23.3,17.441549725636463,2.777527356074311,0.06,0.48938032136945225,0.42870333706525504,0.3968385956332234
2020-07-09,20970000.0,16.8,22.1,19.315979769947027,8.23680526284106,1.09,0.5535914125215811,0.49355345740486356,0.35527548471502
2020-07-10,10340000.0,17.5,21.2,20.580486132090204,6.408066885080926,0.6400000000000001,0.2830498015309928,0.2534937934757268,0.20231183144289036
2020-07-11,19630000.0,15.5,25.2,18.801636540373018,4.7948263194300065,0.24,0.5204266834254411,0.46342028719081185,0.4218851595513201
2020-07-12,4110000.0000000005,12.8,17.2,16.34836796171867,12.711377889275429,11.91,0.12894810708138799,0.11808162311389676,0.09101247598676813
2020-07-13,5470000.0,12.8,16.3,15.93856308876281,8.667800887059489,3.8700000000000006,0.1446539383788869,0.13032103541248113,0.0961537360918702
2020-07-14,6500000.0,13.4,16.0,15.69447859093413,6.285352853185402,0.9300000000000002,0.1706617988037896,0.15357860579177943,0.12403898148518192
2020-07-15,8900000.0,13.5,16.6,16.072703953377086,2.409385260387737,0.8400000000000001,0.19304948211735207,0.16949542214822735,0.16002445310123664
2020-07-16,24100000.0,13.4,22.8,15.191312681929784,3.3252509618518964,0.0,0.552657562232169,0.4851914306203799,0.45211067413933526
2020-07-17,22950000.0,14.9,22.9,17.080929536503028,3.0588717218835626,0.22999999999999998,0.5262150259782975,0.46109606163592554,0.42097644980708804
2020-07-18,18970000.0,15.2,19.6,16.789936174766204,7.018644019390366,0.16000000000000003,0.47443603942090695,0.421975489040615,0.3175969880930043
2020-07-19,7210000.0,17.0,20.7,22.238064482612195,9.835080702651062,0.26,0.16335054000688484,0.14290962475375585,0.08058134741274238
2020-07-20,13100000.0,15.5,22.2,20.15822376325669,7.5992909020179695,0.6000000000000001,0.33334040958005506,0.29620088255980687,0.22432987991954018
2020-07-21,23680000.0,17.9,25.3,19.670867772214784,3.444971968579237,1.4400000000000002,0.5927944742650144,0.5227224005863018,0.47494608797880317
2020-07-22,5240000.0,16.2,20.4,19.239576604484444,2.9211925641471197,2.0,0.1487670837259947,0.13404788046782412,0.14218753780672486
2020-07-23,4530000.0,16.4,18.3,18.951653375302655,10.340901956074077,6.590000000000001,0.14173262807851897,0.12921625850439955,0.09886054277791709
2020-07-24,9550000.0,15.2,19.1,17.846877499854735,4.100444480411428,1.1900000000000002,0.23496032875518486,0.20866773753184753,0.1853077353226238
2020-07-25,11130000.0,16.7,19.3,18.578562033348057,3.60958835282933,0.47000000000000003,0.26997473498094476,0.23887070328665966,0.21220434642028954
2020-07-26,15040000.0,16.1,22.0,19.087564042258744,3.034927520538094,0.35000000000000003,0.35651060959550496,0.31373001299204384,0.28678257700667636
2020-07-27,7200000.0,17.4,19.5,19.603571556892295,5.363501101384876,2.3800000000000003,0.20257214288428446,0.1822957923672924,0.15784659222245745
2020-07-28,8100000.0,18.8,22.0,22.34797009332508,4.645175061020829,1.54,0.22078848187414346,0.19724753615479734,0.1727782748365052
2020-07-29,8660000.0,18.7,22.3,22.534148570033683,5.064198584566523,1.6300000000000001,0.23420015286597864,0.20899289274727978,0.17826269961767072
2020-07-30,7820000.0,18.4,22.4,22.071225435982658,5.866329329639708,1.2000000000000002,0.22990467688429525,0.20717749225154375,0.17957719661724938
2020-07-31,12190000.0,18.8,23.3,22.163138625002098,4.073507253897777,0.05,0.32246480787214404,0.2866852402467503,0.2544957543025056
2020-08-01,17590000.0,19.4,24.8,21.8656391330407,7.494535021131545,0.19,0.5298554196142974,0.4774275668913067,0.38694308748460315
2020-08-02,14710000.0,19.3,23.4,22.22652302440629,10.316957754728609,0.15000000000000002,0.458507279204003,0.4151380424628008,0.29708213824262064
2020-08-03,13930000.0,19.6,24.1,22.668801009804515,8.039265601740949,0.06999999999999999,0.42728680226391863,0.38591637256100675,0.3046431591006183
2020-08-04,18630000.0,19.6,25.5,23.017437009597767,6.366164532726356,0.020000000000000004,0.5241373751988004,0.468256051365049,0.383406656678689
2020-08-05,14440000.0,20.2,23.9,23.26246255850394,11.137046650810897,2.2,0.46812710637221694,0.42511869329585383,0.2984504054123728
2020-08-06,7560000.0,19.5,21.9,23.534015787053427,7.832746865136284,3.78,0.20517129749496238,0.18309846951844783,0.1340855310321107
2020-08-07,2660000.0,18.3,20.7,22.307423396197837,7.0844905730904015,19.540000000000003,0.0651081252450146,0.057486299867831755,0.06806100478598563
2020-08-08,3620000.0,19.4,21.2,22.733448408761966,9.43401533011447,4.5,0.1259562680497222,0.11545176580921498,0.104015922093958
2020-08-09,16100000.000000002,19.6,25.0,22.539988442614995,9.416057179105369,0.24,0.5195287381178162,0.47140549426093675,0.365266807062238
2020-08-10,7780000.0,19.5,22.8,23.521888159247748,8.512163578313944,4.2700000000000005,0.23745954893718632,0.21458987865792806,0.16534019554675167
2020-08-11,9080000.0,19.8,22.4,23.753249973754787,7.0006858683812645,1.6100000000000003,0.24530338557547893,0.21863221535291205,0.1662567643815783
2020-08-12,13790000.0,19.8,25.4,23.986598978390628,6.330248230708155,0.63,0.40018480640524484,0.35879237677662923,0.3011536547174579
2020-08-13,18970000.0,20.2,26.0,23.986598978390628,8.793507944123196,0.12,0.5683637733257366,0.5110296204645655,0.3896480088343071
2020-08-14,19530000.0,20.1,25.9,24.091639118794287,9.16165003980977,0.16000000000000003,0.5758619368314876,0.5169157065060026,0.38398807703457283
2020-08-15,20560000.0,18.3,26.2,22.261163128720792,6.9917067928767125,0.22000000000000003,0.5704522881008818,0.509041451407679,0.41868445768218965
2020-08-16,24040000.0,19.0,26.7,22.5926068971223,5.480229082944033,0.0,0.6318517122964541,0.5594423696150781,0.4717461043803814
2020-08-17,24700000.0,18.5,27.5,22.128632013376347,2.8972483628016517,0.0,0.6008749770995436,0.5263244451466773,0.4848179389251387
2020-08-18,25750000.0,17.7,27.5,21.275551522506415,3.7203302840521206,0.0,0.6340745623511995,0.5567826796146621,0.5080602281730514
2020-08-19,25910000.0,18.1,28.5,18.821578479591942,4.408726072734332,0.0,0.6984048118193262,0.6198831094953983,0.6026901357797328
2020-08-20,25500000.0,19.0,28.7,21.23671270191245,2.7475971043924754,0.0,0.6343759900738861,0.5565292303673506,0.5337468971277116
2020-08-21,22640000.0,19.5,26.9,22.32479266505999,2.876297186624367,0.03,0.5593183143517061,0.49079916106558336,0.4541858916477833
2020-08-22,13440000.0,17.4,23.0,21.02695420784076,2.9181995389789366,1.07,0.3180225165937543,0.27908295405863287,0.25894712480229626
2020-08-23,21540000.0,17.2,24.4,19.665683966890505,3.684413982033919,0.11000000000000001,0.5117501504245412,0.44876452066682193,0.4072257123087959
2020-08-24,21910000.0,18.1,25.6,22.008228728050543,3.723323309220304,0.06999999999999999,0.5242290140567772,0.4591589412074734,0.4049397342492723
2020-08-25,22340000.0,20.7,26.0,22.376971477830946,9.011998781400592,0.06999999999999999,0.6926026250699449,0.6248544201942036,0.49207890348967603
2020-08-26,14940000.0,20.0,24.3,23.503706963676677,17.39845530265083,5.45,0.5402765755919757,0.49571545437697634,0.29924532298218126
2020-08-27,15480000.0,20.2,24.8,24.346627206342394,6.647508898535608,0.7000000000000001,0.41801811748883544,0.3716177677380602,0.2938701681376892
2020-08-28,11200000.0,19.4,24.1,23.292499199980263,3.9238559954886005,2.31,0.2938250068719954,0.26061041725735634,0.2380121898649296
2020-08-29,13980000.0,19.2,24.7,23.1187576754202,5.33357084970304,0.7000000000000001,0.374251239522661,0.3326725112740979,0.28755571709491207
2020-08-30,16530000.000000002,18.8,24.9,23.256459296466524,4.660140186861748,0.63,0.4098822728926324,0.3607901549465352,0.30773712542856735
2020-08-31,17190000.0,15.9,23.5,19.984094421681792,7.108434774435871,0.1,0.4318205894201733,0.38240718734773604,0.31086124002306886
2020-09-01,16309999.999999998,19.1,23.6,21.831538151261565,6.417045960585477,0.75,0.4340998964763266,0.38601340760827696,0.31650695957469965
2020-09-02,6160000.0,16.7,21.4,21.414769530201546,16.279063889750187,9.200000000000001,0.17967162736494977,0.1621497872667237,0.10003846231733853
2020-09-03,19410000.0,14.0,19.8,16.866804055349878,10.1732925466558,0.44000000000000006,0.4601372017941635,0.40693888504597614,0.27669711734998026
2020-09-04,20500000.0,15.8,21.1,14.05649661553512,4.348865569370662,0.0,0.5025299900639781,0.4447987142864315,0.4328038722771512
2020-09-05,5630000.0,12.6,17.7,14.47499070041928,4.89958220031643,0.91,0.18658519176291516,0.17165592821218537,0.17838041141124936
2020-09-06,6360000.0,14.2,18.2,16.51663913163623,11.951149496556813,3.83,0.2391947344336797,0.2219868190543235,0.16523643026959325
2020-09-07,6940000.0,11.5,16.0,16.029324898702235,16.021663725286405,3.0300000000000002,0.12631951321029128,0.10843092291950789,0.04507322384328049
2020-09-08,14880000.0,14.1,19.7,17.232693746312176,6.982727717372163,0.81,0.3357658123860849,0.29498317698098303,0.23173427898480153
2020-09-09,12640000.0,13.6,18.9,16.47664874625324,5.465263957103116,1.25,0.28067920733956775,0.24644784164741126,0.21111777296722795
2020-09-10,14840000.0,15.4,20.4,14.674271352368114,3.103767099406315,0.05,0.35270219720245577,0.3113017773453165,0.3211262325286455
2020-09-11,5210000.0,13.0,17.1,15.94718760055604,8.200888960822857,2.15,0.1535576851427935,0.1397692972282834,0.11780514039514729
2020-09-12,9200000.0,12.2,17.0,14.582305059446302,5.698719920221431,0.1,0.2235857170044364,0.1994549058067518,0.18003702370576774
2020-09-13,15780000.0,11.6,19.7,14.29767399827534,3.1546485272654348,0.020000000000000004,0.31929900067653316,0.27704663568148524,0.2774442428069065
2020-09-14,18070000.0,13.3,19.6,14.31728119173113,4.324921368025193,0.020000000000000004,0.39268089725494904,0.3435618233385025,0.3261691667304888
2020-09-15,16190000.000000002,14.3,20.5,16.2867534816956,4.597286658329893,0.8,0.3609473476632624,0.3161747429897292,0.2924139336972427
2020-09-16,10410000.0,15.5,19.2,17.751885697391014,4.603272708666261,0.27999999999999997,0.23916452634080168,0.2104017432797458,0.1911575732657339
2020-09-17,5610000.0,12.2,18.1,15.22027024186219,4.8397216969527594,0.8,0.1608036547782474,0.14592742591153443,0.15254565626105165
2020-09-18,12670000.0,9.8,16.4,12.16353946630657,6.599620495844672,0.020000000000000004,0.30123444031361324,0.2690229434544976,0.24061257177693407
2020-09-19,17950000.0,9.6,18.4,11.78793242413008,7.512493172140648,0.09000000000000001,0.43175160075953123,0.38524264617544446,0.34207028218643964
2020-09-20,19540000.0,9.0,16.8,10.477614060344141,5.785517650098753,0.0,0.4118656899360175,0.36240235837747126,0.337533987407106
2020-09-21,19120000.0,9.9,17.0,10.253146885711864,4.226151537475136,0.0,0.38638445223659124,0.3374105417478849,0.34144546280066257
2020-09-22,14040000.0,8.4,15.7,10.828565787509728,7.14135805128589,0.0,0.3316187324124942,0.29673933057159113,0.26384304581562523
2020-09-23,10580000.0,10.2,16.0,12.112632293066904,7.985391148713644,0.020000000000000004,0.2938295201607216,0.2669315219942305,0.23216701227074502
2020-09-24,14720000.0,10.4,17.3,12.403602323705691,5.914217732330644,0.06,0.3275664385213305,0.2895449031681404,0.26958836904737815
2020-09-25,17960000.0,9.2,18.3,12.149945857287276,5.752594373248734,0.020000000000000004,0.3664104375189031,0.32011662172315825,0.30280285532502665
2020-09-26,15970000.0,9.4,17.0,11.19614399580155,5.5730128631577225,0.0,0.3457984656098182,0.3051100500654314,0.2950552001581533
2020-09-27,17270000.0,8.4,17.4,10.492532164354024,5.246773119825719,0.0,0.36089764125033885,0.3171805616179902,0.3187920245649927
2020-09-28,19540000.0,9.8,17.5,9.958548691031806,2.9630949165016895,0.0,0.35025592740927924,0.2999948268834113,0.3297652595480868
2020-09-29,17640000.0,8.9,17.8,10.576419653048887,3.8909327186385823,0.0,0.3384739150889714,0.29338662626807427,0.31365398059904254
2020-09-30,15730000.0,10.0,17.6,11.304073694879788,3.0947880239017644,0.0,0.29508197181067236,0.2544938955492836,0.27750483540942517
2020-10-01,14460000.0,10.1,18.0,12.856935243854805,3.645504654847533,0.12,0.271366733842593,0.23386179011677183,0.24365963902836163
2020-10-02,16320000.0,11.9,18.5,12.65134032462402,4.666126237198115,0.16000000000000003,0.34471227187198117,0.3013935314684736,0.3059645629844113
2020-10-03,13340000.0,12.6,18.4,14.738547878131607,3.504832471942907,0.41,0.2560853906421844,0.22046935516991345,0.22377160248240296
2020-10-04,7230000.0,3.3,16.8,9.975669289805245,10.406748509774115,0.11000000000000001,0.2866275521397298,0.26949119785885706,0.2410358240748765
2020-10-05,18810000.0,3.3,11.1,6.987278253520166,10.541434642342374,0.0,0.41045840453584753,0.36906758452943184,0.27832757929853924
2020-10-06,19530000.0,5.8,13.1,6.50416885856405,4.633202960348096,0.0,0.3548987140570422,0.3092943008760667,0.33201482101883373
2020-10-07,17430000.0,8.2,14.2,9.262449929721054,7.713025858408942,0.0,0.38353235463664537,0.3410670028830446,0.3025103357700826
2020-10-08,18600000.0,7.6,14.6,8.599568391210944,12.477921926157114,0.0,0.5391369914082899,0.49392706299929057,0.36722241509600917
2020-10-09,18210000.0,7.0,14.5,9.132193064226879,7.928523670518158,0.0,0.37934785118015424,0.3354504797282763,0.29871182339657126
2020-10-10,15240000.0,7.0,15.3,9.978525242019053,4.462600525761634,0.0,0.266114627172724,0.22902823195876792,0.2435693995403207
2020-10-11,10200000.0,8.8,15.1,10.883941055747929,3.1067601245744987,0.020000000000000004,0.19222352204485046,0.1669408834300443,0.191396999748833
2020-10-12,12680000.0,4.5,15.2,9.757911345932115,7.332911662049636,0.0,0.2536827603185357,0.223776700917941,0.22334405579737188
2020-10-13,14960000.0,4.8,11.3,5.489350127308893,7.356855863395104,0.0,0.39391161512709993,0.3602236770562014,0.34539302504188496
2020-10-14,11210000.0,1.8,12.1,5.658448656320861,6.964769566363062,0.0,0.31750256815826433,0.2930060612312933,0.3010340004746935
2020-10-15,16149999.999999998,4.7,12.5,4.665178807001199,4.663133212029932,0.0,0.33798095957644236,0.3010816741993222,0.35323243315896263
2020-10-16,5640000.0,4.2,11.2,6.573018138574106,2.7056947520379064,0.0,0.15308206416155432,0.14050047435924606,0.17988534233879858
2020-10-17,14880000.0,3.4,12.7,7.47520240580001,4.675105312702665,0.0,0.24343812901172615,0.20993034034227623,0.23534924093216908
2020-10-18,17370000.0,3.6,12.8,6.364536974292034,4.633202960348096,0.0,0.288341227598622,0.24906987217260007,0.2872049389830935
2020-10-19,14020000.0,5.6,13.9,6.469009455412401,4.324921368025193,0.0,0.28510492787019687,0.2521203439909309,0.30389707543236344
2020-10-20,17130000.0,6.5,15.1,6.949820414655281,4.2411166633160535,0.0,0.30851686621985763,0.2671738234738189,0.326258738295785
2020-10-21,4920000.0,5.9,11.6,10.021451030589162,3.247432307479124,0.81,0.09427908048619663,0.0829940056465919,0.10158440220654474
2020-10-22,9650000.0,0.7,12.6,7.417832416580709,12.5168312533435,0.0,0.2928113916901075,0.27190086890967124,0.23224798870007554
2020-10-23,16670000.000000002,-0.5,7.3,5.031924485132525,13.396780652789458,0.0,0.39023030927407387,0.3574845172600388,0.2433106916992498
2020-10-24,16670000.000000002,2.2,6.9,5.278981872244652,12.250452013375167,0.0,0.3965564694635038,0.36260436036491434,0.2550289975322949
2020-10-25,15300000.0,3.6,11.3,6.929087242561869,7.25209998250868,0.0,0.2875480894478492,0.25364864718731694,0.25105752938838666
2020-10-26,15000000.0,3.4,14.0,6.422391592449245,3.6604697806884503,0.0,0.23642004713031164,0.20205894032498808,0.26774582102388444
2020-10-27,14670000.0,7.0,15.7,7.406844402303943,4.037590951879575,0.0,0.2721850421925805,0.23631895971196887,0.30524799579268513
2020-10-28,11960000.0,0.9,13.1,5.7001297755767695,6.93783233984941,0.0,0.30396701345395394,0.2777950961726772,0.30533676302301327
2020-10-29,15060000.0,1.9,11.5,3.933719920023431,4.297984141511542,0.0,0.2705599327508386,0.23788040087864554,0.31132860196931655
2020-10-30,15130000.0,2.2,11.0,6.6385222450246975,5.231807993984802,0.0,0.22110660236602003,0.18836786110018455,0.21929350535939934
2020-10-31,13480000.0,5.0,11.5,7.069049244572754,3.004997268856258,0.19,0.18263089704399313,0.15211393406140752,0.20221252475106977
2020-11-01,2490000.0,5.0,8.7,9.50049635284362,5.486215133280401,0.6000000000000001,0.04808703086128645,0.042660996368605264,0.054203418222986244
2020-11-02,13290000.0,-0.8,9.6,4.716497425342961,7.329918636881453,0.05,0.27815174114862196,0.25120869222059206,0.2652889770421364
2020-11-03,12460000.0,-4.8,2.5,3.50446295849889,14.501206939849176,0.0,0.32306998092605566,0.3022055239576228,0.18787734434134823
2020-11-04,15230000.0,-4.1,3.9,2.7068255256716,6.605606546181038,0.0,0.2539090883020326,0.22738536689371375,0.23433129356788912
2020-11-05,13760000.0,4.2,12.0,3.5960815205179975,3.424020792401952,0.0,0.23895438818154285,0.20792735736851017,0.3056424995470162
2020-11-06,5180000.0,6.3,11.3,9.56634651953428,5.324591774198491,0.020000000000000004,0.11912148270269482,0.10722464940303326,0.12287482329010754
2020-11-07,12320000.0,3.6,12.8,7.415633663127521,9.915892382192018,0.0,0.3071547672719236,0.27930081800027184,0.26565850504656263
2020-11-08,13780000.0,-3.9,8.0,3.7171680597926953,13.256108469884829,0.0,0.40951334154721525,0.3836245205840352,0.2950511194013059
2020-11-09,14210000.0,-1.3,3.8,3.9111979185846097,8.141028457459187,0.0,0.24496392267278963,0.2189916288316927,0.20216049216720117
2020-11-10,13870000.0,-0.7,5.7,3.8492358196679044,6.749271754253848,0.0,0.2439667588299843,0.2175120508438821,0.23048634422263442
2020-11-11,13580000.0,2.0,9.8,4.241175787389285,3.343209112860997,0.0,0.18608707788824574,0.15728742471566962,0.23527166142552466
2020-11-12,13580000.0,2.1,11.7,4.490142497301746,3.5796581011474955,0.0,0.19991687307776942,0.17028280552923317,0.2587807439292498
2020-11-13,13170000.0,1.6,12.1,6.291916064204345,5.647838492362311,0.0,0.2111207185363742,0.1824215722437592,0.23754043548179732
2020-11-14,11480000.0,4.1,10.6,7.740526523236589,4.944477577839183,0.0,0.15574632905917124,0.13038030862721703,0.1657703651073093
2020-11-15,12240000.0,2.7,11.9,6.736850114250044,4.420698173407065,0.0,0.17307757000842863,0.14606942903004586,0.20576124943663832
2020-11-16,11970000.0,6.5,14.6,8.02826495420987,5.884287480648809,0.0,0.24219980626092985,0.21348237535771558,0.26970841014817204
2020-11-17,8070000.0,8.6,13.5,11.50972142318417,5.240787069489351,0.09000000000000001,0.12191153657427031,0.10231927674358499,0.12381000653866228
2020-11-18,4850000.0,11.5,14.5,14.510684841287668,11.283704884051888,0.8800000000000001,0.08522903253854995,0.07292520175456166,0.06152895404070979
2020-11-19,2220000.0,-0.1,14.9,9.663098871631787,15.545772723545227,2.34,0.12290410684619224,0.11799209536655728,0.14058038994002636
2020-11-20,6050000.0,-3.6,1.8,4.951365350263102,10.81080690747889,0.0,0.10307953148189926,0.09285222673647066,0.07489743090898601
2020-11-21,12550000.0,2.3,6.9,6.3014294038547645,5.6687896685395955,0.1,0.14447114274372233,0.11887101998275944,0.14747867563266573
2020-11-22,3740000.0,-5.1,4.3,5.4139767788711755,12.175626384170577,0.15000000000000002,0.08015358402855247,0.07371186979321283,0.07133358654993541
2020-11-23,12360000.0,-5.0,2.0,3.393957738076393,7.473583844954261,0.0,0.17056946478862295,0.15014821344628512,0.15569466549241406
2020-11-24,11190000.0,-2.3,6.0,2.810240532228712,4.456614475425268,0.0,0.18274510085435475,0.16186464431014122,0.2247545770757092
2020-11-25,11980000.0,-2.4,3.9,4.370278750295975,7.054560321408567,0.0,0.15725679175445345,0.1357426873850615,0.15085091118172067
2020-11-26,10320000.0,-1.1,7.2,4.536904513405244,3.726316334388488,0.0,0.12772941161633417,0.10768575887283247,0.16594879696691386
2020-11-27,6500000.0,-6.2,2.2,3.9981582854155384,14.42039526030822,0.0,0.18781508610266265,0.1772826193690361,0.12273189995388008
2020-11-28,11270000.0,-6.3,-1.9,2.86183475795485,10.550413717846924,0.0,0.18694333853655812,0.17017733631960125,0.13219409007462138
2020-11-29,5610000.0,-6.1,-1.5,3.7736133049519105,11.61593067772026,0.0,0.11316552778078308,0.10471404142411025,0.07591625874264288
2020-11-30,11620000.0,-7.0,-0.2,2.945168301658291,9.466938606964488,0.0,0.17552436119185788,0.1578725582086995,0.1399922128490608
2020-12-01,11430000.0,-5.3,3.1,1.4121359091192986,3.7891698629203416,0.0,0.15901863989486403,0.13984248359622647,0.21147557086354102
2020-12-02,10040000.0,-5.8,3.7,2.152176281595945,5.725657146735083,0.0,0.19686325623404294,0.17998708732727473,0.21992218793182391
2020-12-03,11120000.0,-7.9,-0.3,2.850506562841,10.008676162405704,0.0,0.1759152432930863,0.1593723910612708,0.13799012892347284
2020-12-04,10990000.0,-6.0,-0.8,2.3762082715214556,9.011998781400592,0.0,0.21543582970134692,0.19860253579237003,0.1744474196315432
2020-12-05,10050000.0,-4.6,0.7,3.832043236683348,7.0006858683812645,0.0,0.11503180917876073,0.0987150395063124,0.10987421664279617
2020-12-06,11430000.0,-3.8,2.7,3.877629378140869,5.959113109853397,0.0,0.1256265358742828,0.10604917435768868,0.13612694039560988
2020-12-07,7120000.0,-5.7,3.6,4.051926360901522,9.140698863632483,0.0,0.1502896122767417,0.13832165185680248,0.1367231131487371
2020-12-08,9320000.0,-7.4,-2.4,2.5541961123161223,6.821104358290253,0.0,0.13008752735152265,0.1166882724766852,0.12100787861558918
2020-12-09,11280000.0,-4.0,4.2,1.5102959799482014,2.7745343309061274,0.0,0.12265462109427694,0.10286589238981955,0.18970578864709486
2020-12-10,8470000.0,-2.5,4.2,4.823642421709419,4.941484552670999,0.0,0.09442930749871144,0.07916450590630475,0.11267889132353137
2020-12-11,6670000.0,-4.0,3.5,4.931404907281978,7.0366021703994655,0.0,0.08757973225110649,0.07602753619371937,0.0915732182045768
2020-12-12,11310000.0,-5.3,0.5,2.665706294497076,7.291009309695066,0.0,0.17632853734343967,0.1582894430157022,0.1683345994513179
2020-12-13,4470000.0,-12.6,2.8,3.055620518824833,14.429374335812774,0.2,0.26609100813813946,0.2596645414760661,0.14815413845800066
2020-12-14,11310000.0,-14.3,-8.8,1.3931026174725956,14.507192990185544,0.0,0.19070837209911765,0.1788956836575376,0.10181058398086278
2020-12-15,11480000.0,-13.2,-8.8,1.503354149653516,11.762588910961252,0.0,0.15716643563714153,0.1448251094286403,0.0971047595603319
2020-12-16,10690000.0,-12.0,-8.2,1.8175979880628568,14.638886097585619,0.0,0.17043346033794238,0.15839711417660307,0.09026285352539189
2020-12-17,10800000.0,-9.1,-4.5,2.5261289921515058,8.943159202532373,0.0,0.11727203966420481,0.10300737348359634,0.09292909454213834
2020-12-18,6440000.0,-12.6,-0.7,2.5627559048452233,12.510845203007134,0.0,0.1582152508646472,0.14965054386107404,0.12043382121285925
2020-12-19,11770000.0,-10.7,-6.4,1.3926048512557423,12.0080169747523,0.0,0.23367486195131523,0.21936268152124355,0.1468713862401776
2020-12-20,11070000.0,-8.5,-3.2,2.3826279007335205,9.356196675741698,0.0,0.15676239455771124,0.14149804794572957,0.12303844046980579
2020-12-21,5220000.0,-5.5,-1.4,3.5362909373488542,7.488548970795177,0.0,0.1032237476444634,0.09524477329805034,0.09103226462081208
2020-12-22,10170000.0,-5.2,1.0,3.650893287584233,7.488548970795177,0.0,0.12433743970603586,0.10792283338633571,0.11933161853913044
2020-12-23,7430000.0,-3.2,2.3,4.934471098662836,7.048574271072201,0.0,0.08127124915623045,0.06849766388745233,0.0812647050399202
2020-12-24,9900000.0,-8.2,1.7,3.3687321275427364,13.52847376018953,0.0,0.1929316131606455,0.1776741585482729,0.13796331134597864
2020-12-25,10280000.0,-7.9,-2.8,2.9773374319725843,9.245454744518906,0.0,0.1169081993134928,0.10241589786254839,0.09318422733384657
2020-12-26,9230000.0,-4.5,1.2,3.765158659776296,5.519138410130419,0.0,0.10177786996070004,0.08661620220586017,0.11225828058657458
2020-12-27,4200000.0,-2.6,3.9,4.310056924177936,3.2234881061336558,0.17,0.08564184518613718,0.07812615705759471,0.11150723535778648
2020-12-28,10510000.0,-2.0,6.1,4.688577036079294,4.393760946893415,0.0,0.10924239041473272,0.08949699793846114,0.14344788047143742
2020-12-29,6710000.0,-14.1,5.9,3.1573331246015477,13.47759233233041,0.38,0.2928574996106285,0.28287525694197,0.19582209525252364
2020-12-30,7390000.0,-15.7,-12.2,1.2679911419097056,18.35023730613319,0.0,0.18042090937360405,0.17365077356547237,0.07525058678406629
2020-12-31,10310000.0,-14.9,-7.1,2.1661595355747854,11.660826055243012,0.03,0.07572506719381462,0.06464152423130179,0.053215630219796015
2021-01-01,3700000.0,-9.2,-5.0,2.782448270227188,8.901256850177802,0.08000000000000002,0.08990882333914332,0.08508912420110878,0.06797749592518072
2021-01-02,11030000.0,-11.2,-5.7,1.8856189116353401,13.232164268539362,0.0,0.1973586053326542,0.18388113111750276,0.11671575013030677
2021-01-03,10650000.0,-9.8,-4.4,2.1179309865969382,10.679113800078817,0.0,0.1737888659846081,0.1599159481954006,0.12091284827755407
2021-01-04,11150000.0,-7.6,-0.3,3.3534590559514026,6.635536797862874,0.020000000000000004,0.09727336732749624,0.08058093481518278,0.09825702203249546
2021-01-05,9400000.0,-14.0,-5.6,1.8050121067096778,12.055905377443239,0.0,0.15685435070385956,0.1461087664491526,0.10275819486637894
2021-01-06,11060000.0,-18.4,-7.8,1.8347130549290278,11.25078160720187,0.33,0.06706559176856151,0.05644157863045002,0.0526816925963078
2021-01-07,10920000.0,-22.5,-15.5,0.8577079689560658,12.139710082152375,0.0,0.08928700713317869,0.08189873328084804,0.05073580163904936
2021-01-08,12380000.0,-20.0,-14.6,0.9910044513335021,9.835080702651062,0.0,0.08552298433338132,0.07620907690714186,0.05458183726339968
2021-01-09,11520000.0,-17.1,-9.9,1.4242762857280178,11.55906319952477,0.0,0.11387391909085462,0.10305066449969011,0.07113895219225494
2021-01-10,9000000.0,-13.7,-6.9,2.0431733438404036,5.570019837989539,0.0,0.06611478064584847,0.05608393068506551,0.0643083858840334
2021-01-11,6210000.0,-11.4,-5.5,2.30426123853206,4.582321532488976,0.03,0.06649000175192657,0.05890204936062189,0.06964115178029376
2021-01-12,8460000.0,-9.0,-3.9,2.9910790276921664,7.2820302341905165,0.06999999999999999,0.08072980412992549,0.06937550674227858,0.06880427269047465
2021-01-13,11670000.0,-5.8,3.5,4.420104683432475,8.404414672259337,0.0,0.12053656696195233,0.1009949768478583,0.11349770461791206
2021-01-14,12560000.0,-2.4,5.3,3.4215670032436596,5.549068661812255,0.0,0.18389684652787794,0.16078012636824643,0.2060721625917171
2021-01-15,8150000.0,-9.5,7.3,5.390714843179271,12.63655226007084,0.04000000000000001,0.07524242198940365,0.0615691346898502,0.1009004162885645
2021-01-16,11030000.0,-12.5,-5.6,2.0201687048070527,13.292024771903032,0.0,0.17087951093413406,0.1577909418478652,0.09964459472747925
2021-01-17,13110000.0,-11.4,-6.8,2.0022067123967227,8.901256850177802,0.35000000000000003,0.12750625950900552,0.11198777093657855,0.09126326911791144
2021-01-18,6440000.0,-15.1,-2.1,2.1309884186550123,13.49255745817133,0.17,0.19263088521945096,0.18481890706851556,0.11924667001390518
2021-01-19,13130000.0,-10.6,-2.4,0.7277984626898681,3.9118838948158663,0.0,0.1467258786399582,0.12914396485027854,0.17347156454585275
2021-01-20,13130000.0,-3.5,4.4,2.5618987785631493,4.591300607993527,0.0,0.1820599930876994,0.15873223079487547,0.21360755106685927
2021-01-21,5800000.0,-0.6,5.7,6.063690521346351,4.845707747289127,0.8500000000000001,0.08844126595109482,0.07736031901702692,0.09695531901218488
2021-01-22,4710000.0,1.3,6.5,7.280429640026768,3.5826511263156786,0.06,0.060603092157692974,0.05120242765114771,0.07086213474436882
2021-01-23,3120000.0,-1.5,3.6,6.451492827837332,9.460952556628122,0.35000000000000003,0.03913223366569676,0.0334694768646797,0.032834533779885655
2021-01-24,11660000.0,-1.7,4.9,5.2287286652492035,5.249766144993902,0.0,0.12249087503970661,0.100919112685422,0.1243360243726593
2021-01-25,12240000.0,-0.9,6.1,5.0694954775163215,6.710362427067462,0.020000000000000004,0.17657734213370244,0.1531538688051318,0.1679879105098424
2021-01-26,2660000.0,-5.2,0.2,5.045984613922054,9.577680538187279,0.5,0.027115365020019357,0.022889625785203004,0.02274971261650787
2021-01-27,13730000.0,-4.7,1.5,2.147044861304497,6.2165132743171805,0.0,0.22587411534070606,0.20327680116402505,0.21600237488595386
2021-01-28,9360000.0,-14.7,1.1,1.8928060424928672,17.431378579500848,0.26,0.5186313022335609,0.5062685915437003,0.20197943755089728
2021-01-29,14190000.0,-13.8,-5.6,1.6541174170844202,12.21154268618878,0.0,0.20299181697544771,0.18668883625120697,0.1207576845226606
2021-01-30,9650000.0,-5.0,1.2,3.0316471160704888,8.688752063236771,0.010000000000000002,0.22144540607914193,0.20574736966834903,0.17436721844623645
2021-01-31,12710000.0,-1.2,5.4,4.666638159621533,6.375143608230907,0.96,0.18874687697193515,0.16482785506966005,0.17578492858666034
2021-02-01,7240000.0,-12.2,4.9,4.140339899048998,13.327941073921235,0.0,0.14268897283631599,0.131713566528533,0.11663730653765061
2021-02-02,15240000.0,-12.0,-7.3,1.55969553765024,14.459304587494607,0.010000000000000002,0.2551188595331483,0.23756557314377075,0.12569014015383836
2021-02-03,15220000.0,-10.5,-2.6,1.9079126532116142,9.589652638860013,0.2,0.2264070922428667,0.20607294163604695,0.15814882991691567
2021-02-04,15380000.0,-8.7,-2.6,1.642546824130904,8.353533244400218,0.0,0.24661750429270426,0.22522060079502054,0.1846304310669012
2021-02-05,12340000.0,-3.6,3.6,2.0104790994423922,6.099785292758024,0.0,0.27072538040019106,0.24915589830483179,0.2613777916178858
2021-02-06,14560000.0,-2.3,6.6,5.477564740919862,8.311630892045647,0.020000000000000004,0.19255218477260033,0.16510532493630226,0.15633638840258246
2021-02-07,14440000.0,-11.1,5.1,3.5408586769196844,11.319621186070089,0.0,0.29266453073355864,0.2701821111720676,0.17541724300038117
2021-02-08,15960000.0,-11.1,-4.7,1.7738867807047507,15.393128439967866,0.0,0.30534259146598586,0.28531984306026537,0.14895907117040938
2021-02-09,15980000.0,-7.5,-0.2,2.1966100002595867,7.56636762516795,0.0,0.23845785644479686,0.21443414862650179,0.18861791270318803
2021-02-10,15590000.0,-5.3,3.3,3.4695217219563563,5.929182858171562,0.0,0.19554281796600276,0.16928796318948205,0.17494092914427906
2021-02-11,12360000.0,-1.5,8.4,3.396159176088465,3.615574403165698,0.0,0.20683035571905398,0.18251188836200355,0.23967972681701327
2021-02-12,13220000.0,-0.6,9.5,2.8732029604599383,3.4659231447565215,0.0,0.23007768475568974,0.20323510000629827,0.27535154912594106
2021-02-13,16020000.0,1.2,12.1,3.1326516159200386,4.0615351532250425,0.0,0.2867427763302307,0.2520291416211541,0.34064612301154173
2021-02-14,8780000.0,-0.6,11.0,6.640516190235852,4.9295124519982645,0.39,0.15961903732008867,0.14138022047413606,0.17506011497321175
2021-02-15,5700000.0,-10.9,0.3,2.6400697517854077,17.075208584487008,0.020000000000000004,0.2795741564750953,0.2715208917126982,0.1541693488678119
2021-02-16,11100000.0,-15.4,-3.5,1.895425593666564,13.89362283070792,0.29,0.2087560256137805,0.19584276017816024,0.12213233489092298
2021-02-17,14230000.0,-14.8,-10.1,1.335930742639016,18.823135282706186,0.05,0.2618599499605499,0.2476965291062873,0.09973088343823115
2021-02-18,16219999.999999998,-12.8,-6.6,1.9857528875135189,13.42671090447129,0.0,0.20107563925061375,0.18244037869055843,0.09741764271943285
2021-02-19,17500000.0,-4.7,4.0,4.032650311061378,11.15799782698818,0.0,0.2884566785267165,0.25825908705025974,0.18500405136570056
2021-02-20,17030000.0,0.8,10.1,5.849943407414722,8.682766012900405,0.0,0.32833832701988086,0.2926969238163869,0.2610485370562129
2021-02-21,17410000.0,3.3,14.2,6.218146693988897,11.17595597799728,0.0,0.5073467205542328,0.4674131528799405,0.39951859257587624
2021-02-22,17280000.0,-9.3,12.8,3.8801071420379527,11.166976902492731,0.0,0.5559963566557202,0.5238620669920367,0.37068114265161034
2021-02-23,16290000.0,-6.1,2.2,1.7548303516395551,6.722334527740196,0.0,0.30762167641591076,0.281173897514002,0.25849177922930816
2021-02-24,12590000.0,-3.3,5.3,2.4443887286590344,3.654483730352083,0.0,0.22196339744814253,0.1991528986402566,0.23525872198425582
2021-02-25,3690000.0,-1.7,2.0,5.579312887702119,5.830413027621506,1.1,0.07325090637583645,0.0667656802988105,0.061631995531471265
2021-02-26,16390000.0,-1.8,6.5,4.476056773349257,11.044262870597207,0.0,0.3624439279858998,0.3313389365118511,0.2416813617385794
2021-02-27,14340000.0,-3.0,3.3,4.304618866006373,12.510845203007134,0.0,0.30091655474407103,0.27571380624961245,0.17373050169268708
2021-02-28,5150000.0,1.3,5.6,6.740890684987185,4.3847818713888636,0.38,0.09938102696484705,0.08924833223274273,0.09264785797742367
2021-03-01,3770000.0,-4.3,9.3,7.738243546114674,7.144351076454073,3.39,0.04759908978523202,0.040408444571994426,0.0475089833018675
2021-03-02,11850000.0,-6.2,0.9,3.429333249640798,5.495194208784951,0.0,0.16853703011295956,0.14982453975310028,0.13707677139399252
2021-03-03,15430000.0,-2.6,4.8,3.6228123535481878,2.954115840997139,0.0,0.19905404804762283,0.17099957659974627,0.19371854504431435
2021-03-04,6720000.0,-1.7,4.5,5.644614995987554,3.5676860004747613,0.73,0.10442792638982523,0.09208117015653014,0.09925189722639138
2021-03-05,19160000.0,0.1,11.7,5.298549205098159,4.998352030866486,0.0,0.31739704612171943,0.27676366211681824,0.29728728634616935
2021-03-06,12610000.0,-3.3,7.6,5.172500538097397,8.676779962564037,0.0,0.2493093161047096,0.22553837499648716,0.19289690783634697
2021-03-07,5950000.0,-3.1,3.3,5.194927225187806,3.3372230625246297,0.0,0.09193969065505422,0.08150148712743709,0.0887345202598452
2021-03-08,19710000.0,0.1,8.5,4.890176156562622,2.789499456747045,0.0,0.2513498477880037,0.2115150901057697,0.2360801422799393
2021-03-09,15190000.0,-2.4,7.0,4.242516960625566,6.8121252827857015,0.0,0.2955157346992964,0.26673638204728534,0.24098800897731273
2021-03-10,20720000.0,-0.9,9.7,4.780230234459634,4.483551701938921,0.0,0.30859580089121896,0.26658978329988864,0.27654915264627716
2021-03-11,14410000.0,0.2,9.9,5.474201602885302,3.7742047370794243,1.29,0.24075636032495953,0.21095694243736726,0.2305674561399814
2021-03-12,4950000.0,-2.3,3.9,6.184357955762061,6.542753017649185,0.67,0.07368030161049696,0.06477511523468915,0.05609642700891828
2021-03-13,17110000.0,-0.6,9.5,5.467480808211732,5.195891691966599,0.0,0.282840508894186,0.24809946312549544,0.2431566323104303
2021-03-14,15300000.0,0.5,7.4,5.735071285325748,5.89326655615336,0.0,0.2600500922865184,0.22946474066850203,0.20318649586514897
2021-03-15,17190000.0,4.1,10.6,7.0711570032363635,7.545416448990665,0.37000000000000005,0.3534759050761098,0.31549316193801813,0.2629728545170319
2021-03-16,19750000.0,-2.5,10.3,3.5660749938917187,7.680102581558925,0.0,0.4729312767880695,0.43351235449416964,0.3657076078096229
2021-03-17,21470000.0,0.3,13.1,4.728297376205222,3.0439065960426444,0.0,0.3417457608268347,0.2951568133304213,0.3265367243913725
2021-03-18,21080000.0,1.4,11.9,6.974772541686773,5.079163710407441,0.0,0.328265162440899,0.2825870463567956,0.2663493650055687
2021-03-19,18220000.0,2.1,11.1,6.650493856523038,7.353862838226919,0.4,0.35899601741252807,0.31957104280158805,0.27212657207819074
2021-03-20,5360000.0,-1.1,6.9,7.334683222406409,8.09314005476825,0.22000000000000003,0.08074173908058804,0.07038240514785808,0.06067007132883144
2021-03-21,15230000.0,-5.2,2.5,3.946281788467599,15.42006566648152,0.0,0.3418389372477815,0.316530279555201,0.16567848271815225
2021-03-22,21470000.0,-2.5,3.6,3.6309827551371114,11.978086723070465,0.0,0.453840665142449,0.41555829585452153,0.2505560703368401
2021-03-23,22470000.0,-0.9,9.9,4.408988951868632,8.215854086663775,0.0,0.46468326062950754,0.41898856914861227,0.3451606473411561
2021-03-24,17680000.0,0.6,10.6,4.620138951775322,5.680761769212331,0.0,0.3748252861192912,0.3376589518266566,0.32634007535984766
2021-03-25,22730000.0,3.1,13.6,5.231957981231241,5.267724296003003,0.0,0.45431705154424556,0.4027231989773695,0.40273241220366574
2021-03-26,19080000.0,3.7,15.3,4.897787997759096,5.635866391689578,0.0,0.4746452041493286,0.43003554149341017,0.44977464601435246
2021-03-27,5530000.0,3.8,9.6,10.073176601589239,10.92154883870168,2.5,0.08272570107394131,0.07072584640905234,0.03585955922795722
2021-03-28,11610000.0,1.8,8.8,7.927433575878777,11.241802531697319,0.09000000000000001,0.22149219617580013,0.1973023311709598,0.12749670639914262
2021-03-29,21920000.0,2.0,10.7,4.548305543578149,8.727661390423158,0.0,0.5420674705615113,0.49497275781634176,0.39733637548792555
2021-03-30,21820000.0,4.0,11.9,3.924947730336026,5.088142785911992,0.0,0.4740497416019525,0.42504522862368804,0.4260956245070517
2021-03-31,22530000.0,3.9,15.7,5.909038244317583,4.312949267352459,0.0,0.4462286066176128,0.39315687836103724,0.4146073065886838
2021-04-01,15030000.0,4.7,11.4,5.9831941629231045,14.13905089449897,0.0,0.6288902535945049,0.5950446847973387,0.38584812565722093
2021-04-02,19370000.0,8.1,14.6,9.454094461965289,9.559722387178176,0.03,0.4939163506618713,0.4465594305767011,0.33713349498995565
2021-04-03,4830000.0,6.5,11.5,11.914210608745302,7.279037209022332,3.75,0.08273342291205095,0.07158313485051017,0.04759493263989946
2021-04-04,6700000.0,-0.9,7.5,6.811948117773899,4.618237834507179,0.06999999999999999,0.12395576224623035,0.11083693582062885,0.10880297717451493
2021-04-05,24250000.0,1.5,9.7,4.367525299275453,4.9354985023346325,0.0,0.43555634311681085,0.38457876355819154,0.3554886377891563
2021-04-06,19790000.0,2.4,11.8,4.789183562900503,7.5753467006725,0.0,0.5086029601225122,0.4651761367904874,0.40101748152344363
2021-04-07,24360000.0,3.6,13.6,4.728297376205222,6.375143608230907,0.0,0.5569229185152904,0.501265544410854,0.46367100895209845
2021-04-08,24300000.0,0.3,11.7,4.211764920272719,6.728320578076564,0.0,0.5161884399139431,0.46450434816706443,0.41138706754057486
2021-04-09,19400000.0,-0.5,11.3,5.674047369292392,7.431681492599692,0.12,0.40583846943024604,0.36529724513363326,0.30809592016450343
2021-04-10,20380000.0,1.9,11.9,5.7666805056797505,3.573672050811129,0.0,0.35793641688504574,0.3134634937157402,0.3130863707947778
2021-04-11,23720000.0,5.2,13.4,5.370846491224622,6.222499324653548,0.0,0.5497217260049636,0.4945426337199376,0.4493293331285254
2021-04-12,3670000.0,5.0,9.5,9.574606000767881,11.09813732362451,2.67,0.10344630314537875,0.0953594243524954,0.07474265857994256
2021-04-13,16219999.999999998,-2.5,9.4,5.57418604272615,14.659837273762905,0.010000000000000002,0.43553491564621477,0.40362184602393664,0.2509063049588273
2021-04-14,25230000.0,-1.2,7.8,3.738696237340271,7.952467871863624,0.0,0.5107541017257203,0.46135290908125387,0.34993937412507314
2021-04-15,20700000.0,1.4,10.9,4.646243983114949,4.869651948634594,0.13,0.41752556972707044,0.37330685433523136,0.35285818052146584
2021-04-16,15690000.0,-0.1,12.0,7.899494785079307,6.201548148476264,0.0,0.26867816156798285,0.23535527372083148,0.20205784358646653
2021-04-17,23270000.0,-0.8,9.6,4.890176156562622,14.701739626117472,0.04000000000000001,0.6366497377467097,0.5894740606545159,0.3445625727368665
2021-04-18,23390000.0,0.4,8.7,4.823642421709419,10.807813882310707,0.0,0.5550166469620751,0.507377784825542,0.33493949713453963
2021-04-19,26320000.0,4.7,13.0,4.775759132829115,9.685429444241887,0.0,0.7345498472677152,0.6740229238725776,0.5153889501121581
2021-04-20,25310000.0,10.3,18.0,6.674494323136203,3.0648577722199293,0.0,0.5311366100307857,0.4653548346870637,0.4961616028685338
2021-04-21,20920000.0,10.0,19.3,6.970608366736929,5.228814968816617,0.010000000000000002,0.589852893968519,0.5349263770808788,0.5525914049054147
2021-04-22,15120000.0,7.4,18.2,6.7267580479198985,7.03959519556765,0.17,0.5573216653645264,0.5191301710351077,0.5123682621263381
2021-04-23,16780000.0,5.9,14.3,6.4417794932125565,10.032620363751175,0.0,0.605893728755567,0.5660734496859319,0.4469402937746512
2021-04-24,20460000.0,7.3,18.3,7.450882857756455,4.052556077720492,0.0,0.4825187930370133,0.430839032853157,0.4497545404925248
2021-04-25,22980000.0,2.9,15.4,6.81806943366586,6.330248230708155,0.0,0.5239841895717449,0.47072988925207826,0.41009058356067885
2021-04-26,24470000.0,3.9,13.5,6.1712617936717855,4.300977166679725,0.0,0.4725076139471427,0.41645319504539147,0.39065884871151163
2021-04-27,11850000.0,7.1,12.5,8.21165383443372,5.342549925207591,0.04000000000000001,0.32056773035703284,0.29265383866416017,0.2704179703382362
2021-04-28,18980000.0,6.7,14.8,6.861054885106953,4.8397216969527594,0.18000000000000002,0.4608331847176578,0.41507963665853403,0.3999828876025707
2021-04-29,24700000.0,4.8,14.0,6.787511378864888,11.119088499801794,0.7000000000000001,0.6868468260048175,0.6292425813930895,0.44139652671655566
2021-04-30,22230000.0,1.7,10.1,6.484615064769875,8.661814836723119,0.34,0.45607562089068476,0.4089315641877122,0.28663386548009595
2021-05-01,13560000.0,1.4,5.9,6.968527102888364,15.039951470122212,0.4,0.2815320482804707,0.2546813700778071,0.12105153032729014
2021-05-02,20580000.0,1.8,9.9,6.397264434919061,6.611592596517406,0.0,0.40225737620681806,0.3586761562035202,0.2782099317242686
2021-05-03,26480000.0,6.8,15.5,7.579904411528873,5.447305806094015,0.0,0.5719808628830226,0.5075420344535243,0.4477339814777448
2021-05-04,8800000.0,5.6,13.1,11.525925391877726,12.669475536920858,1.59,0.16350699276789474,0.1430099148701524,0.08733750142775369
2021-05-05,27830000.0,4.0,13.0,4.662261314697486,9.410071128769001,0.0,0.7510461215139164,0.6876265302099731,0.5199603586033946
2021-05-06,22250000.0,8.5,16.2,6.242651068705792,6.605606546181038,0.0,0.6401207152342141,0.5844732321900454,0.5337138374412256
2021-05-07,20510000.0,2.2,15.7,7.654190065290242,9.796171375464677,0.29,0.5866150781116549,0.5393275031375528,0.38331615361760757
2021-05-08,27540000.0,3.8,16.1,7.699523754239863,10.738974303442488,0.0,0.7060439953332384,0.6409297143884553,0.4529817198049685
2021-05-09,26690000.0,6.8,14.7,6.132120300637302,7.437667542936058,0.11000000000000001,0.683320512670439,0.6189810923491528,0.512885825473125
2021-05-10,10610000.0,7.3,10.7,8.572047663136573,5.228814968816617,0.42000000000000004,0.27200705303777234,0.24751335607442906,0.2184119005587452
2021-05-11,12800000.0,7.3,13.0,8.502345071241827,9.930857508032936,0.11000000000000001,0.4438797776980158,0.4134671890896904,0.30884590043006754
2021-05-12,26030000.0,11.8,18.4,11.620304794229167,5.234801019152985,0.0,0.595747504781895,0.5267906369388502,0.4521509188423288
2021-05-13,23050000.0,11.4,21.7,13.495173214630094,2.9451367654925886,0.0,0.500371486185738,0.4375996390007485,0.4216998730587308
2021-05-14,21360000.0,12.7,22.0,14.27026354456566,7.302981410367799,0.5700000000000001,0.5924494001145026,0.533431816427264,0.4546716976830819
2021-05-15,9070000.0,13.8,18.9,18.02859005766968,6.015980588048884,2.27,0.20322232118893968,0.17861333626618364,0.13763230192579923
2021-05-16,6210000.0,12.7,18.9,17.614934858079206,7.027623094894916,2.62,0.1447510137833532,0.12807541424524418,0.10364950412242835
2021-05-17,7570000.0,9.5,14.9,13.108973634534525,3.735295409893039,0.33,0.1682950771510811,0.14942562190373262,0.13919364960739672
2021-05-18,14800000.0,9.9,15.6,11.419349038282109,3.795155913256709,0.11000000000000001,0.33145328436743493,0.2941108138528324,0.2703121052480862
2021-05-19,26010000.0,12.0,19.8,10.567403554592826,5.324591774198491,0.04000000000000001,0.6504005075348667,0.5804233825132281,0.527131738784932
2021-05-20,5940000.0,8.2,12.0,11.967735311910571,9.865010954332897,1.08,0.1342777913812727,0.12018169736019804,0.07708300695270301
2021-05-21,15470000.0,7.7,11.5,10.594472169499502,9.990718011396606,0.27,0.329911237474784,0.29365111197834687,0.17600336032245445
2021-05-22,27780000.0,10.6,17.9,11.857571416325639,7.398758215749672,0.0,0.6437156029306123,0.5713662013593076,0.43068767161272065
2021-05-23,20500000.0,12.9,22.2,12.462528184965308,3.60958835282933,0.0,0.5191363194139456,0.46229421908672,0.46184202898901
2021-05-24,22530000.0,7.3,17.7,8.925585369721507,7.240127881835947,0.1,0.5924577080481467,0.5359224677321441,0.45621136181791744
2021-05-25,21360000.0,6.2,14.0,7.913453300230101,9.481903732805407,0.39,0.5830976561110396,0.5324086715504076,0.3879662442110817
2021-05-26,16629999.999999998,7.5,17.7,8.804631804285965,6.443983187099128,0.03,0.49316516259881754,0.45134297493261066,0.4183874369674358
2021-05-27,17460000.0,6.9,14.5,9.456818446315141,8.73963349109589,0.31000000000000005,0.46045235467305135,0.4184130818335146,0.31278591543946943
2021-05-28,18480000.0,7.6,18.0,11.145668087201992,13.64520174174869,1.2300000000000002,0.5881258551778046,0.5414473621085151,0.3666593059437101
2021-05-29,27560000.0,9.4,17.1,9.375399077753679,6.327255205539971,0.0,0.6521995756487786,0.5819070216388176,0.4816278818484105
2021-05-30,26600000.0,11.5,20.8,11.69892533840547,4.22914456264332,0.1,0.6153986711140182,0.5434958620804631,0.5020393631137178
2021-05-31,26150000.0,10.3,21.5,12.539150453287544,5.498187233953134,0.010000000000000002,0.6217582747874427,0.5514044947291634,0.4871709414588298
2021-06-01,26950000.0,13.8,22.0,11.735115863857255,4.2411166633160535,0.0,0.669643992930658,0.5944592681900984,0.5653547125736628
2021-06-02,22100000.0,12.3,21.9,12.542643102640747,5.6209012658486595,0.0,0.6007611582157618,0.539971102792211,0.4980432554607851
2021-06-03,7040000.0,9.9,14.6,14.502746137796974,8.141028457459187,2.0300000000000002,0.13549993381245026,0.11793197889265272,0.06868701012604442
2021-06-04,26540000.0,8.7,17.6,9.640908367728787,6.985720742540346,0.0,0.6471496302214965,0.5796033389368611,0.4711144133243533
2021-06-05,26040000.0,10.9,21.0,13.929590990852134,8.090147029600068,0.03,0.6439436532179139,0.5738193964440865,0.4406062961110454
2021-06-06,24000000.0,12.2,20.8,12.591630076337289,6.1267225192716745,0.22000000000000003,0.6259962616850094,0.560697537732213,0.4858636776057909
2021-06-07,22740000.0,14.6,22.7,12.30364696735845,4.262067839493339,0.0,0.6149948367009863,0.5507396287913762,0.5397664467099317
2021-06-08,26300000.0,12.5,25.2,13.887513344053243,3.0947880239017644,0.0,0.6317628338828043,0.5572002720024587,0.5407653212403377
2021-06-09,27200000.0,14.7,24.7,13.185426998163955,4.956449678511916,0.0,0.7357642399747515,0.657576657870604,0.6278632564241787
2021-06-10,16340000.0,14.5,21.6,15.741325546104688,10.532455566837823,3.8000000000000003,0.568910044866255,0.5232067380275336,0.4027511135408778
2021-06-11,18040000.0,13.5,21.5,16.785424117778902,2.612910971824217,0.09000000000000001,0.40262713885353485,0.35265015034943986,0.32708778354118384
2021-06-12,17820000.0,16.5,22.4,18.936604652179575,4.022625826038658,0.22999999999999998,0.44253836824935233,0.39151899008149804,0.34147423738049093
2021-06-13,19420000.0,15.2,22.8,18.265295960571283,2.2896642536603964,0.26,0.44259964897718146,0.38740576164420515,0.3599325593099659
2021-06-14,14730000.0,14.8,20.6,18.014185607171825,6.201548148476262,0.05,0.3683434585656769,0.3273927058945246,0.2582966422299743
2021-06-15,5330000.0,13.7,16.5,15.630793557237208,10.84373018432891,1.0,0.20054393838709555,0.18642407263206562,0.13883983045960052
2021-06-16,17000000.0,13.0,17.8,15.08828719526594,9.437008355282654,0.11000000000000001,0.4371048081217113,0.39180485354910205,0.2652453838520853
2021-06-17,8620000.0,14.7,19.0,16.481087924338876,2.6787575255242544,1.03,0.22352677667745438,0.19992278732902513,0.19916496020502455
2021-06-18,12600000.0,12.8,19.2,16.534439945624083,6.135701594776225,0.13999999999999999,0.3022591813576726,0.2682959927807377,0.21347043083500933
2021-06-19,26500000.0,14.0,22.1,12.665425915920864,3.8879396934703987,0.0,0.6446602349936811,0.5705392049308833,0.5380164955956911
2021-06-20,27680000.0,12.9,23.6,12.102473372552307,6.6744461250492595,0.0,0.7843740185328929,0.7066868460479954,0.6381982308301335
2021-06-21,26140000.0,11.9,21.5,13.678795438745851,5.543082611475887,0.0,0.6294707939349811,0.5580876446254968,0.47772311110090826
2021-06-22,20570000.0,12.8,20.5,15.766930111710831,3.2234881061336558,2.79,0.4488830715246922,0.3927619161616019,0.348751276678991
2021-06-23,11600000.0,13.2,17.3,15.542015522151369,3.6724418813611845,2.67,0.264044294152394,0.23322388666703717,0.20487586802043314
2021-06-24,16460000.0,13.0,18.6,15.357438035376392,2.7924924819152284,0.34,0.35563755295961086,0.31143781569756984,0.2817855136332545
2021-06-25,20370000.0,14.6,21.0,16.436743314862174,2.8044645825879626,0.87,0.45899144793899305,0.4022621052607394,0.3659058611405919
2021-06-26,15710000.0,14.7,19.6,15.474672427794577,2.744604079224292,0.16000000000000003,0.37077028044835125,0.327518279598233,0.30931856090257165
2021-06-27,19280000.0,15.4,21.8,16.74486343381145,3.38810449038375,0.13999999999999999,0.46634591231291633,0.4119130695420674,0.3762904887712394
2021-06-28,19610000.0,14.1,21.4,16.984963661048376,2.9301716396516704,1.27,0.4396381192156884,0.3850728931455111,0.3472929000172572
2021-06-29,15000000.0,15.3,20.3,17.91363658130956,2.134026944914853,3.9700000000000006,0.33552668247576467,0.29375249788205793,0.27328162090658636
2021-06-30,18630000.0,14.1,21.3,17.775592002262393,2.4153713107241046,0.82,0.40506814604705477,0.35327503523486437,0.32020083916086384
2021-07-01,23720000.0,16.1,24.1,17.380986824528197,3.783183812583975,0.010000000000000002,0.5905305885321044,0.5219141402107843,0.4751144691128011
2021-07-02,20590000.0,15.5,23.0,17.994995364548675,6.659480999208343,0.1,0.5513987301817249,0.49263949854386996,0.4007508068599194
2021-07-03,8510000.0,16.3,20.1,19.495288183699305,13.642208716580505,4.3500000000000005,0.27458928362105317,0.25072534333717933,0.1578931455286633
2021-07-04,12510000.0,15.7,20.1,18.553919718554173,8.233812237672877,0.06,0.33699237847172325,0.30209215930643935,0.22043654472205904
2021-07-05,5850000.0,15.8,19.5,19.26501486006457,3.4539510440837877,8.32,0.15071849112344426,0.13446918142465225,0.1277236907620458
2021-07-06,4640000.0,17.4,19.7,21.004980216526015,5.543082611475887,5.11,0.11449425134591415,0.1014052279829375,0.09084280732761638
2021-07-07,6560000.0,18.6,21.8,22.37116856854398,5.330577824534857,1.74,0.18803083025407596,0.16902461520717144,0.1464595023352632
2021-07-08,9170000.0,17.9,21.9,20.868097591043178,3.115739200079049,3.16,0.24393739808888754,0.2174940214555478,0.2055206583880287
2021-07-09,20660000.0,17.6,23.8,19.655319945271128,5.231807993984802,0.12,0.5469644474451237,0.4866437297209448,0.41173209852494114
2021-07-10,20310000.0,17.6,23.8,20.564310525373436,5.647838492362311,0.6900000000000001,0.5292435236245027,0.46994469608442174,0.3819697289741767
2021-07-11,19540000.0,19.0,23.5,21.588506563660005,4.73795884123452,0.67,0.5019388935129289,0.44441466942838825,0.36610605415172537
2021-07-12,22010000.0,18.7,26.0,23.43714766668172,3.3940905407201174,0.6200000000000001,0.5459953071436445,0.48016051698199097,0.41252530661213127
2021-07-13,22640000.0,18.3,26.9,22.122885483412958,4.477565651602553,0.0,0.6001077124465033,0.532150888168631,0.4660207893064318
2021-07-14,21910000.0,19.3,26.2,21.922577676773955,3.908890869647683,0.17,0.5803317579912511,0.5144290528398623,0.45715922802355974
2021-07-15,18280000.0,17.9,25.0,21.61101384121729,2.870311136288,0.52,0.453394133267839,0.3994200593954157,0.36342638690487866
2021-07-16,20260000.0,17.0,24.4,20.802671731621004,3.96575834784317,0.55,0.4976186844559816,0.43846584122791465,0.3786319686754741
2021-07-17,16140000.0,17.5,22.6,20.8353621820856,8.11109820577735,0.48,0.4389613736146448,0.39230867467183417,0.2883468561709853
2021-07-18,18050000.0,17.6,23.2,20.79722769049922,6.437997136762761,0.52,0.47535292134464946,0.4228943941552424,0.33193577972360394
2021-07-19,17180000.0,18.7,23.4,21.231169367508137,4.579328507320793,0.58,0.4488325245479812,0.3984065219389358,0.3389188508644283
2021-07-20,15620000.0,17.9,23.9,20.521229974519652,4.90856127582098,0.010000000000000002,0.4299608755103105,0.3842169599901904,0.3388229184936427
2021-07-21,23680000.0,17.5,26.2,19.510725091418095,6.090806217253472,0.0,0.6691424658624093,0.5988157052475527,0.5216205595447734
2021-07-22,24080000.0,17.4,26.3,19.98935165302869,6.458948312940047,0.0,0.6761094526443638,0.6045947399920939,0.5150030190361564
2021-07-23,26130000.0,18.8,26.2,20.42994605661518,6.135701594776225,0.0,0.7276426553969394,0.6493195844028984,0.5472980906682731
2021-07-24,20710000.0,18.9,25.4,20.456757291866055,7.8267608147999175,0.0,0.6434225645337238,0.5816514252858899,0.4789266750885096
2021-07-25,21500000.0,17.8,24.4,18.34317530080849,9.748282972773739,0.0,0.7145064061707531,0.651353304872825,0.5137619146319062
2021-07-26,26330000.0,17.2,25.5,18.891521276415276,6.722334527740196,0.0,0.7255628619340809,0.6479345816216502,0.5411021682400099
2021-07-27,22100000.0,17.6,25.4,20.531992698325723,4.63619598551628,0.0,0.5717091077347394,0.5064080654855916,0.4421318557486534
2021-07-28,23720000.0,18.0,26.9,21.021458824589498,3.5347627236247425,0.020000000000000004,0.6039019504269744,0.5328524978619533,0.48670628373527147
2021-07-29,18960000.0,19.8,24.8,21.740829594872274,2.3136084550058644,0.41,0.4717343781399002,0.4150625332003702,0.3857515380716883
2021-07-30,24700000.0,20.4,27.7,21.2200864976507,3.552720874633844,0.76,0.6658914920900375,0.5902895953850165,0.5499027304276239
2021-07-31,20890000.0,19.8,26.9,22.07696022451055,2.9660879416698727,0.18000000000000002,0.5465040370738646,0.48315309706248444,0.450541411932598
2021-08-01,15420000.0,19.2,24.5,23.208481951794184,3.4749022202610718,1.6100000000000003,0.3906449012328081,0.34484935019053226,0.30343576099443975
2021-08-02,15220000.0,19.1,24.4,23.160591182925067,3.552720874633844,1.58,0.3847588224412989,0.3396225676256912,0.29783758357179024
2021-08-03,16140000.0,17.7,24.9,22.22652302440629,3.3282439870200795,0.26,0.3995105699966448,0.3519604558643914,0.3168443045450286
2021-08-04,22200000.0,20.7,25.9,21.40918554138461,2.409385260387737,0.13999999999999999,0.5601258976541788,0.49284755756960885,0.46193844961181824
2021-08-05,20800000.0,18.9,26.4,22.452529210238733,2.582980720142382,0.47000000000000003,0.5143616334322485,0.4518843554834285,0.41632904795707154
2021-08-06,24420000.0,18.7,27.7,21.37570835938047,4.2411166633160535,0.020000000000000004,0.6485798423725992,0.5746735825118608,0.5239112379214426
2021-08-07,19230000.0,19.2,26.6,21.87132715875095,2.7027017268697224,0.21000000000000002,0.4934986322994567,0.4355373466185964,0.4120702720614706
2021-08-08,9660000.0,17.2,22.9,20.79722769049922,5.608929165175925,0.42000000000000004,0.2800538623857096,0.25213161506306087,0.22653387596109362
2021-08-09,21000000.0,17.5,24.5,20.110602692854137,4.411719097902515,0.22000000000000003,0.5279685653975735,0.46637645588596016,0.4095040806601299
2021-08-10,18180000.0,16.4,22.2,20.068355577373534,3.4958533964383562,0.7200000000000001,0.40896178267034083,0.3570379447357617,0.30596816365574614
2021-08-11,22410000.0,16.8,23.6,19.17864480106707,3.319264911515529,0.22000000000000003,0.5206521569758731,0.4557239131952128,0.4083049596463386
2021-08-12,18730000.0,16.1,23.5,19.69680475335256,4.166291034111466,0.30000000000000004,0.4464469463087598,0.392521021595268,0.34376876801440204
2021-08-13,15470000.0,17.2,22.1,19.20401247871774,5.1150800124256435,1.37,0.40262724282740614,0.358193538695238,0.3100183644641433
2021-08-14,13150000.0,14.9,20.4,17.200402913039596,5.007331106371037,0.30000000000000004,0.3323769272703554,0.295850701195293,0.2612877326345411
2021-08-15,19640000.0,15.7,23.2,17.904086189120264,6.021966638385251,0.12,0.513796778719924,0.4575666672038377,0.3940046409698141
2021-08-16,16950000.0,15.6,21.4,17.64319327619326,8.15898660846829,0.17,0.46749010046085404,0.41971590289487093,0.3283477224051294
2021-08-17,18320000.0,14.4,21.1,17.255791157194942,5.719671096398715,0.43,0.4324939304780206,0.38151815579134807,0.3150974911245004
2021-08-18,13640000.0,13.1,20.5,16.34836796171867,5.7615734487532855,0.82,0.33926782774657605,0.3019516282598011,0.26420573246029166
2021-08-19,17460000.0,14.8,21.4,17.567925658485294,3.403069616224667,1.37,0.38953685844228875,0.3406589058305942,0.30961577027458426
2021-08-20,18860000.0,16.9,21.1,19.67605277419442,7.407737291254223,1.47,0.4500458482709642,0.3964435457426464,0.28581982265422257
2021-08-21,3890000.0,17.3,20.2,20.456757291866055,9.936843558369302,9.450000000000001,0.13896228173399164,0.12795214430438112,0.11133295517798887
2021-08-22,13100000.0,17.4,22.1,18.91655597318011,5.064198584566523,0.38,0.36281590049891554,0.32512937956580007,0.2961859911999124
2021-08-23,3870000.0,16.3,20.5,20.211251838325786,7.341890737554186,5.8100000000000005,0.11724433629339855,0.10635501000667982,0.10463468299271654
2021-08-24,9150000.0,17.7,22.2,21.532328086729493,8.07518190375915,1.1199999999999999,0.26124003003623153,0.23483349908132012,0.18547820576024296
2021-08-25,7960000.0,16.6,21.9,21.76914052707908,5.282689421843921,1.8600000000000003,0.1858605086805504,0.16314445798422572,0.13618590998044222
2021-08-26,21210000.0,17.6,25.2,17.86592923400802,4.459607500593451,0.03,0.561762559456304,0.4991833461721292,0.47787748355149473
2021-08-27,9960000.0,14.9,21.9,19.09766537899398,5.085149760743808,1.52,0.2532377430034215,0.2252125001569826,0.20711596594125323
2021-08-28,19350000.0,18.0,23.2,18.27015491611521,2.4961829902650594,2.18,0.44971356847253424,0.3933037786730892,0.38114591930732866
2021-08-29,7870000.0,15.9,21.4,19.90538111237382,4.4326702740798,0.9800000000000001,0.20031922976961591,0.1780813895651906,0.16690251185267824
2021-08-30,9810000.0,17.5,21.5,18.652661127239334,1.8018011512464818,0.4,0.24215749279633428,0.21404843003311486,0.2228525982001484
2021-08-31,12450000.0,18.5,22.8,21.275551522506415,6.099785292758024,2.5300000000000002,0.34171892994473685,0.30539652595444317,0.2600613324485863
2021-09-01,9830000.0,15.4,22.2,19.351725437555,7.757921235931695,1.34,0.2836215573225441,0.2557758637786478,0.21995234704116223
2021-09-02,8160000.0,14.2,18.9,16.894007483386588,6.62356469719014,0.51,0.22421938992637486,0.20199733903572353,0.17581785268252892
2021-09-03,13180000.0,13.0,18.8,16.15540797716594,6.210527223980814,0.06999999999999999,0.2970947795537551,0.2616353982471348,0.21469283510440107
2021-09-04,13770000.0,13.6,20.4,14.888134940779285,5.611922190344108,0.0,0.3724204669701888,0.3346117417605106,0.31569358874540565
2021-09-05,7450000.0,14.4,17.9,15.664730630176148,9.380140877087165,1.25,0.27132313551820975,0.25118494276257114,0.205532510179553
2021-09-06,5740000.0,14.0,17.5,16.185971855778764,12.84007797150732,3.23,0.2259014391883012,0.21050262044197693,0.15059483404158608
2021-09-07,9050000.0,14.4,20.2,18.17319072343077,8.769563742777727,0.61,0.2422342058404031,0.21725132365476246,0.17281410597721752
2021-09-08,20000000.0,11.6,20.7,15.158277551396283,4.528447079461673,0.010000000000000002,0.4103069863343062,0.35624472390306156,0.3233935089788946
2021-09-09,18420000.0,15.4,22.7,15.912714102563177,2.3435387066876996,0.08000000000000002,0.40188697340159685,0.3494921203806026,0.35773923825869514
2021-09-10,11100000.0,12.8,19.8,15.95150139170568,2.954115840997139,0.0,0.2418556344520138,0.21176681008033515,0.2145717463139234
2021-09-11,22160000.0,14.1,23.6,16.37042263245308,2.9990112185198914,0.0,0.4667881847478978,0.40396284743730987,0.39890254823798205
2021-09-12,19140000.0,14.9,23.5,17.237311058669558,4.573342456984426,0.0,0.45100134871524516,0.3964245907891239,0.3773127995604876
2021-09-13,13420000.0,14.9,19.8,15.228552724200725,10.604288170874229,0.0,0.4660664629975388,0.42898706350864646,0.3401411598382967
2021-09-14,9770000.0,13.5,17.4,15.390853767620676,13.26508754538938,0.06,0.3169232959549565,0.2908639007800763,0.19614090784198587
2021-09-15,21980000.0,12.2,19.7,13.332137118336076,12.66049646141631,0.0,0.6406937163867065,0.5815028114754652,0.41513570889538
2021-09-16,16530000.000000002,14.3,20.4,15.93856308876281,10.13139019430123,1.09,0.4681348559321649,0.4224625404663384,0.32687277032122275
2021-09-17,12400000.0,12.0,17.1,13.921932190561238,6.4918715897900645,0.04000000000000001,0.2937426699232024,0.26125126283299555,0.2262423055684427
2021-09-18,19890000.0,10.8,21.2,14.59028198865503,4.262067839493339,0.010000000000000002,0.3956014660479245,0.3419881469371915,0.3305332607347945
2021-09-19,19970000.0,12.0,20.6,14.447281917406373,5.561040762484989,0.0,0.4309329542142318,0.3768001773941937,0.34579507502766627
2021-09-20,18070000.0,15.2,19.9,17.131386864077786,10.846723209497094,0.66,0.45604524528502416,0.40594101343561106,0.2845023160290157
2021-09-21,8930000.0,14.4,19.5,17.251169504766178,7.641193254372539,1.06,0.2405528867723831,0.2160556482608031,0.18529286208083967
2021-09-22,16930000.0,11.2,19.2,15.047249047119124,9.326266424059863,0.16000000000000003,0.37216760533609927,0.32722972083662727,0.2513264994541136
2021-09-23,19880000.0,10.3,18.5,12.317391665967381,6.934839314681226,0.010000000000000002,0.4369874600880429,0.3850542022680642,0.34065421108290267
2021-09-24,16649999.999999998,13.1,18.8,13.879874870164468,6.973748641867613,0.0,0.40742149817202256,0.362583983760186,0.32023357671036934
2021-09-25,8860000.0,12.7,17.8,14.900321829269021,8.090147029600068,0.16000000000000003,0.2521866516512198,0.2286462369684386,0.19807245003705098
2021-09-26,10860000.0,11.9,17.6,13.225630160821535,7.201218554649561,0.0,0.30742588015046296,0.2788552475412577,0.2561023789340132
2021-09-27,13500000.0,12.8,18.0,14.60225456641406,6.411059910249109,0.11000000000000001,0.30803436790185773,0.2720608745647857,0.24047383501609493
2021-09-28,12650000.0,15.2,19.1,16.2955430594315,5.803475801107854,0.06999999999999999,0.3045421316661242,0.26971477261112764,0.2457943764364383
2021-09-29,9270000.0,13.5,21.2,17.894540260066464,5.848371178630607,2.0500000000000003,0.21991131332939812,0.19429834512805436,0.187768025134529
2021-09-30,19400000.0,12.3,21.2,14.81519720093992,4.208193386466036,0.0,0.3840794048596713,0.3310534181540278,0.3298248500520121
2021-10-01,19370000.0,12.3,22.5,14.486880171189886,4.666126237198115,0.0,0.41499335013300165,0.36142662051432717,0.37407219800034197
2021-10-02,19320000.0,12.2,21.2,12.70423240221515,5.121066062762011,0.0,0.43517193154063183,0.38241284796529745,0.39819928730252885
2021-10-03,19360000.0,14.0,23.5,13.883693645667995,6.375143608230907,0.0,0.5138196952070663,0.4590237413157401,0.4735698327897463
2021-10-04,16890000.0,13.2,22.4,16.335147673585666,6.680432175385626,0.0,0.3933526282348666,0.34631489638235285,0.32794629092355304
2021-10-05,18230000.0,13.0,21.9,15.378315397618488,5.3455429503757745,0.0,0.392895906940912,0.3424371395115317,0.3390842082708715
2021-10-06,14130000.0,13.1,20.1,15.690225849567724,3.9897025491886384,0.0,0.2826425846951264,0.2441270652030751,0.24690268012084945
2021-10-07,13470000.0,13.3,20.3,15.711499672856299,3.768218686743057,0.010000000000000002,0.27397881065466734,0.23712769576560144,0.24578018475651317
2021-10-08,6690000.0,14.4,18.9,16.80347872845541,5.168954465452947,0.22000000000000003,0.17420459754031334,0.15595226261668305,0.1586546008065291
2021-10-09,12750000.0,13.7,20.1,16.47664874625324,5.7615734487532855,0.0,0.2776332688614559,0.24268847037926178,0.22996711856159976
2021-10-10,15640000.0,8.2,22.8,15.059550191157202,7.066532422081302,0.48,0.35145433747675214,0.3096976062334,0.2954479615532484
2021-10-11,3230000.0,10.7,13.5,12.957234797990472,7.353862838226919,2.5600000000000005,0.10661838849854537,0.09858511241596775,0.09708572065418658
2021-10-12,5220000.0,9.8,11.9,11.981149486510065,8.745619541432259,0.63,0.13231310084573605,0.11969973560999474,0.09722269994219472
2021-10-13,10620000.0,11.2,16.0,13.773323075572732,5.773545549426019,0.0,0.2047943304288172,0.1775060711275264,0.16568203076911897
2021-10-14,14540000.0,10.0,18.9,13.24393990804937,6.087813192085289,0.020000000000000004,0.29513104408472396,0.2571091463848114,0.2592252015903208
2021-10-15,7620000.0,7.3,17.5,13.317401840766657,4.989372955361935,1.62,0.13873267628110275,0.11965381807228029,0.1388759838186054
2021-10-16,3280000.0,-5.2,8.7,4.367525299275453,14.417402235140038,0.0,0.4246767061781747,0.41857714193645706,0.252468650327775
2021-10-17,18360000.0,-1.8,4.6,3.0979796068243908,6.7193415025720125,0.0,0.3215821828234297,0.2878490809717485,0.264572823936144
2021-10-18,17370000.0,3.8,10.3,5.444015491749176,3.7083581833793873,0.05,0.262782233302132,0.22471873062052702,0.26504974868101433
2021-10-19,14250000.0,-0.7,10.1,6.295719875429552,7.796830563118081,0.15000000000000002,0.24694326983934847,0.2177862205739561,0.20856680999925245
2021-10-20,17110000.0,2.2,9.4,5.582733101799808,3.1366903762563334,0.0,0.21918256235461486,0.18300250323528222,0.22174983542427915
2021-10-21,14090000.0,0.8,10.1,6.089503045544308,4.13636078242963,0.0,0.2052584152479401,0.17577001999619446,0.20541779680846267
2021-10-22,16690000.000000002,1.4,8.3,5.59986201414332,7.446646618440609,0.0,0.2892191911951385,0.25491313599209614,0.23470379507351513
2021-10-23,16510000.000000002,4.6,11.6,5.579312887702119,2.7865064315788612,0.0,0.23036517810120408,0.19313725086841554,0.25379628166058393
2021-10-24,15380000.0,4.4,12.2,6.418520207206504,2.7416110540561083,0.0,0.21264865274957773,0.17778427618943274,0.23262646134691156
2021-10-25,15960000.0,1.9,11.1,5.990472759339123,4.1573119586069165,0.0,0.23005028493020693,0.1956134582750022,0.23735562275857475
2021-10-26,15740000.0,5.6,12.9,7.185803509820094,4.223158512306953,0.0,0.2532417359433549,0.21667265698519372,0.26105947140398045
2021-10-27,15120000.0,2.4,12.5,6.527702182034491,7.374814014404206,0.0,0.3048042353422231,0.2713036100494618,0.281859581732693
2021-10-28,15860000.0,5.5,14.0,6.600737671288653,4.84870077245731,0.0,0.29073681515343586,0.2534232987251078,0.30943483577038644
2021-10-29,13560000.0,4.3,11.3,7.2308296280702375,5.079163710407441,0.0,0.22372770242766818,0.19339649446228996,0.21985745047959998
2021-10-30,6660000.0,4.8,10.8,7.499592004183661,2.7056947520379064,0.010000000000000002,0.13087284737867252,0.11597566116558852,0.15275664536859096
2021-10-31,14250000.0,5.5,13.6,8.061337075061504,3.944807171665886,0.0,0.21446602662292508,0.18110724200274037,0.22849128878783134
2021-11-01,13190000.0,3.2,12.1,8.23091750111348,7.288016284526883,0.0,0.2136156196302565,0.18423150622261858,0.19127254709339084
2021-11-02,13350000.0,1.8,9.7,6.807869938370085,5.7615734487532855,0.0,0.19227741836388643,0.16408940296073332,0.1821514524204833
2021-11-03,14570000.0,3.1,10.4,6.846699876018025,5.396424378234895,0.0,0.2123268273459924,0.18066598715363677,0.20725338313597583
2021-11-04,14040000.0,3.4,11.7,6.807869938370085,5.094128836248358,0.0,0.22098223398033082,0.18978945934755181,0.23003631542411968
2021-11-05,12990000.0,5.5,12.0,6.8385089320070085,5.3455429503757745,0.0,0.24709161566066365,0.21729626562682922,0.2578972122924519
2021-11-06,13730000.0,5.4,12.4,7.948444853940867,6.815118307953885,0.0,0.2497702677552906,0.21815526872243535,0.235736297155024
2021-11-07,12920000.0,8.3,13.4,9.217074473377096,11.178949003165464,0.47000000000000003,0.351613446191644,0.32039415905643753,0.2722785294751555
2021-11-08,2690000.0,-0.3,9.6,6.309049228290625,14.067218290462565,2.14,0.2619985301813447,0.25650291327319896,0.19721358703470931
2021-11-09,9390000.0,-1.2,2.6,5.8072942741267095,11.418391016620147,0.5700000000000001,0.11169832242261239,0.09486541011313063,0.06853765536081259
2021-11-10,6290000.0,-1.0,2.1,5.936073620912249,12.016996050256852,0.29,0.08343150522359204,0.07221603699718017,0.050053594218219734
2021-11-11,7700000.0,-2.9,3.4,5.215829038812429,11.61593067772026,0.12,0.14187806199349123,0.12829601948915845,0.09782664286312479
2021-11-12,9460000.0,-1.8,1.8,4.768315528489181,10.298999603719508,0.06999999999999999,0.1638991310541464,0.14736369340243666,0.11339287419443018
2021-11-13,9840000.0,0.0,7.0,5.823255359318597,7.0904766234267695,0.0,0.16612496525545223,0.1467335588163942,0.15448548320332
2021-11-14,11010000.0,1.4,9.3,6.7388701320536,7.0455812459040175,0.0,0.1752002077307032,0.15222623282710088,0.16867395008955532
2021-11-15,12190000.0,0.6,9.6,5.898254622474897,4.450628425088901,0.0,0.15744439204645505,0.13219786834763178,0.18236840183122974
2021-11-16,12900000.0,-1.5,8.8,4.662261314697486,5.049233458725605,0.0,0.18202678503382036,0.15648299824810058,0.21053343938726857
2021-11-17,12950000.0,-0.4,7.5,5.030364392023271,4.881624049307328,0.0,0.1625462981075358,0.13698522326919552,0.18129374312903576
2021-11-18,12130000.0,1.4,10.0,6.941520579172738,6.132708569608042,0.0,0.15905138902429053,0.1334769139808203,0.16659846479898816
2021-11-19,11460000.0,1.2,10.8,7.508478350714133,5.408396478907628,0.0,0.13211523130097277,0.10774075840306208,0.14816658456901663
2021-11-20,12390000.0,2.8,12.3,7.003983342799495,3.3252509618518955,0.0,0.14038780019045277,0.11286084308930378,0.18196802702971496
2021-11-21,6050000.0,-0.5,10.4,8.02826495420987,8.377477445745685,0.4,0.08218373289907321,0.06971026809237926,0.095909101069848
2021-11-22,8590000.0,-6.4,0.4,3.8344951410935937,14.372506857617285,0.08000000000000002,0.16883444146365525,0.15546020434224192,0.10247843536224406
2021-11-23,7190000.0,-4.6,-1.7,4.24385850986248,13.157338639334775,0.05,0.10038904873185509,0.08926271997008448,0.0585941322375779
2021-11-24,10000000.0,-1.1,4.5,5.225501113847298,11.17595597799728,0.010000000000000002,0.18821444173950852,0.16965006377195085,0.13912278246534315
2021-11-25,11220000.0,-4.2,6.9,4.835679485951546,9.75726204827829,0.010000000000000002,0.18714706750803783,0.16656817135520077,0.17197757337205385
2021-11-26,12250000.0,-5.0,3.6,3.881346550632144,8.012328375227295,0.0,0.16567017588557792,0.1448056266186179,0.15373750677222064
2021-11-27,12240000.0,-2.1,5.0,2.6471199025017307,2.8942553376334685,0.0,0.12869040761251313,0.10616264847605694,0.18159942971631013
2021-11-28,11380000.0,-1.9,8.0,2.5618987785631493,3.6245534786702485,0.0,0.17017890397132118,0.14807650394990168,0.23765400227350084
2021-11-29,10410000.0,1.1,9.0,3.9399964133029917,4.321928342857009,0.61,0.1858375530006054,0.1643100068375356,0.2390122033950839
2021-11-30,2069999.9999999998,-7.3,4.7,4.847743148094907,15.737326334308971,1.8600000000000003,0.1131212013047502,0.10967475340092461,0.09875556579667684
2021-12-01,9330000.0,-8.3,-3.7,2.69066868952188,14.83642575868573,0.0,0.19548995802674732,0.18271092480057932,0.10729740149416989
2021-12-02,10130000.0,-5.1,-0.0,4.227784715040654,9.056894158923345,0.06999999999999999,0.09474671005233332,0.07868607453072471,0.07685330503459284
2021-12-03,9670000.0,-6.5,1.7,3.11425313896873,13.262094520221197,0.03,0.2581903490225498,0.24276700312076188,0.17283475654812178
2021-12-04,6150000.0,-4.8,1.2,3.7796626467456975,6.402080834744559,0.0,0.11519240640085289,0.1051488278623615,0.11369259887812153
2021-12-05,11270000.0,-0.6,5.1,4.525528815320599,3.310285836010978,0.0,0.10032011058843657,0.07900351260630525,0.136097108182843
2021-12-06,9810000.0,-1.7,7.5,5.0147870013963916,3.4898673461019896,0.0,0.0999776164765376,0.08101771612577623,0.14055841046350875
2021-12-07,11310000.0,-2.1,6.2,4.508512659556037,5.710692020894165,0.0,0.1434014289716054,0.12215305704899534,0.1676500193000912
2021-12-08,11350000.0,-1.5,6.8,4.300544314887992,4.591300607993527,0.0,0.1368300170174914,0.1150737009545707,0.17653220247501117
2021-12-09,7200000.0,-0.3,5.5,5.735071285325748,4.564363381479875,0.010000000000000002,0.0882927690047621,0.07451425528207349,0.10651379190535552
2021-12-10,5210000.0,-0.6,6.0,6.7590997623516,5.013317156707404,0.020000000000000004,0.05338539780558281,0.043382047680578864,0.06570083835023699
2021-12-11,7730000.0,-1.6,5.8,6.061850477300617,6.764236880094765,0.0,0.08369109377481773,0.06914396243692737,0.09183426219744376
2021-12-12,7240000.0,-11.4,1.8,2.9665798586328167,14.82744668318118,0.0,0.2346189591787052,0.22416502308882436,0.14545581949227723
2021-12-13,11660000.0,-8.7,-3.2,2.013934907574349,7.8267608147999175,0.0,0.16029979031836963,0.14429360396994467,0.1398208051945971
2021-12-14,8289999.999999999,-3.4,1.2,4.452200897938433,7.859684091649937,0.0,0.10262232833420448,0.08871416247981206,0.09344190798573894
2021-12-15,9380000.0,-1.1,6.4,6.102445704504758,6.479899489117331,0.020000000000000004,0.09254574418710913,0.07456563452453677,0.1048566487043718
2021-12-16,3990000.0,-8.5,5.0,5.1821014584069225,10.212201873842186,0.06,0.040631280037288726,0.034102504914206154,0.0658532294137155
2021-12-17,10250000.0,-15.7,-6.6,1.5757385484354693,16.22518943672289,0.0,0.19253933012283606,0.18160620073466419,0.10320068989990441
2021-12-18,11470000.0,-12.9,-4.5,2.319905298934124,10.089487841946662,0.18000000000000002,0.10310461165721704,0.08925857498606146,0.081884958773383
2021-12-19,7960000.0,-6.7,-1.5,3.3621789778472997,10.340901956074077,0.0,0.12839747395963447,0.11655564808146437,0.09635771367890308
2021-12-20,7530000.0,-0.9,3.2,5.323098632945169,9.356196675741698,0.010000000000000002,0.12333137584497589,0.10961647805819053,0.10357926713387791
2021-12-21,9700000.0,-3.3,5.6,4.418713859992808,6.728320578076564,0.0,0.14338034079614143,0.12571307538686943,0.15848786759798195
2021-12-22,11280000.0,-3.6,5.1,2.2327433274129462,4.378795821052497,0.0,0.16448772722710253,0.14423070742019592,0.21965583641205683
2021-12-23,11100000.0,-3.1,3.9,2.82516376845566,4.253088763988789,0.0,0.13936754326615153,0.11968188307217889,0.1824641850471843
2021-12-24,8520000.0,-15.0,3.8,2.7990941456369463,12.187598484843312,0.03,0.24926369022499834,0.23738424056319932,0.1681344266428867
2021-12-25,11050000.0,-17.6,-11.4,1.160610032951507,15.848068265531763,0.0,0.1613014711854675,0.1514895225145739,0.07892405668163124
2021-12-26,11590000.0,-16.6,-10.3,1.1866635296380488,14.369513832449101,0.0,0.17013578296887155,0.15921640567339398,0.090645874244977
2021-12-27,10440000.0,-13.1,-4.5,3.120375268018657,11.84639361567039,0.0,0.019166569683178182,0.006625251922068265,0.02333540849794266
2021-12-28,7970000.0,-5.0,0.2,3.8161397364568086,7.078504522754035,0.0,0.10408425438783715,0.09137235502514328,0.09911038408080633
2021-12-29,7030000.0,-10.2,1.3,3.6862660152682056,13.91756703205339,0.1,0.1102148681581866,0.09991062229844098,0.0904372864336824
2021-12-30,9870000.0,-12.8,-4.4,2.1668977329233665,15.758277510486257,0.21000000000000002,0.18012046035248497,0.1681477547081166,0.1014363648384408
2021-12-31,11690000.0,-12.4,-7.0,1.3931026174725956,12.858036122516424,0.0,0.2201500111759251,0.20671929625933774,0.13048117783792623
2022-01-01,11220000.0,-8.3,-1.1,1.2005390086726462,4.489537752275287,0.0,0.14848199375565127,0.1322113575260727,0.1775047398675636
2022-01-02,8029999.999999999,-8.5,0.0,2.6817297833201454,8.141028457459187,0.010000000000000002,0.1563461990544476,0.14447571902192952,0.14011849644798333
2022-01-03,11660000.0,-7.1,-1.1,2.430451437784435,10.167306496319434,0.010000000000000002,0.21368168201781854,0.19633548983949406,0.16190109948627324
2022-01-04,11630000.0,-8.5,-1.7,1.6663447646984848,6.743285703917482,0.0,0.17959511516161658,0.16301937438120384,0.17262634752035946
2022-01-05,5910000.0,-7.2,0.2,2.5756434524757634,4.262067839493339,0.09000000000000001,0.1113881504138993,0.10237310983123116,0.12962552170447306
2022-01-06,12050000.0,-8.0,-1.1,1.5481693730487311,6.880964861653924,0.0,0.19975679471775626,0.18216975106352384,0.19111199765177506
2022-01-07,12160000.0,-6.5,2.7,1.2507049579144247,4.3368934686979275,0.0,0.17192309884065546,0.15214194622353194,0.22032849926797943
2022-01-08,11900000.0,-5.5,0.8,3.0686763258658236,7.365834938899654,0.0,0.16078642703315144,0.1417685349238626,0.15004082229919805
2022-01-09,10200000.0,-5.2,1.9,3.844316683754142,4.438656324416168,0.0,0.09079583007886792,0.07404079095650966,0.10772527902215026
2022-01-10,11210000.0,-11.0,4.0,3.1224183527275473,7.341890737554186,0.09000000000000001,0.1842449433273983,0.1671453485843002,0.15564450521479778
2022-01-11,12200000.0,-14.9,-8.3,1.5908073850725475,14.180953246853539,0.0,0.16252321657506758,0.14981463606426865,0.08818904947259462
2022-01-12,12520000.0,-13.2,-6.2,1.6276130534963837,9.523806085159976,0.03,0.15293398249262743,0.13854967532789916,0.11115856535273147
2022-01-13,11130000.0,-14.5,-7.2,1.5481693730487311,16.91957127574146,0.05,0.2232088333391741,0.21115014165086685,0.10797357897662863
2022-01-14,12720000.0,-12.0,-3.5,1.1417194024985813,4.905568250652797,0.0,0.1388610069738014,0.12278901062496121,0.1498281881864215
2022-01-15,10510000.0,-4.7,0.8,3.120375268018657,7.165302252631357,0.18000000000000002,0.16970222905255095,0.1526386221612642,0.15440585780472124
2022-01-16,11550000.0,-12.5,-3.6,2.206344315134927,12.825112845666403,0.010000000000000002,0.17264530208932924,0.15825841727988424,0.1099699903178952
2022-01-17,7700000.0,-14.1,-5.0,2.178739404947372,13.92654610755794,0.1,0.1366107957172132,0.12769752358446657,0.08324344636926065
2022-01-18,13210000.0,-12.6,-4.9,1.0128784692140593,6.749271754253848,0.0,0.17735453777879176,0.16144688983985545,0.1577741477419806
2022-01-19,11740000.0,-14.6,-0.6,2.3277627330904846,9.954801709378403,0.17,0.1781107066093392,0.16317146258899243,0.12567066360336007
2022-01-20,13120000.0,-11.0,-2.8,1.5541973689315836,3.109753149742682,0.0,0.10042049563606648,0.08317119946584144,0.12240583704807459
2022-01-21,13310000.0,-7.0,1.2,2.1898932857858195,3.4509580189156037,0.0,0.12626193176810566,0.10545466871276643,0.15520996108317725
2022-01-22,4210000.0,-2.4,1.1,4.158753594320465,2.9451367654925886,0.0,0.07826187415973912,0.07107784409536969,0.09289949953084842
2022-01-23,9670000.0,-3.2,5.9,4.564023412055405,5.408396478907628,0.0,0.1423109080786478,0.12457490756189786,0.15491228982680252
2022-01-24,10310000.0,-3.6,2.2,3.895003244088589,5.381459252393977,0.06,0.13374905260738312,0.11618876665290498,0.1333985476573398
2022-01-25,3140000.0,-6.4,-0.6,4.55830226347721,7.9195445950136065,0.12,0.03601651330904432,0.03122679631588393,0.03182533966144022
2022-01-26,11140000.0,-6.9,-0.1,3.357816503130734,6.9557904908585115,0.0,0.13096868123601507,0.11397586362333778,0.11333393177695653
2022-01-27,13490000.0,-9.8,1.2,2.237297008558111,7.326925611713268,0.0,0.19639636751706152,0.17649678276205016,0.1792497077190437
2022-01-28,13670000.0,-10.4,-1.8,2.045276204947076,8.503184502809393,0.0,0.19564444414415222,0.17700494252446516,0.15321787130317052
2022-01-29,13640000.0,-10.0,-3.2,1.7202671135331642,8.607940383695817,0.0,0.2140563286374373,0.19587464228505108,0.16075432361010944
2022-01-30,13890000.0,-9.6,-1.7,1.3921072439277538,8.563045006173065,0.0,0.2605956067024179,0.24127161518207801,0.20293462019359834
2022-01-31,14670000.0,-7.8,-0.3,2.045276204947076,8.20388198599104,0.09000000000000001,0.24062648977438256,0.21875641378932847,0.19222914368623933
2022-02-01,7420000.0,-9.2,-4.0,2.7759986847440863,12.971771078907397,0.03,0.15637631650867262,0.14648569240788775,0.08885454878135254
2022-02-02,10790000.0,-9.5,-3.6,2.4125199581136916,11.765581936129434,0.0,0.1972556190284839,0.1828400155430972,0.11920028827911056
2022-02-03,14770000.0,-9.9,-3.1,1.6558592646602284,9.218517518005257,0.0,0.24203293826299763,0.2222549590799383,0.17165867372098811
2022-02-04,11080000.0,-13.6,-4.6,2.0777624723506496,14.399444084130938,0.03,0.18890598220384686,0.17579043274675374,0.10352549002062465
2022-02-05,12410000.0,-12.4,-7.5,1.7912574586442631,16.37783372030025,0.04000000000000001,0.22836569210077715,0.21428615226674483,0.1027008399299723
2022-02-06,8260000.0,-11.3,-4.5,2.2213952157656243,11.783540087138535,0.03,0.17605943988623923,0.16569678939555937,0.10641487954273417
2022-02-07,8850000.0,-9.4,-3.6,1.6253263371868665,6.78518805627205,0.03,0.18925362370908136,0.17740290497041683,0.15633328011719222
2022-02-08,13880000.0,-8.0,-0.6,2.1244507656522793,6.285352853185402,0.0,0.2003208837443852,0.17984599594604883,0.17351549150956463
2022-02-09,13690000.0,-4.6,2.8,2.121550881941996,3.0229554198653594,0.03,0.16761365498453398,0.1444712083787625,0.19082513931050266
2022-02-10,15780000.0,-6.2,1.4,2.2033450573147024,6.982727717372163,0.0,0.2562065928853427,0.23103798912834028,0.21643872815375217
2022-02-11,16190000.000000002,-4.8,3.3,2.0763405228806198,4.69605648887995,0.0,0.23020908372997467,0.2026854872161777,0.23367590662132048
2022-02-12,16170000.000000002,-3.5,5.6,2.721259536842897,4.196221285793301,0.0,0.22258069860523616,0.19323237249227274,0.23648288494417208
2022-02-13,11110000.0,-3.9,5.4,3.723137046234317,4.01663977570229,0.0,0.16816882133840244,0.14821709349667084,0.17853751782549057
2022-02-14,12600000.0,-8.9,4.9,3.2450846406612928,11.337579337079191,0.13999999999999999,0.33188245017656653,0.31146566850830587,0.2082576502274715
2022-02-15,9460000.0,-13.2,-6.8,2.1128723774001683,15.59066810106798,0.04000000000000001,0.16606221472179675,0.15535665224530176,0.0778303176330247
2022-02-16,12660000.0,-16.2,-8.6,1.4370215627053184,15.866026416540866,0.0,0.20919791429806214,0.19656298549692236,0.09518143344302904
2022-02-17,17450000.0,-14.3,-6.8,0.8225640826703817,6.590641420340121,0.0,0.20489835017485825,0.18569717011707457,0.1552620716501313
2022-02-18,16990000.0,-6.5,1.6,1.1584973591518726,2.651820299010603,0.0,0.1848174136632926,0.15777280404624713,0.2063564173280584
2022-02-19,9870000.0,-13.4,-1.5,2.1580541367772588,12.959798978234662,0.12,0.22686294409467994,0.21421437497025733,0.14175683905659234
2022-02-20,18130000.0,-12.3,-6.9,1.5405275686450197,14.29169517807633,0.0,0.2888471338606108,0.26791282875686456,0.13450928540610035
2022-02-21,13410000.0,-11.7,-2.0,2.139733166911337,13.88464375520337,0.0,0.2772784096314872,0.2596071601679325,0.15233694463502467
2022-02-22,16390000.0,-13.5,-4.4,1.596420992062192,12.067877478115971,0.020000000000000004,0.2631139572886954,0.24356917930960803,0.14794256495326216
2022-02-23,16370000.000000002,-12.5,-5.2,1.1935832397019208,11.274725808547338,0.0,0.30041544006844023,0.28079858884084197,0.17344200456722314
2022-02-24,18520000.0,-9.0,-2.1,2.2153639178621205,11.612937652552077,0.0,0.3019183952643295,0.2760387511956781,0.169981144765828
2022-02-25,18250000.0,-4.5,2.6,3.7028771273152468,9.134712813296117,0.0,0.2765124761673248,0.24571974118810935,0.1830280827862245
2022-02-26,17560000.0,-6.7,5.3,3.598398970757758,13.019659481598332,0.24,0.3604215981549881,0.33051290549149276,0.2266644711517994
2022-02-27,19060000.0,-5.8,3.3,2.4173986454031073,7.509500146972464,0.0,0.32814916390256055,0.29635444701975017,0.25370037785104177
2022-02-28,14750000.0,-0.6,8.3,2.715838780536877,5.016310181875587,0.43,0.321951511018652,0.29255850995686394,0.3218353960111296
2022-03-01,13190000.0,-7.8,6.8,4.633175177457094,10.406748509774115,0.08000000000000002,0.2574666177520805,0.23483260865545846,0.1688110010012407
2022-03-02,19060000.0,-4.8,2.1,3.339332013422429,10.828765058487992,0.0,0.33473372816252883,0.3030605163686625,0.20141813453691224
2022-03-03,19340000.0,-2.4,5.6,3.376391802837447,5.998022437039783,0.0,0.31377837423469224,0.27799810974653927,0.26193773619207467
2022-03-04,17910000.0,-5.5,9.4,4.30869683900069,12.2624241140479,0.0,0.5239536120215765,0.4904196515014501,0.2890991061770188
2022-03-05,20200000.0,-8.9,-0.8,2.067827019665533,16.82080144519141,0.0,0.4668004981265593,0.43769633326519486,0.21260225226651622
2022-03-06,20400000.0,-7.0,0.4,1.9297751055743764,7.503514096636096,0.0,0.3292458417148225,0.2978706243270436,0.23473219814883786
2022-03-07,17290000.0,-3.9,5.6,1.652377204722397,4.606265733834444,0.0,0.3151454767491165,0.28398509663899707,0.3059226974726804
2022-03-08,19840000.0,-2.7,7.3,3.2567348625206263,5.067191609734707,0.0,0.31956484842002203,0.2819754898541301,0.28676310050758047
2022-03-09,20480000.0,0.2,9.1,2.993046707377152,4.672112287534482,0.0,0.363646953472545,0.32180671768116,0.34657944007844843
2022-03-10,14420000.0,1.4,10.1,3.7267225195002283,5.468256982271299,0.0,0.35723734223321224,0.32679006267415095,0.34077938133777763
2022-03-11,12370000.0,4.4,11.9,8.993123176621937,5.240787069489351,0.09000000000000001,0.21415478815096206,0.18622489800868608,0.17671054425767196
2022-03-12,13010000.0,7.4,14.6,9.828148301036835,8.691745088404955,0.17,0.34112489466857543,0.3095764963373476,0.2642848945776108
2022-03-13,4390000.0,5.6,10.5,10.64576836768405,5.758580423585102,1.33,0.07319913833352917,0.06331343992903422,0.05746407031979493
2022-03-14,5830000.0,-3.0,11.3,7.306426974794839,10.75992547961977,0.22999999999999998,0.17371441985141467,0.16198666528897662,0.1463889577990004
2022-03-15,20710000.0,0.3,15.1,5.47084029226776,4.522461029125306,0.0,0.4363267051650929,0.3901272858732837,0.36712181517204034
2022-03-16,20740000.0,4.0,15.2,5.504535734978261,4.537426154966223,0.39,0.41219571161473245,0.3635832356744541,0.40159376251041545
2022-03-17,4099999.9999999995,-0.5,5.1,6.445663274901867,10.825772033319808,2.0300000000000002,0.12170451180878754,0.11393654960515061,0.08178840548947161
2022-03-18,5630000.0,-2.7,2.6,5.375807493532876,7.701053757736209,0.7400000000000001,0.110933501695469,0.1011106254580468,0.07852984114832307
2022-03-19,6210000.0,-7.8,-1.0,4.272118061415699,6.36017848238999,0.48,0.06532603685709237,0.056204295774772164,0.04407336149306007
2022-03-20,14770000.0,-5.9,2.9,3.9689828491004695,6.806139232449334,0.0,0.21866087054556882,0.19425780563243533,0.1552905297682318
2022-03-21,19490000.0,-4.0,6.5,3.09595073760209,4.7050355643845005,0.010000000000000002,0.3142217060631258,0.2785989047286446,0.2737569267736505
2022-03-22,21450000.0,-2.9,5.7,3.648545853464222,4.989372955361935,0.0,0.32085765904575686,0.28144725410465865,0.2567039518234293
2022-03-23,13910000.0,-3.4,4.3,4.160071632601888,6.743285703917482,0.05,0.2557056829536734,0.2309921129998896,0.18978557984593009
2022-03-24,21610000.0,1.3,9.7,5.586155170865559,5.447305806094015,0.0,0.3658741479133422,0.3205803602080114,0.2884638373776291
2022-03-25,15840000.0,6.3,12.3,9.591143815096725,12.804161669489117,4.39,0.3779571980194602,0.3411091026655474,0.2152179967628915
2022-03-26,7840000.0,1.0,8.0,6.828282426429179,10.870667410842561,0.06999999999999999,0.22846209143269086,0.2125187722867087,0.15264901570285755
2022-03-27,21140000.0,-3.6,9.9,3.3621789778472997,10.239139100355839,0.0,0.6172834705054993,0.5760912281955353,0.3871725276556326
2022-03-28,19710000.0,-0.8,7.3,4.166667381663488,3.334230037356446,0.0,0.2957310638219955,0.25720053946861376,0.2590520125987365
2022-03-29,23200000.0,1.6,12.1,4.896264790590356,4.196221285793301,0.0,0.40422051355232036,0.35366469016669644,0.35887721487375346
2022-03-30,12890000.0,4.3,12.4,9.547098805994152,6.204541173644447,0.19,0.23449440393904047,0.20523594553221985,0.1735428402485923
2022-03-31,15830000.0,-1.8,10.1,6.422391592449245,5.57899891349409,0.22000000000000003,0.2563796928026584,0.22453572115199044,0.20566095241341925
2022-04-01,17580000.0,-2.8,7.6,4.495787776886289,3.7293093595566713,0.0,0.26835174505212817,0.2349325096950528,0.2319546117879689
2022-04-02,24090000.0,-2.3,8.0,3.743495275148679,4.962435728848284,0.0,0.3864627357558803,0.3399800652826609,0.3114546158168567
2022-04-03,21330000.0,-1.2,10.8,4.245200435191085,3.828079190106728,0.0,0.35801409701072096,0.31423722795081244,0.32339094482472797
2022-04-04,24230000.0,-0.5,11.4,4.007075442460259,4.860672873130044,0.0,0.4380369274394308,0.38732693333369633,0.37909993314050394
2022-04-05,19510000.0,1.1,11.3,3.2114032957810754,7.0366021703994655,0.0,0.5277530423280157,0.48601626640807094,0.44358652154656397
2022-04-06,23150000.0,2.2,13.3,6.486568103438543,5.474243032607666,0.08000000000000002,0.4333859230648681,0.3816735081082436,0.349756215755619
2022-04-07,23270000.0,0.7,10.8,4.614355513119326,7.572353675504317,0.0,0.5075822424690638,0.4584485257326314,0.3795790341495251
2022-04-08,24240000.0,5.9,15.4,5.23518906262489,5.746608322912367,0.0,0.5711225496878556,0.5128284169673561,0.4998511165138724
2022-04-09,23950000.0,6.8,18.8,6.383770450989468,7.407737291254223,0.0,0.6720827554128126,0.611587630466412,0.5835477472982973
2022-04-10,22310000.0,6.7,19.8,8.305941284176104,4.303970191847909,0.0,0.5206999726146504,0.46379769104853175,0.4613403317383865
2022-04-11,18890000.0,7.9,19.3,11.014120379964796,5.130045138266561,0.0,0.42685255892805546,0.37831440278856554,0.3678483903549214
2022-04-12,23090000.0,10.7,21.5,12.351812496501521,4.585314557657159,0.0,0.5190270592410363,0.4566707636343132,0.4436477961601998
2022-04-13,9510000.0,2.9,15.3,9.00616273913002,10.09846691745121,1.01,0.32108638799980455,0.299075827102065,0.25572087628589013
2022-04-14,14170000.0,0.0,9.5,7.09015182315884,6.809132257617518,0.0,0.2531921511505978,0.22415448019375925,0.1796739065497432
2022-04-15,24760000.0,0.1,12.2,5.591291754424766,6.165631846458061,0.0,0.4669105731997008,0.41401900831554916,0.35722980978832186
2022-04-16,24920000.0,0.7,12.1,4.289695555551298,6.240457475662649,0.0,0.5248110765091794,0.4711943317357208,0.42206426750003756
2022-04-17,25520000.0,5.3,13.3,4.572617065501416,5.704705970557797,0.0,0.5799783246220737,0.520611948774103,0.4849484331032601
2022-04-18,18430000.0,5.4,14.4,4.247885414487714,5.593964039335008,0.0,0.5271059687322632,0.4835846515603241,0.48373676517436665
2022-04-19,21670000.0,4.1,15.7,4.519850450619186,5.9411549588442965,0.0,0.5699348280773155,0.5187624491779166,0.511808782054156
2022-04-20,25170000.0,6.0,16.3,5.454061120504305,6.015980588048884,0.0,0.6192543927027722,0.5580034368277543,0.531333329516684
2022-04-21,11800000.0,5.1,11.2,7.2050700089336,5.815447901780588,0.06999999999999999,0.31644172282788907,0.2897988203477876,0.2620584200661032
2022-04-22,23510000.0,7.9,19.4,10.7948475633933,8.724668365254974,0.0,0.5997785465300443,0.5393057485073649,0.44312165323636765
2022-04-23,21070000.0,7.1,18.3,10.171522355857967,5.764566473921469,0.0,0.47786191739935935,0.42475742059783556,0.3880193017945308
2022-04-24,25720000.0,7.3,20.2,10.730732956153856,4.998352030866486,0.0,0.5631140992534529,0.4968180556974084,0.4473503580733835
2022-04-25,14980000.0,11.7,20.0,11.215124257513649,5.465263957103116,4.79,0.4568492250047565,0.41658539541735784,0.4146230784029964
2022-04-26,7280000.0,5.2,15.3,11.432221032571253,7.832746865136284,0.32000000000000006,0.1779309493040224,0.1605915697113292,0.14726428416192971
2022-04-27,26060000.0,6.0,17.6,7.885558001362521,3.1067601245744987,0.0,0.49469272221641675,0.4303174501689429,0.43265465025753447
2022-04-28,22100000.0,4.6,17.6,9.087380671687916,5.968092185357948,0.78,0.5027084256812661,0.44899125267917545,0.38785244079715164
2022-04-29,16170000.000000002,2.9,9.4,7.2286798912988495,5.180926566125681,0.09000000000000001,0.30148236225247355,0.26694049617102233,0.21981037243970744
2022-04-30,13870000.0,1.0,10.6,7.584388387949729,7.527458297981564,0.06,0.278203088873184,0.24887419232232819,0.19367941373160727
2022-05-01,26700000.0,2.6,11.2,4.837185988108058,9.45197348112357,0.0,0.6624006057246123,0.6041362755665918,0.4375504519013501
2022-05-02,25430000.0,2.5,12.2,5.420639342091067,6.345213356549072,0.0,0.5380063005043126,0.4818165879969438,0.40489077264757267
2022-05-03,27600000.0,4.3,13.9,6.0655310592552425,5.3904383278985275,0.0,0.5644765485953257,0.5005973182296461,0.44170868295115884
2022-05-04,27190000.0,8.1,18.5,7.997662381055028,4.90856127582098,0.0,0.6152556700169398,0.5458328033229888,0.5182374490036175
2022-05-05,27450000.0,9.0,19.5,8.748513496818777,3.64251162967935,0.0,0.5834208414804445,0.5119308820444362,0.5063532444038205
2022-05-06,25680000.0,9.4,19.4,10.549391655492439,5.198884717134782,0.0,0.5853172306539749,0.5182324187416483,0.46896734090743947
2022-05-07,21370000.0,5.6,17.5,8.622143274678841,8.566038031341247,0.0,0.5791461215325366,0.5266575086420183,0.4382444414059975
2022-05-08,20290000.0,6.2,15.4,8.455332023650302,5.453291856430381,0.08000000000000002,0.4604586332436136,0.4114889696524212,0.3664097353459491
2022-05-09,22270000.0,6.0,15.6,6.557224635223161,6.177603947130795,0.0,0.5678605109568775,0.514112141899418,0.4648267657880691
2022-05-10,24750000.0,8.8,16.3,7.126153915787945,5.567026812821355,0.0,0.6127006837814797,0.5505262268080658,0.5044374531821799
2022-05-11,19160000.0,10.1,19.5,11.227793489968223,3.049892646379011,0.06,0.42867636018803956,0.3782196528076974,0.37788674814087775
2022-05-12,14160000.0,11.0,19.0,12.821279723028685,3.241446257142757,0.04000000000000001,0.3371027606922671,0.299664947315217,0.2974035219614187
2022-05-13,7240000.0,4.9,14.6,10.32651278623216,6.039924789394353,0.65,0.19654951501979087,0.1795161065115251,0.17397352642722433
2022-05-14,27170000.0,3.9,14.1,5.465801750877033,10.095473892283028,0.0,0.7549726586812651,0.692249402649782,0.510793876565906
2022-05-15,28180000.0,4.9,13.2,4.9822134464194665,5.95312705951703,0.0,0.631936768235886,0.5667984790061177,0.49132016350582114
2022-05-16,27410000.0,5.3,15.6,6.295719875429552,6.791174106608418,0.0,0.6571560810923567,0.5915543643123673,0.5050500711021033
2022-05-17,26130000.0,9.3,18.0,7.68589882986073,6.048903864898903,0.0,0.6746626705524632,0.607450666625087,0.5514677655664866
2022-05-18,27270000.0,10.1,21.0,7.0102568399509355,7.976412073209093,0.0,0.8634880540976188,0.7906104783407812,0.7202613619573661
2022-05-19,19630000.0,10.0,19.7,7.098608420386639,5.836399077957873,0.0,0.6282376987866323,0.5764917798226243,0.5772414953852361
2022-05-20,21020000.0,9.3,19.0,10.93646862726531,5.153989339612029,0.020000000000000004,0.5068436234812426,0.4522117421013516,0.41238519474362134
2022-05-21,26820000.0,9.8,19.6,10.86853409102312,7.937502746022706,0.0,0.6957940969048576,0.6253062143537633,0.5051855100144437
2022-05-22,27820000.0,10.8,21.4,11.685789510284497,8.126063331618269,0.0,0.7521127683694824,0.6769827491499484,0.5576651599256648
2022-05-23,23950000.0,11.7,23.1,10.831635672583099,5.567026812821355,0.0,0.6713742786949546,0.6051417967968,0.5907079929195242
2022-05-24,27490000.0,11.2,23.9,10.94266298648446,3.9627653226749864,0.0,0.6826651606603149,0.6064412905141964,0.5914960396261527
2022-05-25,24610000.0,8.5,22.6,11.123647923070974,7.189246453976826,0.12,0.7458329024229476,0.6800640304253028,0.5513016620772374
2022-05-26,28720000.0,8.6,18.1,8.00706757580527,8.613926434032184,0.0,0.7965451848631656,0.7231377622477366,0.5810990113971262
2022-05-27,27540000.0,9.7,19.5,9.195789192635095,10.170299521487616,0.0,0.8464385675815185,0.7742035088441017,0.5995816403296377
2022-05-28,24290000.0,9.0,23.6,8.455332023650302,6.749271754253848,0.0,0.8862652686028408,0.8204222466219331,0.68456481890437
2022-05-29,26110000.0,12.9,23.3,10.206433956086146,6.1297155444398586,0.03,0.7677882985861609,0.6946953236324757,0.6672191478052316
2022-05-30,11600000.0,8.3,18.7,12.75022933825598,7.647179304708906,0.06999999999999999,0.33018465860544194,0.3004410239570766,0.26556603768761755
2022-05-31,28310000.0,11.9,21.6,7.941435641121034,5.947141009180664,0.0,0.79710418499481,0.7197245105805434,0.6918284815279518
2022-06-01,27520000.0,10.0,24.8,8.907478686833613,5.124059087930194,0.0,0.8608357828186886,0.7847306512179701,0.6944558789242011
2022-06-02,28400000.0,12.0,23.0,11.335991455331339,5.884287480648809,0.0,0.7520719735057384,0.6733942310713539,0.6212313492953228
2022-06-03,26040000.0,11.9,25.0,12.16353946630657,4.74693791673907,0.05,0.717850516171612,0.6445177151351575,0.6073093874411268
2022-06-04,20130000.0,11.1,23.1,10.6125518076636,8.784528868618644,0.9500000000000001,0.7419995314420269,0.686628318063019,0.62744631367584
2022-06-05,6330000.0,10.5,14.5,13.37642894652146,8.943159202532373,1.7100000000000002,0.18327548727645254,0.16739141842601776,0.12379524536817128
2022-06-06,15840000.0,9.2,16.7,12.452111654291583,5.354522025880326,0.09000000000000001,0.35573376245979327,0.3155931123627195,0.2632312528602479
2022-06-07,7430000.0,9.0,12.4,12.16353946630657,5.73164319707145,1.6,0.1617255097886537,0.1438359452297901,0.1118275705146919
2022-06-08,16550000.0,10.5,15.7,12.707765442013566,2.9211925641471197,0.13,0.33447703999823275,0.2924012489154891,0.2618269901893836
2022-06-09,23000000.0,10.0,19.4,13.461683142963226,3.6514907051838996,0.12,0.477576080403557,0.4171278589764441,0.36699231009169403
2022-06-10,23360000.0,12.7,21.4,14.157196957321874,3.9148769199840503,0.04000000000000001,0.5439839380479581,0.479785795390718,0.4362138054255212
2022-06-11,24110000.0,10.5,22.1,13.138052663004734,4.615244809338995,0.08000000000000002,0.5689436755056404,0.5035885804064357,0.4634046323903339
2022-06-12,22180000.0,11.9,21.4,13.62986668286452,4.489537752275287,0.03,0.5352613149825208,0.4747475947125478,0.43273013425966395
2022-06-13,18500000.0,10.9,18.9,12.51124002609224,11.032290769924472,0.18000000000000002,0.5880167079803713,0.539201070042402,0.3919328916983999
2022-06-14,7430000.0,10.2,12.9,12.570615101536243,9.311301298218945,0.41,0.19753685359289186,0.17928742009843462,0.12169895138116296
2022-06-15,18290000.0,12.2,18.2,14.68630441936488,8.718682314918608,0.36000000000000004,0.4570651730545216,0.408517393521424,0.2873749897567068
2022-06-16,27190000.0,12.3,19.3,13.138052663004734,6.578669319667387,0.0,0.6502180782568876,0.5772052680409158,0.4530650339704936
2022-06-17,25730000.0,15.8,24.2,17.55384436150023,3.597616252156597,0.05,0.6199593203754177,0.5456450989147903,0.490663001443186
2022-06-18,26220000.0,14.8,24.2,18.02378745291342,4.53443312979804,0.08000000000000002,0.6280780887146556,0.5529486671395678,0.4733269710233555
2022-06-19,23270000.0,16.1,24.6,18.901531669791652,4.055549102888675,0.0,0.5772251950924695,0.5096480763772469,0.45003238817531444
2022-06-20,22800000.0,16.6,24.4,19.572579832269614,2.2746991278194786,0.34,0.5312451593794789,0.4648796246558836,0.4270209846142191
2022-06-21,26070000.0,16.7,27.5,18.26043813751939,3.8460373411158293,0.010000000000000002,0.6856677073444368,0.6079648011199702,0.5759457470418625
2022-06-22,23090000.0,16.7,26.3,19.999869748999505,4.001674649861372,0.13,0.5941128196398873,0.525886527081841,0.4753982658047723
2022-06-23,11840000.0,18.3,23.3,21.678658920363475,11.93019832037953,4.16,0.4113624009716471,0.3767407734725108,0.2669534667911396
2022-06-24,17140000.0,16.8,22.9,19.148242338438088,10.179278596992168,0.08000000000000002,0.5404491473521325,0.49106188927711675,0.3619886671760362
2022-06-25,21830000.0,18.0,24.8,20.661531357531516,7.9644399725363595,0.32000000000000006,0.6315636518172608,0.5671551545992722,0.4407533704698111
2022-06-26,17000000.0,18.6,23.1,21.85995240167386,8.796500969291378,0.54,0.47758910443484626,0.42784136563985653,0.30390713613132925
2022-06-27,11830000.0,19.1,21.9,21.951095564532785,12.166647308666027,0.5599999999999999,0.3772354327019655,0.34280103464143336,0.22268810246569215
2022-06-28,20280000.0,19.2,24.6,21.723858503912034,14.246799800553577,0.33,0.7051348023509809,0.64486222135775,0.4188269024602782
2022-06-29,16719999.999999998,19.0,24.0,22.36536697570274,10.831758083656174,0.51,0.5184868048477118,0.46908257740853754,0.32558045643238936
2022-06-30,17430000.0,17.1,24.4,20.879019393858208,6.2614086518399334,0.2,0.47720070105645174,0.4262718649694223,0.35129076687598976
2022-07-01,25400000.0,17.0,26.6,20.55353297182954,3.899911794143133,0.09000000000000001,0.6405584830660321,0.5651779896745845,0.5022393336183846
2022-07-02,26370000.0,17.3,27.3,18.31880680794151,4.791833294261823,0.010000000000000002,0.7260758956471174,0.6472554024479925,0.5989951028003515
2022-07-03,23400000.0,17.4,28.2,19.910620206876153,3.424020792401952,0.11000000000000001,0.6228130959148425,0.552380010713616,0.5291901696522041
2022-07-04,21210000.0,19.3,24.7,22.122885483412958,3.618567428333881,0.27999999999999997,0.5375997130938638,0.47447256633980944,0.4093804344576723
2022-07-05,16290000.0,18.3,25.0,22.557516004146425,2.7027017268697224,1.06,0.40761142918295573,0.35937213325670003,0.327242304015119
2022-07-06,19500000.0,19.3,25.7,23.3406283709843,5.686747819548697,0.09000000000000001,0.5325891755724225,0.4741391225917949,0.386632650476574
2022-07-07,21590000.0,20.4,27.4,22.191930084998212,8.392442571586601,0.2,0.7252751233543501,0.6593216226806665,0.547037560904795
2022-07-08,17730000.0,16.7,23.6,21.12056829737911,6.821104358290253,0.4,0.4556542662478937,0.40432538438664134,0.3098559013603127
2022-07-09,22270000.0,18.0,25.5,20.29102295908857,4.6122517841708115,0.020000000000000004,0.5929984557187182,0.5269548029760387,0.4635819452093986
2022-07-10,21670000.0,19.0,26.8,22.429256943210262,3.6963860827066526,1.9300000000000002,0.5709334961517263,0.5056177883667943,0.452370878905901
2022-07-11,13540000.0,17.8,23.6,21.644813257204262,3.217502055797289,0.58,0.3424781161768661,0.30294556448347876,0.2743817329437589
2022-07-12,11020000.0,16.9,22.7,21.308891403056197,4.49253077744347,0.32000000000000006,0.281713540512521,0.24998563392722048,0.21654391153827152
2022-07-13,7600000.0,18.7,21.5,21.814505117176576,8.129056356786453,0.58,0.2379919439001045,0.2160069098679783,0.168510372099312
2022-07-14,19080000.0,16.5,23.4,21.07096255909493,7.719011908745308,0.06999999999999999,0.48147051295114274,0.4264064025009013,0.30929953646488384
2022-07-15,27160000.0,15.8,24.9,17.894540260066464,5.255752195330269,0.0,0.6888699066717778,0.6099960543165803,0.524940633258512
2022-07-16,24330000.0,16.5,22.7,18.299332444264923,7.401751240917856,0.22000000000000003,0.6404605184789639,0.5706345710582887,0.4361843745705805
2022-07-17,18080000.0,16.4,23.6,18.75186265970236,6.704376376731095,2.2600000000000002,0.5145780262284405,0.4623587831655511,0.3885292871165117
2022-07-18,5190000.0,16.0,19.1,20.344356725958733,4.902575225484614,4.720000000000001,0.11674981889202107,0.10235906276039668,0.0835789663518488
2022-07-19,23150000.0,17.0,24.0,20.08946941100287,6.922867214008493,0.05,0.6049340933569203,0.5375497894599366,0.4170585709179308
2022-07-20,20980000.0,17.1,25.9,18.97675786335349,4.327914393193376,2.58,0.567843480543955,0.5058518123816417,0.4710740536310979
2022-07-21,10870000.0,15.7,21.7,19.837382656319615,12.442005624138911,0.8800000000000001,0.3296383214889595,0.29889785405313146,0.20204842519609176
2022-07-22,22540000.0,15.2,22.3,17.98061444333519,6.001015462207967,0.19,0.5502552920955226,0.4864587631332037,0.3876949959660009
2022-07-23,13790000.0,16.9,22.5,19.47986197438844,7.488548970795177,1.57,0.4091058793275379,0.36946592501811903,0.3004872635217213
2022-07-24,15200000.0,18.6,22.9,21.740829594872274,6.4918715897900645,0.7200000000000001,0.40934669116276823,0.3649337073117729,0.2855408012884978
2022-07-25,22840000.0,17.6,24.9,21.12056829737911,3.64251162967935,0.08000000000000002,0.553954332678664,0.4867151679861917,0.42225653604455227
2022-07-26,24730000.0,17.8,25.8,20.661531357531516,4.181256159952383,0.010000000000000002,0.6235163601272979,0.550124249829247,0.48125671770409467
2022-07-27,22830000.0,17.9,24.7,19.315979769947027,6.982727717372163,0.0,0.6520794287079761,0.5848198806510155,0.4838300659512803
2022-07-28,17570000.0,19.3,25.1,22.6570642293141,7.4556256939451595,0.04000000000000001,0.5147546083873614,0.4623118132713328,0.3675512909097252
2022-07-29,23040000.0,19.4,25.9,22.75110747944463,7.7818654372771645,0.8,0.6539503275212891,0.5847447273318269,0.45037328453562653
2022-07-30,11800000.0,19.9,23.7,23.14863200267725,10.975423291728985,1.2300000000000002,0.40074974985469813,0.36573046552323824,0.2643468783214271
2022-07-31,5390000.0,19.8,21.2,23.425063700202756,14.118099718321684,3.66,0.17176673911348467,0.1560776938433014,0.09460845425027142
2022-08-01,10120000.0,20.2,22.0,24.048338697938945,11.975093697902283,2.25,0.27984824849871504,0.2501222305854577,0.1495964442450625
2022-08-02,18730000.0,20.2,24.0,23.84512323465535,7.988384173881826,0.51,0.5059919562166337,0.45016627790500124,0.32088788040347815
2022-08-03,21390000.0,20.5,25.1,24.578760270224933,6.973748641867613,0.5,0.568839108697661,0.5044560449175656,0.37256211360944735
2022-08-04,22290000.0,20.0,25.7,23.649501214516985,6.650501923703791,0.33,0.6057483386649991,0.5386100587828081,0.4194618670215906
2022-08-05,21900000.0,20.2,25.4,24.87005397272065,7.186253428808643,0.19,0.5743927565417859,0.5084746126996125,0.36923609786416467
2022-08-06,22570000.0,20.7,27.1,24.346627206342394,3.935828096161335,0.03,0.5947981877841307,0.525850966375838,0.4567544808492704
2022-08-07,20130000.0,20.6,27.3,25.157930071713075,7.371820989236022,0.29,0.5903442239748642,0.5288105050869301,0.4206450246886956
2022-08-08,19120000.0,20.1,25.9,23.08891707003327,10.691085900751549,0.0,0.6302952992949236,0.5725865474350529,0.42544856490940497
2022-08-09,12160000.0,20.0,24.9,23.142654437928964,10.822779008151626,0.34,0.4486185811044078,0.4121952529766399,0.3186751269728215
2022-08-10,5030000.0,19.7,22.3,23.208481951794184,8.548079880332146,0.9800000000000001,0.18286325254092567,0.16811047583409638,0.14210704753900963
2022-08-11,3400000.0,19.4,20.7,23.1307033578936,7.530451323149747,3.6100000000000003,0.08559114639531762,0.07576344029831908,0.07140142172140947
2022-08-12,25690000.0,19.0,26.2,22.25538650035148,4.300977166679725,0.010000000000000002,0.6420786432477212,0.564966858102026,0.48301631171613346
2022-08-13,14990000.0,19.7,25.6,23.26246255850394,6.566697218994654,0.45999999999999996,0.44738015584048824,0.4023544637033337,0.3417943992602831
2022-08-14,17730000.0,20.5,25.2,23.86353512119498,9.287357096873476,0.17,0.5387675620839129,0.48536416583845543,0.3609308097811273
2022-08-15,19940000.0,20.0,26.1,22.83958292105021,12.929868726552826,1.8,0.6989676577715126,0.6387428484769988,0.45342361074374393
2022-08-16,7570000.0,18.1,22.2,20.77546399510037,4.091465404906878,3.09,0.224573208730973,0.20265783164751672,0.19776661996776568
2022-08-17,15220000.0,15.0,22.2,19.531324287887614,4.411719097902515,0.32000000000000006,0.34518876801844317,0.3022184429680116,0.25838365170937144
2022-08-18,24220000.0,16.6,24.7,18.32367823569795,3.379125414879199,0.0,0.5692041900093778,0.4985432563029592,0.46254532755839844
2022-08-19,16270000.0,20.4,24.7,23.88195943572758,9.520813059991793,0.13999999999999999,0.48971616779593824,0.4409137448879868,0.323125125853755
2022-08-20,12990000.0,17.6,24.5,21.973933238855256,5.510159334625869,0.55,0.35112669136857055,0.3129989978940943,0.27515014399329085
2022-08-21,19620000.0,17.4,24.9,19.418263995475883,4.025618851206841,0.010000000000000002,0.4990073712635989,0.4413334726930273,0.41080407316241124
2022-08-22,21860000.0,18.3,25.9,20.063080155972138,4.271046914997889,0.04000000000000001,0.5664754343098758,0.501320638373288,0.46245433977134925
2022-08-23,14390000.0,17.3,23.8,22.651197832520715,5.974078235694315,0.37000000000000005,0.34543413585728416,0.30351601432222236,0.23953071185746605
2022-08-24,14610000.0,15.6,20.0,17.563230792965413,6.464934363276413,0.1,0.36738378046079934,0.3266957246665291,0.26494440511398604
2022-08-25,18720000.0,12.3,23.0,15.754123264518341,6.402080834744559,0.04000000000000001,0.4779838032116362,0.42598601217550164,0.38732951581475183
2022-08-26,22430000.0,15.3,21.1,15.96444890864597,6.072848066244372,0.010000000000000002,0.5476926524394184,0.4847939238181153,0.4083479980453892
2022-08-27,19480000.0,11.5,19.1,11.748300450445672,6.273380752512667,0.020000000000000004,0.5043346714154971,0.4525271149569622,0.40895779927107057
2022-08-28,20980000.0,13.2,19.6,12.846229447509788,5.309626648357573,0.0,0.5089495751324948,0.45197315543803657,0.4130670419930473
2022-08-29,6080000.0,14.8,16.6,15.567335408218403,4.884617074475512,0.1,0.1835268858959361,0.1672315312441176,0.16125817927309877
2022-08-30,7520000.0,16.6,19.0,19.59840328678564,5.558047737316805,1.47,0.1770794680931256,0.15613667688348068,0.12703535056177237
2022-08-31,12450000.0,14.0,21.0,17.956668624984143,3.756246586070324,0.41,0.27706053244379475,0.24256976155266488,0.22490443133643928
2022-09-01,11890000.0,13.4,19.7,15.365785993321406,5.219835893312067,0.0,0.3110007956614834,0.2786208710181201,0.2614126125265406
2022-09-02,11940000.0,14.9,18.9,16.96218445212781,11.822449414324922,0.22000000000000003,0.3532532416007757,0.32052846561039144,0.21903706925625932
2022-09-03,9780000.0,15.8,19.5,18.16351915496763,10.9544721155517,3.17,0.2958517034426108,0.2686861908179636,0.1923900068241986
2022-09-04,11010000.0,17.2,23.3,20.895411479593488,8.224833162168327,0.5700000000000001,0.33001746049285186,0.2980934779751207,0.24935801243208733
2022-09-05,3630000.0,12.5,19.9,19.800852427972693,17.206901691887083,9.51,0.07280936785359063,0.06298786898141094,0.032990515227685875
2022-09-06,15650000.0,12.6,19.3,13.036523389403737,12.214535711356964,0.22999999999999998,0.5700346333208239,0.527890062717506,0.39704656094569507
2022-09-07,23820000.0,10.7,20.6,11.400064955929238,5.587977988998641,0.0,0.549775810624909,0.4859956246818139,0.46315077792250536
2022-09-08,23080000.0,12.6,21.9,12.567115605165878,4.091465404906878,0.0,0.5164127454157679,0.4527562583396108,0.4560764171057312
2022-09-09,22800000.0,12.3,21.2,13.611088913177426,6.1746109219626115,0.0,0.5364815746459612,0.47416237377541115,0.428730587213434
2022-09-10,12710000.0,12.8,18.4,13.860794829224314,6.527787891808267,0.03,0.3474685151391482,0.31346902358979845,0.28295027318878485
2022-09-11,17930000.0,15.5,22.3,16.776403193889543,3.004997268856259,0.04000000000000001,0.3971636166771887,0.346288539088573,0.341882183532953
2022-09-12,9110000.0,15.9,21.3,17.742410937994794,3.4898673461019896,0.09000000000000001,0.24309005459587402,0.21736997173060257,0.22540534703500267
2022-09-13,9670000.0,14.2,20.9,14.766746498007652,10.322943805064975,0.30000000000000004,0.43723085712515114,0.41041802248299153,0.3597919605881389
2022-09-14,18080000.0,14.7,21.3,15.495689582416224,12.352214869093405,0.0,0.6009532872231517,0.5504267020450138,0.4112197541992977
2022-09-15,18000000.0,15.9,22.5,18.187706538487117,10.328929855401345,0.03,0.512056827375436,0.4607307227427201,0.3535238792419829
2022-09-16,15130000.0,15.9,23.5,20.190025969869783,6.500850665294615,0.17,0.3684260013779226,0.32493415883249066,0.2784502512077256
2022-09-17,20240000.0,17.8,25.4,19.785214658377573,3.9388211213295183,0.39,0.4857215995105146,0.42582891491350694,0.4080833333042627
2022-09-18,18030000.0,18.1,25.3,19.837382656319615,13.121422337316572,0.0,0.664495336454183,0.6110645621666074,0.4700845366934422
2022-09-19,17480000.0,10.3,22.8,14.23508935032468,10.296006578551324,0.06,0.5287905532545898,0.4811874344349102,0.4135433855954621
2022-09-20,18070000.0,7.5,16.0,10.379622081169614,4.522461029125306,0.0,0.33842939996305804,0.2938424100283381,0.2839965070277999
2022-09-21,21900000.0,7.4,16.2,9.814065388970683,5.303640598021206,0.0,0.4114038162358799,0.35730487311079634,0.3339729686857186
2022-09-22,17630000.0,10.6,16.9,9.927228135123528,3.4389859182428704,0.0,0.3589248994547179,0.31348169386011965,0.333594782590098
2022-09-23,18320000.0,7.1,17.7,9.895994379931018,11.840407565334024,0.03,0.5427364851055827,0.49686710421508035,0.3919390225473205
2022-09-24,20990000.0,10.3,15.3,8.771432751532881,5.974078235694315,0.0,0.4701429437900847,0.41712446059071323,0.39502587133735123
2022-09-25,12870000.0,11.3,17.6,10.84699659175947,2.903234413138019,0.0,0.28496052424877305,0.2513056533135685,0.28221312609584664
2022-09-26,7400000.0,13.6,18.0,10.46867216462715,2.157971146260321,0.010000000000000002,0.22386476381871073,0.20399367902289645,0.24988619171008772
2022-09-27,20280000.0,11.1,19.8,11.974440747187487,3.9777304485159046,0.0,0.4041082239411303,0.3500156411216246,0.3645008309114191
2022-09-28,13570000.0,9.6,18.8,10.976787190821911,3.6036023024929635,0.0,0.3012052909905067,0.2659001121633199,0.29950718238252233
2022-09-29,20540000.0,12.5,20.6,10.933372605147468,2.148992070755771,0.0,0.3741235066287135,0.3181871187250396,0.36462097089836243
2022-09-30,20390000.0,12.0,22.3,10.486562680117279,2.442308537237756,0.0,0.3918489442322978,0.3357121971072875,0.3996076972849183
2022-10-01,19040000.0,13.5,23.3,8.868787658978944,2.98105306751079,0.0,0.4267318215340598,0.3731574617151646,0.4693626322921638
2022-10-02,17460000.0,13.8,21.2,13.860794829224314,8.314623917213833,0.24,0.5025478483709501,0.4541776588320644,0.41773329683877314
2022-10-03,12350000.0,17.3,22.2,18.57363127747827,12.2444659630388,0.9,0.4529008872017595,0.4173719915129063,0.32798882842609245
2022-10-04,6840000.0,9.6,17.8,13.70520555231493,6.488878564621881,1.4800000000000002,0.18228701463156327,0.1646746103584884,0.17032381739562277
2022-10-05,13590000.0,8.9,15.2,9.884658131375522,3.319264911515529,0.06999999999999999,0.25842753854375655,0.22466606624903634,0.24871285347773994
2022-10-06,14600000.0,7.8,16.4,10.382579636575572,6.009994537712518,0.09000000000000001,0.3146808061740582,0.27836940344785577,0.2781757172014016
2022-10-07,14910000.0,5.0,12.6,9.058487810851412,6.8570206603084545,0.08000000000000002,0.267869338804143,0.23362575106322536,0.2089660390951941
2022-10-08,17200000.0,7.6,14.0,8.438069310396516,7.874649217490854,0.06999999999999999,0.4041553932322226,0.3626434063535381,0.32598803602164833
2022-10-09,2950000.0,3.8,9.3,9.721563186362417,9.712366670755538,0.9800000000000001,0.040265703030499485,0.033891450188584575,0.035533174311018156
2022-10-10,14890000.0,2.6,7.1,7.056414341440281,15.827117089354477,0.51,0.31790505807917996,0.28729887701427287,0.1572341644395727
2022-10-11,17120000.0,1.5,10.0,6.820110951930224,7.730984009418044,0.0,0.2878326698387457,0.2516844433442153,0.21813798399799786
2022-10-12,18360000.0,5.5,13.4,8.705365601650778,6.096792267589839,0.0,0.3104284139377078,0.26755606237586904,0.25672245581589187
2022-10-13,17230000.0,6.0,15.0,9.203766090412302,5.504173284289502,0.0,0.3027216937083122,0.2614345690179322,0.26914599897876634
2022-10-14,17400000.0,9.0,17.1,10.967471313918224,2.7595692050652096,0.0,0.2697128291154753,0.22552362145322408,0.2585989821959542
2022-10-15,16410000.0,8.9,17.9,11.310450913386871,3.444971968579237,0.0,0.27518545806004946,0.23319744656672037,0.26608590447870173
2022-10-16,14680000.0,6.8,17.4,11.47091364334189,6.189576047803529,0.06,0.26698427034811223,0.23047390103162932,0.23990505403854515
2022-10-17,17120000.0,-0.2,9.1,4.614355513119326,12.99272225508468,0.0,0.48638610871777466,0.4516247584220422,0.3207554432262887
2022-10-18,17910000.0,0.2,6.7,4.529791736585234,9.020977856905143,0.0,0.3541878798424718,0.31894971233723124,0.26022036156987655
2022-10-19,17630000.0,0.8,8.2,4.713551516982973,6.919874188840309,0.0,0.31978423452493776,0.2839321023127356,0.27082936544510067
2022-10-20,17490000.0,4.7,14.4,6.1228333137477895,3.4389859182428704,0.0,0.277926253913256,0.23698273510574505,0.3041891191138541
2022-10-21,8130000.000000001,7.8,12.7,9.116354734491155,4.624223884843546,0.08000000000000002,0.19524792296693477,0.17588402789982002,0.19739598553092058
2022-10-22,15140000.0,6.5,14.4,9.132193064226879,6.668460074712892,0.03,0.2914905222279124,0.2552552069397314,0.25890337991533097
2022-10-23,16230000.0,1.2,11.9,6.104296639920869,8.392442571586601,0.0,0.3349773384387511,0.29990814398984306,0.2888054296149334
2022-10-24,16149999.999999998,0.1,7.3,4.671018644516989,8.045251652077315,0.0,0.3093379470151088,0.27730778069416534,0.24976438671690043
2022-10-25,16260000.000000002,1.7,9.0,5.4256410252766045,5.9920363867034165,0.0,0.26875280955775027,0.2348239419889425,0.24532701791503655
2022-10-26,14800000.0,3.9,11.3,6.354939457935615,2.8493599601107156,0.0,0.19958375417877797,0.16665770120850817,0.21743202599635653
2022-10-27,15630000.0,4.0,12.8,7.194360774269429,4.603272708666261,0.0,0.24260413054344682,0.20707952521557646,0.24705172105131346
2022-10-28,15350000.0,5.0,14.1,8.178038104449271,2.885276262128918,0.0,0.20127555484807985,0.16534170615195112,0.21756741939275734
2022-10-29,12940000.0,3.8,13.4,8.430680525567567,3.274369533992776,0.0,0.17305666379742493,0.14349153978628348,0.18615213183042814
2022-10-30,12970000.0,4.9,13.3,8.223688959498979,5.085149760743808,0.010000000000000002,0.22037871731601708,0.19036010797388436,0.22293377030058212
2022-10-31,12960000.0,3.5,12.7,7.604595270562907,3.7682186867430576,0.0,0.18626807407348914,0.15704494040074904,0.20239603124364686
2022-11-01,14500000.0,1.8,12.6,7.946107843367165,5.62988034135321,0.0,0.19477275440669906,0.16286595535869122,0.19282822774644112
2022-11-02,15090000.0,1.8,14.5,5.127904143261973,3.528776673288376,0.0,0.24685922440789881,0.21278791945665035,0.2921989901640988
2022-11-03,11820000.0,-2.7,10.5,5.50284661153628,9.257426845191642,0.0,0.28786801318630134,0.26427653665395207,0.23548760369394256
2022-11-04,15030000.0,-3.9,3.9,3.029656898286042,10.484567164146886,0.0,0.33721470370421225,0.31094328426391643,0.2451078644929343
2022-11-05,14980000.0,-1.6,6.2,4.049351508580314,7.5065071218042805,0.0,0.26209446765102656,0.233712986233836,0.23089904943199685
2022-11-06,14400000.0,0.6,8.4,5.705358966147124,4.333900443529744,0.0,0.1727302882944772,0.14344664088348957,0.18160161018200732
2022-11-07,13850000.0,1.4,11.3,4.828153207072692,4.0106537253659225,0.0,0.21359987185624454,0.18384340417738504,0.25549654844074954
2022-11-08,13830000.0,2.4,11.7,6.437897779964957,3.9298420458249685,0.0,0.18454454176630192,0.15423836778319328,0.21258910407272236
2022-11-09,13440000.0,2.5,12.5,5.359286573426324,4.2500957388206055,0.0,0.2220782182814896,0.19225916228215031,0.2675568773813781
2022-11-10,13220000.0,4.6,14.2,6.7388701320536,4.893596149980063,0.0,0.24093232156953928,0.21010122384617724,0.280047749922197
2022-11-11,12630000.0,6.4,14.3,8.773982600443192,4.525454054293489,0.0,0.19773271117262145,0.16757768071757198,0.22011668206251955
2022-11-12,11020000.0,4.9,18.0,12.272770693623015,9.445987430787204,2.0100000000000002,0.1770258650884696,0.15002106494399398,0.17545213671248144
2022-11-13,5700000.0,2.7,7.1,7.510701389221429,6.297324953858136,0.04000000000000001,0.10031390024862659,0.08857983234581147,0.09449394505316064
2022-11-14,3950000.0,-1.1,6.2,6.5100451490698035,7.479569895290628,0.09000000000000001,0.08466660248403753,0.07712009552031887,0.08245957893169348
2022-11-15,11550000.0,1.3,6.9,5.866008112223801,8.548079880332146,0.0,0.20641690895300796,0.1832189792348295,0.17450335780214735
2022-11-16,12520000.0,1.0,7.6,4.9822134464194665,5.30663362318939,0.0,0.1889246756662785,0.16362121720957784,0.2030309668150727
2022-11-17,12390000.0,3.4,9.5,4.442410689094605,3.7472675105657727,0.0,0.19190015044675032,0.16520433102013468,0.24089316285794743
2022-11-18,13040000.0,2.5,12.1,4.534058215900775,5.453291856430381,0.0,0.2618616220226644,0.23308824307183834,0.3118264489403023
2022-11-19,12020000.0,1.7,10.4,6.704602507744594,5.68974084471688,0.0,0.16754055663116704,0.1419379172634904,0.18371940423849006
2022-11-20,8189999.999999999,3.0,11.4,7.647410372092648,2.7535831547288425,0.0,0.10365431269195233,0.08563247240207754,0.1354163692872168
2022-11-21,9720000.0,5.1,12.0,6.887784742267989,3.9388211213295183,0.0,0.16741329297427232,0.14523415366158005,0.20780477829603217
2022-11-22,4090000.0,5.0,9.9,8.692710807615242,3.941814146497702,0.36000000000000004,0.0862697017604849,0.07720769399280013,0.10290675835475387
2022-11-23,8450000.0,0.8,9.3,5.96684590862736,7.6441862795407225,0.020000000000000004,0.1986663684546464,0.18119203943659268,0.19808925629987756
2022-11-24,8970000.0,3.4,9.8,3.877629378140869,3.771211711911241,0.0,0.19720388669327102,0.17779433552641416,0.25633718995983024
2022-11-25,11200000.0,2.4,10.9,5.912636657712008,6.327255205539971,0.05,0.21510496850687236,0.19083576072025202,0.2386925131423861
2022-11-26,11950000.0,-2.9,7.7,3.9199428455741643,7.057553346576752,0.0,0.2195988952649825,0.19688217953591253,0.2333897996212279
2022-11-27,11780000.0,2.9,10.6,4.697378139678622,4.884617074475512,0.0,0.21165423555167556,0.1860561094387072,0.26334996646586756
2022-11-28,4200000.0,7.1,11.2,11.590942145206972,6.716348477403829,3.88,0.03922105974198298,0.029487897803662715,0.03752191067719262
2022-11-29,3600000.0,-11.4,8.4,3.444912714869454,16.581359431736725,0.03,0.49756480278179704,0.49161686549762107,0.2635534880924015
2022-11-30,10400000.0,-11.7,-7.4,1.7299072271359166,13.00170133058923,0.0,0.187466635736369,0.17542793051811378,0.10674655191452069
2022-12-01,10660000.0,-10.9,-5.3,1.770184099379041,6.396094784408192,0.0,0.12404509484913677,0.11079852270872843,0.11355023724732125
2022-12-02,11910000.0,-7.2,-1.6,2.6835154484850956,4.190235235456934,0.0,0.0940058226559345,0.07651146898597741,0.10989258896421199
2022-12-03,8020000.0,-9.3,3.9,4.295116898694629,8.73963349109589,0.0,0.09147713886983821,0.07883806244126275,0.09672301712096251
2022-12-04,7300000.0,-9.3,-4.4,1.4937894188739473,8.305644841709281,0.0,0.19987793241513602,0.1902582365848639,0.15844404393370465
2022-12-05,9080000.0,-8.8,-3.5,1.722070975838066,9.290350122041659,0.0,0.2132582198464478,0.20090517501564906,0.1617565515297114
2022-12-06,7710000.0,-4.8,-0.3,3.5706768664247845,12.654510411079942,0.020000000000000004,0.19048764260380643,0.1782638025375081,0.12361251263366306
2022-12-07,9850000.0,-3.0,2.1,4.118077631375221,12.56771268120262,0.0,0.21278988999368442,0.19585586376253175,0.14575961689170555
2022-12-08,10990000.0,-3.1,4.0,3.3862626806778,3.9238559954886005,0.0,0.11959213114771823,0.10006645654009179,0.15731113690240714
2022-12-09,9410000.0,-4.6,5.9,4.754942935557885,5.4353337054212805,0.0,0.10066131631713664,0.08382259601009265,0.12738998775230095
2022-12-10,8039999.999999999,-4.8,4.9,3.1490868267644743,4.348865569370662,0.0,0.13504006738605617,0.12096101434077242,0.17268008858501313
2022-12-11,11320000.0,-6.0,0.9,2.6295258424644397,6.497857640126432,0.0,0.15989163310290258,0.1419443089069885,0.1641333875237861
2022-12-12,4810000.0,-4.0,3.6,4.0236826873968905,9.011998781400592,0.09000000000000001,0.1763541406196708,0.16800803547505364,0.1534609435441458
2022-12-13,6830000.0,-14.1,-0.2,2.712230280481086,16.74597581598682,0.22000000000000003,0.20112896623008164,0.19225270300964564,0.11296696048743964
2022-12-14,11580000.0,-13.5,-8.7,1.8928060424928672,9.655499192560052,0.0,0.09093391902319362,0.07854983553893667,0.06507845102744939
2022-12-15,9500000.0,-11.9,-1.9,2.8571098216674127,9.407078103600817,0.2,0.09033276041118463,0.0778427974830491,0.08244615608369275
2022-12-16,7200000.0,-11.1,-5.1,1.1080023778979418,5.983057311198866,0.010000000000000002,0.15465945912503296,0.14571243103770276,0.1479726325551348
2022-12-17,7980000.0,-15.2,-5.9,1.7280960435255914,8.919215001186902,0.04000000000000001,0.11179028978005737,0.1030094635989047,0.09172273999240314
2022-12-18,11350000.0,-15.6,-9.2,1.395593833441114,8.419379798100255,0.0,0.10414071343171742,0.0928131903754033,0.08169510145317084
2022-12-19,11310000.0,-12.0,-4.2,2.506729691477573,6.871985786149373,0.0,0.07324886524896994,0.059194575295122065,0.07315473322253915
2022-12-20,11250000.0,-6.8,-0.7,2.8335890168227356,4.89958220031643,0.37000000000000005,0.09936271625453597,0.0823791766309714,0.11633799974111983
2022-12-21,2330000.0,-10.3,-0.1,4.164027970148122,8.308637866877465,0.52,0.01585803413224253,0.012551643390741158,0.028947007184819566
2022-12-22,8230000.0,-17.0,-8.9,1.6675134696398652,13.642208716580505,0.17,0.10242753978234072,0.09445644906432232,0.061857749544363086
2022-12-23,6090000.0,-18.2,-11.5,1.6088332075827914,15.366191213454215,0.04000000000000001,0.06831974688368044,0.0630196732998643,0.03679727261993539
2022-12-24,11430000.0,-16.3,-6.1,1.784415253530836,6.638529823031058,0.0,0.07407309041528864,0.061913174233797906,0.07615672437645278
2022-12-25,11610000.0,-10.2,-3.6,2.315985444428261,9.915892382192018,0.0,0.1452613202016401,0.12999727077051867,0.11122150613883777
2022-12-26,7620000.0,-10.0,-2.3,2.003583333398076,6.417045960585477,0.0,0.13600857171930086,0.12564180942737507,0.13307194396333594
2022-12-27,11520000.0,-9.5,-1.5,2.3979364366648217,7.279037209022332,0.0,0.13260195612700895,0.1164684468983068,0.12743104323929128
2022-12-28,8080000.0,-10.1,-3.8,2.7412180657737553,11.469272444479266,0.0,0.11783160924893502,0.10723306030222601,0.0815746607085798
2022-12-29,10340000.0,-9.1,-4.0,2.572201147507094,8.135042407122821,0.0,0.11152751305870681,0.09771311639152437,0.09380117599716506
2022-12-30,9720000.0,-8.7,-2.3,2.881755440870326,9.56271541234636,0.0,0.12620943704669957,0.1125967886349821,0.09981894129040346
2022-12-31,7960000.0,-7.5,-2.8,3.131626950390593,12.741308140957265,0.0,0.143628680753225,0.13230833789664626,0.0908039480867478
2023-01-01,10630000.0,-10.9,-0.8,2.009098256594747,11.84639361567039,0.0,0.2374425804353594,0.22278494678717822,0.17034190394364676
2023-01-02,11700000.0,-11.7,-4.4,1.5757385484354693,10.008676162405704,0.0,0.19413114903325837,0.17955742156395044,0.14334795855369364
2023-01-03,11930000.0,-10.8,-3.6,2.063581943266361,10.55340674301511,0.0,0.17454178078772647,0.1590735866212388,0.126605930985961
2023-01-04,10700000.0,-9.3,-0.9,3.153207580633934,9.35021062540533,0.0,0.11267014445515566,0.0974198928343116,0.09602741258138954
2023-01-05,9660000.0,-7.1,0.9,3.6827151074195945,6.108764368262573,0.0,0.09005255994791406,0.07507345318869252,0.09666805355193127
2023-01-06,11780000.0,-4.9,2.0,3.60652048956335,7.775879386940797,0.19,0.1523569508918734,0.13285645059218354,0.14233322184411704
2023-01-07,8860000.0,-7.6,-1.7,3.3058575221166433,10.475588088642336,0.010000000000000002,0.12329090309275255,0.1104149820835221,0.09064863468304085
2023-01-08,11790000.0,-5.4,4.0,3.0406174819640666,5.950134034348847,0.0,0.16596666300640506,0.1458855988547758,0.18525327962975302
2023-01-09,3920000.0,-7.6,2.9,3.7711959747761816,7.0425882207358335,0.03,0.11204863219276436,0.10578391479205744,0.11754396813756762
2023-01-10,12430000.0,-4.5,4.7,2.850506562841,4.393760946893415,0.0,0.14887266089650036,0.12706646428334392,0.18923281160364264
2023-01-11,12100000.0,-0.6,5.8,2.256359834642392,5.267724296003003,0.0,0.23136935211131132,0.20821379432734854,0.2733050208173681
2023-01-12,12120000.0,2.2,9.7,5.067925074433347,5.168954465452947,2.1,0.19352855624520734,0.1677877403938705,0.23326547176343534
2023-01-13,2060000.0,1.0,6.6,7.751950327950899,4.800812369766374,1.0,0.030349427834024778,0.0262508606738317,0.04457766905316594
2023-01-14,2000000.0,-2.5,4.5,6.704602507744594,3.0947880239017644,0.45,0.016533701203868233,0.012910111242329565,0.029946258615736594
2023-01-15,2850000.0,-11.0,-3.1,3.1398326193927537,10.185264647328534,0.18000000000000002,0.0659379963014043,0.06221690573784526,0.05309500639401712
2023-01-16,12780000.0,-11.3,-5.4,2.1266279952230067,8.377477445745685,0.0,0.12524059143567895,0.10954920849768142,0.09630619440827358
2023-01-17,11570000.0,-9.0,-3.7,2.2410980588629044,8.844389371982315,0.0,0.1647630580652378,0.14916410103825178,0.12482729627098536
2023-01-18,5680000.0,-8.1,-3.5,2.87605127658997,5.752594373248734,0.0,0.08840272148043618,0.08055312643687156,0.0824050574695354
2023-01-19,11320000.0,-6.6,-1.4,3.1285547403155696,9.137705838464301,0.0,0.15458491487528786,0.13767351115186666,0.116735168072117
2023-01-20,12630000.0,-12.6,-4.4,1.7695676564851395,11.04126984542902,0.0,0.1938139701637047,0.17841877123146244,0.1295970341016143
2023-01-21,13370000.0,-10.6,-3.8,1.2172044385459972,4.232137587811504,0.0,0.1340425857537107,0.11670731701892949,0.14585641057841373
2023-01-22,6100000.0,-6.4,0.1,2.3898684338786778,2.8972483628016517,0.03,0.10374127303686347,0.09430168952548648,0.12621687043774665
2023-01-23,12600000.0,-18.2,1.9,2.4683283468723407,12.427040498297995,0.06,0.20636238548796335,0.19074253752985054,0.14580599480403444
2023-01-24,13360000.0,-21.4,-15.2,0.766558591266941,16.75196186632319,0.0,0.160587933108374,0.151140312020217,0.06819383224996745
2023-01-25,14100000.0,-18.8,-8.7,0.7595869457231524,5.959113109853397,0.0,0.12443992938657449,0.11137654804956061,0.11112864587066817
2023-01-26,4370000.0,-13.1,-3.4,2.909467599825893,8.718682314918608,0.2,0.0565132559077207,0.05112183932529758,0.051577536942600456
2023-01-27,13820000.0,-15.7,-8.5,1.337370088191106,16.11145448033191,0.0,0.22325008803604124,0.2092326415384175,0.1055044798781235
2023-01-28,9510000.0,-13.4,-7.2,2.1624719078857275,11.711707483102131,0.04000000000000001,0.10980938736698867,0.09921012257509466,0.06465612997251194
2023-01-29,7570000.0,-10.0,-2.6,2.665706294497076,12.489894026829848,0.03,0.1740695253041748,0.1638403198303438,0.10797567305513651
2023-01-30,14440000.0,-9.4,-3.3,1.9046194947801582,6.452962262603679,0.0,0.16867194539528532,0.14920358416195098,0.14374975707145435
2023-01-31,14360000.0,-5.1,2.9,3.2972674707638565,7.29400233486325,0.010000000000000002,0.20707986820006025,0.18298803928943602,0.18079006375544385
2023-02-01,13260000.0,-9.8,2.4,2.711328822024928,11.080179172615408,0.0,0.25524975129907185,0.23519011078440735,0.18607545681718504
2023-02-02,12310000.0,-8.1,-1.3,1.658184274076379,4.456614475425268,0.0,0.1642813976089687,0.14643010242304064,0.16813500614205648
2023-02-03,12030000.0,-9.9,-0.2,1.7548303516395551,7.440660568104241,0.0,0.22334979553023,0.20616659572257476,0.19066207811947125
2023-02-04,14630000.0,-8.9,-1.3,2.341965842758878,6.803146207281151,0.0,0.1781215643692307,0.1572700521063383,0.14829974728751832
2023-02-05,15440000.0,-5.7,2.5,1.304143915711082,3.621560453502065,0.0,0.1938768293712739,0.16846513739108782,0.224153809447883
2023-02-06,13850000.0,-0.8,7.6,1.3163979400154002,3.0439065960426444,0.0,0.21527613641354731,0.18806982451226448,0.27942475621529983
2023-02-07,13030000.0,-5.3,7.6,2.2266845928585464,4.354851619707028,0.0,0.24825886994244936,0.22452645053184997,0.26626777785877814
2023-02-08,15570000.0,-6.4,3.1,2.432087439586334,6.090806217253472,0.0,0.23230538627756298,0.20672931185255142,0.2170140437537133
2023-02-09,10160000.0,-2.3,2.8,3.778452090465381,8.099126105104618,1.6500000000000001,0.22949757160472953,0.21157633110550597,0.1821550597212876
2023-02-10,11250000.0,-6.1,1.5,4.352408787323039,6.042917814562536,0.0,0.10876877492640244,0.0907539626365754,0.08983365697629567
2023-02-11,10980000.0,-3.9,5.3,3.041615643873906,3.412048691729218,0.0,0.17003768305511,0.15035446930025273,0.19242741248232031
2023-02-12,9040000.0,-0.9,7.2,3.6993120217232063,4.699049514048133,0.08000000000000002,0.217381216513169,0.19976636928128283,0.2319666199212722
2023-02-13,9020000.0,-3.7,4.2,4.946752754723943,4.309956242184276,0.05,0.11291339460991998,0.09700300196198727,0.11058767637280634
2023-02-14,13990000.0,-6.8,1.2,3.4237843356019724,6.746278729085665,0.010000000000000002,0.17284309648246668,0.1508842433895727,0.13838452538404505
2023-02-15,3990000.0,-4.5,-2.3,4.0985226736858555,5.064198584566523,0.13999999999999999,0.06782695874829425,0.061715508093442784,0.05889463530331855
2023-02-16,4520000.0,-5.5,-0.6,3.7699878250377727,4.699049514048133,0.03,0.09022189413293843,0.08319875115586686,0.0853873127299192
2023-02-17,10320000.0,0.1,5.5,3.5683752716384602,3.711351208547571,0.09000000000000001,0.19847582212721915,0.17859566426191498,0.21121221183207192
2023-02-18,1950000.0,-2.6,3.5,6.52573820169988,6.566697218994654,0.13,0.01531575487165579,0.011851235719256196,0.02178718857822201
2023-02-19,9530000.0,-7.6,0.1,3.1988530830664113,13.636222666244139,0.04000000000000001,0.2404579734377153,0.22607102831659792,0.1373531281406971
2023-02-20,16930000.0,-12.2,-1.1,1.900017586457883,12.762259317134548,0.0,0.3082879334160917,0.2857723294455182,0.1812611361237078
2023-02-21,18100000.0,-8.6,-0.1,1.0724176479276213,4.214179436802403,0.0,0.22808343586145727,0.2014401097288677,0.21961938430439112
2023-02-22,16620000.000000002,-6.7,3.8,3.480759139519667,5.590971014166825,0.15000000000000002,0.20496986170497208,0.1774572712991278,0.17783439646851962
2023-02-23,17380000.0,-3.9,4.1,3.1957223460417317,5.743615297744184,0.0,0.2576523328434455,0.22716225262327985,0.22221625021982186
2023-02-24,16450000.0,-9.4,3.2,2.9568302408683613,8.793507944123196,0.0,0.2664832334193693,0.24097533422794132,0.19134594738537694
2023-02-25,18740000.0,-8.6,-0.7,1.9125316029738222,8.616919459200366,0.0,0.3003532190223913,0.27311904749722443,0.20600846569442494
2023-02-26,18880000.0,-4.2,4.8,1.7536071989375952,4.175270109616017,0.0,0.27922310209246765,0.24586033996102255,0.2775707905470088
2023-02-27,19100000.0,-3.1,9.0,2.2040945311364695,4.845707747289127,0.0,0.3385389589708574,0.30156364953777287,0.3415384255956671
2023-02-28,18760000.0,-2.0,7.4,4.246542736702463,6.1716178967944275,0.0,0.2973958537849565,0.2613761132196832,0.25160450417976166
2023-03-01,7330000.0,-8.4,4.2,3.510127803740841,12.777224442975465,0.06,0.2756353326767974,0.2638045495574855,0.18012503907023256
2023-03-02,19660000.0,-7.4,-0.2,1.8648490370735484,8.829424246141397,0.0,0.3433552805067953,0.31373741566326807,0.2301944687508401
2023-03-03,19440000.0,-3.2,5.5,2.962676587946634,6.42003898575366,0.0,0.33404043704276404,0.29863305152150144,0.2774435171489607
2023-03-04,16040000.0,-0.9,8.3,3.7243318637052942,4.187242210288751,0.0,0.2745002031678554,0.24268819897046012,0.2694529195110579
2023-03-05,19360000.0,-1.7,9.4,3.3895586632448413,4.393760946893415,0.0,0.31391153088941876,0.27533197152967526,0.3079717366560583
2023-03-06,19850000.0,-0.5,9.6,3.5226190882501833,6.282359828017218,0.0,0.3931545370862504,0.35272566092506247,0.34932619080857263
2023-03-07,19120000.0,3.0,13.3,4.378548337703768,7.835739890304468,0.0,0.5089144476392045,0.46574391412907384,0.4461796759172424
2023-03-08,19070000.0,5.4,13.1,6.282415423036201,7.021637044558549,0.06999999999999999,0.4375154297504456,0.39320969050443966,0.372291315519633
2023-03-09,17960000.0,2.7,13.9,5.825031206173542,7.021637044558549,0.0,0.4201488347097525,0.3794359476473205,0.3743259720127791
2023-03-10,19980000.0,5.0,16.8,5.42730916038558,6.153659745785326,0.0,0.4896646859421785,0.44132873797592626,0.4788394107478749
2023-03-11,16890000.0,5.0,16.0,6.646501201478862,5.339556900039408,0.0,0.3914673308234179,0.35099492594700943,0.3833520103924551
2023-03-12,7050000.0,-8.6,10.1,3.661473337783292,16.554422205223077,0.9400000000000001,0.6848662004655737,0.672205563086257,0.32560880552220084
2023-03-13,21210000.0,-5.7,2.2,2.2840644157105348,6.922867214008492,0.0,0.34279044756992316,0.30808485349458953,0.2532705098992945
2023-03-14,20490000.0,0.0,9.7,3.7615403888431183,7.246113932172313,0.0,0.445024697771278,0.40290779716550584,0.3646174758852491
2023-03-15,19850000.0,-4.8,12.9,5.717576917843176,9.46095255662812,0.08000000000000002,0.4705089225248309,0.430703031000317,0.3031143658942134
2023-03-16,19000000.0,-2.1,6.0,2.285612402081092,5.872315379976074,0.0,0.38448368664185867,0.34890885415261225,0.32947857406670467
2023-03-17,9590000.0,-0.5,7.1,4.572617065501416,4.1603049837751,0.05,0.2133741897637389,0.19459664567097495,0.20547519979066897
2023-03-18,20170000.0,-3.4,8.7,3.459435598914928,7.090476623426769,0.0,0.4028769949449737,0.36421400860232067,0.3254975027249266
2023-03-19,22140000.0,1.8,10.2,3.217694789694837,3.1965508796200046,0.0,0.35481630250511975,0.30772635224685246,0.34758175430489874
2023-03-20,21340000.0,0.4,11.6,4.4298513165455145,3.9328350709931517,0.0,0.35662942942900666,0.3112410130554103,0.33479446439194926
2023-03-21,20860000.0,3.7,14.9,6.70259156853222,5.291668497348472,0.0,0.4135835469466331,0.3650575829893969,0.3687673981953816
2023-03-22,11750000.0,8.6,13.7,11.587683661241567,6.027952688721619,1.26,0.23208218517326618,0.20348867180292607,0.17258452982917233
2023-03-23,5490000.0,5.5,12.0,11.192983368522112,4.342879519034295,0.9800000000000001,0.08924051332710384,0.07664802128047173,0.07448625178164522
2023-03-24,4110000.0000000005,1.6,9.4,8.440533507559193,4.459607500593451,0.75,0.08305776816167969,0.07444335504419196,0.08298758337498371
2023-03-25,10140000.0,3.2,9.0,7.795496608893962,2.807457607756146,0.27999999999999997,0.16488283870215925,0.14325333210090116,0.14704954820739485
2023-03-26,18260000.0,-5.3,9.4,3.714782844078934,8.422372823268438,0.010000000000000002,0.4956150725100158,0.4613095666473403,0.31815467861966107
2023-03-27,23520000.0,-2.0,7.1,3.1193541711685757,5.079163710407441,0.0,0.3896567901131575,0.3447216397874201,0.3212741256260081
2023-03-28,19630000.0,-0.3,10.2,4.853784969215685,5.2976545476848385,0.0,0.36210727957259226,0.3216355251667406,0.3051412516961863
2023-03-29,22150000.0,2.6,12.7,3.9261998368953175,4.262067839493339,0.0,0.43407954844858604,0.3847347332871622,0.40792651530030016
2023-03-30,20150000.0,3.6,15.9,4.652062817324141,3.947800196834069,0.0,0.4382438113666196,0.3908372945929242,0.43176927024861805
2023-03-31,23570000.0,5.4,16.0,4.738643778824072,4.393760946893415,0.0,0.5000166859098785,0.4432660753240891,0.47981862536671505
2023-04-01,22600000.0,2.2,16.5,5.570770462260057,5.489208158448584,0.0,0.5659418275815714,0.513301604798733,0.45365706169314485
2023-04-02,23720000.0,3.5,13.5,5.0757813994082515,8.910235925682352,0.0,0.6223466648827914,0.568293028313279,0.4694569848233323
2023-04-03,23460000.0,3.3,14.3,6.208744601579542,8.87431962366415,0.0,0.575749112255595,0.5218688595123403,0.4291425647509891
2023-04-04,11100000.0,7.4,12.6,9.24908381509718,13.13040141282112,2.16,0.4079190430380676,0.38164240666810656,0.2545383045489278
2023-04-05,4080000.0,2.6,11.8,9.688116966214682,10.281041452710406,1.7800000000000002,0.09812681787591118,0.08914890476447175,0.08735802348862198
2023-04-06,10820000.0,-0.5,8.6,7.3586676708722365,9.89194818084655,0.8400000000000001,0.19370857853143747,0.1720108583150525,0.12294753576138664
2023-04-07,21300000.0,-4.6,9.3,4.675402771996012,11.888295968024961,0.010000000000000002,0.5285105356688847,0.48808733137375127,0.289562448856496
2023-04-08,24440000.0,-0.9,7.1,3.526032643912356,11.442335217965615,0.0,0.6061372509592096,0.5585921588503285,0.3618837415656414
2023-04-09,24830000.0,0.1,11.2,3.720748431726325,6.6295507475265065,0.0,0.5285347597191019,0.47626096135181717,0.4227714635903831
2023-04-10,23640000.0,4.7,14.5,6.076584664223671,8.622905509536736,0.0,0.6177312063640433,0.5623214218303799,0.4638240573036055
2023-04-11,10700000.0,-1.2,14.0,7.495152313594064,12.962792003402846,0.29,0.43021939022315625,0.40719775422492155,0.2615475868963281
2023-04-12,25890000.0,0.3,10.2,2.5559060328886183,7.5933048516816015,0.0,0.6181310352788528,0.5642687986424287,0.4774216448770373
2023-04-13,24650000.0,5.9,16.6,4.792171304945782,6.132708569608042,0.0,0.6288905236065954,0.568764725895197,0.5585116025811201
2023-04-14,9930000.0,6.0,13.1,8.134996298703063,4.699049514048133,0.52,0.2714791505892087,0.24823334488545892,0.24902154372741353
2023-04-15,9010000.0,1.7,11.3,7.461928524892642,6.072848066244372,0.35000000000000003,0.2268515943716296,0.20741075426114125,0.19543555298332196
2023-04-16,14850000.0,-0.9,9.7,5.118392182945056,4.90856127582098,0.020000000000000004,0.30455158838401103,0.27444592423192343,0.261544562941139
2023-04-17,24060000.0,4.9,14.4,6.5670916398908075,5.806468826276038,0.5,0.5200843065998801,0.46361959739170516,0.4182401405988495
2023-04-18,6990000.0,9.4,13.8,13.343197976425994,5.255752195330269,1.04,0.13478972249038185,0.117601272081572,0.09551163246151602
2023-04-19,19380000.0,10.5,18.1,13.52127163600087,6.186583022635345,0.010000000000000002,0.41804437170365816,0.3675201512752672,0.29821036022755265
2023-04-20,20900000.0,8.1,20.7,12.637268506192653,6.264401677008117,0.0,0.48440512456841567,0.4298072830977137,0.37859569670016413
2023-04-21,15970000.0,3.4,16.4,7.3129391021763075,6.922867214008493,0.09000000000000001,0.47754275895854637,0.4398305812463453,0.38900587072906195
2023-04-22,25300000.0,3.1,12.6,5.074209272297385,7.440660568104241,0.0,0.5921467733508038,0.5354790820472488,0.44337786550096947
2023-04-23,10840000.0,5.3,10.8,5.752612988051383,3.837058265611278,0.03,0.29741078941421384,0.273000545517921,0.2828443887827442
2023-04-24,9980000.0,2.5,8.9,5.90723976404713,6.285352853185402,0.11000000000000001,0.29115333038835367,0.27011184144079936,0.23869262668449492
2023-04-25,4030000.0000000005,1.1,4.4,7.220086586896176,6.7762089807675,0.54,0.06734496529276678,0.059594466196553876,0.04986957241597041
2023-04-26,21740000.0,-1.0,8.4,5.611879903478376,9.170629115314318,0.04000000000000001,0.41922723974579945,0.3761104709645417,0.2554873398081998
2023-04-27,26500000.0,4.3,15.5,7.3892934681275175,4.130374732093264,0.0,0.49629476300081976,0.43371663467437455,0.40637552976714747
2023-04-28,22850000.0,9.1,16.4,9.867675206697372,6.680432175385626,0.13999999999999999,0.5410729427709817,0.48341919606431505,0.40136207800570356
2023-04-29,8130000.000000001,1.8,13.2,9.029675956985555,12.825112845666403,0.65,0.24238325415233017,0.2243453876884441,0.1741496311254191
2023-04-30,26890000.0,2.7,13.1,6.642510664634775,10.32593683023316,0.0,0.6269319426711976,0.5666219089625368,0.3942784694582008
2023-05-01,25530000.0,6.7,12.8,5.251370979891756,6.048903864898903,0.0,0.60459597119678,0.5445320320785446,0.4788669188782289
2023-05-02,25190000.0,7.1,17.8,7.245893599239582,3.6275465038384316,0.0,0.5296883892680717,0.4665481210017103,0.4711728511820321
2023-05-03,19340000.0,7.9,17.0,10.084703053787921,5.174940515789314,0.0,0.44218602288546516,0.3937091356972384,0.35671852004322113
2023-05-04,9750000.0,10.2,13.6,12.68305229064976,13.181282840680241,0.7200000000000001,0.26598029574589865,0.24184039991157355,0.1417612207250573
2023-05-05,4920000.0,12.5,15.3,15.929942669600727,6.851034609972087,4.170000000000001,0.09980800803359578,0.08708651639644387,0.06298333582541893
2023-05-06,3830000.0,5.3,15.0,10.110680052737015,11.029297744756288,2.1,0.2238360102570137,0.21473599350936637,0.20272502490971403
2023-05-07,5950000.0,0.5,7.4,6.706613980019218,6.78518805627205,0.33,0.16503922805318294,0.15314492464617657,0.13068830563991565
2023-05-08,26440000.0,4.3,14.7,6.474857664872865,4.459607500593451,0.0,0.5251715678393569,0.46335398499750796,0.4281637175276587
2023-05-09,27010000.0,7.4,16.7,7.09649343638066,5.872315379976074,0.0,0.6391235248544114,0.5720229092046399,0.5137184344392461
2023-05-10,26800000.0,8.9,18.4,7.6904381049107196,4.354851619707028,0.0,0.6083874811703065,0.539452092526844,0.5241661540900381
2023-05-11,23110000.0,7.8,18.8,8.879090751256786,3.1277113007517836,0.0,0.487339016299582,0.4283334094846791,0.4320403897447753
2023-05-12,15700000.0,8.4,16.6,9.702040550938676,3.4090556665610348,0.03,0.36192699919518556,0.3225304935155921,0.32129999675469
2023-05-13,20350000.0,7.0,15.6,9.913020225637972,3.96575834784317,0.29,0.40761991665187736,0.3579247859112549,0.322279140495182
2023-05-14,24120000.0,8.0,17.5,8.702833344072198,4.049563052552309,0.010000000000000002,0.5238449885617567,0.46298685418255314,0.43997973284914343
2023-05-15,27710000.0,10.7,20.3,11.039071212996237,5.5760058883259065,0.0,0.6594388987225961,0.5854568640197005,0.5192923560914778
2023-05-16,27920000.0,11.5,24.4,10.099127453383,6.683425200553811,0.0,0.856053709479966,0.7780954693161021,0.7075737436071993
2023-05-17,25950000.0,12.5,22.8,12.300212900640886,6.551732093153736,0.24,0.713101003236622,0.6410207320086471,0.5781705193673587
2023-05-18,6970000.0,9.9,13.0,12.546136607245588,8.72167534008679,1.1900000000000002,0.18129577874004507,0.16421561022761358,0.11622263291451351
2023-05-19,16260000.000000002,8.6,17.1,12.331149863837089,5.237794044321168,0.11000000000000001,0.35679663217589286,0.3156809128948359,0.26922421587538004
2023-05-20,24170000.0,9.8,20.6,13.004035755863825,5.570019837989539,0.0,0.5512933576297023,0.487138090745341,0.41989412769876305
2023-05-21,25770000.0,8.6,19.4,11.243647739541382,6.898923012663023,0.0,0.6099223297925799,0.5431515353841166,0.4488655381355636
2023-05-22,12070000.0,7.8,13.9,10.133820173171035,3.292327685001877,0.12,0.2659667609948274,0.2368013743290424,0.2270629281273953
2023-05-23,25480000.0,8.2,16.6,9.278511736170362,4.654154136525381,0.06,0.5454960884025962,0.481699591399867,0.42533526094421636
2023-05-24,20080000.0,9.2,17.5,9.569098982132243,3.630539529006615,0.05,0.4577468530328451,0.40642300045214136,0.3933448650051538
2023-05-25,22400000.0,10.4,18.7,10.270712711801316,4.187242210288751,0.03,0.5272318579145054,0.46853770317090593,0.441680581491105
2023-05-26,11820000.0,11.9,16.8,13.758160200197471,3.4359928930746864,0.27,0.2744462760603096,0.2435998050184927,0.2262946317022025
2023-05-27,13690000.0,13.6,19.6,15.063652533686865,7.536437373486115,0.44000000000000006,0.4118113974564833,0.3744952288898745,0.3098519445500036
2023-05-28,6830000.0,15.9,17.9,18.52438674894592,8.640863660545836,2.95,0.1800215304577078,0.1613020815452853,0.11219337128646242
2023-05-29,5730000.0,13.8,18.2,17.549152795117166,3.726316334388488,1.5300000000000002,0.13904861286024647,0.12360344853121177,0.11562286580567724
2023-05-30,20750000.0,10.0,20.1,14.075813060059572,7.437667542936058,0.010000000000000002,0.4945438388564528,0.4396284743216956,0.3465894359432533
2023-05-31,27160000.0,10.7,19.5,10.600495700311406,5.564033787653172,0.0,0.6556922402769307,0.5837418549285982,0.5123368835035386
2023-06-01,12660000.0,13.9,18.5,14.867842904755587,4.387774896557047,0.54,0.33116209145888914,0.2969085995245103,0.27052130802650654
2023-06-02,26540000.0,11.0,20.8,14.332983943837812,7.291009309695066,0.0,0.620728214163589,0.549325180788953,0.4220101718085977
2023-06-03,27450000.0,11.0,20.0,9.992815808485167,7.476576870122444,0.0,0.7582803649568948,0.684992495862904,0.5787522005509128
2023-06-04,25970000.0,13.1,19.9,10.270712711801316,6.2165132743171805,0.0,0.7169704240229418,0.6463117631456865,0.5754960615361199
2023-06-05,14260000.0,11.0,17.7,12.25564666577695,5.1150800124256435,0.0,0.3780396212646852,0.34082551999088584,0.3094108480225339
2023-06-06,26240000.0,10.9,20.5,13.040137525909685,4.139353807597814,0.1,0.5752881567787844,0.504960836702515,0.4471089312690295
2023-06-07,22810000.0,14.2,20.9,14.192202087726796,4.869651948634595,0.0,0.5726924952993542,0.5094452607401341,0.4499624885236274
2023-06-08,20490000.0,12.2,21.6,13.967940532621586,6.204541173644447,0.21000000000000002,0.549161297872321,0.49300295113505366,0.4322289832647178
2023-06-09,27530000.0,12.8,22.1,12.896256955571205,4.375802795884312,0.020000000000000004,0.657503348797305,0.5813031366562825,0.5321227415245582
2023-06-10,20380000.0,13.4,21.8,15.904105951385644,5.593964039335008,0.48,0.5125729210010437,0.4560138498924212,0.38855648197407183
2023-06-11,20230000.0,13.1,20.8,16.05967943586783,3.6275465038384316,1.1900000000000002,0.45235725713380137,0.39686127336120774,0.34840175848679156
2023-06-12,27460000.0,12.4,21.9,13.69010857907337,3.4958533964383562,0.0,0.6124153270680914,0.5368138029850712,0.49171997821067936
2023-06-13,23200000.0,11.8,20.5,12.971619299632005,4.408726072734332,0.020000000000000004,0.5472903375977507,0.4845781131775069,0.43691432692179344
2023-06-14,22500000.0,10.7,20.2,13.343197976425994,3.8610024669567466,1.32,0.49656969142151375,0.43655573119277225,0.3935294133506703
2023-06-15,24900000.0,11.9,19.3,13.196380831943321,4.031604901543208,0.06,0.5466703425804164,0.480062369364145,0.41802486082102874
2023-06-16,27450000.0,14.2,24.2,14.242899250857429,3.4659231447565215,0.0,0.6590476254629092,0.5807753158980175,0.5537629663649942
2023-06-17,24960000.0,15.9,26.1,14.819241052071533,4.54341220530259,0.0,0.6967711633083714,0.6235645417174249,0.6091729460141806
2023-06-18,24530000.0,14.9,25.9,15.618083798699592,4.378795821052497,0.0,0.6549113739958783,0.5836200902309943,0.5614433152234628
2023-06-19,27500000.0,14.1,25.8,15.420144861589236,7.464604769449711,0.0,0.7982249767806168,0.7188610859325226,0.6287428159700463
2023-06-20,18790000.0,14.8,21.8,14.710396546236282,9.601624739532747,0.87,0.6486081281245728,0.5958268630060564,0.47719904778550404
2023-06-21,14330000.0,13.8,20.8,17.422895312533875,6.961776541194878,0.36000000000000004,0.3692041679842496,0.3296456374074286,0.26084685625456194
2023-06-22,23880000.0,13.3,20.4,15.69447859093413,7.611263002690703,0.2,0.5843438771508491,0.51895370712295,0.3831380668560696
2023-06-23,22730000.0,14.5,23.8,16.758374100488304,2.8254157587652475,0.020000000000000004,0.5315480431584424,0.46678750397076707,0.4383780544703524
2023-06-24,24410000.0,13.6,25.1,16.646076758451574,4.405733047566148,0.0,0.6068547231976187,0.5370808202354288,0.4942503428102457
2023-06-25,17240000.0,15.6,22.8,16.980405674442423,8.65283576121857,3.48,0.558521734396367,0.5093627319592546,0.4158120429599956
2023-06-26,5970000.0,17.2,20.2,20.770026187312347,9.287357096873476,4.61,0.173568952865918,0.15668573386022405,0.11269518186790535
2023-06-27,23500000.0,16.0,24.4,19.022019364651253,6.845048559635721,1.4400000000000002,0.6279045718340608,0.5598182831751803,0.4503453358575535
2023-06-28,19440000.0,17.5,23.4,20.710292480518863,6.934839314681226,0.27999999999999997,0.5177211951460474,0.46117935111797764,0.35386290429606304
2023-06-29,6470000.0,18.4,20.9,21.633541649278673,9.06886625959608,4.86,0.20312401091950444,0.18454055482802884,0.13743611553500273
2023-06-30,11810000.0,17.7,21.9,21.303331583144494,3.1127461749108654,0.7400000000000001,0.2885779556516463,0.2545755439663106,0.22622150403210756
2023-07-01,21450000.0,18.1,25.2,21.09299695025209,2.7865064315788612,0.19,0.5288741630186327,0.4653546481249443,0.42146695857513217
2023-07-02,23000000.0,16.9,26.6,20.494344770679707,2.9870391178471576,0.0,0.5715692354094217,0.5033607031650735,0.4649847484445645
2023-07-03,22700000.0,18.3,25.2,21.281104996929837,6.437997136762761,0.03,0.6217759876333975,0.5544571318965843,0.445886804345042
2023-07-04,6240000.0,17.9,20.3,21.004980216526015,8.200888960822857,4.970000000000001,0.18757779062181368,0.1698138214542334,0.12933062337437992
2023-07-05,21660000.0,16.1,21.7,16.794449295399318,8.46726820079119,0.06999999999999999,0.6257781603284147,0.5643194776418885,0.43161422212842043
2023-07-06,23290000.0,17.4,26.0,16.614752011924647,4.145339857934181,0.2,0.6468386375681671,0.5778201831501062,0.5578607326254048
2023-07-07,3170000.0,14.9,20.2,18.00458824497617,5.788510675266937,3.6,0.12378057851465792,0.11499084885430153,0.14281548507422587
2023-07-08,17400000.0,18.3,24.2,22.065491950803832,4.393760946893415,0.22999999999999998,0.44621311627297694,0.39498888397661,0.33383675281593816
2023-07-09,18260000.0,19.6,25.3,22.96989122320924,6.599620495844672,0.22999999999999998,0.5252430020405552,0.47054810305921935,0.37945366713704975
2023-07-10,20110000.0,18.7,25.3,22.423442174527228,6.599620495844672,0.38,0.555644688238417,0.4957914623438374,0.3946110155054075
2023-07-11,6980000.0,18.1,21.0,21.979645904535904,7.488548970795179,3.5600000000000005,0.18788467240613288,0.16786846148092563,0.1249507353665091
2023-07-12,18530000.0,18.8,23.4,22.51663689252157,4.579328507320793,1.1900000000000002,0.45828844977363936,0.4038592885154714,0.32391449029577946
2023-07-13,7730000.0,19.3,22.1,22.662931954990427,11.325607236406457,3.2100000000000004,0.2656044811035001,0.2430353064661379,0.17135168007335128
2023-07-14,3990000.0,19.4,21.1,23.053152811077243,15.333267936604194,4.57,0.13640022088747147,0.12483103921210843,0.08476116521015058
2023-07-15,5660000.0,18.6,20.9,22.353767738346086,8.045251652077315,2.41,0.15989591110758578,0.14361303259755268,0.1068894732549146
2023-07-16,10150000.0,18.5,22.8,22.019670959848064,6.524794866640084,3.3000000000000003,0.2970288282203608,0.26741658721622585,0.22055147588560722
2023-07-17,16290000.0,18.3,24.9,21.956803035353662,5.662803618203228,3.02,0.4539124823846462,0.4057083404832008,0.34426944999355313
2023-07-18,4750000.0,17.9,20.3,21.577260618866823,3.4180347420655854,8.5,0.11860298884354518,0.10508073667271085,0.10572964591151046
2023-07-19,22940000.0,17.8,23.9,21.04344790269691,3.0588717218835626,0.21000000000000002,0.5389011953969798,0.4717710113995053,0.40866701505639275
2023-07-20,24510000.0,18.6,26.7,18.791672514471582,2.110082743569385,0.0,0.6025420283549516,0.5289209666950679,0.5118839807169393
2023-07-21,25670000.0,16.3,25.5,19.143179368010937,7.108434774435871,0.24,0.6985339421110368,0.6233581219188804,0.5098599972251119
2023-07-22,8780000.0,17.7,20.1,21.142648080679525,9.224503568341623,0.36000000000000004,0.22307864935331728,0.1981660346724447,0.12942504732650856
2023-07-23,8830000.0,19.1,23.0,22.662931954990427,9.074852309932446,2.4000000000000004,0.29221867424338194,0.26630123518413445,0.20717900346008128
2023-07-24,9040000.0,19.0,23.1,22.662931954990427,5.471250007439483,0.61,0.26401216191646226,0.23747833982183061,0.20657643710145282
2023-07-25,14790000.0,18.2,23.6,21.735171276019127,4.1992143109614855,0.78,0.38063622720757884,0.3373230063021642,0.2927816682723735
2023-07-26,18260000.0,17.2,24.8,21.50428685216972,3.334230037356446,0.9800000000000001,0.4455706385398009,0.39201483284065514,0.3497467936749044
2023-07-27,20170000.0,19.1,26.0,21.79748371198998,3.214509030629106,1.04,0.5208905585442417,0.4603899519029766,0.42146262241254107
2023-07-28,22530000.0,18.6,25.9,21.370133285231063,3.5587069249702106,0.08000000000000002,0.5713898623302149,0.5040948160900467,0.4516091055302137
2023-07-29,25160000.0,18.8,27.7,21.209008691427563,2.7805203812424946,0.03,0.6334045601407203,0.5572072024962923,0.5205520623323707
2023-07-30,24770000.0,18.1,26.3,21.281104996929837,3.2264811313018393,0.1,0.6081185001851648,0.5341852028018962,0.47974273268236606
2023-07-31,25310000.0,18.8,26.8,20.494344770679707,2.9451367654925886,0.08000000000000002,0.6325868317651905,0.5564047212334364,0.5166783018535926
2023-08-01,25950000.0,19.3,27.0,21.414769530201546,3.9268490206567837,0.0,0.6730441781162092,0.5945606485395182,0.5320727596556012
2023-08-02,23360000.0,20.0,27.6,22.946150556824367,2.4872039147605087,0.13,0.5910391046839354,0.51977223624224,0.4805935597484316
2023-08-03,23480000.0,19.6,27.6,21.91687799074168,3.540748773961109,0.11000000000000001,0.620233814602617,0.5487900905598344,0.5056983419905061
2023-08-04,21590000.0,19.5,27.6,22.71580132786474,2.6967156765333553,0.09000000000000001,0.5531512956343828,0.48750205206998576,0.45491167897817714
2023-08-05,24340000.0,19.8,28.2,23.37678229653576,3.1815857537790864,0.06,0.6283270894842249,0.5538755862135225,0.503496652920725
2023-08-06,22540000.0,19.8,27.7,23.8022104573165,3.537755748792926,0.22000000000000003,0.5870311955988203,0.5183112902790039,0.4637684053107659
2023-08-07,21660000.0,19.5,28.0,23.69827469975798,4.824756571111841,0.18000000000000002,0.5947827258008983,0.528745762658608,0.4665682910900969
2023-08-08,20800000.0,19.4,27.0,23.196501148263525,6.653494948871976,0.09000000000000001,0.5981851753581516,0.5352347165087102,0.4468126364920847
2023-08-09,4810000.0,19.3,22.7,22.30163626758014,11.41240496628378,10.600000000000001,0.23887377347299504,0.22476624743723983,0.18794840949016572
2023-08-10,4810000.0,15.7,19.1,19.270106045046756,13.863692579026086,5.78,0.1458435729253994,0.13254176758384936,0.0869811845059119
2023-08-11,21440000.0,18.1,24.4,20.121176631608343,6.432011086426395,0.24,0.5836145917565911,0.5204969170189988,0.4313697006271807
2023-08-12,18840000.0,18.2,24.5,19.26501486006457,3.920862970320417,0.0,0.49643146037118335,0.4408858165775563,0.4119779176290197
2023-08-13,20940000.0,18.4,25.7,21.07096255909493,2.113075768737568,0.05,0.497527018911687,0.4351588631070443,0.4110925133990949
2023-08-14,23940000.0,17.3,26.4,20.435305841163515,3.576665075979312,0.0,0.586012706305092,0.5149137768659167,0.4715769951358454
2023-08-15,22760000.0,19.5,26.0,21.82585918071819,5.665796643371412,0.09000000000000001,0.6199378686087561,0.5514784633488012,0.46968150093152294
2023-08-16,22190000.0,17.5,25.7,21.021458824589498,3.7293093595566713,0.11000000000000001,0.5405135050135874,0.47485052718712495,0.4258962384568513
2023-08-17,19780000.0,17.5,24.5,21.297773032821603,2.70868777720609,0.24,0.4576436219352136,0.39962972069046526,0.36278926282605173
2023-08-18,17090000.0,18.7,24.8,22.534148570033683,2.9241855893153037,2.12,0.4146180686239288,0.3639361635780198,0.33033542207665784
2023-08-19,18430000.0,19.0,25.6,23.04124216249879,2.3345596311831494,0.9800000000000001,0.4416460251097633,0.38655836148974543,0.3565548161896869
2023-08-20,18480000.0,19.1,26.4,23.12472984209061,2.6099179466560334,0.77,0.45594793322681804,0.40036226498411304,0.37215208360167307
2023-08-21,22970000.0,18.4,27.1,21.91687799074168,5.947141009180664,0.05,0.623428926963187,0.5543378663822922,0.4797374154695973
2023-08-22,21030000.0,19.4,26.2,22.79825700376781,6.868992760981189,0.43,0.5870074738477503,0.5237079959938276,0.4295741091681361
2023-08-23,16640000.0,18.6,25.2,22.545829638991542,6.20753419881263,3.78,0.4528375254325933,0.40338310000225003,0.3386937411050218
2023-08-24,12090000.0,17.9,23.2,22.163138625002098,7.0395951955676495,1.59,0.32033185908611994,0.2851136457880729,0.22645022813108664
2023-08-25,22780000.0,14.9,23.8,17.65262157581882,5.6179082406804755,0.020000000000000004,0.5536884987678217,0.4885738117756593,0.42629585299107947
2023-08-26,24020000.0,16.3,25.6,17.117612830128245,3.07383684772448,0.0,0.5649622465348,0.49456552580713076,0.4863657247534907
2023-08-27,17070000.0,18.1,23.7,20.312341757811033,5.7615734487532855,0.2,0.4576492661008979,0.4076589563743648,0.35241146061220774
2023-08-28,12090000.0,19.2,22.6,22.134379849199263,12.343235793588855,0.52,0.39008204658068796,0.3546759045423875,0.24163555699740558
2023-08-29,6740000.0,18.2,22.0,22.49913712002573,5.2138498429757,1.9000000000000001,0.17576999403785934,0.15627274017252643,0.13648794100871603
2023-08-30,5410000.0,15.5,20.6,19.921102018526962,3.456944069251971,1.9500000000000002,0.13313675243155584,0.1180048742187356,0.11817069277231687
2023-08-31,15400000.0,15.0,22.3,19.062331174694773,2.936157689988037,0.15000000000000002,0.33395924000755284,0.2904442795058818,0.27070333615920494
2023-09-01,19880000.0,15.5,23.8,16.238485104046422,3.64251162967935,0.79,0.480416001036242,0.42331567536413434,0.4190861189251846
2023-09-02,15860000.0,17.5,23.6,19.168505951974133,5.0282822825483215,0.010000000000000002,0.4263824094100143,0.3801821726104257,0.35168794629695665
2023-09-03,20060000.0,17.3,24.8,20.699447978638563,2.957108866165322,0.15000000000000002,0.4578425095174423,0.39896325385170006,0.3702510859516953
2023-09-04,15950000.0,17.5,24.2,20.955612210553777,3.2713765088245923,0.09000000000000001,0.37839777138299574,0.3317226870429906,0.31003041623229577
2023-09-05,19900000.0,16.1,23.8,17.200402913039596,4.244109688484238,0.0,0.4878566613365766,0.43042606395922844,0.41278203509700695
2023-09-06,22190000.0,13.3,23.6,15.955816206632788,4.827749596280026,0.05,0.5109683638192178,0.44847777798976607,0.42371610609238486
2023-09-07,23740000.0,12.4,23.2,14.118391324838374,5.863336304471525,0.0,0.5717165041569794,0.5056018946733396,0.4772495502090443
2023-09-08,23570000.0,13.1,22.4,14.340840989931262,3.432999867906503,0.0,0.4963524250666674,0.430768418005266,0.4248923199554361
2023-09-09,22010000.0,13.8,24.0,15.525155682758497,2.7027017268697224,0.0,0.467279388689912,0.4048276063293191,0.41292825982118553
2023-09-10,20260000.0,14.6,23.3,17.071769490937108,3.103767099406315,0.03,0.4364132822836761,0.3788794728913108,0.36921191390150604
2023-09-11,18530000.0,16.4,23.1,17.432220331454378,2.7655552554015768,0.08000000000000002,0.41436093844021593,0.36105321073864116,0.3582236098518229
2023-09-12,17600000.0,17.4,24.0,17.021466194163096,2.5350923174514453,0.21000000000000002,0.4141141339924321,0.3627276561635092,0.3756863752345413
2023-09-13,4790000.0,16.5,19.4,19.087564042258744,2.624883072496951,3.3200000000000003,0.12572086792915244,0.11234622715605402,0.12165714902116194
2023-09-14,9410000.0,16.7,20.3,19.138117570305464,6.021966638385251,2.62,0.245394579341704,0.21887214871657715,0.19082545875699347
2023-09-15,6590000.0,17.0,20.3,19.931588661945955,4.938491527502816,2.2,0.173900597822864,0.15527958550429183,0.14504537310283064
2023-09-16,7820000.0,17.2,20.9,20.99948986025616,4.971414804352834,1.1500000000000001,0.1840763523179339,0.16183271764778326,0.1415905533602531
2023-09-17,12740000.0,16.4,22.4,19.24974837377551,2.9062274383062023,0.34,0.28895681796983075,0.2525111274419055,0.249533968085803
2023-09-18,19290000.0,14.0,23.4,17.666772306532177,4.268053889829706,0.06,0.41745356102282444,0.36290125036623555,0.3438832050313251
2023-09-19,19830000.0,16.4,22.5,16.42788696273867,3.1516555020972516,0.020000000000000004,0.4343983497448013,0.37762426057148196,0.37752337998992774
2023-09-20,3100000.0,14.7,19.3,18.357810027719943,7.542423423822482,4.260000000000001,0.09921895141140634,0.09070718320879177,0.09944427519425778
2023-09-21,4630000.0,12.6,16.2,15.796848287081714,2.4872039147605087,0.34,0.09913409084642502,0.08703897094167144,0.09570750985647158
2023-09-22,17040000.0,11.0,20.0,12.978816812262313,3.247432307479124,0.010000000000000002,0.34187870608900683,0.29638416002847484,0.3117013262813505
2023-09-23,16540000.0,11.0,18.7,12.187360466506382,8.20388198599104,0.0,0.4462594142018049,0.40265893026575333,0.35497160653160187
2023-09-24,19390000.0,11.8,17.9,12.20099087701372,7.326925611713269,0.020000000000000004,0.4591046060663226,0.407991342250117,0.35544682310164266
2023-09-25,10770000.0,15.1,19.7,16.194713704253726,5.168954465452947,0.68,0.2818344360457707,0.2520505600523209,0.24555283562136151
2023-09-26,5070000.0,15.7,18.7,18.58349393612604,4.860672873130044,0.68,0.12791687355849604,0.11394589447104883,0.11018702074276325
2023-09-27,7850000.0,14.1,18.4,17.085511175208335,7.641193254372539,0.22999999999999998,0.19343395058939025,0.17217475591506842,0.1440081116531775
2023-09-28,14660000.0,10.5,20.4,15.141783645120988,6.297324953858136,0.06999999999999999,0.3067513916271275,0.26764896242920083,0.2509998681795602
2023-09-29,15640000.0,11.3,20.4,12.711299345493213,3.007990294024442,0.53,0.31793115046471343,0.2758933470770689,0.3064130443355534
2023-09-30,17560000.0,9.6,17.1,12.605657212263296,7.9195445950136065,0.020000000000000004,0.3598868589033718,0.31500404758279615,0.26143610979808535
2023-10-01,20080000.0,8.5,15.3,8.569549634425897,7.853698041313567,0.0,0.4803199109194579,0.43060410493450946,0.38448447386338713
2023-10-02,19190000.0,8.6,16.2,8.34733891477978,5.41737555441218,0.0,0.41635177381890587,0.368304098093538,0.37982401749830474
2023-10-03,6330000.0,8.6,14.4,9.746714566306458,3.9837164988522713,0.05,0.19445756151365617,0.1789278200615233,0.20509775101398375
2023-10-04,18010000.0,4.3,16.5,9.351094033937338,10.583336994696944,0.06,0.4237044070594706,0.3806521852400392,0.31914130343402963
2023-10-05,20210000.0,4.7,11.6,6.143281123396822,8.8473823971505,0.0,0.4693480888361812,0.4237164736562784,0.3547507786448547
2023-10-06,17390000.0,8.7,15.2,7.213647529849264,3.8220931397703612,0.0,0.34858151823036326,0.30547709808217893,0.35063452864431255
2023-10-07,11400000.0,9.5,14.4,9.833786448492983,7.105441749267688,0.18000000000000002,0.3195590642787746,0.29130199759163833,0.2749394071409621
2023-10-08,7370000.0,9.0,12.4,10.37075386541891,7.401751240917856,0.06,0.21612554069810766,0.19838044099436275,0.17972684136785083
2023-10-09,11680000.0,8.0,15.8,11.429001837785691,6.219506299485364,0.09000000000000001,0.2433097252594724,0.21439136799332706,0.20957023864405472
2023-10-10,17130000.0,7.2,15.7,9.399759775195136,4.830742621448209,0.0,0.313969553989085,0.2719920379750317,0.28784112543668033
2023-10-11,15780000.0,7.5,15.7,8.42821886571078,4.402740022397965,0.0,0.3142237088201491,0.2754205975968273,0.30979005927759246
2023-10-12,17300000.0,9.1,16.1,8.279251184155534,4.315942292520642,0.0,0.3462422601634862,0.30273511364361977,0.3446182696606669
2023-10-13,11930000.0,8.0,16.1,9.432327465960471,2.66678542485152,0.0,0.2217351879366957,0.19209763352344977,0.235244704179865
2023-10-14,12910000.0,7.2,14.6,9.76071231075359,6.384122683735459,0.04000000000000001,0.2750755819161343,0.24384349541741973,0.24215952422207226
2023-10-15,12580000.0,7.6,12.9,10.421095437710473,10.756932454451587,0.1,0.2778276038896681,0.24786477486822855,0.1874165016424029
2023-10-16,16860000.0,4.2,12.9,7.645151652547105,7.93151669568634,0.0,0.33871839089431205,0.30024716776550636,0.27784170370821937
2023-10-17,17820000.0,6.5,13.8,6.017837282978038,4.23812363814787,0.0,0.3282347200979623,0.2858946943948093,0.3407502841808459
2023-10-18,17040000.0,7.3,17.6,8.032982201189292,3.7921628880885256,0.0,0.31269186542668626,0.2699800682349912,0.3380568226944762
2023-10-19,10670000.0,4.7,15.8,9.932916319361226,8.862347522991417,0.68,0.258041636325926,0.23262801266465732,0.23192658986425457
2023-10-20,16030000.000000002,0.8,8.9,5.288757528603216,14.390465008626387,0.0,0.4667244659286265,0.4337750312429004,0.2878226917492743
2023-10-21,13620000.0,2.9,10.6,6.223793989357027,11.514167822002017,0.04000000000000001,0.39917871875360483,0.36958224357035957,0.2880264653309682
2023-10-22,13920000.0,5.3,11.5,8.047148619027654,6.324262180371788,0.0,0.2522716107488401,0.2206335745259383,0.21924785124194351
2023-10-23,14910000.0,6.1,13.8,8.054240090433439,4.345872544202478,0.0,0.2534112002264639,0.21815869736202256,0.2551817730617675
2023-10-24,13630000.0,5.8,14.2,9.024446126116528,4.133367757261447,0.0,0.21750762198754323,0.18524180633686138,0.21820689209285535
2023-10-25,15940000.0,5.6,15.9,9.42689262222982,5.1150800124256435,0.0,0.25899088493194633,0.22056561854298784,0.255058819715567
2023-10-26,15520000.0,5.6,16.3,10.633679044151481,6.815118307953885,0.03,0.2516754143344751,0.21408477982849158,0.2274821951017007
2023-10-27,13520000.0,4.2,11.8,8.406092439146944,6.611592596517406,0.0,0.21897817296460192,0.18857356709880715,0.1909965613835987
2023-10-28,15290000.0,4.8,12.6,7.720001112686005,4.947470603007366,0.0,0.23931139929404077,0.2042859777571476,0.23512571188525322
2023-10-29,14080000.0,5.0,14.2,8.252636767754591,3.4659231447565215,0.0,0.20424319040081168,0.1712410852301695,0.22136300013113522
2023-10-30,15010000.0,6.2,14.6,8.037701893593809,4.702042539216317,0.0,0.25748462037800113,0.221603784758364,0.2703488034819069
2023-10-31,15160000.0,6.0,15.9,6.887784742267989,5.139024213771111,0.0,0.3081369293846382,0.2714182425862678,0.34221913607470766
2023-11-01,14130000.0,9.4,17.1,11.821048852843557,7.006671918717631,0.0,0.2725502376889628,0.2365112758543928,0.24758376297796802
2023-11-02,14620000.0,9.5,19.2,9.111080674454307,6.045910839730719,0.0,0.36046283321538236,0.3223092455139134,0.39389812666994567
2023-11-03,11810000.0,10.3,16.8,12.535658659007357,5.830413027621506,0.16000000000000003,0.21978170811044134,0.18946764949046227,0.2076243967659293
2023-11-04,8260000.0,11.5,16.8,13.53620492084228,5.878301430312442,0.06999999999999999,0.1814796976760173,0.16001160347059867,0.17512442604712875
2023-11-05,5870000.0,12.2,16.1,14.766746498007652,14.749628028808411,2.94,0.18415481120185018,0.1688984294844401,0.12334141695125848
2023-11-06,8109999.999999999,1.4,13.1,7.3827213403517975,20.02932442548415,0.35000000000000003,0.4384668186551336,0.4205963589793069,0.27646870688123887
2023-11-07,12630000.0,-0.8,5.6,4.110245742077888,8.631884585041284,0.0,0.2783610985354625,0.25435171613729063,0.22958355772423333
2023-11-08,13580000.0,3.3,11.2,5.7228202644381065,4.4296772489116165,0.0,0.21712125133822918,0.18719759629535299,0.2461222801340166
2023-11-09,10070000.0,-0.6,14.0,9.348396904190396,6.25841562667175,2.06,0.10390270432075503,0.08205125107022486,0.12308536793520386
2023-11-10,11220000.0,-6.1,2.8,2.5397028326165327,10.643197498060614,0.0,0.31412833712387744,0.2956977940892834,0.23155639507337428
2023-11-11,10290000.0,-6.5,3.6,2.9822386896011155,8.733647440759524,0.0,0.2382057416259987,0.22117177319783154,0.20214219084973495
2023-11-12,10500000.0,-7.2,-0.3,3.222946062882483,12.459963775148013,0.0,0.20373431157942518,0.1878830079307649,0.12814881858741306
2023-11-13,13980000.0,-4.5,0.7,3.343673155743308,10.185264647328534,0.0,0.22698722985995706,0.2042454113083628,0.16027494933505615
2023-11-14,12810000.0,-0.8,4.6,5.236805265610996,6.545746042817368,0.0,0.1516236686015234,0.12767951942395017,0.13692949206902127
2023-11-15,12980000.0,0.4,5.9,5.202957592501233,4.711021614720868,0.0,0.14978252729672675,0.12449041257660698,0.15832875285101594
2023-11-16,2650000.0,-4.1,4.8,6.085809603857622,7.88063526782722,1.47,0.03869288956790863,0.03400162314524014,0.046559137539205785
2023-11-17,10250000.0,-9.1,1.3,3.3274196704119117,12.379152095607058,0.34,0.1798460611482357,0.1644688124853675,0.12822220511487561
2023-11-18,10380000.0,-6.6,0.4,4.026243059028578,16.294029015591107,0.0,0.16015064418014407,0.14405508225874455,0.08869802503499456
2023-11-19,8500000.0,-3.9,5.7,5.724568991653484,12.911910575543724,0.0,0.12447154166374907,0.10912554152568829,0.09782517126406712
2023-11-20,13040000.0,-0.4,6.9,3.5660749938917187,4.645175061020829,0.0,0.19225116165423506,0.1667596326046106,0.22750297418642546
2023-11-21,12990000.0,1.5,11.5,3.4627947434817097,4.166291034111466,0.0,0.22025777694716706,0.19222930713193467,0.295815188886148
2023-11-22,12610000.0,0.7,12.0,6.644505668342196,6.417045960585477,0.020000000000000004,0.18699792105977686,0.1599055703427792,0.2137374225321192
2023-11-23,9720000.0,-7.2,11.4,5.898254622474897,13.91756703205339,0.15000000000000002,0.2551156322168414,0.23682350846466876,0.20142639664467593
2023-11-24,11830000.0,-10.9,-2.9,2.19362253189609,12.992722255084681,0.0,0.21300738002871075,0.1974540893508325,0.13234397308285567
2023-11-25,12540000.0,-7.0,0.6,2.057228887835799,3.0409135708744612,0.0,0.10953826003380833,0.09017255843738718,0.14377002995070481
2023-11-26,10500000.0,-1.4,4.9,4.057080422115078,4.390767921725231,0.08000000000000002,0.1389865719429786,0.11946052787650423,0.16445424490610241
2023-11-27,3600000.0,-3.7,6.2,6.362616446710069,11.400432865611045,0.26,0.0564367129148736,0.04985682144211154,0.062209192302871974
2023-11-28,11480000.0,-4.7,-0.0,3.7362987663524687,9.823108601978326,0.0,0.152513019479741,0.13416634709195652,0.11522958031000337
2023-11-29,4190000.0000000005,-12.0,-0.3,3.4215670032436596,12.310312516738836,0.09000000000000001,0.07230752225827472,0.06660716346520791,0.06751710859305984
2023-11-30,12110000.0,-10.7,-6.0,2.3554506803919755,12.028968150929586,0.0,0.13303752333177393,0.11816877158066674,0.08188829500783215
2023-12-01,10020000.0,-8.0,-3.7,2.9152306381731634,11.577021350533874,0.0,0.1387298722012587,0.12491336334380103,0.09025936039770852
2023-12-02,7510000.0,-6.9,1.0,4.262679730273378,11.343565387415557,0.1,0.09131602831421981,0.07959955068985888,0.07248510948270716
2023-12-03,11910000.0,-5.4,1.0,2.9753789344695503,4.639189010684463,0.0,0.11759812150618876,0.09845079650620488,0.13771880266295178
2023-12-04,11810000.0,-2.6,5.4,2.3506834537843466,2.9630949165016895,0.0,0.12787766124196792,0.10617897208791809,0.18963390800422575
2023-12-05,8900000.0,-2.5,6.4,3.5328685662750425,4.0106537253659225,0.0,0.14147852310949025,0.12481452262768537,0.18558859415851536
2023-12-06,7830000.0,-4.4,7.5,5.63598416057571,12.13671705698419,0.5599999999999999,0.14358278544025044,0.12912172720502482,0.13459651958432245
2023-12-07,11390000.0,-2.2,3.9,4.258640393566906,7.398758215749673,0.0,0.16041145595847325,0.13988417258922745,0.1571053040916286
2023-12-08,11140000.0,5.8,11.1,8.066071462863333,10.565378843687842,0.0,0.24368304395059037,0.2183302373231109,0.21065311113414364
2023-12-09,8840000.0,4.4,11.9,9.514182103933011,5.408396478907628,0.0,0.09059293784820857,0.07063333971904776,0.1085886773380303
2023-12-10,8160000.0,5.7,11.7,9.340309627880762,6.845048559635721,0.22999999999999998,0.12612796782901503,0.10743552572691899,0.13498642079560455
2023-12-11,1130000.0,1.9,8.0,9.283871123805648,10.346888006410445,2.77,0.002411162208149276,8.140762441966139e-05,0.017062479973508727
2023-12-12,2190000.0,-2.4,2.6,6.339610039413273,4.0645281783932266,0.26,0.01909191105781531,0.01524995043168396,0.02354892207598141
2023-12-13,9910000.0,0.8,7.5,6.52573820169988,5.228814968816617,0.0,0.09696473702714997,0.07702956589271413,0.11731385849732454
2023-12-14,1500000.0,4.7,9.3,8.964494706340867,8.04225862690913,4.9,0.071201380801667,0.06791894970451691,0.08454798323311788
2023-12-15,1120000.0,-5.4,10.1,7.138899028470586,10.008676162405704,2.68,0.013213015234849562,0.01108747585407259,0.08336156145679877
2023-12-16,3810000.0,-15.4,-5.7,2.043874083374585,17.164999339532514,0.31000000000000005,0.14006961544042065,0.13587726609829137,0.07730786964057881
2023-12-17,11410000.0,-14.4,-10.0,1.476395106748264,10.263083301701306,0.0,0.11798777007715928,0.10647679144005442,0.07901921200984403
2023-12-18,9600000.0,-11.2,-6.1,1.5481693730487311,5.363501101384876,0.04000000000000001,0.10764536415447187,0.09602845412972727,0.10972220878897902
2023-12-19,7700000.0,-9.9,-2.0,2.8317148112312793,7.925530645349973,0.09000000000000001,0.1017722146429089,0.09120209158262829,0.09310579785945951
2023-12-20,4840000.0,-15.4,-8.8,1.7578915634639276,13.306989897743952,0.15000000000000002,0.1096610867834296,0.10475193764822707,0.0640016693799263
2023-12-21,11110000.0,-17.3,-11.1,1.3244657178991592,12.456970749979828,0.0,0.11384890081008854,0.1038136773266182,0.0674051790898332
2023-12-22,11480000.0,-16.0,-10.9,1.4472910233717964,11.93917739588408,0.0,0.10967320239110263,0.09885746025546141,0.06618993415894411
2023-12-23,10930000.0,-10.5,-5.0,2.2410980588629044,4.989372955361935,0.06999999999999999,0.07629988325193669,0.062489590791809047,0.08368510512693353
2023-12-24,5950000.0,-8.3,-3.1,3.0366277447274888,8.176944759477388,0.04000000000000001,0.09431826068596992,0.08605887248713204,0.07921341448610589
2023-12-25,5130000.0,-6.2,-3.2,3.4271127265177626,9.84106675298743,0.0,0.10080169182521233,0.09336244370954937,0.07353122060140332
2023-12-26,9670000.0,-4.7,0.1,3.8801071420379527,6.931846289513043,0.0,0.09957778535571213,0.08409305336970078,0.09686920920349425
2023-12-27,11030000.0,-4.3,4.5,3.661473337783292,2.9960181933517083,0.0,0.0852058198271222,0.06585567110281682,0.12846729600322485
2023-12-28,11110000.0,-6.0,2.3,3.604198397048093,7.033609145231282,0.0,0.12696470598788,0.10885628878871353,0.13193249836750853
2023-12-29,11330000.0,-3.9,2.6,3.45831652718088,3.917869945152234,0.0,0.10104142529140889,0.08170768167399665,0.13317535177423667
2023-12-30,5460000.0,-1.5,6.1,3.933719920023431,5.36649412655306,0.65,0.16913564208887732,0.15879098998354618,0.19234313747695606
2023-12-31,2290000.0,-5.0,-1.5,4.643336984930735,7.9584539221999915,0.13999999999999999,0.030116914461536488,0.02658766485928061,0.02626656441766077
2024-01-01,9260000.0,-3.0,2.1,4.623033078855382,4.091465404906878,0.06,0.07100997972338738,0.05509027587562352,0.08778960298965113
2024-01-02,4690000.0,-4.6,-0.2,4.678327548596887,6.509829740799166,0.37000000000000005,0.04737465111348319,0.03989424860268842,0.04644787880393418
2024-01-03,7050000.0,-8.2,-1.5,3.625145087208377,10.661155649069714,0.04000000000000001,0.08438024805396754,0.07422260635730317,0.06511573037047462
2024-01-04,11870000.0,-5.4,1.0,3.7736133049519105,5.827420002453322,0.0,0.09836647492494503,0.0792834566420056,0.10602038078293127
2024-01-05,5390000.0,-6.6,2.2,4.9421439649709695,8.775549793114093,0.020000000000000004,0.04223028765819191,0.03356495753645277,0.04758707373356713
2024-01-06,11160000.0,-9.1,-0.6,3.01575785508431,9.538771211000894,0.010000000000000002,0.13452971856599602,0.11845038788021242,0.11171581618120449
2024-01-07,10670000.0,-13.7,-6.1,1.8667875097681614,12.753280241629998,0.0,0.1546819846594783,0.14254592102839841,0.09569497319952171
2024-01-08,12290000.0,-10.6,-1.8,1.7347453317393648,4.785847243925456,0.0,0.12167195010059936,0.10498945951873688,0.13929495462390978
2024-01-09,4010000.0,-7.2,0.7,4.574050734201023,5.153989339612029,0.51,0.032673080639898544,0.026493040943371876,0.04129845825588881
2024-01-10,10690000.0,-9.1,0.9,3.3491066312907867,4.483551701938921,0.0,0.07661712239134438,0.06071396678360087,0.09512664426726057
2024-01-11,11740000.0,-6.6,-0.4,4.018566275998348,11.143032701147263,0.0,0.10010717431926805,0.08219912416012695,0.07247079043533149
2024-01-12,11690000.0,-7.4,1.0,2.7558150180910226,10.517490440996905,0.0,0.22333597956048384,0.20528294513766382,0.17094160388401547
2024-01-13,12550000.0,-5.8,-0.6,2.191384306068004,5.564033787653172,0.0,0.16148657403728986,0.14210542929764988,0.16721291895310908
2024-01-14,9770000.0,-10.9,5.5,4.186510299928881,11.059227996438123,0.31000000000000005,0.1626384327354923,0.14724145309619277,0.13052787736656754
2024-01-15,12890000.0,-9.5,-3.0,1.687493674444715,9.23048961867799,0.0,0.21890929159366004,0.20145182548408064,0.16698738140450595
2024-01-16,11160000.0,-5.2,3.8,1.764028280774726,4.378795821052497,0.0,0.1826150299729649,0.1636069997836364,0.2226980832943896
2024-01-17,3450000.0,0.8,5.2,6.826238747342663,7.713025858408942,1.17,0.07582331622938729,0.06913360166599422,0.06891093876871894
2024-01-18,2430000.0,-2.4,3.4,6.326223620625942,6.668460074712892,0.15000000000000002,0.023784931035696035,0.019459847023085806,0.027338076925045605
2024-01-19,4640000.0,-1.8,1.2,5.159723808310081,10.643197498060614,0.18000000000000002,0.10338028114917801,0.09535878846465776,0.07250014666586899
2024-01-20,1760000.0,-3.1,-0.7,5.23518906262489,9.18858726632342,1.6800000000000002,0.017398556690636776,0.014535495127632058,0.02030416022675155
2024-01-21,5400000.0,-11.5,1.4,4.2613329074578274,8.392442571586601,0.21000000000000002,0.025711222881450863,0.01799806586055825,0.0404951735260546
2024-01-22,6920000.0,-17.3,-11.2,1.5607972526306246,18.613623520933338,0.06999999999999999,0.11776221195777417,0.11152936648034431,0.050027217697542495
2024-01-23,9350000.0,-17.0,-12.8,1.4617783801628508,18.272418651760418,0.0,0.11848396923027002,0.11037019339058023,0.04735592783353025
2024-01-24,12330000.0,-15.2,-9.9,1.5813046776213184,16.087510278986443,0.010000000000000002,0.16185205351029047,0.1496461502572341,0.07404642270016076
2024-01-25,13730000.0,-12.9,-6.0,1.8056395499751021,11.011339593747188,0.0,0.17177435379313707,0.15580145879934737,0.10825479264517404
2024-01-26,13520000.0,-7.5,-1.9,3.200941754515549,8.141028457459187,0.0,0.13130114388516662,0.11169517224310752,0.09951221045517351
2024-01-27,13810000.0,-8.8,0.3,2.4658421955990564,7.491541995963362,0.0,0.18594825564853062,0.16553339521900698,0.16125747794683493
2024-01-28,12820000.0,-9.1,-2.2,2.74942036770258,7.2820302341905165,0.0,0.1342705373633649,0.11643514706165452,0.10916257200200048
2024-01-29,14240000.0,-7.6,-1.0,2.120826462241426,4.145339857934181,0.0,0.14162863059980751,0.12062269383840192,0.1492544315031496
2024-01-30,14180000.0,-2.5,5.0,3.074718784447794,3.5557138998020275,0.16000000000000003,0.16646152530879843,0.1405440638966412,0.19604047653886977
2024-01-31,11200000.0,-2.5,7.5,4.6959102734537215,4.6571471616935645,0.05,0.1593941484113258,0.1380320193958719,0.17792957715844998
2024-02-01,3670000.0,-3.2,2.3,4.630275425334117,5.701712945389614,0.03,0.09876230946771222,0.09245288040493757,0.09619743432598762
2024-02-02,7880000.0,-3.1,2.9,5.005461083876151,4.675105312702665,0.010000000000000002,0.09239993639878571,0.07867656642521034,0.09070522896936288
2024-02-03,4130000.0,-2.9,1.4,5.085223222143374,4.95046362817555,0.5599999999999999,0.06620734346235019,0.05918619129422287,0.06392910053051307
2024-02-04,7160000.0,-1.9,1.8,5.541812713046697,10.661155649069714,1.79,0.09640108051754481,0.08390875478753719,0.06098464812616494
2024-02-05,2590000.0,-3.8,-0.6,4.867403458070543,8.293672741036547,0.9500000000000001,0.048916133603216456,0.044752273674588554,0.03928441645867485
2024-02-06,3970000.0,-8.3,-1.6,4.289695555551298,6.00400848737615,0.29,0.02883199589903491,0.023136721268587956,0.02290661209821899
2024-02-07,15050000.0,-17.3,-1.9,2.269405039819663,5.381459252393977,0.0,0.11450832633314438,0.09713042827405007,0.09611830019968479
2024-02-08,15700000.0,-13.3,-0.7,2.7677258964764886,5.474243032607666,0.0,0.11556321957172928,0.09501706046381019,0.10303306876496794
2024-02-09,15900000.0,-10.6,-1.5,2.7014303520688707,6.593634445508305,0.0,0.1450213192141499,0.12329235784456052,0.11617740468624496
2024-02-10,14300000.0,-8.3,-0.0,3.0426140969712425,7.722004933913493,0.0,0.17396481963733051,0.15273601488956975,0.13322050424729476
2024-02-11,11400000.0,-11.1,-0.8,3.216645447612708,11.00535354341082,0.0,0.13133034790194886,0.1156810747997152,0.08950060717820693
2024-02-12,16530000.000000002,-6.3,3.7,3.2641679694891,5.183919591293864,0.0,0.19216852489165934,0.16464689018139983,0.1808784938348316
2024-02-13,15630000.0,0.6,6.8,6.25966560680713,7.647179304708906,0.010000000000000002,0.20734797685282266,0.17634912238865258,0.15644157435761338
2024-02-14,11170000.0,2.8,10.7,8.707898508900652,6.210527223980814,0.13,0.14974007741348883,0.1254674909379492,0.1277114477718027
2024-02-15,3950000.0,-6.1,6.8,4.781721425429806,8.799493994459562,0.30000000000000004,0.16762122004260538,0.16062857763900518,0.1506564539593035
2024-02-16,16550000.0,-4.8,3.0,3.7171680597926953,3.9268490206567837,0.0,0.16734299428439572,0.13936582179896712,0.15652175252803702
2024-02-17,17060000.0,-1.5,8.5,3.987988804453563,4.417705148238882,0.0,0.2453081818159807,0.21168852796940246,0.2516412025503337
2024-02-18,10140000.0,3.5,8.8,8.15171097168109,7.763907286268061,3.16,0.16675731353124673,0.14509655149872264,0.12579825826387078
2024-02-19,2900000.0,1.5,10.7,8.85849510852529,5.300647572853022,1.4000000000000001,0.06127817363172552,0.05509222006726315,0.07848255060929217
2024-02-20,2530000.0,-1.3,3.9,6.240763090581981,10.26607632686949,1.07,0.06609297887913033,0.06146070797373371,0.05548515276689914
2024-02-21,1800000.0,-3.7,-0.4,5.265972544930556,10.18227162216035,2.1,0.011472845738846235,0.00856188480400442,0.016007015521186156
2024-02-22,2580000.0,-4.6,-2.5,4.327772697411015,8.063209803086416,0.45999999999999996,0.05101789113199915,0.047090519151341735,0.04099997560246762
2024-02-23,8880000.0,-6.3,0.6,3.7930014970288224,8.40740769742752,0.04000000000000001,0.1537461208014821,0.1398360885418302,0.110154506591892
2024-02-24,7040000.0,-4.6,-0.2,4.114160034083308,6.584655370003754,0.7200000000000001,0.11804595643809819,0.10681737782914398,0.09054879315398985
2024-02-25,8740000.0,-6.2,0.5,4.474650357111268,5.584984963830457,0.020000000000000004,0.09022847979691867,0.07653774984766666,0.0688735803179208
2024-02-26,16700000.0,-7.4,1.6,3.560330057292878,5.168954465452947,0.0,0.17302432879717047,0.14691754494862314,0.1386050417391717
2024-02-27,14320000.0,-5.4,1.8,3.3884596859914926,5.513152359794053,0.0,0.1972579319252724,0.17387190840150063,0.16195140665543967
2024-02-28,15730000.0,-3.1,5.4,3.8739153642334485,3.3910975155519334,0.0,0.20046466577760902,0.17181455393350092,0.19306398226814386
2024-02-29,3970000.0,-11.4,0.5,3.9074553936916585,9.40109205326445,0.35000000000000003,0.05086701975685594,0.04529484956879008,0.05240617827138618
2024-03-01,19400000.0,-14.7,-7.4,1.6276130534963837,13.57935518804865,0.0,0.23422090051088676,0.2134196162614636,0.10772195250605274
2024-03-02,19380000.0,-10.0,-2.2,2.6826224837498294,9.870997004669265,0.020000000000000004,0.22670267837891922,0.20027740102781935,0.12918672313837748
2024-03-03,14800000.0,-3.3,2.9,4.579789392858316,9.772227174119207,0.03,0.23499081330164007,0.20931048977974115,0.1441465609049008
2024-03-04,15680000.0,-1.1,7.1,4.768315528489181,5.707698995725981,1.05,0.262612007859483,0.23220773993078647,0.22164379225517358
2024-03-05,3670000.0,-2.9,1.3,5.7210720098045735,7.563374599999767,0.38,0.044901376266274336,0.03867395343415094,0.029814035455039124
2024-03-06,12070000.0,-2.4,4.5,4.95906147415925,5.312619673525756,0.03,0.18075187693132372,0.15884499405046604,0.1465425106493306
2024-03-07,11740000.0,-6.6,1.9,3.7507040815316914,10.27505540237404,0.03,0.22028468312208954,0.20152249376384995,0.1408188445878438
2024-03-08,19650000.0,-9.5,0.2,2.4916402212903663,14.5880046697265,0.0,0.37565010943399035,0.34709346746656616,0.18964910757579645
2024-03-09,20850000.0,-6.4,0.8,2.511777554912498,5.686747819548697,0.0,0.27305342373359276,0.2403270415329609,0.20663052452462943
2024-03-10,20890000.0,-3.2,4.4,2.6933555241775275,4.57633548215261,0.0,0.3038948842863573,0.2665799857252403,0.2637387859399266
2024-03-11,10900000.0,-2.1,5.8,4.384069098691924,5.177933540957497,0.08000000000000002,0.21804027227541942,0.197700953568366,0.1934454363678168
2024-03-12,12060000.0,-4.7,3.4,5.183703144679202,6.264401677008117,0.13999999999999999,0.1418798415766356,0.12130041103594788,0.09851305219286839
2024-03-13,21230000.0,-3.4,5.2,3.5420014298779763,7.775879386940797,0.0,0.36420464864401053,0.32587575653447753,0.25945161402040917
2024-03-14,20570000.0,-2.2,7.5,3.5706768664247845,6.665467049544709,0.0,0.37944297657784387,0.3400132478188766,0.30379654694549996
2024-03-15,21800000.0,-0.2,9.8,3.050612213339523,6.548739067985552,0.0,0.4617970354778603,0.41705555655118387,0.3954135564336132
2024-03-16,19950000.0,2.8,12.9,5.257856133817813,5.902245631657911,0.0,0.4234312925945754,0.37874669016351137,0.375899917286241
2024-03-17,15470000.0,-5.5,8.9,4.107638049154268,10.490553214483253,0.03,0.46607808839301973,0.4373589956772081,0.28252897686594813
2024-03-18,21740000.0,-1.3,8.5,2.841096873284145,5.429347655084913,0.05,0.40555107013425795,0.3625714404556721,0.35595948361701035
2024-03-19,15790000.0,-6.1,6.1,4.545452908490638,15.464961044004273,0.25,0.3485101250016057,0.320910277166458,0.19044563737232661
2024-03-20,20480000.0,-7.7,1.3,2.9636519774172565,11.35254446292011,0.020000000000000004,0.34726543442157376,0.3156378771093963,0.1924467566442696
2024-03-21,21960000.0,-3.1,4.4,3.230310635025375,5.378466227225793,0.0,0.33340915501267715,0.2941128427977264,0.25856996865718546
2024-03-22,18660000.0,2.6,9.0,7.306426974794839,10.298999603719508,0.9300000000000002,0.34784147612155614,0.30838385466236573,0.20370028940602677
2024-03-23,21260000.0,5.2,14.3,6.775322077902477,5.9411549588442965,0.18000000000000002,0.4532181194031145,0.40320012701558283,0.3835491430708963
2024-03-24,7460000.0,3.9,9.0,7.46635083788109,6.6744461250492595,0.06,0.20714399641286807,0.19107048447400182,0.16920291252136094
2024-03-25,6470000.0,-0.6,6.7,7.050104372775487,9.75726204827829,2.67,0.12404996159317191,0.11148383434022073,0.08272687065338877
2024-03-26,12310000.0,-0.6,5.4,5.618757509313569,4.378795821052497,0.11000000000000001,0.1933331556268477,0.16993208695531198,0.1536853054506066
2024-03-27,19180000.0,2.4,12.3,6.991451223113603,4.0136467505341065,0.0,0.3214903227612477,0.2791105081371291,0.2746303975785748
2024-03-28,2950000.0,-0.9,5.8,7.319456353951088,7.407737291254223,2.0,0.03474056779185908,0.02912330451226433,0.03639251030059944
2024-03-29,16570000.0,-2.1,10.2,5.8002128883207575,11.882309917688593,0.16000000000000003,0.40063955885960195,0.3674111647759145,0.2564153412964729
2024-03-30,16410000.0,-1.6,12.8,6.457327040099303,8.281700640363812,0.6900000000000001,0.40708608901508914,0.37258950837356564,0.28202817973470656
2024-03-31,20250000.0,1.5,13.9,4.466220081072994,3.178592728610903,0.0,0.3779357954051791,0.3327625341468914,0.3653284714773387
2024-04-01,23370000.0,5.4,14.1,4.814632047954909,6.411059910249109,0.0,0.5687458220732261,0.5137636733386721,0.4861506074971883
2024-04-02,17300000.0,7.0,17.5,8.216466018643043,9.29932919754621,3.48,0.5660478102156687,0.5228765573587798,0.45562354673114536
2024-04-03,3320000.0,3.8,9.1,9.696469002936732,4.073507253897777,1.4900000000000002,0.04769924355351746,0.0405458843528424,0.05058881930065009
2024-04-04,5160000.0,3.5,9.0,7.7108941378731375,5.6209012658486595,0.26,0.1568844141354271,0.14582999525148094,0.13928064599971973
2024-04-05,13680000.0,3.2,11.1,7.406844402303943,4.366823720379762,0.05,0.2649616517357679,0.23490085648837072,0.2238292052228498
2024-04-06,16320000.0,4.6,14.1,6.021494225092716,4.085479354570511,0.0,0.3725419129635045,0.3345291503167823,0.35229646498855577
2024-04-07,23190000.0,7.6,16.7,6.412716996727105,4.253088763988789,0.0,0.5059119909173683,0.44817181457225663,0.46540576402987044
2024-04-08,12500000.0,4.6,15.6,7.119788898384042,5.381459252393977,0.0,0.36243843301448747,0.332774935495391,0.3466018863239976
2024-04-09,17370000.0,1.2,11.6,6.135838581273874,6.515815791135533,0.010000000000000002,0.3764507781108639,0.3390782718221409,0.29855629336705053
2024-04-10,20770000.0,5.4,14.4,7.88091723097901,2.178922322437606,0.0,0.34885594915442497,0.2998088651793204,0.30997607797714927
2024-04-11,13780000.0,6.4,13.7,7.908798045449313,2.831401809101614,0.0,0.286665790854777,0.25400480026135697,0.2680712915914926
2024-04-12,23080000.0,6.5,17.7,8.507307198294049,3.3372230625246297,0.0,0.4451532096164391,0.3877513483204974,0.39687011379746123
2024-04-13,24840000.0,9.8,19.3,8.455332023650302,4.196221285793301,0.0,0.5543427569531394,0.48925513178211205,0.4985997022587808
2024-04-14,22920000.0,9.7,18.0,9.68533436277187,11.798505212979455,0.6200000000000001,0.7351074267646776,0.6759054165544116,0.4981118561734389
2024-04-15,7480000.0,5.9,12.6,11.62683870654628,7.925530645349973,1.1900000000000002,0.12417798869564287,0.10679954456558916,0.07667122768754744
2024-04-16,22050000.0,3.2,13.5,7.258827624037457,8.3565262695684,0.0,0.4951146557424878,0.445064306024071,0.3492868462412676
2024-04-17,22840000.0,5.6,16.8,8.018837792179184,3.7532535609021402,0.0,0.4491644920696035,0.3935185578153155,0.39260594681016847
2024-04-18,25280000.0,7.0,16.8,7.642893521875385,5.564033787653172,0.0,0.5652013732155273,0.5026109561189388,0.4656735239437058
2024-04-19,24190000.0,10.5,19.4,7.620344574241776,4.315942292520642,0.0,0.5816070625454366,0.5177140183045666,0.5351057853547345
2024-04-20,2930000.0,8.3,11.2,10.75816948148084,10.514497415828723,1.08,0.13262241305169004,0.12572905850345542,0.11085246533255724
2024-04-21,6050000.0,7.5,11.9,11.004776621549954,6.473913438780964,0.08000000000000002,0.14968699802617638,0.13547097289526105,0.11331018497531904
2024-04-22,10160000.0,4.0,12.4,9.418745530709861,5.926189833003379,0.06,0.21359941125057352,0.19062894659148408,0.16611598036136094
2024-04-23,16559999.999999998,6.0,12.7,9.514182103933011,7.021637044558549,0.25,0.3451860937071714,0.30661431984505616,0.23473215868416092
2024-04-24,15620000.0,3.3,10.8,8.332707252276519,8.946152227700555,0.30000000000000004,0.321545855418803,0.2873171903706354,0.19912061849412505
2024-04-25,25860000.0,9.5,18.3,9.788760939249196,3.7682186867430576,0.0,0.5340912098239454,0.4672258086579396,0.44612791186790013
2024-04-26,17830000.0,8.1,18.6,9.86484721955462,3.666455831024818,0.0,0.4064036568149829,0.36083073393082216,0.36819576171149704
2024-04-27,26860000.0,11.1,19.5,7.627103084575048,4.0106537253659225,0.0,0.6201247641096356,0.5486899095677338,0.5598709738587168
2024-04-28,23760000.0,10.5,21.6,11.183506197074284,4.914547326157347,1.4900000000000002,0.5786208687710596,0.5145155533527966,0.4987351562834304
2024-04-29,6130000.0,7.9,12.1,12.112632293066904,4.648168086189014,0.8300000000000001,0.11462619430643847,0.10011486268951404,0.08301899054753184
2024-04-30,16790000.0,6.6,16.3,11.448328976229087,5.30663362318939,0.34,0.3367523525144843,0.29560801545225684,0.2529548060428076
2024-05-01,11650000.0,4.3,11.4,8.106412910937358,4.711021614720868,0.03,0.2579179918725736,0.23182397591658885,0.211859075150527
2024-05-02,25980000.0,6.4,16.2,8.011773831816228,4.905568250652797,0.0,0.5424041003763002,0.47896039046763317,0.43389892563114485
2024-05-03,27410000.0,9.5,19.8,8.622143274678841,3.0917949987335804,0.0,0.570159353743391,0.49819301397808413,0.5055311030442461
2024-05-04,25210000.0,11.7,20.5,11.974440747187487,7.341890737554186,0.21000000000000002,0.6658008737087584,0.597719357370712,0.5037263224264802
2024-05-05,3380000.0,10.0,13.3,13.891333965510233,10.62224632188333,6.65,0.05786061316709066,0.0495396395408833,0.037693573963405294
2024-05-06,9930000.0,6.7,12.0,10.779551674054137,8.410400722595705,0.73,0.21457434610095683,0.19144525706407256,0.13315766183526734
2024-05-07,7300000.0,4.4,11.1,9.473176880821907,6.189576047803529,1.2300000000000002,0.1660553254519152,0.14974860280900554,0.12685024766226416
2024-05-08,21780000.0,4.6,11.7,6.871324734989769,6.213520249148997,0.0,0.4684721396339637,0.41929566370035254,0.3403101314959259
2024-05-09,27260000.0,5.9,15.3,7.0817041246921475,5.914217732330644,0.0,0.6002104170163285,0.5347319894544723,0.46158444288618206
2024-05-10,27450000.0,8.7,19.2,8.915234724684677,7.240127881835947,0.0,0.7095821367410226,0.638531924914546,0.5506575544721747
2024-05-11,19840000.0,8.1,17.6,12.014742792459968,10.73298825310612,1.9800000000000002,0.49976462291352836,0.44959636519297674,0.31463515856342267
2024-05-12,23610000.0,6.4,15.0,7.713169992186724,8.539100804827596,0.0,0.6173199398581162,0.5604730193689144,0.4342975494850797
2024-05-13,28240000.0,7.7,16.6,7.4862798925585015,4.690070438543582,0.0,0.609067739029999,0.5387536993583321,0.4944399670937484
2024-05-14,28030000.0,7.3,18.5,8.837941596128285,3.8610024669567466,0.0,0.5744318467855166,0.5034770267452887,0.4769269239245261
2024-05-15,25890000.0,1.2,16.3,7.809292844528251,13.348892250098519,1.2400000000000002,0.8060096560557073,0.7466253902838847,0.4143919769327386
2024-05-16,27730000.0,4.8,12.0,7.6700299846142705,11.038276820260839,0.0,0.6275902714493503,0.5645642122208254,0.3486652345942021
2024-05-17,25860000.0,8.7,18.0,7.96716278316866,5.743615297744184,0.0,0.6430539229422982,0.5769565709633641,0.5256875869800929
2024-05-18,27980000.0,9.0,20.4,8.95929817054874,4.38178884622068,0.0,0.6392095693590844,0.5656729939012314,0.5468929177184055
2024-05-19,28100000.0,10.3,21.5,7.876278870898752,4.782854218757273,0.0,0.7070046628372688,0.6314046161972057,0.6316323391977413
2024-05-20,25380000.0,10.2,20.0,11.81110534249945,4.501509852948021,0.0,0.5677762165783906,0.5005412835835201,0.4516941669872911
2024-05-21,25230000.0,10.2,19.9,12.864076797470668,3.657476755520267,0.0,0.527263229507341,0.4604914392802605,0.4139177773814387
2024-05-22,24590000.0,11.3,21.9,14.439373682079236,4.1124165810841635,0.0,0.5468453578891884,0.47981799594229957,0.43111455865283277
2024-05-23,27990000.0,11.7,22.1,10.961264595844902,5.929182858171562,0.0,0.7306197554355034,0.6539056448851807,0.5980270265460627
2024-05-24,26280000.0,11.4,22.2,14.168856899133276,4.720000690225418,0.05,0.6003657212284416,0.5284691140061215,0.46750408778232017
2024-05-25,13680000.0,9.6,17.1,10.983001643874326,6.390108734071825,0.0,0.39985730936163866,0.3648916568066572,0.3251518947632713
2024-05-26,19240000.0,9.1,20.3,14.626225603529038,11.247788582033685,0.71,0.4725109526506368,0.42194470133508677,0.2984385948250078
2024-05-27,23550000.0,8.6,15.9,9.41060464448227,10.10445296778758,0.0,0.6567457920068598,0.5979779882623666,0.42576787415531453
2024-05-28,20940000.0,7.9,16.4,9.757911345932115,5.5281174856349695,0.09000000000000001,0.48552753738088333,0.4333895773693853,0.3738912605077395
2024-05-29,26330000.0,11.2,20.5,10.911722041503607,3.403069616224667,0.0,0.5868595249592111,0.5160887216857662,0.49532370292999134
2024-05-30,17660000.0,11.1,21.0,12.235125567862296,3.771211711911241,0.0,0.4471267954081985,0.39947949447021364,0.3976287743814858
2024-05-31,26030000.0,9.2,19.3,11.189823526418847,6.192569072971713,0.010000000000000002,0.6121937619236413,0.5444020080395137,0.45805979866968993
2024-06-01,22060000.0,8.1,17.4,10.549391655492439,8.563045006173065,0.06,0.5686890693407458,0.5130286031547909,0.39317660812407845
2024-06-02,21770000.0,8.5,18.2,9.418745530709861,6.728320578076564,0.0,0.5840125351788309,0.5283690954038348,0.46005269294930284
2024-06-03,23090000.0,10.4,18.4,11.16772660263423,2.8912623124652845,0.06,0.4863729491346345,0.426054089825615,0.4033304213838888
2024-06-04,27820000.0,9.4,19.6,9.607706792518494,4.1094235559159795,0.0,0.6196111353923504,0.5467886120631179,0.5131193097030687
2024-06-05,24310000.0,11.5,21.5,11.120505312733002,4.312949267352459,0.0,0.602609260843307,0.5364670950394536,0.5161008264165814
2024-06-06,20110000.0,10.1,19.6,10.038666833208548,3.4958533964383562,0.0,0.4848694655219541,0.4318582362623412,0.43152252344189623
2024-06-07,19950000.0,12.2,20.5,12.452111654291583,4.414712123070698,0.21000000000000002,0.5086209596569419,0.45449204574194935,0.42787611907767664
2024-06-08,9040000.0,13.5,16.2,15.805405481357644,4.426684223743433,1.03,0.20746495896142864,0.18363494839420336,0.15344858864457542
2024-06-09,20960000.0,12.9,21.6,14.29767399827534,4.513481953620755,0.0,0.520857783875357,0.4630484264613077,0.42240444870288274
2024-06-10,27360000.0,13.3,24.2,14.242899250857429,5.33357084970304,0.03,0.7048008776622704,0.6273619676175036,0.5705228704855886
2024-06-11,26820000.0,14.5,24.6,15.125305494412043,4.630209935179912,0.0,0.685108482425193,0.608198055918881,0.5610634398917677
2024-06-12,26120000.0,14.8,23.4,14.05649661553512,3.80413498876126,0.09000000000000001,0.6462824779034475,0.5719243249135122,0.540513506590842
2024-06-13,26320000.0,16.5,26.0,13.652430045901436,2.693722651365172,0.0,0.6583466127904448,0.5808626016386991,0.5904415819419915
2024-06-14,26100000.0,14.7,26.3,14.738547878131607,3.9986816246931887,0.0,0.6830392281160705,0.6070681554719549,0.5969198998476889
2024-06-15,22270000.0,13.9,23.8,16.77189432656147,5.89326655615336,0.48,0.581415566149724,0.5182783702153021,0.4483055696434077
2024-06-16,26430000.0,13.8,22.6,12.36905460591706,6.479899489117331,0.0,0.7479709130965209,0.6738552912748071,0.6004750163122294
2024-06-17,20490000.0,13.9,22.8,11.011005018323381,4.642182035852646,0.0,0.6075473774117761,0.5499418824780126,0.5570378230041112
2024-06-18,28130000.0,16.2,25.6,12.19417399703473,6.168624871626244,0.0,0.8616167993137269,0.7792367517093111,0.7472471292121142
2024-06-19,23570000.0,15.2,28.4,13.558632017901587,4.046570027384125,0.0,0.7241886106365181,0.6542390740524071,0.6561768429033192
2024-06-20,17120000.0,13.6,20.4,14.880015210641748,7.341890737554186,0.0,0.494455883754933,0.44744895742307467,0.36873557639302695
2024-06-21,20250000.0,16.3,25.5,17.68565541508858,3.8011419635930763,0.0,0.5446328031346932,0.48532971163133637,0.4653372469327942
2024-06-22,3680000.0,17.4,19.4,20.78090304907103,7.192239479145011,4.62,0.09187296114880479,0.0815182529485141,0.07730927859340601
2024-06-23,9320000.0,16.2,21.1,19.326186911462038,7.216183680490477,0.31000000000000005,0.2779859963122323,0.251650968268364,0.2063330168165197
2024-06-24,22060000.0,11.5,22.8,16.256022701922934,8.374484420577502,0.22000000000000003,0.5597144454966675,0.49897993634621496,0.3912827398344545
2024-06-25,21940000.0,12.7,21.0,13.047368440783304,7.23414183149958,0.0,0.6258646887098733,0.5657867854262842,0.4785645678648452
2024-06-26,25780000.0,14.1,22.9,13.818899819091385,3.2055299551245544,0.0,0.6077588086830293,0.535096931795062,0.5105792538733718
2024-06-27,13660000.0,12.7,19.8,13.56237303962323,4.271046914997889,0.0,0.37621770939384397,0.3392240024828584,0.32749885005998713
2024-06-28,25150000.0,14.6,24.7,16.975848760461872,3.2504253326473074,0.010000000000000002,0.5964509189723086,0.5242138369474845,0.48648474731897295
2024-06-29,9850000.0,17.5,21.1,20.48897143182056,11.149018751483629,5.620000000000001,0.3125476178412751,0.28441506538497124,0.19540029915650986
2024-06-30,8870000.0,18.0,20.6,21.54355353666678,6.31827613003542,2.41,0.22437208384804772,0.19903850615389387,0.14925325297800213
2024-07-01,23570000.0,17.4,25.2,19.321082750299052,3.8250861649385444,2.7100000000000004,0.6007139905975902,0.5312743257836366,0.4777099623002952
2024-07-02,8730000.0,18.5,23.9,22.534148570033683,10.37681825809228,2.06,0.31934873838849753,0.2936673866811832,0.23091528051135332
2024-07-03,21870000.0,17.0,24.2,20.227184059120006,8.362512319904766,0.16000000000000003,0.6081956136521581,0.5444394326230179,0.40929502024257614
2024-07-04,25050000.0,17.6,25.3,21.209008691427563,9.6644782680646,0.45,0.7119405920441866,0.6379772140078515,0.4582001049550984
2024-07-05,22960000.0,18.2,23.7,20.057805948898967,8.078174928927332,0.020000000000000004,0.6484817489909095,0.5811916279289908,0.4385813493085037
2024-07-06,19630000.0,19.4,25.8,23.40694796540301,11.355537488088292,0.55,0.622518979216387,0.5635970507457762,0.3946376934046806
2024-07-07,10670000.0,19.8,24.8,23.89424922002672,8.589982232686715,0.36000000000000004,0.3571345679385075,0.32524171005323405,0.26091356278832795
2024-07-08,7660000.0,19.0,22.9,23.1187576754202,9.08682441060518,2.4000000000000004,0.24636816908097292,0.22391859036432238,0.17163833987417118
2024-07-09,5410000.0,18.4,20.3,21.40918554138461,8.488219376968477,3.73,0.1683278442455549,0.15286382068859272,0.11870449917944884
2024-07-10,8760000.0,16.8,21.1,20.75372023862452,5.878301430312442,0.45999999999999996,0.2267844877203188,0.20190807260298804,0.16292844071663934
2024-07-11,12840000.0,16.9,22.0,19.999869748999505,3.0947880239017644,0.9199999999999999,0.31650566846293565,0.27974423099518886,0.25537069236218635
2024-07-12,25950000.0,16.7,24.9,19.382410684093493,3.552720874633844,0.26,0.6234957704901778,0.5476147541386078,0.4831027987441156
2024-07-13,19800000.0,17.5,23.1,20.100033619951837,6.78518805627205,0.9,0.5288608643487079,0.471405299607812,0.36765494974096696
2024-07-14,16300000.0,17.9,22.5,20.602070933766527,6.162638821289878,0.13999999999999999,0.4338996925365698,0.3866738838072186,0.30734429957822085
2024-07-15,16020000.0,17.9,23.7,20.868097591043178,5.965099160189765,1.89,0.4443861133035062,0.3975416477176816,0.33128566384186486
2024-07-16,9480000.0,18.8,22.2,21.76914052707908,7.494535021131545,0.78,0.2926593470891191,0.26506525633562417,0.2126148534737342
2024-07-17,14030000.0,19.5,23.8,22.266941068738355,10.242132125524021,0.11000000000000001,0.4662637276875089,0.4247169307663691,0.3135056429272298
2024-07-18,7530000.0,18.8,22.1,22.586755101236065,9.682436419073701,2.19,0.23674620014521178,0.21484496117754892,0.15766352376800552
2024-07-19,11350000.0,17.8,23.5,20.596672876262467,4.465593550929818,0.6000000000000001,0.32841007882128126,0.29529688321567205,0.27494894123731217
2024-07-20,10840000.0,19.6,25.0,23.612978720043095,10.319950779896793,1.2000000000000002,0.3898992497879149,0.35749825827185444,0.27896046365952964
2024-07-21,20880000.0,20.2,25.1,23.04124216249879,8.260749464186528,0.15000000000000002,0.6122027597769573,0.5494851846052571,0.4131314733538711
2024-07-22,18270000.0,20.5,26.1,21.991075134168597,11.172962952829097,0.29,0.6912594724145228,0.6358912168584377,0.4917763995729845
2024-07-23,8039999.999999999,19.9,23.3,23.45528383651672,6.0818271417489225,0.13,0.25194362614079185,0.2281522632870398,0.19771136570458966
2024-07-24,21510000.0,19.2,25.7,23.419023760206855,4.905568250652797,0.19,0.5555945303029494,0.4911647779979916,0.4029019186959119
2024-07-25,19430000.0,20.2,26.4,24.011278217642197,7.338897712386002,2.0100000000000002,0.573976931636391,0.5150932312830941,0.4101936141647832
2024-07-26,17060000.0,20.2,24.5,23.88195943572758,10.158327420814881,1.2800000000000002,0.511176923170234,0.46014823075052436,0.32006549052868943
2024-07-27,17640000.0,20.3,25.9,24.64814479252657,6.7762089807675,0.45999999999999996,0.5015742234830916,0.4482598082763939,0.3540942417870679
2024-07-28,23670000.0,19.6,27.0,22.63946902456384,9.251440794855275,0.0,0.7354823195176832,0.6637490623194054,0.5136882981331831
2024-07-29,21790000.0,19.0,25.8,22.475822597102773,10.188257672496716,0.020000000000000004,0.6629916163385141,0.5977689843141554,0.4366107099557725
2024-07-30,24540000.0,18.1,26.9,22.11139634005991,6.7732159555993166,0.0,0.6726061495415349,0.5990490059443758,0.48872388164903524
2024-07-31,24000000.0,19.3,28.2,23.497649296414565,4.758910017411804,0.0,0.6489638417743413,0.5757926914781746,0.5030904750499466
2024-08-01,19410000.0,20.5,27.4,24.446772829241723,3.9058978444794996,0.03,0.5289728574470323,0.46964004653720604,0.41909538208391073
2024-08-02,23970000.0,21.0,28.2,25.604995908582588,5.336563874871224,0.09000000000000001,0.6627425746188068,0.5888550131324599,0.4887398902878906
2024-08-03,23040000.0,21.0,27.4,25.061649520729873,3.7203302840521206,0.24,0.6046570725474345,0.5339988448067825,0.461762129731761
2024-08-04,20730000.0,20.3,27.8,24.991248582407266,2.720659877878824,0.34,0.5327388689089456,0.46928837017635106,0.42484712179500705
2024-08-05,18720000.0,19.2,26.9,24.17844447467893,3.0229554198653594,1.21,0.47456330006365055,0.41802325843911226,0.3772401291003792
2024-08-06,22080000.0,19.7,26.6,23.95578111573511,3.7323023847248553,0.12,0.5608259396345899,0.49404689019130155,0.42740308893282125
2024-08-07,22050000.0,19.0,27.0,23.546148881897228,3.2294741564700233,0.27,0.5507824583630231,0.4842302628342495,0.43112871351891185
2024-08-08,19870000.0,19.3,26.1,23.160591182925067,4.714014639889052,0.13999999999999999,0.524322247412602,0.4645969893362216,0.3991440016972614
2024-08-09,23520000.0,19.7,27.0,21.701248415136295,1.6641219935100398,0.09000000000000001,0.5637785206487933,0.4924518519523997,0.4677665281898119
2024-08-10,22580000.0,18.8,26.1,22.74521978992652,3.178592728610903,0.17,0.5503828822872248,0.48274811673418194,0.42770253399356567
2024-08-11,21730000.0,19.8,25.9,23.382812709274457,1.5982754398100023,0.24,0.5120882635677947,0.44663672378134295,0.41359476027109804
2024-08-12,24370000.0,19.0,28.5,21.56601980075662,2.4842108895923256,0.0,0.6085887558567744,0.5342895503268752,0.5105890655249509
2024-08-13,25640000.0,18.2,27.7,19.40801426960452,3.7532535609021402,0.0,0.6627819878347381,0.5854472477374396,0.5579213014365487
2024-08-14,25350000.0,18.7,27.5,20.344356725958733,3.974737423347721,0.0,0.6593293892918759,0.582712585125788,0.5426218868129558
2024-08-15,23210000.0,18.6,26.5,21.84289997113953,3.4509580189156037,0.12,0.574611843693091,0.5049926528084228,0.45626014362791845
2024-08-16,23090000.0,18.8,26.7,20.933703494029995,2.624883072496951,0.03,0.5639044146745447,0.4944524081959701,0.4668186000756395
2024-08-17,22480000.0,18.0,27.0,21.420354793527615,2.933164664819854,0.09000000000000001,0.5494452031523613,0.48206278310084827,0.4509418753783979
2024-08-18,22640000.0,18.3,26.6,21.673014762620966,4.306963217016092,0.010000000000000002,0.5770019289740376,0.5091874430519434,0.45507464248546814
2024-08-19,22290000.0,20.4,27.7,23.112786857624513,5.300647572853022,0.16000000000000003,0.6282117088188113,0.5599863534522154,0.49591185506542174
2024-08-20,17580000.0,20.9,27.0,25.074468294193675,9.317287348555311,1.1800000000000002,0.561623338549599,0.5078845020841305,0.39582012849086723
2024-08-21,15900000.0,20.2,26.0,24.515831634545034,6.9946998180448965,0.27999999999999997,0.45922319498919606,0.41116768468383913,0.33511334625575095
2024-08-22,19190000.0,17.5,26.1,23.017437009597767,8.595968283023083,0.49000000000000005,0.5174010067544363,0.4604501536764098,0.35474462100799553
2024-08-23,23520000.0,17.5,26.3,20.344356725958733,5.133038163434745,0.0,0.6058903736299144,0.53598844537741,0.4778019306318256
2024-08-24,21460000.0,18.3,26.2,21.746489202589938,3.6275465038384316,0.1,0.5280544322376677,0.46395537798493763,0.42175998869309117
2024-08-25,23240000.0,18.1,26.8,20.955612210553777,2.7056947520379064,0.1,0.5529625869207544,0.4833508973081452,0.4569275716122321
2024-08-26,18720000.0,18.8,25.7,22.186169176754472,2.3585038325286174,0.25,0.4460246007072106,0.39010967546904146,0.3671894751094721
2024-08-27,11130000.0,16.8,24.1,19.712381314085473,5.608929165175925,0.19,0.3406892259024387,0.30831727507772594,0.2973084027946491
2024-08-28,17640000.0,17.1,25.1,19.858283559088637,9.362182726078064,0.0,0.5566844258718169,0.5048695092720282,0.41658464554072516
2024-08-29,21930000.0,17.7,25.4,20.355038195002162,9.903920281519282,0.03,0.6557968125066954,0.5909506084628738,0.4603016859522713
2024-08-30,22860000.0,16.5,26.8,19.50043263058289,8.332582068222932,0.0,0.6678343056933408,0.600139382128319,0.5183495701133968
2024-08-31,24380000.0,15.9,26.6,17.818333288078534,3.606595327661147,0.0,0.5811913169304803,0.5094185132876399,0.5003559187959088
2024-09-01,22900000.0,16.8,26.2,18.02378745291342,4.175270109616017,0.0,0.5755663492077787,0.5079014683251777,0.49386933986368475
2024-09-02,16690000.000000002,18.0,25.5,19.01195308873936,4.453621450257085,0.26,0.46760278999942984,0.4181071202969007,0.41304273207855474
2024-09-03,12550000.0,15.1,22.1,16.776403193889543,6.327255205539971,0.08000000000000002,0.3769779826734039,0.3415458158282715,0.32147469205022255
2024-09-04,21590000.0,16.3,24.4,17.704556213800824,3.6365255793429823,0.0,0.5061366376438301,0.4434383139196506,0.4264729326956987
2024-09-05,21610000.0,19.2,26.1,20.569701157185015,5.037261358052872,0.27,0.5756628751894591,0.5107525878589783,0.4691049896622347
2024-09-06,12320000.0,18.8,23.6,21.911179601299548,3.148662476929068,1.02,0.3047737215029577,0.26853153902482324,0.25477715106667287
2024-09-07,13830000.0,17.3,23.2,21.650450988008423,2.831401809101614,0.65,0.3082953483546421,0.26819465096860934,0.24754265199371206
2024-09-08,19200000.0,19.1,26.3,21.68995109449284,3.217502055797289,0.06,0.47323613458878044,0.4155247629196057,0.3963192552007112
2024-09-09,19660000.0,18.2,25.5,21.8656391330407,3.8161070894339937,0.24,0.46733056295613623,0.40894272031728135,0.3714600506986156
2024-09-10,22470000.0,19.9,27.0,20.742855832643865,3.675434906529368,0.0,0.5695438804445072,0.5013099646734772,0.483177177618112
2024-09-11,14710000.0,19.1,25.4,23.035288856627492,4.022625826038658,0.97,0.3728644094413715,0.3289269868850966,0.3034878720057602
2024-09-12,13400000.0,18.2,25.7,22.598460019091316,2.5859737453105653,0.16000000000000003,0.32358044452572265,0.2837267278926221,0.2792861657232919
2024-09-13,20060000.0,19.0,26.7,22.249611183378327,3.6514907051838996,0.020000000000000004,0.4915572745045062,0.4311358346464197,0.4045250164276341
2024-09-14,19740000.0,19.4,27.3,21.85995240167386,3.1366903762563334,0.06999999999999999,0.4886936951164295,0.4288302410319563,0.41828440545771367
2024-09-15,16760000.000000002,18.8,26.6,22.704043264855358,8.628891559873102,0.17,0.5085996945697858,0.4582224763835687,0.38932763380348767
2024-09-16,8870000.0,19.9,23.7,22.698166229861844,4.983386905025569,0.05,0.2632582406511471,0.23693442268334636,0.22634742380997047
2024-09-17,13260000.0,20.3,27.4,23.96194191754613,2.8493599601107156,0.45,0.35234985712043254,0.31186954207303397,0.313357972170365
2024-09-18,16140000.0,19.3,26.7,23.1187576754202,2.5081550909377937,0.61,0.38696145663341336,0.33824706045044733,0.33080951139513054
2024-09-19,17250000.0,20.2,26.6,22.025394027261033,5.013317156707404,0.96,0.48191880107863766,0.42957137100858844,0.41021873481408877
2024-09-20,5100000.0,19.3,21.8,23.256459296466524,6.192569072971713,7.140000000000001,0.14020283804180497,0.12534651977712014,0.11015746450704489
2024-09-21,2340000.0,15.2,20.7,18.697244767901168,5.420368579580363,11.040000000000001,0.09334484404038072,0.08681109468567294,0.12391671995497484
2024-09-22,6080000.0,11.5,17.2,14.847575153261733,6.539759992481001,0.54,0.16342101256770683,0.14755413067817663,0.13952391604034467
2024-09-23,19890000.0,9.9,18.4,11.237303677342418,6.58166234483557,0.0,0.45043532654184454,0.39874036361862714,0.37040394120485864
2024-09-24,18070000.0,12.6,19.4,14.13002319327281,4.315942292520642,0.0,0.3679270523270672,0.31921952712189144,0.3083936324936826
2024-09-25,17950000.0,14.7,21.2,14.34870181811774,3.4958533964383562,0.0,0.3912365272428614,0.3411165268509791,0.35598386602046783
2024-09-26,18020000.0,14.2,22.0,16.75386948305798,3.564692975306578,0.11000000000000001,0.3675428263885876,0.3170971960298971,0.3124237989225763
2024-09-27,16320000.0,14.3,21.4,15.775473084117797,3.0858089483972138,0.08000000000000002,0.33759554124190794,0.2921057054215169,0.30196780220534025
2024-09-28,16510000.000000002,13.0,20.7,16.072703953377086,8.045251652077315,0.06,0.3845313310207425,0.33932229805756775,0.28731900997862325
2024-09-29,15700000.0,11.0,19.3,13.987150056697876,6.473913438780964,0.06,0.342340537346962,0.30070831039377244,0.2779052528985863
2024-09-30,19790000.0,11.3,20.5,11.387224824676263,3.828079190106728,0.0,0.4035193175598823,0.35027643773757455,0.38498984385859236
2024-10-01,11160000.0,5.5,19.8,10.91790406290446,10.52048346616509,0.24,0.45358813687641997,0.42549143481648155,0.3453933505063412
2024-10-02,18110000.0,6.4,12.4,7.0817041246921475,6.007001512544333,0.05,0.37660200773734853,0.33436666887425576,0.32147311404305895
2024-10-03,7780000.0,5.7,12.1,10.070296802164304,6.2494365511672,0.77,0.15870596291709327,0.14079156433911702,0.13201648554670053
2024-10-04,19140000.0,7.3,16.3,9.913020225637972,4.615244809338995,0.0,0.33615763863412934,0.2888766445056316,0.29718704775387217
2024-10-05,17650000.0,9.2,16.8,10.421095437710473,3.8849466683022156,0.0,0.3214175809839367,0.27664178441952575,0.2965438679014367
2024-10-06,5340000.0,7.7,14.6,11.403276978496269,3.80413498876126,0.6000000000000001,0.12939618859074004,0.1164013493228578,0.13523926250050686
2024-10-07,8900000.0,7.6,13.7,10.288305033227113,5.549068661812255,0.08000000000000002,0.20575336603062655,0.18434999221823195,0.18617523799766547
2024-10-08,16430000.0,8.0,15.6,10.800971266534043,4.1782631347842,0.0,0.27428232609753433,0.2336957673968439,0.2411450295267321
2024-10-09,13700000.0,7.8,16.1,10.706396662283645,4.5194680039571224,0.03,0.25741087992848366,0.22345282610271458,0.23866311235463553
2024-10-10,15850000.0,7.8,16.1,10.666953800882938,3.3282439870200795,0.010000000000000002,0.25568561166800485,0.21639837421264424,0.2391539182976603
2024-10-11,15730000.0,9.6,16.5,9.74391714054929,3.1815857537790864,0.020000000000000004,0.28354922562819895,0.24360116605766957,0.28320553483839817
2024-10-12,17720000.0,9.0,17.5,9.663098871631787,3.935828096161335,0.0,0.3256335470245946,0.280438189366521,0.3217234293624438
2024-10-13,13040000.0,12.3,15.8,12.055164083832864,7.8267608147999175,0.29,0.33555777054970715,0.3017358849214423,0.2729999005372075
2024-10-14,3670000.0,12.0,15.3,14.368370445416433,4.501509852948021,4.19,0.09988720226590182,0.09044716956733811,0.10002535816249754
2024-10-15,4640000.0,11.3,16.8,15.303273266559977,5.100114886584726,0.30000000000000004,0.09926124205455902,0.08722646066536051,0.0931880628649139
2024-10-16,15440000.0,10.8,19.5,12.57411545458834,3.3132788611791617,0.0,0.2773291764063856,0.23638640034541442,0.274166060780185
2024-10-17,10840000.0,12.0,16.7,13.098083590575094,6.551732093153736,0.33,0.2584431878306759,0.2301542076197372,0.22462343072107918
2024-10-18,5360000.0,14.4,17.1,17.823087875910627,7.665137455718007,0.8500000000000001,0.09265958500846778,0.0782802002558026,0.06130564881274743
2024-10-19,7780000.0,4.0,15.9,9.870503907955394,10.55639976818329,0.13999999999999999,0.24725318372993876,0.22885851758068637,0.22646750464063028
2024-10-20,11920000.0,5.9,10.6,7.841567890361778,13.16332468967114,0.0,0.37506829362332667,0.34808296730638155,0.24448393785316994
2024-10-21,7860000.0,10.7,13.7,12.207811107848416,4.791833294261823,3.7,0.15840132249324512,0.13880899511620956,0.1454150303945391
2024-10-22,3700000.0,6.2,15.2,13.773323075572732,11.101130348792692,1.09,0.056883879868621846,0.04797521380296972,0.030778647065509063
2024-10-23,10350000.0,2.1,10.2,7.413435485102533,11.693749332093029,0.04000000000000001,0.25820675466232146,0.2360973969664018,0.1855456742885769
2024-10-24,16590000.0,5.4,12.4,6.7086259854775445,5.785517650098753,0.0,0.3084943911808856,0.2702938934419877,0.2955354566859957
2024-10-25,13370000.0,7.8,14.4,10.528411939763185,6.2614086518399334,0.0,0.23588919015429508,0.20339151580868645,0.2069717957981274
2024-10-26,14770000.0,7.8,16.4,10.927182875073756,4.7948263194300065,0.0,0.2385162944733712,0.2017820877428227,0.23014486559968922
2024-10-27,4320000.0,7.0,13.4,11.07972242085252,5.471250007439483,0.15000000000000002,0.10770347820092507,0.09742669705518434,0.11180800539252726
2024-10-28,9390000.0,6.6,13.8,10.122244289324472,7.665137455718007,0.12,0.20646159758434673,0.18412387189950746,0.18347813596280743
2024-10-29,5270000.0,6.7,11.2,9.473176880821907,4.01663977570229,0.04000000000000001,0.11734971628757265,0.10519927649656739,0.12542080015705825
2024-10-30,15000000.0,7.1,15.0,8.415920073273995,4.812784470439108,0.0,0.263718002016505,0.22730116218251745,0.2758942962516274
2024-10-31,13500000.0,7.6,15.0,10.229766940234457,4.513481953620755,0.15000000000000002,0.2102689602005014,0.1773016744511941,0.21020268950240512
2024-11-01,1300000.0,7.7,10.6,10.654843299074718,5.857350254135158,4.03,0.04549489801636643,0.0424822526545054,0.07420207563281143
2024-11-02,12850000.0,5.0,16.3,10.279505558462375,5.692733869885064,0.0,0.2028236027381018,0.17192097875054335,0.2111669726379352
2024-11-03,14270000.0,6.4,14.4,9.702040550938676,4.321928342857009,0.0,0.1965191161680038,0.16240722247764922,0.2001754111910743
2024-11-04,6500000.0,2.1,13.1,8.125458638905071,8.03327955140458,0.08000000000000002,0.18764601909206619,0.17318525258485312,0.19290882406002144
2024-11-05,13990000.0,-1.1,8.0,4.335970956960231,10.691085900751549,0.0,0.35330257376182395,0.3257770593342241,0.27494430160828637
2024-11-06,14770000.0,-2.2,5.3,3.537432381564469,7.377807039572389,0.0,0.2629664545047322,0.23568805985156707,0.2345723488234152
2024-11-07,14220000.0,3.0,10.3,6.5987542845152145,4.124388681756897,0.0,0.17949912651549685,0.14868590020069847,0.19488634675648026
2024-11-08,12300000.0,5.2,12.3,8.054240090433439,3.4749022202610718,0.0,0.16271819636539525,0.13450550926638344,0.18354058391830283
2024-11-09,12440000.0,6.6,12.9,8.642253692679859,4.923526401661898,0.0,0.19719534149186815,0.16792799317103585,0.20735889863483048
2024-11-10,6910000.0,4.8,12.5,8.04006265717024,3.630539529006615,0.0,0.14022918495869413,0.12442073474030797,0.1693978649380477
2024-11-11,12960000.0,5.6,14.7,8.301082901047312,4.806798420102741,0.0,0.2104330123713097,0.17964026640538022,0.23963475381617982
2024-11-12,13170000.0,3.1,12.2,6.775322077902477,6.114750418598941,0.0,0.2266082557606533,0.19726869749085868,0.24117470588086237
2024-11-13,11140000.0,4.6,12.5,8.245391401514638,4.740951866402703,0.0,0.16504493222032962,0.139625630580063,0.1833220273957353
2024-11-14,8540000.0,7.5,12.9,8.933355304499974,3.172606678274536,0.06999999999999999,0.14053252322716542,0.12021684938813164,0.1685123963484042
2024-11-15,5530000.0,7.4,12.8,9.171895048103694,5.881294455480626,0.0,0.17290322167067226,0.159780090368224,0.18578064778872833
2024-11-16,11820000.0,3.3,17.4,10.976787190821911,7.680102581558925,0.13999999999999999,0.18437342039350277,0.15615232300801707,0.1896249340059017
2024-11-17,4730000.0,-7.1,6.1,2.8270341185140007,13.591327288721386,0.0,0.4502958410940723,0.44217917217617825,0.2758649764069161
2024-11-18,13380000.0,-5.4,0.7,2.2161170316530083,6.00400848737615,0.0,0.1949497655650825,0.173566623008588,0.19184733060794706
2024-11-19,11360000.0,-2.7,6.1,4.811631904762637,3.2893346598336937,0.0,0.10396172791213339,0.0828725945409879,0.1310727299854258
2024-11-20,11380000.0,-1.0,5.3,5.491035584349877,6.222499324653548,0.0,0.12826566183310248,0.10681337715335852,0.1262985333142945
2024-11-21,7980000.0,-1.3,7.0,6.135838581273874,10.02962733858299,0.010000000000000002,0.1462363617528664,0.1308386153694587,0.12573152941803628
2024-11-22,12540000.0,-4.0,4.8,3.6309827551371114,6.27637377768085,0.0,0.17699005533235915,0.1547505797618711,0.18498962744796482
2024-11-23,11070000.0,-1.8,5.9,4.3868317922307805,3.0858089483972138,0.0,0.10891797553504803,0.08812049744633951,0.14309237241100045
2024-11-24,11740000.0,0.0,7.9,5.282238645744274,2.8433739097743485,0.0,0.10655411307576616,0.08308535307605952,0.14432896244405935
2024-11-25,10370000.0,3.1,8.0,7.48849712812478,12.094814704629625,1.97,0.18177547103216762,0.1600081456154475,0.13288248244910156
2024-11-26,5910000.0,-3.9,4.0,4.731251447174238,16.234168512227434,0.6200000000000001,0.21674193339658349,0.20639277873269948,0.13289072437467317
2024-11-27,5330000.0,-5.5,-2.6,3.855392592264083,11.660826055243012,0.7400000000000001,0.0961162949403908,0.08817031641276038,0.06147417651624767
2024-11-28,8820000.0,-5.9,0.3,4.329138119031212,11.256767657538237,0.18000000000000002,0.09252586300383828,0.07868189700817532,0.06774438962902654
2024-11-29,7620000.0,-4.8,-1.4,4.4830947326114785,13.139380488325674,0.04000000000000001,0.07025063446637637,0.05843481733332585,0.042695222665609885
2024-11-30,9670000.0,-2.2,2.6,4.796656013747188,7.635207204036171,0.0,0.12010510932109944,0.10307906539256133,0.108893750201757
2024-12-01,8500000.0,0.9,6.0,5.77020213625811,3.376132389711016,0.03,0.08965633569264948,0.07293247060082679,0.11486515510245918
2024-12-02,11410000.0,-5.7,9.0,5.696646004481906,8.808473069964114,0.020000000000000004,0.1513515516150159,0.1302059481504943,0.1462040151665142
2024-12-03,10310000.0,-7.0,0.5,2.556761375056883,7.997363249386377,0.0,0.18624965639347218,0.17036032739816293,0.1666256737280316
2024-12-04,10930000.0,-5.0,0.5,3.8222495235739986,9.718352721091904,0.0,0.14092671859667388,0.12338962215646006,0.11192944232853215
2024-12-05,5790000.0,-4.9,0.7,4.5826611138398725,12.747294191293632,0.1,0.0958225684653522,0.08647737961667334,0.06603377381958848
2024-12-06,8270000.0,-6.7,0.6,3.4571977768743434,11.26873975821097,0.0,0.16638104215852095,0.15353117657879042,0.12315174195366785
2024-12-07,5800000.0,-8.2,-1.4,3.4717666250823425,10.918555813533498,0.03,0.10297973641866302,0.09460503623616176,0.0769574845630695
2024-12-08,10670000.0,-7.5,-3.2,2.902756857153948,11.612937652552077,0.0,0.15152410237669706,0.13648199571506506,0.10139913189495689
2024-12-09,10720000.0,-6.1,0.9,3.8295927234087794,9.55373633684181,0.0,0.12503272561086778,0.10807065784022543,0.10546464623284435
2024-12-10,11390000.0,-5.0,1.1,3.1863464608895558,8.02430047590003,0.0,0.1678643810331908,0.1493720420710827,0.15319962335343745
2024-12-11,9210000.0,-7.2,3.2,2.854278190162282,5.923196807835195,0.0,0.1480522967086439,0.13312860153684383,0.16839098273657707
2024-12-12,11390000.0,-6.2,0.3,1.8163358877755547,7.6382002292043545,0.0,0.22656889127053548,0.20879916022639816,0.2105290741098297
2024-12-13,5010000.0,-9.6,-0.5,2.7421283567324424,9.55373633684181,0.13999999999999999,0.1522978935559261,0.14514179787543127,0.12515321225313186
2024-12-14,10530000.0,-7.9,-3.3,3.1738832980038443,12.681447637593593,0.05,0.12038171792494876,0.10569972204011968,0.07749626809791174
2024-12-15,2430000.0,-8.5,-2.6,3.6473726388366474,12.037947226434136,0.15000000000000002,0.062196871468762814,0.05880121622649377,0.04430155185819444
2024-12-16,10290000.0,-7.9,-0.8,3.340416829472466,8.518149628650312,0.04000000000000001,0.10450287818537603,0.08935592647795355,0.09373408586626256
2024-12-17,10850000.0,-10.1,-0.7,2.922930473762429,8.8653405481596,0.0,0.11560170068555706,0.10033941550682372,0.10588660924901369
2024-12-18,10750000.0,-12.5,-5.6,2.057933921187167,9.631554991214582,0.0,0.11714693322149214,0.1043906215553643,0.08968530847261924
2024-12-19,11500000.0,-7.1,0.3,1.6963761711743637,3.1307043259199667,0.0,0.10323117459342952,0.08561671781879496,0.14792997169293423
2024-12-20,6850000.0,-4.8,0.4,4.133781121662929,6.93783233984941,0.34,0.08677641624691905,0.07576389095305762,0.0842582077244918
2024-12-21,6600000.0,-13.5,-3.3,2.6068091182338256,16.419736072654818,0.11000000000000001,0.12092564982615625,0.11284164798872709,0.07623555799348546
2024-12-22,11620000.0,-11.5,-6.4,2.341965842758878,12.298340416066102,0.0,0.11156249072246642,0.0977058513010512,0.07089492714759703
2024-12-23,6700000.0,-9.3,-1.3,3.592607829119128,12.100800754965992,0.0,0.0780477990028027,0.06858168077331844,0.060890786710638856
2024-12-24,11620000.0,-7.7,-1.1,2.5109356167042813,3.9597722975068033,0.0,0.08875296864334623,0.07168458999977768,0.11385907036501433
2024-12-25,8029999.999999999,-4.7,0.0,4.2788710649364345,10.059557590264827,0.010000000000000002,0.09737195679424201,0.08453887497595722,0.07638687518581815
2024-12-26,6620000.0,-9.6,-2.1,2.945168301658291,16.368854644795693,0.0,0.1746455074081568,0.16551723508915778,0.09809614139155667
2024-12-27,9210000.0,-11.5,-5.1,2.7686440112315442,12.148689157656925,0.13999999999999999,0.07805963768901338,0.06672425136969451,0.053461860736758716
2024-12-28,8070000.0,-10.5,-5.8,2.9802773266657243,12.229500837197882,0.0,0.056931370376633726,0.046927229660604315,0.03727977252587356
2024-12-29,4460000.0,-7.7,-1.5,3.6216464864267017,6.78518805627205,0.020000000000000004,0.06624446232460747,0.05974898886856752,0.06424417782724838
2024-12-30,6850000.0,-8.1,2.8,4.545452908490638,11.756602860624884,0.04000000000000001,0.071583869702511,0.06076694489533496,0.07236242511711817
2024-12-31,11800000.0,-9.2,-2.5,2.1266279952230067,10.771897580292505,0.0,0.20539281255872077,0.18912187398407004,0.14838928530015072
2025-01-01,11340000.0,-7.0,1.3,3.4672781077413535,7.1742813281359075,0.0,0.11744774985818743,0.09968426271579409,0.11892368899049824
2025-01-02,11580000.0,-8.8,1.3,1.7154650523225263,8.120077281281903,0.0,0.2327114885370487,0.2152297650845262,0.21584851895790824
2025-01-03,11460000.0,-9.4,-4.3,2.400361560585967,11.09813732362451,0.03,0.15599442583214856,0.1408928211451734,0.10633206827911608
2025-01-04,11600000.0,-7.5,-1.7,2.633036309069842,4.965428754016468,0.010000000000000002,0.10233835042267554,0.08544429390023979,0.1138444584224054
2025-01-05,2480000.0,-3.6,-0.6,4.90083567118863,5.180926566125681,0.29,0.03636987638391602,0.03236710119484459,0.037784018036267145
2025-01-06,7680000.0,-12.4,-1.5,3.077743976685527,13.160331664502957,0.17,0.09132405565923571,0.08125018735345294,0.07287646024506114
2025-01-07,9680000.0,-10.2,-5.2,2.759475039310515,9.832087677482878,0.09000000000000001,0.08681532393833376,0.07455546215438773,0.0627757229965399
2025-01-08,9210000.0,-16.7,-3.2,2.549072455973666,11.753609835456702,0.13999999999999999,0.06832271459865691,0.0578736765751728,0.06140008710651161
2025-01-09,8620000.0,-20.6,-11.8,1.1754954862670906,14.12109274348987,0.020000000000000004,0.10620772546844444,0.0992769254670842,0.0593081842454211
2025-01-10,12090000.0,-14.4,-9.2,1.8481239755548557,8.625898534704918,0.0,0.08057958020760816,0.06811860689617759,0.05896564268915407
2025-01-11,7570000.0,-12.5,-6.7,2.3963208992733955,8.718682314918608,0.0,0.0712846603008562,0.06254375077877354,0.05433524623771344
2025-01-12,11210000.0,-10.4,-4.2,2.6225173972949363,9.948815659042037,0.0,0.11540014306718613,0.10093310904999768,0.08353411443916818
2025-01-13,10840000.0,-8.6,-2.2,3.2705511938784366,7.012657969053999,0.05,0.08338746940769168,0.0681392508512429,0.07522787388987276
2025-01-14,11040000.0,-12.1,1.5,3.2631051753084885,10.80182783197434,0.04000000000000001,0.1385399146923651,0.12294201241572238,0.10958376448234593
2025-01-15,12220000.0,-12.5,-7.1,1.9809766106464344,12.199570585516048,0.0,0.14336544071655266,0.12939618118543367,0.08524910346534564
2025-01-16,8430000.0,-9.0,-3.0,3.1418870191699155,9.517820034823608,0.0,0.09765680394105264,0.08611047488461145,0.07262969184580426
2025-01-17,12460000.0,-7.3,0.9,1.857756649960326,3.4180347420655854,0.0,0.12628193561147158,0.10703977916080112,0.16024576007131378
2025-01-18,12280000.0,-5.8,4.8,1.141302752850718,2.738618028887925,0.0,0.1412023270208565,0.12012987579215903,0.20668590381077728
2025-01-19,12010000.0,-5.2,2.8,3.577589559548434,3.9328350709931517,0.0,0.11039611700201002,0.09032348620469481,0.1307809250355133
2025-01-20,12260000.0,-7.2,2.0,3.5960815205179975,4.770882118084538,0.0,0.10329144563326968,0.08389266290303879,0.11475422881469284
2025-01-21,12960000.0,-5.2,2.5,2.6719275033511147,4.1483328831023645,0.0,0.1453304197191695,0.12379396511011871,0.16958227615645738
2025-01-22,11110000.0,-5.6,3.9,3.590293689871159,5.153989339612029,0.0,0.13920836844045606,0.1203918683964234,0.15299153688379827
2025-01-23,13110000.0,-4.6,5.4,1.9164986343411188,3.3222579366837124,0.0,0.16291874217083646,0.1396683813471444,0.21630003377601908
2025-01-24,13400000.0,-5.0,5.8,1.9464859541835382,3.0139763443608096,0.0,0.15333717499072358,0.12957250412592775,0.2092945132971714
2025-01-25,10870000.0,-5.5,2.3,3.895003244088589,6.716348477403829,0.0,0.1362970873284014,0.1184068611739569,0.12602711612368633
2025-01-26,7380000.0,-4.0,0.8,3.696936977301474,5.234801019152985,0.47000000000000003,0.12126324241153438,0.10911698031219674,0.11925371305681813
2025-01-27,4740000.0,-9.7,-3.7,2.779682532363932,13.681118043766892,0.8,0.15036687207367333,0.14407745666884356,0.08649836081151666
2025-01-28,5730000.0,-11.2,-6.4,2.886516591728171,13.818797201503333,0.5599999999999999,0.06186675089491357,0.054983441434074506,0.0329013464709816
2025-01-29,5450000.0,-12.1,-8.6,2.4165849215331545,13.169310740007507,0.04000000000000001,0.07480226801057573,0.0687435276532319,0.03867802369942264
2025-01-30,11150000.0,-11.0,-3.0,2.926787166650544,5.378466227225794,0.0,0.07990908153403133,0.06531738254974484,0.07244568309150726
2025-01-31,8359999.999999999,-4.4,2.2,4.861346623922624,3.0917949987335804,0.5900000000000001,0.06916532237331666,0.05513971724150479,0.075159128619218
2025-02-01,4390000.0,-6.7,0.4,4.529791736585234,3.361167263870098,0.53,0.041650196741003356,0.034856791558225485,0.0475897146551384
2025-02-02,14300000.0,-9.7,2.1,3.4482593362240923,7.829753839968101,0.020000000000000004,0.1438002364326279,0.1222572319940501,0.12610010653004972
2025-02-03,15310000.0,-15.3,-7.8,1.7554422133219172,16.43170817332755,0.0,0.18248480759091817,0.16649433367044159,0.08300951588510551
2025-02-04,12610000.0,-16.1,-10.8,1.7359567422971203,13.540445860862263,0.05,0.10312126889056103,0.09124091102205614,0.04866465565572431
2025-02-05,12700000.0,-18.1,-10.1,1.4664624568794318,10.080508766442112,0.0,0.10557368335541048,0.09403709422452933,0.06420213601948077
2025-02-06,15520000.0,-14.7,-7.5,2.0167033645570567,6.868992760981189,0.1,0.09665533578876814,0.08005766949553261,0.06800439512887999
2025-02-07,9470000.0,-17.0,-9.0,1.5432529100062384,16.56639430589581,0.12,0.16270624363208475,0.15355932823767454,0.07555646278486153
2025-02-08,13020000.0,-15.6,-11.1,1.7323247727304456,10.340901956074077,0.0,0.09493265474692449,0.082597665866767,0.05021940674021201
2025-02-09,15100000.0,-14.4,-7.0,2.26095637947981,8.479240301463925,0.0,0.09497075469577473,0.07848333011614378,0.0588698326306825
2025-02-10,9320000.0,-15.2,-6.7,2.2033450573147024,6.56370419382647,0.0,0.07145096150489515,0.06140559470995749,0.05563689768318334
2025-02-11,16480000.0,-7.5,2.0,2.2533000963766328,2.7356250037197416,0.8300000000000001,0.15118709580545406,0.1252677275193467,0.1656868218157182
2025-02-12,3210000.0,-12.1,1.7,3.4751363978816276,13.899608881044287,0.22000000000000003,0.14333948990007778,0.13878433355663594,0.10001405551821921
2025-02-13,17050000.0,-8.7,-2.7,2.7176446312614813,10.930527914206232,0.0,0.21564491959741203,0.19197726097721263,0.12331183723630339
2025-02-14,16870000.0,-8.0,2.1,2.476631637177181,2.8972483628016517,0.0,0.15372560536494986,0.12740643392380888,0.1626799179313442
2025-02-15,6260000.0,-6.3,2.0,2.8903305461355244,3.9507932220022526,0.0,0.13744553318029912,0.12736164525170218,0.1469035556938745
2025-02-16,16250000.0,-9.9,3.3,3.513530611708262,11.879316892520407,0.0,0.25075970639952117,0.225767192548962,0.15596048968837278
2025-02-17,17470000.0,-12.8,-2.9,1.9224629361294439,14.20789047336719,0.0,0.2861685621284483,0.26419927765541,0.1505122859706412
2025-02-18,17790000.0,-12.5,-5.1,1.7949994244226628,15.818138013849927,0.0,0.29600144073188867,0.274630746960802,0.1348748577732159
2025-02-19,17990000.0,-13.7,-4.9,1.7825532477702286,11.541105048515671,0.0,0.22843249295131485,0.20734706496848992,0.1267672038535959
2025-02-20,18000000.0,-13.5,-4.2,1.7993738614174841,10.972430266560801,0.0,0.23194746225016463,0.21037731429067966,0.13509943847070663
2025-02-21,17530000.0,-12.6,-4.3,1.9231266566549894,11.187928078670016,0.03,0.2300160841243791,0.2085963086944965,0.13111342416301727
2025-02-22,18100000.0,-13.3,-4.0,1.9297751055743764,8.895270799841434,0.0,0.19877371779069045,0.17687100201486985,0.12775656119020232
2025-02-23,15880000.0,-12.8,-6.2,1.8315327977785565,14.983083991926724,0.0,0.2509926196048672,0.23256449852356886,0.11535972004151962
2025-02-24,18720000.0,-11.6,-2.8,2.11142903895895,9.514827009655423,0.0,0.23405383862495333,0.20978186923713701,0.14415599080726918
2025-02-25,15920000.0,-5.8,1.5,3.3425874005547027,10.197236748001268,0.0,0.27191294750725215,0.24626829961216212,0.1726753031674328
2025-02-26,18120000.0,-6.1,2.5,1.9033036509556331,6.494864614958248,0.0,0.30849921221811377,0.2789074003290953,0.2572823044179978
2025-02-27,18840000.0,-0.4,8.3,2.68530217114408,2.6548133241787863,0.12,0.24953931222397413,0.2118773498394364,0.2725342987776249
2025-02-28,12010000.0,0.2,8.2,5.817930691621044,2.7595692050652096,0.010000000000000002,0.16626614752946406,0.14206883900623768,0.16679191459518034
2025-03-01,6160000.0,2.3,7.8,7.77025936730722,2.7984785322515955,0.22000000000000003,0.09517724287771426,0.08243856042194962,0.09508548428278743
2025-03-02,8210000.000000001,-3.3,11.7,7.4002584937059614,10.984402367233535,2.18,0.18784867662916307,0.1713074690541682,0.15279340587535564
2025-03-03,9230000.0,-4.7,-0.5,4.028804875554402,16.52449195354124,0.54,0.22171322363380921,0.20710875670069084,0.10097227782068782
2025-03-04,5060000.0,-4.5,-1.8,4.435429369368579,7.82077476446355,0.6400000000000001,0.07712402886267185,0.0692938169663493,0.04963225106520099
2025-03-05,5630000.0,-5.3,0.3,4.876501241490257,3.172606678274536,0.15000000000000002,0.05887749200208362,0.04993354016297982,0.052078164770078414
2025-03-06,13370000.0,-7.4,1.5,3.2114032957810754,5.192898666798415,0.03,0.18121082522763995,0.16035206279918385,0.1504773733093852
2025-03-07,18110000.0,-3.6,3.9,3.5845141295374696,2.903234413138019,0.010000000000000002,0.2078374895047293,0.1760089138258838,0.1903668201205456
2025-03-08,11190000.0,-6.3,2.9,4.142965992680687,4.59429363316171,0.12,0.1452265097006989,0.12688086954839242,0.12474804945756764
2025-03-09,20540000.0,-3.1,6.7,3.3026339264368123,2.6967156765333553,0.0,0.24824200275756905,0.2099799230545174,0.24045605792424052
2025-03-10,16950000.0,-1.7,7.1,3.739895484687226,2.6967156765333553,0.0,0.23170794537175277,0.19916345696123128,0.22809961268407813
2025-03-11,20540000.0,0.9,11.4,3.5248944658790844,2.642841223506052,0.0,0.3019009612385956,0.2580240330188673,0.31503916914961183
2025-03-12,15110000.0,-1.7,8.5,5.175699093684537,8.754598616936809,0.0,0.3198541940097921,0.2901727952496199,0.23871956801926367
2025-03-13,17540000.0,0.5,9.0,2.659497973519949,5.806468826276038,0.0,0.4118239965168626,0.37588040099230724,0.37819375772409247
2025-03-14,20830000.0,-1.1,10.8,3.934974508649664,8.108105180609169,0.21000000000000002,0.4677335938349369,0.42491782811418377,0.3776981389866249
2025-03-15,11020000.0,-2.6,3.2,5.099415114651295,7.769893336604431,0.19,0.17948568386746297,0.16001229198777417,0.1193900189454818
2025-03-16,9980000.0,-8.1,1.2,2.9471091143660413,15.458974993667903,0.27,0.33454983891065176,0.3192950182253639,0.17650809892231087
2025-03-17,21510000.0,-7.0,-0.1,2.3706037315182735,9.326266424059863,0.27999999999999997,0.35243273013078297,0.3196894079199531,0.21359363802298437
2025-03-18,10120000.0,-11.1,-3.7,3.1193541711685757,10.89461161218803,0.45,0.11433427364923629,0.10133488674438426,0.059391518204210444
2025-03-19,22010000.0,-7.3,-1.1,2.817693365769963,7.50650712180428,0.0,0.2747600743688497,0.24215449468717193,0.16784194743252442
2025-03-20,22220000.0,-2.1,6.5,4.9130431674340045,8.482233326632107,0.0,0.3556615061161706,0.3137042207835694,0.22904984011357704
2025-03-21,22090000.0,1.2,13.7,4.574050734201023,9.1556639894734,0.0,0.6086446663777827,0.5597009618330011,0.4610013507715779
2025-03-22,21970000.0,2.9,16.0,4.375790268767577,8.54209382999578,0.0,0.703167713421458,0.6518656674621118,0.5465804420438455
2025-03-23,21750000.0,4.0,18.2,4.663719858725415,6.189576047803529,0.0,0.6696886056545848,0.6168221571118033,0.5538267028361552
2025-03-24,20560000.0,0.7,15.3,7.273943082747143,8.173951734309206,0.1,0.5025571974030874,0.4563206074178254,0.3475664836769914
2025-03-25,22290000.0,2.4,18.4,5.275726876249485,10.58932304503331,0.0,1.017171306193101,0.9638879067286299,0.6030839965088735
2025-03-26,22180000.0,6.2,17.7,7.200784626965841,7.790844512781715,0.08000000000000002,0.5854074139272294,0.5304300683903274,0.4963229051358938
2025-03-27,12470000.0,-2.4,19.0,8.161275810360797,9.9188854073602,0.17,0.45723435350477154,0.4289665527437177,0.37320909143138736
2025-03-28,20750000.0,-6.8,4.3,2.8922392028129167,9.101789536446098,0.0,0.3885845674864439,0.3539706967981796,0.25757469053879306
2025-03-29,21100000.0,-9.1,2.0,2.282517362949077,12.298340416066102,0.05,0.43542834949923365,0.40330914454114397,0.24368954535488144
2025-03-30,18180000.0,-5.8,0.1,2.771399980715262,8.224833162168327,0.0,0.31510513712211374,0.28662716567161006,0.19780143144433052
2025-03-31,20900000.0,-2.4,6.4,3.4897723278587263,4.53443312979804,0.0,0.3360262187536174,0.29682738553974974,0.27786882916443956
2025-04-01,23250000.0,-0.2,9.7,3.267358197084412,2.807457607756146,0.0,0.35423817430285853,0.3065934424929433,0.3319069269838667
2025-04-02,20220000.0,-3.7,11.3,4.051926360901522,4.408726072734332,0.010000000000000002,0.41044151913403787,0.3702118939014631,0.323597962238752
2025-04-03,18300000.0,-0.4,8.2,5.148567098059378,2.954115840997139,0.010000000000000002,0.27193882501054245,0.23541395017619457,0.23547420165034208
2025-04-04,20210000.0,-0.0,11.2,4.89169768607181,3.5916302018202293,0.010000000000000002,0.3427865385862731,0.30030171867370825,0.3091292244120516
2025-04-05,8320000.0,-2.1,7.8,6.3934064407472695,10.694078925919735,0.58,0.1953966504328882,0.1793428597173554,0.13508975868730982
2025-04-06,24380000.0,-0.1,9.2,3.514665531652048,8.922208026355088,0.0,0.5775481607447208,0.5278929465981335,0.40561873851956964
2025-04-07,24390000.0,4.6,14.9,4.909988771396525,8.700724163909506,0.0,0.6822955903256929,0.6249137072432893,0.5335141171516978
2025-04-08,24540000.0,1.5,13.4,5.0147870013963916,7.997363249386377,0.0,0.5733133636162794,0.5189413170101707,0.44113562880907625
2025-04-09,20060000.0,3.3,14.9,6.602721584840084,5.171947490621131,0.32000000000000006,0.42913159428802194,0.3827034290294881,0.3750211282575832
2025-04-10,18840000.0,2.1,12.8,6.602721584840084,5.665796643371412,0.0,0.38515279535037467,0.34340995272367997,0.3150621906061355
2025-04-11,24540000.0,4.3,17.4,5.605009747017855,4.052556077720492,0.0,0.5338015497976433,0.4745042350686986,0.4756419064794054
2025-04-12,11340000.0,-3.6,12.4,6.399194203534083,14.186939297189907,2.47,0.4755433214424546,0.4525535415444968,0.25716598522229345
2025-04-13,17940000.0,-4.4,3.6,3.5385741528440677,12.031961176097768,0.86,0.41970742660660293,0.38880786687879737,0.2314016898612961
2025-04-14,13230000.0,-2.6,2.9,5.19332246904099,9.586659613691829,0.8300000000000001,0.22096260013788624,0.19771069200806152,0.11951630919943516
2025-04-15,23070000.0,-0.9,8.6,4.9023601376489,9.939836583537485,0.0,0.4918465709049178,0.4458739244984466,0.30584306425674124
2025-04-16,22770000.0,8.5,17.5,8.163668566513238,10.685099850415183,0.0,0.7343014600359086,0.6765368771593285,0.5286237491656609
2025-04-17,23070000.0,9.7,19.7,12.334591523889404,10.014662212742074,0.0,0.6037102178791889,0.5430780236042543,0.4159339416751647
2025-04-18,23230000.0,10.4,20.6,13.229290329672326,7.4556256939451595,0.020000000000000004,0.5564173788947415,0.4943963516068214,0.41194552356867586
2025-04-19,17680000.0,10.7,18.7,13.254936445123464,8.323602992718381,0.78,0.4525462364626535,0.4060799514699858,0.3228309342534281
2025-04-20,13680000.0,8.7,19.1,12.789264098207319,4.079493304234145,0.27999999999999997,0.30748342711697474,0.27211147476001574,0.2702998559209747
2025-04-21,16230000.0,8.4,16.6,11.545396644126312,5.905238656826094,0.43,0.36348436931928807,0.32275791790656194,0.27831569227214564
2025-04-22,4270000.0,8.5,12.2,13.156255828889854,6.378136633399091,1.33,0.07574273449592898,0.06554780337613,0.051953354586334086
2025-04-23,16469999.999999998,4.3,17.4,10.209348013666347,4.9774008546892015,0.010000000000000002,0.3542118316908096,0.3144144896539017,0.29082370814440395
2025-04-24,23770000.0,1.8,16.4,5.658448656320861,11.32860026157464,0.0,0.9059408485492337,0.8509260186292265,0.5321987979356353
2025-04-25,26380000.0,1.5,10.4,2.961701483822608,11.538112023347487,0.0,0.8118833685842513,0.7558567413434703,0.5196603867463125
2025-04-26,26290000.0,4.6,15.3,4.009626439438736,7.380800064740572,0.0,0.7131750074798582,0.6510161677544282,0.5842937888232008
2025-04-27,19660000.0,4.9,16.8,5.7088474504263935,5.863336304471525,0.0,0.5421804311185074,0.49467492143753544,0.48995895378841714
2025-04-28,26240000.0,0.9,14.4,5.715830080295424,8.138035432291003,0.0,0.6561576533611684,0.5977013125107956,0.4420851749167441
2025-04-29,26960000.0,5.3,14.3,5.306721189433694,4.720000690225418,0.0,0.564842041981944,0.5013349938773156,0.4747343409037528
2025-04-30,25980000.0,4.2,19.7,6.763152120700615,6.9976928432130805,0.0,0.8254802956710009,0.7610839279050533,0.5762118621950918
2025-05-01,12440000.0,1.2,15.1,9.755111089229855,11.086165222951774,1.3900000000000001,0.28886266251727766,0.2607747212585943,0.19750877840009345
2025-05-02,25090000.0,4.7,11.7,6.688529909591407,7.24312090700413,0.9400000000000001,0.5383667715361657,0.48164148036524523,0.3697227621576986
2025-05-03,9330000.0,1.2,8.6,7.7611000826205565,9.407078103600817,1.5,0.1946590835547219,0.17545226714537715,0.12145554269970207
2025-05-04,27630000.0,3.5,12.6,4.203775223893245,7.428688467431508,0.0,0.6723008931396313,0.6100817936143019,0.5049803438423971
2025-05-05,8230000.0,3.6,12.5,7.0585187724885445,4.405733047566148,0.44000000000000006,0.24936001463195728,0.23082714495792683,0.24096729936125483
2025-05-06,6690000.0,1.6,7.8,8.547096248918654,2.7924924819152284,0.79,0.10038859247968741,0.08670012514035585,0.08074078348255588
2025-05-07,25790000.0,5.6,14.7,7.688168171694734,3.513811547447458,0.0,0.480123141762713,0.4188465276839074,0.3898303449614887
2025-05-08,23770000.0,7.1,15.5,8.45780066649308,8.20388198599104,0.44000000000000006,0.5985407542807458,0.5404939111502987,0.4220564769770275
2025-05-09,3820000.0,6.4,11.2,11.409703412514638,15.252456257063242,1.8100000000000003,0.062472790678224956,0.05369945029121587,0.031301851022330636
2025-05-10,6370000.0,5.1,7.1,9.211749086303753,12.00502394958412,0.47000000000000003,0.11889535217476102,0.10530758520730402,0.052561767765484414
2025-05-11,19560000.0,4.1,13.9,8.158883672938563,6.159645796121694,0.24,0.42085474843031323,0.3756995446034524,0.31488286306474594
2025-05-12,27670000.0,7.8,16.5,8.0969048252633,5.315612698693939,0.0,0.6084365276393805,0.5395417161055625,0.47628320440661087
2025-05-13,23890000.0,9.4,18.2,8.484997722074501,4.905568250652797,0.0,0.581698982874047,0.5200556807834826,0.49259435924378253
2025-05-14,25700000.0,10.2,19.1,11.927572007450951,5.788510675266937,0.21000000000000002,0.5836247045026768,0.5161480561273252,0.4337268416848393
2025-05-15,12010000.0,13.7,17.5,16.107481316633358,6.6744461250492595,0.19,0.28861627344540164,0.2564892951993206,0.19431741248231574
2025-05-16,6880000.0,11.1,15.9,14.622228032926015,6.892936962326657,4.2299999999999995,0.16923012185315328,0.15158906957895038,0.1205154989893052
2025-05-17,22760000.0,5.5,20.2,12.497305305687599,9.257426845191642,0.06999999999999999,0.5518387352978867,0.49428684287249575,0.35295782395476555
2025-05-18,25290000.0,7.4,14.8,6.724741238339165,4.621230859675362,0.0,0.5589374897450405,0.49746657095667546,0.45783061707607126
2025-05-19,20100000.0,13.0,17.1,13.81509670353525,10.936513964542598,0.0,0.546127736049547,0.4929326118496136,0.3216389703610716
2025-05-20,25090000.0,13.0,23.9,17.080929536503028,5.159975389948396,0.0,0.5902552787763513,0.5195978295442221,0.44601044462002515
2025-05-21,16160000.0,14.6,21.4,17.591416492715737,4.483551701938921,0.020000000000000004,0.39194785825465234,0.3467869281396796,0.3018529928933794
2025-05-22,18710000.0,9.4,20.6,15.195446513216481,5.956120084685214,0.86,0.40221078932615384,0.3527431700970149,0.2914504158489071
2025-05-23,14970000.0,8.4,14.9,8.85078260819715,8.554065930668513,0.010000000000000002,0.49209971363438115,0.4552461706804391,0.36668810009743086
2025-05-24,10480000.0,4.5,11.9,9.50049635284362,4.7499309419072535,0.11000000000000001,0.21282579256548853,0.18913184870453803,0.16418927325085345
2025-05-25,26500000.0,7.5,15.8,9.638137714023914,4.944477577839183,0.0,0.5375767394248994,0.4723383367342204,0.3943941221585042
2025-05-26,26320000.0,9.0,18.0,9.64645178041433,2.7505901295606594,0.03,0.5253044231025392,0.45781714172797255,0.43958124200297044
2025-05-27,26600000.0,9.6,18.3,10.194785049287605,4.690070438543582,0.26,0.5911068191906247,0.5222567049981193,0.4647533054726708
2025-05-28,26340000.0,9.9,19.8,11.001663586088002,2.7745343309061274,0.08000000000000002,0.5427552455306965,0.47332134305937873,0.4543449595966017
2025-05-29,24320000.0,8.5,18.9,10.99543984018898,3.504832471942907,0.18000000000000002,0.5048712829834658,0.44224940112364425,0.4109562357929123
2025-05-30,28450000.0,8.5,19.2,9.693684286144544,4.223158512306953,0.0,0.6118523572410539,0.5383664414259549,0.4958689477304348
2025-05-31,25350000.0,10.7,19.7,10.893194459078444,4.16928405927965,0.0,0.5807440674062241,0.5134566857132759,0.47613339981209907
2025-06-01,22910000.0,13.3,21.9,12.075419540852389,2.618897022160584,0.0,0.5321981934711195,0.4686178048990615,0.46960941959222896
2025-06-02,6900000.0,10.1,16.4,12.993222368436426,4.690070438543582,0.67,0.19989259738811044,0.1822939536047748,0.1777862104983367
2025-06-03,25000000.0,7.9,17.9,9.96425267937043,11.735651684447602,0.0,0.7279470466288493,0.664662333785264,0.46268172354472925
2025-06-04,29190000.0,7.7,18.6,8.158883672938563,11.72667260894305,0.0,0.9069917811476993,0.8327010410347185,0.6024315852660249
2025-06-05,26140000.0,11.2,19.7,9.171895048103694,5.1180730375938275,0.0,0.6664758749363814,0.59675298958619,0.5578643030897913
2025-06-06,16950000.0,13.2,20.9,10.727688258811263,4.699049514048133,0.0,0.5225880036676221,0.4760058753268591,0.4810595337685493
2025-06-07,26810000.0,12.7,22.7,13.547414391937343,4.049563052552308,0.0,0.6329412182342515,0.5584069562441909,0.5169784252978642
2025-06-08,21700000.0,13.9,22.7,16.361597634324003,3.807128013929443,0.0,0.5154358833442518,0.45448040420259117,0.41120331009264477
2025-06-09,23220000.0,14.1,22.9,16.190342262420128,3.046899621210828,0.09000000000000001,0.5343942594033356,0.46894783654303324,0.4334038929881638
2025-06-10,23700000.0,10.2,23.2,13.339510128128767,7.808802663790814,0.0,0.6880205785679272,0.623300584741042,0.5127228405497876
2025-06-11,28660000.0,12.7,21.9,10.788726916564494,5.722664121566899,0.0,0.7565448743298577,0.6774278131762157,0.6190381657283833
2025-06-12,23890000.0,13.4,23.2,13.2622719265579,3.28634163466551,0.0,0.5786082800409114,0.511501072819977,0.5008111376479516
2025-06-13,5170000.0,14.0,17.2,16.12489474131194,3.96575834784317,8.0,0.14700581678185484,0.13317596852771335,0.1352984344685089
2025-06-14,12430000.0,15.4,22.0,19.90538111237382,2.7535831547288425,0.7000000000000001,0.2897143596208036,0.25456219676640224,0.23308224693295604
2025-06-15,23220000.0,17.4,24.4,20.355038195002162,6.051896890067086,0.66,0.6088510185197417,0.5408501402625593,0.43390158928682593
2025-06-16,14920000.0,14.2,20.9,18.052619909200438,7.488548970795177,0.8800000000000001,0.3761702302840012,0.33480027238730836,0.252203938880556
2025-06-17,21950000.0,13.5,21.9,18.34317530080849,5.37547320205761,0.76,0.48727394558116605,0.42625092988993785,0.329531244553693
2025-06-18,27850000.0,16.9,23.3,16.12925067713423,3.468916169924705,0.0,0.6726634357767141,0.5920998571195147,0.539207113344925
2025-06-19,21690000.0,17.7,23.8,19.712381314085473,5.917210757498827,0.06,0.5832539515821631,0.5198777923895257,0.4261365614221676
2025-06-20,8289999.999999999,18.3,20.8,21.32001485262871,15.692430956786218,3.1300000000000003,0.28568582044844437,0.26191298540976693,0.15382808478802112
2025-06-21,4640000.0,12.2,19.6,17.071769490937108,5.848371178630607,7.1000000000000005,0.12921514352974786,0.11673171945822143,0.12435548665993564
2025-06-22,22410000.0,13.2,20.4,13.964101409777507,4.55239128080714,0.0,0.5395829097937962,0.47827381664873575,0.4219843561270452
2025-06-23,27710000.0,14.2,23.5,15.52094323162746,3.364160289038282,0.0,0.6396417530461106,0.5610817306238907,0.5139082737609917
2025-06-24,6420000.0,14.9,18.1,17.030602568721847,7.656158380213456,2.22,0.2085587478851348,0.19109133922776173,0.1565868756393427
2025-06-25,17570000.0,13.7,19.4,16.383667958431545,8.45828912528664,0.19,0.44402897069037905,0.3961807557211702,0.28090462944002165
2025-06-26,22220000.0,14.1,20.7,16.994082852994723,6.620571672021956,0.04000000000000001,0.5265184643297869,0.4650702076376369,0.34865046494417806
2025-06-27,26080000.0,18.3,24.4,20.142339114269816,2.681750550692438,0.0,0.6203081472891663,0.5434169376215552,0.4842585616268881
2025-06-28,23520000.0,18.3,26.1,22.627745529082212,2.9660879416698727,1.2000000000000002,0.5770917110355696,0.5068894036292524,0.4450819900491978
2025-06-29,27450000.0,17.1,25.8,20.93917879272838,3.4659231447565215,0.0,0.6595415224867132,0.5784918327822263,0.5002172256138182
2025-06-30,25850000.0,18.4,25.8,21.40918554138461,4.648168086189014,0.0,0.664827475407023,0.587780289910189,0.4944054458545798
2025-07-01,20390000.0,17.5,24.8,23.12472984209061,4.22914456264332,0.37000000000000005,0.48790914468668767,0.4279717954586573,0.3450299824019797
2025-07-02,25350000.0,18.9,26.8,23.346650627625685,3.974737423347721,0.0,0.6443408368894021,0.5679857271983505,0.48062343786919215
2025-07-03,27050000.0,15.8,26.0,20.791784896528377,5.01032413153922,0.0,0.6597967836385528,0.5805795675809824,0.479660405374213
2025-07-04,23360000.0,17.2,25.4,20.710292480518863,5.444312780925832,0.0,0.6093839812350079,0.5405629982034441,0.45048782614446425
2025-07-05,26400000.0,18.3,26.3,22.05402888949012,6.617578646853773,0.0,0.7100268709805062,0.6311167071406543,0.49788149314518926
2025-07-06,26620000.0,18.0,26.6,22.78056592661001,5.387445302730344,0.0,0.6804091902765149,0.6008414417379975,0.4834194300521748
2025-07-07,26360000.0,19.8,29.3,24.11641280460688,3.0648577722199293,0.010000000000000002,0.6918560949599005,0.6106528995546692,0.5513287983458279
2025-07-08,25600000.0,17.6,27.2,22.07696022451055,5.091135811080175,0.1,0.6682645287970076,0.5916376641883071,0.5009175709246593
2025-07-09,28120000.0,16.7,26.9,16.383667958431545,6.10577134309439,0.0,0.814734406523763,0.7312816713203183,0.6690860744046379
2025-07-10,26760000.0,15.7,26.3,17.117612830128245,8.224833162168327,0.0,0.8097838508467865,0.7312979055834165,0.6194704237715385
2025-07-11,27320000.0,14.5,26.0,15.955816206632788,8.637870635377652,0.0,0.8282179870646541,0.7490024373476319,0.634569078779372
2025-07-12,26780000.0,17.9,26.5,18.149020260166612,4.0196328008704745,0.05,0.7050624573178172,0.6251297280516108,0.5805082514474755
2025-07-13,10760000.0,14.2,24.7,19.20401247871774,5.255752195330269,3.4000000000000004,0.3178352452358876,0.28702893159469156,0.28501709952804577
2025-07-14,21630000.0,14.4,21.9,17.709284179214748,7.853698041313567,0.58,0.543288843265717,0.48268535450005484,0.3581285499374391
2025-07-15,15290000.0,14.9,19.8,17.884998792376873,6.270387727344484,0.27,0.3657912874576051,0.3235450864005883,0.24599602610317692
2025-07-16,8970000.0,16.9,19.5,20.195330606347547,8.850375422318681,0.76,0.22403532743893967,0.19888144443701866,0.13142284870399998
2025-07-17,7330000.0,16.8,20.8,21.414769530201546,7.296995360031433,2.45,0.17533930399873512,0.15457542468268637,0.11086657499347699
2025-07-18,17870000.0,17.9,24.1,22.082696316638383,6.357185457221806,2.29,0.46656833179950913,0.414156379562722,0.3231089679703463
2025-07-19,9300000.0,17.3,21.0,22.04829931285367,6.515815791135534,1.1800000000000002,0.21030814634822356,0.18381131333258866,0.1278052221200168
2025-07-20,20520000.0,18.0,24.8,21.808830023680038,5.9441479840124805,0.08000000000000002,0.5385141313709834,0.47797073407766566,0.38421620293248626
2025-07-21,20560000.0,18.2,24.7,22.30163626758014,3.430006842738319,0.66,0.499105534549798,0.4383994645926304,0.3767758266820017
2025-07-22,24010000.0,18.4,25.6,22.122885483412958,2.4572736630786736,0.17,0.5715669468883268,0.5001061834010639,0.4472469952122916
2025-07-23,24980000.0,19.1,26.8,22.042571038563203,2.211845599287625,0.05,0.608509530554975,0.5331654662948146,0.4899701122209724
2025-07-24,26430000.0,18.9,27.4,20.764589625464993,4.13636078242963,0.0,0.6991850782462897,0.6192498302034406,0.5597356763510952
2025-07-25,26520000.0,18.9,26.4,22.30163626758014,7.40474426608604,0.0,0.7319508006276296,0.652292271242884,0.5065375128475773
2025-07-26,24790000.0,19.4,26.2,22.5926068971223,8.589982232686715,0.0,0.7190332665249964,0.6444163356643807,0.4863453466685842
2025-07-27,25980000.0,19.2,26.6,21.91687799074168,5.360508076216692,0.0,0.6958874495169061,0.6175809387530604,0.5199506832662516
2025-07-28,23860000.0,19.1,27.7,23.43714766668172,2.7655552554015768,0.0,0.5979351744977693,0.5255288161516027,0.47531375767952466
2025-07-29,27690000.0,17.3,27.3,19.806067422570663,4.528447079461673,0.0,0.7148176405378127,0.6320516391466953,0.5684695374672353
2025-07-30,26400000.0,17.7,27.0,18.741921749107046,6.650501923703791,0.020000000000000004,0.7684676010399689,0.6895017464162683,0.60713682726062
2025-07-31,27310000.0,18.7,27.0,18.821578479591942,4.923526401661898,0.0,0.7475274934524778,0.6652687934263389,0.6080715232708094
2025-08-01,25830000.0,19.8,28.4,21.081977235085862,2.4123782855559206,0.010000000000000002,0.6543127873742977,0.5752007957080678,0.5479803672473662
2025-08-02,23690000.0,21.2,28.3,22.10565372616794,2.331566606014966,0.03,0.6177558108712109,0.5445928588959911,0.5188972672243002
2025-08-03,10400000.0,19.9,24.2,23.51582639483287,8.38944954641842,4.46,0.34322627386194365,0.31225068549669605,0.2516326831937321
2025-08-04,19740000.0,20.5,25.3,25.061649520729873,5.270717321171187,0.5,0.5090923082679769,0.4495938278030688,0.3525577577224448
2025-08-05,21540000.0,19.8,26.0,23.88810363690752,7.934509720854525,0.35000000000000003,0.6057642344301591,0.5408403606097882,0.4085848054241724
2025-08-06,15830000.0,19.5,23.7,24.22817019042855,10.032620363751175,1.1900000000000002,0.41698354702867346,0.37014060250443276,0.2381729550222854
2025-08-07,20240000.0,14.4,23.7,19.239576604484444,7.183260403640459,0.010000000000000002,0.49680533884420974,0.4392335785214668,0.34665827463255494
2025-08-08,18540000.0,17.6,23.9,19.229409543623277,2.211845599287625,0.0,0.4405803624920601,0.3864082098211751,0.37013672453844393
2025-08-09,7600000.0,16.8,21.1,19.832160441641935,3.8161070894339937,3.98,0.20680945623582464,0.1852271782801496,0.1773437828128903
2025-08-10,21090000.0,17.9,24.9,20.726568558553492,2.9481297906607717,0.11000000000000001,0.5063605061186262,0.44413534778938296,0.4054773066560363
2025-08-11,8199999.999999999,14.6,22.0,19.402891183919294,4.088472379738694,1.2400000000000002,0.20901559577831658,0.18598172808423283,0.17968374461451614
2025-08-12,5550000.0,17.0,20.3,20.44066685672311,4.450628425088901,3.85,0.15043950840828602,0.13475716874696952,0.12495333996492927
2025-08-13,19440000.0,19.1,24.5,22.698166229861844,7.509500146972464,0.13,0.5246730008550966,0.4669802137869965,0.35417621433987223
2025-08-14,21830000.0,19.1,24.9,23.01148908325849,6.120736468935308,0.15000000000000002,0.5567072513229185,0.4917348037207967,0.3830893534359262
2025-08-15,23350000.0,18.1,25.7,22.83367521022918,4.2500957388206055,0.06999999999999999,0.5613027538844926,0.4919060691610241,0.41142243285019775
2025-08-16,25470000.0,15.9,26.3,20.933703494029995,3.8699815424612973,0.0,0.5923906833003165,0.5175762884138871,0.455812267325222
2025-08-17,24750000.0,18.2,25.4,21.347845711564695,3.666455831024818,0.0,0.5911460377791906,0.5176945727619338,0.452819908657555
2025-08-18,21490000.0,18.9,25.9,22.25538650035148,4.414712123070698,0.0,0.5482265672303094,0.4839019062755838,0.421938516376852
2025-08-19,22130000.0,17.6,25.1,22.504969055167788,4.181256159952383,0.19,0.5184834171726967,0.45323792369324006,0.37827162678783255
2025-08-20,23860000.0,17.8,25.9,22.088433712617075,3.2594044081518585,0.1,0.5590584335961409,0.48819709456444826,0.4312251755950248
2025-08-21,18860000.0,19.1,25.5,23.023386280434224,2.148992070755771,0.54,0.4463460817836573,0.38997313897988434,0.36069096146723234
2025-08-22,22630000.0,17.8,26.5,21.894092210016264,4.007660700197739,0.09000000000000001,0.5563056121477483,0.4888077424626454,0.435632950044141
2025-08-23,23910000.0,19.0,27.9,22.36536697570274,2.813443658092513,0.0,0.5881769256192473,0.5155702088375238,0.48179016920355855
2025-08-24,23580000.0,18.8,27.3,22.563361173432913,2.8972483628016517,0.010000000000000002,0.5715340070093008,0.5003153007322381,0.46013288197677615
2025-08-25,22430000.0,19.2,26.9,22.85140235334775,6.569690244162837,0.22000000000000003,0.6171990193252336,0.5494536596223278,0.4590085665336908
2025-08-26,13680000.0,17.7,23.1,22.342173763738646,6.306304029362686,0.29,0.3329627955198357,0.29320475386049555,0.22820090624050632
2025-08-27,22600000.0,18.3,26.1,20.44602910353359,3.214509030629106,0.0,0.5488097959097329,0.4813534971264518,0.4516465248052035
2025-08-28,18760000.0,18.1,25.1,21.98535986955693,4.438656324416168,0.22000000000000003,0.46370532887381877,0.4081921488817307,0.357212417758804
2025-08-29,20630000.0,18.1,26.5,22.117140259057873,5.468256982271299,0.0,0.5391105581790747,0.47744704757240247,0.4172746283687271
2025-08-30,22370000.0,19.4,26.0,21.673014762620966,2.110082743569385,0.08000000000000002,0.5208632228601985,0.4536234632643943,0.4282552176863468
2025-08-31,16440000.000000002,19.2,24.3,22.580904631178278,5.611922190344108,0.45999999999999996,0.42801245037114055,0.379258177758224,0.31746081730165676
2025-09-01,16190000.000000002,18.3,24.1,22.20345582761386,6.57268326933102,0.5,0.4191501548808594,0.3715234556664929,0.30014386017693784
2025-09-02,14290000.0,17.1,22.7,19.290482572241668,3.5646929753065772,0.06999999999999999,0.3501196970337029,0.3089118614731331,0.2928593668575711
2025-09-03,21120000.0,16.9,25.1,21.209008691427563,3.9148769199840503,0.12,0.4860387382232839,0.42409467380017557,0.3759321315046332
2025-09-04,18010000.0,17.7,24.9,21.336709555046173,3.355181213533731,0.16000000000000003,0.4257062163306097,0.37264688823136044,0.3439893455315691
2025-09-05,20300000.0,18.0,25.9,21.498682441615166,3.1755997034427197,0.18000000000000002,0.4800813826695368,0.41970597612834715,0.39119712556882213
2025-09-06,19200000.0,19.8,25.1,22.869141532273524,7.946481821527258,0.47000000000000003,0.5362397952287682,0.47872927713229235,0.37705224107411206
2025-09-07,9260000.0,13.9,22.4,19.36706273778183,4.800812369766374,0.55,0.21860702254870706,0.19266211704847452,0.1847685198164005
2025-09-08,10140000.0,14.3,21.5,15.15002862801186,2.8643250859516334,1.6100000000000003,0.27211608562080425,0.24382765857556216,0.26835759662362213
2025-09-09,4900000.0,13.5,17.2,16.695406015794223,4.363830695211579,0.67,0.11812086498635402,0.10507649660120677,0.10155241064695661
2025-09-10,15790000.0,12.6,20.7,16.96218445212781,3.899911794143133,0.09000000000000001,0.318129128545518,0.2750492528438555,0.2503549247907263
2025-09-11,18600000.0,15.2,21.4,17.026033844056272,8.19490291048649,0.03,0.48255839246223103,0.4303108389122361,0.3459678663401121
2025-09-12,5160000.0,17.3,20.1,20.216561357293532,8.305644841709281,1.7000000000000002,0.16482496601195065,0.15023243501205436,0.12590542649177994
2025-09-13,9290000.0,15.7,20.8,20.537375913104707,5.4353337054212805,0.53,0.194274790785555,0.16820131418206158,0.13579179450591355
2025-09-14,14490000.0,16.7,22.2,18.951653375302655,3.118732225247233,0.0,0.3288801257069937,0.28739467174222333,0.2772359142828303
2025-09-15,9950000.0,17.4,23.6,21.364559483620834,2.331566606014966,0.37000000000000005,0.23627121120100147,0.20730905898609917,0.21079480661986078
2025-09-16,17370000.0,18.3,23.6,22.266941068738355,6.00400848737615,0.29,0.4085951144737601,0.35768791051707344,0.2868113918737725
2025-09-17,9970000.0,13.9,22.9,19.738366222380158,6.686418225721994,0.54,0.23666147235866553,0.20860809171820413,0.19107086566365722
2025-09-18,11810000.0,12.9,20.1,15.240983865222825,6.387115708903642,0.13,0.3169983411254181,0.2848659273803128,0.26779020222114075
2025-09-19,11040000.0,14.5,18.1,15.822532072817673,10.269069352037674,1.3,0.3290401830484223,0.29911400097064467,0.2267813231044272
2025-09-20,13900000.0,11.7,18.7,15.62655596295438,7.006671918717631,0.2,0.28724859118844703,0.2503533404771262,0.2042165141159867
2025-09-21,17290000.0,10.6,19.2,13.413437516786983,7.009664943885814,0.010000000000000002,0.39344845456748945,0.3478256232189765,0.30854252088631595
2025-09-22,9760000.0,11.1,16.6,12.479906094813096,7.078504522754035,0.06,0.2867198847168465,0.26150995366744867,0.24058713315728797
2025-09-23,18370000.0,13.7,19.1,13.990994744819757,7.916551569845423,0.0,0.4673854493972029,0.41749713529867105,0.3537908431074309
2025-09-24,9280000.0,16.6,21.9,19.900143225105612,5.537096561139521,0.7200000000000001,0.24114395361099103,0.21466091963336628,0.20031780397869783
2025-09-25,4670000.0,15.4,19.3,19.686426369056896,3.44796499374742,1.1800000000000002,0.09860274087027673,0.08569955192742075,0.0858058728501184
2025-09-26,17270000.0,15.4,22.3,15.100617782014998,2.547064418124179,0.06,0.3668186302569866,0.31785682631502576,0.3416041245116049
2025-09-27,17060000.0,14.7,21.4,16.185971855778764,4.896589175148246,0.020000000000000004,0.38588721337981113,0.3381700521393835,0.32463952114014494
2025-09-28,6220000.0,12.2,17.7,16.547801596716486,8.661814836723119,1.06,0.13127534056443163,0.11484645527388962,0.09242387226671732
2025-09-29,16960000.0,9.8,18.5,12.842662590423883,3.828079190106728,0.0,0.31183961108080094,0.26775984380187845,0.27151970393440406
2025-09-30,16469999.999999998,9.6,18.7,12.126189185431109,3.4359928930746864,0.0,0.30832278704501526,0.26551655077827857,0.28350859763939046
2025-10-01,18570000.0,12.4,19.2,11.78793242413008,3.8610024669567466,0.0,0.3831236052395,0.3332579235289227,0.3554760300244377
2025-10-02,9250000.0,12.6,19.1,13.584838220268717,5.228814968816617,1.77,0.27082141725695197,0.24595890566259698,0.26176289344721837
2025-10-03,3780000.0,13.0,15.8,15.478873856213829,9.053901133755161,1.97,0.1185090115731348,0.10863437804398395,0.09181818071841757
2025-10-04,7100000.0,15.5,19.9,18.09112606184545,1.5114777099326797,0.49000000000000005,0.15006847102709195,0.13032981902674023,0.14741533407861201
2025-10-05,10060000.0,15.9,20.3,18.187706538487117,3.666455831024818,0.30000000000000004,0.22192361131549004,0.1937614003605274,0.19482146480132634
2025-10-06,4810000.0,14.4,16.8,17.228077518431434,7.967432997704543,1.72,0.10955361984041705,0.09668677842795662,0.0782324904547159
2025-10-07,5210000.0,15.4,18.0,18.13453150947888,3.4150417168974014,0.37000000000000005,0.11388786817805796,0.09966039274185237,0.10390766569813281
2025-10-08,8830000.0,12.9,18.5,16.817030860711625,4.411719097902515,0.39,0.16695428644385588,0.14328850000050758,0.13789833254324474
2025-10-09,9870000.0,11.0,17.5,13.599833164269171,7.5573885496634,0.04000000000000001,0.25232792016069483,0.22662278720501522,0.21061284723939194
2025-10-10,14590000.0,12.1,21.1,14.863787412486532,3.633532554174799,0.0,0.2888205990136604,0.24905121264501012,0.2717028977448116
2025-10-11,17000000.0,14.3,22.1,16.570092061815586,4.926519426830081,0.05,0.35841414167101165,0.3107423455692661,0.31109039335115396
2025-10-12,10840000.0,13.3,21.3,17.15436518467481,5.683754794380514,0.22000000000000003,0.24485949792828937,0.21493525009488118,0.2167170344480506
2025-10-13,4770000.0,15.0,17.4,17.923191438406207,3.896918768974949,3.4000000000000004,0.09737303874520971,0.08446710221069259,0.08617417316725509
2025-10-14,4270000.0,11.5,15.5,14.847575153261733,5.845378153462424,0.31000000000000005,0.0942382716923145,0.08328953721399382,0.08224955164676218
2025-10-15,8090000.0,13.2,17.6,15.071860161719126,7.611263002690703,1.37,0.21931156121888243,0.19775411224874073,0.18285416472879484
2025-10-16,10090000.0,11.5,19.2,14.774811941550311,7.434674517767875,0.010000000000000002,0.2479549814125086,0.22109423100309314,0.21593947588029358
2025-10-17,12000000.0,12.7,17.6,14.34870181811774,7.5992909020179695,0.7400000000000001,0.2770248498705781,0.2452040394604968,0.22191178782919518
2025-10-18,3050000.0,9.6,13.6,13.050985219516859,6.1267225192716745,0.29,0.073313011621043,0.06581304398915888,0.07207210833429782
2025-10-19,9730000.0,1.7,16.7,9.613233382452636,7.183260403640459,0.0,0.24385955008922505,0.22128233352414,0.22127433188084883
2025-10-20,15600000.0,6.2,13.6,8.71803663747,3.8909327186385823,0.0,0.23919500669987187,0.20235656134543611,0.23114009998247526
2025-10-21,7690000.0,5.1,11.9,8.889404394607656,4.321928342857009,0.0,0.15226749612618357,0.1347433618420541,0.15434097486642878
2025-10-22,10980000.0,6.0,14.1,10.084703053787921,5.3904383278985275,0.06,0.19403418283293677,0.16800967799144537,0.18151265590933494
2025-10-23,12810000.0,5.4,15.3,9.361889411790395,2.5081550909377937,0.020000000000000004,0.18321062208827707,0.15262582872888011,0.19717170614760507
2025-10-24,14890000.0,7.3,14.7,9.74951269957019,4.348865569370662,0.0,0.2370550805469948,0.200947805285505,0.22838464726198446
2025-10-25,10930000.0,5.6,13.8,9.291915320736296,5.974078235694315,0.06999999999999999,0.21413088743251882,0.1884480519480718,0.203805499385249
2025-10-26,13150000.0,0.4,11.6,7.44426238851471,10.685099850415183,0.010000000000000002,0.24915048047375268,0.2211815172444747,0.1983423522566532
2025-10-27,15980000.0,-2.5,6.0,4.18916234299063,11.85537269117494,0.0,0.3524577554485131,0.3227409760025836,0.23710083901213658
2025-10-28,16059999.999999998,-0.1,6.7,3.963928183077589,6.054889915235271,0.0,0.27279231884492716,0.2413462960993809,0.2527630914557588
2025-10-29,15610000.0,2.4,10.1,4.9621428886939976,3.4778952454292558,0.0,0.21865304115618645,0.1852112817030082,0.24292987265299287
2025-10-30,10960000.0,3.6,12.1,5.750856684552754,1.574331238464534,0.0,0.14790880780535753,0.12336027433946975,0.18072617480825431
2025-10-31,14500000.0,5.0,12.9,7.939100449178708,6.198555123308079,0.26,0.2550128699562047,0.22158186863370447,0.24267115689178942
2025-11-01,13250000.0,3.4,10.2,7.3586676708722365,12.699405788602695,0.04000000000000001,0.3149860965166672,0.2861531156104096,0.21469591834109822
2025-11-02,13990000.0,-5.6,7.5,4.45920560679503,13.486571407834964,0.0,0.3425465519091435,0.3172441886966847,0.21846965235033194
2025-11-03,14400000.0,1.9,8.2,5.64979910820888,4.480558676770737,0.0,0.19342183795108664,0.16364309974280566,0.1971284768460801
2025-11-04,13540000.0,4.2,12.0,6.8692696793121755,2.9720739920062402,0.0,0.176930514148391,0.1463995550489388,0.20375239615591018
2025-11-05,14040000.0,3.6,14.3,5.943301504447396,1.5773242636327174,0.0,0.15437029755085474,0.1219998659254821,0.1987802980670106
2025-11-06,13890000.0,5.0,15.1,6.730793270401487,3.444971968579237,0.0,0.21769285112796904,0.18477114145143753,0.2679709665217692
2025-11-07,13450000.0,5.4,14.0,8.120693509601386,6.1297155444398586,0.0,0.2481516443119589,0.21654742315314715,0.25422247150522825
2025-11-08,3860000.0,5.0,10.1,9.475905709377775,5.534103535971337,1.09,0.08130388527732056,0.07272809396090127,0.0833997824030289
2025-11-09,12250000.0,0.0,11.4,6.565117189963128,13.564390062207734,0.0,0.3203293128805301,0.29450183396193896,0.24330812591427425
2025-11-10,14210000.0,-2.5,7.0,3.4605549921564354,9.089817435773364,0.0,0.3247869855610409,0.297909535931397,0.2782554869122963
2025-11-11,13190000.0,0.5,9.6,3.878868084569534,3.9507932220022526,0.0,0.20486667772311332,0.1775901807115004,0.2510319887058555
2025-11-12,11070000.0,1.6,10.7,4.010902478004118,3.597616252156597,0.0,0.20022210590760667,0.1765747059371883,0.25530167813721427
2025-11-13,13200000.0,-1.1,10.8,5.81615675964042,6.919874188840309,0.0,0.20955062717323777,0.18241821682691317,0.22128742665191914
2025-11-14,13590000.0,-0.5,8.3,4.753459144598679,6.512822765967349,0.0,0.22315096900810247,0.1960267586802999,0.2265700050554234
2025-11-15,13310000.0,3.6,12.2,3.9689828491004695,1.239112419627979,0.0,0.1172427465068702,0.08739051338443528,0.17286319749599857
2025-11-16,10350000.0,-2.0,12.7,5.625642571479136,7.680102581558925,0.04000000000000001,0.314350652372792,0.2927538639756727,0.2680544795665492
2025-11-17,8940000.0,-6.9,1.4,3.2250487028792136,14.629907022081069,0.0,0.26608870530484996,0.25202807712051745,0.16084001349261845
2025-11-18,11320000.0,-5.4,-0.2,3.4695217219563563,8.688752063236771,0.0,0.15770687134521524,0.1399388787067907,0.1223953458331943
2025-11-19,12330000.0,-3.9,2.3,4.135092139590845,7.994370224218195,0.0,0.15545226598382364,0.1345301614824391,0.1315954174409163
2025-11-20,9290000.0,-3.6,6.4,5.598147032981654,12.5168312533435,0.0,0.1586299430399115,0.14156128747334729,0.12544506455349425
2025-11-21,12500000.0,-2.0,4.8,4.303260302214331,7.635207204036171,0.0,0.19466769330030062,0.1717012568544392,0.17867748270883105
2025-11-22,12310000.0,-1.0,7.3,5.139021207904129,4.363830695211579,0.0,0.13310939480801925,0.10912280526990878,0.15895577840265768
2025-11-23,11340000.0,0.5,8.3,6.087656077027161,3.6514907051838996,0.0,0.11232379876874765,0.08933401887078984,0.13957703459204052
2025-11-24,11600000.0,1.9,10.8,7.069049244572754,5.3455429503757745,0.21000000000000002,0.14735696460772357,0.12243458012579075,0.17070819482769242
2025-11-25,6240000.0,-3.3,2.8,5.346102208081583,11.43934219279743,0.48,0.09320610492547576,0.08239865314165334,0.0693658811602085
2025-11-26,11950000.0,-3.4,6.4,4.926808783930218,3.6634628058566343,0.0,0.0967471820543047,0.07471507405144301,0.1272865788154816
2025-11-27,5090000.0,-4.0,3.7,5.0334850066557575,14.525151141194646,0.27,0.15002281707462897,0.14117461220409627,0.10116083320422645
2025-11-28,11620000.0,-4.3,2.2,2.7366706408669716,4.573342456984426,0.0,0.14574390253942857,0.12621192219115698,0.1700847640466447
2025-11-29,11840000.0,1.1,7.7,5.400673390458475,6.647508898535608,0.0,0.18368832417995448,0.15968488555633714,0.19242680139514215
2025-11-30,11040000.0,-0.9,11.2,7.378342789505984,8.631884585041284,0.0,0.1344298617659522,0.11153069203395624,0.15023423028270902
2025-12-01,11890000.0,-4.4,5.9,3.369825421222421,8.030286526236397,0.0,0.2285349061006726,0.20718242688931449,0.22567663747553146
2025-12-02,11500000.0,-11.7,0.6,2.2988080499669423,11.753609835456702,0.0,0.2262529228158779,0.21018294944711485,0.16651460162092704
2025-12-03,10580000.0,-10.3,-5.7,2.195115813413426,12.89095939936644,0.0,0.16960120389302263,0.1563910657647817,0.10049155864056196
2025-12-04,10710000.0,-11.2,-2.5,2.814896496235255,11.37948168943376,0.06,0.11566274322632966,0.10154946345342357,0.08604273018423687
2025-12-05,11880000.0,-8.3,-2.6,1.9184848994972001,6.405073859912743,0.0,0.1526664981624442,0.13599209467775342,0.147766270344088
2025-12-06,10760000.0,-3.4,3.5,5.190114273235261,7.991377199050011,0.0,0.09103788836681243,0.07219577259974114,0.08781308184800804
2025-12-07,8830000.0,-3.7,6.8,5.8197051021535176,9.586659613691829,0.010000000000000002,0.10624740072414125,0.08993946404252663,0.10987575622535042
2025-12-08,11620000.0,-7.0,1.1,2.374605772037828,8.667800887059489,0.0,0.2159605688966705,0.19783201097455683,0.18956805130431403
2025-12-09,11280000.0,-4.4,0.8,3.2972674707638565,6.464934363276413,0.0,0.13823166098508732,0.1198102681535129,0.13973380984331488
2025-12-10,9940000.0,-0.9,6.2,4.34007524690225,4.836728671784575,0.06999999999999999,0.1414059405801773,0.12235239153476478,0.17411213027941572
2025-12-11,4570000.0,-8.0,4.6,4.233136638887692,9.781206249623759,0.04000000000000001,0.13098960838449164,0.12349724238842008,0.1242097106919672
2025-12-12,10310000.0,-3.0,2.5,4.345552990378189,7.183260403640459,0.0,0.12303790074966425,0.10518135781838071,0.12101018683740387
2025-12-13,2530000.0,-6.2,1.8,4.6959102734537215,9.203552392164339,1.1,0.0610023263232196,0.05693492647015839,0.05897914003724487
2025-12-14,4600000.0,-6.9,-3.9,3.7930014970288224,11.915233194538613,0.0,0.05066637199306521,0.044195725742173654,0.032929282903428295
2025-12-15,10660000.0,-7.1,0.8,3.8332690149538347,3.920862970320417,0.0,0.057240243021963635,0.04074418396765564,0.0781396786653688
2025-12-16,6440000.0,-0.9,3.0,5.874949797622167,4.869651948634594,0.06999999999999999,0.05352383129033984,0.041835320457471306,0.06178150144131729
2025-12-17,9550000.0,-4.8,1.9,3.6827151074195945,8.07518190375915,0.0,0.14695012963290702,0.13114115018791225,0.13624757828647982
2025-12-18,11270000.0,-2.1,6.4,2.9142694276559733,3.1576415524336183,0.0,0.12232126402954491,0.10107633886779495,0.18605252999768854
2025-12-19,8390000.0,1.2,9.6,6.748978250458914,5.525124460466786,0.010000000000000002,0.11907534999110674,0.10154231535973664,0.14712629271586927
2025-12-20,3610000.0,-7.6,8.0,5.959592706798501,9.625568940878216,0.27999999999999997,0.050783945838526766,0.04442779086623901,0.08719659202667461
2025-12-21,8570000.0,-9.4,-3.8,1.5318353263140385,8.706710214245872,0.0,0.2044153363858475,0.19299179884626178,0.16271943423894278
2025-12-22,11290000.0,-4.7,2.7,2.251771613274392,4.450628425088901,0.0,0.1462507356246427,0.12723743797057482,0.18670949349550175
2025-12-23,6520000.0,-0.3,5.6,5.724568991653484,4.480558676770737,1.58,0.08628013064153377,0.07378222925560926,0.10635819028894337
2025-12-24,6630000.0,-8.4,1.7,4.422887494383871,8.667800887059489,0.0,0.046794947024520986,0.03661891936524986,0.05649816308600014
2025-12-25,9210000.0,-16.1,-4.1,1.74933215102896,19.909603418756806,0.0,0.23948530357379857,0.22911535519719103,0.12129032742677162
2025-12-26,11570000.0,-14.9,-8.6,1.1918499380653553,11.927205295211346,0.0,0.1809720781273614,0.16901529684466526,0.11217549124587148
2025-12-27,8109999.999999999,-7.4,-1.6,3.7219425689359227,7.102448724099505,0.03,0.06310653068383533,0.05124461152549302,0.06125144932331363
2025-12-28,3390000.0,-3.6,1.6,4.57691926656685,5.806468826276038,0.04000000000000001,0.0791868135767475,0.07347777203137196,0.08231761706717905
2025-12-29,5850000.0,-7.9,2.9,5.038169142723842,8.45828912528664,0.06999999999999999,0.023484397220562024,0.014190948151511016,0.04144967363525585
2025-12-30,11530000.0,-10.3,-1.2,1.9079126532116142,8.817452145468664,0.0,0.19153028270757003,0.1755606475152592,0.16405262104212098
2025-12-31,11350000.0,-14.8,-7.1,1.1003181743142567,11.547091098852038,0.0,0.20603097953434513,0.19379761975724835,0.13362136380674877
