day,IRRAD,TMIN,TMAX,VAP,WIND,RAIN,E0,ES0,ET0
2015-01-01,11510000.0,-7.3,-3.7,1.561899662247337,15.117770124494983,0.0,0.379423602058101,0.3643954653257275,0.20219998863411853
2015-01-02,11250000.0,-8.1,-1.0,1.4298717150050628,11.493216645824734,0.0,0.3350383325295677,0.31970392703503425,0.22787035557443444
2015-01-03,11000000.0,-6.9,1.4,2.807450241874888,6.89592998749484,0.0,0.15777238773605945,0.1415616347849864,0.15548330865608612
2015-01-04,9820000.0,-3.4,7.5,5.19332246904099,4.764896067748171,0.0,0.10059875963990332,0.08316016828910837,0.13340621059238122
2015-01-05,8090000.0,-1.0,7.7,5.749100855398429,5.339556900039408,0.8800000000000001,0.11496085660243749,0.09992905487843434,0.13651029787006164
2015-01-06,10770000.0,-5.9,0.5,1.677477029698189,12.852050072180054,0.0,0.40782468984844283,0.39191946424499036,0.25932496814822287
2015-01-07,12060000.0,-7.7,-0.2,1.3960925539220725,7.596297876849786,0.0,0.24407136859398854,0.22719112812464837,0.21820286787249885
2015-01-08,11720000.0,-6.1,0.8,2.174292040294532,9.3921129777599,0.0,0.26516299565120083,0.2478184123910821,0.2097825452465095
2015-01-09,10380000.0,-3.9,2.1,2.9104274023298036,10.670134724574265,0.0,0.28650148397741193,0.2700039583886585,0.21026165970443472
2015-01-10,11630000.0,-3.7,3.8,3.563776032532244,8.120077281281903,0.020000000000000004,0.20501628078318776,0.18583555433010415,0.18454423291774483
2015-01-11,11250000.0,-5.1,3.0,2.935481269343185,10.62224632188333,0.0,0.2793107356690704,0.26153657000348407,0.21160718766276623
2015-01-12,10550000.0,-3.7,3.5,2.994030978580581,1.3259101495053014,0.0,0.06742823496515855,0.05012862095155209,0.10040856082064172
2015-01-13,11130000.0,-3.0,5.4,3.005864692228509,2.3974131597150032,0.0,0.10587991497194364,0.08671416662213739,0.1513768650857822
2015-01-14,4270000.0,-0.7,5.1,4.640431598331409,3.2564113829836745,0.0,0.1034632664002828,0.09583993689423835,0.12715707332599485
2015-01-15,5780000.0,-1.7,7.6,5.837475552291136,3.513811547447458,0.010000000000000002,0.08374729182470043,0.07315377052068613,0.11011664892365199
2015-01-16,6590000.0,-4.9,3.6,3.86649680288706,14.067218290462565,0.0,0.26996554347878515,0.25938798576920236,0.1724708937200271
2015-01-17,12590000.0,-4.9,0.7,2.081321142735931,11.562056224692956,0.0,0.35690532958511123,0.33784209639152674,0.2402895254480774
2015-01-18,11920000.0,-3.7,3.3,3.585669380470308,9.110768611950649,0.1,0.22675542282337732,0.20728455324304043,0.18355817067062746
2015-01-19,10690000.0,-4.0,4.4,3.5937653951665784,10.37681825809228,0.0,0.26677693540293074,0.24904519520960008,0.20547549191443562
2015-01-20,11800000.0,-2.1,5.8,4.53832825583065,3.316271886347345,0.0,0.11114882075849061,0.09034356745732955,0.13717082701531824
2015-01-21,6610000.0,0.2,6.7,6.087656077027161,2.807457607756146,0.5700000000000001,0.0805748743400011,0.06825127114267025,0.10021057637880859
2015-01-22,5460000.0,-2.0,5.5,4.8886550462192,5.650831517530495,0.0,0.1336916941563008,0.12409943907335272,0.1391228461093619
2015-01-23,11930000.0,-1.6,5.4,4.679790544672308,6.066862015908004,0.0,0.16359078213063127,0.14251853809155018,0.16055433839066674
2015-01-24,11110000.0,-1.7,5.7,4.8011444397900975,5.878301430312442,0.0,0.1571038443278344,0.13740962103603008,0.15664453064333345
2015-01-25,6900000.0,0.7,7.5,6.978938913803241,4.405733047566148,0.34,0.08676965123790052,0.07362251164949997,0.0950172106984751
2015-01-26,3030000.0,-1.3,9.7,7.446468634311236,7.584325776177051,0.0,0.0798298154422708,0.07403742754331179,0.09682804211869522
2015-01-27,11440000.0,-5.0,3.6,2.7576444887149725,8.287686690700179,0.0,0.2665575665495538,0.248231331938869,0.22466863663996545
2015-01-28,10360000.0,-3.5,3.5,3.8640267514649267,4.666126237198115,0.0,0.13983240627309396,0.12277893668407794,0.14557159637556935
2015-01-29,6090000.0,-1.3,3.7,4.983760308902671,4.573342456984426,0.06,0.10754896814544128,0.09706204923705672,0.11075766195118888
2015-01-30,13570000.0,-5.6,1.8,2.325403018724788,11.565049249861138,0.0,0.3589733881111995,0.33825678939060266,0.23856690149269263
2015-01-31,14170000.0,-6.0,1.7,2.222150155299161,5.3485359755439585,0.0,0.19865975018159188,0.1772483528700354,0.19530208678992128
2015-02-01,14260000.0,-4.5,3.7,2.5050490775528904,3.38810449038375,0.0,0.16034768021313758,0.1372344095363482,0.18503668260503342
2015-02-02,11250000.0,-4.2,5.2,3.6204809523344963,2.104096693233018,0.0,0.10914255139850818,0.09026856122926027,0.1344582213533943
2015-02-03,12100000.0,-1.5,6.6,4.234475558031461,2.4333294617332055,0.0,0.1294081730209726,0.10753764716969975,0.1540487214488842
2015-02-04,11690000.0,-2.5,4.7,3.605359277366572,6.740292678749297,0.0,0.2322635871180764,0.21220754353203902,0.20831983536737037
2015-02-05,11570000.0,-3.7,4.7,3.768780018753027,8.057223752750048,0.0,0.23762538748758413,0.21821453715352207,0.1973533338971002
2015-02-06,14700000.0,-2.8,5.2,3.8234725219617207,7.0425882207358335,0.0,0.24021396989544236,0.2149007173579624,0.20855244887870886
2015-02-07,10710000.0,-8.1,4.3,3.3155450831623074,11.271732783379155,0.0,0.2716775002429068,0.2553271117169236,0.19267693027057992
2015-02-08,16059999.999999998,-11.2,-4.6,0.7607449237212985,15.913914819231803,0.0,0.48006835651077273,0.4613659350566433,0.2283976208796608
2015-02-09,15370000.0,-9.9,-0.7,2.1928762304866254,13.836755352512434,0.0,0.3201772177049345,0.299924504214267,0.17958920474267345
2015-02-10,13950000.0,-0.2,6.9,4.709135710794996,11.747623785120336,0.0,0.3651408203499623,0.3392207172535663,0.24601594853499503
2015-02-11,10370000.0,-2.8,7.5,4.233136638887692,9.224503568341623,0.0,0.29461813729813496,0.2760058458610266,0.2406481476453882
2015-02-12,16040000.0,-4.6,2.1,1.6981576679535495,13.606292414562303,0.0,0.5375812057726148,0.5124406950566237,0.3131199834336113
2015-02-13,16219999.999999998,-4.3,2.7,2.5244368092505884,10.221180949346737,0.0,0.370575372391863,0.34469395097701966,0.25437451801315836
2015-02-14,15620000.0,-0.7,7.9,4.837185988108058,6.393101759240009,0.0,0.2544454272255626,0.22517577357785967,0.22540656651859076
2015-02-15,10700000.0,2.6,9.5,6.710638524241047,7.539430398654298,0.51,0.23709640056901343,0.2154022654214312,0.19946016835374977
2015-02-16,1930000.0,1.3,3.8,6.856950743382064,6.15665277095351,0.6400000000000001,0.04166899045044371,0.038180551203091925,0.0492984933796628
2015-02-17,10980000.0,-0.6,4.5,4.778739455434918,10.610274221210595,0.0,0.27471486060003175,0.2552858530935094,0.18235751719256516
2015-02-18,8590000.0,-2.3,3.8,4.559731954521952,6.566697218994654,0.0,0.17299199745928875,0.15844480066901223,0.1446573833379953
2015-02-19,11870000.0,-3.0,6.0,4.370278750295975,3.5646929753065772,0.0,0.1602194518610075,0.13955391397306433,0.16328696526755002
2015-02-20,16600000.000000002,0.4,8.6,5.259478529585605,4.687077413375399,0.0,0.2361136022831071,0.20406647023823946,0.2193301457621722
2015-02-21,3910000.0,2.9,8.0,8.879090751256786,5.219835893312067,0.66,0.05255878498992651,0.04477753494844029,0.046134520583569275
2015-02-22,10300000.0,-1.7,8.1,4.925277586071006,12.591656882548087,0.0,0.3594385365362852,0.34039801528118213,0.24248904749172354
2015-02-23,15330000.0,-2.0,6.7,3.9715123254313944,8.32958904305475,0.0,0.32929015895681013,0.30177555647553045,0.25526383133493524
2015-02-24,16219999.999999998,-0.2,7.5,4.0236826873968905,4.809791445270924,0.0,0.2692304777529003,0.23878532892646837,0.25203824386501206
2015-02-25,15390000.0,0.8,10.9,5.2481310589565275,5.920203782667011,0.0,0.3040030228041726,0.2729915223035766,0.2811123999760217
2015-02-26,14350000.0,-4.6,5.0,2.569622105576032,16.258112713572906,0.0,0.5983871902469258,0.574584526844279,0.3200169812803624
2015-02-27,18490000.0,-3.6,2.7,2.550779324384807,5.779531599762385,0.0,0.2880534968223333,0.258142331154258,0.2384073908749882
2015-02-28,9450000.0,-0.4,5.3,4.994600259747444,5.15398933961203,0.26,0.18364907026856733,0.16662818771647175,0.16243536180544355
2015-03-01,14460000.0,-3.4,5.2,3.890032249542507,11.397439840442862,0.0,0.35979851496017284,0.3351731792963474,0.23028597272468915
2015-03-02,18860000.0,0.8,8.1,3.60652048956335,3.75325356090214,0.0,0.286976987312087,0.2506260908580413,0.2788028522258774
2015-03-03,7810000.0,-4.7,5.9,4.250571899244312,10.915562788365314,0.11000000000000001,0.2702359040172885,0.2570837606350086,0.1952843531500525
2015-03-04,19940000.0,-4.7,1.8,2.2601897100980515,12.861029147684604,0.0,0.49892309275161095,0.467920052202747,0.2753748050027537
2015-03-05,18150000.0,-3.3,4.9,3.4415689777396703,3.8819536431340307,0.0,0.23635745361799274,0.20556293258246736,0.2127675556792732
2015-03-06,17410000.0,-1.2,7.5,4.348294159588027,3.837058265611278,0.0,0.24772474968383068,0.2155957413136811,0.22773023269318865
2015-03-07,19710000.0,-1.3,10.0,4.177239868538166,2.8343948342697978,0.0,0.25883725156495063,0.220972009696596,0.2575269428886284
2015-03-08,19130000.0,2.1,12.4,5.789605130643932,4.561370356311692,0.0,0.3262113415131941,0.2860057199447392,0.30153980203774905
2015-03-09,18130000.0,-6.5,9.9,2.122275522075007,18.13174646885579,0.0,1.2914750581159784,1.2596812683800416,0.4720659576184535
2015-03-10,21370000.0,-4.9,0.4,1.7475028352872062,17.096159760664293,0.0,0.6726499232563627,0.6404923058061147,0.30086849476517197
2015-03-11,18990000.0,-2.7,6.5,2.692459647594812,15.875005492045412,0.0,0.7033636285185477,0.6698211377974957,0.37556470674476117
2015-03-12,21110000.0,-1.8,6.6,3.0979796068243908,9.374154826750798,0.08000000000000002,0.48388130956399894,0.4459258189188214,0.33347751186607166
2015-03-13,16960000.0,-1.0,9.7,3.7978623339582573,8.488219376968477,0.04000000000000001,0.4501454471610515,0.4175632806421629,0.35255328068279884
2015-03-14,21330000.0,1.8,9.8,3.8590908480409056,3.0588717218835626,0.0,0.31869425907811055,0.2757798481124456,0.3053378485422401
2015-03-15,20740000.0,1.2,13.5,4.50285322107191,5.231807993984802,0.0,0.42538787075219825,0.3816710529653539,0.3895243628239804
2015-03-16,21130000.0,6.3,17.1,5.523146396133287,2.846366934942532,0.0,0.380832054879616,0.33080614775787864,0.3940754909871853
2015-03-17,15500000.0,6.8,18.6,7.604595270562907,6.5367669673128175,0.06999999999999999,0.4740800544550795,0.4364971125794802,0.45366179209604873
2015-03-18,1530000.0,4.4,8.2,9.153348563586507,10.9544721155517,3.45,0.04263163769329383,0.03950581904783393,0.04872118349758799
2015-03-19,20140000.0,7.2,17.7,9.682552463473758,3.528776673288376,0.0,0.3618940524119537,0.3133463372619105,0.327776956912636
2015-03-20,18890000.0,7.5,18.8,8.682598654479683,3.663462805856634,0.0,0.387287386758588,0.34100534879045374,0.37676964849687344
2015-03-21,22240000.0,2.4,17.6,5.99411499300587,7.985391148713644,0.0,0.7330833113223544,0.6826428266058474,0.4994271929052342
2015-03-22,22720000.0,-1.9,14.8,3.4571977768743434,11.981079748238649,0.0,1.0822369507623288,1.0356082375816569,0.5534269301267026
2015-03-23,22820000.0,0.1,8.7,3.4215670032436596,8.039265601740949,0.0,0.5153428935729357,0.4714312100871063,0.37985619426994166
2015-03-24,22710000.0,-0.0,10.3,4.030086325872841,4.127381706925081,0.0,0.3723146437980621,0.32754580576014514,0.33056244268315005
2015-03-25,23280000.0,0.6,11.9,4.014732755059142,4.672112287534482,0.0,0.4230825893147192,0.37559335629879087,0.3781045453649547
2015-03-26,23440000.0,0.6,14.6,4.965225998707009,6.752264779422032,0.0,0.588730048421429,0.5389626055472012,0.4336645955794716
2015-03-27,23170000.0,2.3,16.1,5.437327505981332,8.096133079936434,0.0,0.6854701563106941,0.6340269741716865,0.4898693867677263
2015-03-28,23310000.0,3.0,16.9,5.0757813994082515,7.937502746022706,0.0,0.7405922409728333,0.6877941825063653,0.5379887238295812
2015-03-29,21060000.0,4.2,17.6,7.901819694359234,5.4353337054212805,0.0,0.483233452264308,0.43435225462959365,0.39689817780886266
2015-03-30,22820000.0,7.9,20.4,9.235734702591412,5.674775718875963,0.0,0.5551626327221545,0.49798371039947364,0.4810916817638372
2015-03-31,6290000.0,10.3,15.0,12.51124002609224,3.2444392823109407,0.67,0.1545956355678939,0.13936205675391095,0.14690395644001816
2015-04-01,3830000.0,6.2,9.7,8.507307198294049,9.670464318400969,0.0,0.2103492999265324,0.2021355578780612,0.16249134081435007
2015-04-02,16290000.0,8.8,18.1,14.340840989931262,15.327281886267832,1.8600000000000003,0.3453852670007757,0.30519991592060464,0.1834720164207288
2015-04-03,15320000.0,6.5,16.9,9.243742130878356,11.331593286742825,0.0,0.528130459180285,0.49185990086958836,0.3802939221687642
2015-04-04,17590000.0,6.5,13.9,8.675021348191075,9.76624112378284,2.7800000000000002,0.47096211380434944,0.4308594022795563,0.31845768320084894
2015-04-05,5080000.0,8.4,11.6,10.540395846164227,3.2893346598336937,0.22000000000000003,0.12892776464887792,0.1174062870247837,0.12275994821230955
2015-04-06,4510000.0,5.1,12.3,9.618762773140386,7.057553346576752,0.45,0.1570535547965049,0.14717607844572048,0.13914036553293735
2015-04-07,7530000.0,4.4,7.5,6.113558764954336,8.589982232686715,0.0,0.31130444119160916,0.29608429084109783,0.22992608004885645
2015-04-08,7160000.0,2.6,8.3,6.3876233053667235,4.69605648887995,0.0,0.19720081451595511,0.1829517735192694,0.1775636115610868
2015-04-09,19590000.0,2.0,13.9,6.88160816230092,3.100774074238131,0.0,0.3300311960015765,0.28801887048472236,0.29410723705949715
2015-04-10,23610000.0,3.1,16.8,7.597854369200004,3.7682186867430576,0.0,0.4528532467776521,0.39937567661920903,0.37250827153699745
2015-04-11,24440000.0,3.9,17.7,7.8925236786069135,4.722993715393602,0.0,0.5199669710992169,0.4633837436108935,0.412215639647178
2015-04-12,15000000.0,7.4,14.6,8.199634249805541,12.861029147684604,0.4,0.6094287054029256,0.5745253556037584,0.39263670407689244
2015-04-13,5930000.0,6.3,10.4,8.868787658978944,11.996044874079566,0.42000000000000004,0.2701628177597106,0.2573010931477565,0.17394458503801388
2015-04-14,10110000.0,3.3,11.1,8.48995091942781,4.588307582825343,0.8300000000000001,0.1971421099464868,0.17592495816079085,0.16182249144619615
2015-04-15,23440000.0,6.6,17.1,8.305941284176104,9.463945581796304,0.0,0.6463442685946074,0.5906467584392735,0.4638267530174252
2015-04-16,19800000.0,1.9,20.8,8.216466018643043,11.568042275029324,0.66,0.8833278468427206,0.8368518709711046,0.5391777857842508
2015-04-17,25680000.0,4.8,17.4,6.056333307202095,6.677439150217443,0.0,0.6638501624855764,0.603945767567161,0.5301703891628268
2015-04-18,23580000.0,11.6,20.5,8.293800026492072,4.702042539216317,0.16000000000000003,0.6113056092292243,0.5498102643077689,0.5578041744573113
2015-04-19,2000000.0,9.2,16.0,14.08741411429908,6.626557722358323,1.6800000000000002,0.046670917510500946,0.04183284432843568,0.07417174084899503
2015-04-20,3970000.0,4.0,9.7,8.71803663747,3.5467348242974768,0.34,0.09476309373630251,0.0865171614032505,0.10086684652887426
2015-04-21,25840000.0,7.7,19.6,8.101657637485616,5.525124460466786,0.0,0.6169869694413621,0.5529552059529641,0.5281722784692391
2015-04-22,25510000.0,7.3,19.7,8.649805756320664,6.803146207281151,0.0,0.6605674526385424,0.5975664021622694,0.5255161217206525
2015-04-23,24350000.0,7.1,20.6,7.2934180793729375,7.865670141986303,0.0,0.8261965664827707,0.765586971828932,0.6225974928622765
2015-04-24,25830000.0,8.3,20.3,8.214059615660785,6.018973613217068,0.0,0.6598236612680902,0.5948900266890093,0.563525349538
2015-04-25,26950000.0,9.0,21.5,7.5888747056689985,6.758250829758398,0.0,0.7873114735594969,0.7181736104070005,0.6569323923907141
2015-04-26,26730000.0,10.5,24.7,9.429609699056746,8.479240301463925,0.0,1.0350192478551843,0.9631679821089894,0.7559082559003135
2015-04-27,26100000.0,12.8,24.6,9.632598511129608,6.093799242421656,0.0,0.7823460263102122,0.71075439074476,0.7109528982617264
2015-04-28,18200000.0,12.6,23.0,13.420850017420154,5.258745220498453,0.41,0.51501237237529,0.4659061193457864,0.4549164495265446
2015-04-29,9570000.0,11.9,18.9,14.102895249461902,6.007001512544333,1.36,0.2937389558959501,0.2691110599229063,0.24940006376746737
2015-04-30,16970000.0,13.3,22.2,14.427518456432432,4.1034375055796115,0.0,0.43902209086140564,0.39327735410171283,0.38310151408717247
2015-05-01,25870000.0,14.9,26.0,15.026766740255969,4.306963217016092,0.0,0.6638028565988715,0.5906675401487832,0.5731190380492686
2015-05-02,21140000.0,15.4,25.4,15.29495512464528,6.315283104867237,0.77,0.6550818160526005,0.5953679144047036,0.5601945857469041
2015-05-03,3140000.0,14.6,16.9,16.731362320785717,5.474243032607666,0.42000000000000004,0.094358625764587,0.08621946659596982,0.09938146306345504
2015-05-04,26880000.0,6.1,19.5,7.170849923565592,10.439671786624134,0.0,0.957378275296807,0.8920500828265461,0.6292087542524702
2015-05-05,27690000.0,7.4,20.0,7.654190065290242,7.431681492599692,0.0,0.7859063158198963,0.7172133375681322,0.6065685955221857
2015-05-06,22310000.0,9.8,21.3,9.321463289449493,4.660140186861748,0.0,0.5790580966561663,0.5214658238328191,0.5219500350279033
2015-05-07,26560000.0,9.1,23.5,8.95410429050065,5.830413027621506,0.0,0.8322102871779634,0.762594619617324,0.6496134166673037
2015-05-08,19460000.0,13.3,21.8,11.685789510284497,4.2500957388206055,0.0,0.5326522306124772,0.48039233600922493,0.47786031653789934
2015-05-09,25460000.0,9.6,22.6,11.61703904955259,7.003678893549448,0.0,0.7152710058531845,0.6488057216598614,0.5446429718721272
2015-05-10,25090000.0,8.8,23.0,10.93646862726531,5.917210757498827,0.0,0.7223391591669627,0.6571043781596418,0.5525190758289853
2015-05-11,17850000.0,10.9,22.2,13.70520555231493,12.86402217285279,3.83,0.6611194615720268,0.6141004354583852,0.46014285841591096
2015-05-12,23080000.0,11.7,18.6,9.35918953819875,15.222526005381406,0.0,1.0163819950989548,0.9572962723326508,0.6153823467428579
2015-05-13,26920000.0,12.4,24.0,11.561644787411671,12.127737981479642,0.0,1.015726093056489,0.9425520854633558,0.7310051644401931
2015-05-14,21900000.0,16.6,26.9,17.544462328008684,7.9135585446772385,0.0,0.7354556778879489,0.6722351833025767,0.5968059557036505
2015-05-15,12420000.0,13.7,23.1,16.826070939818187,3.9058978444794996,0.0,0.33833322102861496,0.30444958343557726,0.3026803992711839
2015-05-16,25950000.0,11.1,23.9,9.343004701311308,6.671453099881076,0.0,0.8401609303880486,0.7705379889054357,0.6987437672325643
2015-05-17,24420000.0,15.0,23.8,8.71803663747,4.588307582825343,0.0,0.7271801755710422,0.6593635476555084,0.6858497469178619
2015-05-18,13830000.0,10.4,20.4,12.122798711992658,5.7136850460623485,0.0,0.42249972387210893,0.3869089400364563,0.37236278458685695
2015-05-19,26410000.0,10.7,24.9,13.584838220268717,8.50917055314576,0.08000000000000002,0.8602173737722673,0.7889593439640702,0.5971898030602537
2015-05-20,24540000.0,10.5,20.3,9.981381914385503,6.096792267589839,0.0,0.658657264629819,0.59550485426634,0.5337322265525168
2015-05-21,28460000.0,11.8,24.4,10.4418867786201,8.829424246141397,0.0,0.9773767947341314,0.9001588936143093,0.7509881211591539
2015-05-22,28200000.0,13.9,25.9,9.79437917771294,8.09314005476825,0.0,0.9926994838460403,0.9137095856378104,0.8545035396349541
2015-05-23,26830000.0,13.7,25.9,9.921542820329918,6.007001512544333,0.0,0.8547622276710388,0.7797376603153079,0.7695680360063925
2015-05-24,28450000.0,14.3,27.4,10.221011572234964,4.663133212029932,0.0,0.8660782350677468,0.7851191536663558,0.770308618915147
2015-05-25,28780000.0,13.5,28.7,12.245382336819246,5.2976545476848385,0.0,0.9852881871222976,0.9030581206967613,0.7774442373718219
2015-05-26,29120000.0,14.7,30.4,10.564399692518643,5.674775718875963,0.0,1.1632777468930782,1.0781774530785613,0.9165618270693028
2015-05-27,28930000.0,13.7,30.3,11.104803977982618,4.124388681756897,0.0,0.9788099630395802,0.8949706549186178,0.8010455141361519
2015-05-28,27850000.0,15.3,29.8,12.50427095931306,5.255752195330269,0.0,0.9891266289390362,0.9077377833781057,0.8204869193846402
2015-05-29,24810000.0,17.5,29.0,12.704232402215146,4.9594427036801,0.06999999999999999,0.812936851241995,0.7396766672712511,0.7781430060802814
2015-05-30,10590000.0,12.8,21.7,14.803071459611347,4.986379930193752,0.08000000000000002,0.34296467575799616,0.3146870001497208,0.315062170398007
2015-05-31,27070000.0,14.6,27.6,14.46310979881675,5.016310181875587,0.0,0.7996886461194236,0.7223443828067315,0.6724811350074837
2015-06-01,25150000.0,17.3,28.6,13.406028613664459,5.450298831262198,0.0,0.8299068394328876,0.7559688180927883,0.7712913529259164
2015-06-02,19870000.0,17.5,28.2,13.332137118336076,6.563704193826469,0.0,0.801037094147865,0.7427080784516474,0.7618565639821371
2015-06-03,27390000.0,14.7,27.4,9.233066918714115,6.788181081440235,0.0,1.013012078673389,0.9348165031941708,0.8939707598382473
2015-06-04,26470000.0,18.4,28.9,9.318773692968147,4.8427147221209434,0.0,0.884128063646483,0.8055135470830599,0.8792451557924406
2015-06-05,9630000.0,13.1,18.8,11.69235580163239,2.624883072496951,0.09000000000000001,0.29260156236150286,0.26753782850787544,0.28805783516150585
2015-06-06,26380000.0,14.6,26.4,12.146549543176405,4.115409606252347,0.0,0.7246454909210921,0.6500066413265546,0.6605295949971045
2015-06-07,27380000.0,16.2,28.9,13.218312492720482,4.872644973802778,0.0,0.8587659568236388,0.7787506393565552,0.7664747823320935
2015-06-08,15860000.0,15.8,25.4,15.754123264518341,4.450628425088901,0.0,0.5065352386742533,0.461587304978403,0.46871997361508216
2015-06-09,25800000.0,17.2,28.3,14.892196264306525,5.581991938662273,0.0,0.8201192639684477,0.7444951233419449,0.7311740416182309
2015-06-10,27130000.0,16.4,31.9,14.634223623604058,5.728650171903267,0.0,1.0931335610229087,1.0119873400801596,0.8681034479844867
2015-06-11,10400000.0,19.3,25.1,19.310877970174225,7.521472247645197,0.33,0.48050482962054114,0.450272815797881,0.42454573203472457
2015-06-12,22670000.0,16.6,28.8,14.754655580504089,7.419709391926958,0.0,0.8709744330512782,0.8045744255817968,0.7736854696329031
2015-06-13,20940000.0,18.1,30.8,16.256022701922934,6.473913438780964,0.03,0.8545900477331984,0.7916969419705219,0.7793985801644772
2015-06-14,25160000.0,19.9,30.0,18.299332444264923,4.342879519034295,0.020000000000000004,0.7737012550614787,0.6976170460912565,0.6900199847127813
2015-06-15,16140000.0,20.5,27.3,19.999869748999505,2.122054844242119,0.05,0.45906585194388627,0.4109602006348238,0.4125437418811507
2015-06-16,20420000.0,17.8,28.0,20.015655979696703,4.133367757261447,0.08000000000000002,0.5865128439639145,0.5265248392108862,0.5028491373387285
2015-06-17,17700000.0,17.2,26.7,17.15896409033801,7.0934696485949535,0.0,0.6574250647389088,0.6061699780868979,0.5701070781689401
2015-06-18,16820000.0,17.6,25.1,17.09467768554015,8.955131303205105,0.0,0.6803000678521517,0.6320495040989118,0.5458126331483697
2015-06-19,22400000.0,16.4,27.3,16.072703953377086,5.294661522516655,0.010000000000000002,0.6941252700963303,0.6293605771697421,0.61160794661537
2015-06-20,9260000.0,16.5,23.1,18.806620288908665,2.636855173169685,0.53,0.26459081817637004,0.23869713596563327,0.2442538767084613
2015-06-21,16770000.0,17.7,25.7,17.38563895461277,3.7532535609021402,0.0,0.5046419432716492,0.4562684546101602,0.4540715678709388
2015-06-22,21640000.0,18.1,27.8,17.60552420644467,4.031604901543208,0.0,0.6401584986714164,0.5765394616217245,0.5684285033702678
2015-06-23,20600000.0,17.9,28.0,18.529306048178643,4.815777495607291,0.03,0.637456998221781,0.5768954379988764,0.5596393514171643
2015-06-24,20740000.0,17.4,28.5,18.095944388599445,6.018973613217068,0.0,0.6939357300801403,0.6329625864382452,0.611182874834584
2015-06-25,15110000.0,19.0,27.0,18.87151442274763,10.086494816778478,4.19,0.7170390581886007,0.6725846623188069,0.5880746417683292
2015-06-26,5530000.0,18.3,22.6,20.15292766197723,5.671782693707779,0.21000000000000002,0.23799093485696945,0.22235744819407857,0.22356299519580225
2015-06-27,17280000.0,16.1,24.5,17.923191438406207,4.073507253897777,0.020000000000000004,0.47378510859739115,0.4250556896532688,0.3994083094407685
2015-06-28,21250000.0,17.1,27.3,19.15837179837949,3.543741799129293,0.0,0.5739697064756417,0.5121975628476102,0.489615287846269
2015-06-29,24150000.0,20.9,28.8,21.370133285231063,4.582321532488976,0.0,0.7240736857320174,0.6511422061947578,0.6003841470477713
2015-06-30,16800000.0,18.0,27.2,18.866515610723244,4.306963217016092,0.09000000000000001,0.528262826685028,0.47912959135356614,0.475444605496201
2015-07-01,20620000.0,17.0,26.9,16.907623620020402,10.331922880569527,0.0,0.8426519991933678,0.7829412711275786,0.6620364681180275
2015-07-02,24360000.0,18.2,26.9,17.572621624155254,5.956120084685214,0.0,0.7540591227135126,0.6828694538494455,0.6218485032955821
2015-07-03,24480000.0,15.3,26.7,15.166530416876885,5.195891691966599,0.0,0.7126997074856105,0.6428682580906993,0.6174739116904101
2015-07-04,19330000.0,17.0,25.4,16.570092061815586,4.9774008546892015,0.0,0.5925091605410676,0.5371908747005373,0.5127455249931021
2015-07-05,19740000.0,17.6,26.5,17.85640113978901,3.4060626413928508,0.020000000000000004,0.5505110169330556,0.4932602676244394,0.4834428596738977
2015-07-06,17920000.0,17.7,26.2,18.98680781291751,4.393760946893415,0.010000000000000002,0.5289792333837166,0.47708707785806476,0.4543085226613375
2015-07-07,4870000.0,17.4,22.6,16.921249379431398,6.656487974040159,2.52,0.3208093679882825,0.30714505912227075,0.32818522781487974
2015-07-08,2200000.0,18.2,19.7,20.62367555077026,8.554065930668513,5.08,0.09302307496350712,0.08696155692817088,0.09973640008864901
2015-07-09,4340000.0,18.7,22.2,21.203471686566257,6.545746042817368,0.53,0.18774009069905212,0.17547077205222633,0.178824791439762
2015-07-10,18830000.0,18.5,28.8,22.645332764355537,5.079163710407441,0.0,0.563774089931306,0.5078499740684703,0.4703728803534325
2015-07-11,17800000.0,22.4,30.9,26.03910345865113,6.108764368262573,0.35000000000000003,0.6332770755383745,0.5782523226914724,0.5355044961421885
2015-07-12,2160000.0,21.9,23.7,26.258558140433212,16.937529426750565,2.67,0.14840193206950175,0.14206589239528625,0.11641928065818688
2015-07-13,11530000.0,20.9,25.1,23.136678223087078,14.354548706608185,0.06,0.556928839322452,0.5230069872788567,0.36953476624381754
2015-07-14,23760000.0,20.2,29.4,22.376971477830946,7.228155781163212,0.0,0.7843663904689242,0.7126612490234117,0.6205011970392589
2015-07-15,23710000.0,19.0,30.2,20.23781164772211,10.430692711119583,0.0,0.9475064858174423,0.8761468830917856,0.753816027263013
2015-07-16,17210000.0,16.4,22.9,15.69447859093413,12.93286175172101,0.0,0.7700154698446854,0.7220147281158922,0.5294867611143969
2015-07-17,13380000.0,17.9,23.5,16.472210616982085,3.4270138175701352,0.06999999999999999,0.414143940130402,0.3761621176050095,0.3826160518252024
2015-07-18,18410000.0,19.2,27.3,21.498682441615166,2.7924924819152284,0.0,0.49588578709546133,0.44152383679713836,0.4215238828037157
2015-07-19,15140000.0,20.9,26.5,20.041990611278937,5.737629247407816,0.0,0.5588564538833267,0.5138593182052926,0.49258207054483527
2015-07-20,9110000.0,21.3,25.6,24.22817019042855,5.647838492362311,0.21000000000000002,0.32987930278282357,0.3029007149272113,0.28177851663229647
2015-07-21,10140000.0,21.9,28.2,26.439311922105755,4.079493304234145,0.0,0.34030653386351284,0.30960181505405615,0.30149649366916903
2015-07-22,14640000.0,22.5,30.1,26.56041734986991,4.0645281783932266,0.0,0.4799105422764205,0.43485234591527816,0.4181104286904599
2015-07-23,9830000.0,23.4,27.2,28.200755693562098,8.069195853422784,0.32000000000000006,0.3716724672437063,0.34180715752853225,0.2845378008830939
2015-07-24,9250000.0,23.5,27.2,28.622600807472782,9.577680538187279,0.51,0.368651726055023,0.3405299669217236,0.2719976474671034
2015-07-25,19710000.0,21.6,30.8,25.99937521944899,9.167636090146136,0.0,0.7375890404422052,0.677003471310663,0.575109306406306
2015-07-26,25750000.0,22.0,32.2,25.357934678376235,3.334230037356446,0.0,0.7401527803512813,0.660110479983098,0.6176492770391829
2015-07-27,16079999.999999998,22.8,28.4,26.271910192860727,6.791174106608418,0.27999999999999997,0.5545597439224598,0.5055126813167437,0.43533378207201584
2015-07-28,21880000.0,23.3,31.5,25.119379134265287,6.593634445508305,0.020000000000000004,0.7865369063064567,0.7182771924343406,0.6594000756169156
2015-07-29,11090000.0,22.9,28.8,29.188741997378443,6.120736468935308,0.5599999999999999,0.3751597606462955,0.34122317575506245,0.29937858561691166
2015-07-30,24550000.0,23.1,33.1,28.02365134805256,6.108764368262573,0.0,0.8136941539557011,0.7364691492049029,0.6587375051065472
2015-07-31,25220000.0,23.8,33.8,27.630457132255952,5.354522025880326,0.0,0.8379646033375178,0.7579950952253414,0.7010449512238978
2015-08-01,24410000.0,23.9,33.2,25.972919153640408,4.489537752275287,0.0,0.7925736657405715,0.7153909711171997,0.6814626722202486
2015-08-02,17200000.0,23.7,30.6,28.11562404837629,5.109093962089276,0.22000000000000003,0.5712836602548532,0.5177859999352014,0.4714476841359632
2015-08-03,25110000.0,22.1,33.4,24.762052399605867,6.222499324653548,0.0,0.8611305336158541,0.7824670294702776,0.7411020380067861
2015-08-04,25940000.0,22.7,33.5,24.52211815458313,7.105441749267688,0.0,0.9355849198478132,0.8539875013860737,0.7982745265463317
2015-08-05,25310000.0,23.3,33.1,26.258558140433212,5.602943114839558,0.0,0.838381633390427,0.7586736609071655,0.702806867316119
2015-08-06,24170000.0,23.5,34.8,25.383842652837487,4.0585421280568585,0.0,0.7894272167384132,0.7124876178363602,0.7107662839857725
2015-08-07,24380000.0,23.4,35.3,25.99937521944899,4.411719097902515,0.020000000000000004,0.8114388220177349,0.7336598075818074,0.7311379407066829
2015-08-08,21710000.0,22.6,34.4,27.742303752629763,3.331237012188263,0.87,0.6675718184525852,0.5989653913056625,0.5844961923133274
2015-08-09,21680000.0,22.1,31.7,25.05524228183338,5.525124460466786,0.0,0.7160937083430482,0.6488673899626575,0.6104397297723876
2015-08-10,17880000.0,22.2,31.1,23.875816616224046,5.3485359755439585,0.0,0.6358029048774225,0.5805308497705344,0.5727044044183038
2015-08-11,8380000.000000001,19.7,27.4,21.29221575184191,4.022625826038658,0.25,0.33425027696043985,0.3093977652289273,0.3401599054931275
2015-08-12,12750000.0,19.3,27.3,22.168894301259936,4.1034375055796115,0.29,0.40039834837140054,0.36272212008790844,0.3613509938374983
2015-08-13,19820000.0,20.7,29.2,22.762886857629436,2.8972483628016517,0.06,0.5477247843979669,0.48778881373859484,0.4722855193090936
2015-08-14,21340000.0,21.4,29.6,21.532328086729493,2.526113241946895,0.0,0.5848356235360337,0.5198297064085116,0.5130573986381558
2015-08-15,20890000.0,21.7,30.8,23.43714766668172,3.1546485272654348,0.0,0.6057935971153909,0.5415401533434884,0.5308038428957079
2015-08-16,13300000.0,20.7,29.7,24.13500768081846,4.549398255638957,0.11000000000000001,0.4535998610769757,0.41324567084261377,0.41868130700104444
2015-08-17,19160000.0,20.4,29.3,21.498682441615166,5.177933540957497,0.0,0.6209058266552964,0.5630438329520293,0.5481676432160297
2015-08-18,19030000.0,20.0,29.7,21.264448378497487,5.740622272576,0.0,0.642075667725944,0.5846062658379916,0.5724499722582349
2015-08-19,13180000.0,21.6,28.6,22.52247279524089,4.360837670043395,0.09000000000000001,0.4651929344665803,0.42525614039394516,0.43550040886456143
2015-08-20,7520000.0,19.9,27.1,22.762886857629436,2.651820299010603,1.42,0.25556179046315575,0.23327580946605866,0.255925155328337
2015-08-21,10550000.0,19.4,26.6,22.60431446739747,3.756246586070324,0.27999999999999997,0.32907302927217674,0.2980343875497198,0.3015739376954557
2015-08-22,17870000.0,21.1,28.6,22.29006595033471,4.378795821052497,0.0,0.5524331944937793,0.49846691957324785,0.4846475878889828
2015-08-23,16510000.000000002,22.3,29.4,22.845491968671062,4.223158512306953,0.0,0.5439866642028549,0.4934643002214069,0.49426163691603886
2015-08-24,10740000.0,21.3,26.4,22.727564716604874,14.393458033794568,1.01,0.6308378098948133,0.5988496300074231,0.46002370419334665
2015-08-25,1950000.0,18.4,21.3,20.34969684688952,12.29534739089792,4.58,0.19530635646196456,0.18984893281861234,0.1835552419497252
2015-08-26,15470000.0,17.8,25.1,18.043004602148514,6.102778317926207,0.0,0.5132291694742722,0.46878080572503356,0.44700177045392586
2015-08-27,17930000.0,18.4,26.1,21.2200864976507,6.940825365017593,0.09000000000000001,0.5361334601190781,0.48397248131500026,0.41847360915874915
2015-08-28,18310000.0,18.0,26.2,21.757812285613408,3.4778952454292558,0.12,0.4532641575670045,0.40011989610939,0.36965858377294164
2015-08-29,19620000.0,19.3,27.0,20.063080155972138,1.7299685472100772,0.0,0.4685515981937186,0.41070123956677856,0.4060262397942661
2015-08-30,18960000.0,19.6,28.0,20.42458750283846,3.0648577722199293,0.0,0.5116719579388735,0.4552412437921053,0.4555825351581941
2015-08-31,18430000.0,20.0,27.6,20.933703494029995,8.176944759477388,0.5599999999999999,0.6626402389726083,0.6077869656748793,0.5425435237393503
2015-09-01,12240000.0,19.0,25.9,20.26972375324252,5.788510675266937,0.12,0.43033127556063777,0.39461500876812317,0.3882355864641178
2015-09-02,15100000.0,18.5,26.8,21.476277579021602,3.364160289038282,0.54,0.40546194992058676,0.36126740488839815,0.3567359670346625
2015-09-03,18580000.0,17.9,26.0,20.34969684688952,5.372480176889427,0.020000000000000004,0.5109002024090292,0.457096840262455,0.41831594074096207
2015-09-04,15380000.0,20.1,26.5,20.726568558553492,4.124388681756897,0.010000000000000002,0.45826416349772875,0.41281628969379885,0.40920825324918403
2015-09-05,7110000.0,19.4,23.1,20.55353297182954,6.716348477403829,0.15000000000000002,0.29911314223254365,0.2787495792126243,0.2683126356953697
2015-09-06,8800000.0,16.5,21.6,17.311335721938807,10.595309095369677,0.6200000000000001,0.4128856239239294,0.38859659975604255,0.3221826991915201
2015-09-07,20510000.0,12.4,23.4,14.368370445416433,7.859684091649937,0.0,0.5815227025024599,0.5260804862201244,0.4726850403466753
2015-09-08,21920000.0,15.5,23.4,13.937253491799122,9.35021062540533,0.0,0.7443579149305217,0.6834311533368839,0.5846490400933997
2015-09-09,22160000.0,13.0,24.6,14.006382781358186,8.07518190375915,0.0,0.6640696016635506,0.6031763823914214,0.5556413946908106
2015-09-10,22140000.0,16.8,26.0,16.090084391753955,3.432999867906503,0.0,0.5420023624436044,0.47844015896522035,0.49077031945836824
2015-09-11,17430000.0,18.3,25.9,18.707164913646604,5.596957064503191,0.30000000000000004,0.5256284622060508,0.47503837606698907,0.45984717648292256
2015-09-12,7490000.0,12.1,20.9,14.34870181811774,5.327584799366674,0.04000000000000001,0.2678936180273433,0.2481835629262385,0.2683799326307815
2015-09-13,22220000.0,12.6,23.0,11.78462527392607,5.30663362318939,0.0,0.5708951446425813,0.5109423456142533,0.5186682166964857
2015-09-14,21420000.0,13.0,24.9,13.796094913969197,4.755916992243621,0.0,0.5359608151371577,0.4769436713567473,0.49620569367023853
2015-09-15,18540000.0,13.4,22.7,13.37273302891287,7.61724905302707,0.0,0.5738046248786918,0.523548136967839,0.487773384132905
2015-09-16,16300000.0,16.3,22.9,13.633624966718088,7.9195445950136065,0.13,0.613131489086122,0.5677079389549482,0.5351560149263741
2015-09-17,8330000.0,14.1,21.2,15.491484148580906,7.8686631671544855,0.45,0.3414605220603302,0.3190480727108567,0.30435352552652617
2015-09-18,19320000.0,15.0,25.7,15.660484963170312,4.088472379738694,0.0,0.48760999617478207,0.4330823796752309,0.4569714345276655
2015-09-19,17960000.0,14.6,25.8,16.534439945624083,2.8972483628016517,0.0,0.4126085614447829,0.3620461762728161,0.387611314812854
2015-09-20,16350000.000000002,15.4,25.9,16.672967755391074,2.8224227335970635,0.0,0.39325442029487007,0.3468797022759337,0.37731065394273566
2015-09-21,18030000.0,14.8,27.2,16.11183312542724,3.7622326364066905,0.0,0.47257239951430813,0.4211401677908501,0.4569804633480204
2015-09-22,18720000.0,14.6,26.0,16.565631863148628,4.998352030866486,0.0,0.487076804957124,0.4342866011009915,0.45043515665593936
2015-09-23,8840000.0,18.3,23.4,18.038198632064823,4.666126237198115,0.21000000000000002,0.3170666528048306,0.29191100150119975,0.3129810988377306
2015-09-24,7690000.0,15.4,23.0,17.985406964112105,6.758250829758398,0.0,0.2871333827747743,0.265851980181109,0.27040735741866495
2015-09-25,12670000.0,15.4,25.3,17.478911089863466,3.9777304485159046,0.0,0.3491828232369253,0.31342377038758185,0.34355042324247564
2015-09-26,15580000.0,14.9,27.0,16.780913124224355,3.361167263870098,0.0,0.3985259485274804,0.3541185034263858,0.39899848883908484
2015-09-27,16780000.0,13.3,25.8,16.34836796171867,3.0888019735653973,0.0,0.38261524294492216,0.3358943678207126,0.3647363871314919
2015-09-28,19310000.0,15.1,28.0,14.329056838591628,4.9295124519982645,0.0,0.589128638216719,0.5335595019090709,0.5730276141496724
2015-09-29,18670000.0,15.8,24.5,13.254936445123464,8.55107290550033,0.0,0.6845245524338797,0.6320074014118158,0.6111579080223613
2015-09-30,13190000.0,15.8,22.0,13.716537878445664,5.9950294118716,0.58,0.4466338808496918,0.4103245809728559,0.42537238889592244
2015-10-01,1950000.0,8.7,21.2,13.56237303962323,12.917896625880093,3.04,0.2933661620470351,0.28839510798931156,0.29564810259561003
2015-10-02,20050000.0,12.6,19.5,10.122244289324472,9.835080702651062,0.0,0.6718906792248537,0.619601380426076,0.5346254547657622
2015-10-03,17570000.0,10.7,23.6,11.69235580163239,9.050908108586977,0.0,0.6506941457424082,0.6038682464539004,0.5478691525975223
2015-10-04,15770000.0,11.3,20.9,10.8162939043112,1.792822075741931,0.0,0.2911741448499283,0.2500053494167506,0.2970182054005715
2015-10-05,18830000.0,10.5,22.3,12.389773068959578,2.4123782855559206,0.0,0.3372933101795308,0.28784007549476326,0.33164501336536595
2015-10-06,18400000.0,10.6,24.3,12.661903226261904,2.9181995389789366,0.0,0.3924324020414729,0.343112611712955,0.37708574914420534
2015-10-07,14300000.0,11.6,22.9,14.662246942588299,2.7595692050652096,0.0,0.28608192039367497,0.2478977125373635,0.28499877370830945
2015-10-08,14420000.0,12.7,22.7,12.993222368436426,6.449969237435495,0.0,0.440371276511027,0.4015367940723051,0.42787891486688245
2015-10-09,17030000.0,10.3,19.1,7.46635083788109,7.757921235931695,0.0,0.5840512673030086,0.5408680710981075,0.545192127217651
2015-10-10,16700000.0,7.8,20.0,10.021451030589162,8.464275175623008,0.09000000000000001,0.4855601161025261,0.4439459557312889,0.42920697881932446
2015-10-11,12820000.0,8.4,15.6,10.14250973560477,10.248118175860387,0.11000000000000001,0.39144502424121314,0.3608719656999597,0.29575411330355506
2015-10-12,15660000.0,6.1,16.0,7.697251454173199,9.499861883814507,0.0,0.4846142548862164,0.4481294451404968,0.3988796684773593
2015-10-13,17550000.0,9.9,19.7,9.766316365367128,7.614256027858886,0.0,0.49422824669417986,0.4496312324713875,0.4518104273359481
2015-10-14,16840000.0,8.4,21.7,11.18666446932511,3.5676860004747613,0.0,0.3427097633302547,0.29968936735551643,0.339378481911773
2015-10-15,15750000.0,8.9,22.3,12.028203291831593,2.7715413057379434,0.0,0.30190613702569574,0.26120626993673374,0.30414525013312493
2015-10-16,14680000.0,10.1,22.0,12.989619662572638,3.3970835658883005,0.0,0.2857032915477461,0.2474186578137782,0.2984033840913566
2015-10-17,15940000.0,11.4,23.3,11.512960612610465,1.768877874396463,0.0,0.27632647186122716,0.23368170560295726,0.2990266750162228
2015-10-18,16610000.0,11.2,24.8,11.69892533840547,4.1573119586069165,0.0,0.4333578570693887,0.3883746467816253,0.43800435580654745
2015-10-19,12310000.0,12.2,21.9,12.842662590423883,4.711021614720868,0.0,0.32338951662932425,0.29064524665666747,0.3426007209575461
2015-10-20,15340000.0,10.9,23.8,13.868424079044535,4.591300607993527,0.0,0.35445801083334505,0.31341844280311537,0.355075994611985
2015-10-21,14360000.0,13.5,23.3,14.014082372731384,6.15665277095351,0.0,0.40212899799433915,0.3629527471218738,0.40351269588428396
2015-10-22,7670000.0,10.6,18.2,12.51124002609224,5.848371178630607,0.0,0.23358041812738833,0.2142569305101089,0.23631252456056046
2015-10-23,14920000.0,10.7,21.7,12.57411545458834,6.054889915235271,0.0,0.36025401622036435,0.3212258232698818,0.362835109862027
2015-10-24,11270000.0,10.1,20.8,11.850923577407197,10.206215823505818,0.0,0.44528473461576307,0.4162518602160695,0.40213000031854956
2015-10-25,14620000.0,6.8,18.0,9.124270870201936,5.743615297744184,0.0,0.3207384943501236,0.285538427848934,0.3315086156440588
2015-10-26,11670000.0,10.2,17.3,10.064539378570442,5.471250007439483,0.06999999999999999,0.3032819166599538,0.2742987633412606,0.3088906906500434
2015-10-27,5720000.0,4.5,14.6,7.943771439138874,10.110439018123946,0.8300000000000001,0.33273238344744127,0.3199126523073118,0.29449804514202194
2015-10-28,14770000.0,5.0,15.1,6.1881042265277,8.215854086663775,0.0,0.4348326998957869,0.401290419990438,0.4038213030517199
2015-10-29,15050000.0,4.2,14.0,4.988403448430163,7.440660568104241,0.0,0.4256626744899508,0.39233834024525815,0.4109782613627817
2015-10-30,15440000.0,-0.4,10.0,3.956356890173725,8.155993583300104,0.0,0.37482416133993446,0.34472557659221237,0.3316014859292339
2015-10-31,15310000.0,1.0,10.7,4.411765559417658,4.7948263194300065,0.0,0.26347583640341043,0.23262553928423402,0.2826544885726307
2015-11-01,10090000.0,2.8,12.7,6.03064517916838,2.684743575860622,0.04000000000000001,0.1697801806471621,0.1482646229260231,0.20689806791894708
2015-11-02,14130000.0,4.3,13.9,7.0711570032363635,7.811795688958999,0.0,0.3327748765324791,0.30148764444759485,0.3091437664647456
2015-11-03,14240000.0,3.9,17.2,7.813896375713633,3.1845787789472695,0.0,0.2290487535840276,0.19628950001914075,0.25749421210243717
2015-11-04,14280000.0,8.2,18.4,7.5911187428434,2.9990112185198914,0.0,0.2446374132280905,0.20953018125372233,0.3044700717915494
2015-11-05,12390000.0,5.9,18.3,9.068984922746697,5.6179082406804755,0.0,0.2847428403838824,0.25512420197174324,0.31169625799123624
2015-11-06,7710000.0,10.7,15.8,11.11736348374561,11.83741454016584,0.6000000000000001,0.3615621231953981,0.3426287554890151,0.28209858906183516
2015-11-07,1550000.0,11.3,13.3,13.108973634534525,9.568701462682728,1.4500000000000002,0.086235388929707,0.08251234558588996,0.09040153022592086
2015-11-08,1600000.0,10.9,12.5,11.994576882851018,5.0252892573801375,1.2400000000000002,0.07559574680333173,0.07180769893798482,0.10327824752006536
2015-11-09,2130000.0,10.4,12.4,11.854247086977157,5.36649412655306,0.06999999999999999,0.08660691941223743,0.0816010505453729,0.10160682063837553
2015-11-10,4280000.0,7.6,13.4,10.899367240902837,3.1875718041154535,0.04000000000000001,0.090221453715114,0.0803878701072586,0.10750068237730259
2015-11-11,8470000.0,10.7,15.7,10.983001643874326,4.6152448093389955,0.03,0.19560613186585435,0.1748301791955968,0.21253772356296846
2015-11-12,6180000.0,11.2,15.0,10.99543984018898,9.502854908982691,0.04000000000000001,0.29260139724856515,0.2774772497884454,0.254921678378328
2015-11-13,1070000.0,11.3,13.1,13.065461147366204,9.856031878828347,1.7300000000000002,0.07435409198456525,0.07179010351916763,0.08632734534747191
2015-11-14,3180000.0,10.2,15.6,13.85316926637327,3.896918768974949,0.0,0.07022755403965061,0.06248103697216508,0.08294382974636323
2015-11-15,7320000.0,7.8,16.0,10.764274866298564,4.1483328831023645,0.0,0.14884452628991293,0.13142988253912458,0.17591358083643402
2015-11-16,3060000.0,11.3,14.9,13.55489190283824,3.4958533964383562,0.7000000000000001,0.0781361531096063,0.07064749757110042,0.09246818798513884
2015-11-17,3180000.0,10.7,14.8,11.807792474355399,8.82343819580503,0.010000000000000002,0.20023975496875845,0.19252018893278125,0.18521583646363027
2015-11-18,1760000.0,7.6,11.1,9.040143634337982,11.364516563592842,0.25,0.22712656397206107,0.22320309093773621,0.18785706994048154
2015-11-19,2400000.0,8.3,10.7,9.822513001413089,3.4988464216065402,0.03,0.08664691672793537,0.08127518027867062,0.10573032479801855
2015-11-20,10130000.0,4.7,14.9,8.843076028549614,4.537426154966223,0.0,0.16027461575309096,0.1374201173785869,0.19553478697191126
2015-11-21,9250000.0,7.6,14.7,9.752311540493604,2.271706102651295,0.0,0.11633991398591954,0.09473524584165863,0.1473988154762502
2015-11-22,6430000.0,9.3,14.5,10.576419653048887,7.069525447249485,0.53,0.2006119077940527,0.1853146182697946,0.20142649224797937
2015-11-23,3520000.0,6.8,12.5,9.519661266495783,4.84870077245731,0.13999999999999999,0.12196297523300739,0.11405289566901326,0.14105078420901357
2015-11-24,4030000.0000000005,4.4,9.1,7.094379008924567,10.661155649069714,0.13,0.2475223781275318,0.23917671312626662,0.19499492560905257
2015-11-25,1700000.0,-1.6,6.4,6.299525719345672,8.188916860150124,0.32000000000000006,0.0793533511816806,0.07629677448358482,0.08922285284627941
2015-11-26,10830000.0,-4.7,2.2,2.9578039193449266,14.638886097585619,0.0,0.36540786771305445,0.3484333208892275,0.21628112855685866
2015-11-27,10380000.0,-3.5,1.2,3.8063820997905013,10.526469516501455,0.0,0.19715275367162838,0.18081834112490783,0.14137439047053862
2015-11-28,9780000.0,-0.0,5.9,5.457413306862683,5.336563874871224,0.0,0.12450695126288369,0.10658227334709476,0.1345301524513526
2015-11-29,10470000.0,1.5,8.5,6.135838581273874,3.385111465215566,0.0,0.1052393040443865,0.08469788070614973,0.13598771893962774
2015-11-30,7300000.0,-0.9,7.7,5.644614995987554,5.971085210526131,0.0,0.13466218278994477,0.1210752030229734,0.14877277486730672
2015-12-01,9570000.0,1.9,11.5,7.073265316941732,4.360837670043395,0.0,0.12582248167128846,0.10603369147420656,0.16255743826446312
2015-12-02,4690000.0,0.4,12.2,7.681361919809792,9.912899357023832,0.34,0.16684473746757467,0.1572629796589427,0.17346202343779002
2015-12-03,9320000.0,-3.7,4.1,3.836948437322447,16.359875569291148,0.11000000000000001,0.3517592310327238,0.3362999402374159,0.20338415004250385
2015-12-04,10680000.0,-2.4,3.7,4.79067722760648,13.309982922912132,0.0,0.20527537145544925,0.18725632760519675,0.13653130489980345
2015-12-05,8130000.000000001,-0.0,6.6,5.127904143261973,8.856361472655049,0.0,0.21062698545755967,0.19554654117868794,0.18553497657288331
2015-12-06,7010000.0,-1.1,7.0,4.9237468096739985,2.481217864424142,0.0,0.08384870913085486,0.07100085716871986,0.11951318780410328
2015-12-07,6500000.0,2.3,9.3,7.398064340059448,4.3368934686979275,0.0,0.09134138606773082,0.0782638581128868,0.11394884893883395
2015-12-08,6400000.0,1.8,9.8,7.248047855759382,1.8826128307874368,0.0,0.06140285251184967,0.0485265172947725,0.09192252799160522
2015-12-09,6530000.0,4.0,11.5,8.542113659294422,2.618897022160584,0.010000000000000002,0.07319942123723636,0.05927508110650912,0.10372475290665428
2015-12-10,1800000.0,6.8,9.9,9.987097420197768,6.204541173644447,1.9600000000000002,0.06308822335193151,0.059184158545604805,0.07461796920632469
2015-12-11,3420000.0,1.0,7.7,6.065531059255242,7.659151405381639,0.0,0.16344555425219348,0.15687532963576664,0.1571296956584939
2015-12-12,7340000.0,-0.6,7.8,5.9054417679115705,4.142346832765998,0.0,0.09284608673603235,0.07909197292206692,0.12204334632438041
2015-12-13,8680000.0,1.8,9.3,6.412716996727105,2.9241855893153037,0.0,0.08791456497610713,0.07058637912122817,0.1258751236615975
2015-12-14,3290000.0,4.1,7.9,8.675021348191075,3.38810449038375,0.6400000000000001,0.04362016602178957,0.036959957702607245,0.056729033282581165
2015-12-15,6640000.0,0.2,7.1,5.64116125962435,11.011339593747186,0.0,0.2216434309820637,0.20918006549454785,0.17611332261064927
2015-12-16,9360000.0,-5.0,3.0,2.6286488766228935,12.040940251602319,0.0,0.3381816130408549,0.32336409013681555,0.23817961129911502
2015-12-17,11070000.0,-4.5,-0.3,2.136085644453145,10.18227162216035,0.0,0.28831740139406903,0.27176267408588006,0.214663456740609
2015-12-18,10110000.0,-3.2,3.0,4.395129133954031,7.5933048516816015,0.0,0.1277527391233993,0.11117462559945983,0.1222627093089422
2015-12-19,10730000.0,-2.4,6.1,4.586971687029104,1.8018011512464818,0.0,0.0570502112686256,0.03813153602104437,0.09600852381008355
2015-12-20,4750000.0,0.0,6.1,5.5878669012822115,1.9873687116738605,0.010000000000000002,0.06109052064785152,0.052354736333898956,0.08829936214779324
2015-12-21,3020000.0,-2.0,6.1,6.19747868264412,3.654483730352083,0.0,0.05024711412151336,0.044884125742755646,0.0703772022869767
2015-12-22,8310000.000000001,-0.7,8.9,7.01444192823202,3.504832471942907,0.09000000000000001,0.05820597791174277,0.0423722489291908,0.08863235665762714
2015-12-23,3810000.0,0.7,9.6,7.976536324926549,2.858339035615266,0.010000000000000002,0.044614877726347216,0.03710412154297146,0.07020718764946625
2015-12-24,7770000.0,-2.4,7.3,4.643336984930735,8.138035432291003,0.0,0.19653647634358912,0.1825415284674216,0.19409202695697378
2015-12-25,11020000.0,-3.3,3.0,2.811171176835032,7.335904687217819,0.0,0.2186425255915049,0.20060699823828082,0.20991237902808227
2015-12-26,9150000.0,-3.5,7.8,4.819135369558752,8.419379798100255,0.0,0.17970752185112787,0.16340078680232553,0.18500915636728674
2015-12-27,10830000.0,-5.7,1.7,1.8264546104009918,8.173951734309206,0.0,0.26688907253158,0.25042314672112115,0.23649499512066408
2015-12-28,11200000.0,-5.8,-0.7,1.5908073850725475,11.09813732362451,0.0,0.34175756297285376,0.32559874686886603,0.23857854234976267
2015-12-29,10660000.0,-4.5,2.0,2.7375795887595653,5.938161933676113,0.0,0.1669646726897473,0.15025657766278555,0.1763902484133692
2015-12-30,10850000.0,-2.8,5.0,4.053214331500849,3.0888019735653973,0.0,0.08823079957219755,0.06961590881868977,0.1266946624491981
2015-12-31,9400000.0,-4.2,5.6,4.442410689094605,7.488548970795179,0.0,0.1476674765065881,0.131778281599382,0.1529716643219376
2016-01-01,10710000.0,-1.3,4.8,4.660803174820747,7.0844905730904015,0.0,0.15474200554588236,0.13592642826779192,0.15352257302640562
2016-01-02,9460000.0,0.9,9.6,6.632543583310935,5.3455429503757745,0.0,0.12046156271312795,0.10175360327131053,0.14682624023112584
2016-01-03,9130000.0,0.7,9.6,6.8692696793121755,6.1297155444398586,0.0,0.12066810094689892,0.10266988468594862,0.14028848145088318
2016-01-04,9740000.0,-1.8,6.3,3.3676391488693938,8.482233326632107,0.0,0.2843146440751372,0.2668947597787077,0.2593015001148654
2016-01-05,6110000.0,-3.8,2.1,2.082033528138315,7.665137455718007,0.0,0.27504085554377206,0.26531066576900353,0.24119186057603229
2016-01-06,10400000.0,-3.4,3.0,3.2876273648147634,10.628232372219697,0.0,0.27214624245077057,0.2551582354343692,0.2048865184959857
2016-01-07,11460000.0,-4.1,1.8,2.319905298934124,11.367509588761028,0.0,0.348553494818579,0.33051954801844236,0.2459620733068439
2016-01-08,11540000.0,-3.8,1.5,2.8298417079236327,9.921878432528384,0.0,0.26551840437420215,0.24735856614788654,0.20302754293357514
2016-01-09,10340000.0,-2.1,2.2,3.5649253487043318,9.173622140482504,0.0,0.22750063035217213,0.21044743073696287,0.18195678381516292
2016-01-10,9070000.0,-3.3,4.0,2.762222891360704,8.197895935654673,0.0,0.27176555523761725,0.25663495279901244,0.2396099214862475
2016-01-11,11660000.0,-5.2,2.3,1.9680640032071164,6.324262180371788,0.0,0.22214867340378902,0.2040195132834403,0.2232935436853718
2016-01-12,11980000.0,-5.2,2.1,1.9973951747221723,10.313964729560427,0.0,0.3395722598494821,0.3210206426152197,0.25599389683527696
2016-01-13,11370000.0,-4.5,0.5,2.8009491422877932,11.738644709615782,0.0,0.2875115390937117,0.2702245975918726,0.19155756854433956
2016-01-14,11890000.0,-3.8,0.8,2.6942516658818496,6.291338903521768,0.0,0.18508631769304423,0.16663681598942298,0.1775824297055861
2016-01-15,10010000.0,-4.2,4.6,3.272681397879619,4.393760946893415,0.0,0.14430849654270944,0.1277046874374485,0.17108029223415974
2016-01-16,9050000.0,-2.6,5.2,3.680349522326399,2.7745343309061274,0.0,0.10821012713408348,0.09256880891752824,0.14273466378155358
2016-01-17,5030000.0,-0.7,6.5,6.089503045544308,5.381459252393977,0.5900000000000001,0.09612169828509073,0.08691867500934371,0.10536335754532371
2016-01-18,8720000.0,-12.5,-0.9,1.643123633835652,21.142729788048417,0.0,0.4582631771759812,0.44749970605814726,0.2054479278881023
2016-01-19,13050000.0,-12.8,-7.0,1.1404698615293074,18.14970461986489,0.0,0.36016134306057146,0.3464324151224239,0.15682028095789516
2016-01-20,11390000.0,-11.5,-2.9,1.3340137684992912,7.635207204036171,0.0,0.2024966926187901,0.18877103546254798,0.16891108896115148
2016-01-21,8800000.0,-8.7,-0.1,1.3571804994976264,7.602283927186153,0.0,0.2553898518221286,0.24331458131101646,0.21876101847660978
2016-01-22,12490000.0,-7.2,0.7,1.1104389227317448,9.679443393905519,0.0,0.3632008182575833,0.3451808527987613,0.2741587802181497
2016-01-23,12330000.0,-15.7,-5.6,0.8313052851237882,14.303667278749066,0.0,0.31853496530073344,0.30606687245724284,0.17364024364708552
2016-01-24,13420000.0,-15.3,-7.7,1.011008120425873,13.486571407834964,0.0,0.2547668997089411,0.24180451242275375,0.1375234640052642
2016-01-25,13370000.0,-11.3,-3.1,1.8784561218719629,11.349551437751925,0.0,0.22887607696064208,0.2127643968746932,0.1473776906005025
2016-01-26,9590000.0,-5.8,1.4,3.1408596700423144,10.550413717846924,0.0,0.23684021621404172,0.2223792735274467,0.16756302755269736
2016-01-27,11230000.0,-3.4,4.1,3.1863464608895558,6.120736468935308,0.0,0.20944800583433976,0.19071408462314543,0.2028038385601659
2016-01-28,6590000.0,-2.1,5.3,3.980376756934567,4.38178884622068,0.34,0.15184583760742318,0.14033098204847422,0.16772723858030575
2016-01-29,2810000.0,0.5,3.8,5.80375262589671,8.604947358527633,0.45999999999999996,0.12665550289426422,0.12164764218528776,0.10123220506003461
2016-01-30,5600000.0,-4.8,5.2,5.244892907595162,4.860672873130044,0.0,0.07845578100268585,0.0691669367479944,0.09037272638676434
2016-01-31,12950000.0,-4.4,1.6,2.0104790994423922,8.350540219232034,0.0,0.3104360344470821,0.29026055934753103,0.24769752186001326
2016-02-01,13710000.0,-6.9,1.3,1.376267438133485,9.472924657300855,0.0,0.36101135627666125,0.3408493926376853,0.27064266341356286
2016-02-02,14460000.0,-8.1,1.8,1.4790189269070653,5.438326730589464,0.0,0.22310016558618978,0.20214863992502635,0.22286008450601372
2016-02-03,14750000.0,-5.4,3.1,2.6120358853642953,7.742956110090778,0.0,0.26599195185368996,0.24278072015194346,0.22301550866096992
2016-02-04,12320000.0,-4.4,4.5,2.7695623968101444,9.679443393905519,0.0,0.33786393595770037,0.3175452300331957,0.2586237230345969
2016-02-05,14390000.0,-4.9,3.5,2.11865452515102,8.670793912227671,0.0,0.34049070981467255,0.31743874162868,0.27141731353218446
2016-02-06,14970000.0,-4.0,2.2,2.0977610716433817,7.222169730826845,0.0,0.29451184694962024,0.27071917276237173,0.24881885797483747
2016-02-07,14390000.0,-5.2,2.7,2.0784737724028193,5.393431353066711,0.0,0.23367839980726415,0.21112403888437675,0.22563761671651683
2016-02-08,12470000.0,-2.0,5.5,3.5248944658790844,12.031961176097768,0.010000000000000002,0.40460981208003866,0.38270222583748154,0.27007006727044985
2016-02-09,15360000.0,-3.5,4.9,2.9646276523068793,9.724338771428272,0.0,0.3591962531874839,0.3332326325731557,0.26769025802643165
2016-02-10,15210000.0,-2.5,8.0,3.6123315315959337,3.44796499374742,0.0,0.1932749605295168,0.16559066255443064,0.21801930740123582
2016-02-11,11840000.0,1.4,10.8,6.093198469078816,5.564033787653172,0.5900000000000001,0.22477911408278034,0.20073683605286638,0.2245735620168189
2016-02-12,1580000.0,6.3,10.7,11.24682095232695,6.976741667035796,1.77,0.012800751347948886,0.00935947438641007,0.026078764620128723
2016-02-13,5650000.0,0.7,16.6,11.256345319433686,9.338238524732597,0.43,0.06247508090722045,0.050117939834991444,0.11181649460481939
2016-02-14,6920000.0,-7.3,0.5,2.484125842065502,16.365861619627513,0.0,0.3936406983420452,0.3837209072449244,0.20186965443402682
2016-02-15,16800000.0,-6.5,-1.7,1.900017586457883,14.650858198258351,0.0,0.43720602807519837,0.4138455399993875,0.22237234306560608
2016-02-16,12570000.0,-3.4,3.2,3.055620518824833,12.723349989948165,0.0,0.40574682984545507,0.385134872674741,0.2462436599507957
2016-02-17,16750000.0,-3.5,4.6,3.1957223460417317,8.188916860150124,0.0,0.31620835529018965,0.28805411042062345,0.2440596986013875
2016-02-18,13380000.0,-0.5,7.6,4.749010232415714,7.88063526782722,0.0,0.2906226940610829,0.26559270836169835,0.23668758323042255
2016-02-19,14160000.0,-0.8,7.7,4.04035094938848,5.312619673525756,0.0,0.26058826675926194,0.23418853585544888,0.2478286242300336
2016-02-20,12530000.0,-3.6,8.7,3.069682668911199,9.23946869418254,0.010000000000000002,0.42227794759223547,0.3996302047065785,0.3353216798287745
2016-02-21,17420000.0,-2.7,3.7,2.6391896584329193,7.4167163667587745,0.0,0.33766678148706136,0.30844145626499037,0.2664673393922326
2016-02-22,12650000.0,-0.6,6.1,3.043612841329714,4.405733047566148,0.0,0.2538826200798482,0.23085787521562465,0.2534517832513107
2016-02-23,15200000.0,-2.9,6.9,2.955856847304291,9.242461719350723,0.0,0.41308966343831327,0.3861452715359347,0.3162727480689487
2016-02-24,9670000.0,-4.2,2.2,2.3762082715214556,6.839062509299354,0.0,0.27599206385886854,0.2606837896620671,0.22944332714351462
2016-02-25,16790000.0,-2.0,4.2,2.9960003840737106,9.885962130510183,0.0,0.41042176697917154,0.38161586690991856,0.28026547412689756
2016-02-26,16000000.0,0.6,6.9,4.544027185570697,7.784858462445348,0.18000000000000002,0.3334860055973152,0.3033528558163044,0.25645480874480386
2016-02-27,15500000.0,-0.9,8.4,4.337338671157555,5.279696396675738,0.0,0.2753827367009296,0.2461912478505753,0.25324053582203654
2016-02-28,9280000.0,-4.2,9.8,5.37911708112658,9.652506167391866,0.75,0.2978573827809023,0.2809371470067377,0.21468546811315345
2016-02-29,17250000.0,-5.6,-0.3,1.8895361427445942,13.920560057221573,0.0,0.49040654186883736,0.46519902501740773,0.2566375249678924
2016-03-01,19210000.0,-4.1,2.7,2.5790898554885224,9.194573316659786,0.0,0.38411540304891073,0.3533420667839409,0.25925915478089545
2016-03-02,18900000.0,0.2,9.0,4.6346256568031485,6.099785292758024,0.0,0.3338672726550054,0.29726111503938596,0.2821855349993414
2016-03-03,18760000.0,-0.2,13.7,6.19747868264412,4.076500279065961,0.0,0.31177806439305555,0.27292826900255057,0.27772604460328565
2016-03-04,11900000.0,6.4,15.6,9.710403161275458,5.89326655615336,0.32000000000000006,0.2729997971911039,0.24530980635043123,0.24951602494667005
2016-03-05,4390000.0,7.8,15.2,12.824841359557416,11.187928078670016,0.8800000000000001,0.12226586185077462,0.11192315820806889,0.0972948584970267
2016-03-06,16980000.0,2.7,14.7,6.805831657657511,6.042917814562536,0.0,0.35662977363527676,0.31944140369374263,0.32868134078021566
2016-03-07,16340000.0,1.8,15.6,7.461928524892642,6.617578646853773,0.0,0.3906052843482339,0.3548185961948376,0.31734689776709357
2016-03-08,8340000.0,2.1,8.9,3.4841366602161465,7.491541995963362,0.0,0.40931144805528624,0.39268805394743944,0.3552598119286722
2016-03-09,16140000.0,-1.1,9.4,3.611168658775773,5.758580423585102,0.0,0.3509866857499972,0.3201829915551394,0.3181378666383547
2016-03-10,18740000.0,-3.4,5.1,2.2168703734515343,9.302322222714395,0.0,0.4766212014100245,0.4447663451944023,0.33492981024806895
2016-03-11,21270000.0,-3.2,4.4,2.692459647594812,6.554725118321919,0.0,0.36867381158362106,0.3328548500290638,0.2807842349421419
2016-03-12,19500000.0,0.6,7.2,3.618150882908654,5.0282822825483215,0.0,0.3462943028883727,0.3093850822111263,0.29765274592675206
2016-03-13,11310000.0,-1.9,7.6,4.484503500738098,4.923526401661898,0.0,0.23486044401861123,0.21420313323166992,0.21601598736189204
2016-03-14,17890000.0,0.3,10.4,4.675402771996012,4.067521203561411,0.0,0.3057165168257541,0.27022562369891834,0.28459824615321233
2016-03-15,21410000.0,2.8,12.1,4.519850450619186,4.986379930193752,0.0,0.4146574424497664,0.3693969372950669,0.3750658063113554
2016-03-16,18240000.0,2.2,14.4,4.469028607734357,6.378136633399091,0.0,0.4823094550332908,0.44280365292365803,0.43754586227077097
2016-03-17,18150000.0,6.9,16.5,5.851726450905858,4.031604901543208,0.2,0.41239716917028557,0.3694265011977567,0.4153658925745784
2016-03-18,2009999.9999999998,2.6,11.5,9.887491120566136,3.145669451760884,0.71,0.024785610196067176,0.020585924932400655,0.059219460675788406
2016-03-19,19470000.0,2.9,16.3,7.3586676708722365,5.534103535971337,0.0,0.4311777374875029,0.3874832063352994,0.35875890469935934
2016-03-20,14010000.0,1.3,11.8,6.4417794932125565,5.465263957103116,0.0,0.29032974873732337,0.2614899668878083,0.25540713734920445
2016-03-21,19740000.0,1.1,14.7,6.282415423036201,5.62988034135321,0.0,0.4328710568851067,0.3905972763484507,0.34970916882601893
2016-03-22,18630000.0,4.9,14.8,5.959592706798501,7.096462673763137,0.0,0.5044173290725767,0.4623303818338214,0.4289523784262409
2016-03-23,11960000.0,0.9,10.5,6.63652882888061,6.641522848199242,0.25,0.264808317225807,0.2408202178760513,0.21630552658004049
2016-03-24,16660000.0,0.4,10.5,4.89169768607181,5.89326655615336,0.0,0.36089416019016357,0.32773926870904846,0.30600945337999735
2016-03-25,16230000.0,1.5,9.5,5.853509975064121,3.8340652404430946,0.09000000000000001,0.2722959572835125,0.23994611479306252,0.2349833050816982
2016-03-26,18790000.0,0.6,11.6,5.392373471610833,3.8460373411158293,0.0,0.3211182402267205,0.2829633074410717,0.2898247495256113
2016-03-27,20490000.0,0.5,12.6,4.473244332524946,7.934509720854525,0.010000000000000002,0.5224578449899138,0.480278892092229,0.4130452427916717
2016-03-28,23440000.0,5.6,15.5,4.991501002521928,6.297324953858136,0.0,0.5810653015049088,0.5271413616481007,0.5061467263079499
2016-03-29,17970000.0,6.7,17.5,7.665501343734584,10.170299521487616,0.0,0.6336978387910233,0.5907400557186954,0.4896970893957457
2016-03-30,23300000.0,6.1,18.5,5.8321393846710095,5.674775718875963,0.0,0.596458626547326,0.5404928782176892,0.538098684009775
2016-03-31,19510000.0,5.2,19.8,5.715830080295424,2.7835134064106777,0.0,0.4655349157615681,0.4184503332454394,0.4313108806828307
2016-04-01,24280000.0,5.9,21.8,7.265302278139475,4.684084388207216,0.0,0.6924336508307918,0.6319982932047055,0.5477716168668124
2016-04-02,22750000.0,10.0,22.9,7.667765369078018,5.725657146735083,0.0,0.6990985469234996,0.6392908497910409,0.637058688738474
2016-04-03,8680000.0,7.9,16.5,10.145407714309396,6.135701594776225,0.79,0.29623837306351103,0.27543891523206127,0.27370160726814763
2016-04-04,10190000.0,4.8,14.2,8.42329744778648,5.650831517530494,0.0,0.2803392281445428,0.2575317304703729,0.25262199514301814
2016-04-05,24600000.0,6.8,18.5,5.045984613922054,6.830083433794803,0.0,0.6953949721536782,0.6358169055679895,0.619323814679975
2016-04-06,19430000.0,9.6,21.4,8.342459177946667,7.60826997752252,2.66,0.6684255766941795,0.6183196985866132,0.6004792272824668
2016-04-07,9910000.0,6.4,18.7,10.194785049287605,6.620571672021956,0.1,0.3441633431079536,0.3202188225918185,0.3231042624272219
2016-04-08,23790000.0,7.7,20.8,9.029675956985555,8.398428621922971,0.0,0.7398575021025181,0.6801174240742924,0.5582937479906095
2016-04-09,21880000.0,9.7,22.2,9.91586037374185,7.380800064740572,0.0,0.6816978246011611,0.624751355575474,0.5722466407312802
2016-04-10,16870000.0,5.4,18.4,8.604580522471764,9.972759860387503,0.12,0.6162561032472698,0.5761215349309035,0.44731435476152515
2016-04-11,16710000.0,3.4,12.5,6.113558764954336,6.518808816303717,0.0,0.42290523982392403,0.3870693051946932,0.3415331655979705
2016-04-12,20110000.0,9.1,17.7,8.84564423081917,7.596297876849786,0.5900000000000001,0.5835345584590785,0.5339818900763322,0.46398730088524376
2016-04-13,4240000.0,9.0,15.2,13.611088913177426,5.402410428571262,0.45999999999999996,0.09399041737995627,0.08385457986038644,0.08574635285001697
2016-04-14,23270000.0,6.4,21.2,9.893159244689393,8.506177527977577,0.0,0.7559486962441716,0.6980917506982368,0.5145012619615792
2016-04-15,24780000.0,9.6,19.5,9.142765420500508,5.584984963830457,0.0,0.6017597873488538,0.539127101873117,0.5061261267339454
2016-04-16,17180000.0,9.6,20.5,12.149945857287276,16.593331532409458,2.37,0.7241353000876964,0.6802463212963662,0.4523623557643906
2016-04-17,20430000.0,6.7,15.7,6.22191105397044,16.99140387977787,0.0,1.0144608935524826,0.9666842871458854,0.5811439651948225
2016-04-18,23420000.0,6.4,17.8,7.252358065552245,12.591656882548087,0.0,0.8419714382744751,0.7859852791451528,0.5687631563319628
2016-04-19,24420000.0,7.2,17.0,8.080289348895626,4.537426154966223,0.0,0.5153876986595021,0.4570110118133003,0.43089244227519286
2016-04-20,13750000.0,9.4,18.9,9.027060707688843,5.95312705951703,1.36,0.4704405804974946,0.43598789943102395,0.4342617994694537
2016-04-21,3050000.0,9.8,14.7,13.07632735194043,6.273380752512667,1.59,0.09720138074150783,0.0898840997888996,0.10381854530435367
2016-04-22,24030000.0,10.1,24.2,12.483384232193442,9.083831385436998,0.0,0.8363135953876704,0.7722711161672466,0.5887180296617024
2016-04-23,16450000.0,6.5,19.3,7.085926862083298,4.755916992243621,0.0,0.5041229004498062,0.4640505087013356,0.46753013837024254
2016-04-24,22150000.0,7.0,20.0,8.04006265717024,4.208193386466036,0.0,0.5464818471163314,0.49177885738487526,0.47897411191999806
2016-04-25,26380000.0,10.2,23.8,10.270712711801316,2.113075768737568,0.0,0.5601939610485414,0.490091688441119,0.4933353626009409
2016-04-26,24170000.0,10.7,24.2,10.53739874423845,9.236475669014357,0.04000000000000001,0.9363773235716485,0.8715914902977202,0.6922454996235305
2016-04-27,3840000.0,8.2,11.8,9.577360557108385,11.202893204510932,2.19,0.264354968026655,0.25564581958639476,0.19872603439361436
2016-04-28,17390000.0,8.8,18.5,7.742810094788384,4.007660700197739,0.0,0.46315411715182747,0.420061533287151,0.43839654181203375
2016-04-29,20790000.0,9.5,19.5,9.495026911368392,5.911224707162461,0.0,0.5665785356609743,0.514087470962128,0.4797032862154472
2016-04-30,26170000.0,10.8,23.3,9.41060464448227,9.541764236169076,0.0,0.9452614414269493,0.8756499430366625,0.7279068716116821
2016-05-01,26840000.0,13.1,25.6,10.1889649877975,5.842385128294239,0.0,0.8214841435704097,0.7470117736709667,0.7279671614987142
2016-05-02,23130000.0,15.8,24.7,15.29495512464528,12.256438063711533,1.72,0.9016608101860172,0.8364889069480483,0.6381917739581231
2016-05-03,8430000.0,11.0,17.6,10.341241311403861,21.002057605143793,1.82,0.8488859964994587,0.8276939508354382,0.4698032429013243
2016-05-04,28030000.0,8.8,20.7,7.2308296280702375,18.17364882121036,0.0,1.3569514381745011,1.2857992921583556,0.8016047046929085
2016-05-05,26110000.0,13.9,24.8,9.79437917771294,8.11109820577735,0.0,0.925942561026145,0.853495706403401,0.7948573595328983
2016-05-06,9490000.0,11.1,21.8,15.15002862801186,10.984402367233535,0.08000000000000002,0.39010383025789974,0.3651554765969312,0.31437277898339994
2016-05-07,26780000.0,9.0,22.1,10.081820352250848,7.9195445950136065,0.0,0.8114749384441504,0.7423435594119123,0.6016173642419911
2016-05-08,22090000.0,11.5,22.6,10.394417279888934,5.300647572853022,0.0,0.6281166467918481,0.5693578390180067,0.561527524545309
2016-05-09,24260000.0,15.3,25.0,12.427836179358247,3.4090556665610348,0.27999999999999997,0.6280692614551202,0.5598279072079178,0.5727249629311338
2016-05-10,2510000.0,10.6,14.6,11.69235580163239,7.446646618440609,0.87,0.17332606222254193,0.16725428037905,0.1829198688858791
2016-05-11,22580000.0,12.2,22.2,11.50972142318417,4.1603049837751,0.0,0.5726266845440426,0.5123907769018163,0.5022625496214743
2016-05-12,26730000.0,11.7,24.3,12.630237758210827,8.47624727629574,0.0,0.8374399285704399,0.765049729233178,0.6325464180003229
2016-05-13,18350000.0,7.7,20.4,10.546392301630549,6.183589997467161,0.0,0.5231333079759419,0.4772556496593838,0.4304948765161572
2016-05-14,26980000.0,11.1,21.4,11.4838367589536,6.381129658567274,0.0,0.6929961787299237,0.6223503218983008,0.5400004730230125
2016-05-15,18990000.0,10.0,24.0,15.504103455874382,13.537452835694083,1.75,0.6995129743151758,0.6490489046861028,0.43472040056070566
2016-05-16,23000000.0,9.6,20.1,8.101657637485616,9.23946869418254,0.010000000000000002,0.8148101194150037,0.7563015815877014,0.633276729536312
2016-05-17,28550000.0,13.3,25.6,11.532412596823294,4.196221285793301,0.0,0.7429904730672701,0.6636355896959946,0.6558606649284924
2016-05-18,28280000.0,12.3,28.8,11.78793242413008,3.525783648120192,0.0,0.8423090659884531,0.762228310584591,0.6905344576564161
2016-05-19,28390000.0,11.1,28.4,10.421095437710473,4.540419180134406,0.0,0.9361727119503719,0.8568537270533326,0.7511496632498991
2016-05-20,28630000.0,10.8,27.5,10.955060969458833,4.618237834507179,0.0,0.9086405089584215,0.8294790209600891,0.7127074442246834
2016-05-21,28470000.0,10.9,26.2,10.388496973575945,5.83340605278969,0.0,0.9657904083396021,0.8879085065525087,0.7317431585171503
2016-05-22,28640000.0,10.7,26.6,10.666953800882938,5.887280505816992,0.0,0.996876695536111,0.9183884226391289,0.7370091280643832
2016-05-23,25050000.0,18.4,27.9,12.18055028402409,6.671453099881076,0.11000000000000001,0.9261880094120276,0.8523270775259499,0.8511149473925995
2016-05-24,4810000.0,11.0,19.0,15.681723400339651,7.350869813058736,1.7800000000000002,0.15483551315807545,0.1425605930572144,0.14269653678455846
2016-05-25,27890000.0,14.7,25.4,14.149428345360436,6.432011086426395,0.0,0.802804989387402,0.7244847330012308,0.6516414459880183
2016-05-26,22560000.0,15.3,25.8,15.711499672856299,5.830413027621506,0.0,0.6725695740564763,0.608686199165701,0.5674486375078069
2016-05-27,25560000.0,16.7,27.9,14.718434962555547,4.375802795884312,0.0,0.7399333371746227,0.6655188945321049,0.6680908656119551
2016-05-28,24930000.0,17.4,28.2,12.532167719621587,4.390767921725231,0.010000000000000002,0.7700372716157069,0.6969088137091367,0.7313324845302763
2016-05-29,17110000.0,14.0,26.2,13.335823175493935,5.9441479840124805,0.04000000000000001,0.6306493357245901,0.582560790500377,0.5926576954415843
2016-05-30,28620000.0,14.1,29.4,13.457966535372734,6.018973613217068,0.0,1.0444427934293015,0.9618231333821164,0.801926758792255
2016-05-31,27010000.0,16.3,28.9,14.15331218321138,8.545086855163962,0.0,1.0463143607715233,0.9673209865868337,0.8596068475443073
2016-06-01,27970000.0,13.2,24.6,11.610509982310896,6.264401677008117,0.0,0.8124476534428604,0.7354521176160903,0.6830694045017127
2016-06-02,26360000.0,15.1,27.7,11.63337585061905,4.070514228729594,0.0,0.7731051861355744,0.6974276936473086,0.7089576434001759
2016-06-03,26950000.0,18.9,28.8,11.99121879361939,4.962435728848284,0.020000000000000004,0.8773105530204768,0.7970422617760476,0.8316648257192669
2016-06-04,11810000.0,13.7,24.9,12.921334863640723,4.555384305975324,0.010000000000000002,0.4579556206615175,0.4252152316907357,0.471573432849676
2016-06-05,26160000.0,14.3,25.9,13.528736468099655,8.512163578313944,0.0,0.8846309438324733,0.8111069027415663,0.7122586533674566
2016-06-06,10130000.0,16.4,22.2,15.865419811858626,4.531440104629857,0.03,0.36468090862775737,0.3365979162252156,0.3414817849743593
2016-06-07,15060000.0,18.5,25.9,17.422895312533875,3.1516555020972516,0.0,0.46245359713944084,0.4186753155847042,0.43024610917090056
2016-06-08,13660000.0,18.5,26.1,16.762879780073753,2.789499456747045,0.010000000000000002,0.43208554125385534,0.39231632034240016,0.41630170300057684
2016-06-09,20240000.0,17.4,28.2,17.75662474005249,4.3847818713888636,0.03,0.6204270871189993,0.5610560486902395,0.5605134464086752
2016-06-10,24730000.0,19.2,31.0,18.129704179122008,5.393431353066711,0.0,0.8234667863472884,0.7485322706100906,0.7486806211591294
2016-06-11,19500000.0,21.4,28.9,20.29102295908857,5.372480176889427,0.010000000000000002,0.6865074798293932,0.6273809566756356,0.6079448564987942
2016-06-12,8130000.000000001,19.5,25.9,22.186169176754472,2.789499456747045,0.08000000000000002,0.26783128523186134,0.24401866676133271,0.2560408490644488
2016-06-13,17280000.0,18.8,26.7,19.70199574212382,4.001674649861372,0.09000000000000001,0.5198869548362759,0.4692363676259671,0.45334545264828263
2016-06-14,17780000.0,18.9,27.6,19.22432777827603,5.758580423585102,0.04000000000000001,0.6151126979567042,0.5626110425355101,0.5395146231472667
2016-06-15,13620000.0,20.1,27.0,19.81650102027708,9.46993163213267,0.25,0.6633677478043921,0.6229750020068743,0.5568452683745653
2016-06-16,22640000.0,16.9,26.1,16.672967755391074,9.90990633185565,0.0,0.8465051422264473,0.7814045057080413,0.6441460154320308
2016-06-17,28070000.0,19.3,30.2,16.22096410596984,5.9950294118716,0.0,0.9352691329094048,0.8506143386679511,0.8312264302184872
2016-06-18,27070000.0,20.6,32.5,16.042327816901338,6.054889915235271,0.0,0.9872079658915226,0.9036312792667452,0.931455333421378
2016-06-19,22030000.0,18.2,29.6,18.17319072343077,6.057882940403454,0.0,0.7568466126529766,0.6911856771920938,0.6762336407033036
2016-06-20,23190000.0,20.1,31.4,17.804076194520512,5.599950089671375,0.020000000000000004,0.8325518739133724,0.7616797474431415,0.7779640811434538
2016-06-21,13360000.0,19.8,27.2,19.74876858198171,5.231807993984802,0.0,0.507788773643649,0.468195594638168,0.47035849159238186
2016-06-22,12800000.0,19.3,27.1,20.972056916081904,6.728320578076564,0.06999999999999999,0.5040891304444868,0.46632021766416953,0.4440031357671505
2016-06-23,24710000.0,21.2,32.4,19.722771680169444,4.477565651602553,1.4500000000000002,0.8137649391460444,0.7372373726111812,0.7492997927692425
2016-06-24,5790000.0,18.6,24.1,20.846268987097393,8.856361472655049,4.0600000000000005,0.32259683381203824,0.30598739480304543,0.28405935718999964
2016-06-25,22600000.0,16.2,25.6,15.813966742721613,11.172962952829097,0.0,0.8904400194427323,0.8260757772950358,0.6571750615855005
2016-06-26,23590000.0,18.5,27.3,17.591416492715737,5.725657146735083,0.0,0.7444290955598033,0.6751285552990817,0.6280162167065857
2016-06-27,17400000.0,18.9,28.1,19.219247189342884,3.1965508796200046,0.0,0.5214492156132333,0.46988324894441824,0.47614436651303577
2016-06-28,22100000.0,17.6,27.9,18.362690543237157,5.677768744044146,0.0,0.6934505657724803,0.6286717476389257,0.591680633285959
2016-06-29,13190000.0,19.3,26.1,20.770026187312347,4.956449678511916,0.010000000000000002,0.4461708566359923,0.4075375924753192,0.3921195824279729
2016-06-30,17380000.0,20.5,28.9,23.631233798078437,6.599620495844672,0.1,0.5998212573307963,0.5474414959610735,0.49393179531113185
2016-07-01,8920000.0,21.8,27.2,26.019232715074633,13.088499060466555,2.99,0.46111915984831675,0.43430957545330456,0.33876572241386854
2016-07-02,11380000.0,20.7,27.0,24.17844447467893,6.1297155444398586,0.04000000000000001,0.4078702218599477,0.373975856206456,0.3438969726326078
2016-07-03,5670000.0,19.1,24.1,21.701248415136295,5.007331106371037,4.7,0.23513884504607757,0.2188092202258229,0.2255125470775841
2016-07-04,1530000.0,19.1,21.0,22.140128991132958,6.803146207281151,4.91,0.06603128130365538,0.061734759529871154,0.09282728839353427
2016-07-05,13050000.0,21.9,29.1,28.094376223970688,8.973089454214207,0.35000000000000003,0.47709196515474706,0.437339049573015,0.359755666180262
2016-07-06,7750000.0,21.2,25.9,26.749766646155784,5.007331106371037,1.46,0.24106415493744066,0.21808003012607763,0.19470790818232792
2016-07-07,13840000.0,20.0,28.5,25.293265803904646,3.3252509618518955,0.0,0.4003340730731127,0.3588806860474222,0.3406938403939686
2016-07-08,24110000.0,21.8,30.6,26.072250824782408,2.7924924819152284,0.21000000000000002,0.6630472860792265,0.5889367801552549,0.5353624196608762
2016-07-09,24170000.0,22.5,31.8,24.952920963784166,2.978060042342607,0.0,0.702048415544901,0.6268717614794367,0.5927935454530697
2016-07-10,21760000.0,21.5,31.7,24.87005397272065,3.097781049069948,0.0,0.6383410578467448,0.5711166934875809,0.5477288121619178
2016-07-11,18080000.0,23.0,30.2,27.118271956266053,4.447635399920717,0.8900000000000001,0.5730500614434298,0.5171945234097128,0.4720193136215232
2016-07-12,12210000.0,22.1,27.8,26.49307688010238,5.1150800124256435,0.06999999999999999,0.4024581483494115,0.3655349292903331,0.331860166746321
2016-07-13,21410000.0,20.4,30.4,23.23845763821193,6.824097383458436,0.0,0.7322595725583478,0.6671261357259394,0.6066607897070782
2016-07-14,17340000.0,19.7,27.2,22.019670959848064,4.8906031248118795,0.24,0.5304472501335307,0.4790961290120911,0.4406517944686481
2016-07-15,15920000.0,19.7,27.3,20.862638565210116,8.07518190375915,0.8800000000000001,0.6226879489365329,0.5755080529958698,0.5144402417848936
2016-07-16,3830000.0,20.0,21.3,22.810057729824525,5.228814968816617,1.0,0.12450825012791233,0.11364493697729908,0.11930461255026106
2016-07-17,14530000.0,19.2,26.7,21.76914052707908,5.677768744044146,0.0,0.47787781238199356,0.4351613332538963,0.4026206953899731
2016-07-18,16280000.000000002,18.6,26.8,21.888399004437172,4.678098337870849,0.0,0.4774723906727806,0.42978857410448956,0.39608695163390617
2016-07-19,17880000.0,20.4,29.0,23.686073090823133,5.183919591293864,0.020000000000000004,0.5669823999763073,0.5130957409837502,0.4753479817086007
2016-07-20,22050000.0,18.7,28.3,21.735171276019127,6.5038436904628,0.0,0.675958106652258,0.6106115799253975,0.5353027520566063
2016-07-21,21580000.0,19.1,28.9,22.18040957688458,5.2976545476848385,0.0,0.6448064478895892,0.5803959713706027,0.529647749790189
2016-07-22,24480000.0,19.0,29.1,22.209220662489166,5.453291856430381,0.0,0.7099502052449485,0.6368326484500085,0.5674640613693553
2016-07-23,20430000.0,23.0,30.2,24.446772829241723,3.4270138175701352,0.0,0.6198663103706359,0.5567507881345275,0.5306091612978607
2016-07-24,18010000.0,23.8,31.6,28.78853478796583,3.690400032370286,0.04000000000000001,0.5660577889632032,0.5096701878121278,0.4745101070807765
2016-07-25,17970000.0,23.3,31.4,29.269363443179262,4.22914456264332,0.0,0.561473342297355,0.5054454489845615,0.4594103650062459
2016-07-26,21140000.0,23.4,32.4,26.472903840578066,6.435004111594578,0.0,0.7638481355574771,0.6975047006144387,0.6464280935027591
2016-07-27,21560000.0,24.3,32.7,27.186997988905436,7.096462673763137,0.13,0.8131589340211764,0.7450265264077424,0.6800245900245738
2016-07-28,20180000.0,23.2,32.1,24.863689562274747,6.605606546181038,0.05,0.7652068542323072,0.7020626064298082,0.6678327454354399
2016-07-29,19290000.0,23.6,32.2,29.028080287735847,5.363501101384876,0.03,0.6449527560839188,0.5844151562707112,0.5319607073345466
2016-07-30,21300000.0,23.5,32.8,29.188741997378443,4.4745726264343695,0.010000000000000002,0.6745595884961592,0.6075189824200861,0.5558773769192346
2016-07-31,21900000.0,25.3,33.2,27.819427409468688,2.6997087017015393,0.0,0.6715313050927626,0.6017408157211508,0.5744854578690267
2016-08-01,20090000.0,25.3,33.1,27.352561349453264,3.079822898060847,0.09000000000000001,0.6454588221791229,0.5814716500137573,0.566395092627862
2016-08-02,12730000.0,23.5,31.2,26.654945150301483,1.7329615723782608,0.33,0.3912929935935969,0.35160267184224114,0.3534744664177077
2016-08-03,17720000.0,22.4,30.4,26.54019952916749,2.70868777720609,0.21000000000000002,0.5114604461461691,0.4568539852185836,0.4335615564123942
2016-08-04,20590000.0,22.6,31.5,27.421805492514398,3.657476755520267,0.010000000000000002,0.6127915159490167,0.5488277478590293,0.5084238964804864
2016-08-05,23170000.0,23.3,33.8,27.152615984748895,3.1845787789472704,0.0,0.7016439726285224,0.628382070357997,0.6042041804622058
2016-08-06,23840000.0,25.4,34.9,27.95308195130429,3.364160289038282,0.03,0.7642029881311517,0.6874901855920837,0.6663764566804545
2016-08-07,20710000.0,25.1,34.0,27.25587606605459,3.400076591056484,0.09000000000000001,0.6800113509133889,0.6137965132083287,0.6058606675144638
2016-08-08,20850000.0,24.4,34.6,27.235196661352813,4.618237834507178,0.19,0.733342833949935,0.6667165647080331,0.6631887450533993
2016-08-09,19250000.0,23.9,32.4,24.302926381465962,4.184249185120567,0.0,0.6633960998009789,0.6028077586289411,0.6091207960443319
2016-08-10,21600000.0,24.6,34.4,26.251884337319197,4.094458430075062,0.0,0.7346899017608155,0.6656670041289171,0.6664002448116032
2016-08-11,24220000.0,26.4,36.0,27.491202647044997,3.2713765088245923,0.0,0.7953398891708717,0.7165581385864787,0.7113778194283882
2016-08-12,24520000.0,24.9,36.3,26.03910345865113,5.022296232211954,0.0,0.8820096369353326,0.8027374970735446,0.8146450096377377
2016-08-13,24480000.0,23.8,35.9,25.455208878285696,6.611592596517406,0.0,0.9438159495743541,0.8652942485334701,0.8604325252119945
2016-08-14,21690000.0,24.7,35.2,28.278990618852863,4.878631024139145,0.03,0.7654747729528389,0.6958279799573928,0.6856830054758735
2016-08-15,20490000.0,25.0,34.8,25.72275714252674,4.390767921725231,0.15000000000000002,0.7373417597835179,0.6715832200128175,0.690469912690044
2016-08-16,16020000.0,23.5,31.6,25.125800703337745,4.226151537475136,0.0,0.5638642354485982,0.5137964045617913,0.5220933209780965
2016-08-17,19410000.0,23.8,32.5,25.273893264392537,3.516804572615641,0.010000000000000002,0.6244056232535847,0.5633136906744025,0.5637542693705901
2016-08-18,19860000.0,23.7,32.5,25.267438633076672,5.261738245666637,0.0,0.70367123895883,0.6411991984557404,0.6313654919700851
2016-08-19,22530000.0,23.1,33.4,24.679739762691106,5.79150370043512,0.0,0.7960892336221581,0.7250952565150117,0.7128310916039864
2016-08-20,22850000.0,22.7,33.6,23.18452575365267,6.815118307953885,0.0,0.8667506478951603,0.7948315000623778,0.7892448113316604
2016-08-21,21030000.0,22.6,33.7,23.527951289901093,5.159975389948396,0.0,0.7447604298621799,0.6785696342856629,0.6985990292814203
2016-08-22,19310000.0,23.5,33.3,23.86353512119498,4.9774008546892015,0.020000000000000004,0.704261354943734,0.6433089078212112,0.6655534552232207
2016-08-23,18150000.0,21.7,31.1,22.79825700376781,6.384122683735459,0.0,0.6801991793776374,0.6242676181002291,0.618532940622399
2016-08-24,20510000.0,21.3,32.6,21.66173030453941,5.564033787653172,0.020000000000000004,0.731046079950668,0.667408710938376,0.6914928520296589
2016-08-25,21390000.0,21.8,34.8,20.131755438113647,7.249106957340497,0.0,0.9818406888300863,0.9144001228196679,0.9064857413499509
2016-08-26,4520000.0,17.9,21.6,16.565631863148628,9.56271541234636,0.34,0.3957341003368005,0.3831056462425907,0.3614920964159486
2016-08-27,22100000.0,18.1,26.2,15.137662630859957,9.897934231182916,0.8500000000000001,0.8895332301433791,0.8253393625625864,0.7240689720549288
2016-08-28,3700000.0,16.3,20.3,17.86592923400802,8.910235925682352,1.3900000000000001,0.21925642189637412,0.2091806432750108,0.20254455462932403
2016-08-29,11470000.0,16.6,22.5,15.002220281098158,8.706710214245872,0.38,0.5379392968152227,0.5060031563101759,0.4621263732259653
2016-08-30,13820000.0,17.4,24.5,15.660484963170312,15.72834725880442,0.04000000000000001,0.8920255685538875,0.8526346255951502,0.6325435711760258
2016-08-31,10530000.0,18.4,22.4,17.446216063995493,14.971111891253988,0.17,0.6477979699263965,0.618054006617392,0.4477573798098188
2016-09-01,19040000.0,20.3,29.3,20.29102295908857,8.90724290051417,0.91,0.7705599544073369,0.7130992686698555,0.6612833277919764
2016-09-02,2680000.0,18.9,21.9,22.534148570033683,8.066202828254598,6.140000000000001,0.10845866310558128,0.10088849960433417,0.11010005502867044
2016-09-03,4010000.0,20.3,24.2,24.515831634545034,3.9567792723386193,0.24,0.13828849866946671,0.12662282521690943,0.14040080958240347
2016-09-04,12890000.0,21.4,27.6,25.228741085636965,4.54341220530259,0.45999999999999996,0.39208714853294646,0.35334549574688057,0.3339433351279692
2016-09-05,7970000.0,21.1,26.1,25.611525819997627,2.4153713107241046,0.35000000000000003,0.22457894463088982,0.20092540062308975,0.20274623422205398
2016-09-06,15340000.0,19.2,27.8,22.232293098315196,3.8939257438067654,0.0,0.43402307183899114,0.3885620414539552,0.38556097710771564
2016-09-07,17860000.0,19.3,27.9,20.47285881473998,3.1965508796200046,0.39,0.4808343872492479,0.4278290803509656,0.43392514596880566
2016-09-08,17390000.0,18.6,26.5,20.020920480673205,3.3252509618518955,0.020000000000000004,0.4526378786827139,0.4018173392103771,0.40011806125977206
2016-09-09,14620000.0,18.3,25.3,21.037948746650688,3.0109833191926256,0.03,0.3644577876291927,0.32222013298883756,0.31493406323464407
2016-09-10,9720000.0,18.8,24.9,21.84858282097266,3.8250861649385444,0.27999999999999997,0.28167981479990994,0.2535765641192654,0.25497086537322466
2016-09-11,11950000.0,19.7,25.3,22.019670959848064,4.0196328008704745,0.65,0.3424119509253537,0.3075155652629044,0.30097460313609253
2016-09-12,8330000.0,18.0,23.2,21.24225730296069,3.247432307479124,0.18000000000000002,0.22105464373287204,0.1974470593894651,0.19868621497784172
2016-09-13,13030000.0,18.3,26.2,20.15292766197723,3.8669885172931133,0.0,0.3768793478642096,0.3389731820071469,0.3505941067123702
2016-09-14,15210000.0,19.0,25.8,21.325578482780934,2.2058595489512576,0.06,0.36359904927256353,0.3192499100303492,0.31745511165179224
2016-09-15,15580000.0,20.3,27.2,22.11139634005991,2.424350386228655,0.0,0.397796783570206,0.35145892967235753,0.3530908732071141
2016-09-16,4900000.0,18.0,23.9,20.360380770535755,3.0678507973881124,5.44,0.17990842927940692,0.16594203126943494,0.19293889567035322
2016-09-17,1110000.0,18.7,19.4,19.81650102027708,10.008676162405704,7.540000000000001,0.1189516709142138,0.11588794172940078,0.13715020177411347
2016-09-18,5170000.0,18.0,22.5,17.690378955764942,8.98506155488694,0.04000000000000001,0.3649839903848803,0.35041681616350984,0.33793274689022834
2016-09-19,8830000.0,15.3,21.2,14.266351535173078,12.058898402611419,0.0,0.5530105169710987,0.5289867841299145,0.4370822015638399
2016-09-20,20520000.0,11.6,21.3,12.785711148125815,7.970426022872726,0.0,0.5485676742281731,0.4946224458695772,0.44148231658402876
2016-09-21,13260000.0,15.9,21.3,14.52260005114755,6.479899489117331,0.0,0.4422486893320923,0.4059421892758828,0.39455389486049686
2016-09-22,10650000.0,14.2,22.3,16.650555947925607,3.699379107874836,0.0,0.2710572480576014,0.24208185114269623,0.2578659796866341
2016-09-23,14010000.0,15.9,23.6,17.633769391198562,2.663792399683337,0.0,0.319546742149709,0.2804041222692046,0.2937067679700867
2016-09-24,16329999.999999998,15.5,25.1,17.804076194520512,2.7056947520379064,0.0,0.36442865236558103,0.3183782234675765,0.33509212979209557
2016-09-25,9300000.0,15.2,23.7,18.717089670619092,2.2687130774831115,0.0,0.22028674797912853,0.19443734639058688,0.21480107159350753
2016-09-26,10740000.0,19.9,25.9,22.598460019091316,2.5590365187969137,0.010000000000000002,0.28125885944031037,0.2497078716319106,0.2592042655418181
2016-09-27,11280000.0,17.8,27.1,23.023386280434224,3.44796499374742,0.0,0.2902955785046667,0.257380587539016,0.2672927315822253
2016-09-28,11540000.0,16.5,25.5,18.28473857994059,7.704046782904392,0.18000000000000002,0.436756275560002,0.4038373651834791,0.40445634115159457
2016-09-29,5400000.0,14.3,18.6,14.05263612178772,6.333241255876338,0.0,0.2604447106584587,0.24624859793251241,0.2545276589269841
2016-09-30,2930000.0,14.4,17.7,16.79896347989134,1.7718708995646464,0.52,0.07116316190417185,0.06352188282784176,0.09217669351438193
2016-10-01,9660000.0,16.7,22.7,18.216768655230286,2.409385260387737,0.09000000000000001,0.23350795223814166,0.20654192519646325,0.22621500898264196
2016-10-02,9910000.0,19.7,24.7,21.29221575184191,6.548739067985552,0.06,0.34738908144959546,0.3185814605858876,0.310677256554139
2016-10-03,7780000.0,15.6,24.4,21.774806582849656,5.450298831262198,0.04000000000000001,0.19005797819074305,0.1682287537600302,0.1712795901126831
2016-10-04,13770000.0,16.9,23.1,17.469564177192236,12.031961176097768,1.75,0.5508103193374742,0.5121742755828578,0.4126237579467781
2016-10-05,3600000.0,13.7,21.3,16.898545126756986,8.940166177364187,3.78,0.21665298135991523,0.20699430739700939,0.21314412330259533
2016-10-06,15420000.0,15.7,22.5,17.126794439991905,6.47092041361278,0.0,0.3975068681991572,0.3549083193982182,0.33405241954130344
2016-10-07,10040000.0,15.5,20.7,15.685974119437747,5.662803618203228,3.6700000000000004,0.3070944961485557,0.2798538873206213,0.28636837355691513
2016-10-08,4940000.0,8.6,19.5,11.067200348270447,10.703058001424285,0.8,0.3875484516391636,0.37519773599427,0.35829974318897845
2016-10-09,18380000.0,9.5,16.4,9.079492755674226,3.316271886347345,0.0,0.3211537220475361,0.27632800495000276,0.3109361915193344
2016-10-10,11390000.0,10.6,17.8,11.96103317929021,3.552720874633844,0.0,0.2405309267072616,0.2119602797621448,0.23787923872738145
2016-10-11,13190000.0,9.8,19.1,11.561644787411671,4.998352030866486,0.0,0.30746124690508025,0.2741948451614188,0.3008313398529825
2016-10-12,14940000.0,11.9,19.2,12.668949467102445,2.870311136288,0.0,0.2741389611231515,0.23557201553907242,0.26549641547485664
2016-10-13,13950000.0,9.4,19.7,11.13937270083113,2.4872039147605087,0.0,0.25161133865759233,0.21635201814159016,0.2644100647173543
2016-10-14,16760000.000000002,9.3,21.5,12.497305305687599,2.1938874482785233,0.0,0.271387826059473,0.228256840008458,0.27346919186510227
2016-10-15,15270000.0,11.7,22.4,14.827331661553593,3.7742047370794243,0.0,0.29786716201136243,0.2572493713954024,0.29074004152102406
2016-10-16,3360000.0,12.4,18.7,16.177234147238956,2.247761901305827,1.64,0.08506468158764305,0.07639099101451682,0.09979904668666384
2016-10-17,13400000.0,10.4,22.1,14.738547878131607,4.42369119857525,0.0,0.26703735486799274,0.2319500872051407,0.2673207720625845
2016-10-18,10120000.0,13.4,21.6,16.042327816901338,3.941814146497702,0.0,0.23038770544883064,0.2032360997531065,0.230869346606827
2016-10-19,13670000.0,10.6,21.6,13.510081173287336,5.11208698725746,0.0,0.3031340119390237,0.2674474276922552,0.3062946446373679
2016-10-20,12210000.0,14.2,22.1,13.592333875578532,9.733317846932822,0.0,0.5050411478549999,0.47188236705919884,0.44929495025953897
2016-10-21,4480000.0,12.1,15.8,12.092321945728123,6.749271754253848,0.0,0.22358194757694044,0.21240601202510273,0.2183029477820501
2016-10-22,9650000.0,13.1,19.9,13.558632017901587,6.575676294499203,0.0,0.30934195970752054,0.2839478299711172,0.3006197528745363
2016-10-23,4179999.9999999995,7.3,13.2,9.783145540010425,9.110768611950649,0.08000000000000002,0.2201698006865321,0.21062763145337976,0.19080524120936865
2016-10-24,13780000.0,10.5,16.9,10.933372605147468,5.611922190344108,0.1,0.2981486406931409,0.2639634026899155,0.28254822052077366
2016-10-25,4870000.0,10.6,18.3,14.694331276214552,5.692733869885064,1.07,0.13138702599598087,0.11910443490487913,0.13802756916026043
2016-10-26,10570000.0,8.3,17.8,11.50972142318417,4.2471027136524215,0.0,0.20599818554364124,0.18016022341213817,0.2184015439446522
2016-10-27,5630000.0,12.7,16.4,12.313954226201137,7.6830956067271075,0.53,0.2641208935835792,0.24989078788428948,0.24741704303453432
2016-10-28,2740000.0,8.6,16.2,11.807792474355399,5.522131435298603,0.22999999999999998,0.1361314838777641,0.12953448099040027,0.16025555648974335
2016-10-29,3760000.0,2.5,12.6,8.1900297596515,5.261738245666637,0.0,0.1344867816699145,0.12651512679159396,0.15684507072025872
2016-10-30,15120000.0,6.1,13.0,5.632535096936132,3.7502605357339562,0.0,0.2602860856605445,0.22639896418523717,0.294170838518428
2016-10-31,4190000.0000000005,-0.6,11.2,5.34116547718737,8.688752063236771,0.0,0.28446082969814884,0.276161641383601,0.26965911428048484
2016-11-01,14880000.0,-2.5,7.7,4.026243059028578,6.225492349821731,0.0,0.24674513116613475,0.21980271828898554,0.2371730310873829
2016-11-02,14850000.0,1.8,8.7,4.965225998707009,6.195562098139896,0.0,0.26643461057341294,0.23706746493800193,0.25126657578349154
2016-11-03,10590000.0,3.6,11.3,7.3129391021763075,4.9594427036801,0.0,0.18598963835753304,0.16360249451875364,0.19190979046166778
2016-11-04,13410000.0,4.6,14.6,8.920408723686304,5.558047737316805,0.0,0.21139683066853915,0.18130213818004148,0.21633379872193864
2016-11-05,10810000.0,8.6,17.8,10.995439840188983,10.047585489592091,0.0,0.34226862865769275,0.31575292046814324,0.3027323052382854
2016-11-06,5010000.0,7.6,11.0,9.24908381509718,8.664807861891303,0.0,0.1971985743427939,0.18604506529879591,0.16756611867636312
2016-11-07,8630000.0,6.2,15.2,10.16281090540292,6.653494948871976,0.30000000000000004,0.19147245976719157,0.17154298916777663,0.19497779752821748
2016-11-08,12190000.0,-0.2,9.2,4.750492793125427,8.715689289750424,0.0,0.30748925543521743,0.28395584943359475,0.268471502988875
2016-11-09,11230000.0,2.3,8.8,5.954157923496313,3.0828159232290306,0.0,0.13954061329464018,0.11712177376119655,0.1612323509001885
2016-11-10,8369999.999999999,3.6,12.8,8.342459177946667,4.74693791673907,0.010000000000000002,0.14794391330956067,0.12986630838826765,0.16730555218685755
2016-11-11,9260000.0,2.9,12.5,7.258827624037457,5.782524624930569,0.0,0.19538108012227248,0.17566370478357823,0.21213928112618566
2016-11-12,10500000.0,6.7,15.2,8.34733891477978,4.025618851206841,0.0,0.1971391945534415,0.17273752557985575,0.23468270090416654
2016-11-13,9210000.0,9.4,16.4,11.532412596823294,2.8912623124652845,0.0,0.14039003791533775,0.11795437055950704,0.1633242734477382
2016-11-14,6410000.0,7.0,18.2,12.153343006480485,7.153330151958624,0.0,0.16844234805017766,0.15293632350165848,0.19365337444727676
2016-11-15,12710000.0,3.3,12.2,5.50284661153628,5.180926566125681,0.0,0.24103090224266938,0.21392854955330592,0.27635998424377445
2016-11-16,11110000.0,3.1,11.8,5.328020581739729,4.396753972061598,0.0,0.21089902371573213,0.1874126055808087,0.254293569744679
2016-11-17,11780000.0,3.1,13.8,7.330329837187231,2.7984785322515955,0.0,0.13613445452854775,0.11051304330151057,0.18024502145440763
2016-11-18,8630000.0,7.3,15.3,11.170880953168755,2.738618028887925,1.69,0.10624372777907012,0.08601183774132727,0.12859858003370048
2016-11-19,5430000.0,10.8,15.1,12.77150802249351,6.225492349821731,0.0,0.13600987818433657,0.1227670248742383,0.13771326105768084
2016-11-20,11160000.0,6.7,16.1,9.230399814032467,4.438656324416168,0.0,0.18534250198438565,0.1591145693298279,0.2255253189194364
2016-11-21,7610000.0,6.1,15.4,10.14250973560477,3.3970835658883005,0.0,0.1184756997481404,0.1008794153776243,0.15227749976723062
2016-11-22,7520000.0,1.3,7.4,3.9024703024151277,9.06886625959608,0.010000000000000002,0.3463564577837602,0.3319096481008567,0.29394258618903885
2016-11-23,5600000.0,-3.4,6.7,3.2844195637661997,7.946481821527258,0.0,0.2728375245868332,0.2630347837225059,0.2537314904373367
2016-11-24,12220000.0,-3.3,2.3,2.387452749565845,9.520813059991793,0.0,0.31715066909884665,0.297420958336738,0.24816637899710572
2016-11-25,9780000.0,-3.0,5.0,4.077754858461391,5.034268332884688,0.0,0.13961785554402562,0.12290063670598757,0.15673476303536152
2016-11-26,4220000.0,-1.0,3.5,5.0694954775163215,1.700038295528242,0.15000000000000002,0.055407412628595484,0.04812725372517846,0.07482359776217537
2016-11-27,9100000.0,-1.9,8.4,5.6671099176045345,6.219506299485364,0.0,0.13593244011573546,0.11908147883393191,0.1538955745988472
2016-11-28,11690000.0,-2.9,6.1,3.8418592079690943,7.048574271072201,0.0,0.2044178168862895,0.1839916163575925,0.2064120738800399
2016-11-29,11200000.0,0.2,7.8,5.791371897668983,3.828079190106728,0.0,0.10555565532459696,0.08428592609558407,0.1343822727082639
2016-11-30,3260000.0,4.1,9.6,8.579545602663686,6.449969237435495,0.29,0.09380007924090293,0.08702886024701137,0.09867261112640986
2016-12-01,9810000.0,-3.3,8.1,3.6123315315959337,10.867674385674379,0.0,0.3444450333860075,0.3268067878517019,0.2868726071870448
2016-12-02,11300000.0,-1.3,6.1,3.862792250810074,6.979734692203979,0.0,0.21657655010852667,0.1962593049976547,0.21826849604526216
2016-12-03,10940000.0,0.7,9.4,5.97410691604064,2.247761901305827,0.0,0.08137614270627327,0.05987833798802963,0.12199967893558891
2016-12-04,4590000.0,1.6,7.8,5.555423255411693,4.300977166679725,0.0,0.1331167280631464,0.12419783571160178,0.15866814689526113
2016-12-05,6830000.0,-2.3,12.0,5.53501851289462,12.088828654293255,0.0,0.41282306719900524,0.39948730782716935,0.28081955886592674
2016-12-06,11360000.0,-2.9,3.2,2.799094145636946,5.839392103126056,0.0,0.18809327240906176,0.16928607875063997,0.20128500755354564
2016-12-07,6450000.0,-3.1,4.3,4.991501002521928,4.271046914997889,0.0,0.07578711800816311,0.06492523262843135,0.0940737085712963
2016-12-08,9490000.0,-1.5,5.9,5.514680113827613,5.01032413153922,0.19,0.09277620422592248,0.07583348829796886,0.11163322376097014
2016-12-09,9240000.0,-3.5,4.8,4.14559356320386,8.575017106845799,0.0,0.18542303515081524,0.16983352530284399,0.16931051122105772
2016-12-10,11250000.0,-3.7,5.0,3.066664519244468,5.378466227225793,0.0,0.16944427205804427,0.15046353766522214,0.19864772300362699
2016-12-11,11000000.0,-1.9,5.6,4.217098861543019,1.3917567032053388,0.0,0.05469918196997625,0.0353044543163515,0.09196316330308019
2016-12-12,6280000.0,0.3,7.0,5.202957592501233,1.2002030924415934,0.0,0.05720275475348217,0.04541511390083157,0.08676432839361034
2016-12-13,8410000.0,1.8,9.5,6.39147821495468,3.8669885172931133,0.16000000000000003,0.10800477984638739,0.09116312080566837,0.14441367903143004
2016-12-14,1670000.0,-2.4,2.2,5.622199107920115,4.84870077245731,0.36000000000000004,0.030721597722341464,0.027983175409287176,0.04412935370272941
2016-12-15,11100000.0,-5.8,-0.2,1.9973951747221723,11.529132947842937,0.0,0.3196425881604471,0.30345646642361473,0.21971252148959106
2016-12-16,11160000.0,-5.0,0.1,2.594649495997836,10.454636912465052,0.0,0.25180685042519635,0.23515225949790217,0.1861816326906281
2016-12-17,9730000.0,-0.5,7.4,5.354339067899816,7.60826997752252,0.0,0.16941428003740439,0.15127378697991134,0.17208936289104565
2016-12-18,8610000.0,1.1,7.6,6.50416885856405,3.9597722975068033,0.0,0.08229343231235359,0.06575260367275272,0.10812826533919875
2016-12-19,3950000.0,3.3,10.3,8.612103549562264,2.5590365187969137,0.020000000000000004,0.0534165182330924,0.04522432260221661,0.0781766552540801
2016-12-20,7920000.0,0.9,12.7,7.927433575878777,4.1513259082705485,0.0,0.08935692595874746,0.07293105522544714,0.1347374713891244
2016-12-21,4750000.0,3.7,14.2,12.25564666577695,8.344554168895668,4.0,0.030777651616467262,0.020302885280620107,0.024326667496804108
2016-12-22,3340000.0,0.4,9.5,6.844651327894372,14.022322912939812,0.0,0.22084188941842675,0.21429950515927526,0.16634529232404924
2016-12-23,5700000.0,-2.9,1.3,3.4650357817966215,12.022982100593218,0.0,0.2638187569844782,0.2547235595698908,0.1753440733093157
2016-12-24,8880000.0,-1.4,4.3,4.717970991085378,3.3132788611791617,0.0,0.08003077735768328,0.06459891687907929,0.10803828329175584
2016-12-25,6860000.0,0.7,8.5,7.376154373997662,1.9783896361693096,0.0,0.04475651390478709,0.031469834473932645,0.0705957910841605
2016-12-26,1510000.0,0.4,5.5,6.90427957095199,4.821763545943658,1.11,0.03656034450924753,0.03379283288830261,0.056782234093936824
2016-12-27,7400000.0,-4.0,1.4,3.1552697535540357,9.038936007914245,0.0,0.21372279217610077,0.20214752511619088,0.17263376408594497
2016-12-28,11010000.0,-2.8,3.7,3.0727034578748462,6.396094784408192,0.0,0.19288798562243226,0.17445145459873948,0.2005928526332818
2016-12-29,11020000.0,-5.3,-0.4,1.9762105757123052,10.747953378947036,0.0,0.30742953421636776,0.29125766073822845,0.21963943455523632
2016-12-30,10980000.0,-4.1,1.9,2.9881296638766357,8.278707615195628,0.0,0.21083894219846028,0.19352585521243315,0.18461615416783106
2016-12-31,7640000.0,-1.5,4.2,5.236805265610996,6.548739067985552,0.0,0.10624160223465637,0.09301302702058212,0.10765352573167881
2017-01-01,10200000.0,-2.5,7.6,5.492721499315727,6.117743443767125,0.0,0.11615265342315058,0.09771634237497014,0.13888680521948366
2017-01-02,6410000.0,-2.5,8.9,6.076584664223671,9.314294323387129,0.0,0.14521637832752515,0.13336688888624254,0.14960074520441577
2017-01-03,10790000.0,-1.4,6.9,4.445205942762282,7.258086032845047,0.0,0.197518426116508,0.17787913780939563,0.2014127500820519
2017-01-04,9800000.0,-1.0,8.0,5.48766512808562,5.480229082944033,0.0,0.13022142100704798,0.11191948095586386,0.15504265641209153
2017-01-05,4690000.0,-0.3,6.2,5.90723976404713,8.826431220973214,0.0,0.14351908917077716,0.1349233080434714,0.12694894057498188
2017-01-06,9590000.0,-1.5,7.6,5.6084438945108035,4.327914393193376,0.0,0.09906161452772567,0.08142452577597722,0.12815873711604625
2017-01-07,9500000.0,-0.1,7.3,6.263452177830261,4.767889092916355,0.0,0.0934803045954039,0.07567865865089825,0.11224908408830173
2017-01-08,7380000.0,1.5,10.8,7.109191693069648,7.865670141986303,0.08000000000000002,0.16923201840051236,0.154223275234581,0.17490134817270117
2017-01-09,9510000.0,-5.0,6.3,3.545431653408787,12.112772855638724,0.0,0.3170915399727901,0.30104649249939114,0.24228818809625424
2017-01-10,10660000.0,-8.2,1.6,2.1441175170478517,13.432696954807659,0.0,0.3509340010219097,0.33558717621122713,0.22573668339699923
2017-01-11,11560000.0,-6.2,0.3,2.7421283567324424,12.855043097348238,0.0,0.2804437406465952,0.2635510510928255,0.17802821742652133
2017-01-12,8340000.0,-6.7,3.1,2.354655545417664,14.180953246853539,0.05,0.40641274113065345,0.39362836283258107,0.25421280507404376
2017-01-13,10860000.0,-9.2,2.0,2.0537069484362562,13.357871325603071,0.0,0.35182791801344415,0.33639392411823443,0.23132595683628895
2017-01-14,12110000.0,-9.7,-5.3,1.1007214143123556,13.699076194775992,0.0,0.35205478242644495,0.3376726454419549,0.19426214551209056
2017-01-15,12200000.0,-8.4,0.6,1.489555897014565,7.0425882207358335,0.0,0.23118731688639524,0.2140737312644919,0.21509450731578666
2017-01-16,12040000.0,-5.8,3.2,2.4092723706880697,4.941484552670999,0.0,0.16964081029783404,0.15080753794630491,0.19136847462010406
2017-01-17,9900000.0,-4.7,4.1,2.369004597268819,4.339886493866111,0.0,0.17101206644468636,0.15490325128125834,0.20116406715838459
2017-01-18,10190000.0,-5.1,4.4,3.6193157511892493,5.004338081202852,0.0,0.13822589381800063,0.12167733965697311,0.15548383607573044
2017-01-19,11920000.0,-3.7,5.9,3.194679372102466,3.8400512907794626,0.15000000000000002,0.1494098753658811,0.12895923040903204,0.18657180659860512
2017-01-20,8340000.0,-7.9,1.1,2.8018770504660013,11.451314293470165,0.06999999999999999,0.2398981149133014,0.22794275974711825,0.16764274802220402
2017-01-21,11700000.0,-8.2,0.4,2.500851928606742,10.966444216224433,0.06,0.24847911478710144,0.23206690562511217,0.1745564261649985
2017-01-22,12790000.0,-9.8,-3.9,1.489555897014565,14.546102317371929,0.0,0.3465777356574445,0.33090319902057275,0.18435451182830256
2017-01-23,13090000.0,-9.5,-3.2,1.3112010435459962,9.954801709378403,0.0,0.2794611317095155,0.2630332301499655,0.19391895709663115
2017-01-24,13270000.0,-7.9,-0.9,1.5718526705399676,7.338897712386002,0.0,0.2359647851917058,0.217755826136881,0.2012132702637309
2017-01-25,13420000.0,-7.9,1.9,1.7745045654037281,5.9890433615352325,0.0,0.21375991997993427,0.19419075297918742,0.21217780984704704
2017-01-26,12900000.0,-6.2,5.2,2.556761375056883,9.110768611950649,0.11000000000000001,0.308203260384028,0.2873756606433403,0.2609739519014122
2017-01-27,12930000.0,-6.6,1.8,2.2131059439352017,8.877312648832335,0.0,0.27886812886204704,0.25953184845600524,0.2208800892016985
2017-01-28,12970000.0,-3.8,6.3,2.8382793569863165,2.2627270271467443,0.0,0.12733696234028546,0.10496168722717673,0.16856707738001123
2017-01-29,4420000.0,-3.2,7.3,5.021012824383014,6.641522848199242,0.45,0.15290259318323815,0.14505345125141395,0.15924539905481877
2017-01-30,12950000.0,-8.3,-0.6,2.175032705723001,9.056894158923345,0.0,0.23772041254590864,0.21998999769376693,0.17681727341393522
2017-01-31,13270000.0,-6.3,2.5,1.5641065669183856,8.19490291048649,0.0,0.3249719796917966,0.3047133750475579,0.27026586461327295
2017-02-01,13610000.0,-8.6,2.0,1.5065545232880586,11.577021350533874,0.0,0.4002553078067323,0.3806614723777089,0.2726401098681807
2017-02-02,14450000.0,-5.6,3.2,2.8139647550989273,11.19990017934275,0.0,0.33238368793533624,0.3096899239300743,0.22948791481505898
2017-02-03,13830000.0,-4.7,6.8,3.610006118244597,6.150666720617143,0.0,0.21918874427921137,0.19550497298752012,0.21941511900142335
2017-02-04,13200000.0,-0.9,8.9,4.009626439438736,3.0558786967153786,0.010000000000000002,0.17198851175732455,0.14692061659455935,0.20730107281860954
2017-02-05,7460000.0,-4.9,9.1,4.34007524690225,10.49653926481962,0.010000000000000002,0.36458364260356374,0.35131237374917396,0.25203960643866663
2017-02-06,14750000.0,-6.9,3.0,2.7421283567324424,7.629221153699804,0.0,0.2405536519751906,0.21808169386168746,0.2021657599895191
2017-02-07,14180000.0,-3.7,5.8,3.6720805908965684,3.504832471942907,0.0,0.16131762959695306,0.13703448592983944,0.1774888594598204
2017-02-08,11080000.0,-5.4,4.9,2.5092524936458904,9.778213224455573,0.0,0.35636744420878796,0.33830363916677886,0.27440440576354735
2017-02-09,15170000.0,-8.5,-0.2,1.7408099344403198,15.536793648040677,0.0,0.4567390475273651,0.43587669299513027,0.23749258754603542
2017-02-10,15520000.0,-8.8,-1.5,1.5312935178958085,14.974104916422174,0.0,0.4424576999303225,0.42186707050911976,0.22947061248040349
2017-02-11,15640000.0,-7.8,0.2,2.110707699192708,11.184935053501832,0.0,0.33171360684208806,0.30967860462006247,0.21130732971720256
2017-02-12,15650000.0,-6.1,3.2,2.663044008752043,7.662144430549823,0.0,0.2714253800912154,0.24709250222814014,0.22062058234418408
2017-02-13,15810000.0,-6.2,5.3,2.8514490540241533,5.950134034348847,0.0,0.24251020013608562,0.21693445491097635,0.22882571579758246
2017-02-14,16050000.0,-5.9,6.2,2.85805425369171,5.046240433557422,0.0,0.2343812094620489,0.20780942616823986,0.23444677514392082
2017-02-15,15930000.0,-2.3,9.4,3.280146820279473,6.123729494103491,0.0,0.3181474293148671,0.28834715486111556,0.31244138474640376
2017-02-16,15650000.0,2.2,12.4,5.622199107920115,9.778213224455573,0.16000000000000003,0.43015607895786845,0.3972162930235786,0.3486581595567798
2017-02-17,13660000.0,-7.2,7.9,2.7050260706207094,11.975093697902283,0.0,0.622323331923689,0.5995356770933316,0.32905466344820355
2017-02-18,16850000.0,-5.8,2.3,2.2380567589905316,10.209208848674002,0.0,0.37580826865187145,0.3499262160206612,0.2542573090488009
2017-02-19,13740000.0,-2.1,7.7,4.945216068741608,8.883298699168702,0.9300000000000002,0.27770578344876634,0.25265362401589764,0.21610764479025169
2017-02-20,14820000.0,-8.1,5.9,2.553341533780266,10.188257672496716,0.0,0.4530964045867812,0.42972846750728,0.27914082603808194
2017-02-21,17170000.0,-4.7,5.8,3.7267225195002283,3.525783648120192,0.0,0.18942413813568432,0.160563936081329,0.1870170674417096
2017-02-22,2300000.0,-2.2,4.7,6.451492827837332,7.850705016145385,1.6100000000000003,0.037061210158101356,0.03309335104012524,0.04432413858797755
2017-02-23,13640000.0,-6.9,3.7,2.7512460627787934,12.307319491570652,0.0,0.38097978412131017,0.35990029815800184,0.24152347901443005
2017-02-24,17870000.0,-5.1,3.8,2.7558150180910226,8.91622197601872,0.0,0.3481596182385385,0.3194766203219611,0.2506222127180397
2017-02-25,17650000.0,-4.7,6.9,3.367639148869393,7.590311826513418,0.0,0.32448976615360636,0.2942084000891444,0.26648412318256043
2017-02-26,17130000.0,-2.7,8.4,4.456402552059581,4.690070438543584,0.0,0.24326497365941263,0.21197764087600807,0.2285309824103031
2017-02-27,14990000.0,-2.3,9.2,5.390714843179271,4.396753972061598,0.03,0.20757278962435674,0.1796256168667184,0.1978663804073691
2017-02-28,18110000.0,0.6,10.2,4.194470898314254,4.004667675029556,0.0,0.2893698187258042,0.25338587903147824,0.28789510060642
2017-03-01,13270000.0,1.8,10.6,5.019455727332887,5.516145384962236,0.05,0.3045900588249467,0.27756157763942985,0.2875066159052131
2017-03-02,11240000.0,-5.3,7.8,3.9211935357166023,9.820115576810144,0.03,0.35974738450157184,0.3403566295076365,0.25266326577345966
2017-03-03,18510000.0,-2.0,10.1,3.996885843700072,6.222499324653548,0.0,0.3513629507999624,0.3161526157472404,0.3128972368570322
2017-03-04,18360000.0,0.3,11.8,4.928340403351714,3.8849466683022156,0.0,0.2894445275398756,0.2522198246137438,0.2873922061167606
2017-03-05,15580000.0,-1.5,12.6,5.091526406756155,7.889614343331772,0.0,0.4506653757994508,0.4195624799908086,0.3320516609829425
2017-03-06,19710000.0,-4.2,4.8,2.1172076681837257,13.109450236643838,0.0,0.5929145687782315,0.560096583838283,0.34884062352794
2017-03-07,20030000.0,-5.9,2.2,2.042472818398337,13.372836451443987,0.0,0.5236200495780851,0.49297870792388787,0.28766340464205153
2017-03-08,15770000.0,-4.0,3.5,3.0797622406281575,13.321955023584868,0.0,0.4541103682206935,0.4284004218748014,0.25463307388295353
2017-03-09,16590000.0,-2.8,9.2,3.601877631717705,13.52847376018953,0.0,0.5734932839702422,0.5428251045894499,0.36387861244248276
2017-03-10,20140000.0,-2.9,10.1,3.398361882007341,7.449639643608793,0.0,0.46965003319340826,0.43191054379105626,0.3586731047183508
2017-03-11,20160000.0,1.8,13.2,4.141652761298251,3.875967592797664,0.0,0.35989890027467114,0.31721905447041265,0.36256820105807186
2017-03-12,19240000.0,1.0,15.2,4.471838699496117,6.007001512544333,0.0,0.5391700214769017,0.4977323873335571,0.4360826095792055
2017-03-13,19470000.0,3.9,13.1,5.7315686285336875,4.761903042579988,0.0,0.3759839486405686,0.33357783317147954,0.34472916278823085
2017-03-14,15600000.0,-3.8,10.7,5.264348376044592,5.357515051048509,0.36000000000000004,0.2989557914331723,0.26987134213236125,0.23861319841011902
2017-03-15,19090000.0,-1.6,12.3,4.337338671157555,4.998352030866486,0.0,0.40525108148114797,0.36737958065435666,0.33726948322826616
2017-03-16,19180000.0,-0.2,11.9,4.831162472639026,4.687077413375399,0.0,0.34461180964901095,0.30596329895366126,0.316813289621032
2017-03-17,21080000.0,2.0,13.6,5.091526406756155,4.037590951879575,0.0,0.3713246765249422,0.3263100007592182,0.3535246592771166
2017-03-18,17020000.0,0.2,15.2,3.7470981400064844,6.243450500830832,0.0,0.6099365082077252,0.5736957168184621,0.4641748816907002
2017-03-19,21250000.0,1.5,15.8,6.17874230924148,4.621230859675362,0.0,0.446071837471793,0.39959586441252465,0.3700405501548306
2017-03-20,14930000.0,4.7,15.6,6.293817715788962,5.174940515789314,0.020000000000000004,0.38990729343938113,0.3559131889761775,0.37824512710414865
2017-03-21,17070000.0,-1.9,13.1,5.2093897964605915,5.821433952116955,0.06999999999999999,0.42643814500145905,0.3923074367131858,0.32335638438175945
2017-03-22,20810000.0,3.5,12.9,3.81980456801839,5.510159334625869,0.0,0.4833184076613729,0.43837277344248304,0.4403719372286855
2017-03-23,16739999.999999998,1.6,14.4,4.808633417618042,6.506836715630983,0.0,0.48855119087721366,0.4525998705817882,0.41700174512929633
2017-03-24,14380000.0,4.2,11.9,5.5503158399015575,6.357185457221806,0.21000000000000002,0.4019915476332739,0.37106480770963224,0.34597939332269156
2017-03-25,6480000.0,3.2,6.6,7.4774167447753985,3.9388211213295183,1.59,0.12222158424731717,0.10954888913871963,0.10447270723352968
2017-03-26,10010000.0,0.2,8.9,6.720709221889418,3.872974567629481,0.61,0.1714964469275623,0.15214018634563092,0.15287548654702615
2017-03-27,19370000.0,-2.0,10.8,5.572478020946769,8.09314005476825,0.06999999999999999,0.3947026577911219,0.3574296819313272,0.27816225888065216
2017-03-28,20950000.0,3.7,12.7,5.438998820397744,6.1746109219626115,0.03,0.46807146203062366,0.4228234544916645,0.38651790029375716
2017-03-29,21010000.0,1.0,14.6,5.729818009890759,4.69605648887995,0.0,0.43884802958132774,0.39398283328920897,0.36440281875395053
2017-03-30,22350000.0,6.7,17.1,6.7834461276072116,6.752264779422032,0.09000000000000001,0.5753777175646826,0.5222059569321527,0.49014874890485877
2017-03-31,8650000.0,4.4,9.9,7.5933633657358905,7.353862838226919,0.6000000000000001,0.25202585851633263,0.23389931959100715,0.1953255872685343
2017-04-01,11690000.0,-0.3,8.9,7.286921304417853,4.55239128080714,0.7400000000000001,0.1723107689847208,0.14988966783616803,0.13574133321110607
2017-04-02,20900000.0,2.5,13.8,4.456402552059581,8.323602992718381,0.010000000000000002,0.6013646376782819,0.5562882026288328,0.47757441538478956
2017-04-03,23880000.0,3.9,18.2,5.296916145546541,6.877971836485741,0.0,0.7490218510501392,0.693386010901494,0.5616871905501355
2017-04-04,22780000.0,8.9,19.8,6.9373739457466606,6.084820166917106,0.0,0.6308186316656876,0.5734899491984338,0.5766176516492132
2017-04-05,8490000.0,11.1,17.0,12.334591523889404,11.750616810288518,1.59,0.39285356943922184,0.3716273395151031,0.28150410087355265
2017-04-06,7970000.0,4.8,15.9,11.310450913386871,7.9584539221999915,0.35000000000000003,0.18966576925305884,0.17142464818110872,0.16291914570619676
2017-04-07,23530000.0,7.2,20.4,10.32651278623216,5.677768744044147,0.0,0.5532397331894463,0.49473634132456235,0.44212579069377833
2017-04-08,23230000.0,10.2,22.6,10.673013594679015,5.5281174856349695,0.0,0.6051254043311254,0.5441164483180001,0.5306383549788045
2017-04-09,8340000.0,7.4,12.1,6.498297256267586,11.172962952829097,0.0,0.5377646345101477,0.5189734223719393,0.3877257818097393
2017-04-10,22840000.0,7.8,14.1,7.788606560802197,10.442664811792318,1.6300000000000001,0.6477637555312351,0.594684315592502,0.42345544389356826
2017-04-11,12610000.0,5.1,17.0,7.107073924426341,9.236475669014357,0.22000000000000003,0.5374296766858697,0.5080507845470751,0.45086519578248146
2017-04-12,24110000.0,2.2,15.3,3.9399964133029917,9.173622140482504,0.0,0.8113349016329581,0.7584580790753146,0.5699150937738644
2017-04-13,24690000.0,4.1,18.3,7.289086328058553,8.598961308191265,0.0,0.7591479285569954,0.7014090929143679,0.5118618022217982
2017-04-14,21050000.0,8.9,20.4,8.534644577824354,11.577021350533874,0.020000000000000004,0.8302393613085425,0.7769198142989344,0.620957207489247
2017-04-15,23700000.0,8.2,23.0,9.097907288989438,7.665137455718007,0.0,0.8675976015381444,0.8063539920138018,0.6307244291555637
2017-04-16,22080000.0,11.0,24.9,9.25175567725948,4.9803938798573855,0.0,0.7192335396613974,0.6594918654788049,0.6319385679956627
2017-04-17,3610000.0,5.8,15.9,12.0990887312117,6.443983187099128,1.8800000000000001,0.09838322875164451,0.09001482226170687,0.11567155021199178
2017-04-18,20640000.0,6.7,19.8,9.113717368193653,12.564719656034436,0.5700000000000001,0.8253468332484906,0.7746613975208969,0.5333650479853
2017-04-19,24890000.0,8.4,17.4,6.212503929257639,8.940166177364187,0.0,0.7952127659240531,0.7345804357952119,0.6110933630749085
2017-04-20,11400000.0,4.5,16.0,7.640635979945722,5.049233458725607,0.05,0.3376605944489599,0.3116364965403625,0.32436472470737443
2017-04-21,24210000.0,6.0,18.6,8.675021348191075,6.057882940403454,0.020000000000000004,0.5748955074855315,0.5167439724185571,0.4554919720561722
2017-04-22,21910000.0,5.4,17.4,9.28119108905522,3.400076591056484,0.4,0.40981441598648144,0.35832212167990785,0.34905813539961555
2017-04-23,26120000.0,7.3,20.1,7.784016181749776,6.31827613003542,0.0,0.7025760279107389,0.6377778844677601,0.5679046330848172
2017-04-24,26170000.0,10.5,21.0,7.729117579270488,8.197895935654673,0.0,0.8365429371304884,0.7687079704289879,0.6860822602084958
2017-04-25,20250000.0,12.3,22.5,10.009988280635973,8.38944954641842,0.0,0.7556829593103868,0.7014559193535161,0.6411628932787916
2017-04-26,19810000.0,5.2,19.0,7.53296375138602,4.803805394934557,0.0,0.5421620136821657,0.494805659610779,0.4534259264219827
2017-04-27,24580000.0,6.4,17.8,5.545212579586526,8.76357769244136,0.0,0.7908237122759798,0.7320645409950772,0.6232016171551672
2017-04-28,26490000.0,6.4,22.0,7.519599354659025,10.975423291728985,0.0,1.2212652878119596,1.1548178393856081,0.7167011537533878
2017-04-29,26710000.0,11.1,23.0,6.834416707255334,9.032949957577879,0.0,0.9819342543835194,0.9108863704704682,0.8288333370495538
2017-04-30,25570000.0,10.6,27.8,10.853146326258422,9.17062911531432,0.05,1.2339990420755385,1.1632363028921808,0.8391119724704733
2017-05-01,27140000.0,8.8,20.9,6.8754364757595425,8.464275175623008,0.0,0.8738158681971431,0.8047757935609262,0.7065064067632346
2017-05-02,24560000.0,7.8,23.1,7.96482091697014,6.452962262603679,0.0,0.8896321280624647,0.8263626165046587,0.6589798588492926
2017-05-03,27000000.0,10.4,26.5,8.327835061214646,3.7921628880885256,0.0,0.8307039492607686,0.7569769374203832,0.683736163789178
2017-05-04,22590000.0,15.4,26.2,12.041677051906234,6.518808816303717,0.020000000000000004,0.780913661087125,0.716682495352664,0.7143252895962235
2017-05-05,21550000.0,11.1,27.2,12.549630967280724,9.754269023110107,0.5599999999999999,1.1082248740339142,1.0486394717857808,0.7351908739904258
2017-05-06,27150000.0,9.1,22.2,5.31654229494858,12.447991674475277,0.0,1.3568599124940495,1.2866288775457317,0.9152020115539523
2017-05-07,27260000.0,8.9,23.5,4.86891871054342,12.376159070438876,0.0,1.6198537406423352,1.5485461977582766,0.9897461834611676
2017-05-08,20880000.0,14.1,25.8,8.577045647113986,7.733977034586227,0.0,0.8887841809328323,0.830248390068801,0.8364145281833876
2017-05-09,7960000.0,12.6,16.9,13.105342736085493,6.821104358290253,0.48,0.2969747764815466,0.27676888699569147,0.2469553707638025
2017-05-10,11590000.0,10.1,20.5,12.382863526820111,7.021637044558549,0.020000000000000004,0.4081625225483676,0.37839831376054855,0.3606043073680082
2017-05-11,19870000.0,12.8,24.8,13.983306296599292,7.066532422081302,0.0,0.6360148602409853,0.5814143066788371,0.5464239786727101
2017-05-12,10900000.0,11.2,22.9,13.887513344053243,5.396424378234895,0.0,0.37253679968436854,0.34354309191004206,0.3628216544444593
2017-05-13,25050000.0,10.7,25.8,11.880864690067261,10.867674385674379,0.15000000000000002,1.1519541146644081,1.083800716287096,0.7360349991351152
2017-05-14,28090000.0,9.6,21.0,7.08381521549002,14.968118866085808,0.0,1.2516886213584955,1.1795508625276208,0.8163214790072691
2017-05-15,20430000.0,10.9,21.0,9.560843687021205,9.631554991214582,0.0,0.7815428243577542,0.7283702301075353,0.6106755592114361
2017-05-16,18110000.0,12.4,21.2,11.120505312733002,5.1180730375938275,0.0,0.5408758328861424,0.49293709810504344,0.4807779693471649
2017-05-17,20290000.0,12.8,22.0,12.978816812262313,3.597616252156597,0.0,0.5012176654175164,0.4468835103199905,0.43527106768845547
2017-05-18,27690000.0,13.9,26.5,10.709436039544721,7.982398123545459,0.0,1.0064109059274575,0.9284558699913903,0.8342102978404682
2017-05-19,27920000.0,14.6,29.2,8.284098294853655,10.655169598733348,0.0,1.620888134415118,1.5401008890055294,1.1447542930445582
2017-05-20,25840000.0,13.8,30.9,9.660322600003463,4.609258759002628,0.0,1.021729034685617,0.9464421941537999,0.8523576704991782
2017-05-21,26960000.0,15.2,28.9,9.811250940739514,5.189905641630232,0.0,0.958790300709841,0.8805998143187418,0.8485494500879256
2017-05-22,27170000.0,13.6,29.3,12.403602323705691,5.225821943648434,0.0,0.9853685512256393,0.907303777918153,0.7760794351103886
2017-05-23,18920000.0,15.1,25.9,12.177146447861412,5.794496725603303,0.8400000000000001,0.6832897713821051,0.6297580414985323,0.647447864970547
2017-05-24,17240000.0,13.6,23.0,16.619223807933984,3.501839446774724,0.36000000000000004,0.4180048383295497,0.3710571563208187,0.3490951092750804
2017-05-25,28100000.0,9.0,27.2,9.859193386997903,9.67345734356915,0.05,1.3182993815759196,1.2420582353543104,0.8665300384691387
2017-05-26,22510000.0,10.1,20.9,9.416031212690283,6.982727717372163,0.0,0.689069310764369,0.6310207612944091,0.5707078721583679
2017-05-27,26290000.0,12.1,24.8,11.291328748847736,5.755587398416918,0.0,0.7805890176893212,0.708800753197331,0.6556891726127043
2017-05-28,26640000.0,15.1,29.0,13.659958455711461,9.616589865373665,0.0,1.1925824420163385,1.115320032615045,0.8827769015884053
2017-05-29,28020000.0,15.4,31.9,15.432713156711202,7.102448724099505,0.0,1.2021720608546342,1.118954125300909,0.8917911161220454
2017-05-30,19920000.0,16.3,28.9,12.507755065969278,6.0369317642261695,0.0,0.8138920868467772,0.755634107810901,0.7703105344962413
2017-05-31,19280000.0,17.9,28.5,15.374137933599469,4.717007665057235,0.010000000000000002,0.6636501188103776,0.6067606939350247,0.6369991490294418
2017-06-01,20790000.0,13.6,27.6,15.852542793167645,5.824426977285138,0.47000000000000003,0.7093302191293822,0.6504104498017196,0.5799821620906753
2017-06-02,28330000.0,14.1,25.1,10.945761323914455,7.2850232593587,0.0,0.9122989618736197,0.8333511597131193,0.7671627425589993
2017-06-03,21110000.0,12.4,23.6,10.890109222211365,5.6687896685395955,0.0,0.661781649029218,0.6046115364961242,0.5953135616220199
2017-06-04,28800000.0,13.2,26.0,9.967105752526608,5.650831517530495,0.0,0.8936945098598249,0.8134369488918614,0.7693393503337074
2017-06-05,26440000.0,13.9,24.8,12.320829949437389,8.68575903806859,0.0,0.8997046101409186,0.826342111625968,0.7150665967349278
2017-06-06,10780000.0,15.6,22.9,14.550435623064851,7.698060732568026,1.03,0.5141431538512913,0.484284301347227,0.4590383982751899
2017-06-07,8300000.000000001,13.9,21.2,17.05803749897144,10.511504390660537,0.55,0.33458773447831386,0.31229805692399765,0.2520868193346823
2017-06-08,26680000.0,13.1,25.6,12.690108876233227,7.8686631671544855,0.0,0.8840411080192145,0.8100126866735685,0.7025810838665839
2017-06-09,24750000.0,17.2,27.2,13.678795438745851,12.86701519802097,0.0,1.188322515810862,1.116376136761743,0.8984062560383785
2017-06-10,24010000.0,12.1,27.0,10.285371138252556,8.284693665531996,0.0,1.1341572677234502,1.0673057652364257,0.8284214929355581
2017-06-11,28850000.0,13.6,25.0,11.75159863233942,8.70371718907769,0.0,0.9578144516415028,0.8778347546214308,0.757955613091359
2017-06-12,22980000.0,12.5,23.1,12.30364696735845,8.108105180609169,0.0,0.7463931941379596,0.6843898043237843,0.5910850658929884
2017-06-13,23640000.0,13.2,25.1,15.096506603976264,3.217502055797289,0.18000000000000002,0.5709493582319133,0.5055851397100628,0.49028609303536824
2017-06-14,27190000.0,15.4,27.0,12.864076797470668,7.689081657063474,0.0,0.935020971964194,0.8572090634280315,0.7936424310810004
2017-06-15,28040000.0,15.6,30.3,14.459151401632965,7.8267608147999175,0.0,1.1765158161217408,1.0940815370610495,0.885064261097454
2017-06-16,27900000.0,14.7,25.2,15.216130483593078,8.46726820079119,0.0,0.8525208062630366,0.7743048788154089,0.6371600188628701
2017-06-17,28090000.0,16.6,30.5,16.96218445212781,4.836728671784575,0.0,0.8934165453932252,0.8101102143027497,0.7362950695953598
2017-06-18,27680000.0,18.9,32.3,18.052619909200438,4.405733047566148,0.0,0.9011120287097076,0.8166827567615593,0.7789246634158553
2017-06-19,26740000.0,19.0,32.9,16.37042263245308,4.5194680039571224,0.0,0.9464561940006995,0.8645234981862204,0.8287251227251964
2017-06-20,23750000.0,17.8,30.6,16.45003569547168,6.336234281044521,0.0,0.8899971298123331,0.8189109486246731,0.7829406413114439
2017-06-21,22000000.0,18.4,29.1,16.789936174766204,5.9950294118716,0.03,0.774152637003558,0.7087204941439517,0.7013337266285085
2017-06-22,25720000.0,20.8,30.8,16.207834242992952,3.9986816246931887,0.010000000000000002,0.8097291789718548,0.7310740684842217,0.7569952690955711
2017-06-23,23030000.0,19.3,31.5,17.223462374810907,6.366164532726356,0.0,0.8788549333296481,0.8087931374281832,0.8135402720075341
2017-06-24,19840000.0,18.8,31.7,17.506978138778564,5.776538574594202,0.0,0.8083114697334421,0.7480739259570511,0.74737193004109
2017-06-25,15990000.0,18.2,27.0,18.816591258290035,7.916551569845423,3.24,0.6372738543659188,0.5905095428807955,0.5425843568919385
2017-06-26,17050000.0,18.5,25.5,19.3977692827579,8.141028457459187,0.22000000000000003,0.6153926187223139,0.5659816196396174,0.4825597997330006
2017-06-27,15430000.0,18.4,27.8,19.24974837377551,4.621230859675362,0.0,0.522442795008214,0.4769801413783581,0.4822090411065755
2017-06-28,22440000.0,20.5,29.0,20.879019393858208,4.806798420102741,0.05,0.7004377757667257,0.6327621939078651,0.5960771409119072
2017-06-29,20160000.0,20.2,28.7,21.414769530201546,3.4270138175701352,0.19,0.5877397171991026,0.5271893345737179,0.5076363071695803
2017-06-30,22470000.0,22.4,31.6,20.451392581834668,7.910565519509056,0.0,0.9411994770946508,0.8714380254998598,0.8304264829446122
2017-07-01,8289999.999999999,22.4,25.8,25.16436025188727,7.3568558633951024,0.76,0.35084119824095067,0.32606302611306015,0.29333767792657683
2017-07-02,9600000.0,22.2,29.6,27.380240663544875,9.23048961867799,3.48,0.45251972585187694,0.4231237571620133,0.3862924682931138
2017-07-03,6120000.0,22.4,25.7,27.31108819058317,8.554065930668513,2.89,0.24787232130457756,0.22959293210584258,0.19313987129850557
2017-07-04,13270000.0,21.8,27.7,25.273893264392537,3.573672050811129,0.25,0.40843929803531853,0.3684190230234166,0.347713064174029
2017-07-05,19490000.0,22.2,28.8,25.074468294193675,4.109423555915979,0.1,0.5846334263413476,0.5252629800051054,0.47566682137643024
2017-07-06,21820000.0,22.1,31.5,25.299726199836265,4.306963217016092,0.010000000000000002,0.6837898884450623,0.6162127333746164,0.5788177515594171
2017-07-07,14260000.0,24.2,29.5,28.550716375694815,7.240127881835947,0.22000000000000003,0.538645631263314,0.4944547722713472,0.42927964568990234
2017-07-08,8550000.0,22.6,26.9,28.65139878139347,4.782854218757273,1.4800000000000002,0.2662825374992311,0.2404970551064834,0.21184322859954854
2017-07-09,20680000.0,24.1,30.6,28.622600807472782,6.231478400158098,0.43,0.6882940961531994,0.6238168099145474,0.5308810404462807
2017-07-10,10040000.0,23.1,28.1,28.897204370275045,13.740978547130561,1.9600000000000002,0.45411379638584626,0.4234898841618791,0.30878447708752654
2017-07-11,23260000.0,22.0,31.0,24.24061557864572,8.341561143727482,0.0,0.8593835709733776,0.7876148760889597,0.6849263115920999
2017-07-12,25560000.0,20.9,31.5,25.06805819142649,6.267394702176301,0.0,0.8077744317533406,0.7292068443864095,0.6440019084650567
2017-07-13,27350000.0,20.3,32.0,24.585060891893946,6.204541173644447,0.0,0.8505880430938056,0.7665716852577845,0.6832361017206918
2017-07-14,22080000.0,23.7,32.0,27.290372210020564,5.965099160189765,0.27999999999999997,0.7576366965545192,0.6883839223309464,0.6205106949930496
2017-07-15,10660000.0,23.0,28.5,27.728301343338114,7.111427799604055,1.58,0.41398093496962857,0.38140237230586577,0.3415140261508121
2017-07-16,6140000.0,23.4,26.2,28.051922624745846,6.605606546181038,0.79,0.24598610521884576,0.2274562412257714,0.20682411168304604
2017-07-17,12990000.0,22.6,30.0,25.992758996939582,8.625898534704918,0.08000000000000002,0.5810740230447469,0.5410941070111925,0.49448535972562624
2017-07-18,17300000.0,21.1,29.5,26.439311922105755,5.219835893312067,0.05,0.5323251105231315,0.4797645959684507,0.427109121624026
2017-07-19,26670000.0,24.4,33.0,27.207645434467647,3.4060626413928508,0.0,0.8033452626755553,0.7188731765547051,0.6642178865539986
2017-07-20,21300000.0,25.5,33.1,28.264752011366067,5.608929165175925,0.0,0.7730759074000252,0.7051601862748045,0.6579441868593362
2017-07-21,21090000.0,24.7,32.7,29.306073746865934,7.087483598258586,0.1,0.7746658152471209,0.7078673039502055,0.6249859668086355
2017-07-22,12420000.0,24.3,31.5,30.071297493211333,3.552720874633844,0.65,0.42325174696668,0.38427419436533017,0.3740654341816235
2017-07-23,10130000.0,24.9,29.5,31.201344782265085,8.607940383695817,0.33,0.41488046662102257,0.3833537181626284,0.3242210736534218
2017-07-24,11540000.0,24.3,30.5,30.892333438671688,5.507166309457685,3.23,0.4129800494994905,0.3769783539746177,0.3453265852040181
2017-07-25,15100000.0,20.6,28.1,24.36537714850028,8.634877610209468,0.71,0.5588614291894202,0.5135713068366415,0.43647468137760653
2017-07-26,26090000.0,18.2,27.9,18.26043813751939,7.473583844954261,0.0,0.8432624612616904,0.7664478210986613,0.675472966451572
2017-07-27,25520000.0,21.5,30.6,20.596672876262467,3.609588352829331,0.0,0.747067878695586,0.6687730368393076,0.6540969879242331
2017-07-28,15280000.0,21.5,30.6,26.594143611914006,6.31827613003542,4.970000000000001,0.5398566082355456,0.49297787847206864,0.4592639006780817
2017-07-29,6160000.0,21.5,23.5,22.946150556824367,7.323932586545085,0.32000000000000006,0.28776913589864417,0.26978070613456984,0.24977704518924898
2017-07-30,12880000.0,23.4,28.8,27.512051673286415,3.8819536431340307,0.04000000000000001,0.41472721305025156,0.3751863915481224,0.3528817668100316
2017-07-31,4960000.0,22.5,26.2,28.00952503960931,2.6218900473287676,2.59,0.15748421658342343,0.14260746116158354,0.1497649881932655
2017-08-01,17040000.0,22.7,30.9,26.439311922105755,4.3847818713888636,0.22000000000000003,0.5581971691962296,0.5054238088662389,0.48298301689309453
2017-08-02,17120000.0,21.0,30.1,25.042432098359193,6.584655370003754,0.0,0.5949030187926567,0.5427178840454427,0.49927836416736654
2017-08-03,21230000.0,22.9,29.7,25.093707197623612,8.670793912227671,0.0,0.7836930146304837,0.7183524744155213,0.6036436359811498
2017-08-04,20750000.0,24.2,32.0,27.938986704054404,5.016310181875587,0.03,0.6893713836367161,0.6240997401100741,0.5744539048985405
2017-08-05,21740000.0,24.2,33.0,29.071820394765258,5.956120084685214,0.08000000000000002,0.7474826895732783,0.6787033038367103,0.6141353605066955
2017-08-06,20880000.0,25.0,32.3,30.48700685311294,3.1307043259199667,0.45,0.6294548480615458,0.5633588351376477,0.5113295704593364
2017-08-07,21310000.0,22.6,31.5,27.94603355187062,4.480558676770737,0.19,0.6450223772568833,0.5788218965382027,0.5220464400893421
2017-08-08,22070000.0,23.6,31.0,25.507221643239337,5.695726895053248,0.0,0.7410483762936827,0.6722786960423769,0.6164520648950447
2017-08-09,5070000.0,23.2,25.4,27.228306571694016,7.805809638622632,0.71,0.22991983137191102,0.21472368217985022,0.19590548205470576
2017-08-10,11910000.0,22.0,27.1,25.631124284939574,6.321269155203603,0.36000000000000004,0.41327618736639715,0.37745539761187963,0.33669196214794433
2017-08-11,17830000.0,20.4,28.0,23.28648915998355,5.067191609734707,0.22999999999999998,0.5410749580268717,0.4877079428447253,0.44688580347792434
2017-08-12,19210000.0,20.2,28.0,22.163138625002098,6.638529823031058,0.0,0.6296269479663456,0.5722097360752988,0.5124800287698116
2017-08-13,10720000.0,21.2,25.5,21.951095564532785,10.346888006410445,2.1,0.5275993897981577,0.49589880431819067,0.41984154256203093
2017-08-14,4000000.0,21.5,23.3,23.722694405432687,9.311301298218945,3.39,0.2297804897850396,0.2181173367956341,0.2043616686699949
2017-08-15,5130000.0,21.6,23.9,24.616585180080847,10.16431347115125,6.08,0.2582535481670559,0.24321665508899554,0.20420969212612658
2017-08-16,13800000.0,21.4,27.1,23.924997873914453,10.212201873842186,3.58,0.5688309910112301,0.5274974114624926,0.4330250991044752
2017-08-17,10480000.0,20.6,26.1,23.612978720043095,5.758580423585102,0.17,0.3636507671352156,0.3326598962555463,0.31159419538840655
2017-08-18,18030000.0,22.0,28.5,25.157930071713075,4.22016548713877,0.1,0.5299168721593339,0.4751747897859304,0.4348141647681495
2017-08-19,12270000.0,21.9,26.4,25.429237265468085,6.8570206603084545,1.1300000000000001,0.412924633584946,0.3762248867744951,0.3228644824306429
2017-08-20,7920000.0,22.1,25.1,25.539776755542736,8.748612566600443,0.5599999999999999,0.31690087098878944,0.2933957180977259,0.24588344805898982
2017-08-21,12700000.0,22.3,27.7,27.498150789110394,7.704046782904392,0.54,0.4255153861120394,0.3870845713099493,0.3194818813677149
2017-08-22,18400000.0,23.5,29.8,28.030716834316834,7.733977034586227,0.13,0.6314447227521361,0.5745652029553384,0.480075863720811
2017-08-23,15010000.0,24.0,29.7,29.883979347911232,7.464604769449711,0.13999999999999999,0.515869034516713,0.4693539718610734,0.3910810750562496
2017-08-24,16000000.0,20.6,30.6,27.290372210020564,12.247458988206983,0.16000000000000003,0.624749935665282,0.5759468882964102,0.4660624517344057
2017-08-25,23300000.0,17.0,29.8,18.866515610723244,5.869322354807891,0.0,0.7345961900632367,0.6656448116892941,0.6300832567784201
2017-08-26,25040000.0,16.5,27.5,15.62655596295438,5.055219509061973,0.0,0.7019212408214394,0.629355175306441,0.6275563573130849
2017-08-27,21550000.0,18.8,28.1,19.341506482134772,4.130374732093264,0.0,0.6012140739116107,0.5373953507185874,0.5293550991788118
2017-08-28,18450000.0,19.7,27.9,22.458350576336596,6.390108734071825,0.52,0.5753216181900398,0.5204088188225359,0.4705893397292912
2017-08-29,22720000.0,16.2,27.0,15.228552724200725,5.543082611475887,0.010000000000000002,0.6742660479210121,0.6088323484648945,0.6109596096662572
2017-08-30,7090000.0,14.1,21.4,15.831101473290405,3.917869945152234,0.0,0.2389931100968644,0.21988113698983894,0.24092274380401674
2017-08-31,23600000.0,15.1,25.9,15.981726607095974,5.192898666798415,0.0,0.6205790003069787,0.5538058065832833,0.5344196107988595
2017-09-01,19850000.0,14.1,24.9,15.191312681929784,6.979734692203979,0.0,0.5995623844386256,0.5443413909406286,0.5136265455314578
2017-09-02,20810000.0,13.9,25.1,15.407585550377124,6.0818271417489225,0.0,0.5781990773646396,0.5203074463977218,0.5001915995362379
2017-09-03,23490000.0,14.9,25.8,16.392503397389387,4.821763545943658,0.0,0.5900633977575734,0.5237666217961625,0.5058911903544576
2017-09-04,20250000.0,16.9,25.8,17.690378955764942,6.321269155203603,0.0,0.5965978927448716,0.538507885848135,0.502158895011054
2017-09-05,4920000.0,19.3,22.3,20.955612210553777,3.046899621210828,0.0,0.17052814386899548,0.15653888599322976,0.17153416622503356
2017-09-06,11660000.0,17.5,25.1,18.401775617594406,3.756246586070324,0.27,0.35659073301112343,0.3231689795232652,0.3421118973099667
2017-09-07,19270000.0,15.2,26.3,18.806620288908665,4.881624049307328,0.010000000000000002,0.49020675579437156,0.435460206535898,0.41995663356236124
2017-09-08,20820000.0,17.6,27.9,20.650709210814956,2.8493599601107156,0.0,0.5007780399981799,0.439751117213537,0.43271430814594447
2017-09-09,20060000.0,20.0,28.3,20.25376219749854,3.1755997034427197,0.0,0.5337707437786798,0.47377099471448714,0.4782835482667906
2017-09-10,10730000.0,18.5,26.3,21.253350305969793,6.698390326394729,1.46,0.3935436765166318,0.3622572686225515,0.35534837817104037
2017-09-11,6720000.0,16.9,23.3,19.505578266411465,5.93516890850793,1.94,0.2560647656265562,0.2371778559885251,0.24243008537882269
2017-09-12,21440000.0,13.5,26.4,16.94398037809533,6.381129658567274,0.0,0.5910313704443932,0.53092565415489,0.4888012475943702
2017-09-13,22580000.0,14.6,24.8,15.499896018113034,5.040254383221056,0.0,0.559730647300383,0.4966982569690064,0.4852999336107776
2017-09-14,18530000.0,17.0,24.5,16.291147750565546,8.108105180609169,0.0,0.6253389924531674,0.5726948015990151,0.5193942857587565
2017-09-15,16930000.0,17.2,22.1,13.902801370212282,12.89095939936644,0.0,0.8152177364827535,0.7679979481347889,0.5947865288061138
2017-09-16,11940000.0,18.3,22.2,16.11183312542724,12.756273266798182,0.0,0.6587624076748626,0.6251198428386607,0.49268193053657383
2017-09-17,16190000.000000002,14.0,23.8,17.21884831523423,8.314623917213833,0.0,0.4660009861040694,0.42143331627799113,0.3731069943862817
2017-09-18,20010000.0,15.1,25.0,16.503299554359938,7.012657969053999,0.0,0.567046788476212,0.5108550233171127,0.4787255923177291
2017-09-19,17610000.0,16.1,26.0,18.791672514471582,11.241802531697319,0.36000000000000004,0.6228288419921562,0.5725541401232614,0.47807907192225646
2017-09-20,19890000.0,12.6,22.0,12.792817916119652,6.279366802849035,0.0,0.5240071649553382,0.4708455910041466,0.45552216185220457
2017-09-21,20630000.0,15.2,24.4,16.445603854664746,3.70237213304302,0.0,0.46425645792710446,0.40656891321787114,0.4085474845086402
2017-09-22,19020000.0,14.2,24.6,15.908409516117905,4.007660700197739,0.0,0.44398689076401493,0.39116656877574896,0.40447712927957047
2017-09-23,17050000.0,16.1,25.7,17.74714776344521,3.543741799129293,0.0,0.41665054077135466,0.3680925616289553,0.38504212098180296
2017-09-24,18220000.0,15.0,25.5,18.54899469383044,4.609258759002628,0.0,0.43034193115622343,0.37900461697568766,0.3743172245429187
2017-09-25,19840000.0,14.8,27.0,16.081392112583405,6.189576047803529,0.0,0.5763890448756694,0.5198852146008776,0.5336632398188986
2017-09-26,17270000.0,17.0,27.1,18.168354375190706,6.656487974040159,0.73,0.5458236068078481,0.4957364517642918,0.49963769880772474
2017-09-27,2150000.0,17.0,18.5,17.367036981925988,6.183589997467161,1.0,0.13308073230648168,0.12728514102578986,0.1579639224273094
2017-09-28,15920000.0,10.4,22.6,11.34238451451019,8.991047605223308,0.08000000000000002,0.5836583093649705,0.5417645740899922,0.5162274993272538
2017-09-29,17580000.0,9.3,18.9,9.233066918714115,5.282689421843921,0.0,0.43148802736373204,0.3874870687557087,0.40907246283455445
2017-09-30,18840000.0,12.1,22.5,13.708982080120546,4.989372955361935,0.0,0.42993575191769073,0.37958059589755755,0.3921546196181877
2017-10-01,7330000.0,16.4,20.6,15.03495672421778,7.027623094894916,2.74,0.3509711070687147,0.330937442785929,0.3340914993937364
2017-10-02,7890000.0,13.9,23.4,17.436884481528754,6.46194133810823,0.03,0.2722370563170497,0.2506144140978741,0.2698480507094131
2017-10-03,11830000.0,14.2,20.8,14.392004047363745,9.122740712623385,0.21000000000000002,0.4417474095060213,0.4100079336779169,0.36830636584177506
2017-10-04,7280000.0,12.8,17.2,12.218047740029665,7.784858462445348,0.0,0.32624088435230036,0.30766262690234847,0.29105905734586796
2017-10-05,11590000.0,14.4,19.0,13.01485705187935,8.26972853969108,0.010000000000000002,0.4299294284396583,0.39930970174570923,0.36628848213219795
2017-10-06,3180000.0,13.6,17.8,16.844163883956842,5.794496725603303,0.49000000000000005,0.09150157807684409,0.08326717401335733,0.09178580354968509
2017-10-07,11880000.0,15.6,23.6,18.02859005766968,5.201877742302966,0.020000000000000004,0.3188026915700251,0.2856964476707401,0.2952643658203432
2017-10-08,14480000.0,16.6,24.5,18.445833448755028,3.738288435061222,0.0,0.3424264373511149,0.30142327829001436,0.31757925705929185
2017-10-09,15830000.0,15.1,25.0,18.120052896877993,3.7652256615748736,0.0,0.3508214933454885,0.30636793799973416,0.3258429293713503
2017-10-10,15610000.0,17.7,25.2,19.122939211214685,6.072848066244372,0.09000000000000001,0.4334052611696981,0.38855464978471965,0.3845475834612011
2017-10-11,3000000.0,12.9,18.9,14.896258560403687,6.426025036090027,0.18000000000000002,0.17004409699405906,0.16224400360936547,0.18644247680000903
2017-10-12,1760000.0,7.2,15.2,12.644302694518412,2.6607993745151535,1.42,0.032289821580573086,0.028173971004184888,0.07304341100884869
2017-10-13,16270000.0,9.3,17.6,9.016606386285787,5.890273530985177,0.0,0.39889150003710927,0.3587554864045504,0.37942315489543593
2017-10-14,16750000.0,11.9,18.9,8.425757839830409,4.477565651602553,0.0,0.4060525018593032,0.36294725028683894,0.42494707959113087
2017-10-15,9580000.0,12.5,17.4,10.706396662283645,8.724668365254974,0.0,0.42969465227786924,0.40527275593274537,0.3773203910181001
2017-10-16,7800000.0,10.9,19.0,12.598641928072752,4.845707747289127,0.0,0.2339931569410772,0.2141089407101831,0.2463093148471526
2017-10-17,14970000.0,12.8,20.2,11.275415348072992,8.682766012900405,0.0,0.5165825322355737,0.4771887371937128,0.4583791416861763
2017-10-18,4590000.0,10.6,15.9,11.039071212996237,8.452303074950272,0.020000000000000004,0.2831432299229445,0.27187161412887206,0.2589545233861628
2017-10-19,10130000.0,11.5,17.2,12.950047806062955,5.752594373248734,0.010000000000000002,0.2421100065503337,0.21661661087898681,0.22088847078781484
2017-10-20,11570000.0,9.9,18.4,12.262493754097038,5.013317156707404,0.0,0.25265163415342096,0.2236612690669435,0.2474977981098022
2017-10-21,15510000.0,11.2,19.6,11.860896565625257,8.796500969291378,0.0,0.4420989401402437,0.40218476390806934,0.38082423739457233
2017-10-22,14260000.0,8.4,19.0,10.18314785256811,11.95713554689318,0.0,0.5207735042946472,0.48539748877026445,0.4182312879055532
2017-10-23,14440000.0,6.5,17.4,8.293800026492072,5.2078637926393325,0.0,0.318231193355442,0.28383622329447256,0.3356013290976564
2017-10-24,10850000.0,6.2,15.6,9.18781838898254,3.7891698629203416,0.0,0.20603494344973022,0.18085161038531183,0.22250928276912935
2017-10-25,15230000.0,7.9,17.6,10.23268686356526,3.2324671816382065,0.0,0.23850328905405688,0.20153190832200235,0.2501083827678009
2017-10-26,12940000.0,10.2,17.6,10.920996229454332,3.121725250415416,0.0,0.22898995456906124,0.19674520994607875,0.2421969752187997
2017-10-27,11560000.0,11.6,19.3,12.732520913763725,5.929182858171562,0.0,0.2905868100172512,0.2608068607661015,0.28581238939449755
2017-10-28,12390000.0,9.9,20.1,12.88194593827549,6.072848066244372,0.0,0.27890995589602646,0.2472911908129353,0.27930661772316634
2017-10-29,13650000.0,3.6,19.0,5.882111823409968,11.131060600474527,0.0,0.8904043212318209,0.8584037072092032,0.5660205795734552
2017-10-30,14630000.0,1.6,12.1,4.979120996887119,6.093799242421656,0.0,0.31053418570832875,0.28014678267745957,0.3148806600288855
2017-10-31,14620000.0,4.9,14.3,7.11554834333472,5.73164319707145,0.0,0.29113975949771503,0.2583295876720747,0.2972108454509444
2017-11-01,9240000.0,8.9,15.9,10.34713789885048,6.141687645112592,0.0,0.2454026867103442,0.22315585945514643,0.2446314362688383
2017-11-02,11660000.0,7.9,17.9,11.262698839801887,3.7472675105657727,0.0,0.1952687372443606,0.1668648413302471,0.21470768068722207
2017-11-03,10000000.0,3.5,16.5,8.17564163303273,10.62224632188333,0.020000000000000004,0.4089886232600885,0.386308549196911,0.33477988955581356
2017-11-04,7940000.0,0.9,11.9,6.193727394613741,6.411059910249109,0.0,0.22526742912833733,0.20899661404390288,0.23682250966043467
2017-11-05,13900000.0,1.9,12.9,6.714665202169595,5.103107911752909,0.0,0.21832358331111953,0.1889817876163613,0.23669685698711965
2017-11-06,12790000.0,4.7,14.9,7.597854369200004,5.447305806094015,0.0,0.25212876995791406,0.22327299165486297,0.27400439626092205
2017-11-07,12270000.0,8.6,17.7,11.29769964048045,6.045910839730719,0.0,0.24380834908782173,0.21374585010057942,0.24843168289803033
2017-11-08,12360000.0,3.0,17.2,7.5129250087392085,9.074852309932446,0.0,0.4636016348590359,0.43549576723379985,0.3710633001445064
2017-11-09,13040000.0,5.8,14.7,7.415633663127521,2.8733041614561836,0.0,0.1829246985150497,0.1531567830125839,0.22346324220782895
2017-11-10,10550000.0,2.3,17.9,7.181528249231731,14.52215811602646,0.06,0.8230462989886107,0.7990562582567142,0.4585786201852818
2017-11-11,13100000.0,-0.6,9.5,5.0225703491375775,5.321598749030307,0.0,0.2020699611132401,0.17682092911175556,0.21897221423305396
2017-11-12,12690000.0,0.3,10.9,5.323098632945169,4.1603049837751,0.0,0.18194717524972967,0.15657408279640878,0.2171887325283636
2017-11-13,10380000.0,4.4,11.8,6.8692696793121755,7.440660568104241,0.0,0.2655094427773649,0.24315379608256665,0.2540844351961494
2017-11-14,12410000.0,1.4,11.5,4.420104683432475,10.942500014878966,0.0,0.4631039848777724,0.43763469215892836,0.3799611454905914
2017-11-15,11130000.0,-1.8,7.2,3.3285010489702684,13.489564433003144,0.0,0.4837460551887978,0.4635231315459675,0.324123839917806
2017-11-16,12350000.0,-1.5,6.2,3.398361882007341,5.408396478907628,0.0,0.21578337418772406,0.19361733761604735,0.2292296165015947
2017-11-17,8510000.0,-2.0,9.0,4.1534851433004025,6.725327552908379,0.0,0.2414917835052277,0.22559897637914844,0.2509474294750088
2017-11-18,12220000.0,-5.2,3.0,2.1898932857858195,12.145696132488744,0.0,0.40395727350411337,0.38468897450873524,0.272157292360376
2017-11-19,12250000.0,-2.9,2.5,2.68530217114408,10.804820857142523,0.0,0.3469720784979738,0.32696216638730874,0.24696318458171915
2017-11-20,11010000.0,-4.0,5.4,3.765158659776296,7.374814014404206,0.0,0.2056091913309686,0.1869985492109325,0.1950203377446132
2017-11-21,11860000.0,-1.9,7.1,3.9740432315730327,4.235130612979687,0.0,0.15813143055461065,0.13665716867806568,0.1907785886452126
2017-11-22,6800000.0,-3.0,9.2,4.610022144667416,9.416057179105369,0.020000000000000004,0.27078040555123106,0.25825294553840755,0.2439547172030351
2017-11-23,9290000.0,-1.6,4.7,3.4818846566151542,10.72400917760157,0.010000000000000002,0.3307602219580522,0.3145570156804959,0.24615720681637443
2017-11-24,8470000.0,-4.3,5.1,3.5385741528440677,9.888955155678365,0.0,0.2644236353043449,0.2502671792884922,0.21516524350586058
2017-11-25,10920000.0,-0.4,8.4,5.582733101799808,8.401421647091153,0.06999999999999999,0.20485455159893956,0.18411656560065198,0.19124635768356008
2017-11-26,7530000.0,-1.5,9.9,5.572478020946769,5.33357084970304,0.0,0.1486115387267273,0.1342165945421856,0.1810237721816413
2017-11-27,10260000.0,2.0,10.4,6.652490978672161,3.0828159232290306,0.0,0.10782568002388523,0.08692799977042606,0.14379661163006235
2017-11-28,9230000.0,3.2,11.1,6.976855453036943,7.71003283324076,0.0,0.21264417549820566,0.1933022154657485,0.21148293721274108
2017-11-29,9600000.0,-1.1,10.4,2.944198321409397,8.631884585041284,0.0,0.3909617104056855,0.3723379578946886,0.37639526271874135
2017-11-30,10230000.0,-5.8,4.2,1.7142664071502127,12.427040498297995,0.0,0.45977450700884104,0.44345102112266066,0.3196528042972418
2017-12-01,11250000.0,-4.2,1.5,2.602460588831415,7.395765190581488,0.0,0.21636140718008678,0.19879916698101882,0.19628924461299985
2017-12-02,10200000.0,-2.2,5.5,3.8015115880684465,4.998352030866486,0.0,0.15543643838789312,0.13758144609929696,0.18016986137462315
2017-12-03,5760000.0,-0.8,6.8,5.934267865141743,4.303970191847909,0.0,0.08717606738138113,0.07660098949148965,0.10750453999753354
2017-12-04,9460000.0,-7.8,4.7,2.235019135180009,13.746964597466928,0.0,0.44463152761249986,0.42998225390330774,0.2819104560848371
2017-12-05,10950000.0,-6.3,-1.6,2.1551134241455188,10.13139019430123,0.0,0.2485753929860192,0.23324880649022517,0.1798207795968733
2017-12-06,9410000.0,-2.7,3.5,3.9513164908570753,5.447305806094015,0.2,0.1335742867064825,0.11784674820480907,0.14569503179522628
2017-12-07,7140000.0,-5.7,6.1,3.1998972673970125,10.251111201028571,0.0,0.2871831198524099,0.2753398434276783,0.2432317603148053
2017-12-08,10880000.0,-4.8,0.2,2.2709441766481895,9.131719788127933,0.0,0.2564972427064992,0.24015889672062615,0.20441849364970383
2017-12-09,10430000.0,-2.7,3.7,3.6862660152682056,5.312619673525756,0.0,0.14136056306695516,0.12386227707004356,0.1590935330643497
2017-12-10,6360000.0,-6.2,6.8,3.343673155743308,13.83376232734425,0.06,0.4181912561903286,0.4076015867728719,0.2629404404821102
2017-12-11,9530000.0,-10.6,-3.3,1.550358952332887,16.635233884764027,0.0,0.36137293523161185,0.3497494899893687,0.18228281590958065
2017-12-12,10830000.0,-9.4,-4.4,1.1870949582026367,13.345899224930335,0.0,0.3413473076243795,0.3281065663421145,0.19785731529709555
2017-12-13,10900000.0,-8.2,-1.9,1.153440968440761,6.680432175385626,0.0,0.21054294508918928,0.1960159502949493,0.19906372112942444
2017-12-14,8670000.0,-7.2,1.9,2.3987445688641618,2.568015594301464,0.0,0.08402485576619372,0.07119400791079872,0.12180551056278492
2017-12-15,8550000.0,-5.1,3.9,2.2213952157656243,8.904249875345986,0.0,0.2997283851822354,0.2859779194147851,0.2586281547338068
2017-12-16,10100000.0,-9.4,-1.7,1.4664624568794318,14.402437109299122,0.0,0.3737214325485083,0.3605645660670657,0.2154371756416673
2017-12-17,10590000.0,-8.2,-2.8,1.9612980725842817,10.251111201028571,0.0,0.22336649453819651,0.2095395642170988,0.16048528989899305
2017-12-18,5520000.0,-3.9,4.3,3.4005658564652985,10.298999603719508,0.0,0.2704338023182712,0.2612776558386468,0.21267510152390812
2017-12-19,9900000.0,-7.1,-1.3,1.951188047976141,10.27505540237404,0.0,0.2603851976728365,0.24667971190167068,0.18987236291008575
2017-12-20,10180000.0,-5.4,2.0,3.0446118770229713,5.677768744044146,0.0,0.1368237029267239,0.12115509723298531,0.15040115051666286
2017-12-21,10200000.0,-4.1,3.8,3.578742829287734,7.452632668776976,0.0,0.17557426429654577,0.15888076347958696,0.17211518779105867
2017-12-22,9940000.0,-2.5,6.3,4.741603575224742,6.417045960585477,0.0,0.13942886604957497,0.12187160655682842,0.15587903700162958
2017-12-23,8860000.0,-0.2,7.5,5.6775189117620535,5.519138410130419,0.08000000000000002,0.12187417652651689,0.1052438424573315,0.1438372150867292
2017-12-24,1340000.0,-5.9,5.2,5.135842728474958,11.424377066956513,0.9400000000000001,0.0891482529697919,0.08697209373762539,0.09719407476945877
2017-12-25,10510000.0,-4.2,-0.1,2.76405614430589,12.091821679461438,0.0,0.2819716272539126,0.26609062614280055,0.186936185006431
2017-12-26,9990000.0,-9.6,1.6,1.5421622573835845,14.653851223426537,0.0,0.42617096485023637,0.41221867687591657,0.2617363117712721
2017-12-27,10850000.0,-8.4,-2.8,1.1479854941888121,11.38846076493831,0.0,0.3315315372023472,0.31743019097643466,0.22064258989109722
2017-12-28,9910000.0,-5.2,3.0,3.2051227323907248,7.662144430549823,0.0,0.182822676192226,0.16719674795620337,0.17368958177474741
2017-12-29,7080000.0,-3.2,5.4,4.971397308386138,7.0904766234267695,0.0,0.12109595851535579,0.10894909892689175,0.12651050184890267
2017-12-30,6810000.0,-1.3,6.8,5.447362213800909,4.767889092916355,0.05,0.10350507457522093,0.09110993524515279,0.1270151642083068
2017-12-31,10320000.0,-5.6,3.3,2.3050412049706455,12.307319491570652,0.0,0.3738791532541346,0.35763915927704826,0.26159337073522254
2018-01-01,10720000.0,-4.6,2.7,2.5782278703121206,8.539100804827596,0.0,0.25130903845556235,0.23430484141538188,0.21886140782189348
2018-01-02,6780000.0,-6.8,2.9,2.3136363632969035,11.017325644083554,0.0,0.318844050273769,0.3085145671544774,0.23694979283091996
2018-01-03,10800000.0,-6.3,1.1,1.8551835694568826,6.985720742540346,0.0,0.221670551774255,0.2056539402994772,0.21138122823482855
2018-01-04,9490000.0,-5.3,1.6,2.8186262045570247,2.355510807360434,0.0,0.07807635715981148,0.06355881685535164,0.11117459426193566
2018-01-05,9530000.0,-6.3,3.3,2.573061339789132,9.595638689196381,0.0,0.2691549692679398,0.25436743762491953,0.22234507258418704
2018-01-06,11010000.0,-6.6,3.0,2.5414041176851367,5.423361604748546,0.0,0.15914128879640857,0.14226406996406113,0.17996162496167528
2018-01-07,6520000.0,-3.3,3.3,2.703227679601839,2.825415758765247,0.0,0.11562011866103475,0.10488762621698218,0.15120250411716482
2018-01-08,2580000.0,-5.1,4.1,4.643336984930735,11.684770256588479,0.22000000000000003,0.1509730939387447,0.1468075739906072,0.1181936293049812
2018-01-09,9810000.0,-6.0,-1.5,2.7485079242559323,14.07021131563075,0.06,0.2700041985714664,0.25615289437752886,0.15471938839144977
2018-01-10,10620000.0,-11.2,-2.3,1.340252937063299,14.459304587494607,0.0,0.3585200150106208,0.3454425160527729,0.20394329898636335
2018-01-11,11570000.0,-13.2,-6.8,1.1484043251979419,13.749957622635112,0.0,0.2698744339629433,0.257766004289045,0.14766755767263443
2018-01-12,11830000.0,-12.9,-5.7,1.214119037998872,9.437008355282654,0.0,0.20125663149033085,0.1884182582092942,0.14500767133301246
2018-01-13,8100000.0,-6.9,1.5,3.244027367559681,5.716678071230532,0.0,0.1213237947338011,0.10936164734401788,0.12637684400112423
2018-01-14,11380000.0,-5.5,4.2,3.9487984278945265,4.773875143252721,0.0,0.11079484091590511,0.09252889148721732,0.13101518407011564
2018-01-15,7820000.0,-2.1,7.8,4.986855309807179,6.880964861653924,0.0,0.1744699902496059,0.16018703973202136,0.18162166557461779
2018-01-16,5290000.0,1.1,7.4,6.169392916353908,4.306963217016092,1.1199999999999999,0.10806829145538252,0.0979388601094675,0.1256345960515461
2018-01-17,4580000.0,1.1,6.8,6.767206625424044,6.512822765967349,0.27999999999999997,0.10188987128406515,0.09320650224603254,0.10105972691766499
2018-01-18,9750000.0,-5.2,6.0,4.131160191503971,6.704376376731095,0.0,0.15999535607004223,0.14369955369051873,0.16824906488316366
2018-01-19,11300000.0,-5.5,6.2,2.810240532228712,5.22282891848025,0.0,0.19123308560491314,0.1723823901742368,0.22095148732536662
2018-01-20,11600000.0,-4.9,6.2,4.135092139590845,6.001015462207967,0.0,0.15619616761920516,0.13662492148971747,0.16990371247920236
2018-01-21,11840000.0,-1.6,6.2,3.5798964290216126,3.115739200079049,0.020000000000000004,0.13663452182787206,0.1154213259811387,0.1743053976292642
2018-01-22,7620000.0,-10.4,5.2,3.4271127265177626,10.673127749742449,0.48,0.28140574771789584,0.2701051385106915,0.17777211490092476
2018-01-23,12980000.0,-14.7,-7.6,0.7953239149726391,17.13806211301886,0.0,0.3647196741301203,0.3519418295422192,0.16492731553897308
2018-01-24,13120000.0,-15.2,-9.3,0.6249880415997322,14.333597530430898,0.0,0.3077774663137778,0.29561756139679557,0.15445946646287095
2018-01-25,12520000.0,-17.4,-6.9,0.5978466641201834,13.262094520221199,0.0,0.29431572447517484,0.28264729605206207,0.16665135616075494
2018-01-26,13450000.0,-16.6,-8.8,0.5247268170787704,8.16197963363647,0.0,0.1937829599290616,0.18162700398731807,0.1424884539545918
2018-01-27,13180000.0,-14.0,-0.3,0.8105261144309952,5.827420002453322,0.0,0.24498153353700083,0.22906038340327067,0.204962240895823
2018-01-28,12630000.0,-9.4,-0.5,1.6048745561023778,13.94151123339886,0.0,0.39165587106092636,0.37474687244077887,0.22675053403080975
2018-01-29,13480000.0,-9.9,-5.1,1.2167632382730884,13.259101495053013,0.0,0.34322789470876447,0.32721871167400596,0.18816488631352693
2018-01-30,13390000.0,-8.9,-0.6,2.462530793998171,11.044262870597207,0.0,0.24012357740241183,0.22203488075714845,0.15965845208144908
2018-01-31,11080000.0,-7.2,2.9,2.0515963646248725,7.123399900276788,0.0,0.25326503650138515,0.23652274417872846,0.22919677135931957
2018-02-01,13810000.0,-7.1,2.9,2.0243341169934905,3.9268490206567837,0.0,0.16942471311136859,0.14851420871078064,0.1910050584461321
2018-02-02,13730000.0,-5.9,4.1,1.9344412029872924,6.659480999208343,0.0,0.27706987102474834,0.25524799950898863,0.26052891778899984
2018-02-03,14030000.0,-11.8,-3.5,1.3074330066225748,16.7130525391368,0.0,0.406818839006871,0.3902782503834408,0.19487139317812452
2018-02-04,14500000.0,-11.4,-5.2,1.0540413836952007,13.525480735021347,0.0,0.35492052405028207,0.3383668643340784,0.18991647387478833
2018-02-05,14670000.0,-12.1,-5.7,0.8135976232237401,14.085176441471667,0.0,0.3843529132654726,0.3681037759237865,0.19904342353505378
2018-02-06,14860000.0,-12.6,-6.2,0.9616629503847439,12.400103271784342,0.0,0.31382689614039133,0.2977830026420628,0.1749031485693798
2018-02-07,14820000.0,-11.4,-1.9,1.160610032951507,6.378136633399091,0.0,0.21904631154885382,0.20070973688030605,0.19015242098593757
2018-02-08,14750000.0,-7.6,2.7,1.591367951830518,3.9238559954886005,0.0,0.19220748515569658,0.17019536901075144,0.20998037181565174
2018-02-09,11460000.0,-2.8,7.3,3.432666429684014,4.893596149980063,0.0,0.22217236523468933,0.20167627960459886,0.2345812000229201
2018-02-10,8690000.0,-7.8,5.1,2.135356805001895,14.285709127739963,0.010000000000000002,0.5462286022166152,0.5326627473428462,0.30664062193125946
2018-02-11,13500000.0,-8.9,-2.2,1.5975458327664818,15.99173347360457,0.04000000000000001,0.4385845198292099,0.42099860918569754,0.21465116082329705
2018-02-12,12410000.0,-7.4,-2.5,2.1085449970135794,13.905594931380657,0.0,0.34308514310729105,0.32647067969667903,0.18102463574047514
2018-02-13,15400000.0,-5.5,2.9,2.5618987785631493,9.502854908982691,0.0,0.33047846249201596,0.30638939320517644,0.23883747635316932
2018-02-14,13490000.0,-3.2,11.6,4.217098861543019,11.621916728056627,0.0,0.6062278496496114,0.5804392975846091,0.35865936410150934
2018-02-15,14580000.0,-5.5,7.1,2.2281979021969844,4.806798420102741,0.0,0.27388020409290786,0.24914278719494867,0.27384818826026847
2018-02-16,13680000.0,-6.9,6.4,1.8094082960278646,11.61593067772026,0.0,0.5827369323904754,0.5604343283313884,0.3553486540305351
2018-02-17,16260000.000000002,-4.6,1.8,1.485860357388224,8.772556767945911,0.0,0.39712199137703175,0.37178969600107037,0.29483112292447944
2018-02-18,10110000.0,-3.1,4.5,2.2342603031591177,4.145339857934181,0.0,0.2254642512821869,0.20837491505752165,0.23549782443427877
2018-02-19,13530000.0,-4.4,8.6,3.1552697535540357,4.672112287534482,0.0,0.26937900822675404,0.2453092672616207,0.261956453788743
2018-02-20,14960000.0,-5.2,7.4,2.2048442320072152,8.868333573327783,0.0,0.4504018635537627,0.42473561786966363,0.3447915609356909
2018-02-21,13260000.0,-6.9,4.5,1.7420251220039338,5.567026812821355,0.0,0.275680611907268,0.25485574611420414,0.26455168823167424
2018-02-22,14750000.0,-3.9,5.8,2.9210038219527137,7.027623094894916,0.13999999999999999,0.3130736246004202,0.28790773679547144,0.2668249931331257
2018-02-23,14730000.0,0.6,9.4,4.594163959966603,11.343565387415557,0.010000000000000002,0.46499624616311036,0.43609699441791194,0.32678681317072555
2018-02-24,13910000.0,0.1,9.6,4.957521402444905,6.728320578076564,0.09000000000000001,0.30210719758761323,0.2749475470953383,0.2667593610841083
2018-02-25,12370000.0,-3.4,10.1,3.578742829287734,5.282689421843921,0.04000000000000001,0.3191118636655227,0.2961275141814783,0.28869520022312445
2018-02-26,17330000.0,-3.4,9.8,3.982912672917405,3.552720874633844,0.0,0.254815134065658,0.2227789949053729,0.24682112700190975
2018-02-27,15410000.0,1.5,12.4,5.167705985861473,8.452303074950274,0.0,0.4235024915561575,0.3913998953470137,0.35828763343293424
2018-02-28,2100000.0,1.9,7.2,7.417832416580709,16.82080144519141,3.4200000000000004,0.15447207651086917,0.15041132254263181,0.0980511638381136
2018-03-01,14850000.0,-7.5,4.2,2.7668080524756755,16.36286859445933,0.0,0.4842190277893857,0.4613160841048513,0.25878611856144895
2018-03-02,18160000.0,-4.6,7.4,2.84956434863823,5.309626648357573,0.0,0.30326266501296334,0.2717613217734212,0.2824261215113383
2018-03-03,17600000.0,2.2,14.8,6.286214156619177,5.665796643371412,0.0,0.3716701222585262,0.3333369105350558,0.34104195967376905
2018-03-04,11370000.0,3.0,17.3,9.571852142492975,9.077845335100632,2.62,0.3594312143256109,0.33354287087305723,0.28023701660951555
2018-03-05,5550000.0,-4.2,4.2,4.5826611138398725,7.713025858408942,0.06999999999999999,0.16093048613821587,0.15179469885838584,0.1323059290744822
2018-03-06,17880000.0,0.1,9.4,4.896264790590356,6.701383351562912,0.0,0.34272113150191497,0.3079221373695676,0.28147251660336015
2018-03-07,6200000.0,0.8,6.2,6.1806136902852185,9.445987430787204,1.83,0.19570546574733785,0.18412668734760912,0.13981559716653955
2018-03-08,4820000.0,-2.2,5.6,5.444015491749176,6.440990161930945,0.76,0.13727871729585112,0.12882609365949071,0.12230546404240646
2018-03-09,9530000.0,-1.5,6.4,5.082074221490502,4.758910017411804,0.0,0.18166845030670792,0.1645034756271872,0.1647792824139446
2018-03-10,17190000.0,-0.8,10.4,5.295283531522228,8.23680526284106,0.0,0.3648990319515202,0.33138901434702916,0.2843505524978337
2018-03-11,17560000.0,-0.4,11.2,4.817633847983866,7.030616120063099,0.0,0.382210530880653,0.3473194220439681,0.32383853197181095
2018-03-12,19440000.0,0.0,15.1,5.6101616662559595,5.707698995725981,0.0,0.47810597878492,0.43689082696722004,0.3701224395265255
2018-03-13,18730000.0,5.4,18.5,9.24908381509718,8.497198452473025,0.0,0.5111685189495402,0.46655509864192535,0.39637631667515577
2018-03-14,18640000.0,10.4,20.4,11.558393550367972,7.515486197308831,0.13999999999999999,0.4967711840984787,0.4488021160799274,0.4221278272284118
2018-03-15,2670000.0,1.5,14.7,9.859193386997903,9.448980455955388,1.2000000000000002,0.11000190239925356,0.10425146148642975,0.13646562382498786
2018-03-16,13590000.0,-3.5,5.6,4.173272401731534,8.251770388681976,0.0,0.2907655848533463,0.2674928117619447,0.21083731687721663
2018-03-17,19460000.0,0.4,10.9,5.482612876250832,4.1034375055796115,0.0,0.3061234456953349,0.2671533285809007,0.2721423029532515
2018-03-18,10640000.0,5.1,12.1,8.194830763420905,5.139024213771111,0.97,0.24202814336517814,0.218789537695248,0.21320039376167124
2018-03-19,2190000.0,2.5,7.9,6.1881042265277,14.528144166362827,1.34,0.31731159806791137,0.3129875375587602,0.21026629748313436
2018-03-20,14070000.0,0.3,5.2,4.23983499006259,17.736667146655567,0.48,0.5870836393170877,0.5614742985866826,0.277089917529069
2018-03-21,3900000.0,-1.0,3.0,5.086798370230005,8.718682314918608,0.86,0.1616244492182644,0.15495807360800382,0.11870227496750978
2018-03-22,20790000.0,-2.2,11.6,4.679790544672308,6.204541173644446,0.0,0.4377633789349294,0.39736604298969797,0.32906069151036443
2018-03-23,21310000.0,0.9,12.6,5.178899400178993,5.737629247407816,0.0,0.4157993604539123,0.3716688092933761,0.3557809746678891
2018-03-24,19460000.0,1.5,14.7,6.850798597245266,8.871326598495967,0.0,0.506870526994627,0.4649590737498513,0.35933663943450705
2018-03-25,21190000.0,1.2,17.1,6.842603321266651,7.305974435535983,0.0,0.6178564765535846,0.57087302216805,0.41921863526494985
2018-03-26,21410000.0,3.2,18.1,8.163668566513238,6.749271754253848,0.0,0.5556756438706375,0.5062958657194849,0.4059462233107725
2018-03-27,21170000.0,6.6,19.6,8.902311300343452,9.158657014641586,0.0,0.6617761062810722,0.6099673357744809,0.49521772769995226
2018-03-28,21060000.0,8.8,20.3,8.738344122274286,10.215194899010369,0.0,0.7291453679563177,0.6759151679515145,0.5787688815222617
2018-03-29,17570000.0,7.1,20.4,7.839258632365828,8.012328375227295,0.0,0.6774771113975232,0.6338409499742637,0.5484686946126731
2018-03-30,17790000.0,2.9,15.1,7.24158678231589,7.228155781163212,0.0,0.43252593858148797,0.39324161272215774,0.3520212103254704
2018-03-31,21270000.0,6.4,20.6,9.061111084241016,7.2820302341905165,0.0,0.6552543577462556,0.602724669638442,0.49593021937334614
2018-04-01,16820000.0,8.8,22.2,11.840957965642705,7.539430398654298,0.0,0.549110787751726,0.5057355499869669,0.4461524434158946
2018-04-02,21250000.0,9.2,23.0,11.47091364334189,6.707369401899279,0.0,0.635150963150879,0.5796762070979288,0.507505130578737
2018-04-03,17080000.0,11.6,24.0,12.640785170222808,6.982727717372163,0.79,0.5712909698681006,0.5252066401019512,0.5133458734178555
2018-04-04,4550000.0,6.0,8.4,7.665501343734584,12.331263692916123,1.4400000000000002,0.2940229711529575,0.2844742035342714,0.19006721325845094
2018-04-05,2660000.0,5.4,7.7,8.609595229649784,8.108105180609169,2.74,0.10094378527811998,0.09546813790340836,0.09148150005450953
2018-04-06,13880000.0,1.4,11.9,5.25461267123427,15.177630627858653,0.09000000000000001,0.6588739308543222,0.6302158636184898,0.39500848586556864
2018-04-07,14810000.0,-0.5,7.1,3.4639151017254557,16.37184766996388,0.020000000000000004,0.7084886867567985,0.6810174223324331,0.3665583678233749
2018-04-08,19180000.0,1.6,12.4,5.658448656320861,9.43401533011447,0.010000000000000002,0.5195985880950496,0.4795830795764983,0.37101873968155996
2018-04-09,23090000.0,2.5,14.4,6.161922409921602,5.6179082406804755,0.0,0.4700606627184971,0.4198400867225473,0.3884944820703032
2018-04-10,21570000.0,11.6,20.1,11.048440592070852,16.000712549109124,0.61,0.9168930327069832,0.8608673982197415,0.5635446446494512
2018-04-11,23270000.0,2.8,18.1,6.290014920558975,10.538441617174191,0.0,0.9424110358136584,0.8890152098965467,0.5544884315070626
2018-04-12,23370000.0,4.0,18.2,6.223793989357027,9.44299440561902,0.0,0.8553893861529053,0.8008735875063568,0.5657980175161927
2018-04-13,14600000.0,7.5,14.9,7.217939670830109,10.601295145706043,0.66,0.6114643699460338,0.5773215185737228,0.44392299844883293
2018-04-14,2470000.0,5.1,9.7,9.489560244633498,9.912899357023832,1.42,0.08832326785820489,0.08310929409086296,0.08067132038808007
2018-04-15,20380000.0,2.2,14.9,7.117668341954769,9.9009272563511,0.0,0.5608041958007277,0.5163543478345936,0.3789157886286286
2018-04-16,19020000.0,5.8,15.8,8.125458638905071,5.183919591293864,0.0,0.4284654769385446,0.3844305756771736,0.35968713525152973
2018-04-17,20060000.0,3.7,17.5,8.310802175339614,4.226151537475136,0.0,0.4376443405530641,0.39143713086464865,0.3609015108499838
2018-04-18,24570000.0,4.2,19.5,7.439851628125683,6.243450500830832,0.0,0.7126282248110132,0.6542456384408532,0.5124027374354033
2018-04-19,24530000.0,6.6,21.5,7.8231106234552135,7.207204604985927,0.0,0.8435891680233745,0.7822606144263624,0.6082567980211281
2018-04-20,24340000.0,11.9,25.6,11.042193562089802,3.795155913256709,0.0,0.6584039321724364,0.5915800826881038,0.5827928579864864
2018-04-21,23990000.0,10.3,27.1,9.975669289805245,7.120406875108605,0.0,1.0384463266001909,0.972642367319915,0.7668060025375093
2018-04-22,14950000.0,8.7,22.5,8.695240467936374,11.092151273288144,0.79,0.9326475056550578,0.8940149334023605,0.6616377780674321
2018-04-23,1840000.0,8.2,9.6,10.350087302647028,12.265417139216083,3.99,0.10708773181320093,0.10303568246512389,0.08900871747946523
2018-04-24,4880000.0,3.6,11.4,8.344898731747474,5.911224707162461,0.06999999999999999,0.17011818421277589,0.15978695169666574,0.15804805916193002
2018-04-25,25620000.0,5.2,19.5,6.842603321266651,3.9328350709931517,0.0,0.6065912053909014,0.544979826906544,0.5002565927738966
2018-04-26,22500000.0,7.1,21.4,9.182507903536443,6.686418225721994,0.0,0.7107664632177872,0.6542657589035763,0.5369775689252435
2018-04-27,23850000.0,8.7,19.9,8.284098294853655,5.513152359794052,0.010000000000000002,0.6143213324141139,0.5543651889874364,0.5338045535325068
2018-04-28,25440000.0,6.4,22.2,9.84789428448205,8.416386772932071,0.0,0.8781633709921606,0.8142101513370378,0.5701932680756834
2018-04-29,23880000.0,11.2,22.6,9.313396551700821,8.22782618733651,0.020000000000000004,0.8060037106124411,0.7426679613295722,0.6744772594990921
2018-04-30,24610000.0,11.6,24.9,12.640785170222808,5.815447901780588,0.0,0.7176167212476672,0.6506604284705952,0.5855214433312776
2018-05-01,15150000.0,13.1,23.2,15.609615665499103,7.117413849940421,2.59,0.47345114250375075,0.4323081835310739,0.39507217241864456
2018-05-02,5520000.0,7.6,16.0,11.600722434170308,12.250452013375167,0.4,0.27317345755673506,0.26007286921685285,0.20299350811411424
2018-05-03,23780000.0,6.5,15.8,7.284756848617583,16.09050330415463,0.11000000000000001,0.9277122558326276,0.8721707414033817,0.520352167155471
2018-05-04,26270000.0,8.9,19.2,6.690537120766779,15.186609703363203,0.0,1.1754982996257228,1.1098194939594568,0.7421568879994085
2018-05-05,21960000.0,14.0,23.5,10.394417279888934,8.988054580055126,0.71,0.8658157123768182,0.8055259944361468,0.7195374436362467
2018-05-06,1610000.0,12.4,15.4,14.646227853831034,5.9950294118716,1.37,0.06337806726007747,0.059366163176383366,0.0925225769024757
2018-05-07,6780000.0,10.6,16.0,13.07270440160301,7.216183680490477,0.17,0.22406206052998456,0.2073935008110619,0.178604390490622
2018-05-08,17100000.0,8.1,16.5,10.194785049287605,10.92154883870168,0.0,0.5409124147089397,0.4998388397545711,0.3579489224679162
2018-05-09,19880000.0,6.9,17.0,9.195789192635095,6.449969237435495,0.0,0.496716118019889,0.44936348610769566,0.38822309757866824
2018-05-10,25020000.0,9.2,21.3,11.269055515568796,6.803146207281151,0.0,0.6433526187308426,0.5791660014367626,0.5031850462661615
2018-05-11,22950000.0,12.3,22.0,10.58544252323524,6.435004111594578,0.03,0.6908194462807427,0.6296552807331469,0.583886400367537
2018-05-12,3050000.0,14.1,17.8,15.771201090349669,9.859024903996529,1.32,0.18232928192328535,0.1743911315335072,0.16639540542395106
2018-05-13,20650000.0,10.0,23.0,13.78850062910849,6.8630067106448225,0.010000000000000002,0.576548294634714,0.5222074885148459,0.44483380069927625
2018-05-14,26250000.0,13.1,25.2,15.006308911627539,5.872315379976074,0.0,0.6949695755649055,0.6223887491605665,0.5611178715477971
2018-05-15,23530000.0,19.3,28.1,17.021466194163096,5.779531599762385,0.21000000000000002,0.7758463350304649,0.7059135343366644,0.6809264212600207
2018-05-16,9830000.0,19.9,25.4,23.99276670831905,11.741637734783968,0.48,0.4005958436985989,0.3718254875617503,0.2824419811230207
2018-05-17,13330000.0,19.9,29.5,23.906544533134547,8.98506155488694,2.95,0.5658769151634326,0.5257030245386682,0.4835697661136624
2018-05-18,6410000.0,9.8,21.0,13.656193795037197,8.40740769742752,0.82,0.3115790813083233,0.2950832805573086,0.2963144719499944
2018-05-19,26220000.0,8.7,17.2,9.283871123805648,9.990718011396606,0.0,0.7366635582858587,0.6727174047332297,0.4828742467870518
2018-05-20,22400000.0,9.9,18.0,10.376665267614264,13.268080570557565,0.0,0.7799016077915528,0.724021930032364,0.47579686153525225
2018-05-21,22820000.0,10.0,22.0,12.004656113565089,8.76357769244136,0.0,0.682694445708367,0.6232412659511714,0.5193144867514727
2018-05-22,17330000.0,15.6,24.1,14.710396546236282,4.193228260625117,1.77,0.5149982350981287,0.4664971316420809,0.46614819915016364
2018-05-23,26990000.0,8.9,23.2,11.101666053258944,6.9976928432130805,0.0,0.8174089033670835,0.7470204657322201,0.5892719869543286
2018-05-24,27460000.0,11.8,24.6,10.850071075500583,9.523806085159976,0.0,1.0034984562476503,0.9288566193788746,0.7480216335630071
2018-05-25,25890000.0,11.1,25.1,11.910872316727238,6.001015462207967,0.0,0.8085157309933427,0.7382707745635397,0.6324133333275267
2018-05-26,26960000.0,14.4,27.5,13.979463464333167,3.85501641662038,0.0,0.7403138413542358,0.6634701494463084,0.6377816124544722
2018-05-27,19810000.0,16.0,26.8,16.623696659517027,3.8011419635930763,0.0,0.5612246115605422,0.5043516553316898,0.5060368002984028
2018-05-28,23900000.0,16.0,26.2,16.441173061198384,5.644845467194127,0.0,0.6962089137151884,0.6279219579274774,0.5790228297260954
2018-05-29,19360000.0,17.1,26.6,17.737675220819483,3.7891698629203416,0.19,0.5509769205120121,0.49500172162546086,0.4863752120030993
2018-05-30,19170000.0,13.1,23.4,16.59687537938971,6.1746109219626115,0.35000000000000003,0.5071300449545603,0.45497433050773095,0.3933314739507784
2018-05-31,24600000.0,13.4,25.7,14.40383364432277,5.543082611475887,0.0,0.6990659941484547,0.6305717433704121,0.5862827846748168
2018-06-01,24130000.0,16.5,28.9,16.251636745491524,4.22914456264332,0.0,0.7141416269779248,0.6434653067203782,0.6379358034405793
2018-06-02,27160000.0,16.4,30.4,14.352633650980335,4.89958220031643,0.0,0.9236108357583104,0.8432366110099722,0.785256285181278
2018-06-03,25610000.0,16.1,30.1,13.822703854303802,4.725986740561785,0.0,0.882530892450289,0.8070740836712474,0.7617872945986672
2018-06-04,20640000.0,18.5,29.0,14.799031482532037,4.510488928452572,0.05,0.7025477651719065,0.6411605184163485,0.6786317662245244
2018-06-05,16469999.999999998,16.1,26.2,16.95763182650419,4.339886493866111,0.0,0.5087843461903642,0.46168852714231834,0.46505173962576063
2018-06-06,26710000.0,17.0,30.9,17.090093891482265,3.678427931697552,0.0,0.8069585765715113,0.7272925670280629,0.6883807482603592
2018-06-07,27180000.0,18.6,32.0,17.076348975151042,5.869322354807891,0.0,0.9897714248084066,0.9071936915369487,0.8451413728082342
2018-06-08,26360000.0,17.5,29.3,15.69447859093413,7.713025858408942,0.0,0.9474904407604863,0.8694836453125407,0.8178278803118294
2018-06-09,24060000.0,15.9,24.1,14.26244046762805,14.29169517807633,0.0,1.0513940358384266,0.9838861772519291,0.6957713971347057
2018-06-10,13210000.0,15.4,21.0,14.21948083135651,11.289690934388254,0.05,0.6321162461316037,0.5962087929256122,0.46375004660125824
2018-06-11,12310000.0,13.2,20.0,13.29532575721692,6.090806217253472,0.15000000000000002,0.42124310295264555,0.38878509224397356,0.3603165831729771
2018-06-12,18530000.0,15.5,24.2,13.693881452063568,5.662803618203228,0.11000000000000001,0.6189652142617362,0.5671056962559332,0.549483595437232
2018-06-13,16730000.0,15.6,24.8,15.584235435908553,8.173951734309206,0.0,0.6444819816613896,0.597382387901534,0.5372763630361069
2018-06-14,15340000.0,14.1,22.3,14.321205462731921,11.568042275029324,0.0,0.6717055245633647,0.6300083003256727,0.4906134366831387
2018-06-15,23170000.0,12.9,22.0,12.553126182924835,10.837744133992542,0.0,0.8211883671544656,0.7590829572679569,0.5782087992292627
2018-06-16,25830000.0,12.4,24.5,13.269610975091464,7.069525447249485,0.0,0.7574499019131171,0.6869177272524817,0.6064022040768557
2018-06-17,19100000.0,18.6,29.2,16.11183312542724,3.3671533142064654,0.0,0.6037722690697659,0.5468442678304167,0.5830878809002702
2018-06-18,19140000.0,19.3,30.6,16.984963661048376,4.7050355643845005,0.0,0.6922850267259012,0.6344053860386973,0.6770432044907218
2018-06-19,10320000.0,16.9,26.2,18.966712574331403,5.782524624930569,0.43,0.40993821273236,0.3802399482737929,0.3901737569001685
2018-06-20,24200000.0,16.5,28.4,15.921326341417947,7.434674517767875,0.0,0.8471246089436104,0.7765091141414164,0.7286566422190172
2018-06-21,27540000.0,16.3,29.3,13.123506070571173,7.491541995963361,0.0,1.0623422617317029,0.9815577558854557,0.8877939250092102
2018-06-22,25180000.0,20.2,32.4,13.214654993101304,4.321928342857009,0.0,0.8677206864561043,0.7902230509114623,0.8634094853858487
2018-06-23,21250000.0,18.6,30.8,13.633624966718088,9.368168776414432,0.0,1.0876002191237772,1.0235570701533165,0.991291187644934
2018-06-24,27550000.0,18.5,33.2,14.96546658948142,8.212861061495591,0.0,1.3573627339483867,1.2730567904178662,1.057631369740232
2018-06-25,21810000.0,21.1,34.5,16.579015619099724,5.581991938662273,0.0,0.9759557036615638,0.9075899969180539,0.9135943292491095
2018-06-26,5510000.0,22.3,24.5,26.36554072781835,11.816463363988555,10.100000000000001,0.2562065524732925,0.2399008831668365,0.18327228410386956
2018-06-27,15890000.0,20.4,28.1,22.792358643380602,8.419379798100255,0.03,0.617858248386616,0.5702647281670912,0.4983025840769937
2018-06-28,7700000.0,19.7,24.0,22.81596009600556,5.148003289275662,1.03,0.2624846407789374,0.24022177758542265,0.22458561500187066
2018-06-29,16920000.0,21.2,28.2,23.39487761578473,5.270717321171187,0.36000000000000004,0.5579148591701675,0.5069214436134521,0.46723638963745395
2018-06-30,7740000.0,20.4,25.2,24.066887683157507,4.396753972061598,1.9300000000000002,0.26079110210086004,0.2380869599349212,0.22988935671823799
2018-07-01,7580000.0,20.4,27.0,25.748990471494903,5.971085210526131,5.82,0.27788394932173427,0.25535566078543986,0.2435388977124915
2018-07-02,7420000.0,21.9,25.5,26.56715961211178,5.902245631657911,2.5300000000000002,0.2532279804221334,0.2311752230422779,0.20398431945559375
2018-07-03,11700000.0,21.3,25.4,24.042158480793113,12.079849578788705,0.49000000000000005,0.5023233292597483,0.4677247424952321,0.34658741124902914
2018-07-04,19750000.0,20.9,29.8,24.997641518167825,6.892936962326657,2.37,0.6595696864236911,0.5995259304363761,0.523839739665385
2018-07-05,9870000.0,19.5,24.3,21.911179601299548,10.442664811792318,0.22999999999999998,0.42348643151146614,0.3949273300719018,0.3149214160678527
2018-07-06,17210000.0,15.9,22.8,17.076348975151042,13.08550603529837,0.05,0.6741651410647143,0.626412924746927,0.43925473973894374
2018-07-07,20960000.0,15.4,22.9,15.340754060022798,10.221180949346737,0.0,0.7363776575317773,0.678423595762827,0.5227903270728921
2018-07-08,19900000.0,17.2,23.4,16.68193988371441,8.431351898772988,0.0,0.6755178417337236,0.6194000502413605,0.5060224535261647
2018-07-09,7060000.0,17.5,20.7,19.868741240205367,7.569360650336133,1.25,0.2410233292562277,0.2215197135276526,0.18232948981555977
2018-07-10,14310000.0,20.2,28.5,26.439311922105755,3.034927520538094,0.13,0.3949402937874943,0.3520196546571458,0.32513128536108804
2018-07-11,14800000.0,23.0,28.7,29.166787991752077,3.908890869647683,0.15000000000000002,0.4326076684657375,0.3873180871861839,0.3364718448224872
2018-07-12,19530000.0,23.0,30.2,27.43567267337852,8.108105180609169,0.020000000000000004,0.6943795788702398,0.6340444761158983,0.5267419701221188
2018-07-13,19800000.0,22.8,31.5,26.77012382243302,6.255422601503567,0.010000000000000002,0.6918474743621765,0.6302629584128098,0.5726826042669408
2018-07-14,26680000.0,22.6,32.0,27.297276011790913,5.567026812821355,0.0,0.8267984278142846,0.7436640794180527,0.6453061002195367
2018-07-15,26860000.0,23.0,32.6,27.083965868036092,4.992365980530119,0.0,0.8359115275672859,0.751716072128007,0.6721915408899297
2018-07-16,25930000.0,22.9,33.3,27.714305104848663,4.9803938798573855,0.0,0.818581747699214,0.7370157854512224,0.667767800015916
2018-07-17,26470000.0,21.9,32.6,25.64419720655463,5.62988034135321,0.0,0.8432696572453274,0.7608394382209458,0.6906197405974895
2018-07-18,26790000.0,23.9,32.9,27.063400411694282,4.070514228729594,0.0,0.8229242664109812,0.7383610318997238,0.6763094196386505
2018-07-19,26290000.0,24.8,33.3,26.66170836527822,3.6724418813611845,0.0,0.8187322903743643,0.7351368236987255,0.6899017033030955
2018-07-20,26940000.0,25.5,35.0,26.858494685181164,3.771211711911241,0.0,0.8728751279660519,0.7860958663871104,0.7559804033406756
2018-07-21,25160000.0,25.5,35.8,27.67235339124153,4.690070438543582,0.0,0.882255139319368,0.8008719721190284,0.7804746239160807
2018-07-22,22120000.0,25.9,34.9,25.618057186346192,6.770222930431132,0.0,0.9294463353454845,0.8580814478738181,0.8484761856821809
2018-07-23,21850000.0,25.9,34.5,27.56771658582928,4.274039940166073,0.0,0.7698486534377247,0.6995022837944678,0.6857766720607423
2018-07-24,22760000.0,26.5,34.5,29.63086078916157,4.8906031248118795,0.0,0.8094781202238851,0.7359720657309603,0.6938732119322417
2018-07-25,21750000.0,25.6,34.2,27.090824052161178,5.312619673525756,0.0,0.8081157860112065,0.7383135292999944,0.7194265896092732
2018-07-26,23380000.0,27.6,35.7,29.335470911747016,3.5108185222792745,0.010000000000000002,0.8018371596624411,0.7254473066155508,0.7049812700594934
2018-07-27,23060000.0,25.7,35.8,29.159473192767365,5.330577824534857,0.020000000000000004,0.8487038702143355,0.7740367610399245,0.749607480083417
2018-07-28,23120000.0,23.8,33.5,25.28680684953472,6.512822765967349,0.06,0.864632816177385,0.7914460432463256,0.7555962344711509
2018-07-29,24520000.0,25.4,32.8,24.2343921861756,11.798505212979455,0.05,1.193475484834463,1.115464914377759,0.9531292460190469
2018-07-30,22960000.0,23.0,31.6,24.011278217642197,9.131719788127933,0.06,0.9275496993549892,0.8560067968370925,0.755634338920091
2018-07-31,24360000.0,22.8,33.6,24.054520303872323,6.916881163672125,0.0,0.908088518271278,0.8313723503656183,0.7964277369244438
2018-08-01,26140000.0,24.3,36.2,23.820593372779197,6.845048559635721,0.0,1.0371891976299685,0.9529869000177366,0.9597932815596266
2018-08-02,25100000.0,24.0,36.7,24.52211815458313,6.405073859912743,0.0,1.0241932269790681,0.9432563046099744,0.9244546387918771
2018-08-03,24180000.0,27.6,37.4,25.435727997069865,7.623235103363436,0.0,1.1159123790476169,1.0362597043186967,1.0548206614702862
2018-08-04,24230000.0,25.3,37.0,25.683450931458196,9.496868858646323,0.0,1.15506881002612,1.0762940988495404,1.0508144289382741
2018-08-05,18260000.0,26.1,34.4,27.0017858407701,6.815118307953885,0.010000000000000002,0.8081024583282799,0.749283255788136,0.7483376887759865
2018-08-06,11110000.0,24.4,30.8,28.550716375694815,5.797489750771486,0.09000000000000001,0.45947707013301387,0.4247339505494029,0.41833461133110034
2018-08-07,15120000.0,23.9,32.0,25.657275953383863,6.372150583062724,0.03,0.6391884559450924,0.5917097333001375,0.5910391453991511
2018-08-08,21810000.0,23.9,35.2,26.722644776394567,5.9920363867034165,0.22000000000000003,0.8236262455443628,0.7538944439824428,0.7502087085188346
2018-08-09,17340000.0,24.2,33.7,27.875634848941175,6.007001512544333,0.8800000000000001,0.6789103559431392,0.6238349343226116,0.6158486291351438
2018-08-10,15900000.0,22.6,29.2,26.73620270764861,7.437667542936058,0.09000000000000001,0.5651584617889799,0.5164713886463931,0.4469588314731571
2018-08-11,18550000.0,22.9,31.3,24.629204784274883,9.820115576810144,0.03,0.8233290750455928,0.7656675343920084,0.6832033369488878
2018-08-12,15640000.0,23.7,30.6,28.33600768062383,5.3904383278985275,0.24,0.5354597370083863,0.48681419006656323,0.448419838899648
2018-08-13,21180000.0,25.2,33.3,30.03375213262913,3.3821184400473827,0.1,0.6612458019304196,0.593749794401162,0.5530820837409478
2018-08-14,21680000.0,25.2,35.0,26.36554072781835,4.965428754016468,0.010000000000000002,0.7941806523251393,0.7244551447963967,0.730844223391266
2018-08-15,22930000.0,24.3,34.2,26.285268175407563,9.083831385436998,0.05,0.9739363606595072,0.9008634875411939,0.8317723715469161
2018-08-16,18540000.0,20.2,30.0,19.74876858198171,12.62757318456629,0.06,0.972283185449793,0.9161050244401832,0.7869302826099867
2018-08-17,20840000.0,17.9,27.1,16.14668474527337,9.960787759714771,0.0,0.8681703943136088,0.8073134338780068,0.7121341629876765
2018-08-18,22620000.0,17.6,27.8,17.06719108364599,6.689411250890178,0.0,0.7407918159784036,0.6745382575770067,0.6429439847382128
2018-08-19,23260000.0,21.1,31.0,20.328343723867654,4.758910017411804,0.0,0.7388058198571259,0.6674446121150791,0.6705087898227321
2018-08-20,22360000.0,21.8,33.5,20.51585046501202,7.0455812459040175,0.0,0.8930136706940255,0.823048091860335,0.84622042377984
2018-08-21,23730000.0,23.9,35.2,21.476277579021602,6.704376376731095,0.0,0.9626457850088059,0.8867752828967307,0.9272886552624691
2018-08-22,19730000.0,26.2,34.8,25.267438633076672,12.573698731538986,0.0,1.1794070172721347,1.1156866985047618,1.0164511487917198
2018-08-23,13270000.0,24.2,30.1,27.380240663544875,18.62260259643789,1.55,0.8727313511999139,0.8314572841974845,0.5941485502903281
2018-08-24,12540000.0,21.6,28.5,25.1129589994284,14.48624181400826,0.29,0.6528449335722124,0.6148728256954287,0.474771122691158
2018-08-25,12940000.0,19.8,28.3,21.448300236420987,6.982727717372163,3.6,0.5237289098426144,0.48507935163483157,0.47905908117238766
2018-08-26,3670000.0,19.8,22.5,22.191930084998212,2.777527356074311,9.790000000000001,0.12517933939031717,0.11468500691270163,0.1401599040282254
2018-08-27,2710000.0,22.7,24.7,27.595585899620183,5.848371178630607,4.61,0.10424285989086404,0.09618855092867963,0.11236637806035836
2018-08-28,6270000.0,22.1,25.1,27.37331854312744,3.2444392823109407,1.9300000000000002,0.1782389075398651,0.1596306615011064,0.15149060300726455
2018-08-29,14730000.0,23.0,29.2,26.56041734986991,8.410400722595705,0.17,0.5693105046325468,0.5240902949488231,0.4580154153305583
2018-08-30,12650000.0,22.0,27.3,27.491202647044997,9.969766835219321,1.8,0.42984025391227354,0.39174172757526726,0.29843073241534224
2018-08-31,7670000.0,19.9,23.2,22.249611183378327,4.378795821052497,1.72,0.24109462338322213,0.2190223667555856,0.21232019815672737
2018-09-01,21010000.0,16.1,25.8,18.071863997073358,9.119747687455199,0.010000000000000002,0.6672428740777746,0.6073583797533846,0.5138358124710746
2018-09-02,16570000.0,20.1,25.0,19.811283619927043,6.366164532726356,0.020000000000000004,0.5388243668253835,0.49040019551677955,0.4477583331334879
2018-09-03,5660000.0,22.2,25.0,26.358843179743165,7.805809638622632,6.210000000000001,0.2272380967752703,0.21044022236069715,0.18680483075094984
2018-09-04,19970000.0,18.2,27.4,20.078910064109238,10.343894981242261,0.010000000000000002,0.7229605108489378,0.664381477379455,0.5572669429518305
2018-09-05,22090000.0,16.1,26.0,16.556714624708064,10.46960203830597,0.0,0.7849569917300278,0.7218923600273653,0.6077666864774267
2018-09-06,13270000.0,19.8,26.1,21.081977235085862,7.1383650261177065,0.6900000000000001,0.48401909459948345,0.4450068662423017,0.4144538904719294
2018-09-07,13710000.0,15.1,25.0,16.971292918892235,7.662144430549823,0.04000000000000001,0.4883474870523562,0.44984728213825065,0.4325096832545724
2018-09-08,14780000.0,14.1,23.1,16.212209827680688,3.968751373011353,0.0,0.3708031588535836,0.3303348277200409,0.3334751829210748
2018-09-09,21780000.0,16.5,24.4,16.352776809588363,8.096133079936434,0.06,0.6662734166395261,0.6047006608496952,0.5270183112695707
2018-09-10,21530000.0,14.6,22.7,13.914277089403635,8.60195433335945,0.0,0.6676681966300727,0.608664966341245,0.5255925678771808
2018-09-11,18270000.0,16.1,22.0,14.518627360317517,9.6644782680646,0.06,0.6540403700653329,0.6036130437531404,0.5031104479363357
2018-09-12,11930000.0,16.9,22.8,17.567925658485294,7.341890737554186,0.06,0.4181137966060639,0.38472555862391433,0.35383863385321146
2018-09-13,4620000.0,18.9,21.1,20.55892113033512,6.231478400158098,0.54,0.18896646095184208,0.17600360531303832,0.17172644203614867
2018-09-14,4590000.0,19.0,21.8,20.862638565210116,8.60195433335945,1.3900000000000001,0.2281706131474094,0.2152052958075869,0.19631424363197297
2018-09-15,5660000.0,19.2,23.1,22.493306506901877,3.444971968579237,0.9900000000000001,0.16988173357098618,0.153697013728124,0.15987828159011425
2018-09-16,13430000.0,18.5,24.2,19.93683379615865,5.911224707162461,0.08000000000000002,0.40536742391596003,0.36684155761358134,0.3425647565069
2018-09-17,18520000.0,16.0,25.5,18.741921749107046,4.22016548713877,0.0,0.44957419524954567,0.3969584146441003,0.3878176449806502
2018-09-18,19190000.0,16.0,24.8,17.209623447347063,3.7771977622476083,0.0,0.4571020427300884,0.40289628243571085,0.40390220199770316
2018-09-19,8160000.0,18.6,22.6,19.449041625834898,5.863336304471525,1.16,0.29617081672580325,0.27304501981797613,0.2696018797180529
2018-09-20,5230000.0,18.1,21.2,18.936604652179575,9.185594241155236,0.6200000000000001,0.2827652092251039,0.2681781157189105,0.24238056245453485
2018-09-21,3790000.0,15.6,19.4,18.637820627407002,5.9890433615352325,1.8,0.12121260696795381,0.11104416965700574,0.11243969033076417
2018-09-22,16460000.0,12.9,23.5,14.59028198865503,6.749271754253848,0.04000000000000001,0.4759935164267877,0.43125190554331905,0.4264944509262983
2018-09-23,15700000.0,12.8,23.0,14.25462115730811,5.534103535971337,0.0,0.42584083147327123,0.3834009096969344,0.39492329057094083
2018-09-24,15690000.0,10.3,19.8,11.639916227812316,5.414382529243996,0.0,0.39114693648074006,0.3510643941503575,0.35670419063135805
2018-09-25,18150000.0,14.1,21.1,12.539150453287544,7.67710955639074,0.0,0.5612938781315848,0.5125059816372548,0.4752232553203536
2018-09-26,9730000.0,11.2,18.6,12.410522039150306,7.5753467006725,0.0,0.3436534460319039,0.3188754610247952,0.302384838428726
2018-09-27,14180000.0,10.6,20.1,12.122798711992658,6.288345878353585,0.0,0.39009305311944564,0.35363949989888044,0.3543398607235083
2018-09-28,5790000.0,13.6,17.9,14.340840989931262,4.782854218757273,0.06999999999999999,0.2010204539124781,0.1860122591397732,0.19830333469849815
2018-09-29,13280000.0,14.2,22.0,15.831101473290405,6.883957886822107,0.06999999999999999,0.38502490474136025,0.3489935018295107,0.33292588149905555
2018-09-30,16670000.000000002,11.5,24.4,10.767328702300027,11.385467739770128,0.0,0.8550673227171639,0.8099634409860128,0.679233060461734
2018-10-01,15340000.0,8.4,16.5,10.609536649706401,10.245125150692205,0.0,0.4283904392897104,0.39141318256668844,0.3122776545301079
2018-10-02,18960000.0,8.4,19.4,11.208794360014979,4.2500957388206055,0.0,0.3578274327151368,0.31058165543138494,0.3286701214168336
2018-10-03,19030000.0,12.8,20.8,13.069082333472657,4.166291034111466,0.0,0.39854526909099247,0.34817121481797686,0.36148481560333845
2018-10-04,12100000.0,16.1,20.8,15.240983865222825,11.481244545152,1.9000000000000001,0.5238723044549174,0.4908316806301521,0.3986431906586402
2018-10-05,1670000.0,16.4,18.8,17.808827447604255,16.54544312971852,6.48,0.21495145691928888,0.21046243283413563,0.16666533188741678
2018-10-06,4620000.0,12.2,20.0,15.981726607095974,13.0615618339529,2.33,0.24489799225353445,0.23283712764343423,0.19786292826290994
2018-10-07,17450000.0,9.6,22.1,11.994576882851018,7.189246453976826,0.0,0.4760703266844777,0.43074592604459044,0.4275406981431914
2018-10-08,17720000.0,10.1,18.6,10.282437980050387,4.387774896557047,0.0,0.36610324857968146,0.3215086808307904,0.34962221310894603
2018-10-09,13830000.0,12.8,19.0,11.864222535048663,5.806468826276038,0.020000000000000004,0.37961145808004504,0.34365302757660754,0.353192990543396
2018-10-10,15810000.0,6.4,15.6,7.699523754239863,10.616260271546961,0.0,0.5240288392817474,0.48724070859342505,0.40428825734465895
2018-10-11,17600000.0,4.0,12.8,6.41078362406396,9.227496593509807,0.0,0.45052168951017507,0.4122952000834693,0.3488697035247107
2018-10-12,17300000.0,6.1,14.6,8.881668172569979,3.403069616224667,0.0,0.26161914616814474,0.2220242409555052,0.2451641286967531
2018-10-13,16329999.999999998,10.4,17.5,10.736824632984556,2.879290211792551,0.0,0.2804075300626084,0.2396702471247712,0.2733327849170849
2018-10-14,15370000.0,6.8,17.1,10.546392301630549,3.7921628880885256,0.0,0.2530269902236487,0.21641683164767214,0.2436357926686369
2018-10-15,16640000.0,8.6,19.0,10.90245478618804,4.788840269093639,0.0,0.32502766134315353,0.28365509693041796,0.3148648942434177
2018-10-16,8340000.0,8.9,16.1,11.914210608745302,3.046899621210828,0.0,0.15924972857176653,0.13912233655820877,0.16296601786917622
2018-10-17,10480000.0,6.7,16.0,11.180348709499782,3.471909195092888,0.05,0.17324553443977955,0.1486461290289444,0.17292714096393094
2018-10-18,10210000.0,7.1,14.8,10.13092510973031,5.818440926948772,0.55,0.2253772410668607,0.20164952295064062,0.20929394334325885
2018-10-19,15960000.0,7.1,17.4,9.050622006970249,4.986379930193752,0.0,0.31843325143784934,0.2801434796333813,0.3197915099756889
2018-10-20,16329999.999999998,8.6,17.5,9.828148301036835,2.3195945053422315,0.0,0.24301843603772263,0.20310037344477605,0.2517950808013857
2018-10-21,15990000.0,6.4,18.1,9.814065388970683,2.939150715156221,0.0,0.24223024020760073,0.20386849514786115,0.25717410335124746
2018-10-22,12160000.0,8.9,17.0,11.227793489968223,2.6278760976651343,0.0,0.19671106429835522,0.16705487714351275,0.20302375533605885
2018-10-23,12410000.0,5.7,17.5,10.706396662283645,7.2730511586859645,0.010000000000000002,0.2615886261792694,0.23227925230779295,0.25015322357233993
2018-10-24,15200000.0,6.4,16.0,9.332228517835242,4.4296772489116165,0.0,0.253521126864169,0.2179751446135437,0.2541408137643849
2018-10-25,14960000.0,7.9,17.9,10.238528912169716,3.2085229802927384,0.06,0.23877407003580992,0.20233133565543776,0.253464156634785
2018-10-26,3920000.0,7.2,13.9,10.742919353758932,9.404085078432635,0.36000000000000004,0.17730363729684195,0.16828564052897982,0.15576500720094133
2018-10-27,12010000.0,4.1,12.0,6.0600109270040035,12.537782429520783,0.0,0.49697208456286657,0.47114244989785015,0.35456485869155696
2018-10-28,11050000.0,4.4,14.6,8.354663240657235,11.274725808547338,0.61,0.3575619843880463,0.3328296144862233,0.2869734749157953
2018-10-29,10460000.0,1.3,12.6,6.016009548505555,10.846723209497092,0.0,0.3874708692242025,0.36568026855271357,0.3171091657729169
2018-10-30,14730000.0,2.8,10.4,5.598147032981654,7.267065108349598,0.0,0.31427409340657586,0.2839065947038662,0.2803056057065574
2018-10-31,14500000.0,0.6,11.4,5.9451096910073655,5.492201183616768,0.0,0.23334507009163225,0.2039915683809502,0.23770618960937234
2018-11-01,14280000.0,2.3,12.8,7.0585187724885445,3.5587069249702106,0.0,0.18593618760198088,0.15566086003218899,0.20577733852464114
2018-11-02,13930000.0,4.7,14.6,7.745094260902868,2.732631978551558,0.0,0.18396577850169435,0.15266253749986533,0.21233044503360804
2018-11-03,13990000.0,5.6,15.8,7.4200317455914195,3.109753149742682,0.0,0.21390479941586688,0.18159734939433567,0.25471323434286086
2018-11-04,13910000.0,6.8,16.1,8.264724859253153,3.6933930575384695,0.0,0.22881984182796766,0.19608860580930018,0.2621905552661517
2018-11-05,12590000.0,5.6,16.7,9.464994549436245,3.537755748792926,0.0,0.1883693992411613,0.15896369416697267,0.21837993610472967
2018-11-06,12110000.0,9.9,17.0,11.46768486432416,3.6006092773247804,0.06,0.19574302450633876,0.1658691999771263,0.20939526991011753
2018-11-07,3220000.0,11.1,14.1,13.148971904536939,4.983386905025569,0.54,0.09330825867152737,0.08551896084840227,0.09777409393883903
2018-11-08,2770000.0,9.8,15.6,13.513810423049836,12.031961176097768,2.09,0.12782701869352128,0.12111058327446259,0.10660289254876112
2018-11-09,9220000.0,5.7,13.8,8.629679840230281,9.781206249623759,0.0,0.29182476758620857,0.2710507896588366,0.25133601806991074
2018-11-10,10800000.0,5.2,15.7,8.552081401442496,5.920203782667012,0.0,0.23601946095193432,0.2112375563578301,0.2593083632694649
2018-11-11,9100000.0,2.9,12.9,8.070808303709528,3.3042997856746115,0.010000000000000002,0.12724553556208962,0.10775762254873758,0.15526924278973236
2018-11-12,12080000.0,4.0,13.1,8.238151647210156,3.9897025491886384,0.0,0.15675349133493385,0.13040637831084648,0.1782078865779409
2018-11-13,8780000.0,3.2,13.4,8.238151647210156,4.244109688484238,0.0,0.14367521319275178,0.12465871415094387,0.1720914345015091
2018-11-14,9380000.0,2.8,13.2,8.298654649649169,4.5194680039571224,0.0,0.14038612151287913,0.12024135542141612,0.16604340174182036
2018-11-15,11090000.0,4.8,12.8,8.740885488257442,2.600938871151483,0.0,0.11789995141371237,0.09354444560967995,0.14094960231870074
2018-11-16,6430000.0,1.3,12.0,7.8161990392772855,4.522461029125306,0.05,0.11372028534599395,0.10044424987579206,0.1419099239101584
2018-11-17,10870000.0,0.6,11.4,6.787511378864888,3.121725250415416,0.0,0.11728858091361805,0.09528357652774815,0.15140437916404012
2018-11-18,5320000.0,1.5,8.7,5.639435092650967,5.01930320704377,0.0,0.16433385956362295,0.15386305543271836,0.1823638566579609
2018-11-19,11610000.0,-1.6,10.9,5.6515280814326525,4.9295124519982645,0.0,0.16686135757213474,0.14433825687914784,0.1958350459782393
2018-11-20,11980000.0,0.7,9.4,4.666638159621533,4.660140186861748,0.0,0.19068664254457318,0.1671451708330047,0.22525415172930746
2018-11-21,7970000.0,-1.0,9.9,6.012355552162819,5.752594373248734,0.08000000000000002,0.14857898629607197,0.1332175523226497,0.17161124476307812
2018-11-22,11900000.0,-3.5,5.2,3.5180722444780095,8.895270799841434,0.0,0.25869589605950666,0.23846789237936244,0.22139203320196515
2018-11-23,11870000.0,-1.1,4.9,3.090883729001193,5.513152359794052,0.0,0.21227325912341438,0.19130699451789107,0.22611810507289065
2018-11-24,3150000.0,-1.5,2.8,5.274100044554754,2.6488272738424192,0.30000000000000004,0.054721288842122406,0.04940668321213222,0.06874053581929998
2018-11-25,9150000.0,0.9,8.7,6.347270658007905,5.812454876612405,0.0,0.14074314727248743,0.12290622690709516,0.15247893438846016
2018-11-26,10920000.0,-0.9,10.9,6.1806136902852185,4.007660700197739,0.0,0.11953366331571358,0.09810937077955831,0.16171914524025485
2018-11-27,10500000.0,-0.6,13.2,7.194360774269429,5.932175883339745,0.0,0.17361418024891992,0.15216248366243043,0.1897964008997076
2018-11-28,5480000.0,-0.2,7.6,4.762368046494723,3.1396834014245174,0.0,0.11762824283333131,0.10732492396066781,0.1527283320069001
2018-11-29,9310000.0,-0.8,9.9,4.706193876435819,3.8011419635930763,0.0,0.14532709528070178,0.1273244193548495,0.19549255043083222
2018-11-30,11030000.0,-0.6,8.4,3.877629378140869,5.926189833003379,0.0,0.22223901549722064,0.20136164605773205,0.2494102765512262
2018-12-01,9090000.0,0.6,8.8,5.565650563674524,3.935828096161335,0.0,0.12481784338084172,0.10715493891993969,0.16003417472061798
2018-12-02,7590000.0,3.6,10.9,8.667449873537171,3.9148769199840503,0.47000000000000003,0.08189803127314052,0.06594608837169921,0.10335315420544393
2018-12-03,6010000.0,8.6,15.5,12.986017834710662,3.8131140642658106,1.1400000000000001,0.07319858249269577,0.05884873294151487,0.08988844261171258
2018-12-04,4390000.0,-2.8,13.6,6.455381784778086,9.550743311673628,0.67,0.3227444759155246,0.3140216987063533,0.24711800451721305
2018-12-05,7710000.0,0.6,7.6,6.154459902501063,3.6006092773247804,0.21000000000000002,0.08885437500065846,0.0741638755475326,0.11548159310096968
2018-12-06,5330000.0,-8.2,6.7,3.9956137611870837,12.675461587257226,0.020000000000000004,0.3128803957347953,0.3043588144927931,0.19234616921305675
2018-12-07,10490000.0,-8.9,-4.6,1.3235142798211876,14.154016020339887,0.0,0.34962569968889856,0.3367082831100074,0.19218334130393255
2018-12-08,10650000.0,-9.6,-4.2,1.3368901524496772,13.172303765175693,0.0,0.3198443112712252,0.3068236377111031,0.18720653204121945
2018-12-09,11010000.0,-8.6,-1.0,1.2584120367762996,5.534103535971337,0.0,0.177240540591226,0.16240039130443282,0.18751013411277556
2018-12-10,10390000.0,-4.6,4.0,2.897015747544799,3.4060626413928508,0.0,0.11206373959178331,0.09515761943541798,0.15403135330225673
2018-12-11,2200000.0,-4.2,2.0,5.105733870645315,4.0585421280568585,0.4,0.03941890413477742,0.035949979602057966,0.049699363312551065
2018-12-12,10510000.0,-5.8,1.3,2.6041992255698396,7.308967460704166,0.0,0.18795428637144856,0.17213881798576272,0.1768587304417019
2018-12-13,5780000.0,-7.1,2.2,2.837340737108095,8.949145252868739,0.010000000000000002,0.2079704679183111,0.19934470308320715,0.17637644004838773
2018-12-14,10660000.0,-7.2,0.6,2.3027020105880838,5.001345056034669,0.0,0.13275806728236889,0.1174112424716864,0.15233211703144547
2018-12-15,10500000.0,-5.1,2.7,2.0855987149466246,4.324921368025193,0.0,0.150809995228197,0.13431971688527308,0.18781452726264602
2018-12-16,5070000.0,-2.6,2.0,4.0972219426384955,6.25841562667175,0.09000000000000001,0.12650880376774082,0.11825913782040953,0.12394653989730345
2018-12-17,10150000.0,-3.7,3.8,3.4605549921564354,9.856031878828347,0.0,0.24186523909771673,0.22512539614855087,0.1986138622798876
2018-12-18,8760000.0,-1.1,5.0,4.127231559164661,7.701053757736209,0.0,0.20366260764875896,0.1881618694195116,0.19226281477594873
2018-12-19,9750000.0,-0.1,8.5,5.121561099198694,7.192239479145009,0.0,0.19459582467068637,0.17595695271859052,0.20615815303353763
2018-12-20,7870000.0,-2.5,8.2,4.301902118538827,4.366823720379762,0.0,0.13673052565338187,0.12235625192276925,0.18168793351692586
2018-12-21,9430000.0,-1.2,10.1,5.336232781563927,2.7924924819152284,0.0,0.09104804261750934,0.0728725943904865,0.14489344651413996
2018-12-22,9950000.0,2.3,10.4,6.848748965760641,3.2683834836564087,0.13,0.09375733190393117,0.07339843220970983,0.1352330215273247
2018-12-23,9200000.0,-6.1,7.8,3.089871212020649,10.978416316897167,0.0,0.4244542941280032,0.408815837501337,0.2868668541919959
2018-12-24,10710000.0,-6.4,1.7,2.4493247289408715,5.905238656826094,0.0,0.16027780390421126,0.1442281001585425,0.17281659082146777
2018-12-25,7150000.0,-3.2,3.8,3.513530611708262,4.5194680039571224,0.0,0.13003150045989653,0.11812644757706389,0.15435953816932657
2018-12-26,9460000.0,-8.9,4.9,1.8012515287975808,10.873660436010745,0.0,0.4515176249230036,0.437134646329565,0.2897289160858572
2018-12-27,10640000.0,-12.8,-4.9,0.8895144647952825,15.252456257063242,0.0,0.36759365908351277,0.3557783743506909,0.19439179217307279
2018-12-28,10840000.0,-10.9,-5.5,0.9488738377405556,11.394446815274677,0.0,0.28804955161486046,0.27561239257083747,0.18471506872269772
2018-12-29,10850000.0,-9.6,-4.2,0.9987411584993889,12.537782429520787,0.0,0.34467487018868587,0.3314096769372939,0.20982384355624065
2018-12-30,10910000.0,-9.1,-1.6,1.5840943179642761,3.974737423347721,0.0,0.1149467267070124,0.10060367650502788,0.14101404570956766
2018-12-31,11020000.0,-6.7,1.8,1.5194169366881929,6.494864614958248,0.0,0.22646376108524727,0.210018098717973,0.2299638181619852
2019-01-01,9480000.0,-7.7,-0.2,2.2108500199172703,11.43934219279743,0.0,0.2710142167887207,0.2577451720416771,0.18782211699631574
2019-01-02,10950000.0,-6.9,0.6,1.524805148923242,8.808473069964114,0.0,0.28548659233105755,0.2696208104507159,0.23651261941103074
2019-01-03,10850000.0,-5.8,2.7,1.501223941031021,5.258745220498453,0.0,0.20226474410302644,0.18546298725897417,0.22945332714858607
2019-01-04,9150000.0,-3.9,4.7,2.5653288147773834,8.144021482627371,0.0,0.2797849353934936,0.2644919516219408,0.25519713778926806
2019-01-05,10630000.0,-6.1,2.6,2.306601843088836,6.066862015908004,0.0,0.18792631820975444,0.1715983526625874,0.19784878044628026
2019-01-06,9190000.0,-5.8,3.0,2.0173960085058176,4.785847243925456,0.0,0.1737049731928692,0.15938739665504106,0.20146156989061187
2019-01-07,10710000.0,-4.8,2.7,2.3451325472128977,9.422043229441735,0.0,0.29528605988615664,0.27836505417251856,0.23942854229764204
2019-01-08,11040000.0,-8.8,1.4,1.4457464378980134,11.4992026961611,0.0,0.3627066822444118,0.3470847580007614,0.25816796550017607
2019-01-09,10280000.0,-7.8,0.6,1.0854908876788008,5.097121861416543,0.0,0.19439538502039957,0.17978567440872778,0.21347173532074898
2019-01-10,10220000.0,-5.5,2.5,2.7861397271441883,9.329259449228045,0.0,0.2482163244574052,0.23235813207632786,0.20191943758052217
2019-01-11,10260000.0,-2.7,5.4,4.406213893303036,3.1815857537790864,0.09000000000000001,0.0941922305211703,0.07642715438289782,0.12538656515503804
2019-01-12,2420000.0,-4.3,4.1,5.337876565250499,2.8104506329243293,0.29,0.04214762386188524,0.038179371168716746,0.06034773470028591
2019-01-13,11360000.0,-4.3,6.8,3.5511552463526797,3.217502055797289,0.0,0.11717845971766486,0.0975806859871394,0.16369781798899402
2019-01-14,10830000.0,-3.0,6.5,3.387361025162112,5.142017238939296,0.0,0.18297954772794925,0.16395315165682697,0.21178282901250642
2019-01-15,10190000.0,-9.0,4.7,2.535454052629697,12.274396214720635,0.0,0.4053390529914779,0.3899415837886014,0.2456111638462828
2019-01-16,11520000.0,-8.0,-0.4,1.8590443831194605,10.75094640411522,0.0,0.2937376466576711,0.27778944503304176,0.2064430650219436
2019-01-17,8900000.0,-5.0,3.0,2.564470922886385,10.442664811792318,0.0,0.31796311879789685,0.30387380748956877,0.2374117553508186
2019-01-18,11890000.0,-3.0,5.2,2.6277721709711748,5.396424378234895,0.0,0.21482095310866334,0.1944217778958332,0.2350640787348978
2019-01-19,11030000.0,-1.2,6.5,3.924947730336026,5.495194208784951,0.0,0.19411506428559736,0.1741087367061766,0.2092724498540885
2019-01-20,12100000.0,-7.2,2.2,1.913192266070732,13.303996872575766,0.0,0.4145673401955623,0.39654757973307286,0.26340906750307214
2019-01-21,11940000.0,-5.2,3.6,3.4237843356019724,11.436349167629249,0.0,0.271703439865748,0.2526513947551913,0.19513850608530695
2019-01-22,12240000.0,-2.9,6.2,3.696936977301474,8.80548004479593,0.0,0.27334525832817685,0.25191926758186145,0.2361128195082552
2019-01-23,12190000.0,-6.2,6.8,3.325257849309974,8.931187101859637,0.0,0.2993452977958783,0.27904843141241964,0.241617502873647
2019-01-24,12640000.0,-4.7,4.6,2.1846818279937863,4.564363381479875,0.0,0.19614969905884222,0.1753830570851205,0.22414191472641448
2019-01-25,12060000.0,-7.2,3.5,1.418700422280182,10.170299521487616,0.0,0.3944120828045531,0.3759630273702237,0.30297840515922464
2019-01-26,13110000.0,-7.8,1.7,1.7347453317393648,7.302981410367799,0.0,0.25376606140104785,0.23468951000322055,0.22660649774577085
2019-01-27,12810000.0,-5.6,5.4,2.3451325472128977,9.445987430787204,0.0,0.3471339561234569,0.3261284532311063,0.28595480584325494
2019-01-28,11770000.0,-7.1,4.6,2.430451437784435,10.391783383933198,0.0,0.33438370636133263,0.315935837837192,0.25979219915642104
2019-01-29,13280000.0,-4.6,5.4,2.1779976152938154,4.486544727107104,0.0,0.2086268970263805,0.1864311785032962,0.23732633787823612
2019-01-30,11930000.0,-0.9,8.3,3.0596324227273386,7.93151669568634,0.11000000000000001,0.3577896354171743,0.3353592350246788,0.32766080240889883
2019-01-31,4250000.0,-8.0,1.6,2.206344315134927,9.6465201170555,0.13999999999999999,0.2728834038666661,0.26673858448292365,0.20819748106382083
2019-02-01,13860000.0,-6.3,2.2,2.5499257631044814,10.161320445983067,0.0,0.30138834793204017,0.280358882186469,0.2177873378471915
2019-02-02,13550000.0,-1.9,6.7,4.135092139590845,5.9411549588442965,0.38,0.2169994761533673,0.19263676188325096,0.21193042739434714
2019-02-03,2390000.0,-3.5,7.8,6.563143264652357,11.163983877324545,0.44000000000000006,0.0767617122166751,0.07250235737879121,0.08719247774745617
2019-02-04,14090000.0,-4.4,4.2,2.136814705506363,7.240127881835947,0.0,0.3054587142535926,0.2823543008458471,0.2709965110900484
2019-02-05,13770000.0,-1.2,7.7,2.4460330774846257,3.2025369299563713,0.0,0.20312246751550606,0.1776238151143594,0.24711824279144468
2019-02-06,13700000.0,1.1,10.3,4.672479615482783,5.83340605278969,0.0,0.2747206035897981,0.24724259680955957,0.27955760460783124
2019-02-07,9770000.0,-8.1,4.9,1.8700222903881127,10.272062377205856,0.0,0.4334066604042543,0.41830793768713387,0.2959751367820874
2019-02-08,13950000.0,-6.2,2.0,1.8264546104009918,4.277032965334256,0.0,0.1982777591776128,0.17715527283523763,0.20569050138748052
2019-02-09,15060000.0,-7.9,-0.1,1.3881320999889357,8.233812237672877,0.0,0.308322547212739,0.28728936834454516,0.2371762975781778
2019-02-10,9740000.0,-6.2,3.4,1.951188047976141,4.618237834507179,0.0,0.20925694192160377,0.19408249192394914,0.21867324566567364
2019-02-11,15240000.0,-6.9,1.4,1.8752083355498534,8.23680526284106,0.0,0.3057882992705573,0.28332903790925246,0.2370221915277651
2019-02-12,14790000.0,-5.6,3.9,2.3309123351161776,5.507166309457685,0.0,0.24248029074857821,0.21892717998444952,0.23137676224974119
2019-02-13,15350000.0,-5.0,3.5,1.937780284560357,6.557718143490102,0.0,0.2993051758652622,0.27476366140658787,0.2648944791371491
2019-02-14,7630000.0,-1.9,3.0,4.1653474905306975,5.803475801107854,0.0,0.16927329401980803,0.15644840516280564,0.15081497183746273
2019-02-15,12000000.0,-3.3,5.9,3.696936977301474,12.462956800316196,0.0,0.3890546212940968,0.36831475183568096,0.2552495662105528
2019-02-16,15760000.0,-6.9,2.1,2.535454052629697,8.913228950850536,0.0,0.2922696104181731,0.2687011820191616,0.21343217449036364
2019-02-17,16450000.0,-6.4,4.3,2.1193782839042585,8.123070306450085,0.0,0.341435114772878,0.31544533475519854,0.2753548472809926
2019-02-18,13460000.0,-2.2,7.4,3.554593337930104,3.0678507973881124,0.49000000000000005,0.1908355035413855,0.16646420802213632,0.20925136740732633
2019-02-19,2160000.0,-2.2,3.9,5.9759233883635,8.413393747763887,1.1199999999999999,0.05733946334776985,0.05366782570498736,0.05830957304354245
2019-02-20,12870000.0,-4.6,5.2,4.090723777042093,8.296665766204729,0.0,0.23996450201685748,0.21853540682775868,0.18746988336528392
2019-02-21,16260000.000000002,-2.7,7.5,4.414543716696681,2.116068793905752,0.0,0.16429225260085284,0.13505699547671318,0.17229579379165447
2019-02-22,13530000.0,-3.7,8.9,4.367525299275453,3.247432307479124,0.0,0.1900633980825533,0.16556535734143576,0.1988877651404034
2019-02-23,14840000.0,-3.0,9.9,4.233136638887693,5.315612698693939,0.0,0.28450575982302817,0.2568382452317438,0.2628372766451491
2019-02-24,17050000.0,-0.1,12.1,4.257294702308952,6.048903864898903,0.0,0.36466650820175184,0.33015083894884645,0.34747053525207167
2019-02-25,16690000.000000002,-3.0,12.1,4.828153207072692,4.327914393193376,0.0,0.3103733966836827,0.2781000710980248,0.26893711852489016
2019-02-26,17220000.0,0.9,10.8,4.849252978551269,5.800482775939671,0.0,0.32815015259045344,0.29345112473988405,0.3020945847431619
2019-02-27,7020000.0,-1.0,10.3,6.832371406262659,3.403069616224667,0.04000000000000001,0.12098133106718371,0.10736271204351719,0.13542781987880143
2019-02-28,16160000.0,-3.0,12.4,5.127904143261973,4.624223884843546,0.0,0.3203459024629317,0.28894518342132813,0.26877652379353095
2019-03-01,17930000.0,-1.8,12.2,4.6360765384672895,5.225821943648434,0.0,0.36461531339612374,0.3292133020129816,0.31028435122102616
2019-03-02,17070000.0,-0.3,12.8,5.8642212202712525,3.525783648120192,0.0,0.2648634245395512,0.23004206682555228,0.2543593094399515
2019-03-03,15440000.0,3.5,13.6,6.1956027876212465,4.582321532488976,0.0,0.30893437233158466,0.2752589232345723,0.30548171411745506
2019-03-04,13840000.0,0.1,13.2,5.858863432657203,4.558377331143508,0.0,0.28844142234387193,0.25986594319805634,0.27413112149613333
2019-03-05,15750000.0,4.7,13.4,6.076584664223671,5.4832221081122166,0.0,0.3608937221741222,0.3260667811711884,0.339094709496671
2019-03-06,14210000.0,1.1,14.1,5.660179971087014,5.291668497348472,0.21000000000000002,0.35039497467717434,0.3202245240268853,0.32567106555226194
2019-03-07,14350000.0,-3.0,11.1,4.633175177457094,6.42003898575366,0.020000000000000004,0.36480703382351687,0.3375099885503369,0.28821823548349973
2019-03-08,19020000.0,-1.2,12.4,4.154801700919335,5.094128836248358,0.0,0.4016750418407061,0.363645394995776,0.34618087663214014
2019-03-09,15170000.0,3.2,13.8,4.110245742077888,5.05222648389379,0.0,0.39586463296583413,0.3628240180882747,0.4019145511490869
2019-03-10,4670000.0,-2.2,10.9,5.99411499300587,5.878301430312442,0.27,0.19182006826103698,0.18284844575848924,0.1908475152817331
2019-03-11,14130000.0,0.4,10.9,6.531631709854188,9.365175751246248,0.06999999999999999,0.3227986730840627,0.29450228280518514,0.23984101296745647
2019-03-12,17510000.0,-2.8,11.6,4.3937452784254365,13.788866949821497,0.11000000000000001,0.7312795185259482,0.697585671994972,0.38129404549518126
2019-03-13,17970000.0,-3.8,6.8,2.469157559558453,13.609285439730487,0.0,0.6287101095855572,0.5974245395900779,0.37495275054666727
2019-03-14,19500000.0,0.1,9.2,3.4650357817966215,7.742956110090778,0.09000000000000001,0.47037220159745585,0.4325427043094933,0.3711134102801489
2019-03-15,17320000.0,-1.0,11.9,5.579312887702119,7.479569895290628,0.38,0.38912978874181614,0.35466143817441437,0.3002771691311201
2019-03-16,16790000.0,-1.2,10.9,4.480278372915207,7.850705016145385,0.0,0.4137544337783862,0.3809715055422039,0.33510879903192536
2019-03-17,19200000.0,-0.1,10.7,4.395129133954031,6.488878564621881,0.0,0.404051100786112,0.36602140731610755,0.3393401612879157
2019-03-18,16320000.0,-0.2,12.6,3.7183611772384553,5.938161933676113,0.0,0.4484723558226363,0.4152316012674264,0.3937291078934101
2019-03-19,20170000.0,4.2,18.3,6.7793830276125595,5.959113109853397,0.0,0.5601317896519893,0.5129045284823924,0.45779254007640374
2019-03-20,10810000.0,8.1,17.6,10.021451030589162,7.389779140245122,1.42,0.3703975398857151,0.34409476288816276,0.33256584567905867
2019-03-21,8170000.0,-0.3,11.8,6.305238298559089,13.36685040110762,0.0,0.3903108940788259,0.37389890609288295,0.2733312870015775
2019-03-22,20490000.0,-1.5,9.4,3.3752966174681642,7.299988385199616,0.0,0.459002784798394,0.42015513597977217,0.36489479677115166
2019-03-23,17610000.0,-3.3,8.4,3.680349522326399,9.957794734546585,0.05,0.45807765094263775,0.42624790216239683,0.3213626578470743
2019-03-24,21710000.0,-2.3,9.6,3.727918357991846,9.16165003980977,0.0,0.5031839631885667,0.46243401368043857,0.3620839584547676
2019-03-25,19140000.0,-0.1,13.8,5.533321114921302,7.686088631895292,0.0,0.5207707007787687,0.48101575245266925,0.3736491652162312
2019-03-26,21000000.0,2.3,15.8,5.287127140644496,9.122740712623385,0.0,0.7023001117959741,0.6558641904587291,0.49458644464688006
2019-03-27,19110000.0,6.1,20.0,7.6904381049107196,11.580014375702056,0.0,0.8906636058631714,0.8439499392280698,0.5866751371077966
2019-03-28,11010000.0,2.8,11.6,7.352119599965942,7.075511497585852,0.010000000000000002,0.28273998667463107,0.25963406766765657,0.22923627063032165
2019-03-29,18400000.0,3.8,15.6,6.549340466686213,6.889943937158474,0.51,0.474946792950431,0.43354378616639366,0.40749237375348757
2019-03-30,18290000.0,1.5,12.9,5.174099597079175,16.383819770636613,0.06999999999999999,0.7750241056268317,0.7366401584299596,0.44667089773831103
2019-03-31,14450000.0,-2.2,7.3,3.8136982489369,12.190591510011497,0.03,0.4944786049634248,0.4683604976451692,0.30654083360994
2019-04-01,21570000.0,-3.5,9.1,3.142914666850726,9.793178350296492,0.0,0.5760599998973043,0.5367313915299843,0.3796712938871544
2019-04-02,21330000.0,-2.7,11.4,3.774822485558231,7.162309227463174,0.0,0.5517755447182802,0.5107980911895129,0.38313626732598516
2019-04-03,23180000.0,0.1,12.6,3.3950582986335864,8.311630892045647,0.0,0.6433698155158137,0.595940740650281,0.48129213490378653
2019-04-04,23030000.0,3.8,16.2,3.8295927234087794,12.477921926157114,0.0,0.9791253171367265,0.9268931065692284,0.661578366107939
2019-04-05,18040000.0,1.4,17.6,5.19332246904099,11.433356142461063,0.0,1.0365099344129507,0.996132382102644,0.571495888046223
2019-04-06,21300000.0,7.8,19.2,5.80375262589671,5.279696396675738,0.1,0.5816856759638045,0.5290818980279121,0.5584872422246392
2019-04-07,19770000.0,2.9,19.2,7.202927036514729,6.027952688721619,0.0,0.6315100154455898,0.5854496904984073,0.4645984497033524
2019-04-08,22860000.0,4.0,17.1,4.4873222140198195,9.134712813296117,0.0,0.8361502908175659,0.7835606464009006,0.6114208898990418
2019-04-09,12070000.0,2.2,13.1,5.8642212202712525,14.866356010367566,2.7600000000000002,0.63373578431304,0.6080719931009706,0.3988851962190555
2019-04-10,4760000.0,0.2,7.7,6.805831657657511,6.165631846458061,0.0,0.1353454621988132,0.12632082538199327,0.11748188563120865
2019-04-11,17910000.0,3.0,13.2,6.383770450989468,3.738288435061222,0.0,0.34622669876306694,0.3076535164601927,0.30848377195603777
2019-04-12,19290000.0,3.2,15.6,5.928853512301579,4.770882118084538,0.0,0.45035388945096744,0.4072939670828104,0.40164956365181065
2019-04-13,22940000.0,5.8,17.7,5.4156417398848955,6.255422601503567,0.0,0.6225644755203988,0.5681871842248802,0.5533471082836915
2019-04-14,13560000.0,0.1,14.1,6.453437047396959,10.918555813533498,0.11000000000000001,0.5461902524008982,0.5178162855528576,0.3466439732096105
2019-04-15,24210000.0,3.3,18.1,5.05537734829247,6.734306628412931,0.0,0.7871546036168812,0.731245857010643,0.5688546887558052
2019-04-16,22300000.0,9.2,21.5,5.1981380544867415,4.833735646616392,0.0,0.6540399944745683,0.5967117690289684,0.6434250547623936
2019-04-17,23780000.0,6.8,22.1,6.395335180696096,5.923196807835195,0.0,0.8433413548994094,0.7833659922410112,0.6463297049968955
2019-04-18,20710000.0,8.6,21.9,9.627062113242395,11.750616810288518,0.0,0.908846399772534,0.8557167097581295,0.6192640003743575
2019-04-19,12610000.0,3.3,12.9,6.484615064769875,7.730984009418044,0.0,0.4082054798836302,0.3810470304788706,0.3283428450305796
2019-04-20,22230000.0,10.1,20.9,9.86484721955462,5.9441479840124805,0.0,0.6009279399753735,0.5436014515383584,0.5191947801963469
2019-04-21,15290000.0,9.1,22.9,11.890859835619782,6.228485374989914,0.0,0.532845761960913,0.49301056833744583,0.4495475526314549
2019-04-22,24120000.0,8.6,22.2,10.113570020501738,8.32958904305475,0.0,0.7927866159630328,0.7307150536986843,0.5813599839150573
2019-04-23,15090000.0,13.6,24.8,13.19272866580908,6.102778317926207,2.3000000000000003,0.5489303516842494,0.507170096139593,0.5259436940380601
2019-04-24,10380000.0,12.1,21.4,14.099023565505679,6.225492349821731,0.010000000000000002,0.36162824411375627,0.3341783406528348,0.33116469965477036
2019-04-25,16530000.000000002,8.8,18.9,9.949998101130813,8.078174928927332,0.44000000000000006,0.538658691485713,0.49751386193220365,0.435934867713131
2019-04-26,4940000.0,3.7,10.6,8.442998339398528,6.372150583062724,0.30000000000000004,0.16097043269791608,0.1506183977509672,0.1403842134291594
2019-04-27,22300000.0,8.2,16.9,6.90427957095199,4.3368934686979275,0.06,0.5269872565957953,0.4731060449399111,0.4657910084541353
2019-04-28,12870000.0,6.7,16.0,8.612103549562264,3.639518604511166,0.020000000000000004,0.31918241268647024,0.2889730283699199,0.2988528417151337
2019-04-29,9100000.0,7.0,16.4,10.676044627866455,5.549068661812255,2.22,0.2638704313521935,0.24232590911803312,0.2371621212075535
2019-04-30,18690000.0,7.9,20.7,12.055164083832864,4.405733047566148,0.0,0.43170425646666183,0.38471975664927804,0.361965179495669
2019-05-01,21250000.0,7.6,20.7,10.430001544706764,6.3990878095763755,0.010000000000000002,0.5844226730111708,0.5311776204538979,0.4608927924907197
2019-05-02,25630000.0,7.6,21.6,8.166061941533124,6.452962262603679,0.0,0.7917006046860136,0.7268496824945061,0.6071216618816716
2019-05-03,25870000.0,10.2,24.5,9.984239307059951,3.28634163466551,0.0,0.6579205707371246,0.5887097738047882,0.5642848540403247
2019-05-04,24090000.0,12.1,25.8,11.480604779781114,2.870311136288,0.0,0.6135024852043168,0.5471288627173849,0.5456248396741193
2019-05-05,20060000.0,10.2,25.2,7.8623782417386,6.599620495844672,0.05,0.9367899960649815,0.882766437277134,0.7395071900925851
2019-05-06,17360000.0,6.5,15.9,9.00616273913002,5.555054712148622,0.2,0.4179174495688562,0.37732019615629986,0.3378614748928445
2019-05-07,26640000.0,6.7,19.7,5.5503158399015575,7.314953511040534,0.0,0.8552831698137737,0.7899382608249116,0.6709987421773286
2019-05-08,24030000.0,10.4,22.0,6.686523230507489,10.026634313414808,0.0,0.987841719864341,0.9249833099045489,0.8005385933876985
2019-05-09,25280000.0,7.8,23.2,5.9831941629231045,7.659151405381639,0.0,1.1159318313386108,1.0507400352213039,0.7839352729147249
2019-05-10,26410000.0,10.4,26.9,8.123075765984336,4.627216910011729,0.0,0.9259575291233164,0.8535805987039972,0.7443818220381412
2019-05-11,25170000.0,12.3,28.1,8.74342750591378,5.327584799366674,0.0,1.013755272639796,0.9428947361822008,0.8094948612050814
2019-05-12,24390000.0,8.9,24.7,9.569098982132243,8.646849710882202,0.0,1.0828655439686303,1.0183031065687955,0.7216113414308352
2019-05-13,16200000.0,13.4,24.3,10.376665267614264,5.357515051048509,0.010000000000000002,0.6016747175439062,0.5571191910074813,0.5939502050381786
2019-05-14,23530000.0,13.6,26.6,13.4431091192745,5.0282822825483215,0.0,0.7149625191355489,0.6488302298821453,0.6193121828391203
2019-05-15,21910000.0,14.9,27.5,13.686336619315933,4.624223884843546,0.0,0.6857660487348307,0.6230643600247417,0.6283523550228892
2019-05-16,24840000.0,15.1,28.9,11.90419820066917,4.1064305307477955,0.0,0.8008986970616009,0.728912232708863,0.7159358335300368
2019-05-17,18900000.0,15.6,28.4,12.459055157160392,8.054230727581865,0.81,0.9115253108910191,0.8567530010574143,0.8100383886337534
2019-05-18,8810000.0,15.4,19.2,15.129423555705646,9.634548016382766,0.77,0.40806052155982053,0.3845133387287497,0.3132666317620144
2019-05-19,10250000.0,17.1,23.5,17.884998792376873,9.065873234427896,1.21,0.46886686084603124,0.43996196824318073,0.3868452642054763
2019-05-20,18760000.0,8.6,19.2,8.554574939144826,12.648524360743576,0.0,0.8291885843461632,0.7824411802405101,0.57808166340456
2019-05-21,25600000.0,10.6,21.9,9.034908459336442,11.11609547463361,0.0,0.9680879217098355,0.9010555297569244,0.7139914065797156
2019-05-22,27520000.0,12.9,25.7,8.559563938136634,8.778542818282277,0.0,1.1069198150149024,1.0306272236113538,0.8940132465568291
2019-05-23,27300000.0,14.2,27.0,11.934257647608637,6.315283104867237,0.0,0.8982657410023167,0.8208963469356891,0.7627713331338655
2019-05-24,26820000.0,15.3,31.3,14.778846113475433,6.267394702176301,0.0,1.1074582771456036,1.028205222826917,0.8427773920996134
2019-05-25,21040000.0,18.6,30.1,10.064539378570442,7.051567296240384,0.0,0.9717122758808701,0.9086060391720977,0.9820209596308022
2019-05-26,25420000.0,18.0,31.2,11.240475314602241,10.762918504787955,0.4,1.449170643954597,1.3726644819433698,1.1707963469745934
2019-05-27,5290000.0,11.4,21.1,15.732798802638989,14.842411809022098,1.42,0.3266085396795807,0.3127569243111861,0.25335297428644227
2019-05-28,19930000.0,10.0,21.1,9.577360557108385,7.7818654372771645,0.0,0.6822586536661596,0.6308102449987769,0.5670097044634541
2019-05-29,27390000.0,11.2,25.7,9.3268445348523,8.20388198599104,0.0,1.1282343245441457,1.0534423669771769,0.8196797815383586
2019-05-30,22170000.0,13.9,26.9,10.241451037758932,9.559722387178176,0.19,1.0909933138533365,1.028369983695632,0.8792378742100325
2019-05-31,24080000.0,10.8,23.8,10.444859949695816,8.583996182350349,0.0,0.8876001382837503,0.8232396203981447,0.679570354553236
2019-06-01,23700000.0,13.8,24.4,12.351812496501521,5.336563874871224,0.0,0.6921690350089598,0.6266965572798904,0.6044271126157719
2019-06-02,26010000.0,14.6,27.7,11.429001837785691,5.040254383221056,0.0,0.8473719346795544,0.7729965701719848,0.7497999343341771
2019-06-03,27230000.0,16.9,30.1,14.530548296413977,4.857679847961861,0.0,0.8877335991100063,0.8070358248346133,0.7773350018079108
2019-06-04,27110000.0,16.1,31.8,14.05649661553512,5.058212534230157,0.0,1.0444860662074613,0.9636270052294424,0.8416429667518599
2019-06-05,24360000.0,19.0,31.2,15.584235435908553,4.59429363316171,0.0,0.8130194697903941,0.7392060931887708,0.7722963066670346
2019-06-06,13360000.0,16.1,29.6,17.544462328008684,9.709373645587354,2.8000000000000003,0.8060593612371777,0.7668406571757049,0.6715306511204424
2019-06-07,8460000.0,14.9,20.0,16.966738149519028,7.985391148713644,0.36000000000000004,0.2995821969482243,0.2769058150906557,0.23086477031129693
2019-06-08,24450000.0,13.9,25.6,15.270024504149339,5.614915215512292,0.0,0.680444153611574,0.6121331574603726,0.5650835054885992
2019-06-09,26480000.0,12.7,23.0,14.21948083135651,8.55107290550033,0.0,0.7521833543559244,0.6806697610864887,0.5382180334139612
2019-06-10,17280000.0,11.6,21.5,13.025686261414616,6.9976928432130805,0.0,0.5344582243044506,0.48894064608351345,0.4343028480534272
2019-06-11,22070000.0,13.8,22.2,13.879874870164468,5.360508076216692,0.0,0.5971279786419749,0.5373579936298774,0.48054891498751895
2019-06-12,22180000.0,14.2,25.0,15.228552724200725,4.800812369766374,0.0,0.6088935654149015,0.5470840965861018,0.5172648936392941
2019-06-13,25900000.0,17.4,28.4,15.58846295765336,3.513811547447458,0.0,0.7159617443582478,0.6398750977811942,0.6433371833864084
2019-06-14,12140000.0,17.1,24.0,17.464892364305648,2.70868777720609,0.010000000000000002,0.3545504672710774,0.3201735093289669,0.32873466016858194
2019-06-15,18370000.0,15.7,23.8,17.666772306532177,3.1755997034427197,1.54,0.45982824869232486,0.4085041996412995,0.3824590616737405
2019-06-16,19370000.0,16.2,24.7,15.647754020167126,6.114750418598941,0.31000000000000005,0.6275718030113049,0.5728121942119926,0.5303000063356411
2019-06-17,18740000.0,15.4,27.0,15.51673178357673,5.552061686980438,0.0,0.6261049972943764,0.5724751640480473,0.5745686429065346
2019-06-18,18810000.0,16.3,26.9,18.144189549777998,6.874978811317557,0.08000000000000002,0.6282757598152442,0.5741028774750342,0.5296794482831405
2019-06-19,24490000.0,16.4,27.7,17.794577021556222,6.144680670280776,0.0,0.7395741550385483,0.6685472629125093,0.6124774877353891
2019-06-20,26580000.0,18.6,29.6,17.432220331454378,6.1716178967944275,0.0,0.8712806514646371,0.7918350766565154,0.7540831860055116
2019-06-21,26120000.0,16.8,30.0,16.326339358964084,5.890273530985177,0.24,0.8965298838176574,0.8192333171598298,0.7553722320146488
2019-06-22,21930000.0,13.9,26.7,14.199991320672021,5.186912616462047,0.0,0.6908365908550277,0.6289942206325392,0.6009487992467435
2019-06-23,20070000.0,15.2,26.1,15.100617782014998,7.126392925444971,0.0,0.7011618549670775,0.6442358249585115,0.603815145955542
2019-06-24,24320000.0,18.2,28.0,17.177370525331767,4.097451455243245,0.0,0.7032571174596616,0.6316011397358704,0.6162882847260193
2019-06-25,23190000.0,17.6,30.4,18.34317530080849,5.95312705951703,0.0,0.8088355141491148,0.7396196220974328,0.6977822447126467
2019-06-26,6740000.0,19.7,25.0,20.661531357531516,5.2527591701620855,9.870000000000001,0.31462421716131794,0.2949867053507743,0.30912104361929443
2019-06-27,12460000.0,20.8,27.7,24.079260620760614,3.5646929753065772,0.48,0.392178840457983,0.35485881138716624,0.34555779664856834
2019-06-28,11470000.0,20.2,25.9,22.810057729824525,7.311960485872351,0.54,0.43254961866527575,0.39877944148359906,0.35295010466544136
2019-06-29,7140000.0,18.8,22.2,21.814505117176576,4.600279683498076,3.17,0.2172759794229624,0.19707425894892913,0.18029765398243225
2019-06-30,16610000.0,20.2,26.9,21.973933238855256,8.60195433335945,0.0,0.6230190466687663,0.5737588772343484,0.4836471845378978
2019-07-01,16160000.0,16.6,26.1,19.148242338438088,7.811795688958999,0.04000000000000001,0.5623953174390695,0.5160380576143158,0.4574756009285975
2019-07-02,27620000.0,16.4,27.2,17.62905910363908,5.7615734487532855,0.0,0.7769889602093909,0.6971938835222087,0.6227258861948897
2019-07-03,21300000.0,18.2,27.2,20.232497242455015,2.568015594301464,0.0,0.5479891901812095,0.48560188717724156,0.461460628865519
2019-07-04,25920000.0,20.2,29.8,20.29635082134043,3.645504654847533,0.0,0.7389164927375091,0.66048131796033,0.6326635786030145
2019-07-05,24080000.0,18.2,30.0,19.413138540045907,7.153330151958624,0.0,0.8235986699812357,0.7516254028111989,0.6997169785423232
2019-07-06,27730000.0,18.0,28.4,17.937532099629752,9.823108601978326,0.0,0.9943836634954766,0.9125608547924923,0.7596258164745091
2019-07-07,24870000.0,17.0,25.3,16.592408858073235,8.982068529718758,0.0,0.8340717390473704,0.7629561944374798,0.6215876320060373
2019-07-08,19440000.0,16.4,25.0,17.65733738166701,7.991377199050011,0.06,0.6423578336587408,0.5871734816487534,0.4980690852180361
2019-07-09,19220000.0,17.4,25.9,16.93943203739872,9.667471293232785,0.0,0.7709303936075473,0.7155332308902285,0.6071022901942886
2019-07-10,8310000.000000001,19.6,22.8,20.51585046501202,10.795841781637973,2.6100000000000003,0.4137295914006119,0.3899481658788938,0.31269225733808953
2019-07-11,9640000.0,19.0,25.8,22.319001594685282,7.231148806331396,0.15000000000000002,0.3737724826038553,0.3456642838993881,0.3177984613329202
2019-07-12,17590000.0,19.1,27.1,19.56225879757668,6.713355452235645,0.0,0.6284275088577272,0.5766006729958242,0.5326082752685132
2019-07-13,18610000.0,20.8,27.8,21.962511804514293,2.888269287297101,0.010000000000000002,0.5264428110401727,0.47066365197424515,0.4513005218362247
2019-07-14,22660000.0,19.2,27.6,20.403165590656883,6.084820166917106,0.11000000000000001,0.7016348022847382,0.6345773673511098,0.5643313940919438
2019-07-15,14750000.0,19.9,24.2,22.232293098315196,5.692733869885064,0.76,0.4350022727633762,0.39222372401453687,0.32974164646217174
2019-07-16,21180000.0,20.0,27.2,22.09991241713085,6.165631846458061,0.06,0.6474798490967838,0.5846213720471971,0.5024367402085348
2019-07-17,15270000.0,21.6,28.6,23.023386280434224,3.492860371270173,1.04,0.4854783001259345,0.439208584990188,0.4334630164401977
2019-07-18,16559999.999999998,21.3,26.9,23.527951289901093,4.094458430075062,0.03,0.4922483362399238,0.4427517704452476,0.40492261382385114
2019-07-19,11160000.0,23.0,28.0,26.533463243341878,10.316957754728609,3.02,0.5122237868487456,0.4782281900754022,0.3983037854330377
2019-07-20,4070000.0000000005,22.6,24.6,26.392345787169262,15.096818948317697,7.38,0.26515077583345115,0.2530717389310991,0.1939063612753646
2019-07-21,7380000.0,22.6,26.9,26.84488260767829,11.346558412583743,0.8400000000000001,0.37853124312235065,0.35627430042545266,0.2931449388261376
2019-07-22,20690000.0,23.5,30.2,26.729422991255394,9.47591768246904,0.06,0.7901217998427015,0.7260047681075126,0.5919427081083006
2019-07-23,20500000.0,24.0,30.9,27.94603355187062,7.258086032845047,0.03,0.7267660861679416,0.6627732550742989,0.5679016638496497
2019-07-24,13110000.0,23.7,29.4,28.364553823139925,6.533773942144634,0.08000000000000002,0.48240123961531456,0.44192505337036325,0.3947336950376248
2019-07-25,13580000.0,23.9,29.2,30.479403988817047,7.311960485872351,0.6000000000000001,0.4578239270254231,0.41589664943530574,0.33717279838259706
2019-07-26,12480000.0,23.9,30.2,29.846638128461016,6.569690244162837,0.75,0.4601514240945176,0.4213817385305039,0.37716409158841413
2019-07-27,15550000.0,24.1,29.9,30.441414470546952,6.144680670280776,1.1800000000000002,0.5100615147560494,0.46178423071960084,0.38791926374907976
2019-07-28,11630000.0,23.5,28.3,29.42381685600752,7.671123506054374,0.68,0.4067900260482696,0.3711780348125284,0.30420271525502546
2019-07-29,21950000.0,23.1,30.5,27.756312335019814,6.4918715897900645,0.0,0.7076541822255196,0.6396744134905844,0.539981511904612
2019-07-30,19860000.0,24.0,31.9,28.428874441212706,9.293343147209844,0.010000000000000002,0.7869142967119032,0.7245513713330142,0.6142043408160422
2019-07-31,22580000.0,24.1,32.0,28.08021879658835,8.410400722595705,0.03,0.8373896295926583,0.7664027788195028,0.6509861837295053
2019-08-01,21930000.0,23.0,31.3,27.784348028283265,5.9950294118716,0.0,0.7090285591522691,0.6408190422447129,0.5598393205393736
2019-08-02,25640000.0,25.2,33.8,27.159489346392377,4.2919980911751745,0.06,0.834125203078389,0.7521924671857095,0.7102780050725597
2019-08-03,20630000.0,24.0,32.8,27.84049359309928,4.085479354570511,0.020000000000000004,0.6678003493894088,0.6026812927276974,0.5720533812401072
2019-08-04,22550000.0,25.2,32.6,28.572265141025547,3.585644151483862,0.0,0.7044565044734589,0.632873038045175,0.5873755202894388
2019-08-05,23230000.0,23.0,33.3,25.31265131747229,6.3092970545308695,0.020000000000000004,0.8313634790300817,0.7582483016053314,0.7219496020593617
2019-08-06,16370000.000000002,22.9,29.9,26.112076316035463,12.7891965436482,3.1,0.7717887720186786,0.721342509863793,0.5717116993477279
2019-08-07,17600000.0,22.8,30.7,27.924897662121243,7.497528046299729,0.7000000000000001,0.6236522958580312,0.5691782744648572,0.49410298552641124
2019-08-08,18350000.0,24.3,30.4,29.809337624729,4.444642374752534,0.16000000000000003,0.5641534482821922,0.5069407692454775,0.4440585687484518
2019-08-09,24190000.0,25.0,32.8,29.07911600181424,3.9837164988522713,0.010000000000000002,0.7501227624646194,0.673333225750642,0.6124770806872878
2019-08-10,24870000.0,23.8,30.8,25.748990471494903,11.445328243133797,0.0,0.9988027300650154,0.92130830560421,0.7261690373202667
2019-08-11,21640000.0,24.5,30.2,27.173240627893946,13.121422337316572,0.020000000000000004,0.933890310505447,0.8664198813853105,0.6486053116344938
2019-08-12,18000000.0,24.0,31.5,27.463425405604813,7.183260403640459,0.06,0.6846220991109105,0.6282324904044042,0.5722688580808601
2019-08-13,22050000.0,24.6,32.8,27.193878949936472,7.6441862795407225,0.04000000000000001,0.846425878976612,0.776586752656224,0.7046844814463062
2019-08-14,19360000.0,24.2,30.9,26.804082517678264,12.621587134229923,1.42,0.8965294201470428,0.8360229778269064,0.6654803263088243
2019-08-15,12360000.0,22.5,29.2,28.608211296876743,9.06886625959608,0.5700000000000001,0.4611178662780174,0.42329494569590365,0.35260111937198857
2019-08-16,21220000.0,21.7,30.0,25.481203665052192,10.697071951087917,0.13,0.7939952411997748,0.7290597739867933,0.5830183225800584
2019-08-17,23600000.0,20.4,31.1,23.148632002677253,9.170629115314318,0.04000000000000001,0.8601022716600355,0.7879771235488907,0.6916492510180536
2019-08-18,23670000.0,21.2,28.7,21.928278659646196,4.321928342857009,0.0,0.6764299432867978,0.6048515161673559,0.5636503479782554
2019-08-19,17930000.0,22.1,28.1,22.79825700376781,6.761243854926581,0.05,0.6354626907542168,0.5811328942654196,0.528951378212234
2019-08-20,24160000.0,21.2,28.5,22.10565372616794,7.704046782904392,0.0,0.7936727249204404,0.720711046012772,0.6179221176851002
2019-08-21,18080000.0,23.3,30.0,26.45274421905983,4.663133212029932,4.0,0.57363463475326,0.5177443239964067,0.48070362886459395
2019-08-22,9850000.0,20.5,27.2,25.56584697836194,5.4353337054212805,0.26,0.3208569177317848,0.29151952742537934,0.2738427922281993
2019-08-23,17970000.0,19.2,27.7,20.505095149586527,7.228155781163212,0.08000000000000002,0.6242913893981565,0.5710745701044846,0.5264161591812357
2019-08-24,13020000.0,17.1,25.0,20.51585046501202,5.321598749030307,0.0,0.3780111191492285,0.34084038556984125,0.31862405561526275
2019-08-25,23540000.0,19.8,27.6,20.360380770535755,3.9058978444794996,0.0,0.6289433717864295,0.5589808503953516,0.5279418671874904
2019-08-26,20760000.0,21.6,29.4,22.481649245694047,4.193228260625117,0.13,0.6182900230588021,0.5550509021793568,0.536518730358842
2019-08-27,5900000.0,19.8,23.8,23.220468166311747,3.385111465215566,1.6800000000000002,0.185516048047675,0.1684707565033457,0.1729781034843036
2019-08-28,12260000.0,20.3,25.8,23.39487761578473,5.001345056034669,0.1,0.37228639123884916,0.33619028206296797,0.31051452682203806
2019-08-29,8830000.0,19.0,24.4,21.79748371198998,7.096462673763137,0.05,0.3241201693711999,0.2986498112983944,0.2737463411132983
2019-08-30,21550000.0,16.9,25.5,18.09112606184545,8.76357769244136,0.0,0.6820408990259282,0.6203694525767077,0.5217949196032048
2019-08-31,19080000.0,18.9,25.5,19.12799749213775,5.420368579580363,0.0,0.5569111625518209,0.5014470448848639,0.46594571484860586
2019-09-01,13650000.0,19.0,26.2,20.721141955524622,3.3462021380291804,0.0,0.3868237052805397,0.34690295157372697,0.3502233707194093
2019-09-02,8080000.0,19.1,24.2,20.977540994104984,3.5108185222792745,1.31,0.2588555649174212,0.235566851350515,0.24605258939616123
2019-09-03,4550000.0,19.9,22.6,23.388844482270915,5.11208698725746,1.89,0.1521103039065802,0.13907876920325626,0.1356583784532588
2019-09-04,7330000.0,20.6,25.2,25.429237265468085,4.426684223743433,0.49000000000000005,0.21815649060804035,0.19662308831422565,0.18591794336437079
2019-09-05,14010000.0,22.1,28.5,26.79728777050537,4.01663977570229,0.41,0.40938126949403475,0.36681636724483957,0.3416942921247538
2019-09-06,10750000.0,24.0,28.4,27.077109200105262,12.78021746814365,0.4,0.5761679476122665,0.5431240679489446,0.43973393556992446
2019-09-07,16550000.0,21.0,27.9,26.03910345865113,13.77390182398058,0.37000000000000005,0.6087042033555616,0.5589964239681551,0.39618710937330787
2019-09-08,13380000.0,22.5,28.2,25.913478977185797,3.60958835282933,0.16000000000000003,0.39811051198226377,0.3574327674197183,0.34464912357312383
2019-09-09,6750000.0,22.9,25.1,26.729422991255394,3.7891698629203416,0.7200000000000001,0.2118360203716653,0.1916890918960787,0.18628355236809532
2019-09-10,18380000.0,20.8,29.9,24.54727832701706,6.102778317926207,0.08000000000000002,0.5811638671906569,0.5252851717452469,0.49207022641682663
2019-09-11,13030000.0,19.5,25.4,20.51585046501202,10.415727585278665,0.17,0.5544729650401231,0.5164514816817517,0.4364860887644018
2019-09-12,5680000.0,16.0,20.1,16.064019912474265,7.716018883577127,0.05,0.2983988399138617,0.28300203024106535,0.2712286974270791
2019-09-13,19350000.0,15.8,24.1,17.21884831523423,5.83340605278969,0.0,0.5094472091255777,0.45520067879899717,0.4209334891170524
2019-09-14,17640000.0,19.9,25.4,21.275551522506415,3.3252509618518955,0.0,0.44100528129869954,0.3893766869697057,0.3707042147914001
2019-09-15,15060000.0,16.9,25.6,19.43364747402182,6.051896890067086,0.18000000000000002,0.44483311990063557,0.4017001720694139,0.38498470452258265
2019-09-16,20620000.0,16.1,26.2,15.986048594252916,5.06120555939834,0.0,0.5655747878924251,0.5066120806203724,0.5179483137865238
2019-09-17,21240000.0,15.4,24.6,16.273576912969656,5.974078235694315,0.0,0.5586189520474982,0.4990234858639068,0.4726198629356457
2019-09-18,21630000.0,17.2,27.0,15.62655596295438,6.815118307953885,0.0,0.6905993369946323,0.6278188686533872,0.6268331342056945
2019-09-19,19540000.0,14.8,23.5,14.18830887862558,4.7050355643845005,0.0,0.49861921530908404,0.4445914306256256,0.45409129975404366
2019-09-20,9010000.0,17.3,21.3,15.344923561798897,9.140698863632483,0.12,0.47289010016282074,0.4479120388057723,0.40876590927576767
2019-09-21,3040000.0,15.3,20.2,16.43231461544572,13.729006446457827,5.34,0.32625407240799115,0.31805937589947814,0.2648907532453128
2019-09-22,1810000.0,14.4,17.4,14.95730984513746,15.019000293944927,4.68,0.2743403023129009,0.26963424597080243,0.2163664664217765
2019-09-23,10620000.0,12.2,20.9,15.253423912085564,3.456944069251971,0.0,0.2464465053964307,0.2184721604481464,0.23438633945604628
2019-09-24,19350000.0,13.9,23.0,15.618083798699592,3.471909195092888,0.0,0.4085762751389603,0.3557385833200175,0.3603304051690443
2019-09-25,16440000.000000002,16.6,23.5,16.159771143296464,4.462600525761634,0.0,0.43118105162617154,0.3850145039392351,0.3938548288724541
2019-09-26,10900000.0,15.2,23.5,17.947098126750312,6.120736468935308,0.0,0.32864784442259987,0.29840384919518076,0.29840448968961797
2019-09-27,15650000.0,17.7,24.6,20.275046718706957,4.8427147221209434,0.0,0.39158288087182724,0.34683184455719956,0.327517747273519
2019-09-28,14770000.0,18.4,26.3,21.509892541180676,2.7865064315788612,0.0,0.35135937876440415,0.30832584027156595,0.31231832349270283
2019-09-29,19060000.0,16.9,27.0,19.072420812994945,3.645504654847533,0.0,0.4538575343178971,0.398664203719743,0.412652544666895
2019-09-30,18980000.0,19.0,26.9,20.629079802972424,3.2504253326473074,0.0,0.45157280094688457,0.39577384885801425,0.3979057807062099
2019-10-01,7730000.0,20.2,25.1,22.975829745266168,5.079163710407441,0.8300000000000001,0.261770076296384,0.23914598138917742,0.24476061479475103
2019-10-02,1390000.0,20.5,22.0,22.981769610021065,15.045937520458578,10.72,0.17038168858357328,0.16640062633354682,0.15178830467902366
2019-10-03,9920000.0,14.8,23.6,17.918413451633707,8.230819212504693,0.27999999999999997,0.34335527299702373,0.31590254039245164,0.3062437984754407
2019-10-04,16540000.0,18.4,25.4,19.806067422570663,5.094128836248358,0.03,0.4354137381693925,0.38755481843176376,0.38065320141804254
2019-10-05,8060000.000000001,13.6,21.0,14.344770931165987,8.126063331618269,0.13999999999999999,0.35909147182847984,0.3375488732338793,0.3329395845793792
2019-10-06,13860000.0,13.1,18.2,11.568149675268746,7.207204604985927,0.06,0.4297222059705811,0.3938694566378488,0.37454193820732656
2019-10-07,5200000.0,11.9,16.4,14.15331218321138,4.570349431816242,0.27,0.14180292977730163,0.12877355221034542,0.13685411797897035
2019-10-08,15550000.0,7.0,19.9,9.549846388489673,8.46726820079119,0.0,0.5120071447313783,0.4736472792128601,0.4333526144087368
2019-10-09,18040000.0,9.8,18.1,10.024318523902565,3.1636276027699854,0.0,0.322304608170661,0.27730151054674285,0.3147382127757141
2019-10-10,13460000.0,10.2,18.3,11.69892533840547,3.002004243688075,0.0,0.25504824181066166,0.2212482649186937,0.2515018993531456
2019-10-11,16559999.999999998,14.8,23.2,13.543676995725333,7.6382002292043545,0.0,0.5360921376030495,0.4904249964716166,0.4931315217545422
2019-10-12,15630000.0,10.1,20.5,11.67594615544019,9.27239197103256,0.0,0.4799802033561207,0.4398408950426081,0.4120414347288383
2019-10-13,16450000.0,9.6,19.4,11.432221032571253,6.1297155444398586,0.0,0.3718220293850688,0.3302886953640962,0.34213772393618835
2019-10-14,13890000.0,11.5,20.1,11.87087693495758,8.22782618733651,0.03,0.4428178902325798,0.4067769593064544,0.3947450689293103
2019-10-15,9480000.0,8.1,15.4,10.688176339656724,6.668460074712892,0.0,0.24491628694365083,0.2224447646471593,0.2204385754217726
2019-10-16,15600000.0,9.5,17.5,11.794549173707164,3.262397433320042,0.0,0.2532724809215793,0.21474577032064404,0.23815701982905013
2019-10-17,8900000.0,11.8,17.4,11.910872316727238,7.518479222477014,0.0,0.31846340768400455,0.2959439692327983,0.2888160909550793
2019-10-18,5050000.0,12.5,17.2,13.60733608784149,8.610933408864,0.03,0.2395114808924676,0.22666504106516863,0.212732071497635
2019-10-19,15730000.0,11.1,20.9,12.556622254356645,4.2471027136524215,0.0,0.31851030972120664,0.27752877959058925,0.3195857910678253
2019-10-20,15400000.0,11.4,20.5,13.152613423591024,3.361167263870098,0.0,0.27894755161487983,0.23886639882714755,0.27702129861504077
2019-10-21,14930000.0,11.3,20.8,12.753773619965541,6.069855041076188,0.0,0.35520844913468874,0.3162718291314094,0.3421262770802442
2019-10-22,14390000.0,11.1,20.5,12.3277090481955,6.252429576335383,0.0,0.35658077689376344,0.3192424762438756,0.34623895435799307
2019-10-23,6950000.0,14.4,18.5,12.051791081005087,8.820445170636846,0.0,0.4083835155634632,0.3901125927032175,0.37547401672140973
2019-10-24,10810000.0,11.4,20.0,13.273281837482472,8.215854086663775,0.03,0.33549716096363086,0.3075053660182561,0.3077270454720643
2019-10-25,13300000.0,8.8,22.1,11.61703904955259,7.443653593272425,0.0,0.43456594198662424,0.4003035436267375,0.40290220074551425
2019-10-26,14370000.0,4.9,15.4,7.282592960529845,8.40740769742752,0.0,0.395525591921709,0.3628065509882705,0.35925920574397485
2019-10-27,15400000.0,5.8,14.9,7.499592004183661,4.989372955361935,0.0,0.2887703228696091,0.2535239910618258,0.29733872111046156
2019-10-28,14790000.0,7.8,15.5,9.008772650719006,5.279696396675738,0.0,0.28367763900281495,0.24870456145621897,0.2802585546974601
2019-10-29,11160000.0,4.8,16.0,8.264724859253153,8.583996182350349,0.0,0.3383436709207999,0.3127686003953577,0.3181012942262237
2019-10-30,14800000.0,5.1,15.7,7.781721887726305,5.782524624930569,0.0,0.29588874562706446,0.2619719854320336,0.3056454823831127
2019-10-31,13980000.0,9.9,18.1,11.237303677342418,8.350540219232034,0.0,0.3583025254150657,0.3233890393220763,0.3202337388203572
2019-11-01,13460000.0,8.9,19.4,12.092321945728123,5.040254383221056,0.0,0.2506272350353102,0.21690119233315053,0.2613184872268782
2019-11-02,9260000.0,7.8,17.0,11.597461531501057,3.621560453502065,0.0,0.15906355789492355,0.13676857733397857,0.17568914682234532
2019-11-03,9610000.0,6.7,18.2,11.516200604023382,5.423361604748546,0.24,0.1930964149882897,0.1699313930125243,0.21450944151337742
2019-11-04,12430000.0,7.6,16.2,9.211749086303753,3.9717443981795366,0.0,0.2208529188962575,0.19128133121561547,0.24618284883411548
2019-11-05,13630000.0,4.8,17.0,9.063735027255829,5.605936140007742,0.0,0.25015543199652834,0.2185195951607659,0.2700793354862959
2019-11-06,13130000.0,7.8,16.5,8.584547441592676,5.549068661812255,0.0,0.2885088402181216,0.2570836211750152,0.30973868368202295
2019-11-07,12830000.0,1.0,14.9,6.52966668471278,6.222499324653548,0.0,0.31344815912101165,0.2859331955487177,0.2939059566980408
2019-11-08,13680000.0,2.5,13.5,5.581022762934096,4.3847818713888636,0.0,0.2351551221051654,0.20577554853040914,0.2792602559327578
2019-11-09,12890000.0,5.8,15.1,7.825415683122305,4.262067839493339,0.0,0.22066078575682385,0.19108312369960131,0.2547808310611367
2019-11-10,7080000.0,6.3,14.4,8.93594660753323,7.509500146972464,0.45,0.24066059397960077,0.22445643623939918,0.238078548987584
2019-11-11,8119999.999999999,3.5,14.9,8.897146556829979,9.9188854073602,0.010000000000000002,0.24460178508359826,0.22657335871464085,0.23198373867487806
2019-11-12,10290000.0,3.9,14.1,8.014127874955337,2.526113241946895,0.0,0.1329963305990222,0.11027369355053948,0.16842451324417937
2019-11-13,5820000.0,-1.1,11.3,5.437327505981333,11.729665634111232,0.17,0.3586519986032862,0.34719709633977786,0.2831728045224967
2019-11-14,13080000.0,-2.2,3.5,3.089871212020649,7.563374599999767,0.0,0.2598852483816566,0.2378169811942688,0.22502073969395217
2019-11-15,11170000.0,2.8,13.6,7.699523754239863,5.076170685239258,0.33,0.17794947848607753,0.15382440716339615,0.206783307527394
2019-11-16,8050000.000000001,4.3,14.9,8.65736363878228,5.567026812821355,0.0,0.1821765201035469,0.16411072781925112,0.21255106330079315
2019-11-17,2580000.0,9.4,15.1,12.307081877073294,11.696742357261215,2.12,0.17784446948555582,0.171654769532202,0.14952862147797033
2019-11-18,6980000.0,-0.6,9.9,4.356526865982798,15.827117089354477,0.0,0.5372417050974703,0.5237006850425997,0.34596434438365786
2019-11-19,12230000.0,-3.2,3.8,3.5169363479561344,12.118758905975092,0.0,0.31983718664496774,0.2994737185670596,0.21701893566069227
2019-11-20,12160000.0,-1.9,6.2,3.54886482562879,4.57633548215261,0.0,0.1758568755667851,0.15418584844181932,0.20296873921757724
2019-11-21,10500000.0,2.3,9.7,5.491035584349877,3.424020792401952,0.0,0.14663250117131937,0.125376517173929,0.18477321113135334
2019-11-22,10980000.0,3.3,14.6,8.825117012368327,5.707698995725981,0.0,0.15991792246391148,0.13570467312336376,0.18975047331812592
2019-11-23,9370000.0,5.4,15.6,10.076057126307802,3.828079190106728,0.010000000000000002,0.12579073476643468,0.10426253887727462,0.16007113011542035
2019-11-24,10220000.0,2.5,17.2,9.839427445012905,7.653165355045273,0.05,0.2224834945970516,0.19939553964374618,0.21910128636222198
2019-11-25,3030000.0,4.7,8.4,7.170849923565592,7.89859341883632,0.0,0.18156451142419383,0.1753272138507441,0.16487307549876695
2019-11-26,5990000.0,3.3,10.7,7.299919968346476,5.183919591293864,0.0,0.1424304664042308,0.12993344367085632,0.1631940868112242
2019-11-27,9320000.0,3.3,9.6,5.873160496751924,6.782195031103867,0.0,0.22478052215202168,0.20565289861135877,0.228775931421021
2019-11-28,2690000.0,0.2,6.5,6.893966218994298,5.638859416857761,0.1,0.06654802428599724,0.0615498108573732,0.07403754948075268
2019-11-29,10790000.0,-0.2,7.9,5.462445005059937,4.342879519034295,0.0,0.12348108636941313,0.10309199688930051,0.15197712008418335
2019-11-30,7170000.0,2.2,9.2,6.863107769629003,3.564692975306578,0.0,0.09890777299060886,0.08452694754430881,0.12608951693059223
2019-12-01,2910000.0,-0.5,7.1,6.698571288808527,6.0339387390579855,0.9199999999999999,0.07737997960507312,0.07198218220636257,0.08732822350694501
2019-12-02,11010000.0,-4.3,3.5,3.0019155104936535,13.908587956548839,0.0,0.3735950374142594,0.3557495177682951,0.23808373469186006
2019-12-03,9030000.0,-1.5,5.3,5.050679047760525,10.01166918757389,0.010000000000000002,0.18762527603277124,0.1716753712823184,0.1527596404392793
2019-12-04,10820000.0,-2.8,6.3,3.6768036732314835,8.997033655559676,0.0,0.2633376619107402,0.24432883407237055,0.23585638226256025
2019-12-05,10930000.0,-7.7,1.5,1.9324402168621546,12.705391838939063,0.0,0.3604021372844046,0.34453154323622726,0.23994067435237443
2019-12-06,11180000.0,-5.6,0.8,2.042472818398337,7.877642242659037,0.0,0.2387494714447102,0.22203024368449772,0.210550846792884
2019-12-07,9440000.0,-4.8,4.8,4.141652761298251,6.608599571349223,0.0,0.13545822274827346,0.11991915393357158,0.14596073789159975
2019-12-08,10730000.0,-4.7,4.7,3.8603242991838305,4.1782631347842,0.0,0.10365405832954733,0.08599153625520925,0.1361098801091486
2019-12-09,10290000.0,-1.2,7.6,4.966768189769257,4.6571471616935645,0.0,0.12594933089189708,0.1069272955797601,0.16001291958342065
2019-12-10,7130000.0,2.6,9.6,6.908408726381047,4.097451455243245,0.0,0.10786679800531881,0.09338863564439939,0.13765156235725412
2019-12-11,7780000.0,-3.8,12.0,4.844724736235321,13.717034345785095,0.03,0.5869237780643937,0.5720999018328348,0.3196782863158318
2019-12-12,10660000.0,-5.2,3.2,2.9393526783306587,6.734306628412931,0.0,0.1801743461931346,0.1632988339968675,0.18429548017796646
2019-12-13,9880000.0,-1.5,6.2,2.959752131324805,6.842055534467537,0.0,0.2539914340567301,0.23625860479938873,0.2619455438853654
2019-12-14,10140000.0,-0.7,6.3,4.876501241490257,5.459277906766749,0.0,0.13574399497324957,0.11725572010794476,0.15749114308683634
2019-12-15,9080000.0,-0.6,10.1,5.909038244317583,4.175270109616017,0.0,0.11142371137872598,0.093751738966997,0.15663613242685256
2019-12-16,9810000.0,1.6,9.9,6.891905182461984,2.1998734986148905,0.0,0.06707262708499115,0.0473661886343056,0.10479021478563136
2019-12-17,5610000.0,-0.2,10.4,8.36932890045455,8.581003157182165,0.06999999999999999,0.05230391190684214,0.041262330859027314,0.07430274914276816
2019-12-18,7770000.0,-3.2,7.6,5.127904143261973,5.803475801107854,0.0,0.1195543006744226,0.10568234042571875,0.147328048240343
2019-12-19,10250000.0,-3.5,4.8,2.962676587946634,9.85004582849198,0.0,0.3000892083524602,0.28279565035011117,0.2496556682400326
2019-12-20,10320000.0,-3.7,3.5,3.3654541362273385,8.293672741036547,0.0,0.2089086572795033,0.19198619124913188,0.1895912772204502
2019-12-21,7500000.0,-2.2,4.1,4.057080422115078,3.8879396934703987,0.0,0.10547203175258694,0.09267581761447743,0.13306307509414045
2019-12-22,6720000.0,-2.3,6.4,5.298549205098159,3.540748773961109,0.0,0.07677684033983687,0.0648433032851177,0.10678932551459457
2019-12-23,8640000.0,-3.3,7.4,5.135842728474958,6.626557722358323,0.0,0.12753123014012652,0.1121881110697733,0.14893740879103995
2019-12-24,9640000.0,-1.6,6.6,5.0757813994082515,3.217502055797289,0.0,0.08153021992954598,0.06413660733865652,0.11790253743775492
2019-12-25,9490000.0,-0.8,8.2,3.89375996742855,4.501509852948021,0.0,0.16467045203265357,0.14682766077324175,0.21283953692733096
2019-12-26,2110000.0,-5.2,4.1,4.495787776886289,10.215194899010369,0.13999999999999999,0.14492396058008347,0.14152392399072317,0.12328177094295951
2019-12-27,10630000.0,-4.8,2.8,2.8186262045570247,7.003678893549448,0.0,0.19276944944333152,0.1759414293076543,0.19073260031874736
2019-12-28,10320000.0,-2.2,4.6,3.765158659776296,3.4509580189156037,0.0,0.10470087296401331,0.08692993648872126,0.14263763974832294
2019-12-29,4230000.0,0.3,5.0,5.1885108333694445,2.3285735808467822,0.78,0.0720500885726422,0.0643776710149858,0.09762586217722528
2019-12-30,8150000.0,-10.4,10.2,4.407601229009554,14.842411809022098,0.0,0.36477140778359873,0.3514072509863578,0.24484355774548625
2019-12-31,10950000.0,-7.5,-3.5,1.6987518710320213,10.454636912465052,0.0,0.25525138028378824,0.24095441267132175,0.1774126506451566
2020-01-01,7590000.0,-2.7,1.7,3.8739153642334485,9.1556639894734,0.0,0.18318895815768113,0.17093457970560214,0.14659858049690794
2020-01-02,9630000.0,-2.8,4.4,4.56688637169716,9.832087677482878,0.0,0.18009356189036818,0.16375465072937043,0.14961372133790474
2020-01-03,10660000.0,-3.8,5.5,3.625145087208377,8.3565262695684,0.0,0.2225627614403412,0.20444254974031284,0.20875086416964495
2020-01-04,10340000.0,-4.1,5.1,4.141652761298251,6.755257804590215,0.0,0.14942927800927294,0.1320819839337153,0.15800414112508396
2020-01-05,10850000.0,-2.9,6.3,3.4965458111025294,3.1067601245744987,0.0,0.11255751720738053,0.09353034574378907,0.1608084768956876
2020-01-06,2100000.0,1.8,7.0,6.807869938370085,5.4353337054212805,2.37,0.09196039076732732,0.08791943829930621,0.10302855178380191
2020-01-07,1290000.0,2.9,11.8,9.8903248249526,11.358530513256476,3.3700000000000006,0.03660946969295666,0.03389034264642681,0.06581641298943106
2020-01-08,4670000.0,-3.9,6.1,5.438998820397744,13.306989897743952,0.0,0.15581642185202052,0.14780429836640935,0.12188957218714982
2020-01-09,10750000.0,-4.9,3.6,3.8381756075823446,7.25209998250868,0.0,0.1522228152379877,0.13496807390596718,0.14856964711402865
2020-01-10,10640000.0,-3.7,5.4,4.221103247054682,4.253088763988789,0.0,0.11172684753526067,0.09364063248007284,0.14005075121244445
2020-01-11,11210000.0,-2.2,5.2,3.99052902140701,6.231478400158098,0.0,0.17520044881461833,0.15568396358093312,0.18227178248835435
2020-01-12,11260000.0,-3.8,3.0,3.4271127265177626,11.457300343806534,0.0,0.2754462929668577,0.2571955617031376,0.19630111727125923
2020-01-13,9810000.0,-4.2,1.2,2.6745976867378856,10.735981278274302,0.0,0.2947055138426936,0.2794835111755342,0.20975867698413397
2020-01-14,11280000.0,-5.3,3.7,2.9123478517876,5.9950294118716,0.0,0.18018657546042685,0.16218765847155922,0.1888979145857574
2020-01-15,11660000.0,-5.8,2.4,2.8751015590819953,5.567026812821355,0.0,0.1568201941565886,0.13887363792977211,0.16557121937527358
2020-01-16,10580000.0,-4.3,4.2,2.7366706408669716,4.226151537475136,0.0,0.15630588512046983,0.1389236800506933,0.18646809731625863
2020-01-17,9240000.0,-2.3,6.0,3.730311056582657,3.7622326364066905,0.020000000000000004,0.13959921802927772,0.1233076468002329,0.17240253975195943
2020-01-18,7040000.0,-4.4,5.3,3.5557400249123057,5.165961440284764,0.0,0.15859804963824178,0.14680938674934102,0.17686600074603792
2020-01-19,5540000.0,-2.2,5.0,4.592724706503632,10.10445296778758,0.0,0.21630551983507568,0.20669552856045764,0.16919854637123502
2020-01-20,8880000.0,-6.1,4.2,3.4248934801773556,11.43934219279743,0.0,0.2633802226491874,0.24929465644426183,0.19626832936218153
2020-01-21,12200000.0,-3.5,4.5,3.7820847917807754,2.3016363543331306,0.0,0.0941090307211085,0.07364123693756854,0.12355855281031827
2020-01-22,5490000.0,1.3,6.4,5.4775647409198625,2.9421437403244046,0.27,0.10304147310374592,0.09266741367410566,0.1257896136960956
2020-01-23,2930000.0,-0.7,6.7,6.816028455300152,2.7116808023742736,0.020000000000000004,0.047707436961540416,0.042328100465467144,0.06448441259659203
2020-01-24,11780000.0,1.6,10.1,6.660484767602053,7.120406875108605,0.0,0.19438220494367808,0.17064500702964164,0.1887584468506091
2020-01-25,5770000.0,-0.2,8.6,6.152595524627715,4.3309074183615595,0.0,0.11511683123933833,0.10408644240204674,0.13579223978793886
2020-01-26,8570000.0,3.1,9.4,6.235102184521855,14.151022995171704,0.16000000000000003,0.38635394297293296,0.36887186707316894,0.2549320593703197
2020-01-27,2110000.0,3.7,5.3,7.09015182315884,13.755943672971481,1.9800000000000002,0.1635566234890837,0.15948316272916377,0.10646206299299119
2020-01-28,6340000.0,-2.0,8.9,5.686205990115809,6.545746042817368,0.0,0.15673352077207817,0.14491330227418442,0.16704419496006606
2020-01-29,8670000.0,-2.8,9.2,5.206172815096502,5.219835893312067,0.0,0.15620296119747462,0.140175648645849,0.18014380395909338
2020-01-30,7530000.0,-1.2,6.4,5.25623418106879,4.471579601266186,0.020000000000000004,0.1268977465209333,0.1132635819399566,0.1377163067126808
2020-01-31,9000000.0,-2.8,6.3,4.847743148094907,5.327584799366674,0.0,0.14487332390089108,0.12906191442350418,0.15056981884916015
2020-02-01,11640000.0,-4.0,6.1,4.602807876310766,7.066532422081302,0.0,0.17644596623452471,0.15651255352047655,0.1641761462980422
2020-02-02,11730000.0,-3.3,6.4,4.04035094938848,7.3179465362087175,0.0,0.22954781118129125,0.2090888650418148,0.2094884573704639
2020-02-03,13740000.0,-5.8,3.3,3.220844640746573,8.230819212504693,0.0,0.23164642681402178,0.21011085217326625,0.188891065660923
2020-02-04,14130000.0,-8.9,4.1,2.4824587213988214,10.939506989710782,0.0,0.3617640159238065,0.34063318513205315,0.23924903645476356
2020-02-05,14550000.0,-9.2,-2.2,1.3936005426226252,9.023970882073327,0.0,0.28346381255446385,0.2646408182495358,0.2029882052554118
2020-02-06,13410000.0,-7.7,2.7,3.049611428089977,3.5676860004747613,0.0,0.1297269840974698,0.10975632394854551,0.1407624284933871
2020-02-07,14100000.0,-3.6,4.8,2.727595912967988,9.865010954332897,0.0,0.3721642341824877,0.3484196475384229,0.2785840523069455
2020-02-08,14120000.0,-5.7,3.1,3.266294480300007,8.108105180609169,0.0,0.23359564014384931,0.21150877921331848,0.18576430382189008
2020-02-09,14690000.0,-3.2,3.8,2.993046707377152,9.06886625959608,0.0,0.3248842301439852,0.3004247578574381,0.24478761290034118
2020-02-10,14080000.0,-2.6,8.1,4.594163959966603,5.752594373248734,0.0,0.216449367043034,0.19082182493328959,0.21137987863602162
2020-02-11,14640000.0,1.0,11.4,5.0412940440327585,4.531440104629857,0.06,0.24529413637523395,0.21547522420070742,0.2649797119898968
2020-02-12,1980000.0,5.1,9.3,9.822513001413089,6.916881163672125,1.08,0.03735377063196764,0.0331984827451548,0.04781061687303541
2020-02-13,13050000.0,-0.6,12.4,7.215793318523519,6.066862015908004,0.0,0.2065441966501913,0.18020726195424808,0.1946277046426598
2020-02-14,13530000.0,3.4,14.8,7.5933633657358905,4.965428754016468,0.0,0.24730126928593354,0.21734258208788088,0.26141208626599094
2020-02-15,11100000.0,2.5,14.5,9.299965659807544,8.622905509536736,0.47000000000000003,0.2077068566674683,0.18353079700096137,0.1902531256756968
2020-02-16,5070000.0,-5.1,3.3,3.4304439901945294,17.59599496375094,0.010000000000000002,0.3995815729918257,0.39152353303662524,0.20700528921543865
2020-02-17,12820000.0,-8.1,-1.2,2.099196083406539,15.599647176572532,0.0,0.3984876106799364,0.38109112045257815,0.19856865985374156
2020-02-18,16440000.000000002,-6.8,1.9,2.5303638660547243,8.03327955140458,0.0,0.2766229667496821,0.25208878441592636,0.20858534548016072
2020-02-19,15630000.0,-1.7,7.6,4.108941712167573,4.965428754016468,0.0,0.2440475451823453,0.21540105072183593,0.23348214155324926
2020-02-20,15930000.0,-1.1,10.6,5.027245490641027,4.681091363039032,0.0,0.24543337759387457,0.2144295757746188,0.24760828145945596
2020-02-21,12810000.0,3.0,11.8,6.676497812216812,7.775879386940797,0.22999999999999998,0.31237536082241557,0.28533446853105926,0.2671889564454152
2020-02-22,14420000.0,-4.0,8.2,3.748299778550763,16.138391706845567,0.04000000000000001,0.5515755969834932,0.5259225545062411,0.3159810658170346
2020-02-23,16900000.0,-3.4,6.9,3.701688420145353,8.066202828254598,0.0,0.32820197668821843,0.29851166333623635,0.26088892103321304
2020-02-24,14770000.0,1.8,12.1,4.983760308902671,5.9950294118716,0.9300000000000002,0.33990083931856363,0.3091315112193389,0.3267022273577103
2020-02-25,2069999.9999999998,2.7,6.2,7.839258632365828,8.443323999445724,2.0500000000000003,0.05721838843718563,0.05322865589954647,0.057187178538164504
2020-02-26,9520000.0,1.4,10.4,6.561169863838653,7.144351076454073,0.19,0.23953529774089563,0.22032245342630713,0.2104468522904638
2020-02-27,8310000.000000001,-0.6,6.7,5.238421910261955,4.851693797625493,0.0,0.1739703526712338,0.1586873279030347,0.16457972451350922
2020-02-28,5640000.0,-0.4,6.3,6.545401524849197,4.01663977570229,0.1,0.0945014844146822,0.08416455359207999,0.09154341471568302
2020-02-29,14000000.0,0.4,11.8,6.859002543065704,4.743944891570886,0.0,0.2216934843068489,0.1932651150147209,0.21032804182233575
2020-03-01,11160000.0,0.6,12.7,6.789544811523228,8.93418012702782,0.020000000000000004,0.3087699342223911,0.2857278571077016,0.2613896285585384
2020-03-02,17740000.0,-0.3,8.1,5.066355102102547,7.069525447249485,0.0,0.3115537047343342,0.27797577782077776,0.24286674880311937
2020-03-03,6940000.0,0.4,7.7,6.682511468129042,9.164643064977952,0.020000000000000004,0.18093371537996336,0.16773221752659273,0.1356110615767156
2020-03-04,16410000.0,-4.8,7.1,3.5500098720121653,13.752950647803294,0.0,0.47725769966045506,0.4490517984479928,0.29158634843734965
2020-03-05,18900000.0,-5.4,6.8,3.5729797789032745,6.452962262603679,0.0,0.301625576749889,0.2696781529471023,0.2462524962017766
2020-03-06,18690000.0,-0.8,9.5,3.945024002362538,4.300977166679725,0.0,0.3046073200802152,0.2687016188869352,0.2888190851858333
2020-03-07,7480000.0,-2.2,9.4,5.773725669073015,2.7176668527106402,0.0,0.13177171762330456,0.11775526376384116,0.1470568324643126
2020-03-08,18750000.0,0.2,14.0,6.850798597245266,5.2078637926393325,0.0,0.3397247393451611,0.30049082500882185,0.28196871443384186
2020-03-09,13780000.0,6.2,14.1,9.145410194640338,5.007331106371037,0.47000000000000003,0.272108587633215,0.24073291720435055,0.23883176684613336
2020-03-10,3280000.0,-0.9,8.9,6.956051042729524,11.702728407597583,0.54,0.15116430969997552,0.1449353175686217,0.12600414183389913
2020-03-11,20110000.0,-3.0,7.3,3.5845141295374696,10.050578514760275,0.0,0.4523534759852841,0.41651430201463757,0.30701401380627696
2020-03-12,19610000.0,2.0,13.1,4.384069098691924,7.874649217490854,0.0,0.5187568785516039,0.4771813061675969,0.4349704344963768
2020-03-13,15920000.0,-3.0,11.1,3.444912714869454,8.892277774673254,0.0,0.5781063534292279,0.5478228021575189,0.387289270295034
2020-03-14,20470000.0,0.3,8.3,3.9500572813903494,11.42138404178833,0.0,0.5609651892205634,0.5217042875515406,0.35720634937952395
2020-03-15,17530000.0,-2.0,9.2,3.50446295849889,13.749957622635112,0.010000000000000002,0.6276548118730407,0.5948060904617581,0.38518178661120184
2020-03-16,20000000.0,-0.3,8.5,4.141652761298251,9.227496593509807,0.0,0.47030137800562616,0.432193727024755,0.3293270813355799
2020-03-17,11990000.0,-0.6,12.2,6.978938913803241,10.634218422556064,0.0,0.3314586256108135,0.3073356163525705,0.23655741115002876
2020-03-18,20660000.0,3.3,15.4,5.918037911621179,6.94681141535396,0.0,0.4984451989900786,0.4523889757576063,0.4282606743769441
2020-03-19,15510000.0,2.1,15.1,5.1613193700174,18.44601411151506,0.12,1.0293100815064364,0.9954350087676567,0.5350025927675045
2020-03-20,20940000.0,3.5,13.6,4.072577509308677,10.322943805064975,0.0,0.7050556767743498,0.6593844394627281,0.525176758210672
2020-03-21,20330000.0,8.1,20.7,9.752311540493604,9.478910707637223,0.0,0.6578179074553308,0.6065993281516422,0.5142167091551779
2020-03-22,20120000.0,1.3,17.9,6.7388701320536,4.516474978788939,0.0,0.48877245032653394,0.44361919060479094,0.392315307374448
2020-03-23,21320000.0,2.0,15.9,5.521452220172807,7.207204604985927,0.0,0.6073914268230944,0.5603762650798814,0.4550435075853577
2020-03-24,19190000.0,1.5,15.4,6.362616446710069,3.902904819311316,0.0,0.38704535494715964,0.34530724956117975,0.336088976574328
2020-03-25,21000000.0,7.3,19.1,6.863107769629003,4.725986740561785,0.0,0.49962572731183486,0.4481151008566506,0.48554833737687436
2020-03-26,15650000.0,11.7,19.5,12.35870680261235,5.357515051048509,0.51,0.40142789940699986,0.3609864441725709,0.3503504239435465
2020-03-27,5310000.0,3.6,17.1,10.096241120688008,4.956449678511916,0.32000000000000006,0.19131688534211558,0.17916376703696435,0.20218457567356946
2020-03-28,7620000.0,0.7,9.7,5.52653612805603,5.567026812821355,0.0,0.24502983137443596,0.22998447015081389,0.22854008933757547
2020-03-29,11830000.0,3.5,10.6,6.797683925209208,6.509829740799166,0.020000000000000004,0.3024804710618343,0.27776292048015516,0.24430956505492113
2020-03-30,21740000.0,2.2,15.9,7.409040854820002,3.8161070894339937,0.0,0.3996631147429876,0.3515908799871921,0.3341409607955155
2020-03-31,20490000.0,6.6,18.2,8.192429951278081,3.2504253326473074,0.0,0.402241948515303,0.3529088867773157,0.37899370628234225
2020-04-01,14520000.0,0.1,17.5,6.025153132190565,5.7136850460623485,0.020000000000000004,0.5215909722516272,0.4897026093774567,0.4077281384588657
2020-04-02,22380000.0,1.5,16.1,4.003251646055985,7.111427799604055,0.0,0.7458413603760801,0.6966911151196107,0.5353190974769921
2020-04-03,23370000.0,3.6,17.6,4.116771398208357,9.074852309932446,0.0,0.9240325187605951,0.8702008891285777,0.6391858759630017
2020-04-04,21670000.0,-0.2,15.5,4.746046340561101,7.952467871863624,0.0,0.7491256399284321,0.7030498855319495,0.4774852757478166
2020-04-05,23940000.0,-0.6,14.4,3.603037848525827,5.602943114839558,0.0,0.6341069906818999,0.5843082716569917,0.46693672614358733
2020-04-06,23540000.0,4.0,16.7,3.374201747577176,7.365834938899654,0.0,0.7522053375622526,0.698328801798927,0.6197922904871346
2020-04-07,22780000.0,3.5,18.8,5.96684590862736,10.697071951087917,0.010000000000000002,1.0222134049433853,0.969007530313519,0.6058429438697637
2020-04-08,24070000.0,0.1,14.8,3.705255557990155,8.179937784645574,0.0,0.8077542155797449,0.7568704996024623,0.5276614243539329
2020-04-09,23370000.0,3.8,15.3,5.1805002102746265,7.497528046299729,0.010000000000000002,0.6173463149670811,0.5649691966550487,0.49933818285286974
2020-04-10,14920000.0,3.2,14.1,5.457413306862683,5.312619673525756,0.0,0.40895508480290016,0.3763234839537575,0.3772616700038026
2020-04-11,12610000.0,4.4,14.2,5.430646792312417,5.261738245666637,0.0,0.4024574424712111,0.374384438669851,0.38191522557104923
2020-04-12,17690000.0,3.3,11.9,6.694553139876978,11.84639361567039,0.09000000000000001,0.5313374604773793,0.49377832803518273,0.33061846962280905
2020-04-13,18460000.0,2.7,14.8,4.198456228203575,8.727661390423158,0.0,0.6546611977599719,0.6141756670916145,0.523362546912186
2020-04-14,24420000.0,5.2,21.0,3.680349522326399,8.164972658804656,0.0,1.1715396531462157,1.1117772452212766,0.7776987160498084
2020-04-15,21110000.0,6.5,22.1,6.539497037440632,7.0844905730904015,0.0,0.9109002479465195,0.8578321478317538,0.6584466848679302
2020-04-16,23330000.0,7.7,17.5,7.820806163014452,9.739303897269188,0.08000000000000002,0.7188934003040288,0.6624572766352375,0.5240440923117556
2020-04-17,10800000.0,6.5,16.1,10.727688258811263,7.398758215749672,0.61,0.2959187278278698,0.27059956068909546,0.23897209816185705
2020-04-18,14210000.0,6.6,18.1,8.245391401514638,8.323602992718381,0.0,0.5259879672053435,0.4918155359694841,0.44654760820750583
2020-04-19,7100000.0,8.3,13.3,9.679771268167844,9.236475669014357,1.69,0.3151930339534469,0.2987551896340076,0.2394425949801958
2020-04-20,14410000.0,5.2,16.7,7.80009296218624,14.360534756944551,0.0,0.6854853915417879,0.6519970058361335,0.45494987735714804
2020-04-21,20890000.0,2.2,12.7,3.7446958883895642,18.065899915155757,0.0,1.0732798023266452,1.0291185714680897,0.568911351166698
2020-04-22,19540000.0,2.2,9.6,4.019844837584926,17.02732018179607,0.0,0.8819129085030551,0.8424781419161791,0.4492767138989796
2020-04-23,23440000.0,1.6,13.6,4.018566275998348,14.312646354253616,0.0,0.9159124106339596,0.8661449677597316,0.5559120900795909
2020-04-24,23430000.0,4.9,14.9,4.157435926339494,13.800839050494233,0.010000000000000002,1.0097723588241494,0.9567720985580342,0.6388857817145437
2020-04-25,24870000.0,5.2,22.0,7.194360774269429,14.725683827462941,0.0,1.500116021245065,1.438557064473339,0.7531280048404446
2020-04-26,24370000.0,3.5,17.2,6.896027799981558,7.296995360031433,0.010000000000000002,0.6693679201184863,0.6135917443940919,0.4777058433414231
2020-04-27,20840000.0,4.3,16.9,6.108,7.659151405381639,0.010000000000000002,0.6464386005457489,0.598434699752799,0.5055813756694124
2020-04-28,25630000.0,5.4,19.8,5.999582015376397,9.60461776470093,0.0,1.0298924115082069,0.9678925036800404,0.6714449825255742
2020-04-29,25580000.0,6.8,23.4,6.120977409400365,7.0934696485949535,0.0,1.0708492616088983,1.0054322692896815,0.7536104073362276
2020-04-30,25260000.0,13.3,25.4,10.633679044151481,10.056564565096643,0.010000000000000002,0.9950204928517357,0.9249321149210378,0.8098914081146382
2020-05-01,23240000.0,16.5,29.8,15.059550191157202,11.37948168943376,0.0,1.1886652540491494,1.1201411799161174,0.9009166213995814
2020-05-02,17830000.0,15.4,28.8,13.02207564531837,9.284364071705292,0.11000000000000001,0.996989993794591,0.9452389188743687,0.8280506213147507
2020-05-03,10320000.0,13.8,21.0,16.330742995334557,5.444312780925832,0.21000000000000002,0.30572550788219083,0.27808980159305974,0.2605729905415431
2020-05-04,23480000.0,12.6,29.6,12.546136607245588,10.092480867114844,0.0,1.326860301445969,1.2597733674754479,0.8962505287077805
2020-05-05,12710000.0,11.2,22.5,13.70520555231493,5.013317156707404,0.37000000000000005,0.3871029786528339,0.3534256701811781,0.3642774766257169
2020-05-06,25370000.0,9.1,26.0,9.35918953819875,8.144021482627371,0.0,1.1280121132200907,1.0598808939968374,0.7785585328219933
2020-05-07,24550000.0,8.8,20.9,6.848748965760641,9.16165003980977,0.0,0.8873293195961649,0.8248778150891966,0.7112395494216994
2020-05-08,22900000.0,14.1,25.4,11.639916227812316,8.661814836723122,2.87,0.8691711801084191,0.8051907379054531,0.740139998821357
2020-05-09,5870000.0,12.7,18.2,15.826816264154147,9.912899357023832,0.71,0.21515155243843975,0.20002972699689575,0.15802148080493167
2020-05-10,15350000.0,10.9,21.4,13.000430414899476,12.127737981479642,0.0,0.6178295303896335,0.5777168294421717,0.44693171769283674
2020-05-11,25760000.0,11.9,23.9,9.443205437344544,11.831428489829474,0.0,1.0723340726957438,1.00270016282578,0.8125199182770053
2020-05-12,25530000.0,8.4,22.5,9.100540622140931,13.687104094103258,0.0,1.2297149212047316,1.1639465730748135,0.7196154749386032
2020-05-13,27050000.0,10.8,22.9,6.8692696793121755,9.236475669014357,0.0,1.0152767557709739,0.94360317637221,0.8317164501148222
2020-05-14,22570000.0,16.1,26.9,7.387102185162719,5.971085210526131,0.12,0.8709059378246504,0.806006584193006,0.8761129782284852
2020-05-15,4670000.0,12.9,16.6,14.606247342169326,7.018644019390366,1.59,0.18207667948265183,0.1702222191938399,0.15897321076770693
2020-05-16,15590000.0,13.4,23.3,15.64351239115655,5.725657146735083,0.020000000000000004,0.4606262850107541,0.4181331060011465,0.39311567556283694
2020-05-17,23230000.0,15.3,27.2,17.062613753062493,6.198555123308079,0.0,0.6919715268977865,0.6254390980718051,0.5825315265820157
2020-05-18,17430000.0,11.1,23.3,14.486880171189886,11.879316892520407,1.92,0.6422508900136862,0.5957534644067772,0.4654191436866201
2020-05-19,16710000.0,7.4,16.5,9.72714743507264,9.84106675298743,0.21000000000000002,0.5230364038800399,0.4832344683039458,0.36456805195887815
2020-05-20,18370000.0,7.4,17.8,9.378103071593337,6.599620495844672,0.0,0.504141074407846,0.45970337223057645,0.4052612995655389
2020-05-21,22680000.0,10.8,21.0,10.927182875073756,6.138694619944409,0.0,0.6255722115040605,0.566603505515777,0.5117883559634274
2020-05-22,22970000.0,10.9,21.3,12.1160202659855,8.548079880332146,0.06999999999999999,0.6797062861468347,0.6197413380745397,0.5051912106577559
2020-05-23,26180000.0,15.3,25.5,12.849797175322724,5.462270931934933,0.0,0.7694390506684744,0.6954887221376352,0.6686611164362802
2020-05-24,19170000.0,13.2,24.0,14.368370445416433,9.218517518005257,0.12,0.6804099513530873,0.6279215949369836,0.5363131729083686
2020-05-25,15190000.0,12.9,23.0,13.697655238474928,4.821763545943658,0.0,0.46425691881720466,0.42315746089901723,0.42344847441635236
2020-05-26,21980000.0,12.6,26.4,11.646459839491396,8.859354497823233,0.020000000000000004,0.9905582088430067,0.929411738460842,0.7549365395939647
2020-05-27,26070000.0,11.5,25.1,10.41219602744578,5.336563874871224,0.0,0.8090834644949098,0.7380900729654656,0.6708655144729313
2020-05-28,23230000.0,11.1,25.5,9.901666797546923,5.74960134808055,0.0,0.8455496037366818,0.7822900530949867,0.6866389168803236
2020-05-29,25700000.0,12.4,26.9,10.8654550027281,5.016310181875587,0.0,0.8610567346630817,0.7893763707798749,0.7092942510287552
2020-05-30,26240000.0,12.6,29.0,11.054690732212595,5.644845467194127,0.0,1.0392086523623958,0.9645992770249785,0.8051878268005268
2020-05-31,22980000.0,17.8,29.2,13.6035841716013,9.260419870359824,0.0,1.0317017002837252,0.9635990615452557,0.9138559063318006
2020-06-01,23610000.0,13.4,26.5,9.011383229010706,10.712037076928834,0.020000000000000004,1.2386111314215804,1.172421954108373,0.9472769075553904
2020-06-02,20370000.0,18.1,29.0,10.516440030840291,6.569690244162837,0.020000000000000004,0.894144204145922,0.8337330270610879,0.8933527308340888
2020-06-03,22330000.0,20.3,29.9,15.986048594252916,8.018314425563663,0.0,0.9584071542737698,0.8907448923889488,0.8644674489477527
2020-06-04,26460000.0,20.4,33.0,16.5433466611109,10.41872061044685,0.0,1.3096443698885945,1.2277983453457433,1.101256638327523
2020-06-05,25600000.0,17.6,33.8,15.374137933599469,8.65283576121857,0.04000000000000001,1.4495010470820142,1.3713143701149548,1.056369264711883
2020-06-06,23350000.0,16.1,26.8,12.921334863640723,8.820445170636846,0.0,0.9374716435743785,0.87038248432779,0.7964773426337238
2020-06-07,24180000.0,18.2,30.5,12.344921572279032,4.196221285793301,0.0,0.8036066509321224,0.7310824682506532,0.7882565241377673
2020-06-08,27220000.0,20.4,35.0,14.790954432233693,5.294661522516655,0.0,1.1506522215999395,1.0654289843244105,1.000578967200308
2020-06-09,27040000.0,21.7,36.2,14.900321829269021,6.602613521012855,0.0,1.3298095363857336,1.2439249112058566,1.1466169611655217
2020-06-10,22960000.0,21.0,35.8,18.642766310754375,6.180596972298978,4.86,1.1225638633568398,1.0500901095539852,0.9563733790599238
2020-06-11,20140000.0,21.4,30.1,22.30163626758014,5.73164319707145,0.09000000000000001,0.702986456644804,0.6414355887228356,0.6092703338313379
2020-06-12,7830000.0,20.2,26.8,23.796085575704577,2.915206513810753,2.06,0.2626412185375288,0.23943653353656197,0.2504891748563507
2020-06-13,22740000.0,21.6,29.4,22.645332764355537,6.336234281044521,0.7000000000000001,0.7636638539705973,0.6943932562442686,0.6219176914246072
2020-06-14,21020000.0,16.6,28.9,20.26972375324252,11.600965551879343,0.08000000000000002,0.8251144927969992,0.763501336364089,0.6157797125441289
2020-06-15,25120000.0,17.0,28.2,15.882603446201491,9.844059778155613,0.0,0.9821994957111271,0.9087336105012269,0.7910539145442019
2020-06-16,25680000.0,17.4,29.0,15.315757924112111,4.606265733834444,0.0,0.7780014395119219,0.7022275582464104,0.70788075011815
2020-06-17,19080000.0,19.6,27.4,16.335147673585666,6.267394702176301,0.0,0.7322608409862505,0.6757160913287222,0.6625368722268199
2020-06-18,9200000.0,16.6,22.1,16.39692268398991,5.626887316185026,0.06999999999999999,0.36818382646488623,0.3426567846215601,0.33732788322783447
2020-06-19,19930000.0,15.6,27.0,17.28354387609431,5.501180259121319,0.020000000000000004,0.6124898497869078,0.5553633020156372,0.5336701916588281
2020-06-20,19680000.0,17.5,28.0,18.30419933353059,4.90856127582098,0.0,0.6200589700810569,0.5623735790915386,0.5516154594925231
2020-06-21,26310000.0,16.0,28.3,17.06719108364599,5.959113109853397,0.0,0.7969817777064605,0.7205591235865212,0.662564330710449
2020-06-22,27620000.0,18.0,32.3,16.794449295399318,5.0701846349028905,0.0,0.9856144152535153,0.9018670014326544,0.8243985372146703
2020-06-23,24330000.0,20.5,32.2,18.236166001798377,8.443323999445724,0.0,1.0271699829931993,0.9522411532708321,0.9214372627089752
2020-06-24,9400000.0,20.0,26.7,20.564310525373436,6.6744461250492595,0.91,0.45144402455976956,0.42364686938144025,0.42556616539544967
2020-06-25,8029999.999999999,18.7,24.4,22.128632013376347,8.069195853422784,0.13,0.31718284010339937,0.29407459750627796,0.25816908325200394
2020-06-26,19440000.0,18.0,27.7,18.095944388599445,9.6644782680646,0.0,0.8047595237775356,0.7476927867300033,0.6533074748970368
2020-06-27,19180000.0,18.0,28.4,19.968329991357365,4.145339857934181,0.17,0.5722190495717825,0.5156246943275258,0.5040574472550354
2020-06-28,22760000.0,19.2,27.7,21.214546961707374,5.168954465452947,0.26,0.6656915978832276,0.5982895496292502,0.5333366746267585
2020-06-29,10010000.0,19.4,26.6,21.364559483620834,13.627243590739589,4.37,0.6092889559393677,0.5798390219448849,0.46536059096267585
2020-06-30,8780000.0,16.8,23.5,20.031453120162574,10.02962733858299,0.8800000000000001,0.36138351720704265,0.3366861103525316,0.2782767169269066
2020-07-01,16730000.0,17.4,23.0,18.7817131152768,4.767889092916355,0.18000000000000002,0.4599801297398979,0.4128805359800423,0.3621597900768264
2020-07-02,22190000.0,18.3,27.2,17.880229730990283,5.555054712148622,0.0,0.6990691479621757,0.6340265246869007,0.5941777840644543
2020-07-03,11640000.0,17.0,22.4,17.842117349691712,7.114420824772238,0.54,0.42036636564898205,0.3878731405180155,0.34130377128264805
2020-07-04,16970000.0,17.6,25.3,18.741921749107046,4.345872544202478,0.020000000000000004,0.4972643527696029,0.4485061929231529,0.4241509361234462
2020-07-05,20460000.0,18.6,27.4,20.121176631608343,4.324921368025193,0.0,0.5936362771266854,0.5334419065445555,0.500638080133571
2020-07-06,16110000.0,21.0,28.1,23.244456836579225,6.279366802849035,0.0,0.5649190396794269,0.5164662333867924,0.47047218963675996
2020-07-07,22800000.0,19.1,29.3,21.197935946878502,6.204541173644447,0.05,0.7289916237918586,0.6607488898517049,0.602858065534644
2020-07-08,21780000.0,19.6,29.0,21.31445249280237,6.503843690462798,0.04000000000000001,0.7200767950827915,0.6547962961867193,0.5937869737123268
2020-07-09,20750000.0,20.4,29.8,21.577260618866823,10.296006578551324,0.45,0.8701420468987127,0.807267352133373,0.6915018244688366
2020-07-10,8500000.0,20.9,25.4,24.85732657526549,5.234801019152985,2.4000000000000004,0.2847099538326955,0.25964736217474493,0.23812971103815866
2020-07-11,19940000.0,19.7,28.4,21.515499508895036,5.79150370043512,0.11000000000000001,0.6434550352387096,0.5838976789277985,0.5362559579660623
2020-07-12,6910000.0,17.3,22.7,19.37217753667794,12.014003025088666,7.95,0.38042721460183077,0.36103904740180176,0.2881165358669162
2020-07-13,6660000.0,17.5,20.0,18.896525892367702,11.433356142461063,3.78,0.3000578925298627,0.2817733059412984,0.20884110231482808
2020-07-14,6680000.0,18.0,21.4,18.75186265970236,2.687736601028805,0.79,0.21433754926051915,0.19569023449463802,0.20585797021526714
2020-07-15,13810000.0,17.6,22.8,18.294466689060926,3.1516555020972516,0.15000000000000002,0.37520542087428443,0.33632643762122966,0.32291434455348156
2020-07-16,24490000.0,16.5,28.1,18.627932709368228,5.504173284289502,0.0,0.7058482920228057,0.6345490079729129,0.5882566933292956
2020-07-17,26560000.0,16.0,27.5,18.37245498544046,5.827420002453322,0.0,0.7376814341906783,0.6610085421273229,0.5911961196018473
2020-07-18,22460000.0,18.4,27.2,19.764381123271047,7.033609145231282,0.010000000000000002,0.7131039472842563,0.6472208680792195,0.563564402998772
2020-07-19,9160000.0,22.0,26.1,26.45274421905983,10.81080690747889,0.47000000000000003,0.37300413585407366,0.34564478862198006,0.2663465157670106
2020-07-20,14220000.0,20.1,28.6,24.346627206342394,10.61326724637878,0.4,0.5867841443482764,0.544133446344534,0.4542469019185928
2020-07-21,22370000.0,21.8,31.4,22.458350576336596,5.16296841511658,1.62,0.751520368886599,0.6824114979897931,0.6621067312394018
2020-07-22,4530000.0,20.5,23.1,24.066887683157507,5.8992526064897275,4.07,0.16317955783194404,0.1500922407648573,0.1467926075644608
2020-07-23,4840000.0,19.0,20.6,20.564310525373436,18.754295703837965,5.550000000000001,0.327912454498499,0.31437839165832987,0.19647475475573542
2020-07-24,9480000.0,19.7,23.3,22.85140235334775,8.727661390423158,2.58,0.3230314721050977,0.29577201829792055,0.2303879992324717
2020-07-25,8189999.999999999,20.0,23.4,23.31053745921799,6.405073859912743,0.5599999999999999,0.2662898053684256,0.24266554346397745,0.20728634589717973
2020-07-26,12910000.0,19.9,26.8,23.12472984209061,5.698719920221431,0.11000000000000001,0.4297687614995439,0.39159203029185974,0.3614762574154444
2020-07-27,6600000.0,20.3,24.1,23.382812709274457,6.20753419881263,1.4000000000000001,0.25224124703777967,0.2330555459580146,0.2170064443157862
2020-07-28,7080000.0,20.6,24.9,24.246840368104046,5.638859416857761,2.62,0.2558607479474696,0.23510807679880136,0.22107989045574827
2020-07-29,7870000.0,20.8,25.5,26.271910192860727,4.663133212029932,1.77,0.23273788256359276,0.2095328712285256,0.1874446211202425
2020-07-30,6940000.0,22.1,25.4,26.486351042239217,6.414052935417294,0.13,0.25008093964820965,0.22944007276431563,0.20390058980095532
2020-07-31,17100000.0,22.6,29.6,26.64818343377009,6.728320578076564,0.06,0.5905838101731719,0.5380878437378918,0.47232739428353837
2020-08-01,15160000.0,22.9,29.5,27.53291450394816,5.01930320704377,0.33,0.49391339432551795,0.4473138393770565,0.40674642503714703
2020-08-02,14330000.0,23.5,28.5,29.218036436155273,8.293672741036547,0.67,0.48877417072582097,0.44483815432989793,0.35032170897983717
2020-08-03,15520000.0,23.1,29.4,28.129797056909478,8.78752189378683,0.06,0.571673649254815,0.5239372467971832,0.43044761838812706
2020-08-04,14430000.0,23.8,30.0,28.824718284770537,6.015980588048884,0.30000000000000004,0.5054984765455927,0.4607532840073529,0.4129702724181786
2020-08-05,10070000.0,24.6,28.8,29.11561800852297,10.215194899010369,1.2800000000000002,0.47379978500492514,0.44265127906590357,0.3723043263265688
2020-08-06,8930000.0,22.0,27.0,28.08021879658835,10.080508766442112,1.9500000000000002,0.32439263246379857,0.2975529924808996,0.23063073537734394
2020-08-07,3550000.0,20.9,24.0,25.145074018676734,4.486544727107104,13.07,0.12437582136961345,0.11401693680152303,0.1304100332347858
2020-08-08,3440000.0,21.1,25.0,26.60764458623544,5.980064286030683,7.359999999999999,0.12163985522400078,0.11151174628721197,0.12147114494192184
2020-08-09,12290000.0,24.4,29.4,28.20786014357862,11.945163446220446,0.16000000000000003,0.6116952260260988,0.5735858416674732,0.46609185591612085
2020-08-10,7850000.0,23.5,27.4,29.667966378113015,8.667800887059489,2.4600000000000004,0.2940422181576712,0.27014524523214467,0.2208723065188865
2020-08-11,10690000.0,23.4,27.0,29.11561800852297,6.578669319667387,1.9500000000000002,0.33809457904636364,0.3056595193767901,0.2478896751553054
2020-08-12,14090000.0,24.0,29.6,30.10888379471995,6.396094784408192,0.17,0.47187765489179617,0.4282405277175257,0.3648125522019411
2020-08-13,18750000.0,24.0,31.1,30.06378514702448,8.084160979263702,0.12,0.6560829888386899,0.5974829995048803,0.4926797277516194
2020-08-14,20050000.0,24.8,31.0,29.61602989537622,11.55607017435659,0.020000000000000004,0.8070011443397576,0.7440784446894303,0.5722320256865336
2020-08-15,17500000.0,23.9,30.5,29.682819961756504,8.04225862690913,0.06999999999999999,0.613347774235401,0.5588839935817094,0.4615020895781018
2020-08-16,22020000.0,22.4,30.6,26.98127489104962,7.823767789631733,0.0,0.7331077107072601,0.6651650339508166,0.5573587108199906
2020-08-17,23270000.0,22.0,31.7,27.924897662121243,4.669119262366299,0.0,0.6800158536069734,0.6079035612687499,0.5405429403077024
2020-08-18,25190000.0,22.3,31.6,27.421805492514398,5.501180259121319,0.0,0.754137495252268,0.6759792638812475,0.5893889639756879
2020-08-19,24910000.0,21.3,32.0,26.112076316035463,6.027952688721619,0.0,0.7675067591222318,0.6905030179190672,0.6195318360011389
2020-08-20,24520000.0,24.0,32.2,26.56715961211178,5.453291856430383,0.0,0.7948436503994725,0.7177130142899177,0.6580272910498375
2020-08-21,17610000.0,22.7,31.0,26.16525963005479,6.560711168658286,0.05,0.6326083573713185,0.5780360553482797,0.5390847474633245
2020-08-22,12630000.0,21.0,28.0,25.689998320163273,4.947470603007366,2.0100000000000002,0.3939908657466054,0.3560306582455958,0.33182427987459095
2020-08-23,20040000.0,22.1,28.3,25.235187078180804,3.573672050811129,0.03,0.5493495316099485,0.4885451727906543,0.442519703367522
2020-08-24,20980000.0,22.5,30.5,28.85369365369683,3.9897025491886384,0.1,0.5854853916382788,0.5207516333117491,0.45426703059061796
2020-08-25,22120000.0,25.0,32.3,28.65139878139347,6.390108734071825,0.13,0.7653505864773239,0.6953293314066042,0.6228879515714711
2020-08-26,17750000.0,25.0,29.4,28.579451216720166,14.845404834190283,0.45999999999999996,0.8095439752021167,0.7543021405390868,0.5370797396113887
2020-08-27,15280000.0,24.5,30.6,29.59379569916341,8.114091230945537,0.13,0.5805220090556232,0.5327669244145239,0.46017209970229855
2020-08-28,11320000.0,23.8,28.6,30.418640591237885,4.3368934686979275,0.30000000000000004,0.3396520967991451,0.3048561230513493,0.26914016404283486
2020-08-29,12280000.0,23.9,29.9,29.79442881525007,4.639189010684463,1.4000000000000001,0.40133712253559317,0.36325874662640495,0.3371519826042936
2020-08-30,15620000.0,23.5,29.9,27.86860350145098,5.387445302730344,1.9000000000000001,0.5137728683908964,0.4654571124060388,0.4263410249126517
2020-08-31,16300000.0,20.5,26.6,23.06506884381934,9.33225247439623,0.0,0.5728677435345939,0.5245269390926304,0.42829571125286414
2020-09-01,11290000.0,22.9,27.2,25.611525819997627,7.368827964067838,0.38,0.4374761652682432,0.4032891558640257,0.36404840588785375
2020-09-02,5940000.0,20.7,25.8,27.015467370782957,20.52616660340261,7.7700000000000005,0.2657943375918918,0.24825441446467625,0.15461717413317483
2020-09-03,20100000.0,16.7,25.9,19.858283559088637,13.79185997498968,0.05,0.7132962413727294,0.6556824124614129,0.47565070672632653
2020-09-04,21950000.0,18.9,26.5,17.65733738166701,5.917210757498827,0.0,0.6636774185360921,0.5993862776470266,0.57152819925592
2020-09-05,4530000.0,16.8,22.9,18.26043813751939,5.204870767471149,2.59,0.23058403701413263,0.2179060220888068,0.2443973306495017
2020-09-06,5850000.0,17.1,23.6,19.22432777827603,16.288042965254743,2.29,0.47011352207131596,0.4536028307399301,0.34092776795638674
2020-09-07,6760000.0,19.1,23.2,20.360380770535755,20.223871061416077,2.17,0.5617723336989113,0.5424421736039029,0.347904383632898
2020-09-08,17940000.0,17.4,25.5,19.96307760169994,9.23946869418254,0.35000000000000003,0.5710816199999125,0.5195364586772659,0.43053807644529807
2020-09-09,13060000.0,17.4,24.6,20.737425496871413,4.444642374752534,1.4100000000000001,0.3449461551603102,0.3076913051154759,0.2922419906377264
2020-09-10,14390000.0,19.4,24.5,20.094750907601828,4.73795884123452,0.03,0.417580714430905,0.3759106185595809,0.3601253726008078
2020-09-11,6340000.0,17.9,22.9,18.98680781291751,8.979075504550574,2.43,0.34140052679715643,0.32349200567853453,0.3010413656268509
2020-09-12,6170000.0,16.0,21.9,19.022019364651253,5.06120555939834,0.2,0.20143761190144976,0.1844378090478022,0.18916155548968244
2020-09-13,14740000.0,17.2,23.2,18.08630885953864,4.037590951879575,0.0,0.38115779902041114,0.33966060762649175,0.3323292471008357
2020-09-14,16020000.0,16.8,24.4,17.961455551323017,5.399417403403079,0.0,0.45108980498283113,0.40568842428878815,0.3913690755382312
2020-09-15,20390000.0,19.5,26.1,20.333680164686765,4.645175061020829,0.30000000000000004,0.5378958905249736,0.47808484934105994,0.4495106003357218
2020-09-16,11430000.0,18.2,24.8,21.17580563496482,4.363830695211579,0.06999999999999999,0.3181095097347294,0.2852428897963291,0.28020980476799706
2020-09-17,6320000.0,17.2,22.6,19.842606075167655,6.228485374989914,0.12,0.2328916118490843,0.21518891125773632,0.21392798909762017
2020-09-18,14570000.0,14.4,22.6,14.459151401632965,9.10478256161428,0.010000000000000002,0.5450640277267331,0.5052426786680446,0.4546589675972876
2020-09-19,14970000.0,13.6,21.8,16.74486343381145,8.11109820577735,0.21000000000000002,0.3943526263161081,0.3540369396234822,0.3007435288380167
2020-09-20,21460000.0,11.1,22.5,12.438234854537882,7.0455812459040175,0.0,0.557889754968605,0.5010832807332443,0.4798794217987461
2020-09-21,16140000.0,14.1,21.4,14.102895249461902,5.148003289275662,0.0,0.4201862764321058,0.3766789074691451,0.3744307895639139
2020-09-22,14310000.0,13.4,20.6,14.079679145462508,8.586989207518531,0.0,0.4596840045492157,0.42165657767233117,0.37026606199583867
2020-09-23,11420000.0,14.9,20.7,14.92879196549471,9.79916440063286,0.020000000000000004,0.4573672122798734,0.4265543875767454,0.3650448581955116
2020-09-24,15710000.0,14.9,22.2,15.453680294342437,7.973419048040909,0.0,0.4842881689958715,0.44131224075297587,0.3984801730524099
2020-09-25,17740000.0,12.6,22.1,15.022673217068714,6.698390326394729,0.0,0.43752976491738815,0.3900694039749974,0.36351168984989923
2020-09-26,15190000.0,13.6,22.3,14.730499818097718,6.626557722358323,0.0,0.4336603609638452,0.39256090304565766,0.38244660356467486
2020-09-27,15780000.0,10.1,21.8,13.428266117052825,6.306304029362686,0.0,0.39076309545264587,0.34969292720651507,0.3547886208742669
2020-09-28,18960000.0,11.9,21.6,14.356566429947607,2.9690809668380567,0.0,0.35557644440592584,0.30543673635013857,0.3179233973597748
2020-09-29,17650000.0,13.2,23.0,14.289837726003833,3.807128013929443,0.0,0.3927991384561188,0.3449110163631862,0.3703584241425889
2020-09-30,15830000.0,12.8,22.0,14.415671778930072,4.989372955361935,0.0,0.37934458093410056,0.3369537640196679,0.34717696467873393
2020-10-01,13810000.0,15.8,22.1,15.882603446201491,5.513152359794052,0.06,0.3851356912938738,0.3470858894447858,0.3480456491346505
2020-10-02,14350000.0,16.1,23.2,15.69447859093413,5.878301430312442,0.21000000000000002,0.4310127637372186,0.39098890296974714,0.3994867164958258
2020-10-03,9810000.0,16.2,21.9,17.436884481528754,3.9867095240204544,0.1,0.26232532887966364,0.23524858716523517,0.2495879486961446
2020-10-04,9520000.0,8.1,21.5,11.438661815581769,10.484567164146886,0.0,0.5186989470433467,0.494507290325342,0.42017553800664825
2020-10-05,18930000.0,7.8,17.0,8.602074134922596,8.607940383695817,0.0,0.5078818682466568,0.4623047643569496,0.41518854623485274
2020-10-06,18690000.0,9.9,18.8,9.752311540493604,4.1064305307477955,0.0,0.3774698232728662,0.33043413076571193,0.3664456657726469
2020-10-07,15850000.0,11.8,19.6,12.018106674721391,9.110768611950649,0.0,0.4900109295656875,0.44896838101025816,0.40070882531035057
2020-10-08,16900000.0,13.3,18.8,10.739871612797543,14.097148542144401,0.0,0.7590049065936721,0.7149306347882186,0.525381879717711
2020-10-09,16399999.999999998,11.0,19.0,11.042193562089802,11.086165222951774,0.0,0.5627278667194239,0.5208757482882137,0.43179791020960423
2020-10-10,15880000.0,9.8,20.6,11.529168592933129,6.321269155203603,0.0,0.39764092425723746,0.35694480827841957,0.3775038828636254
2020-10-11,13760000.0,11.9,19.9,13.350576360749564,3.0319344953699106,0.04000000000000001,0.266201134792133,0.2304247064676717,0.25936525187803194
2020-10-12,12110000.0,9.1,21.2,12.25906978958474,5.626887316185026,0.0,0.31718251197546793,0.2861804278030267,0.3259416861170604
2020-10-13,13970000.0,7.1,18.2,8.740885488257442,5.405403453739445,0.0,0.34674814783771174,0.3129145872603918,0.3558397826176406
2020-10-14,12090000.0,5.2,17.8,8.068439576587766,5.372480176889427,0.0,0.33519402049401226,0.30671035602013696,0.34197638800683594
2020-10-15,14650000.0,8.1,17.4,8.420837689439045,3.3940905407201174,0.0,0.28727517258016866,0.2517117630119087,0.30830955352510125
2020-10-16,9240000.0,6.3,17.0,9.171895048103694,3.561699950138394,0.0,0.2150258780204078,0.19317657196695637,0.2433807026042949
2020-10-17,16250000.0,5.6,18.4,8.95410429050065,3.543741799129293,0.0,0.2896113772877148,0.25085847547060336,0.2982930907235046
2020-10-18,16600000.000000002,5.7,18.6,9.201106447115379,4.289005066006991,0.0,0.3145778844301549,0.27484759988213003,0.3143487803568846
2020-10-19,15490000.0,8.0,19.5,10.56139658221522,3.2085229802927384,0.0,0.26571247282939636,0.22724211765317026,0.28342812432689657
2020-10-20,15710000.0,8.9,20.0,11.07032969820302,4.570349431816242,0.0,0.31124864725449575,0.27162657209203,0.32148528969615925
2020-10-21,6490000.0,8.4,16.2,12.785711148125815,3.0139763443608096,0.08000000000000002,0.11506729947601388,0.0994785567009348,0.12246320880013895
2020-10-22,10490000.0,5.3,19.2,8.589551851904895,9.54475726133726,0.0,0.5318032544201817,0.5066366061602274,0.4234735901735453
2020-10-23,16030000.000000002,3.4,13.1,5.301816661202433,10.12241111879668,0.0,0.5019611602403986,0.4672906782379315,0.40580143654511297
2020-10-24,15900000.0,4.8,12.1,5.339520797089885,10.709044051760651,0.0,0.5267029054579304,0.49212052527882244,0.4035480248199438
2020-10-25,15000000.0,5.7,17.0,7.559755463090236,6.584655370003754,0.0,0.3673131567454227,0.3321040841154106,0.37272362194549746
2020-10-26,15050000.0,7.4,18.5,8.418378564648181,2.4213573610604717,0.0,0.23230822566049064,0.19560381639401206,0.27132743802834025
2020-10-27,14460000.0,9.1,19.2,9.627062113242395,4.223158512306953,0.0,0.2958031498511705,0.25957145761690387,0.32844821527471496
2020-10-28,14300000.0,4.9,19.4,7.235130795308767,6.162638821289878,0.0,0.4751757658637481,0.44095027977719664,0.4266100930053686
2020-10-29,14660000.0,4.9,16.4,7.254514019080317,3.8669885172931133,0.0,0.2535423885913386,0.21973073293062403,0.2935870209680336
2020-10-30,12740000.0,4.8,17.0,8.637222214367995,5.797489750771486,0.0,0.2752476206383506,0.2456775134272271,0.292633701884057
2020-10-31,12900000.0,8.8,15.8,8.61963237629589,4.028611876375024,0.010000000000000002,0.25157666982205373,0.2205913413477055,0.2761591353059985
2020-11-01,3940000.0,9.6,12.0,12.055164083832864,5.977071260862498,0.45999999999999996,0.08716012777782932,0.07803828177521091,0.07924968579481215
2020-11-02,12910000.0,5.2,15.6,5.288757528603216,8.631884585041284,0.0,0.4869274469629185,0.45734194871171246,0.46442748452420607
2020-11-03,14490000.0,-0.6,7.8,3.2366350194602482,14.474269713335527,0.0,0.5919240211097352,0.5647718264006945,0.3709193153600181
2020-11-04,14430000.0,-0.4,8.9,3.417136163473639,6.922867214008493,0.0,0.32894969478974756,0.3013187506835937,0.31572694622788355
2020-11-05,13170000.0,3.8,14.0,6.169392916353908,3.675434906529368,0.0,0.21659025266730952,0.18758726901830164,0.26030523329838084
2020-11-06,7870000.0,7.2,15.9,8.327835061214646,5.444312780925832,0.0,0.2548280347176237,0.2362637827889141,0.28518827125582497
2020-11-07,11310000.0,7.2,18.5,8.738344122274286,10.490553214483253,0.0,0.46228404347602003,0.4347646717977298,0.42521026282181384
2020-11-08,13450000.0,-0.2,14.3,3.232417542351793,11.433356142461063,0.0,0.820415503710848,0.7923131321703929,0.5188259176207447
2020-11-09,13470000.0,1.1,9.5,3.7410950733815795,8.485226351800293,0.0,0.3857043181282843,0.35902411130323425,0.344101723634975
2020-11-10,13180000.0,1.5,11.6,4.578354130424108,5.037261358052872,0.0,0.2515047820623218,0.22437356687484086,0.28810084996729135
2020-11-11,12800000.0,5.1,14.4,6.354939457935615,2.8403808846061653,0.0,0.18291934149100858,0.1540791118304488,0.23561904985671428
2020-11-12,12620000.0,3.7,15.8,6.404986596911077,4.211186411634219,0.0,0.23106582143942242,0.20263115750846433,0.2908436263466969
2020-11-13,12270000.0,4.6,17.5,8.214059615660785,4.74693791673907,0.0,0.2471674254699944,0.21858066840869306,0.2835967242853492
2020-11-14,8270000.0,5.2,15.9,9.219738184301162,5.683754794380514,0.0,0.19375520296055201,0.17472999039161843,0.22493350638313053
2020-11-15,11530000.0,4.9,16.9,9.063735027255829,5.474243032607666,0.0,0.2126695918990998,0.18590794855967643,0.25299914725458117
2020-11-16,11470000.0,8.6,19.2,10.367799276460742,6.5367669673128175,0.0,0.28801500798812396,0.25943330622416644,0.3230751957482545
2020-11-17,8390000.0,11.4,20.6,13.108973634534525,3.8161070894339937,0.010000000000000002,0.1881064796318832,0.16624792668872493,0.23157295494236604
2020-11-18,5950000.0,15.4,21.0,16.699896844561955,10.09846691745121,0.8800000000000001,0.28302714040834276,0.26685383635265386,0.26003536201755634
2020-11-19,2930000.0,5.3,20.1,11.76479950605126,17.4942321080327,0.9900000000000001,0.4737516573386905,0.4666472689712385,0.3126493382762776
2020-11-20,8210000.000000001,-0.2,7.2,5.885695731253976,9.269398945864376,0.0,0.18349596935754148,0.16816342570241685,0.15544119308879506
2020-11-21,10320000.0,3.5,11.8,7.75423687364471,5.462270931934933,0.26,0.1573477823484678,0.1354049219252237,0.17528526196234756
2020-11-22,6050000.0,-0.9,10.1,6.401124486659113,11.442335217965615,0.13999999999999999,0.21803603238234293,0.20631818827787218,0.18848007268094405
2020-11-23,11640000.0,-2.2,7.3,4.195798968755594,6.725327552908379,0.04000000000000001,0.20719071811592188,0.18615163374329247,0.21371673072721978
2020-11-24,6470000.0,-1.7,8.6,5.465801750877033,3.2953207101700603,0.0,0.09994321990748496,0.08788063099875114,0.1347981347037624
2020-11-25,11350000.0,-0.1,9.5,5.440670589426828,6.090806217253472,0.0,0.18285049954023702,0.16079615788663548,0.20334469991859921
2020-11-26,8880000.0,4.4,11.7,6.991451223113603,4.004667675029556,0.0,0.15050898445879948,0.13141096981888722,0.18776303541762457
2020-11-27,9310000.0,-3.3,8.1,4.282927407905468,12.603628983220823,0.0,0.3323606863590179,0.315621433971211,0.2542297296327597
2020-11-28,11450000.0,-3.2,3.5,2.7677258964764886,9.245454744518906,0.0,0.29409839273327154,0.2751421984208658,0.24113909905903702
2020-11-29,10440000.0,-3.3,4.1,3.7796626467456975,11.065214046774491,0.0,0.26229489236292897,0.24484584858423922,0.19605944622357446
2020-11-30,11220000.0,-4.2,4.7,3.406081346620395,7.4616117442815275,0.0,0.20506944688794868,0.18642313039766203,0.19855338039133666
2020-12-01,10960000.0,-0.9,5.9,3.5672249681759176,3.570679025642945,0.0,0.1361133630957115,0.11633805251519817,0.1785966839938769
2020-12-02,7220000.0,-2.0,7.6,3.5203450146654793,5.47723605777585,0.0,0.20519128003411485,0.1920270448736118,0.23366538096630682
2020-12-03,10880000.0,-4.2,5.4,2.88746966063967,8.482233326632107,0.0,0.27160437962536566,0.25328231560498093,0.24883528635268268
2020-12-04,10090000.0,-3.6,5.2,2.7889111770910864,6.839062509299354,0.0,0.23457549938043581,0.21745612101963968,0.23839445871306494
2020-12-05,10490000.0,-2.5,5.6,4.495787776886289,7.338897712386002,0.0,0.16626205893698265,0.14796586584208854,0.16599951842727548
2020-12-06,10570000.0,-2.3,7.3,4.949827395384325,6.294331928689953,0.0,0.14545434814794975,0.1263827210643707,0.16481249579790755
2020-12-07,8170000.0,-3.7,7.6,3.945024002362538,9.727331796596454,0.0,0.2692268519610215,0.25477011322438325,0.2417156160348352
2020-12-08,10330000.0,-5.3,4.2,2.920040919455259,5.644845467194127,0.0,0.16547855370721987,0.14883287694509081,0.18757083639901356
2020-12-09,10510000.0,-2.8,6.4,3.2546138810948166,4.1513259082705485,0.0,0.14716535112928095,0.12866785431990221,0.19391246389517108
2020-12-10,9290000.0,-1.5,9.9,5.596432516537418,5.584984963830457,0.0,0.1407368935787839,0.12297739404699208,0.17901259654264273
2020-12-11,7560000.0,1.5,8.6,5.433986240560487,6.635536797862874,0.0,0.19380213886127481,0.1789462518713368,0.20471304406931928
2020-12-12,10620000.0,-2.7,6.2,3.1285547403155696,8.135042407122821,0.0,0.26954815695590945,0.2508906937725929,0.2573576682477893
2020-12-13,2610000.0,-8.4,2.8,3.175957479371781,10.074522716105744,0.12,0.19091427236388286,0.1870759991984761,0.15873766681841442
2020-12-14,11000000.0,-9.9,-3.7,1.1918499380653553,14.695753575781104,0.0,0.375342816665175,0.36182969677397264,0.2058407759019938
2020-12-15,11030000.0,-8.9,-4.3,0.9917389619850633,13.19624796652116,0.0,0.37006012868577187,0.35638038001254,0.21704519064165523
2020-12-16,11040000.0,-9.3,-4.0,0.9976326146551366,12.645531335575392,0.0,0.35300867236947286,0.3393490377985709,0.21480666657097452
2020-12-17,10790000.0,-7.1,-0.6,1.8817089225014028,8.045251652077315,0.0,0.2191318146727709,0.20396302363236601,0.19006626857075656
2020-12-18,5010000.0,-8.2,2.4,2.8260988059101866,11.244795556865501,0.0,0.24032524908168346,0.2329885901268086,0.18172132762578144
2020-12-19,10940000.0,-6.8,-1.1,1.505487056819276,10.738974303442488,0.0,0.31976588950939344,0.304453299896244,0.22765477403588688
2020-12-20,10700000.0,-5.1,1.5,2.2040945311364695,8.191909885318307,0.0,0.24470395680059567,0.22830193668196555,0.21580383569230482
2020-12-21,10380000.0,-4.3,3.5,3.6426831279461216,6.94681141535396,0.0,0.15544154568445384,0.1386171593152341,0.15839802238395106
2020-12-22,6310000.0,-4.2,4.7,4.110245742077888,5.743615297744184,0.0,0.12762193203116648,0.1171354563579304,0.14327467719974873
2020-12-23,8109999.999999999,-0.2,7.4,5.8072942741267095,7.662144430549823,0.0,0.15015253770141246,0.13495555363720818,0.15102652231023875
2020-12-24,10160000.0,-4.2,7.4,3.4988062312324884,13.678125018598708,0.0,0.39141338519645924,0.3736605881586867,0.2840805753905754
2020-12-25,10550000.0,-4.0,1.9,3.066664519244468,10.092480867114844,0.0,0.2455714613384405,0.22890324375871293,0.19076580640561125
2020-12-26,7370000.0,-1.9,6.8,4.694442813608262,6.327255205539971,0.0,0.15759777174134892,0.1443232845023072,0.17215276033844643
2020-12-27,7840000.0,-0.9,7.8,5.491035584349877,2.936157689988037,0.0,0.08165221519666527,0.06703541503523201,0.1186899719542304
2020-12-28,8130000.000000001,-0.8,8.6,5.8356963501240084,2.9990112185198914,0.0,0.08059264553616755,0.06520433968457715,0.11894247682787369
2020-12-29,7730000.0,-12.1,8.1,3.7410950733815804,11.996044874079566,0.13,0.29024109533066716,0.2784884077485022,0.21323364004808804
2020-12-30,11180000.0,-12.6,-7.3,1.0614358774019856,16.575373381400357,0.0,0.3313660778599019,0.3196351363011525,0.1573507505795229
2020-12-31,10650000.0,-10.9,-4.1,1.8163358877755547,13.369843426275805,0.0,0.24082396369250886,0.2281757589951663,0.14240786191334856
2021-01-01,10230000.0,-6.9,0.5,2.925822569590456,9.772227174119207,0.0,0.19021008742925288,0.17541914571262102,0.14999928465537898
2021-01-02,11050000.0,-7.8,-1.0,1.4314011447696957,13.052582758448352,0.0,0.38274363253942784,0.3675809349089972,0.23732273481786542
2021-01-03,10560000.0,-6.2,-0.4,1.7937513285966695,11.442335217965615,0.0,0.3341288048269303,0.31892594647788647,0.22767839206398072
2021-01-04,10790000.0,-4.6,2.8,2.905631202973817,6.815118307953885,0.0,0.18931159788502364,0.17216243592908437,0.1871296983477253
2021-01-05,10500000.0,-10.4,-0.5,1.480595216959199,12.103793780134174,0.0,0.3224269922536701,0.3086860568236038,0.21693754521214642
2021-01-06,11410000.0,-14.0,-2.9,1.3354512684835402,12.870008223189156,0.05,0.2690881480758477,0.2561595572996238,0.17270174456398446
2021-01-07,11820000.0,-16.6,-10.4,0.6041774143125477,16.78787816834139,0.0,0.30909488469239477,0.29888681215895974,0.1399733266777782
2021-01-08,11690000.0,-15.4,-9.6,0.8028927636102443,13.956476359239776,0.0,0.2551317893259115,0.24444728365644325,0.13368009962779986
2021-01-09,11580000.0,-12.9,-6.5,1.1396375139147092,12.606622008389007,0.0,0.257219260757573,0.24490922568127682,0.15085453674842592
2021-01-10,11520000.0,-10.6,-2.0,1.6385142130498724,6.500850665294615,0.0,0.16310679871586056,0.14861513444619762,0.1554975622793379
2021-01-11,6630000.0,-9.6,-1.8,2.2168703734515343,4.303970191847909,0.0,0.10164190150976626,0.09306482575432483,0.11331040215935043
2021-01-12,9510000.0,-7.3,1.4,3.231363936150069,6.958783516026695,0.010000000000000002,0.13531879270365982,0.12142177906556731,0.13019491460282048
2021-01-13,11070000.0,-3.8,8.1,4.929872444435595,9.215524492837071,0.0,0.19817492270588338,0.17844644653208647,0.19061064291255334
2021-01-14,11660000.0,-1.4,9.0,4.209100193467684,3.7323023847248553,0.0,0.14726966430165958,0.12527336100964495,0.1972150988838383
2021-01-15,8180000.0,-4.7,10.6,5.948727523727094,9.221510543173439,0.0,0.21421445502101438,0.1992222397499353,0.1787905107223345
2021-01-16,11880000.0,-9.4,1.3,1.964678441853867,13.091492085634735,0.0,0.34278607011621176,0.3262305249201728,0.22376857369318107
2021-01-17,12370000.0,-7.8,-1.9,2.003583333398076,9.796171375464677,0.010000000000000002,0.241299897112575,0.22466410920333998,0.17407944521700397
2021-01-18,7040000.0,-9.9,1.9,1.9939646740764805,12.675461587257226,0.020000000000000004,0.3347967537639504,0.32496451078705235,0.22638471571202762
2021-01-19,12290000.0,-8.9,-0.2,1.2242831226059447,2.684743575860622,0.0,0.11348578328513315,0.09673379719377165,0.1488970942638076
2021-01-20,12390000.0,-5.2,6.3,1.4467759978725874,3.2594044081518585,0.0,0.16926191385067377,0.14843617689939465,0.23212807139069672
2021-01-21,7470000.0,-0.2,8.5,5.4944078723136185,2.879290211792551,0.27999999999999997,0.10707720220113322,0.09282047384700759,0.13881444212445865
2021-01-22,3080000.0,2.5,8.6,8.649805756320664,6.219506299485364,0.0,0.05088699747014479,0.04473828636034903,0.05492533468125371
2021-01-23,6250000.0,0.9,9.7,7.207213544349453,10.364846157419546,0.0,0.17444575751468563,0.16206630000491853,0.14963033827661149
2021-01-24,7930000.0,-0.6,10.4,6.210624013948177,5.5730128631577225,0.0,0.15290215017161865,0.13739374396618984,0.17572036860323612
2021-01-25,10040000.0,2.1,10.3,6.927016933472967,6.865999735813006,0.0,0.18527617716596803,0.16482659531950308,0.18235638109935207
2021-01-26,3260000.0,-0.7,5.4,6.9831074840822716,7.733977034586227,0.44000000000000006,0.04520054636259267,0.03934943063598003,0.04321290097897359
2021-01-27,9690000.0,-1.9,7.2,3.6356588953783,4.651161111357197,0.0,0.19245747750776349,0.1748816557267492,0.21716748071668962
2021-01-28,9670000.0,-11.8,7.1,1.7591173813048553,18.35921638163774,0.020000000000000004,0.957527560429725,0.9430363713334955,0.36580167609517206
2021-01-29,13830000.0,-9.8,-3.8,1.2666187201074655,12.127737981479642,0.0,0.3322059160823776,0.3152162389828023,0.19766714832670704
2021-01-30,9040000.0,-5.2,6.9,3.0979796068243908,9.014991806568775,0.0,0.3109277579264738,0.2955612744585323,0.26762962187437334
2021-01-31,13240000.0,-2.2,9.8,4.0506387532908175,4.034597926711392,1.04,0.19026373742276825,0.16528680298140686,0.23044775222339658
2021-02-01,5470000.0,-7.8,9.9,4.715024267341279,13.327941073921235,0.0,0.3820902034487092,0.37272286946710753,0.2325736898521104
2021-02-02,14500000.0,-8.7,-1.8,1.596983324021088,14.839418783853915,0.0,0.41227104671386644,0.39312106321422113,0.21808544453601023
2021-02-03,14250000.0,-6.8,1.2,2.039672856412803,11.475258494815632,0.03,0.3627634327998063,0.3418073436783323,0.23835900163749651
2021-02-04,14490000.0,-6.2,1.5,1.869374934733948,10.09846691745121,0.0,0.35648105340338965,0.3347667483357202,0.2534387369677241
2021-02-05,12050000.0,-2.4,6.8,2.9287172088777575,8.595968283023083,0.0,0.3585707987796013,0.3370576557941597,0.30248045235060184
2021-02-06,13160000.0,2.3,11.6,6.775322077902477,9.9188854073602,0.0,0.3128476342975281,0.2854323087873184,0.254336817549092
2021-02-07,12580000.0,-6.3,10.4,3.917442526865727,10.891618587019845,0.0,0.5268753256949845,0.5045354601967158,0.3074538197429998
2021-02-08,15160000.0,-6.7,1.2,1.7782153051915364,12.762259317134548,0.0,0.43764652475431476,0.41530515977810867,0.26530418891121577
2021-02-09,15000000.0,-4.2,4.1,2.5704815304666275,9.598631714364563,0.0,0.3619531870701164,0.33730922903168087,0.26972945479342625
2021-02-10,14680000.0,-2.9,7.7,4.524108631800859,7.464604769449711,0.0,0.250225094122338,0.22383065534113444,0.22007627869582275
2021-02-11,13050000.0,0.7,10.0,5.357636955535073,2.475231814087775,0.0,0.16014326546011529,0.13425415672309982,0.18308896558266877
2021-02-12,12790000.0,-0.6,12.0,4.417323424452565,4.459607500593451,0.0,0.26237344066318896,0.23672061535521438,0.28274757904944525
2021-02-13,15450000.0,0.3,14.1,4.769803426643932,4.001674649861372,0.0,0.3026235768535641,0.27019973955494864,0.307244851091644
2021-02-14,6810000.0,4.2,13.4,7.855436049250624,3.4898673461019896,0.33,0.16114542886113342,0.14618952313295844,0.18768212150571562
2021-02-15,8700000.0,-7.2,5.9,2.8533348676141417,17.44933673050995,0.0,0.5895883442723837,0.5756240419850741,0.2885209745505213
2021-02-16,11700000.0,-10.6,0.4,1.8018778061310377,15.976768347763652,0.08000000000000002,0.42762231885756813,0.41206444587379937,0.22568049126617903
2021-02-17,16880000.0,-10.9,-4.9,1.1157345541217967,17.4403576550054,0.0,0.46947026873456144,0.44981292912399445,0.203841970996364
2021-02-18,16660000.0,-9.9,-1.4,1.6792408085138615,10.601295145706043,0.0,0.31929047766281704,0.2976879762197099,0.2015214066820504
2021-02-19,16600000.000000002,-3.0,8.3,4.323678722821539,12.322284617411569,0.0,0.41007801669689076,0.37996876576140715,0.2777264853849436
2021-02-20,16040000.0,0.5,14.9,5.715830080295424,9.930857508032936,0.0,0.5806397513301877,0.5464856800091666,0.3971777480344037
2021-02-21,16379999.999999998,3.9,21.0,7.0060739573137445,8.595968283023083,0.0,0.7682208913794147,0.7287367019972047,0.5489031010872039
2021-02-22,16320000.0,-4.0,17.6,4.457803884165879,10.149348345310333,0.0,0.761254351446295,0.7274071026625247,0.5189300321489416
2021-02-23,16970000.0,-2.1,7.6,2.2594232722275365,5.602943114839558,0.0,0.3443057212075742,0.31341798046876995,0.3298285543770823
2021-02-24,15090000.0,-1.4,10.2,4.688577036079294,5.806468826276038,0.0,0.28349245653942645,0.2544553266620748,0.26897760056740194
2021-02-25,6800000.0,2.0,6.9,6.600737671288653,4.507495903284387,0.13,0.1357856401499104,0.12267927239341463,0.12726174200687299
2021-02-26,15610000.0,2.2,11.0,5.399012502776998,11.427370092124697,0.0,0.4870771590148969,0.4548954445037429,0.3435390711833756
2021-02-27,10940000.0,-0.1,7.4,5.2611013684764565,10.583336994696944,0.0,0.31781271461198213,0.29727819376357484,0.22068714144648532
2021-02-28,9890000.0,4.3,12.2,7.788606560802197,4.309956242184276,0.29,0.20437774830129335,0.18298716395915995,0.20162140288852476
2021-03-01,1560000.0,0.6,11.6,7.461928524892642,8.859354497823233,5.0600000000000005,0.1439623423364584,0.14079460975819272,0.1696174950918689
2021-03-02,8520000.0,-4.1,5.4,4.235814852629874,5.294661522516655,0.0,0.17660510667302246,0.16223036382619185,0.1653312373034833
2021-03-03,16250000.0,-0.7,8.2,4.578354130424108,3.2683834836564087,0.0,0.2254272034833904,0.19482322323705123,0.21849631836076916
2021-03-04,8150000.0,0.6,8.6,6.135838581273874,3.657476755520267,0.03,0.15625236996066927,0.14046717501001857,0.15726519746590853
2021-03-05,18500000.0,2.4,16.2,6.740890684987185,5.393431353066711,0.0,0.41320821177459754,0.3720225995362817,0.35725551967221475
2021-03-06,10340000.0,0.9,6.4,5.301816661202433,11.62490975322481,0.0,0.3392287061415892,0.3198203930179574,0.21515049674855652
2021-03-07,15170000.0,-2.0,8.8,5.403996522431576,4.372809770716129,0.0,0.21896418825279002,0.1907293275589605,0.19866834871262534
2021-03-08,17620000.0,0.8,11.4,6.133979191849264,6.1716178967944275,0.0,0.3160804273178637,0.2803012939659141,0.2671109490186042
2021-03-09,14680000.0,-2.0,12.6,5.455736985844016,6.497857640126432,0.0,0.37906589587620887,0.3499890260772679,0.29324282975848376
2021-03-10,19520000.0,-0.9,12.2,5.563944856277184,6.524794866640084,0.0,0.38282789463243033,0.34373762299451893,0.3043255776421821
2021-03-11,18300000.0,4.2,16.3,6.377995020882238,3.690400032370286,0.61,0.34853931234832936,0.3067637867582125,0.3537143701984884
2021-03-12,3820000.0,1.5,9.2,7.806991976639417,7.698060732568026,0.65,0.12239659017297314,0.11481832232811495,0.10840075062865842
2021-03-13,17910000.0,0.5,13.7,6.728775391900107,5.121066062762011,0.0,0.33160612877709555,0.29412989380302423,0.28220230873982766
2021-03-14,16860000.0,2.1,13.9,7.177255235048499,4.944477577839183,0.020000000000000004,0.3068302605950007,0.27062122474190187,0.2790489356455772
2021-03-15,17490000.0,7.3,15.8,8.700301736022116,9.020977856905143,0.03,0.4846389174059544,0.4433824032721386,0.3720876440559904
2021-03-16,20050000.0,1.1,14.7,5.0225703491375775,8.45828912528664,0.0,0.6133199888006364,0.570382334304185,0.4447265060496659
2021-03-17,20330000.0,3.4,15.2,7.537423207422878,6.620571672021956,0.0,0.4115477973997897,0.3662881489238458,0.34349123745206017
2021-03-18,12990000.0,6.0,13.2,7.974192027672042,9.092810460941548,0.0,0.39935929177053814,0.37020716235774287,0.3015453733539055
2021-03-19,16770000.0,5.7,13.5,7.941435641121034,10.32593683023316,0.13,0.4698044976456405,0.4321693005515238,0.3264045479327544
2021-03-20,3850000.0,5.3,10.5,9.632598511129608,6.695397301226544,0.53,0.109539712625453,0.10129482635057332,0.09581732497380499
2021-03-21,13680000.0,-0.9,9.9,4.66955807828269,14.267750976730863,0.0,0.5488706901148456,0.5224607644296776,0.33579860278540485
2021-03-22,21050000.0,-0.7,10.6,4.003251646055985,11.172962952829097,0.0,0.5940012504641946,0.5527685592500815,0.4004580089329819
2021-03-23,21660000.0,3.0,16.2,5.100994154203111,11.600965551879343,0.0,0.8497470113816699,0.8011376870490181,0.5557146192773554
2021-03-24,16520000.0,1.7,16.0,4.9145709963961925,6.952797465690328,0.0,0.6021793535941353,0.5658488093369378,0.46186228265599605
2021-03-25,21590000.0,3.5,19.5,6.854899485932869,5.399417403403079,0.0,0.628027411906569,0.5771620425111209,0.47828648580459426
2021-03-26,21120000.0,6.8,21.9,6.850798597245266,5.746608322912367,0.0,0.7282872470234837,0.6751361595033607,0.5865779896605656
2021-03-27,7320000.0,9.8,17.1,12.166939957581718,11.319621186070089,3.19,0.33727299187386656,0.31921548604778605,0.255838134801358
2021-03-28,14070000.0,7.6,13.9,9.800000256629993,14.88730718654485,0.010000000000000002,0.48133168008316146,0.44879820819181304,0.274965870782062
2021-03-29,21730000.0,5.1,15.7,5.159723808310081,11.65783303007483,0.0,0.8017835808110378,0.7519855268219825,0.5718333204788103
2021-03-30,22780000.0,3.0,17.6,5.9831941629231045,4.938491527502816,0.0,0.5662959746740185,0.5142261253886565,0.45589508047302657
2021-03-31,22290000.0,7.2,20.2,7.620344574241776,6.8540276351402705,0.0,0.6630731099254903,0.6077763787867463,0.5519958124021613
2021-04-01,17750000.0,8.8,16.4,7.654190065290242,14.462297612662791,0.0,0.8291661330614446,0.7862282335706153,0.5314066629000582
2021-04-02,16530000.000000002,10.1,17.2,10.05590867897711,9.353203650573516,0.0,0.5421548795847186,0.5011933838237582,0.40667541026301696
2021-04-03,4540000.0,8.2,16.6,12.764411661964223,8.24578433834561,4.8100000000000005,0.16819314280344094,0.1572623423988308,0.15192755655937423
2021-04-04,10430000.0,0.3,11.9,6.288114284736147,6.985720742540346,0.05,0.2969266123356918,0.2757474772130565,0.2583621906300962
2021-04-05,23030000.0,3.3,14.8,5.88748840930516,6.009994537712518,0.0,0.5041482573726298,0.4532235303061178,0.42167514549689367
2021-04-06,19750000.0,3.4,17.2,6.430140555005693,7.117413849940421,0.0,0.6116743083325819,0.5665303433024722,0.46534136829919026
2021-04-07,23030000.0,4.4,19.1,6.284314536091409,6.297324953858136,0.0,0.7103746168184867,0.6557839882859762,0.5371881239215828
2021-04-08,21860000.0,3.2,17.8,7.102840058551594,5.800482775939671,0.0,0.5770297022969956,0.5268049037765004,0.4393634308798798
2021-04-09,19940000.0,1.4,11.9,6.48266254582284,9.308308273050763,0.0,0.4570604183435254,0.4158902554701466,0.31023732913308244
2021-04-10,23800000.0,2.3,15.9,6.360696431400957,4.1992143109614855,0.0,0.480653371084703,0.42795442390704946,0.3946784914884143
2021-04-11,22610000.0,7.6,19.9,7.65871280754123,4.55239128080714,0.0,0.544477225164479,0.4883239178349458,0.49904199535140104
2021-04-12,4620000.0,11.0,14.4,12.276198022715528,9.79018532512831,2.3800000000000003,0.23087306281667982,0.21967092143182376,0.17732901212534252
2021-04-13,18820000.0,3.1,16.9,7.537423207422878,13.390794602453088,0.0,0.7753185742484081,0.732634674861508,0.4496788845966333
2021-04-14,24800000.0,0.7,13.8,4.9145709963961925,8.625898534704918,0.0,0.6644948983811418,0.612372608004891,0.45330603692328797
2021-04-15,20250000.0,5.8,15.5,6.318585462001222,4.7948263194300065,0.0,0.47487104257836954,0.4281666751070551,0.4205167929523725
2021-04-16,18510000.0,5.9,18.8,9.28119108905522,8.521142653818494,0.0,0.5694779878296539,0.524964849041775,0.4291808409028244
2021-04-17,20950000.0,3.8,16.5,5.4156417398848955,11.651846979738462,0.0,0.8503660398931631,0.8026650024849837,0.5686952838215049
2021-04-18,21800000.0,3.2,14.8,6.3876233053667235,9.781206249623759,0.0,0.6131913684215248,0.5650520596113282,0.4366318051030709
2021-04-19,24970000.0,6.0,20.0,6.865161196755062,10.490553214483253,0.0,0.9977090129646052,0.9367410642504573,0.6490540333029122
2021-04-20,24510000.0,9.6,24.1,9.037525712682813,5.342549925207591,0.0,0.774588760216543,0.7096453431716743,0.6326191781063832
2021-04-21,23160000.0,12.1,26.4,9.45137116904354,4.9295124519982645,0.0,0.7940585659041237,0.7299091202645939,0.6896808920469113
2021-04-22,17860000.0,13.1,25.1,7.141025169929388,10.900597662524396,0.0,1.0599660264391595,1.0106268512391097,0.9331288327687126
2021-04-23,8780000.0,10.6,17.0,7.913453300230101,10.230160024851287,0.020000000000000004,0.6194239915153872,0.597593996590879,0.5029628464173505
2021-04-24,20300000.0,9.1,21.3,8.552081401442496,6.964769566363062,0.0,0.6624229942101213,0.6103996217686851,0.579766157845637
2021-04-25,24640000.0,5.1,18.1,7.0186292231560845,9.389119952591717,0.0,0.7843752609037293,0.7261816289784127,0.5473357438048455
2021-04-26,24810000.0,7.8,19.7,7.3477570780176515,5.381459252393977,0.0,0.6258583641125635,0.5642412232525138,0.5524502644950238
2021-04-27,19480000.0,12.6,22.3,8.509789219453129,9.362182726078064,0.0,0.8578506383627594,0.8056359907758285,0.7242822749664526
2021-04-28,19210000.0,10.8,21.9,5.912636657712008,6.973748641867613,0.16000000000000003,0.7653883538467954,0.7149873140386007,0.7245463513960997
2021-04-29,18160000.0,8.4,18.9,9.596662010054208,9.793178350296492,0.6400000000000001,0.6270678833481301,0.5820672322278009,0.47352086979714514
2021-04-30,17440000.0,9.2,16.9,8.589551851904895,10.215194899010369,0.68,0.6570168973157761,0.614385482029739,0.47586746907732136
2021-05-01,9620000.0,6.7,12.3,8.557069117995775,11.17595597799728,0.61,0.39685542726273976,0.37532371699527023,0.26451249264313254
2021-05-02,22690000.0,5.4,17.6,8.252636767754591,6.63254377269469,0.020000000000000004,0.5583109404596016,0.5048540052311294,0.4394914406827217
2021-05-03,25570000.0,10.4,21.5,7.5619918978588085,7.305974435535983,0.0,0.8061028091071665,0.7395524794459771,0.6885129232940719
2021-05-04,10170000.0,12.1,19.5,14.459151401632965,12.112772855638724,2.06,0.4174783574262938,0.3910898572449624,0.2919160330390761
2021-05-05,25400000.0,6.1,19.2,6.710638524241047,11.083172197783592,0.0,0.9735796238879351,0.9120640592018988,0.6440827509093346
2021-05-06,21560000.0,10.4,21.9,6.960207535433822,6.61458562168559,0.0,0.7434436477330518,0.6871029420374637,0.6827195206136694
2021-05-07,19970000.0,6.6,24.0,8.707898508900653,12.106786805302358,0.37000000000000005,1.2440303398845893,1.192745503862782,0.7347206511205127
2021-05-08,26910000.0,8.7,23.9,8.539623325216702,13.522487709853163,0.0,1.4763752954692206,1.4058422527712986,0.8250801329295303
2021-05-09,25700000.0,7.7,21.3,6.312862193984508,11.160990852156363,0.03,1.1698722468453735,1.1049843025086563,0.775545755116209
2021-05-10,5430000.0,9.8,13.8,11.262698839801887,2.8613320607834494,1.7300000000000002,0.15705363952260137,0.14416664773173904,0.15376488516318298
2021-05-11,19300000.0,11.8,19.6,9.972814057588762,11.190921103838198,0.0,0.7940323704234679,0.7440562702897275,0.5709497658023638
2021-05-12,22920000.0,10.6,20.3,10.600495700311406,7.754928210763513,0.0,0.6741938625436694,0.615149188076857,0.5214300398646328
2021-05-13,25860000.0,11.9,27.4,12.058537916848639,4.986379930193752,0.0,0.8594500889651101,0.7873234660071441,0.6795120889301275
2021-05-14,21560000.0,16.1,28.6,15.187179837771057,7.473583844954261,0.03,0.8333856065822784,0.7705688774078984,0.7283815516528233
2021-05-15,6200000.0,18.4,22.2,21.487477454887294,4.722993715393602,2.52,0.19818106625778717,0.1806971312199655,0.17117568774053787
2021-05-16,3510000.0,13.2,22.9,18.153852097678904,8.24578433834561,6.73,0.17916482215013838,0.16965024434177306,0.2029932232734276
2021-05-17,5120000.0,12.3,15.9,14.718434962555547,5.384452277562161,0.5900000000000001,0.14714440782893218,0.13432956664161252,0.12434399473717365
2021-05-18,16540000.0,12.1,21.6,14.47499070041928,4.3847818713888636,0.0,0.4197848830157926,0.375959337608933,0.35444463415974814
2021-05-19,26030000.0,15.4,26.0,13.837929195506295,5.414382529243996,0.0,0.754312848343396,0.6804214551942204,0.6520107576825879
2021-05-20,5610000.0,13.6,19.4,14.634223623604058,7.8686631671544855,1.11,0.29778199756921897,0.2830191926136518,0.2645777431832893
2021-05-21,7340000.0,10.1,16.3,14.514655623762621,6.557718143490102,0.38,0.1641938279102895,0.14618963752071565,0.11618173852170428
2021-05-22,25960000.0,12.0,24.2,14.223381551318527,7.647179304708906,0.0,0.7302181800233153,0.6597832990299708,0.5556164727179314
2021-05-23,19680000.0,16.2,26.2,15.537799056666204,5.327584799366674,0.0,0.6281978578197714,0.5718779475589519,0.5622615871781503
2021-05-24,20880000.0,10.8,23.5,11.183506197074284,7.623235103363436,0.03,0.7338469138560448,0.6781995161813695,0.5972369909234513
2021-05-25,18450000.0,8.8,19.2,10.024318523902565,9.84106675298743,0.30000000000000004,0.6421311980021713,0.5960543869567025,0.47616299602018597
2021-05-26,18150000.0,13.9,23.2,9.927228135123528,7.994370224218195,0.0,0.7775771140197069,0.7279263757887356,0.6844584676983411
2021-05-27,15910000.0,9.6,20.6,13.167188364093802,8.646849710882202,0.21000000000000002,0.4759554967022878,0.4352680710651205,0.3631645326898927
2021-05-28,15160000.0,12.9,22.3,13.357958329948742,10.355867081914994,0.9199999999999999,0.6402614814404516,0.5995108196854081,0.49676560105325224
2021-05-29,21610000.0,10.2,22.5,11.950986169803185,7.0366021703994655,0.010000000000000002,0.6411199644728351,0.5844220742981818,0.5166871064269419
2021-05-30,26930000.0,15.4,25.1,13.675026217556558,4.53443312979804,0.44000000000000006,0.724033905989004,0.6481549888165656,0.6178586045847869
2021-05-31,16750000.0,14.4,24.0,16.142324679094994,6.387115708903642,0.020000000000000004,0.5230722780635947,0.47671811766776984,0.4362411936283722
2021-06-01,24520000.0,15.2,26.7,16.361597634324003,4.378795821052497,0.0,0.6594211618698729,0.5895321661138498,0.563129861657399
2021-06-02,23210000.0,16.8,28.6,15.801126375936406,4.69605648887995,0.0,0.7127274425440856,0.6447457851392924,0.652223478986175
2021-06-03,8039999.999999999,15.2,23.1,18.578562033348057,6.701383351562912,2.4800000000000004,0.29572757972857155,0.27349710946987116,0.26081941787759744
2021-06-04,26940000.0,12.9,23.4,12.640785170222808,9.245454744518906,0.0,0.8579053466172463,0.7847442037311793,0.6365096174803534
2021-06-05,24800000.0,16.4,26.8,16.357186700386894,10.81080690747889,0.05,0.9373386521841939,0.865914543622939,0.7029099259746048
2021-06-06,22900000.0,15.9,27.0,17.446216063995493,4.49253077744347,0.06,0.6349086635164858,0.5691124430990608,0.5415564311587117
2021-06-07,21880000.0,17.5,28.1,16.619223807933984,4.9803938798573855,0.010000000000000002,0.6931392989481064,0.6289575637296647,0.6239029149546003
2021-06-08,24660000.0,18.3,30.0,15.724276112308525,5.740622272576,0.0,0.8429243949119837,0.7691659795618844,0.7768171724834997
2021-06-09,26420000.0,17.4,30.0,16.717870755668727,7.1353720009495225,0.0,0.9436908099097293,0.8651687277027508,0.7941393789564288
2021-06-10,18670000.0,20.0,30.4,18.22646506711372,6.82709040862662,2.7800000000000002,0.7783871697726166,0.7217395959624258,0.7289028775297091
2021-06-11,15430000.0,17.8,26.9,21.56601980075662,6.300317979026319,0.37000000000000005,0.4921101867421376,0.4471536871521245,0.4038631034789192
2021-06-12,21660000.0,19.0,27.9,21.61101384121729,6.647508898535608,0.0,0.6778965366881321,0.6137520566713858,0.5318918277383442
2021-06-13,21220000.0,18.7,27.5,20.840814960046817,5.581991938662273,0.020000000000000004,0.6394658665471782,0.57694366887864,0.516738873281068
2021-06-14,19540000.0,19.5,26.9,19.753971561925063,8.24578433834561,0.04000000000000001,0.7209136729855017,0.6632570670692984,0.57204573299264
2021-06-15,6080000.0,18.5,21.4,19.670867772214784,11.193914129006382,0.52,0.3319799448157788,0.3149350401963674,0.25013681516879077
2021-06-16,19270000.0,15.8,22.8,17.071769490937108,10.242132125524021,0.010000000000000002,0.6410457543736843,0.5876243068320278,0.43769254638738636
2021-06-17,9090000.0,17.6,21.0,18.20707676435777,4.953456653343733,0.12,0.30194459105776683,0.27674474891175455,0.2593072303305621
2021-06-18,11150000.0,17.5,24.8,20.13704666736661,7.77887241210898,0.020000000000000004,0.421808995091176,0.38992566889896524,0.3473000586626851
2021-06-19,26140000.0,17.9,27.7,17.251169504766178,3.4210277672337686,0.0,0.6998074444930451,0.6231296310282339,0.6015524467791348
2021-06-20,26120000.0,17.9,30.5,15.257572574387082,8.24578433834561,0.0,1.0651770216768675,0.9869971878822703,0.9056958914212994
2021-06-21,24190000.0,15.9,27.7,16.441173061198384,7.467597794617895,0.010000000000000002,0.8047647671182119,0.7348790717864617,0.6709887700521325
2021-06-22,16340000.0,16.3,25.0,17.676211650420118,7.9135585446772385,1.08,0.5810082300483342,0.5346618757713055,0.46943942475027295
2021-06-23,16379999.999999998,15.9,22.6,17.099262557597378,6.393101759240009,0.08000000000000002,0.4935790223193119,0.4482090776053439,0.3851517430493061
2021-06-24,20930000.0,18.3,25.2,19.19893659313087,3.214509030629105,0.22999999999999998,0.5452527265519174,0.4848324091239794,0.44836090568917825
2021-06-25,20630000.0,19.8,27.4,20.87355786717832,3.80413498876126,0.38,0.591177105015269,0.529950930249784,0.4959266147432535
2021-06-26,15080000.0,19.2,25.5,20.190025969869783,4.672112287534482,0.19,0.4750535050346061,0.4311167575415798,0.4055831838657449
2021-06-27,20270000.0,18.1,26.6,19.037127533097163,7.150337126790441,0.05,0.6761983816303366,0.6171401673277076,0.5435196764880599
2021-06-28,21500000.0,17.4,26.1,19.449041625834898,6.560711168658286,0.11000000000000001,0.6438669339148966,0.5818011515593942,0.4995367531173559
2021-06-29,20760000.0,20.0,27.3,20.041990611278937,6.524794866640084,0.38,0.7002985109217559,0.63864239592906,0.5731444178799405
2021-06-30,9120000.0,19.2,22.6,22.209220662489166,5.354522025880326,1.33,0.27057878700978544,0.24460525212540535,0.20983781834057616
2021-07-01,25430000.0,17.6,29.5,19.259924853346185,6.27637377768085,0.0,0.795604318099686,0.7201867317831749,0.6674943140343326
2021-07-02,19240000.0,19.0,28.1,20.13704666736661,8.661814836723119,0.0,0.7359771010767873,0.6789171576741262,0.5965843246607696
2021-07-03,8550000.0,20.3,24.2,23.28648915998355,14.061232240126198,3.98,0.41232339591436507,0.3874502018945733,0.2744251822447392
2021-07-04,15850000.0,20.2,28.1,23.136678223087078,11.122081524969978,0.04000000000000001,0.6707502078825355,0.6233426294843574,0.5053010878633433
2021-07-05,12560000.0,20.4,26.0,23.1307033578936,5.36649412655306,0.6400000000000001,0.4130538436187813,0.37599309795309493,0.34240372465873464
2021-07-06,13270000.0,21.2,27.2,24.515831634545034,5.258745220498453,1.32,0.43755111213666337,0.3978326437425476,0.36293379886143906
2021-07-07,8550000.0,22.2,27.1,27.345645339805397,3.7442744853975887,5.82,0.2735217421599493,0.24777135479383036,0.23556065618463934
2021-07-08,17070000.0,21.0,27.6,23.84512323465535,5.776538574594202,0.9800000000000001,0.5482251311757369,0.4970617649610468,0.4391738875729538
2021-07-09,18580000.0,21.5,28.2,24.831888856212704,3.9058978444794996,0.9400000000000001,0.540220995934011,0.48411056571445454,0.43701081849374457
2021-07-10,16990000.0,20.6,28.0,25.429237265468085,4.606265733834444,3.3000000000000003,0.4922884942432395,0.44136490947536694,0.38755470054433483
2021-07-11,17210000.0,21.8,28.5,26.58739536877839,5.136031188602928,0.4,0.5212623660390081,0.4690794191940763,0.40525595336300685
2021-07-12,23660000.0,23.5,31.7,27.889702190419115,3.444971968579237,0.03,0.6993125398729398,0.6253231420918207,0.5655282172511165
2021-07-13,19850000.0,23.4,31.6,29.006231779335106,3.8879396934703987,0.09000000000000001,0.6087906070819746,0.546789751859459,0.4951783944958036
2021-07-14,21970000.0,24.0,32.4,28.030716834316834,3.424020792401952,0.04000000000000001,0.6759093327269945,0.606719915284985,0.5638644216584201
2021-07-15,19870000.0,23.5,30.0,28.514833288469838,4.606265733834444,0.6200000000000001,0.6046924922698258,0.5431925601628731,0.47062816498327215
2021-07-16,22800000.0,22.4,29.3,25.01682890111741,8.081167954095516,0.06,0.7832977593611117,0.7135273233358534,0.5873182022230361
2021-07-17,19700000.0,21.6,28.2,24.71770044622643,7.832746865136284,0.2,0.6626492671163938,0.6031163095282802,0.495472765452967
2021-07-18,16640000.0,22.0,29.8,26.49307688010238,5.076170685239258,1.4000000000000001,0.537795754626226,0.4868427422304622,0.44479356807678433
2021-07-19,14900000.0,23.6,29.5,27.421805492514398,2.903234413138019,0.05,0.4544768460098897,0.4084741629397315,0.38628301821619515
2021-07-20,20650000.0,22.1,31.9,24.52211815458313,5.447305806094015,0.0,0.7124021853902353,0.648291194049228,0.6223634565872699
2021-07-21,24100000.0,21.9,32.0,23.931151754191447,7.8267608147999175,0.0,0.8867940450033933,0.812017809352675,0.7340356944719799
2021-07-22,25730000.0,22.5,31.7,25.76211589904709,7.9644399725363595,0.0,0.8956215575788656,0.8156414259876673,0.69706661034562
2021-07-23,23840000.0,22.4,32.7,25.338518863451604,6.913888138503942,0.0,0.8473945523235911,0.7728866192186299,0.7099059481434049
2021-07-24,18630000.0,22.9,32.2,25.854157674448995,6.7732159555993166,0.0,0.7157062211253796,0.6574812717233064,0.6237074749694734
2021-07-25,22140000.0,23.0,32.3,26.15195493857601,7.823767789631733,0.020000000000000004,0.8307628853976352,0.7614856977689273,0.6826908480822916
2021-07-26,23040000.0,22.6,31.9,25.73587088672071,7.195232504313194,0.06,0.8160331570993063,0.744284300041439,0.6659343973232087
2021-07-27,24960000.0,21.8,33.7,24.359125765836115,6.237464450494466,0.0,0.8686760392050719,0.7904824484653832,0.7584452300833344
2021-07-28,21260000.0,23.5,31.8,25.67690500070203,5.171947490621131,0.03,0.7214818601243522,0.6549582373155748,0.617603370880175
2021-07-29,21320000.0,24.4,34.0,25.344989357930935,3.9298420458249685,0.010000000000000002,0.7263398930427423,0.6584351389080687,0.6618887137986684
2021-07-30,21080000.0,24.8,34.5,25.972919153640408,3.7412814602294056,0.31000000000000005,0.719987946985194,0.6525171676287292,0.6581477684003246
2021-07-31,18390000.0,25.5,35.2,28.10853988207784,3.1755997034427197,0.39,0.6362206883498922,0.5769206882555643,0.5856766892862475
2021-08-01,13210000.0,24.5,32.2,30.411052601591933,3.807128013929443,4.3,0.45673822535426767,0.4150644584217985,0.4047089014216131
2021-08-02,16680000.0,24.2,30.8,28.81024012589617,2.9630949165016895,1.1500000000000001,0.5069632724353734,0.4548638132357986,0.4253741260269123
2021-08-03,17410000.0,24.2,31.5,28.073142418696083,3.9897025491886384,0.04000000000000001,0.5699744894877656,0.515368927928327,0.4887378133518929
2021-08-04,23410000.0,25.3,34.0,25.81467608101469,3.91487691998405,0.0,0.7791803703053756,0.7042519573672901,0.6938836278345462
2021-08-05,21170000.0,25.3,33.7,28.97712276000072,3.0618647470517457,0.020000000000000004,0.6673318334108812,0.5996830027225808,0.571816769334374
2021-08-06,22650000.0,24.0,34.3,27.180118548319143,4.327914393193376,0.010000000000000002,0.7527687667793088,0.6806677359505334,0.6624839747053949
2021-08-07,19200000.0,23.7,33.3,27.889702190419115,2.9720739920062402,0.9,0.596872047533981,0.536197547247435,0.5221550268174311
2021-08-08,11230000.0,22.5,29.7,26.345452541757535,7.356855863395104,1.6100000000000003,0.4814633509407405,0.44698792970868223,0.4265917158297542
2021-08-09,21530000.0,21.5,30.2,22.57505548669465,6.2614086518399334,0.19,0.736125610078991,0.6702415097446134,0.6267200829837928
2021-08-10,14460000.0,22.1,27.5,25.338518863451604,2.9660879416698727,1.08,0.4130269102889549,0.3693881752173172,0.3476777241633859
2021-08-11,21070000.0,21.5,28.5,25.403288809138093,3.9388211213295183,0.22000000000000003,0.5807118609289941,0.51695302093844,0.4568094784353737
2021-08-12,16280000.000000002,21.0,28.6,24.47186542277136,6.42003898575366,0.05,0.5452847323025317,0.4961534316824582,0.4475144376401891
2021-08-13,16129999.999999998,22.0,28.0,23.69827469975798,7.407737291254223,0.25,0.5963099011140426,0.5474997402669786,0.4876650657661788
2021-08-14,8580000.0,18.5,23.9,22.10565372616794,6.084820166917106,0.36000000000000004,0.27693516265984813,0.2523810554424787,0.2283892664298154
2021-08-15,17920000.0,19.7,26.5,21.76914052707908,7.291009309695066,0.27999999999999997,0.5810926020850287,0.5282934606043405,0.45350333875424054
2021-08-16,18270000.0,20.2,26.5,20.392462012968597,8.835410296477765,0.19,0.6849818710878572,0.6309548471401895,0.5386315908738577
2021-08-17,8970000.0,18.8,23.8,21.650450988008423,6.725327552908379,0.5900000000000001,0.31017520486155936,0.2844639588250166,0.2552421057891694
2021-08-18,8610000.0,18.6,24.4,21.331143383504823,7.207204604985927,0.86,0.3305110286116476,0.3057532335399392,0.2821700435976719
2021-08-19,13560000.0,19.3,25.6,22.002509563165052,4.881624049307328,0.09000000000000001,0.4045329775213121,0.36496495646685956,0.3383595896720018
2021-08-20,18360000.0,21.5,26.9,24.097830453632938,6.324262180371788,0.44000000000000006,0.5614759558231317,0.5065225963871132,0.4302013908867748
2021-08-21,3930000.0,20.6,24.2,25.64419720655463,11.544098073683854,3.75,0.1635200001847889,0.15206095237269798,0.1267412556648549
2021-08-22,13760000.0,20.4,26.8,22.85731407533633,7.5992909020179695,0.0,0.49850607152867105,0.45766883620278287,0.40684176570752034
2021-08-23,3420000.0,20.4,22.6,22.586755101236065,7.335904687217819,6.3500000000000005,0.1784669403672861,0.16863283361406398,0.17720098518704464
2021-08-24,7940000.0,22.2,26.8,26.885736924958106,8.039265601740949,6.32,0.31576592436991024,0.2919017875878029,0.25768618516049563
2021-08-25,5680000.0,21.1,24.4,26.358843179743165,4.573342456984426,2.64,0.16421530338389217,0.14756626777309625,0.13402838954013482
2021-08-26,19450000.0,19.9,28.7,23.747136108806846,5.414382529243996,0.0,0.568473179318113,0.5101763150606013,0.4628343964672014
2021-08-27,9570000.0,18.6,26.0,23.28648915998355,4.082486329402328,1.3800000000000001,0.28023523942987394,0.25237349388649,0.2487126724142862
2021-08-28,18390000.0,19.0,27.0,19.443909055590996,4.363830695211579,0.010000000000000002,0.5359542949991912,0.48184997070762875,0.47424933029515726
2021-08-29,8640000.0,18.2,23.0,21.24225730296069,3.265390458488225,0.4,0.2338141878195481,0.2093280499171429,0.20559144564724274
2021-08-30,12410000.0,20.6,26.5,20.922756656039628,3.115739200079049,0.12,0.38060295510784803,0.34379869847442673,0.35632937574901763
2021-08-31,8250000.0,18.9,25.5,21.17027621747155,7.359848888563287,3.02,0.36177369340787097,0.33779156705816465,0.3298249661204673
2021-09-01,5520000.0,19.4,23.4,20.911814828970805,8.105112155440985,2.95,0.2942281664517629,0.27838067940566175,0.26523371240902155
2021-09-02,8860000.0,17.4,23.0,18.43113724587071,6.5367669673128175,0.1,0.3440585122925127,0.31911515301502796,0.30913600706030364
2021-09-03,19840000.0,15.4,24.6,17.718743430465377,7.057553346576751,0.0,0.5515983865608881,0.4959310584496615,0.4357068012544887
2021-09-04,15890000.0,16.9,24.2,17.990200604442578,5.677768744044146,0.020000000000000004,0.46585826808909037,0.4208623980973164,0.3958697875341966
2021-09-05,14590000.0,17.7,24.9,18.313936515144448,8.224833162168327,0.03,0.5392387781567797,0.49741859090224694,0.44931850217569347
2021-09-06,12600000.0,19.0,23.2,18.67741830281845,11.969107647565913,1.74,0.5819991345582016,0.5459984800425046,0.42720105363089955
2021-09-07,5120000.0,19.1,23.5,23.50976599639599,6.240457475662649,0.67,0.17051000335060087,0.15583424195627546,0.14609955282166986
2021-09-08,15900000.0,17.9,25.2,22.025394027261033,4.289005066006991,0.06,0.39166619715092593,0.34591015016534304,0.3111788966203529
2021-09-09,18480000.0,19.6,26.5,21.23671270191245,2.738618028887925,0.0,0.45733294527753665,0.4029238019194386,0.39120697066626187
2021-09-10,12100000.0,17.0,25.2,20.710292480518863,4.259074814325156,0.0,0.3285719445918147,0.29399988747753414,0.290509763414413
2021-09-11,21720000.0,16.9,27.8,20.18472255341956,3.6514907051838996,0.0,0.527930500572585,0.4646475990110111,0.45390573453161653
2021-09-12,20100000.0,19.9,28.0,21.56601980075662,7.359848888563287,0.0,0.644957646144658,0.585006811557488,0.528281012671744
2021-09-13,15850000.0,18.2,24.1,18.333424496987103,9.589652638860013,0.0,0.5823253481285272,0.5370024135862367,0.4522384928967328
2021-09-14,14360000.0,18.2,23.4,17.567925658485294,12.465949825484381,0.0,0.6518264176014374,0.6109959820128206,0.4763604093477449
2021-09-15,20420000.0,15.9,24.0,15.466272573293368,11.373495639097394,0.0,0.751343140332098,0.6940969310675619,0.5604130692009017
2021-09-16,16530000.000000002,17.5,23.9,18.158685062538137,11.119088499801794,2.97,0.6104593523172651,0.5635356209013654,0.4483303668684407
2021-09-17,5210000.0,13.8,20.1,17.21423533948505,7.027623094894916,2.75,0.18220956472055647,0.16837790996220686,0.1639022187169516
2021-09-18,15410000.0,15.9,24.2,19.331292253667776,4.666126237198115,0.06,0.37441093274535364,0.3311368147492655,0.3129500998584259
2021-09-19,19200000.0,16.6,24.5,18.00458824497617,6.467927388444597,0.0,0.5215789484083498,0.4672101187140729,0.42590967418455533
2021-09-20,12930000.0,19.1,23.5,20.280370908010422,9.670464318400969,0.22999999999999998,0.46213074753554667,0.4250687172955804,0.3484926897340004
2021-09-21,6960000.0,17.7,23.6,21.054449989291008,8.715689289750424,0.9300000000000002,0.2743128403201818,0.25457167595248775,0.2318181425743863
2021-09-22,15880000.0,15.1,24.4,18.241018165750784,10.969437241392619,0.09000000000000001,0.520315164943729,0.47594794126761125,0.3916076203153504
2021-09-23,17280000.0,14.4,23.0,15.673224994421043,7.311960485872351,0.010000000000000002,0.4910529793954705,0.4436543792969642,0.4092344647445237
2021-09-24,15880000.0,17.4,23.8,18.067051290327523,6.578669319667387,0.0,0.466209623107494,0.42120500853686965,0.39169814844133827
2021-09-25,6410000.0,17.0,20.9,18.144189549777998,8.311630892045647,0.12,0.2775532135283458,0.25989215416175243,0.23810843568982598
2021-09-26,13600000.0,14.7,22.9,15.630793557237208,7.656158380213456,0.0,0.45092068559373094,0.41354939578773103,0.39355054062080513
2021-09-27,14000000.0,16.1,23.3,16.59687537938971,6.662474024376526,0.020000000000000004,0.4375393291716782,0.39845813056055,0.38667052064076146
2021-09-28,10270000.0,18.2,22.7,19.832160441641935,7.0425882207358335,0.13999999999999999,0.3285856547166325,0.29955203662840657,0.2735529054882724
2021-09-29,9060000.0,18.5,25.4,22.810057729824525,5.516145384962236,1.52,0.2696938669160792,0.24345821239250748,0.23988767858312432
2021-09-30,17960000.0,15.8,26.2,18.598296528173645,3.80413498876126,0.0,0.41883910426670534,0.3676065539753406,0.38129979569162237
2021-10-01,17310000.0,15.4,25.8,18.87651439510047,4.0136467505341065,0.0,0.39748005575991713,0.34842275864294553,0.3566818117444043
2021-10-02,17780000.0,15.4,24.9,17.539772959955997,4.2919980911751745,0.010000000000000002,0.41486352028075857,0.36484986494212457,0.37427638698869875
2021-10-03,18080000.0,16.1,27.4,18.197389392706437,4.4745726264343695,0.0,0.4617477402869037,0.4095547474967883,0.44034203886678
2021-10-04,11570000.0,18.6,26.8,22.186169176754472,6.246443525999015,0.0,0.3667412409416489,0.3328529265869114,0.33320201560459495
2021-10-05,15980000.0,17.4,26.5,19.214167776592788,7.784858462445348,0.0,0.5154302362320153,0.46915586986483254,0.45329749145481146
2021-10-06,6940000.0,16.0,21.9,18.33829933096896,7.560381574831584,0.010000000000000002,0.2583853722462045,0.23926403808018928,0.2325484035525974
2021-10-07,12120000.0,18.5,24.5,20.381763351661807,5.177933540957497,0.55,0.34044817630325963,0.30559748219534966,0.30475501117430986
2021-10-08,4250000.0,18.3,20.4,20.08946941100287,6.237464450494466,0.6000000000000001,0.1602712979270763,0.14847891446684408,0.1479161746020037
2021-10-09,11100000.0,18.5,24.3,22.191930084998212,5.785517650098753,0.18000000000000002,0.2898685088281053,0.2580012794419235,0.2399318722836225
2021-10-10,14560000.0,14.2,27.4,19.505578266411465,8.141028457459187,0.39,0.4621133927731763,0.4207142881652192,0.4021272413644897
2021-10-11,2610000.0,15.1,17.2,15.843963209554628,8.275714590027446,1.87,0.15937732530448437,0.15255685954077913,0.15655455415552644
2021-10-12,3950000.0,14.6,16.6,14.634223623604058,8.254763413850162,0.5700000000000001,0.21396979737912494,0.20376252912506782,0.1901844297901217
2021-10-13,7540000.0,12.8,20.1,15.445290441210261,6.728320578076564,0.0,0.23609716873745512,0.21627518911641164,0.22170512532324355
2021-10-14,12320000.0,13.8,22.1,16.15104584456097,4.872644973802778,0.12,0.29291256321257897,0.25957844066142227,0.2764538654219536
2021-10-15,6920000.0,15.4,20.5,17.33452551591631,3.3282439870200795,1.8600000000000003,0.17453202552262082,0.15580863850525037,0.1754778114180052
2021-10-16,3720000.0,2.5,15.4,6.347270658007905,10.107445992955762,0.0,0.45883321797938426,0.4506298220279418,0.38007486582109007
2021-10-17,17250000.0,1.8,11.2,5.5844439044075305,5.432340680253097,0.0,0.2999305043733229,0.26447454739360304,0.2791119139560497
2021-10-18,16640000.0,5.9,13.9,7.971848338384393,3.2264811313018393,0.0,0.2464650103092645,0.20882419379931316,0.24484723923340795
2021-10-19,14230000.0,3.9,15.4,8.612103549562264,6.758250829758398,0.020000000000000004,0.28709324541720993,0.25511584990708597,0.26814493718112614
2021-10-20,16260000.000000002,4.8,13.9,8.539623325216702,3.7771977622476083,0.0,0.23073192417998173,0.19448438353332156,0.22221892377770985
2021-10-21,12960000.0,6.1,14.6,9.593902563012296,3.0678507973881124,0.04000000000000001,0.19121627623604207,0.16155442816923232,0.19216955188501816
2021-10-22,13080000.0,4.2,14.9,8.933355304499974,5.567026812821355,0.06999999999999999,0.23447165877473736,0.20515660924451118,0.228276162843434
2021-10-23,15630000.0,4.6,15.7,8.802074103458622,3.44796499374742,0.0,0.22407761725142544,0.1884896833760153,0.2334950279641574
2021-10-24,15090000.0,7.7,15.9,8.881668172569979,2.7715413057379434,0.0,0.22919626541965363,0.19338324403399754,0.24372768240927387
2021-10-25,14980000.0,4.2,16.6,8.702833344072198,3.807128013929443,0.0,0.23682929923534252,0.20250003790280452,0.251690762841761
2021-10-26,14730000.0,8.1,16.5,10.27657387333031,4.244109688484238,0.0,0.24694705517237825,0.21156613358887827,0.2461539735013377
2021-10-27,14510000.0,5.2,17.8,9.13483514254675,6.1267225192716745,0.0,0.3145841529887955,0.280399043682267,0.3109165032546756
2021-10-28,14630000.0,7.4,18.6,9.145410194640338,5.189905641630232,0.0,0.31241685860407054,0.2766955494455612,0.3378207831035555
2021-10-29,13190000.0,6.8,16.6,9.456818446315141,5.755587398416918,0.0,0.2728247528282534,0.2415970332382999,0.2763332806936593
2021-10-30,7920000.0,8.6,15.2,10.603508596191567,1.8167662770873996,0.0,0.12946279096031868,0.1106207173938919,0.14691324719848353
2021-10-31,13890000.0,6.3,17.5,10.16281090540292,3.5587069249702106,0.0,0.20846868422918247,0.17542368399715375,0.22948787424725303
2021-11-01,13400000.0,4.4,17.0,9.467721301001566,6.237464450494466,0.0,0.26010376756538006,0.22915881901008928,0.2602892321745451
2021-11-02,13350000.0,4.8,16.0,9.454094461965289,4.558377331143508,0.0,0.20345271492488154,0.17285888055976922,0.2193414583051078
2021-11-03,12780000.0,4.8,16.8,9.361889411790395,4.693063463711767,0.0,0.2135395203432243,0.1839514005682337,0.23937758057203834
2021-11-04,13350000.0,4.7,16.8,9.137477894600886,4.73795884123452,0.0,0.22183602754823198,0.1909673815105986,0.24774885299912852
2021-11-05,12570000.0,5.9,17.5,9.910180794121217,4.684084388207216,0.0,0.2167362323476802,0.18697638130554864,0.2445076593245809
2021-11-06,11420000.0,9.1,17.5,10.914812666975594,6.300317979026319,0.0,0.264134975308111,0.23605902368715265,0.2680429856439729
2021-11-07,12020000.0,11.2,17.9,11.669387971666643,8.724668365254974,0.0,0.34716243486060383,0.3167812855701131,0.3121914681931538
2021-11-08,1950000.0,4.1,17.1,8.238151647210156,12.63655226007084,1.79,0.45173374834603663,0.4472420205847002,0.3652632506966325
2021-11-09,10360000.0,1.5,9.5,6.836462549129147,13.953483334071592,0.15000000000000002,0.28943337762258364,0.26878369381475475,0.19321813530524942
2021-11-10,8780000.0,2.1,7.6,6.006878237452501,14.097148542144401,0.0,0.3331380316385767,0.3159948446276368,0.21001022726226348
2021-11-11,9620000.0,0.6,8.9,5.686205990115809,12.477921926157114,0.0,0.32746820842111407,0.308745259676529,0.2343365898129667
2021-11-12,12480000.0,0.2,8.2,4.95906147415925,9.754269023110107,0.0,0.3049234956741032,0.28106573957542047,0.24606939415892048
2021-11-13,12420000.0,2.6,12.2,7.179391461402847,5.977071260862498,0.0,0.20141300042156307,0.17519536714610282,0.21219699868348343
2021-11-14,10840000.0,2.9,14.6,8.054240090433439,6.701383351562912,0.0,0.21491667590177657,0.19114294066640314,0.23523061793067396
2021-11-15,11930000.0,1.2,13.8,7.620344574241776,3.9807234736840877,0.0,0.1524019531437252,0.12714547693118536,0.18421060033312434
2021-11-16,12070000.0,1.5,13.8,6.353021490542905,4.74693791673907,0.0,0.20561834280936986,0.17995455159730042,0.2467604689003709
2021-11-17,12260000.0,1.8,11.3,6.272927465767769,4.84870077245731,0.0,0.17978092011411045,0.1545435378532215,0.2074447523946108
2021-11-18,11440000.0,4.8,15.4,8.884246253469781,6.892936962326657,0.0,0.22344567179219585,0.1974318266762816,0.24059639247156395
2021-11-19,10460000.0,5.4,16.5,9.90450408023035,5.869322354807891,0.0,0.18712530524799548,0.1628165950133567,0.2169959290719809
2021-11-20,9990000.0,5.2,14.9,9.64645178041433,3.60958835282933,0.0,0.12834576225246333,0.10565873610118133,0.1592340357114562
2021-11-21,6260000.0,4.8,13.6,9.585628416038167,6.833076458962988,0.03,0.14260850355104868,0.12870974135035,0.15421572031253128
2021-11-22,9230000.0,-3.0,6.8,3.7543131019967437,14.94417466474034,0.0,0.4303835179365921,0.4140803484076131,0.2751113417863667
2021-11-23,10280000.0,-1.8,3.2,3.821026872287955,14.710718701622024,0.0,0.3553756883866957,0.3379989943817937,0.20899506083665517
2021-11-24,9250000.0,1.3,9.5,5.465801750877033,10.715030102097018,0.0,0.3178734763355858,0.29949404827525916,0.2588195821352727
2021-11-25,11040000.0,-0.2,11.3,5.225501113847298,10.245125150692205,0.0,0.32809759874582944,0.3060580628198083,0.2950040240847481
2021-11-26,11420000.0,-2.8,8.1,4.3332366754539775,7.509500146972464,0.0,0.21861972726251952,0.1979060136671446,0.22264014789943837
2021-11-27,11440000.0,-1.1,8.4,5.083648505930906,3.385111465215566,0.0,0.11375405162072458,0.09228102433500437,0.1528997422710988
2021-11-28,10690000.0,0.9,9.6,4.991501002521928,3.8310722152749115,0.0,0.14918956566983194,0.1280491759834653,0.19445390354579356
2021-11-29,10160000.0,1.2,10.4,6.093198469078816,3.872974567629481,0.06,0.12906462185648698,0.10862343969937698,0.16897066459440527
2021-11-30,1320000.0,-3.8,8.1,5.620478075552163,15.357212137949665,1.4000000000000001,0.19809795408994474,0.195745507066511,0.16186336861013437
2021-12-01,11430000.0,-4.9,1.0,2.5963834895921982,14.001371736762529,0.0,0.36012529731143716,0.3427114341767022,0.2166847780461581
2021-12-02,11110000.0,-2.3,4.8,4.400668420137354,9.020977856905143,0.0,0.19821192613103392,0.1790454414350711,0.17064804955136562
2021-12-03,11000000.0,-2.8,6.2,2.959752131324805,11.72667260894305,0.0,0.3989860412722013,0.37969582135519614,0.29942028624299866
2021-12-04,10590000.0,-2.2,6.2,4.164027970148122,6.8540276351402705,0.0,0.18773709580603998,0.1689646543424749,0.19369151941119245
2021-12-05,10340000.0,-0.1,8.6,5.9759233883635,2.5979458459832996,0.0,0.07847860474121812,0.05867930037131993,0.11526966598230706
2021-12-06,9860000.0,-0.7,10.4,5.817930691621044,3.292327685001877,0.0,0.10204891770308366,0.08279700153817847,0.15065114076805322
2021-12-07,10230000.0,-0.8,12.6,6.385696621335666,5.369487151721244,0.0,0.17090649576443354,0.1502607607499125,0.20015488035208434
2021-12-08,10400000.0,-0.2,10.2,6.656486812828668,3.6484976800157165,0.0,0.08823890212789988,0.06783481399822822,0.12790122651815186
2021-12-09,6970000.0,0.1,9.7,7.553049661563044,3.3252509618518964,0.0,0.05811365462764614,0.04448268473460214,0.08672130747010115
2021-12-10,7230000.0,2.1,11.1,8.118311869619411,4.082486329402328,0.0,0.08113101745274309,0.06622558529927457,0.11085050494140518
2021-12-11,7780000.0,2.1,10.2,7.40245322187611,5.818440926948772,0.0,0.11810231137086806,0.10228008619052309,0.13870494679255513
2021-12-12,8950000.0,-6.7,7.3,2.940321239431226,12.7891965436482,0.0,0.4904586884899923,0.4755565593569361,0.2925500351244998
2021-12-13,10820000.0,-4.7,2.3,2.5126197443268343,7.383793089908755,0.0,0.21698769580046656,0.19999485659375835,0.20552208823073728
2021-12-14,9730000.0,-1.1,7.6,5.1885108333694445,8.197895935654673,0.0,0.18561880506291545,0.16760123876929475,0.18297532005459088
2021-12-15,7800000.0,1.8,10.9,7.376154373997662,6.393101759240009,0.0,0.13200884108172123,0.11604910061790955,0.15430554851196346
2021-12-16,5370000.0,-3.7,8.8,5.5367163715860945,7.928523670518157,0.020000000000000004,0.1493831250296104,0.13967694950718598,0.15948167356402387
2021-12-17,10790000.0,-10.6,-1.5,1.3669389220671258,16.512519852868504,0.0,0.4201335260947426,0.40640003944437275,0.2221172227960848
2021-12-18,10710000.0,-9.4,-0.2,2.3538606494091163,9.751275997941924,0.010000000000000002,0.19446210124887428,0.18002631570286567,0.15689482083068618
2021-12-19,10590000.0,-3.0,2.5,3.0596324227273386,9.407078103600817,0.0,0.2532028963764773,0.2359379419184559,0.20701304106380342
2021-12-20,6530000.0,0.6,9.2,6.078428662369511,9.116754662287017,0.0,0.20407443985186413,0.19130396160199653,0.19113157351244195
2021-12-21,8740000.0,-2.0,11.2,6.265346222570128,6.97075561669943,0.0,0.16499681328985588,0.14806888643480226,0.1814498105019428
2021-12-22,10270000.0,-2.5,8.4,4.6375278225458265,3.3701463393746494,0.0,0.10021019660457904,0.0813874520038477,0.15159966158608865
2021-12-23,10150000.0,-2.7,7.9,4.529791736585235,4.366823720379762,0.0,0.12087138016596359,0.10249332299505876,0.16570575120228706
2021-12-24,7530000.0,-9.9,7.4,3.4909004320826984,9.508840959319057,0.0,0.306492770098553,0.2946905228609337,0.21425950443376474
2021-12-25,11010000.0,-13.7,-5.1,0.982956916652692,14.339583580767268,0.0,0.315707022773967,0.30381985807567646,0.17654943214759403
2021-12-26,10930000.0,-12.7,-6.2,0.8858551902006121,13.217199142698446,0.0,0.3045679307900474,0.2927975194026394,0.17519045070031644
2021-12-27,10320000.0,-10.1,-0.9,2.6400697517854077,9.906913306687466,0.0,0.1522384726440767,0.1387640702915055,0.12309509897523285
2021-12-28,9970000.0,-3.3,4.2,4.330503922516944,5.887280505816992,0.0,0.11992554224053013,0.1032305182345159,0.13344898527235907
2021-12-29,7300000.0,-5.8,6.6,4.231798095107634,12.627573184566293,0.0,0.2557373404579456,0.24353638072763575,0.19474010721188004
2021-12-30,10270000.0,-8.5,-0.1,1.8081512686198506,14.737655928135675,0.0,0.38180259518231147,0.3676475843636687,0.22280981692206853
2021-12-31,10970000.0,-8.6,-2.8,1.3542651352052841,10.912569763197132,0.0,0.2959580163492667,0.2817663842169602,0.20257173215942892
2022-01-01,10630000.0,-7.1,0.8,2.0777624723506496,4.01663977570229,0.0,0.12239111916700926,0.10698899483933517,0.15266185528989235
2022-01-02,7470000.0,-5.6,4.3,3.1915522644276546,7.883628292995404,0.0,0.2054901137773843,0.19350007491690122,0.19445331454941367
2022-01-03,10930000.0,-4.2,3.0,2.428816415560781,9.505847934150875,0.0,0.29970226970478164,0.28212418890498847,0.24431928049896343
2022-01-04,11070000.0,-5.3,3.5,2.613780211713491,5.8543572289669745,0.0,0.1800083181328494,0.16241413621883197,0.19659008775500036
2022-01-05,7340000.0,-4.1,5.3,4.497200079212514,5.372480176889427,0.0,0.1127220422035001,0.10036138504268907,0.13193242341050962
2022-01-06,11130000.0,-5.2,4.9,2.9412900842173237,5.432340680253097,0.0,0.1680864736870037,0.1498709183837928,0.1953220106157711
2022-01-07,11130000.0,-5.9,4.4,2.3971285468222865,4.259074814325156,0.0,0.1494234521797185,0.13162885570251687,0.19049913238876295
2022-01-08,11080000.0,-3.4,5.4,3.6638281521444847,6.417045960585477,0.0,0.18199191845491103,0.1630525744134528,0.1924615155845958
2022-01-09,10470000.0,-2.6,6.6,4.775759132829115,3.307292810842795,0.0,0.09313166572910873,0.0745719431489835,0.12774456462769204
2022-01-10,9600000.0,-5.6,6.4,3.774822485558231,6.821104358290253,0.010000000000000002,0.1745788110902609,0.1585337133627301,0.18991361413968239
2022-01-11,11780000.0,-10.4,-2.9,1.5022887082107095,14.013343837435261,0.0,0.3292079855257308,0.3146327595071416,0.1883534017117326
2022-01-12,11790000.0,-9.6,-1.9,1.4948494766315716,11.325607236406457,0.0,0.2974590337000842,0.28224183688920923,0.1999506509871131
2022-01-13,11900000.0,-9.4,-2.8,1.37479074389539,14.534130216699197,0.0,0.3792250006037602,0.3641140880748558,0.2091999549662636
2022-01-14,12010000.0,-8.4,0.3,1.4519336264046172,4.836728671784575,0.0,0.16725115248687272,0.15051444391747643,0.1862152802881592
2022-01-15,8940000.0,-4.1,4.9,3.226100479766454,6.704376376731095,0.0,0.2082494630792954,0.19330746582053232,0.2071829105051421
2022-01-16,11460000.0,-7.9,3.0,2.065703509823233,12.717363939611795,0.0,0.37802228067768373,0.36091998569320427,0.2571550043946239
2022-01-17,11520000.0,-8.8,0.6,2.083458950729389,12.962792003402846,0.0,0.3250323777467514,0.3090137573519096,0.20808803877203363
2022-01-18,12360000.0,-8.0,-0.2,1.4005882075461822,5.177933540957497,0.0,0.18305894940324158,0.16587230460460928,0.19236708831053723
2022-01-19,10230000.0,-6.7,2.5,2.76313938262932,8.838403321645949,0.0,0.2314551398159292,0.21596531649818734,0.1923819083530402
2022-01-20,12050000.0,-6.8,2.5,2.6102925946905384,3.711351208547571,0.0,0.12536245102342852,0.10715445260393272,0.1517689569259491
2022-01-21,12520000.0,-5.3,4.2,3.2072150400345523,3.178592728610903,0.0,0.11556361496777626,0.0953889902764059,0.14669591055046666
2022-01-22,6630000.0,-2.0,5.6,4.5042674901479725,2.409385260387737,0.0,0.09158287662098087,0.07991414171649172,0.11823637970969256
2022-01-23,10530000.0,-0.2,9.3,5.407321463925396,7.255093007676863,0.0,0.21869876476191835,0.19833698414975676,0.2159812729872926
2022-01-24,9710000.0,-2.2,6.4,4.4270646223933054,7.0425882207358335,0.04000000000000001,0.20000612014005087,0.18273212274378745,0.19092584042885757
2022-01-25,3670000.0,-2.0,3.9,5.496094703450747,5.321598749030307,0.04000000000000001,0.07947978012805827,0.07321816600981002,0.08200446340836978
2022-01-26,11730000.0,-4.6,6.2,3.9024703024151277,6.521801841471901,0.0,0.19051662539958608,0.1706147118047259,0.19198692292220998
2022-01-27,12560000.0,-5.2,6.3,2.7412180657737553,6.0788341165807385,0.0,0.23520531450683876,0.21409383298076406,0.24567710544899063
2022-01-28,13330000.0,-6.0,4.4,2.2794260562954247,8.610933408864,0.0,0.30949340183279583,0.28822340507201527,0.2623362532728064
2022-01-29,13570000.0,-6.9,2.7,1.956574265106519,7.856691066481752,0.0,0.28020310169381035,0.2596559949077149,0.24121768445704742
2022-01-30,12760000.0,-7.1,3.2,1.811295298430157,5.558047737316805,0.0,0.2240701175990178,0.20462996942760756,0.2290594425869395
2022-01-31,13810000.0,-4.3,4.6,2.3081634219389837,8.326596017886565,0.020000000000000004,0.3284932822922686,0.30562995971983853,0.27758425519449376
2022-02-01,11120000.0,-5.3,1.6,3.2019865444980926,13.028638557102882,0.0,0.2984890338596249,0.2814779645039248,0.18134058334210454
2022-02-02,12220000.0,-5.4,1.8,2.4559198614170175,11.415397991451963,0.0,0.3485386582363577,0.3298066315214362,0.23132367741243062
2022-02-03,14280000.0,-6.2,2.0,1.8251870270734778,10.110439018123946,0.0,0.3658418344073029,0.3442196763450005,0.2637453021680123
2022-02-04,14290000.0,-9.4,0.2,1.7505526436437446,14.833432733517549,0.0,0.4187133642293232,0.39927870150154404,0.23195630851284493
2022-02-05,14730000.0,-8.4,-1.6,1.585770209878459,15.078860797308597,0.0,0.43417359577155007,0.41449765881309897,0.22604595180107706
2022-02-06,14480000.0,-6.9,1.8,2.0292034368597243,11.562056224692956,0.0,0.3796966380828157,0.35817751471443343,0.24959371338626113
2022-02-07,10980000.0,-5.9,1.5,2.0160109325459725,5.725657146735083,0.0,0.22420025399606694,0.20764330397533565,0.20951238084580556
2022-02-08,12510000.0,-6.0,4.8,2.535454052629697,5.204870767471149,0.0,0.21746585796460863,0.197346755420655,0.2221108036160723
2022-02-09,13370000.0,-2.3,6.6,3.552300948731629,2.600938871151483,0.0,0.15577346320576693,0.13194602630932023,0.18055074709579577
2022-02-10,14850000.0,-4.8,8.1,3.1213966618466955,4.9594427036801,0.0,0.25698671690026803,0.23099194871540013,0.2535497649750644
2022-02-11,15260000.0,-3.3,8.9,2.9210038219527137,4.193228260625117,0.0,0.24344551143366835,0.21562193407227265,0.26960913503317435
2022-02-12,15150000.0,-0.6,9.9,4.692975760045153,5.456284881598566,0.0,0.2559317284676528,0.22654111903623578,0.2566580747628892
2022-02-13,11560000.0,-2.3,9.5,5.572478020946769,5.599950089671375,0.0,0.18637559161981282,0.1647137992915512,0.18893760329512535
2022-02-14,12030000.0,-4.1,9.7,4.118077631375221,11.25976068270642,0.010000000000000002,0.46711597923792664,0.4451816649746507,0.3012120780455291
2022-02-15,15260000.0,-8.8,-0.8,2.002894917491857,15.806165913177193,0.0,0.4148707671057525,0.3943021314911781,0.2071621766435045
2022-02-16,16590000.0,-10.6,-3.0,1.2145593809419748,14.043274089117098,0.0,0.41430742025892153,0.39392717853209913,0.2168151521738541
2022-02-17,16790000.0,-10.1,-0.2,1.0991092471625863,5.276703371507555,0.0,0.23501587195960044,0.21274031345560598,0.21569177956537683
2022-02-18,16239999.999999998,-5.3,4.6,1.975530548539466,3.1067601245744987,0.0,0.20132562223594452,0.1749518715416279,0.21972999560862472
2022-02-19,10300000.0,-8.4,4.0,2.1551134241455188,12.477921926157114,0.0,0.43307082978824757,0.41753926465040303,0.2726361037488898
2022-02-20,17300000.0,-7.2,-1.4,1.5630027668824928,13.274066620893933,0.0,0.4467375600520936,0.42289318934493486,0.2428440106882984
2022-02-21,12950000.0,-6.8,3.2,2.1499757652817024,13.971441485080693,0.0,0.4798986152386244,0.4600475721978524,0.2804213558435466
2022-02-22,17180000.0,-8.4,0.4,1.6088332075827914,13.758936698139662,0.0,0.4682103765524282,0.44421635178778207,0.25819709333358676
2022-02-23,17280000.0,-8.1,0.4,1.2194125861735807,8.889284749505068,0.0,0.372839930363244,0.34854737158861965,0.2657231695572969
2022-02-24,17970000.0,-5.4,3.4,1.9158369534670094,10.203222798337634,0.0,0.44158000922630725,0.41313226493297517,0.30157406428316114
2022-02-25,16970000.0,-1.1,8.8,4.312778236352875,9.227496593509807,0.0,0.393415968749486,0.36134897630486024,0.2992783927097801
2022-02-26,16160000.0,-3.0,11.6,4.304618866006374,14.312646354253616,0.22999999999999998,0.7387398287892338,0.7077453895624919,0.38001516010980985
2022-02-27,18040000.0,-3.2,9.2,3.341501958490493,10.251111201028571,0.0,0.4938812463016067,0.4607606898547937,0.35417257528417506
2022-02-28,11940000.0,2.2,11.3,3.5192084666875147,6.063868990739821,0.08000000000000002,0.38887139112911784,0.36414502881767713,0.3792474528673904
2022-03-01,13090000.0,-4.2,13.6,5.693164117124856,10.230160024851287,0.0,0.47651012199849757,0.4510747623292778,0.3111152423579
2022-03-02,18540000.0,-1.9,9.8,3.433778128778857,10.014662212742074,0.0,0.5010425907427924,0.4658920095276998,0.3771689135872471
2022-03-03,18480000.0,0.8,11.7,3.2897674444997103,6.123729494103491,0.0,0.4264649919082723,0.3887673533286179,0.40246786014273744
2022-03-04,17710000.0,0.3,15.2,4.575484801190997,13.390794602453088,0.0,0.9564763445479029,0.9187121694000959,0.5158169726626
2022-03-05,19490000.0,-4.6,5.5,1.9585975108089273,15.731340283972607,0.0,0.707099069566776,0.6744625582450893,0.3810500006061621
2022-03-06,19620000.0,-2.9,6.8,2.28871117760883,6.467927388444597,0.0,0.3942308558016135,0.3595134489456964,0.33571209342095976
2022-03-07,17950000.0,-2.2,9.1,2.3714036589372216,4.477565651602553,0.0,0.33643207855255935,0.30296631797886975,0.3354741732890181
2022-03-08,18850000.0,-1.8,12.2,3.934974508649664,4.983386905025569,0.0,0.4058463884193362,0.3686278767309798,0.343905281861775
2022-03-09,19250000.0,1.3,14.4,5.485980586572925,3.355181213533731,0.0,0.3299304072165633,0.2887647469265653,0.3164899774968949
2022-03-10,15880000.0,1.4,16.2,3.8850668840298215,6.138694619944409,0.0,0.6018873249592117,0.5670121732758904,0.48082848108295373
2022-03-11,15780000.0,3.3,18.0,7.853123187466982,7.222169730826845,0.0,0.5071233092864944,0.47072849848662557,0.3918935653874556
2022-03-12,12180000.0,12.1,19.8,11.262698839801887,8.566038031341247,0.12,0.4915042140263159,0.4598036659123822,0.4311832344536066
2022-03-13,3520000.0,6.4,15.6,12.072041554280087,9.092810460941548,1.62,0.12013581867775722,0.11194516592488594,0.12022118812346069
2022-03-14,6590000.0,0.9,14.4,8.634707444020187,12.49288705199803,0.45999999999999996,0.2860152976773061,0.2720033354496725,0.2130014217769129
2022-03-15,19690000.0,1.5,16.7,6.307143508988018,5.121066062762011,0.0,0.48219660548717436,0.43859819078431733,0.38606153757549116
2022-03-16,19290000.0,6.7,19.4,7.016535299801222,6.809132257617518,0.06,0.5844275072299385,0.5372738374554168,0.5205319765165599
2022-03-17,5060000.0,3.5,9.1,7.497371868774411,14.848397859358466,1.0,0.2927114537696987,0.2823737790337333,0.17517961266177728
2022-03-18,7980000.0,-0.8,6.4,5.57589452770637,9.092810460941548,0.54,0.22828788593340535,0.21373794180863886,0.16411360382064194
2022-03-19,3270000.0,-1.5,3.9,6.370301631850605,3.9627653226749864,0.71,0.04779414691857421,0.042163239721461326,0.050906441389515056
2022-03-20,12830000.0,-2.4,9.4,4.86437420604647,6.689411250890178,0.0,0.2914217091565091,0.2674611080486834,0.24949864446508618
2022-03-21,18390000.0,-0.2,11.4,4.909988771396525,4.1992143109614855,0.0,0.321748232413552,0.2849782426407725,0.29701317345144124
2022-03-22,20750000.0,0.6,12.8,4.5826611138398725,6.069855041076188,0.0,0.4487314968561872,0.40582476784997523,0.3858170938642621
2022-03-23,12190000.0,-2.0,9.8,5.137431750562236,6.677439150217443,0.0,0.28658474117313226,0.2635117462984844,0.24660416079918973
2022-03-24,17490000.0,2.6,14.8,6.539497037440632,5.324591774198491,0.0,0.3829989984654683,0.34469366334901164,0.34442969251092925
2022-03-25,15160000.0,9.2,18.5,10.432971735946031,10.215194899010369,2.5500000000000003,0.5322245333588336,0.49448977134847655,0.4098368805984845
2022-03-26,7130000.0,3.3,15.2,9.585628416038167,10.972430266560801,0.11000000000000001,0.2584210002175865,0.24256922431863917,0.2160275596907702
2022-03-27,20470000.0,-0.2,15.9,4.734207153004862,10.508511365492353,0.0,0.9163959955928809,0.8726213947546336,0.5137394324416602
2022-03-28,20850000.0,0.2,12.4,4.757911748410759,4.73795884123452,0.0,0.39513115173555546,0.3525342113709549,0.3488879179748487
2022-03-29,22370000.0,4.3,16.0,6.109852424892113,5.489208158448584,0.0,0.4909168314631806,0.4399825972473826,0.43592819321365966
2022-03-30,17030000.0,8.4,18.1,9.16659267575642,5.614915215512292,0.17,0.4428656967028656,0.4010453008481699,0.39662210124490416
2022-03-31,7330000.0,1.3,10.1,7.1900810178277945,7.934509720854525,0.13,0.2163532406126436,0.20165150413825322,0.17449287679911746
2022-04-01,14850000.0,0.8,11.0,5.4156417398848955,4.69605648887995,0.0,0.3109002274578301,0.2809306121141705,0.2779044328618324
2022-04-02,22880000.0,2.2,13.4,4.765340965563083,4.905568250652797,0.0,0.4575223615157256,0.4086639278572927,0.40291442237874114
2022-04-03,23000000.0,3.3,15.6,6.063690521346351,3.1127461749108654,0.0,0.4061326262529299,0.3547222636121813,0.3725913450873244
2022-04-04,23390000.0,1.4,17.2,5.067925074433347,6.144680670280776,0.0,0.7070190575525991,0.6549470861875069,0.5007285340628828
2022-04-05,20940000.0,4.2,17.9,4.657888107134246,9.107775586782466,0.0,0.8687352050422209,0.8199490035048409,0.6214498363190871
2022-04-06,22670000.0,4.6,20.2,6.310955456583813,6.695397301226546,0.0,0.8027356676097034,0.7481538955452733,0.5777131162542115
2022-04-07,21590000.0,3.7,17.6,4.988403448430163,9.287357096873476,0.0,0.8629297675531371,0.813134839468906,0.5949179762777715
2022-04-08,23560000.0,6.8,20.6,5.58444390440753,6.764236880094765,0.0,0.8104336647770489,0.7519863347802427,0.6520427169530895
2022-04-09,22840000.0,9.8,26.5,8.1900297596515,8.500191477641211,0.0,1.194797908626464,1.1327711638782172,0.8377523235367763
2022-04-10,23040000.0,11.8,27.5,7.054310464555587,7.844718965809017,0.0,1.2478071927121632,1.1835458859468293,0.9248151217908731
2022-04-11,22930000.0,13.2,27.0,12.211222480275866,8.802487019627748,0.0,0.968091346030642,0.9036453879949196,0.7541747419142052
2022-04-12,21820000.0,13.2,28.8,11.380809532100251,7.943488796359073,0.0,1.1092618120640911,1.0470182570887245,0.8296495072763479
2022-04-13,6260000.0,6.5,13.1,8.484997722074501,11.690756306924849,1.58,0.38406485767978393,0.3699415447652336,0.27581968209677415
2022-04-14,11130000.0,4.4,12.1,7.177255235048499,9.541764236169076,0.0,0.402519398482995,0.37844688041141306,0.2935900224346606
2022-04-15,22800000.0,2.8,17.2,6.216265269162185,5.632873366521393,0.0,0.6026537541955689,0.5509431853315241,0.46085270417766566
2022-04-16,24570000.0,3.8,18.3,4.715024267341279,7.626228128531621,0.0,0.8722289422684837,0.8149855338743371,0.6169745065871404
2022-04-17,24230000.0,8.6,20.8,4.728297376205222,6.716348477403829,0.0,0.7886352553833643,0.7271949239655866,0.7215988814702469
2022-04-18,19160000.0,8.1,21.6,4.816132740815477,5.923196807835195,0.0,0.7660400400934866,0.7172998842338729,0.6799134418657602
2022-04-19,24160000.0,5.3,23.5,5.23518906262489,6.94681141535396,0.0,1.0384545812089425,0.9775868548942788,0.758821521480674
2022-04-20,24790000.0,8.7,23.5,4.9145709963961925,7.458618719113343,0.0,1.100421601134828,1.035705403367645,0.8297100092700503
2022-04-21,13250000.0,7.8,19.1,8.42821886571078,6.770222930431132,0.010000000000000002,0.49290877213691847,0.46022271309380824,0.4556513496304202
2022-04-22,22760000.0,12.7,27.0,11.917549723653543,13.106457211475654,0.0,1.3080557404547675,1.2443578111610774,0.8483594001210826
2022-04-23,19870000.0,10.6,22.6,10.139612485951421,6.452962262603679,0.0,0.6241663802026354,0.5717747739653233,0.5646622050402454
2022-04-24,24750000.0,12.4,27.5,11.561644787411671,7.6830956067271075,0.0,1.0421780276663368,0.9727929307369898,0.7766950909306967
2022-04-25,18330000.0,15.6,28.5,12.122798711992658,6.599620495844672,2.0500000000000003,0.8096744533621779,0.7565130432898914,0.758852081291307
2022-04-26,8460000.0,10.4,21.2,14.325130678287545,7.314953511040534,0.03,0.3077860211188768,0.28583452539281345,0.28467408057438687
2022-04-27,23440000.0,8.4,18.5,9.558093316803426,7.623235103363436,0.0,0.6169015737395568,0.5590780851380092,0.46776688735365857
2022-04-28,22180000.0,8.4,19.5,9.235734702591412,12.280382265057003,0.5599999999999999,0.8048703077743127,0.7495394482788302,0.5542920596721691
2022-04-29,12300000.0,5.4,12.6,8.352221169095483,7.5005210714679125,0.35000000000000003,0.3420787587807109,0.31491758913092116,0.2554944456118031
2022-04-30,15540000.0,6.2,16.5,8.974895749810297,7.713025858408942,0.0,0.45430281811263695,0.41782621886794435,0.35899118265484875
2022-05-01,23960000.0,6.6,18.0,5.773725669073015,10.508511365492357,0.0,0.8718009094039492,0.8142498651988805,0.6459797155272287
2022-05-02,22510000.0,6.6,17.3,7.720001112686005,5.2976545476848385,0.06,0.5362952128333162,0.4826781230776082,0.4499067232423523
2022-05-03,26310000.0,7.2,20.4,6.44760594170832,8.524135678986678,0.0,0.9207096162480326,0.8552942214343864,0.6826082576572355
2022-05-04,26140000.0,9.1,25.5,8.08740658013681,7.910565519509056,0.0,1.1721875065084226,1.1023210639199787,0.8081458800653749
2022-05-05,26550000.0,10.6,26.0,9.254428219654715,6.20753419881263,0.0,0.9876790152348264,0.9153784956680159,0.7504759578707908
2022-05-06,25700000.0,13.4,26.3,11.96103317929021,6.940825365017593,0.0,0.869116162336715,0.7971901173961244,0.724233803284476
2022-05-07,20310000.0,10.7,24.0,9.967105752526608,10.218187924178553,0.0,0.9559985252520162,0.901662565232853,0.7103127195138427
2022-05-08,18730000.0,10.6,19.0,8.843076028549614,8.293672741036547,0.22999999999999998,0.67442091479081,0.6268253548823828,0.5411125090765898
2022-05-09,25420000.0,8.4,20.7,6.9228779544762,7.075511497585852,0.0,0.7855313822186164,0.7212810648339014,0.6559444884281891
2022-05-10,25160000.0,10.9,21.8,7.983572865844131,7.530451323149747,0.0,0.8213675413865655,0.7553555600448589,0.6947630618904631
2022-05-11,21550000.0,15.0,25.6,11.275415348072992,4.235130612979687,0.0,0.646139856423248,0.5853690822192065,0.6202005955028456
2022-05-12,16469999.999999998,12.5,23.8,11.81110534249945,8.242791313177426,0.0,0.6723215991135715,0.627593907081889,0.5918393483654907
2022-05-13,10150000.0,10.1,19.1,12.921334863640723,6.800153182112968,0.37000000000000005,0.33197307368810713,0.30629079275779897,0.2834396373804259
2022-05-14,25520000.0,9.9,21.7,6.089503045544308,11.13405362564271,0.0,1.0879191458674637,1.0217013951666205,0.8407845380013278
2022-05-15,27450000.0,8.7,21.0,5.752612988051383,5.064198584566523,0.0,0.7411458241081095,0.6713171561359594,0.6663858361293389
2022-05-16,27150000.0,9.8,23.2,6.81806943366586,8.188916860150124,0.0,1.0446475582201877,0.9732018978737266,0.80378150316174
2022-05-17,24330000.0,11.9,26.1,7.749664377351256,7.147344101622258,0.0,1.0603695273866909,0.9932752312678647,0.8492007720361758
2022-05-18,24900000.0,15.4,28.1,7.519599354659025,11.035283795092655,0.020000000000000004,1.3908872924102793,1.3190064561008834,1.1372357936810058
2022-05-19,19560000.0,14.3,27.0,6.50416885856405,9.52679911032816,0.0,1.1806869710973698,1.1252074919260917,1.0318707152195914
2022-05-20,20510000.0,13.5,27.0,10.076057126307802,5.2078637926393325,0.0,0.7845829230271384,0.7267932241334616,0.7114446869863841
2022-05-21,25290000.0,14.6,27.1,13.000430414899476,8.89826382500962,0.0,0.9710509597927391,0.8990841700338226,0.7878987925559269
2022-05-22,25320000.0,13.4,28.6,13.328451956469774,8.19490291048649,0.0,1.1061930684353738,1.0339654418553432,0.8002696628274146
2022-05-23,25920000.0,16.8,30.6,13.196380831943321,5.303640598021206,0.0,0.9516663218518302,0.8746302745087231,0.831010953017118
2022-05-24,26210000.0,16.4,32.2,13.335823175493935,4.262067839493339,0.0,0.9791654969223966,0.9006071004088039,0.815957750356262
2022-05-25,24930000.0,15.0,31.1,12.448641178871915,10.562385818519658,0.08000000000000002,1.5764847858934052,1.5030854382788283,1.0472649414694484
2022-05-26,27070000.0,14.4,25.5,8.735803407821157,11.909247144202244,0.0,1.2544389500995732,1.178549876407556,0.9827812831935991
2022-05-27,21240000.0,12.1,25.4,11.142520002759918,12.0080169747523,0.0,1.1080134033169458,1.0497003974399028,0.7802890362162425
2022-05-28,24950000.0,14.1,30.1,8.951508346017244,8.949145252868739,0.0,1.5325689396631712,1.460152264438295,1.0714444036317865
2022-05-29,25100000.0,18.5,30.9,9.632598511129608,5.977071260862498,0.010000000000000002,1.0024281898700866,0.9267819292038013,0.9907713535028464
2022-05-30,13670000.0,14.6,26.8,14.033347618310406,6.617578646853773,0.010000000000000002,0.6071407564463295,0.5683357105627632,0.5897521416001968
2022-05-31,27150000.0,14.9,29.0,8.209248674824089,8.164972658804656,0.0,1.3141335281346185,1.2355134375921273,1.0479734780312824
2022-06-01,27410000.0,15.3,31.2,8.320531486211214,7.973419048040909,0.0,1.5374690272453948,1.4565314358452304,1.1320181206615154
2022-06-02,27700000.0,15.4,30.7,11.107942683227238,6.925860239176677,0.0,1.2551521525858316,1.173597321902968,0.972275761611819
2022-06-03,26090000.0,15.1,28.8,13.94108613049466,9.966773810051137,0.0,1.1729126469833453,1.0973620701047597,0.8666989673256709
2022-06-04,20980000.0,15.6,27.9,15.047249047119124,10.278048427542222,0.0,0.9295726815308051,0.8690080250741333,0.7575155946779846
2022-06-05,6220000.0,14.9,18.6,16.717870755668727,9.338238524732597,1.25,0.24994756583964972,0.23349877975805705,0.18544212243367292
2022-06-06,10560000.0,11.5,20.2,13.860794829224314,6.752264779422032,1.2800000000000002,0.3589595034317715,0.33153109823078525,0.3060589736977394
2022-06-07,14280000.0,12.8,20.4,12.577616664501068,6.557718143490102,0.15000000000000002,0.4897330414571702,0.4520806943475167,0.4132577824894623
2022-06-08,15740000.0,12.3,21.1,13.247604529310014,4.8906031248118795,0.0,0.4479441231179976,0.40636047357850147,0.3861141824929355
2022-06-09,21500000.0,13.9,25.9,15.656240305969739,4.588307582825343,0.68,0.5915846148782726,0.5313618201450475,0.5154287804931711
2022-06-10,24360000.0,17.4,28.4,17.390292176335173,4.875637998970962,0.03,0.727073457499446,0.6555108817999471,0.633744403366945
2022-06-11,22590000.0,13.8,25.6,15.014489107285026,7.686088631895292,0.0,0.7248257294031777,0.6617654239299359,0.5909235703290389
2022-06-12,20610000.0,15.2,26.2,15.092396408459866,9.305315247882577,0.0,0.7995556208349214,0.7410499883798883,0.65198122030753
2022-06-13,20470000.0,15.8,22.5,14.289837726003833,14.14802997000352,0.0,0.9160293017092126,0.8594300820331433,0.5972743886331819
2022-06-14,13350000.0,14.6,19.8,13.872240087042677,10.026634313414808,0.44000000000000006,0.5537268774135811,0.518113530778341,0.40701306188453135
2022-06-15,17020000.0,15.2,24.0,17.506978138778564,6.225492349821731,0.44000000000000006,0.5050614131019697,0.4576314239465969,0.4045689534708816
2022-06-16,23160000.0,14.1,25.7,15.512521338403095,6.982727717372163,0.010000000000000002,0.7057222484697058,0.6408496937710317,0.5757386061198405
2022-06-17,25290000.0,18.8,29.2,19.567418718934324,6.027952688721619,0.0,0.7974303790010873,0.7219465536458896,0.6647163104872357
2022-06-18,25550000.0,19.5,31.2,20.737425496871413,6.63254377269469,0.0,0.8634710975340442,0.7857942385226063,0.7365525668584743
2022-06-19,21180000.0,19.2,30.5,22.042571038563203,5.243780094657535,0.03,0.6765153956004689,0.6125531290746237,0.5868537543068186
2022-06-20,25780000.0,20.6,32.9,21.081977235085862,4.309956242184276,0.010000000000000002,0.8229461595224568,0.7431540986408645,0.7331085225429259
2022-06-21,24820000.0,22.1,33.0,22.186169176754472,6.746278729085665,0.0,0.9248897135042977,0.8473189542901561,0.8160605179266562
2022-06-22,26240000.0,22.5,35.4,20.408519223742495,7.515486197308831,0.0,1.1558378076759823,1.0724941477381136,1.0207903923673196
2022-06-23,16360000.0,22.7,31.4,25.893692011343525,14.246799800553577,2.02,0.8922991033591128,0.8414760219626973,0.6773050241468157
2022-06-24,20830000.0,20.9,29.4,22.38858124675362,13.767915773644214,0.04000000000000001,0.9694945897823801,0.906335334536597,0.6944696843551386
2022-06-25,23210000.0,21.3,31.9,23.558287445863996,9.353203650573516,0.020000000000000004,0.9221761539615873,0.8504722248817991,0.7503482042877755
2022-06-26,13100000.0,22.5,30.2,25.76868080455193,9.119747687455199,0.7200000000000001,0.6098761406799682,0.569532216743963,0.5182795018561291
2022-06-27,12240000.0,23.8,30.3,27.104544970126398,14.073204340798931,1.42,0.7360497892826483,0.6980256745948656,0.5628286959971368
2022-06-28,20370000.0,24.1,31.8,25.716202459960712,19.170326202215474,0.05,1.262695067743546,1.1987306775135376,0.8478701790888501
2022-06-29,14850000.0,23.4,32.1,27.02231040569684,11.4992026961611,0.22000000000000003,0.7776183377491616,0.7310969105662939,0.6429410268202203
2022-06-30,17870000.0,22.2,30.7,27.015467370782957,4.9774008546892015,0.6400000000000001,0.5794460046789914,0.5243426933658832,0.4804427446588771
2022-07-01,24850000.0,22.7,33.3,25.552808962012143,3.6814209568657352,0.04000000000000001,0.7663369944400149,0.6882592434686177,0.6577220418317454
2022-07-02,24420000.0,23.3,35.2,21.740829594872274,4.453621450257085,0.0,0.8618001872956871,0.7839790114758352,0.8185783062678832
2022-07-03,20140000.0,23.1,34.2,26.913003292791018,3.525783648120192,0.9500000000000001,0.6608683036224032,0.5971147739151568,0.59273392604328
2022-07-04,19650000.0,24.0,33.7,26.817676526178815,4.621230859675362,0.51,0.700068634774599,0.6377259354411555,0.6287364274535076
2022-07-05,18760000.0,23.7,32.5,26.251884337319197,6.111757393430757,0.51,0.7163687950028925,0.6573569380120585,0.6300246706022563
2022-07-06,15220000.0,24.1,32.2,27.85454545152888,6.7672299052629485,0.24,0.6295302906414164,0.5816261580368234,0.5561540410338732
2022-07-07,18570000.0,24.0,34.0,25.972919153640408,9.760255073446475,1.4400000000000002,0.9145822218332895,0.8555671924334058,0.8042199713757501
2022-07-08,22110000.0,23.2,32.4,24.67341793843376,7.365834938899654,0.05,0.8565766373722059,0.7872705495180563,0.7306128567992455
2022-07-09,18280000.0,23.9,31.9,26.35214711781575,4.300977166679725,0.0,0.6283397013951155,0.5709717737338693,0.5537691126295541
2022-07-10,20980000.0,22.8,31.6,26.278588442730207,7.162309227463174,3.2100000000000004,0.7601139942086419,0.6948197017449589,0.6212696447408993
2022-07-11,13070000.0,21.5,28.4,25.611525819997627,3.992695574356822,1.22,0.4139937634734806,0.3744698918025424,0.35557179887640566
2022-07-12,15200000.0,21.2,28.9,22.75110747944463,6.306304029362686,0.0,0.578749773771655,0.5327229763452506,0.5082665731673728
2022-07-13,6110000.0,22.4,24.6,25.939882145667273,7.970426022872726,3.6799999999999997,0.25446521456934146,0.2363578550092001,0.20386423773744577
2022-07-14,18430000.0,20.9,28.5,25.663817511939133,8.928194076691454,0.03,0.621005365228626,0.5654611188509511,0.4481678532241954
2022-07-15,23910000.0,20.3,29.9,22.446709164130535,5.74960134808055,0.020000000000000004,0.7503142857998191,0.6778644567955167,0.6159680189863945
2022-07-16,23420000.0,20.9,29.5,23.31053745921799,5.037261358052872,0.30000000000000004,0.7069024125721015,0.6358426279639244,0.573498954706718
2022-07-17,19750000.0,21.3,29.0,22.91650490373455,6.590641420340121,0.11000000000000001,0.683643179368363,0.6237586238664803,0.5624368855317929
2022-07-18,8170000.0,19.8,23.4,24.13500768081846,4.196221285793301,1.6100000000000003,0.22343931120779303,0.19990967544386343,0.17489614500868705
2022-07-19,23420000.0,22.5,29.4,25.06805819142649,6.306304029362686,0.15000000000000002,0.7479038609811466,0.6761438110194748,0.5778629124745986
2022-07-20,18170000.0,22.5,30.6,25.08729279702169,5.4832221081122166,2.32,0.632247386369649,0.5761488124512076,0.5434728925640581
2022-07-21,9100000.0,20.9,26.7,25.042432098359193,8.191909885318307,0.5700000000000001,0.3684172497697558,0.341332888022098,0.30142536824757327
2022-07-22,19500000.0,20.6,28.2,23.58865779688145,5.001345056034669,0.51,0.5857059577907567,0.5271782634440093,0.47246501126318063
2022-07-23,14000000.0,21.9,27.2,24.309165155397825,6.141687645112592,0.8500000000000001,0.48958113370951767,0.44747441191579435,0.40243767066090486
2022-07-24,19530000.0,22.0,29.3,26.77691255392068,4.0645281783932266,0.06,0.5642461752061851,0.5046370911753404,0.4462579457831802
2022-07-25,23220000.0,23.0,30.0,26.83127655542827,4.193228260625117,0.15000000000000002,0.6791123889528718,0.6074671140080662,0.533641553691
2022-07-26,23160000.0,20.1,30.9,24.309165155397825,6.007001512544333,0.03,0.7235694568836091,0.6530194549776385,0.590308461069611
2022-07-27,15900000.0,21.6,29.0,24.017451494807933,8.817452145468664,0.010000000000000002,0.647603807531777,0.5992967450219839,0.5260836978241983
2022-07-28,16510000.000000002,22.6,29.0,27.2696699518008,8.200888960822857,0.27999999999999997,0.5808137151624705,0.5303239844412099,0.4360812427376132
2022-07-29,24110000.0,23.5,31.7,27.366397950829548,8.24578433834561,0.03,0.8580856598560423,0.7826890250080806,0.6580193474164201
2022-07-30,16980000.0,24.6,29.8,27.484256037947237,10.72400917760157,0.11000000000000001,0.7396230859449213,0.6867776576306537,0.557085958596798
2022-07-31,9930000.0,24.6,29.4,29.578980994519352,8.003349299722744,2.04,0.43187980146907573,0.4010506419525526,0.35988641152432554
2022-08-01,15820000.0,25.2,30.9,28.817478411778946,10.179278596992168,0.08000000000000002,0.7135826616128415,0.6638478529666358,0.5609889801219946
2022-08-02,15720000.0,24.0,29.6,30.297430734194588,8.293672741036547,1.26,0.5415145315210805,0.49282924839975106,0.38992573854433943
2022-08-03,22290000.0,23.7,31.5,29.071820394765258,9.035942982746061,0.05,0.7948820070635608,0.7251768643526081,0.5848407269708187
2022-08-04,24070000.0,24.0,32.3,27.98834723282706,6.656487974040159,0.020000000000000004,0.8206833819362899,0.7449243496240326,0.6524257082510543
2022-08-05,23270000.0,24.6,32.1,29.854103113895082,7.012657969053999,0.45,0.7899469332579885,0.7165367472989757,0.6033654406379655
2022-08-06,21160000.0,24.2,33.0,29.824252942732315,4.369816745547945,0.13999999999999999,0.6753274944942277,0.6083830693706866,0.5569535806757377
2022-08-07,20660000.0,25.4,34.0,30.7235176631043,7.189246453976826,1.22,0.7871594166350142,0.7209972747616624,0.6507933748352484
2022-08-08,13630000.0,24.5,32.0,28.371694279796003,11.487230595488368,0.42000000000000004,0.72991440974886,0.6869651018052113,0.6040656617839295
2022-08-09,12540000.0,24.5,30.5,28.179451714497127,10.631225397387878,1.26,0.6301129512714567,0.590944652808467,0.5138613897792604
2022-08-10,7300000.0,24.2,26.6,29.727419651388423,7.754928210763513,2.79,0.2675836105320667,0.24537557275174998,0.20272512018176467
2022-08-11,4730000.0,23.0,25.1,28.636996634865255,9.003019705896042,3.73,0.16668854156381918,0.15256084370270534,0.12234705232517609
2022-08-12,25180000.0,22.5,31.5,27.090824052161178,5.079163710407441,0.0,0.753772620335001,0.6755975713293562,0.5953413178764567
2022-08-13,10900000.0,23.5,29.6,28.68022204121786,4.639189010684463,0.6400000000000001,0.3805143609580921,0.3468613914638153,0.3329494964413038
2022-08-14,12320000.0,24.4,27.0,30.116405971243857,5.204870767471149,0.7000000000000001,0.3627517523703111,0.32512441407991377,0.26348684189924015
2022-08-15,16420000.000000002,24.0,32.0,27.889702190419115,12.630566209734473,1.77,0.8255757287154581,0.7739847157999515,0.6460089017277815
2022-08-16,17130000.0,22.2,29.3,25.351461296148397,7.686088631895292,0.26,0.6214283842776622,0.5690765288902083,0.5003715435647041
2022-08-17,15670000.0,21.2,26.6,24.271753501123545,5.456284881598566,1.32,0.4725819403483259,0.4258771351430587,0.373280207302817
2022-08-18,19560000.0,21.2,28.3,24.17844447467893,4.064528178393226,0.17,0.5532038242134834,0.49421387852902193,0.45183802546340407
2022-08-19,13860000.0,24.0,29.6,27.82644792386056,8.91622197601872,0.16000000000000003,0.5747683864321449,0.5318435757412019,0.4601282208751033
2022-08-20,15980000.0,21.2,30.2,26.425885583126323,6.051896890067086,0.45,0.5265929258623853,0.4777873360993537,0.44103838987280836
2022-08-21,23670000.0,18.0,28.6,20.650709210814956,5.923196807835195,0.0,0.6827503385586652,0.6128055288747235,0.561097365111449
2022-08-22,22120000.0,23.1,29.8,25.119379134265287,6.069855041076187,0.13,0.7140509745524509,0.6458425108565387,0.5755466939248989
2022-08-23,10930000.0,21.6,27.7,25.023227554890145,7.841725940640834,0.7000000000000001,0.44022412888315604,0.40730579743149764,0.37101692453153345
2022-08-24,10340000.0,18.3,23.7,19.10777139832443,6.988713767708529,0.06999999999999999,0.4003363526125595,0.37084055250049325,0.3465467632035004
2022-08-25,15410000.0,17.6,26.0,20.666944292432618,5.890273530985177,0.13999999999999999,0.46014034752225275,0.4156203572344367,0.3832228185371801
2022-08-26,22440000.0,19.2,27.5,19.90538111237382,6.072848066244372,0.0,0.6751326769937003,0.6087743618658588,0.5577935413525861
2022-08-27,22510000.0,14.2,25.0,14.998132628502823,6.29133890352177,0.0,0.633215872263386,0.5704867855484951,0.5365138556056215
2022-08-28,22040000.0,16.8,25.0,16.330742995334557,5.9411549588442965,0.0,0.6336312045411978,0.5708618285706124,0.5306883339957217
2022-08-29,4970000.0,18.7,21.4,19.418263995475883,3.675434906529368,0.36000000000000004,0.19082054975496374,0.17686387445057972,0.19201461874790454
2022-08-30,5130000.0,19.6,22.5,21.66173030453941,5.743615297744184,6.56,0.2082783763021494,0.19363276468446453,0.1915432106565937
2022-08-31,6160000.0,16.2,22.3,20.726568558553492,2.9511228158289553,1.22,0.1580325464900401,0.14097034505914616,0.14557628048908813
2022-09-01,13340000.0,17.5,25.5,20.168819621855462,5.303640598021206,0.0,0.40327290340258165,0.3649141361253937,0.3519359733262027
2022-09-02,12930000.0,18.7,24.1,19.644960707462836,12.705391838939063,0.05,0.5826957445970063,0.5455747287444541,0.4161726996335826
2022-09-03,14460000.0,18.9,23.9,19.81650102027708,11.502195721329285,0.5599999999999999,0.5716292861053088,0.5301157602562829,0.4076019319046747
2022-09-04,10000000.0,21.1,27.4,26.125363283783965,6.874978811317557,0.32000000000000006,0.3458545030763841,0.3159026338381683,0.2869237881136624
2022-09-05,4320000.0,18.5,25.6,23.692173208516724,17.111124886505213,5.9,0.306978134698204,0.294449095335832,0.23320969969642538
2022-09-06,15810000.0,14.3,24.6,16.392503397389387,11.750616810288518,0.39,0.6263679070406106,0.5824239243400899,0.4824972223075383
2022-09-07,22700000.0,13.9,25.4,16.30873522809824,5.611922190344108,0.0,0.5724490975901915,0.5091360913587211,0.4840044471039217
2022-09-08,23120000.0,14.8,26.5,16.82155036769581,4.872644973802778,0.0,0.5814246909446129,0.5158477196542269,0.5070058976801141
2022-09-09,20910000.0,17.1,25.4,17.418234443251954,7.024630069726732,0.0,0.6256145026320894,0.5657267244680225,0.5151875311774627
2022-09-10,15700000.0,18.1,24.0,17.851638763146827,6.4918715897900645,0.0,0.5031068562262265,0.458285003906996,0.42693348848771756
2022-09-11,10660000.0,18.0,24.4,20.564310525373436,5.68974084471688,0.010000000000000002,0.33612461203659205,0.3056179939786482,0.293379603616576
2022-09-12,13520000.0,19.4,25.1,21.081977235085862,4.067521203561411,0.04000000000000001,0.3784632169105332,0.3391315697587689,0.33024637520363415
2022-09-13,14480000.0,20.4,25.8,17.73294061169907,10.658162623901532,0.0,0.7379655460202224,0.6953019540202019,0.6149046502451704
2022-09-14,17690000.0,19.0,25.9,19.19386188280321,13.244136369212097,0.0,0.7740326465142308,0.7224133034129576,0.5598886753155161
2022-09-15,20310000.0,18.5,25.0,18.86651561072325,10.562385818519658,0.0,0.6979883543381201,0.6393578408664806,0.5110518553531301
2022-09-16,13820000.0,19.9,27.2,24.56616326071617,6.4918715897900645,0.06,0.41225771707206915,0.37127183256974183,0.33123500351261626
2022-09-17,19360000.0,22.5,30.5,25.670360527620435,4.0196328008704745,0.45999999999999996,0.5596105002681161,0.4998752494958751,0.48075014902143315
2022-09-18,16810000.0,24.1,29.2,24.54098616953228,14.773572230153878,0.12,0.9038415310209554,0.8518771436413811,0.6630619608330941
2022-09-19,12030000.0,13.2,25.6,15.44948486796131,8.658821811554937,0.09000000000000001,0.5204942703403509,0.4870858332468262,0.47998836518137045
2022-09-20,14230000.0,11.8,19.8,12.459055157160392,6.779202005935683,0.0,0.42010922447278337,0.38318608213449945,0.3639764326790226
2022-09-21,20810000.0,11.3,20.8,12.459055157160392,5.983057311198866,0.0,0.4873097572557582,0.43303842019827365,0.41082359221323006
2022-09-22,18620000.0,14.9,22.5,15.002220281098158,4.462600525761634,0.0,0.4455921551400322,0.3945179691542576,0.3933197263904139
2022-09-23,19290000.0,10.6,23.9,12.0990887312117,10.218187924178553,0.0,0.7512374365858017,0.6997288093446654,0.573034613389778
2022-09-24,20200000.0,13.4,21.6,12.35870680261235,5.27371034633937,0.0,0.5015395093928168,0.4473436166009563,0.4508912325352984
2022-09-25,14220000.0,14.8,22.8,15.340754060022798,2.5919597956469325,0.0,0.32284974064619315,0.2837747596872727,0.30878657060610515
2022-09-26,7590000.0,14.1,21.1,14.953232936683548,2.6099179466560334,0.0,0.2135005900727897,0.19309837881152447,0.22508541788547792
2022-09-27,18770000.0,12.5,24.1,15.56311291509979,5.486215133280401,0.0,0.44345794760079205,0.39234379497295674,0.3962467946884057
2022-09-28,13580000.0,12.9,23.4,15.257572574387082,3.2055299551245544,0.0,0.3140225786844385,0.2771432794864878,0.3091738156200048
2022-09-29,19500000.0,14.2,25.6,16.525537436362097,2.208852574119441,0.0,0.3904114812134093,0.33579080692048413,0.361740720885744
2022-09-30,19420000.0,13.9,26.3,13.152613423591024,3.513811547447458,0.0,0.47427594253426664,0.4196950221219803,0.47983310704083426
2022-10-01,18280000.0,13.9,26.4,13.914277089403635,4.175270109616017,0.0,0.4838042789123048,0.4323841653245529,0.48407549556033186
2022-10-02,9190000.0,18.4,24.3,18.826566858938833,7.829753839968101,0.51,0.4015590160411039,0.3751961931580911,0.3694871124238569
2022-10-03,10570000.0,21.5,27.0,23.43714766668172,11.9900588237432,1.56,0.5361366553458371,0.5044775295610432,0.4298900954893436
2022-10-04,4200000.0,13.5,21.7,15.075965447621,9.164643064977952,2.4600000000000004,0.3214313239483165,0.3101415627760749,0.31446691890622713
2022-10-05,6150000.0,13.7,16.5,13.343197976425994,7.590311826513418,0.04000000000000001,0.2647905727131691,0.24906287518528858,0.2331910389175464
2022-10-06,9740000.0,13.6,18.6,14.662246942588299,4.525454054293489,0.08000000000000002,0.24129539923321036,0.21586838163529337,0.22213351676719456
2022-10-07,7910000.0,9.8,17.1,11.659556771770585,7.048574271072201,0.1,0.27185899271843733,0.2523460321877956,0.25020847663260143
2022-10-08,14420000.0,10.9,17.1,10.782609324743786,7.787851487613531,0.0,0.41177797753412093,0.3757656406628115,0.3441508032750968
2022-10-09,4470000.0,9.1,15.6,12.581118731453351,8.257756439018344,0.81,0.16271623494597617,0.15196670872329557,0.14429974761132497
2022-10-10,16090000.0,6.3,13.1,8.108791470965818,17.410427403323563,0.03,0.6034401291734129,0.5672349998715019,0.33271514404912533
2022-10-11,16970000.0,5.4,14.4,8.763787124586692,6.165631846458061,0.0,0.3132907706030697,0.27490347155415906,0.2664362835417024
2022-10-12,16410000.0,9.9,19.3,11.458003324288734,6.1297155444398586,0.0,0.3762831432403677,0.3347613471747167,0.3437813387433107
2022-10-13,16020000.0,7.9,19.6,11.78793242413008,5.534103535971337,0.0,0.3179020297928276,0.2781153874478862,0.2999485880077411
2022-10-14,14950000.0,10.6,20.1,13.693881452063568,4.1992143109614855,0.0,0.28160660434245044,0.24317355634192506,0.26246467834433584
2022-10-15,15730000.0,13.0,21.6,14.912517474457001,4.531440104629857,0.05,0.3277933741149205,0.28575056072868393,0.3036810650733692
2022-10-16,12780000.0,12.4,21.2,13.990994744819757,5.369487151721244,0.0,0.31864311183488625,0.2848133475884784,0.3093952194097211
2022-10-17,16390000.0,4.3,15.6,6.216265269162185,9.6465201170555,0.0,0.5181838229055737,0.4810598341339989,0.43866305591551635
2022-10-18,16930000.0,2.1,13.8,6.472907742750561,5.707698995725981,0.0,0.3100052618288183,0.27369751956233845,0.30000063444234276
2022-10-19,16660000.0,2.9,14.4,7.09015182315884,5.231807993984802,0.0,0.29118611471041883,0.25474895183195245,0.2871821922002322
2022-10-20,16469999.999999998,6.9,17.0,9.011383229010706,3.9268490206567837,0.0,0.2820819956685359,0.24285172164470165,0.28951850513791566
2022-10-21,10540000.0,7.3,17.3,9.132193064226879,6.36017848238999,0.0,0.3165280599548893,0.2912113652169334,0.32122596865495384
2022-10-22,14860000.0,8.1,18.9,9.24641263301955,5.725657146735083,0.16000000000000003,0.3571065450119223,0.32040738350359554,0.36904170062546743
2022-10-23,13020000.0,3.9,17.8,10.102014512778885,5.034268332884688,0.32000000000000006,0.25032784614089365,0.2201459479417279,0.24114892097357718
2022-10-24,14120000.0,3.1,13.8,7.4862798925585015,6.958783516026695,0.05,0.28842226876147314,0.25771137516845405,0.26845665585295164
2022-10-25,11880000.0,3.5,13.9,7.568704706775306,6.192569072971713,0.0,0.26034435230436503,0.23432563411205481,0.257239380187403
2022-10-26,13740000.0,7.4,16.3,9.724354957576251,3.145669451760884,0.0,0.21485701564018375,0.1822083898068098,0.22757676828214107
2022-10-27,14700000.0,6.4,18.8,9.995676083945638,4.5673564066480585,0.0,0.2738668154238638,0.23830697753568408,0.2899424970753882
2022-10-28,13300000.0,6.5,18.2,11.18666446932511,6.387115708903642,0.0,0.25302692403695043,0.22104287509698342,0.25166008644428894
2022-10-29,12020000.0,8.2,16.8,11.348780745853237,5.656817567866861,0.0,0.22848132626037426,0.199472782854743,0.22062131563300577
2022-10-30,10560000.0,8.6,16.5,11.155117037270234,6.15665277095351,0.04000000000000001,0.23396061560350073,0.2084455664964991,0.22633321768059136
2022-10-31,11430000.0,7.1,16.6,9.873333323482969,4.516474978788939,0.0,0.2205884224201368,0.19342875769848727,0.23800801426003276
2022-11-01,13630000.0,5.2,18.5,9.853542409051487,5.228814968816617,0.0,0.2748692213262013,0.24248197459338566,0.27877022611887364
2022-11-02,13600000.0,2.9,17.1,7.936765863176987,4.0615351532250425,0.0,0.26009193231685424,0.22924703159093274,0.26804366453897993
2022-11-03,9130000.0,1.4,15.2,6.284314536091409,9.020977856905143,0.0,0.4418507320702763,0.4220761721327243,0.35524720326526743
2022-11-04,14410000.0,-0.8,9.9,3.9487984278945265,7.476576870122444,0.0,0.3317149540000476,0.303850447008476,0.31261630386600125
2022-11-05,14230000.0,0.5,11.6,4.5999249710685,5.276703371507555,0.0,0.2638738378417028,0.2350226655846845,0.29028930807927356
2022-11-06,13630000.0,2.8,13.4,6.856950743382064,4.271046914997889,0.0,0.20544596537975016,0.17609071832290052,0.23367656319312086
2022-11-07,12460000.0,4.8,14.2,6.939446988870187,4.3309074183615595,0.0,0.22738814429407123,0.1994998792283051,0.26172068091593526
2022-11-08,13230000.0,5.2,15.1,8.408548398252895,3.7742047370794243,0.0,0.19201781822016006,0.16189444232945782,0.22140132535812018
2022-11-09,12790000.0,4.7,15.9,8.349779727182728,5.318605723862123,0.0,0.23222278522461,0.2029877820481491,0.26127484244797394
2022-11-10,12640000.0,6.6,17.7,9.867675206697372,4.642182035852646,0.0,0.21822964339007184,0.18797718575832284,0.25258000077752457
2022-11-11,10830000.0,7.2,19.7,11.435441025113665,4.471579601266186,0.0,0.20742148275083175,0.18070525486880276,0.24287332576992374
2022-11-12,11090000.0,9.6,21.5,14.766746498007652,10.876653461178927,0.9500000000000001,0.2780830752618705,0.2494547334594986,0.26413043795444585
2022-11-13,8220000.000000001,7.2,15.8,9.78033890471667,6.958783516026695,0.1,0.23340107385142156,0.21403500917191337,0.2418220081685325
2022-11-14,3750000.0,2.2,11.1,7.843877748654225,5.626887316185026,0.0,0.1211101222384113,0.11336748879933556,0.13847510127894935
2022-11-15,10290000.0,3.8,12.1,7.4552993912023755,8.099126105104618,0.05,0.242780243086154,0.2207125131439167,0.22770911368807903
2022-11-16,11350000.0,3.0,12.4,6.844651327894372,6.051896890067086,0.0,0.2165110853261072,0.19234346004595818,0.23338739853643964
2022-11-17,11990000.0,4.3,13.4,7.393677755820831,3.7203302840521206,0.0,0.16653930955964058,0.140171075561832,0.20456569815023254
2022-11-18,12170000.0,6.6,16.6,7.763389010020575,5.0252892573801375,0.0,0.2512057348646154,0.22246318208332058,0.3033868613721274
2022-11-19,9450000.0,6.2,16.0,9.898830230832008,5.590971014166823,0.020000000000000004,0.1831860161216397,0.16114175864582095,0.21007919230218297
2022-11-20,10760000.0,5.8,17.0,9.873333323482969,3.0828159232290306,0.08000000000000002,0.14132395067757406,0.11603608729378898,0.185199193679833
2022-11-21,10200000.0,6.5,16.5,9.514182103933011,4.600279683498076,0.0,0.18239332867594765,0.15836244549699582,0.2233742196252634
2022-11-22,5040000.0,9.9,15.6,11.11736348374561,7.87165619232267,1.8100000000000003,0.22176464435050738,0.20952986044443028,0.21968348713838765
2022-11-23,7420000.0,3.8,15.6,8.587049325255085,5.677768744044146,0.03,0.1805369371506522,0.16384072463230676,0.2233836113303583
2022-11-24,8790000.0,5.4,13.2,6.694553139876978,2.684743575860622,0.0,0.1424383671572765,0.12286963572080105,0.19306423052562657
2022-11-25,10230000.0,4.9,14.6,7.546349111456537,6.662474024376526,0.0,0.24749610976481926,0.22444645746579378,0.2749261937061628
2022-11-26,11280000.0,0.2,12.9,4.362023009954421,7.994370224218195,0.0,0.3743635270297128,0.35114348853845445,0.35982948252331115
2022-11-27,11110000.0,2.9,12.9,5.351042977090925,4.217172461970586,0.0,0.19535934927616894,0.1715669631686589,0.25741052770912626
2022-11-28,6040000.0,7.3,15.3,12.563616965298376,4.100444480411428,3.14,0.06994847511047698,0.05578849645138467,0.08651568069574296
2022-11-29,3800000.0,-6.7,14.4,4.140339899048998,14.429374335812774,0.0,0.7453169559114668,0.7381363683281092,0.4261932526774407
2022-11-30,10650000.0,-6.6,-1.6,1.574627423566384,12.127737981479642,0.0,0.35725837550416734,0.3424494946703943,0.22694447209434201
2022-12-01,10990000.0,-6.0,-0.6,2.3027020105880838,9.359189700909882,0.0,0.2387296907948186,0.22290777666072845,0.1830485314573635
2022-12-02,11200000.0,-3.9,2.3,2.9422592127610034,5.360508076216692,0.0,0.15742651601051863,0.1395552509151891,0.17040354670115263
2022-12-03,6970000.0,-4.0,6.4,4.028804875554402,8.84139634681413,0.0,0.22238114231642087,0.21037887223572457,0.20391040261966453
2022-12-04,6820000.0,-4.1,1.9,1.9953362436978592,8.224833162168327,0.0,0.2919118630149906,0.2811581969635603,0.2463395160381321
2022-12-05,9670000.0,-4.9,2.7,2.4279992716315206,6.9079020881675754,0.0,0.21831263130572093,0.20306513120054034,0.21132868391270637
2022-12-06,6660000.0,-2.0,3.2,4.569750922591368,10.391783383933198,0.020000000000000004,0.18414658490091532,0.17293105674137832,0.13943194544393378
2022-12-07,7550000.0,-1.2,6.8,5.061647768604499,11.954142521724997,0.0,0.2553353401766928,0.24156941559749642,0.19306624518804252
2022-12-08,10560000.0,-1.6,8.1,4.3209513140660505,5.0282822825483215,0.0,0.15911866080139447,0.1395641386985543,0.19816698833167506
2022-12-09,7990000.0,-3.5,8.2,4.835679485951546,4.956449678511916,0.0,0.12336457361430611,0.10902395562178002,0.1612555351079698
2022-12-10,9270000.0,-3.3,8.1,4.656431179131241,4.130374732093264,0.06,0.11267600891934804,0.09600867598326103,0.15706578408923003
2022-12-11,10170000.0,-2.5,7.9,4.623033078855382,5.079163710407441,0.0,0.13738517634841454,0.11890654800631355,0.17459690641379944
2022-12-12,6280000.0,-0.4,7.7,5.622199107920115,6.752264779422032,0.06999999999999999,0.14980740776369544,0.13801976691104484,0.15871508235661574
2022-12-13,7860000.0,-10.3,4.4,3.0456112041246834,17.18894354087798,0.06999999999999999,0.43931035343896035,0.42782449358665675,0.20475413108403684
2022-12-14,10880000.0,-8.6,-5.2,1.7420251220039338,11.813470338820371,0.0,0.2390923968766093,0.22579052567152683,0.14974466610160195
2022-12-15,8670000.0,-6.9,2.2,3.153207580633934,10.331922880569527,0.04000000000000001,0.20464352561838384,0.1916509083004615,0.16334196744415036
2022-12-16,8770000.0,-6.2,-0.2,1.689266846701047,7.329918636881453,0.0,0.23140548039205927,0.21872546486372482,0.2085167324432608
2022-12-17,6630000.0,-10.4,-2.2,1.550906778919492,11.693749332093029,0.020000000000000004,0.281685102792808,0.2733448480959447,0.18584727000052925
2022-12-18,10840000.0,-9.3,-5.8,1.4136483838201024,13.336920149425785,0.0,0.29005107336361396,0.2772086165533472,0.16531654936900458
2022-12-19,10600000.0,-7.9,-1.9,2.315985444428261,8.347547194063848,0.0,0.169899307905104,0.15567599591465273,0.14225601589687367
2022-12-20,10510000.0,-4.5,1.7,3.00784101408503,4.878631024139145,0.15000000000000002,0.12595464027338094,0.1095805674319692,0.14680693022363261
2022-12-21,2960000.0,-7.4,2.3,4.396513375796384,6.874978811317556,0.48,0.0611959768721793,0.05679704005101831,0.07063494650481711
2022-12-22,10930000.0,-14.1,-5.2,1.579632999003518,16.512519852868504,0.0,0.24911435804818263,0.23746510294839945,0.1290760169400352
2022-12-23,10910000.0,-12.6,-7.4,1.4560715454623177,15.411086590976968,0.0,0.242133409874695,0.2307156944259284,0.12257786024850512
2022-12-24,10500000.0,-11.8,0.3,2.2319851835670126,5.950134034348847,0.0,0.1195248465224448,0.10597263562217445,0.13519800454239922
2022-12-25,10830000.0,-7.2,0.1,2.537152805063309,7.0425882207358335,0.0,0.1579614939859369,0.14253681240871907,0.15170919093198335
2022-12-26,8690000.0,-7.4,1.6,2.8326517762063683,4.0196328008704745,0.0,0.09830562333026484,0.08557996139057171,0.12557613548917732
2022-12-27,10640000.0,-5.8,3.5,2.8326517762063683,6.069855041076188,0.0,0.16636024281914974,0.1496166831373475,0.1827581707622169
2022-12-28,10380000.0,-6.8,1.1,2.6050689313836872,12.603628983220823,0.0,0.2864821960379219,0.27124952392330437,0.19219367776418092
2022-12-29,10740000.0,-5.2,0.1,2.4941495056994945,8.347547194063848,0.0,0.21200882378929514,0.1960478165395421,0.17976665054575974
2022-12-30,10320000.0,-6.3,2.2,3.0586290081634395,8.982068529718758,0.0,0.1958591143096915,0.18020081081082467,0.1688678548578169
2022-12-31,8940000.0,-4.1,2.7,3.526032643912356,10.52048346616509,0.0,0.22941613708515907,0.21509476143659945,0.17526680778264353
2023-01-01,10610000.0,-7.3,4.4,2.276338478206211,11.178949003165464,0.0,0.33481412067138416,0.31831751785175294,0.2624821785669974
2023-01-02,11070000.0,-7.8,0.8,1.856469712215476,9.637541041550948,0.0,0.272978696659561,0.25717811369503135,0.21682672249311005
2023-01-03,11200000.0,-6.2,1.1,1.8138140315853568,9.478910707637223,0.0,0.29656715658115096,0.2799225307713526,0.23611066180580279
2023-01-04,10880000.0,-6.4,2.5,2.528669159026519,8.063209803086416,0.0,0.22018140585713436,0.2036054801435808,0.20035391849654127
2023-01-05,10880000.0,-5.4,4.7,3.387361025162112,5.782524624930569,0.0,0.15172680426767088,0.1340576905020203,0.17277708507181672
2023-01-06,10940000.0,-3.4,5.5,3.603037848525827,5.824426977285138,0.03,0.170027660027921,0.1512929920647177,0.18984360049465082
2023-01-07,7000000.0,-5.1,4.0,4.277519707666944,9.347217600237148,0.010000000000000002,0.15481584102135953,0.14353609878177548,0.13527739074533335
2023-01-08,10910000.0,-2.8,5.8,3.3599971117330427,5.414382529243996,0.0,0.18041201806373094,0.16141782949107214,0.20604257139830726
2023-01-09,6910000.0,-4.8,7.8,4.751975763820474,6.348206381717256,0.0,0.14843797077666165,0.13640773768435435,0.1640597767558334
2023-01-10,11120000.0,-3.2,7.2,4.413154444294247,4.070514228729594,0.0,0.11924309880501058,0.09953114893958628,0.15732448019872153
2023-01-11,11280000.0,-2.2,9.1,3.372012953915301,4.7948263194300065,0.0,0.19653879333741592,0.17550849922759865,0.2492304257936811
2023-01-12,11200000.0,-0.2,11.5,4.251915706397948,3.8789606179658476,0.8500000000000001,0.17413320929369425,0.15170436491128605,0.2415708053822804
2023-01-13,2230000.0,7.8,12.1,12.041677051906234,4.725986740561785,1.1,0.03443570262372163,0.029384665713373122,0.04365180526683186
2023-01-14,1910000.0,2.8,8.2,7.24158678231589,8.70371718907769,0.13999999999999999,0.13938634179484763,0.13557930549436953,0.13076771776403082
2023-01-15,1760000.0,-4.2,2.7,4.774269589051707,8.120077281281903,0.5599999999999999,0.08780830923183627,0.08499442874667232,0.08656833658289938
2023-01-16,11660000.0,-6.7,1.1,2.6163986442972855,7.030616120063099,0.0,0.182838942663429,0.16569171465245458,0.1685563448342425
2023-01-17,9310000.0,-4.6,1.5,2.8770012729905985,7.3628419137314705,0.0,0.2024293022547104,0.18801231089820097,0.1785603372577195
2023-01-18,11920000.0,-6.6,3.4,2.8401574250038997,5.938161933676113,0.0,0.17225456924988786,0.15383320028488534,0.18028816639909243
2023-01-19,12050000.0,-2.7,3.5,3.2886972500403835,8.443323999445724,0.010000000000000002,0.2518279384233768,0.23168799804663243,0.21155789278791354
2023-01-20,12620000.0,-8.2,0.5,1.686312482373427,12.178619409338761,0.0,0.36313351627580837,0.34539207578184083,0.23787884056079395
2023-01-21,12740000.0,-6.7,0.6,1.8119246891187957,5.133038163434745,0.0,0.18150131365992858,0.16296315463564792,0.18933097670606902
2023-01-22,7820000.0,-4.6,4.0,2.8646730531082825,2.6338621480015014,0.0,0.11373266354889795,0.10100832672283666,0.14634101306279773
2023-01-23,12330000.0,-14.6,6.2,2.743038916510911,11.484237570320182,0.0,0.3447944470839897,0.32772488753262863,0.2270175409445046
2023-01-24,13420000.0,-16.8,-11.4,0.6352629924038452,15.569716924890695,0.0,0.2783626184947608,0.2671679002700217,0.12799642337208972
2023-01-25,13360000.0,-16.5,-5.2,0.6419481291867,6.36017848238999,0.0,0.1730238118247981,0.159657842137308,0.15696788957235844
2023-01-26,7260000.0,-9.2,-1.0,2.7005320869390013,6.225492349821731,0.03,0.12388000212092909,0.11422614247459051,0.11486416009986282
2023-01-27,13490000.0,-10.8,-3.0,1.2291710443381216,14.165988121012623,0.0,0.37926969310106506,0.3627768399249104,0.20834115064706782
2023-01-28,13440000.0,-9.9,-1.5,1.8436439884822968,11.17595597799728,0.0,0.2766762392427141,0.25928922594661563,0.18209315713260646
2023-01-29,10610000.0,-5.8,2.3,3.003889524559535,10.861688335338009,0.010000000000000002,0.27607339370390027,0.2597761486939809,0.19413810905027296
2023-01-30,13640000.0,-5.8,2.1,2.458397107795691,6.542753017649185,0.0,0.22079403488906424,0.19992793902469835,0.20100945454916502
2023-01-31,13500000.0,-3.8,7.2,3.286557788745447,6.485885539453698,0.0,0.25233101418110626,0.22865665337387267,0.25182349254355435
2023-02-01,13040000.0,-6.6,6.8,3.3133901155971412,9.140698863632483,0.0,0.3285434793511444,0.3069961317460045,0.2449481926043226
2023-02-02,11750000.0,-4.3,3.7,2.6155255742722927,3.1516555020972516,0.0,0.1505060939883041,0.13138704568827592,0.17529205742338205
2023-02-03,9990000.0,-6.0,4.1,2.2832907726592717,6.075841091412555,0.0,0.23704513536804567,0.2211988733875044,0.23158402106757797
2023-02-04,14180000.0,-6.1,4.0,2.8571098216674127,6.952797465690328,0.0,0.23429698996377052,0.21189364159594715,0.21109535421128864
2023-02-05,14280000.0,-5.2,6.3,3.3599971117330427,6.117743443767125,0.0,0.2242774051976501,0.20027486091481994,0.22128390991327387
2023-02-06,13610000.0,-3.5,9.8,2.8429765987398627,3.1067601245744987,0.0,0.21647225174081108,0.19135589310107898,0.24515570786569957
2023-02-07,11820000.0,-3.8,10.9,4.491553227928695,3.4958533964383562,0.0,0.2083855924560712,0.18627390105347585,0.21285871434806988
2023-02-08,14230000.0,-4.7,8.0,3.6461997590537356,5.243780094657535,0.0,0.23280882077645043,0.2078993560444188,0.23074731026926862
2023-02-09,11330000.0,-0.5,7.7,5.337876565250499,8.455296100118458,0.87,0.24531407849636677,0.22408327338570894,0.20137130542088877
2023-02-10,4880000.0,-4.2,7.8,5.715830080295424,5.088142785911992,0.03,0.0984580134927218,0.08986926140615965,0.11705096309398148
2023-02-11,10910000.0,-4.1,8.1,4.9130431674340045,4.091465404906878,0.0,0.14844670678234156,0.12910701496293692,0.16264223238885464
2023-02-12,11580000.0,-0.4,11.6,5.545212579586526,8.263742489354712,0.0,0.3030945288714696,0.279940832211938,0.27829232685013694
2023-02-13,7200000.0,0.9,7.6,5.855293980001052,6.883957886822107,0.06,0.19412982920895147,0.18034307955099532,0.17346736774666405
2023-02-14,11060000.0,-0.6,7.1,4.173272401731534,7.087483598258586,0.03,0.2789186339156205,0.25843823481927464,0.24512276205481479
2023-02-15,6360000.0,-3.1,3.5,4.574050734201023,6.279366802849035,0.0,0.141767132643651,0.13121765952582287,0.12517593308379335
2023-02-16,7980000.0,-3.6,5.8,4.896264790590356,6.635536797862874,0.0,0.1594500194209474,0.14575906751191586,0.144870320585398
2023-02-17,14300000.0,0.3,9.2,4.362023009954421,3.588637176652046,0.0,0.2199557318657265,0.19212432156972165,0.23523308900764933
2023-02-18,3110000.0,3.5,7.2,5.916237008992752,6.2165132743171805,0.03,0.19273773863740332,0.1865679970150188,0.18376604458410725
2023-02-19,10770000.0,-3.8,7.1,3.6216464864267017,13.51051560918043,0.0,0.4403437128662153,0.4214909415967859,0.2857652969155958
2023-02-20,16730000.0,-7.8,3.9,2.0607562080706363,10.721016152433384,0.0,0.4028052981365282,0.3773167653067716,0.2797963596072584
2023-02-21,17390000.0,-4.9,3.9,2.7852164548742278,3.4988464216065402,0.0,0.20041299253141318,0.17233609644687387,0.19821278302318335
2023-02-22,16570000.0,-4.0,7.8,3.696936977301474,7.5992909020179695,0.0,0.3173507672906538,0.2880827803897675,0.2685242404468732
2023-02-23,16530000.000000002,-1.5,9.6,4.03136813767912,6.3990878095763755,0.0,0.32557972424046516,0.29413581076550604,0.2978895403077345
2023-02-24,16460000.0,-2.2,9.7,3.4954160873103866,6.761243854926581,0.08000000000000002,0.3563694442538163,0.3253699664166013,0.325692815276989
2023-02-25,16780000.0,-5.8,7.2,2.84956434863823,5.9441479840124805,0.0,0.32074756678310806,0.2923836635338614,0.27272106673719926
2023-02-26,17870000.0,-3.0,8.6,3.056623056286065,4.025618851206841,0.0,0.2702157630732709,0.23763336940039145,0.2769183151391365
2023-02-27,18100000.0,-1.4,12.1,3.212451118591157,5.932175883339745,0.0,0.448925510194642,0.4130180107203141,0.38656858098795877
2023-02-28,17950000.0,2.8,12.4,4.371656052720861,9.065873234427896,0.0,0.5298253537412013,0.49171419334903466,0.43096207945196596
2023-03-01,6540000.0,-3.5,10.2,3.943766571880471,11.64286790423391,0.0,0.5177450730483891,0.5055932827795411,0.3308678471251065
2023-03-02,18680000.0,-3.9,6.2,2.3309123351161776,8.688752063236771,0.0,0.4393061662280126,0.40719853462235794,0.33399967137962133
2023-03-03,18350000.0,-0.8,11.6,4.131160191503971,6.892936962326657,0.0,0.41501872963459413,0.3785579182932975,0.3580313872683331
2023-03-04,14180000.0,-1.3,12.8,5.849943407414722,4.303970191847909,0.0,0.27755311737512856,0.24906817372265952,0.2521904047582917
2023-03-05,18070000.0,1.2,14.4,5.546913204849658,4.127381706925081,0.0,0.34369049275471425,0.3051034343540201,0.3247625900887499
2023-03-06,18910000.0,1.1,16.0,3.6134947367872656,7.335904687217819,0.04000000000000001,0.707906669029903,0.6666629680956733,0.5202257814391473
2023-03-07,18330000.0,4.0,20.4,5.714083714889749,8.718682314918608,0.0,0.9103100234522333,0.8663867444141603,0.6121578130088859
2023-03-08,18330000.0,6.2,20.6,5.7578847457165265,6.279366802849035,0.0,0.6761860847383886,0.6310194804889735,0.5733076426210524
2023-03-09,16850000.0,2.5,19.9,6.981022924110176,7.692074682231659,0.0,0.6781910781052711,0.6387864859392819,0.4940500604870631
2023-03-10,19130000.0,7.7,22.1,6.970608366736929,4.2471027136524215,0.0,0.5450826599237347,0.4963670532242497,0.5089121446029621
2023-03-11,16910000.0,7.7,22.7,7.699523754239863,5.243780094657535,0.0,0.6134827765958815,0.5701470510793946,0.5349062948592598
2023-03-12,8600000.0,-3.7,17.4,4.514178400718867,15.749298434981707,0.5,1.0849306803596175,1.0670679554064066,0.5646532711419615
2023-03-13,20350000.0,-1.8,7.9,2.195862793640575,8.278707615195628,0.0,0.517410705872398,0.4799847667589381,0.4007451238733843
2023-03-14,16300000.0,3.4,16.0,4.160071632601888,8.239798288009244,0.0,0.6348764516154403,0.5981987879969725,0.5361269698873911
2023-03-15,19460000.0,1.3,20.5,6.0655310592552425,12.953812927898296,0.0,1.1277012765484222,1.0825337501490138,0.6443313245074951
2023-03-16,18350000.0,3.7,12.6,2.191384306068004,6.797160156944785,0.0,0.5749534193562604,0.5353767407362894,0.526696226002308
2023-03-17,13790000.0,4.8,11.9,6.025153132190565,6.291338903521768,0.0,0.3749892888042124,0.34507981453796494,0.32536510796016194
2023-03-18,18610000.0,-0.6,16.1,4.23983499006259,5.866329329639708,0.0,0.6109105287950933,0.5712272256047666,0.4539615966343855
2023-03-19,21050000.0,3.0,16.5,3.7893594927758567,4.2471027136524215,0.0,0.5034798114959336,0.45605115256196627,0.4681652434679956
2023-03-20,19230000.0,5.8,18.2,4.297829847292951,5.01032413153922,0.0,0.532785794608272,0.486926206796392,0.5334383894364821
2023-03-21,20910000.0,6.8,22.0,6.956051042729524,5.471250007439483,0.0,0.6965358614485098,0.643856053615744,0.5701071938678023
2023-03-22,12290000.0,11.9,23.4,13.335823175493935,6.8540276351402705,2.1300000000000003,0.4429498530363551,0.40988274589289436,0.4322412033858677
2023-03-23,4110000.0000000005,8.6,15.2,12.58812543719246,5.3904383278985275,1.21,0.12098132931892494,0.11120343508180194,0.11770641188078197
2023-03-24,8680000.0,4.4,12.1,7.172984466256553,10.346888006410445,0.010000000000000002,0.3840914488544117,0.3653179127482723,0.2863761352674167
2023-03-25,10630000.0,6.2,12.0,7.848499266664162,6.114750418598941,0.08000000000000002,0.2976712371489831,0.2741338502372832,0.25262183436315155
2023-03-26,18230000.0,-1.0,16.0,5.64979910820888,5.650831517530495,0.04000000000000001,0.5118682741095251,0.47327434608315444,0.3861608887863803
2023-03-27,22630000.0,1.5,13.6,3.5420014298779763,4.7499309419072535,0.0,0.46857185420899017,0.4205935164705875,0.4376340703030161
2023-03-28,20650000.0,2.4,16.1,5.134254141539539,4.8906031248118795,0.0,0.5095798222269026,0.4636696998828265,0.43454500785458183
2023-03-29,21940000.0,3.8,18.2,4.628826152364676,4.094458430075062,0.0,0.5605183679789666,0.5094664016727178,0.4902166780052837
2023-03-30,21800000.0,6.2,22.2,4.053214331500849,5.384452277562161,0.0,0.862206833416789,0.8075237690266619,0.6795017150269359
2023-03-31,22410000.0,4.7,23.1,5.7210720098045735,4.175270109616017,0.0,0.6821431617944493,0.626300447188496,0.5838307510324111
2023-04-01,22460000.0,6.4,21.9,7.481847160030629,8.925201051523269,0.0,0.9718832408380331,0.9156063523469108,0.6487875489481594
2023-04-02,22600000.0,5.8,18.6,6.887784742267989,10.137376244637597,0.0,0.7892722967732941,0.735117026382653,0.5717992312406697
2023-04-03,22500000.0,6.5,19.1,7.957798962389858,9.856031878828347,0.0,0.7324024073417507,0.6777192105195458,0.5414906873745672
2023-04-04,12880000.0,12.0,20.6,10.624619984588332,8.398428621922971,1.34,0.5633556772063434,0.5295962721543466,0.4952872615426195
2023-04-05,3610000.0,7.5,15.8,12.623210449137508,12.618594109061739,1.03,0.1459882668625444,0.13745190378321975,0.12394453036277793
2023-04-06,11260000.0,5.2,14.4,9.555343643743083,12.100800754965992,0.5900000000000001,0.3631608328125674,0.3377569185285678,0.24391940160407227
2023-04-07,22860000.0,0.6,16.0,5.053810818313079,12.049919327106872,0.0,1.0046044053011751,0.9550921993677208,0.5340865068386609
2023-04-08,23650000.0,0.1,13.9,4.071284083256945,11.511174796833837,0.010000000000000002,0.8808767611802344,0.831535427683689,0.5164448944617468
2023-04-09,24080000.0,2.2,18.1,4.633175177457094,8.147014507795554,0.0,0.9450277349346072,0.8902000031547047,0.6011296449794844
2023-04-10,23270000.0,7.9,21.0,6.604706025289781,10.337908930905893,0.0,0.9806894451106881,0.9220003496918101,0.7157655371853486
2023-04-11,13450000.0,4.0,22.3,9.278511736170362,14.195918372694457,0.22999999999999998,0.9896519238427706,0.9566983287834054,0.5737669341795552
2023-04-12,24890000.0,1.9,16.4,3.01575785508431,9.550743311673628,0.0,1.0363496908855603,0.9811624242665913,0.6568659310539211
2023-04-13,19310000.0,7.6,20.2,4.816132740815477,5.740622272576,0.0,0.6668506049090441,0.6187326745636197,0.6281378090985698
2023-04-14,18080000.0,10.4,21.9,6.353021490542905,5.498187233953134,0.010000000000000002,0.6267577218419166,0.5795109704979354,0.6324564908952038
2023-04-15,8000000.0,5.3,17.5,9.649224539699222,5.100114886584726,0.25,0.26515800549234314,0.24635662007688958,0.2692807175174975
2023-04-16,16500000.0,2.1,16.4,7.308597114758593,4.480558676770737,0.03,0.40667825670104324,0.36999462383531656,0.33851167440065666
2023-04-17,18630000.0,8.9,18.4,7.155923824738022,5.93516890850793,0.2,0.5687330641445467,0.5225677485954424,0.5141236752195584
2023-04-18,6540000.0,8.1,16.1,13.697655238474928,4.333900443529744,1.6600000000000001,0.12705836825979386,0.11142431699140076,0.10697864378388207
2023-04-19,23500000.0,10.7,22.5,12.112632293066904,7.647179304708906,0.0,0.655283476838672,0.5933205806848302,0.5270605792027958
2023-04-20,21230000.0,11.2,26.2,14.075813060059572,9.056894158923345,0.0,0.8540560751980342,0.7958227256557143,0.6041130671111312
2023-04-21,21650000.0,7.0,17.4,6.324313316196931,10.795841781637973,0.0,0.8115892164200937,0.7597103843865814,0.5940723512357982
2023-04-22,23460000.0,6.2,18.0,7.045900496145625,8.604947358527633,0.0,0.6964683074005096,0.6403865271625124,0.5436348052090296
2023-04-23,19130000.0,9.4,18.1,6.582906139909982,7.739963084922595,0.0,0.6916834291764284,0.6441729130678937,0.5842614376989419
2023-04-24,14640000.0,5.2,15.6,7.0711570032363635,8.045251652077315,0.020000000000000004,0.5026762938307542,0.46912620131350746,0.40984906376917574
2023-04-25,4810000.0,4.8,10.1,9.161293005415498,4.965428754016468,0.45,0.12257314750093291,0.11240486026160061,0.10808315258896765
2023-04-26,18820000.0,3.5,16.1,7.155923824738022,8.455296100118458,0.010000000000000002,0.5628014779566255,0.5203412944020187,0.4188491337954778
2023-04-27,25490000.0,7.6,21.0,8.030623272089384,6.599620495844672,0.0,0.7567344883536052,0.6926555744774622,0.5937394777769247
2023-04-28,24690000.0,14.9,23.6,10.507468966314526,8.967103403877841,0.32000000000000006,0.9163376208100369,0.8479503231917299,0.7502638874162806
2023-04-29,7290000.0,7.4,19.5,11.63337585061905,14.043274089117098,0.47000000000000003,0.44749593750561767,0.4295124378509554,0.3435891201970053
2023-04-30,25840000.0,7.8,20.0,7.836949974532518,12.858036122516424,0.03,0.983172511413551,0.9187826968032058,0.6614857402302005
2023-05-01,25420000.0,6.3,19.5,6.854899485932869,7.60826997752252,0.0,0.7944539616290371,0.7325305453222817,0.5994367299617473
2023-05-02,21700000.0,12.2,23.5,7.265302278139475,4.214179436802403,0.0,0.6370229837182712,0.5784185662731521,0.637452560743532
2023-05-03,24820000.0,13.4,25.1,9.621528519146453,8.724668365254974,0.0,0.9402685717245151,0.8715211951799067,0.8107668457830268
2023-05-04,16970000.0,16.3,25.6,14.352633650980335,9.009005756232408,0.26,0.7499232425428083,0.7015539008633747,0.6458460882712395
2023-05-05,8670000.0,12.5,22.2,17.947098126750312,11.723679583774866,5.420000000000001,0.2862684167059705,0.26307330231078846,0.21479938736304288
2023-05-06,5340000.0,9.4,13.6,9.8903248249526,8.90724290051417,1.2300000000000002,0.31042763689555253,0.29784676276068955,0.24911959377651174
2023-05-07,6700000.0,3.7,13.1,8.564555502853375,7.832746865136284,0.19,0.24642510698592734,0.23187297748826094,0.20783118865707947
2023-05-08,26340000.0,8.6,20.0,7.566466519570434,4.214179436802403,0.0,0.6143355300631947,0.5481198144297068,0.5463836562925002
2023-05-09,26230000.0,8.9,24.2,9.45137116904354,6.0788341165807385,0.0,0.8804259939384979,0.8113330496829899,0.6574282484192245
2023-05-10,24070000.0,10.1,24.0,9.895994379931018,5.914217732330644,0.0,0.782081472103741,0.7180559174130954,0.6319763456748431
2023-05-11,24970000.0,9.3,21.0,10.480596186271086,7.554395524495217,0.0,0.6872849877870519,0.6233607894562627,0.5364673843382537
2023-05-12,19460000.0,12.9,23.4,10.930277354471707,5.085149760743808,0.0,0.6035960841823925,0.5507484286306903,0.5605855470438572
2023-05-13,22000000.0,12.6,23.4,12.49034306378964,3.361167263870098,0.5599999999999999,0.539750624597404,0.4801702136202339,0.4832122329055261
2023-05-14,24320000.0,11.8,24.5,11.120505312733002,4.303970191847909,0.0,0.6616061004655562,0.5955601095602425,0.5846547183636869
2023-05-15,26580000.0,13.9,26.7,11.981149486510065,5.662803618203228,0.0,0.8301172476766554,0.7551619261758006,0.7168136122688393
2023-05-16,26820000.0,14.9,31.8,12.40014373826739,8.251770388681976,0.0,1.3893933254987036,1.3100827189154276,1.0125436453080503
2023-05-17,25980000.0,17.1,32.3,12.697168912941835,8.141028457459187,0.010000000000000002,1.3669853638736194,1.2886869633911453,1.0479582755010257
2023-05-18,6030000.0,14.9,20.4,14.471029448015114,8.494205427304843,0.18000000000000002,0.3828421536657384,0.3666180156612576,0.3419126162094278
2023-05-19,18400000.0,11.1,25.0,13.428266117052825,8.1021191302728,0.010000000000000002,0.7217265958706724,0.671849606789783,0.5550190951804006
2023-05-20,26540000.0,15.1,27.6,13.979463464333167,8.206875011159223,0.0,0.9482744140358962,0.8721406469722229,0.7732133488355
2023-05-21,22170000.0,15.4,26.0,9.484096351433836,8.811466095132296,0.0,0.9880972519006856,0.9251632455189254,0.8794588547756025
2023-05-22,10890000.0,10.2,20.4,10.486562680117279,4.127381706925081,0.010000000000000002,0.3696108306982687,0.3416442876698521,0.3708459269241236
2023-05-23,24850000.0,12.1,24.8,9.343004701311308,4.1034375055796115,0.0,0.70234389330847,0.6344877361146339,0.6418170239914978
2023-05-24,21490000.0,15.3,27.2,9.63536776187487,4.315942292520642,0.0,0.7038265051512802,0.6422775643217349,0.711812526614503
2023-05-25,22520000.0,17.5,28.2,9.64645178041433,6.931846289513043,0.0,0.9449264459411385,0.8788182711309315,0.9186358266956367
2023-05-26,20060000.0,17.9,27.9,13.944919694925499,6.58166234483557,0.0,0.7911486981042221,0.7322182683615311,0.7400048982363596
2023-05-27,9420000.0,19.0,26.0,17.614934858079206,7.719011908745308,0.17,0.5353061856646393,0.5077979050838636,0.5077785529322453
2023-05-28,5390000.0,19.1,22.6,22.786461617746554,5.920203782667011,6.300000000000001,0.1805275194750408,0.16518940176841526,0.15096106226811096
2023-05-29,7630000.0,15.6,21.8,19.800852427972693,4.863665898298227,1.03,0.21113589672232358,0.19020700096123538,0.17415840423821569
2023-05-30,23020000.0,12.9,23.1,14.54645624684067,9.050908108586977,0.0,0.701448669664266,0.6391058941781543,0.5110652573737271
2023-05-31,26190000.0,13.6,23.5,11.920889661625107,6.554725118321919,0.0,0.7754393074701303,0.7037945232128775,0.6358563142014846
2023-06-01,13230000.0,16.1,22.5,15.762660147996096,4.782854218757271,0.0,0.42838496543183097,0.3917079674569418,0.38064952720356204
2023-06-02,26030000.0,15.2,27.6,16.016331228021134,6.524794866640084,0.0,0.8075075743383469,0.7327774859669676,0.6641252385280932
2023-06-03,26260000.0,14.9,26.5,11.695640164255195,8.799493994459562,0.010000000000000002,0.9869799585317622,0.9124356640985178,0.8292662228246235
2023-06-04,26880000.0,14.9,27.6,11.702211324254417,7.92253762018179,0.0,1.0240856334625126,0.9470993361382606,0.8537393874739749
2023-06-05,23230000.0,15.8,26.9,13.247604529310014,8.8653405481596,0.010000000000000002,0.9218683321835253,0.8552297711854416,0.7810350632536928
2023-06-06,26010000.0,15.6,28.2,14.172745420204736,7.587318801345235,0.0,0.941324934773942,0.8660643239894364,0.7839280444078911
2023-06-07,23280000.0,19.3,29.2,17.05803749897144,7.1293859506131545,0.0,0.8669959216318445,0.7972679700452785,0.7607810590568997
2023-06-08,19210000.0,16.6,29.1,15.990371606841318,8.209868036327409,1.75,0.8379567767406503,0.7815652119935774,0.7335768854198619
2023-06-09,25580000.0,17.5,28.5,14.630224133689683,5.800482775939671,0.0,0.8406953296481634,0.7654376561637605,0.755735864075042
2023-06-10,20480000.0,19.0,30.9,17.94231455441175,4.869651948634594,1.02,0.7122571505287668,0.6503253301905255,0.6799875710483786
2023-06-11,21110000.0,18.0,29.4,19.691614962408394,3.85501641662038,1.9100000000000001,0.619284170579801,0.5565437786271394,0.5515435557227499
2023-06-12,21940000.0,17.9,26.6,19.027054253293187,5.516145384962236,0.7400000000000001,0.6524425086588161,0.588615856402181,0.5309628731982295
2023-06-13,21610000.0,17.3,27.1,18.309067357082295,4.094458430075062,0.020000000000000004,0.6096392505448038,0.5468206141306035,0.5229359418284695
2023-06-14,19100000.0,16.4,27.4,18.250725887995344,3.896918768974949,1.8100000000000003,0.5468561297979736,0.4915897835471448,0.48635899937017035
2023-06-15,23200000.0,15.6,25.0,18.64771314395619,3.0858089483972138,0.31000000000000005,0.5513023911764499,0.48587863426073,0.44042706213515803
2023-06-16,26120000.0,17.5,30.0,18.8315563965589,5.471250007439483,0.0,0.8122190756030188,0.7345332768987951,0.684540972882248
2023-06-17,26780000.0,19.5,31.9,16.00767391564802,5.6209012658486595,0.0,0.9479544195166449,0.8661638254081352,0.8696089815807888
2023-06-18,25410000.0,18.5,33.0,18.981782255453115,5.486215133280401,0.0,0.9640869846900797,0.8864302044568516,0.7968609171283392
2023-06-19,26720000.0,17.9,29.8,17.108435536571474,9.724338771428272,0.0,1.0377261381843172,0.9581428824495809,0.8472662956991257
2023-06-20,19190000.0,18.8,26.8,17.832600387868844,10.846723209497092,1.4400000000000002,0.8530914081197226,0.7968003889770399,0.6619877325569059
2023-06-21,8850000.0,18.2,24.8,21.951095564532785,6.851034609972087,1.31,0.31873526228118,0.29328735445485965,0.2668154490105433
2023-06-22,23890000.0,16.8,26.9,18.90653860891586,6.099785292758024,0.13,0.6943866748175048,0.6253139732989247,0.5504214455677833
2023-06-23,21640000.0,19.5,27.8,20.29102295908857,3.4599370944201544,0.0,0.6083139318524309,0.5440442628523373,0.5169510653864766
2023-06-24,22610000.0,18.3,30.2,20.564310525373436,5.174940515789314,0.010000000000000002,0.7044140447634295,0.6366928684158236,0.6137320068354507
2023-06-25,18560000.0,20.0,29.9,21.814505117176576,6.9976928432130805,2.07,0.6915695899848817,0.6354438778033504,0.5985545206885183
2023-06-26,6340000.0,20.5,24.1,26.098795251762894,9.029956932409693,2.62,0.18787330453317516,0.1694152620310796,0.12177894493895644
2023-06-27,20660000.0,21.2,28.8,23.26246255850394,9.888955155678365,0.16000000000000003,0.7930654233558045,0.7305472632131919,0.5947661051031862
2023-06-28,20150000.0,22.0,29.5,24.52840608358238,8.515156603482128,0.06999999999999999,0.7484585955142669,0.6868771660888616,0.5811826152329728
2023-06-29,6400000.0,22.1,26.4,27.00862584923491,8.230819212504693,8.31,0.2731824335769849,0.25401323726452685,0.22409547221749895
2023-06-30,10030000.0,20.6,26.6,24.346627206342394,4.378795821052497,0.43,0.3317203881569784,0.301953130139634,0.28992354175633855
2023-07-01,23880000.0,22.0,29.8,24.534695421809747,5.130045138266561,0.010000000000000002,0.7331856341573182,0.6600631620412822,0.5849699728433304
2023-07-02,21100000.0,21.6,31.6,24.496980525528258,4.360837670043395,0.0,0.6726922139333229,0.607506823860788,0.5823989340172504
2023-07-03,25550000.0,21.8,30.5,24.0730734570373,7.3628419137314705,0.0,0.8618758877116688,0.7833889428228084,0.6730176041680804
2023-07-04,16149999.999999998,22.7,29.2,25.80810093910254,9.532785160664526,2.6500000000000004,0.6626292372614782,0.6131448304774902,0.5130263503507001
2023-07-05,25130000.0,20.1,28.6,22.78056592661001,10.52946254166964,0.03,0.8777525617921353,0.8023790005520475,0.6155490526850157
2023-07-06,23360000.0,22.2,32.0,21.588506563660005,5.908231681994278,0.04000000000000001,0.8427631137381155,0.7701499822196395,0.7512808218075177
2023-07-07,5230000.0,18.6,26.1,21.588506563660005,3.612581377997514,4.04,0.2225365649107313,0.2072985550043302,0.24164709859021113
2023-07-08,14620000.0,21.5,27.3,24.793774934997792,4.438656324416168,0.13,0.45158749342302623,0.40770672976408023,0.3712175791286686
2023-07-09,15630000.0,21.0,30.8,26.058987457644527,4.9325054771664485,0.52,0.5203415275906169,0.47248121606743254,0.45386537091755086
2023-07-10,18450000.0,21.3,29.8,27.207645434467647,5.902245631657911,0.11000000000000001,0.5704932571049388,0.5142540201840218,0.44168784115134907
2023-07-11,8540000.0,21.0,25.6,26.185227753616065,8.616919459200366,2.41,0.29394379044800834,0.26870810499381054,0.2131648938463547
2023-07-12,18440000.0,23.0,29.5,27.207645434467647,5.453291856430381,0.31000000000000005,0.5913356099607294,0.5346178740510175,0.4667300297974052
2023-07-13,4510000.0,23.0,24.8,27.917855467427835,7.524465272813381,6.640000000000001,0.1671333861837442,0.1536912246345576,0.137497302913331
2023-07-14,6490000.0,23.3,25.8,28.33600768062383,16.30300809109566,4.25,0.3234357103465755,0.3039162371721994,0.20161989052810272
2023-07-15,5570000.0,21.5,25.7,27.152615984748895,8.22782618733651,3.4700000000000006,0.20951923080919782,0.19298846040475032,0.16451926921170518
2023-07-16,10760000.0,22.4,26.1,26.472903840578066,6.815118307953885,1.33,0.3662407033437865,0.33401249204346645,0.27991167351826096
2023-07-17,17330000.0,23.0,30.5,28.41456997875642,6.123729494103491,1.22,0.5810978497659889,0.5274595093828239,0.46189556561935696
2023-07-18,5000000.0,19.2,24.8,24.534695421809747,6.114750418598941,8.13,0.1739462965245753,0.15945626746806607,0.15632564739018645
2023-07-19,22790000.0,21.4,29.2,25.13864814527259,3.2983137353382443,0.06999999999999999,0.6253894981767624,0.5561493752460586,0.4994785600845605
2023-07-20,23840000.0,22.1,31.1,26.77012382243302,3.3641602890382813,0.010000000000000002,0.6763981936283647,0.6027479709113395,0.5450704444662844
2023-07-21,24080000.0,20.5,30.0,25.202971501195602,7.258086032845047,0.04000000000000001,0.7496941269058707,0.6765832370804931,0.5631657219802045
2023-07-22,18760000.0,23.0,29.2,26.078884719524215,6.800153182112968,0.0,0.6450456085098822,0.587453542408955,0.506778319613906
2023-07-23,11700000.0,23.6,28.1,28.745166924432482,10.897604637356213,1.04,0.4767553570575255,0.44095210699193244,0.33959018330602986
2023-07-24,13000000.0,22.8,29.4,28.579451216720166,6.315283104867237,0.9,0.44884075698809145,0.40893154273904814,0.36114788132731646
2023-07-25,19580000.0,22.2,29.1,27.847518748521388,5.7136850460623485,0.24,0.5817007451634788,0.5219390521105377,0.4306242796113152
2023-07-26,19210000.0,22.2,29.7,28.293235487198853,3.8879396934703987,0.27999999999999997,0.5453836267738016,0.4865232271254791,0.42357125367453524
2023-07-27,24170000.0,23.5,31.0,28.55789772080488,3.941814146497702,0.12,0.7030053718645634,0.6277375821471737,0.5469681209915587
2023-07-28,23230000.0,24.8,32.2,29.556771070838163,3.3821184400473827,0.020000000000000004,0.6982184504897163,0.6248086254034421,0.5624644516261016
2023-07-29,25860000.0,24.5,33.7,27.805391019702142,3.076829872892663,0.0,0.7760275414489582,0.6937537505839351,0.6486753647825821
2023-07-30,22870000.0,23.5,32.0,29.291384806847734,2.70868777720609,0.15000000000000002,0.6500402529521987,0.5783941223345432,0.5223378733600178
2023-07-31,22690000.0,24.1,32.1,28.471825549600748,3.5108185222792745,0.05,0.6833049663906474,0.6119308173969362,0.5591302565660702
2023-08-01,23370000.0,24.5,32.4,27.974236462193378,2.6039318963196663,0.0,0.6816410283259712,0.6078309050381209,0.5647898061510274
2023-08-02,21870000.0,24.9,32.5,27.967183406177284,4.693063463711767,0.0,0.7275084326645583,0.6582394216610715,0.6116099937742501
2023-08-03,24900000.0,25.2,33.7,27.31108819058317,5.902245631657911,0.03,0.8815381939806587,0.8020134202811564,0.7454066142731848
2023-08-04,19430000.0,25.4,33.2,29.064526385125276,4.537426154966223,0.0,0.6737591752356703,0.6118060080308328,0.5823671075028417
2023-08-05,24950000.0,26.4,34.8,29.401708633102455,3.3701463393746485,0.0,0.7981654438006832,0.7175031318287577,0.6771478140144143
2023-08-06,21540000.0,24.5,33.0,28.08021879658835,5.926189833003379,0.12,0.762592656323231,0.694330380930328,0.6425675683780129
2023-08-07,22880000.0,24.2,33.7,26.68200700368508,8.039265601740945,0.010000000000000002,0.9083077172088367,0.8356361112874022,0.7695022266220126
2023-08-08,21330000.0,24.5,33.1,26.065618404248106,10.170299521487616,0.13,0.9678122126093038,0.9001774145112581,0.8018930044649208
2023-08-09,6380000.0,23.5,28.5,26.94029380672258,13.393787627621272,5.79,0.49374245150441476,0.4741812662562648,0.40523095738934545
2023-08-10,3500000.0,21.0,24.4,23.722694405432687,17.766597398337403,5.3500000000000005,0.3642648863996104,0.3540134516337001,0.2658060211799244
2023-08-11,21450000.0,22.6,30.2,25.241634509840992,6.764236880094765,0.13,0.7256947331410691,0.6595937970859501,0.5832547418397279
2023-08-12,16660000.0,22.2,28.0,25.618057186346192,3.974737423347721,0.06999999999999999,0.48734337004375483,0.43686180788517354,0.39738982770877807
2023-08-13,21140000.0,23.0,30.4,26.045729985122712,4.74693791673907,0.05,0.6550861087318613,0.5896958986473614,0.5382521347263296
2023-08-14,20420000.0,21.9,31.1,25.663817511939133,5.480229082944033,0.04000000000000001,0.6586829529030769,0.595677073731116,0.5524260422412506
2023-08-15,23080000.0,21.8,32.2,24.8255329823504,4.603272708666261,0.0,0.7157010750079376,0.6440457878335816,0.6167189866320631
2023-08-16,21870000.0,23.0,31.1,25.986144245319206,3.86399549212493,0.55,0.6536737398732131,0.5857335937766601,0.5478478618051457
2023-08-17,15690000.0,22.5,29.0,26.715868062785272,4.067521203561411,0.04000000000000001,0.4736188075819963,0.4256678086894598,0.3929348231912468
2023-08-18,15750000.0,22.6,30.1,27.00862584923491,6.15665277095351,0.17,0.5433983815859899,0.494893282197281,0.45280422311241636
2023-08-19,18400000.0,24.0,30.4,29.660542018616084,2.876297186624367,0.6900000000000001,0.522745473096032,0.4654806980087218,0.4192574281912346
2023-08-20,17550000.0,23.2,30.9,28.71628670283277,3.5557138998020275,0.2,0.5213781117089412,0.46685824138454696,0.43088026076709607
2023-08-21,20980000.0,23.5,31.9,27.86860350145098,5.094128836248358,0.020000000000000004,0.6720964702276594,0.6064100808800987,0.5559417629482708
2023-08-22,22760000.0,23.2,32.0,27.477310961531604,7.4616117442815275,0.010000000000000002,0.7853923946729378,0.7142174710255047,0.62485911452493
2023-08-23,19090000.0,22.6,31.6,27.581648169358207,8.296665766204729,1.9300000000000002,0.6972929749901793,0.637952877358,0.5599973788883255
2023-08-24,7930000.0,22.7,26.0,27.24898140824908,8.581003157182165,3.75,0.30188585804271606,0.2781010454428793,0.23107391290106233
2023-08-25,21240000.0,19.5,29.6,23.473432276731582,5.983057311198866,0.0,0.6354868116095955,0.5716048994025468,0.5204691576756317
2023-08-26,21990000.0,21.2,29.8,24.184655306181675,4.22016548713877,0.0,0.6258005061811732,0.5588145587756338,0.5199350291976098
2023-08-27,17660000.0,22.2,28.5,23.56435877942018,6.357185457221806,0.7000000000000001,0.606329765180572,0.5526400066622946,0.5085075420979759
2023-08-28,13330000.0,23.2,27.4,25.854157674448995,9.691415494578253,0.06999999999999999,0.5427216330644908,0.5022226932370982,0.41513072807665435
2023-08-29,11920000.0,21.9,28.9,27.819427409468688,8.3206099675502,3.0700000000000003,0.4291036025069836,0.39284061478898696,0.3388042455471691
2023-08-30,4110000.0000000005,20.7,24.3,25.57889080678068,4.085479354570511,2.12,0.12997693229582916,0.11797491178765622,0.12518696969805898
2023-08-31,17810000.0,19.3,27.2,22.93428827314294,3.5467348242974768,0.0,0.46301024081347625,0.41041999992194267,0.3832513196062098
2023-09-01,19690000.0,20.9,28.1,23.18452575365267,3.007990294024442,0.0,0.517893735525375,0.45871428297629524,0.43565752274634406
2023-09-02,20440000.0,21.1,28.5,23.67997434641563,6.512822765967349,0.12,0.6336117583278279,0.5719260221684729,0.5057457646181917
2023-09-03,19400000.0,21.6,29.7,26.35214711781575,4.271046914997889,0.06999999999999999,0.547017933408788,0.48780563283539385,0.44393844416754835
2023-09-04,16430000.0,21.1,28.8,24.78742758803736,6.180596972298978,0.08000000000000002,0.5275027094618026,0.47781814851662185,0.4372784373315707
2023-09-05,20880000.0,20.1,28.9,20.87355786717832,6.141687645112592,0.0,0.6665713248673644,0.603815257359757,0.5761567380004132
2023-09-06,21540000.0,16.6,28.8,19.978838401111897,7.027623094894916,0.0,0.6524817972455353,0.5893915387147619,0.5506789642007774
2023-09-07,22850000.0,17.5,27.4,18.896525892367702,8.138035432291003,0.0,0.7171218254978197,0.6504456248271533,0.578976616235912
2023-09-08,22380000.0,17.0,27.2,19.270106045046756,5.3455429503757745,0.0,0.5959394745788249,0.5309821522729041,0.5006442573677429
2023-09-09,22560000.0,18.2,27.1,20.51585046501202,4.0585421280568585,0.0,0.5624432828419006,0.4964148764891737,0.46647052796386096
2023-09-10,20940000.0,18.5,28.5,19.889671071328014,4.573342456984426,0.0,0.5831208289905339,0.5210638553097875,0.5182023180239778
2023-09-11,20240000.0,21.5,28.1,23.28648915998355,3.4150417168974014,0.010000000000000002,0.5362217369820707,0.4751395794544118,0.4506134509058498
2023-09-12,18130000.0,22.2,28.8,24.110217296274957,3.118732225247233,0.2,0.49795851661014706,0.4427309028556026,0.43001630069479885
2023-09-13,4170000.0,20.2,23.6,22.704043264855358,4.510488928452571,2.43,0.17423362189047215,0.1621676185467048,0.17832476289542792
2023-09-14,5640000.0,21.1,24.4,22.85140235334775,5.869322354807891,1.6500000000000001,0.254459538779744,0.23792774989860152,0.24443767014358606
2023-09-15,4400000.0,20.1,23.1,24.39039670481131,5.174940515789314,3.4200000000000004,0.1371235889039184,0.1244515696430506,0.11916460772925566
2023-09-16,8010000.0,21.3,26.6,25.64419720655463,5.121066062762011,1.47,0.2705042850128229,0.24661343003554773,0.24223792704718727
2023-09-17,15530000.0,19.2,27.5,24.0730734570373,3.60958835282933,0.86,0.39436849500373916,0.3484440460761376,0.3303542900094598
2023-09-18,18680000.0,19.4,28.1,23.37678229653576,6.566697218994654,0.010000000000000002,0.539512563504434,0.48395472584000465,0.4342312828765792
2023-09-19,18210000.0,20.9,27.9,21.922577676773955,4.465593550929818,0.0,0.5219734342762625,0.46731757201706914,0.4582204029418443
2023-09-20,3950000.0,17.8,23.2,20.084189129917736,12.196577560347864,8.05,0.31256548468353046,0.3013894628526577,0.26542421994595217
2023-09-21,7390000.0,16.5,21.1,16.659517498256537,2.831401809101614,0.03,0.21950453301004944,0.19919763362281867,0.22241115690470278
2023-09-22,17760000.0,15.3,23.6,16.4234603565307,2.9870391178471576,0.0,0.39166872839812367,0.34230470988065076,0.35213002590816495
2023-09-23,16640000.0,15.7,24.3,15.52094323162746,9.035942982746061,0.0,0.6037979823219153,0.5571092555189512,0.5097213828244211
2023-09-24,18540000.0,17.0,22.9,14.8313784202994,9.047915083418795,0.0,0.6509161331344785,0.598940387798313,0.5292453988554996
2023-09-25,12200000.0,18.8,23.9,19.413138540045907,5.9950294118716,2.6,0.3903950307321936,0.3553975944783573,0.34359640293364657
2023-09-26,2700000.0,18.9,21.0,22.140128991132958,3.872974567629481,1.3,0.07742765093438626,0.06985836763300293,0.09074360040535194
2023-09-27,5160000.0,18.6,22.7,22.35956669905438,7.332911662049636,0.13,0.17768244150791107,0.16304675068358618,0.15049601751647304
2023-09-28,18190000.0,15.2,26.0,18.981782255453115,6.366164532726356,0.0,0.46779031244768954,0.41623905684065826,0.39943095817278396
2023-09-29,8060000.000000001,16.0,22.9,18.911546709969077,3.166620627938169,0.4,0.2117290352126388,0.1893262205025694,0.20699060234147248
2023-09-30,16719999.999999998,13.8,24.2,15.51673178357673,8.760584667273177,0.0,0.5324344296761526,0.4863260601279909,0.4560239485275421
2023-10-01,19600000.0,11.3,21.8,11.432221032571253,6.015980588048884,0.0,0.49665992139955756,0.44503118684340226,0.46040455249837564
2023-10-02,19190000.0,11.6,21.9,11.682507581217145,3.8849466683022156,0.0,0.41269839608348236,0.36195045317258795,0.40216413215324653
2023-10-03,6800000.0,11.1,19.4,14.29767399827534,2.2956503039967635,0.0,0.15671830362238895,0.13927349956164775,0.16698503242733675
2023-10-04,16649999.999999998,9.9,21.9,12.334591523889404,9.305315247882577,0.08000000000000002,0.5082414415812563,0.4649509232962069,0.43819436827588865
2023-10-05,19220000.0,8.6,17.5,8.675021348191075,6.3122900796990535,0.0,0.45486346240340475,0.40788090496087975,0.4076920789303772
2023-10-06,18090000.0,10.6,19.0,10.72464432196729,2.888269287297101,0.0,0.32860240472261737,0.28263317467758525,0.318623450850713
2023-10-07,11520000.0,14.2,19.9,12.375957372945198,7.578339725840683,0.0,0.4438884811631363,0.4132455900108206,0.4045870042581991
2023-10-08,9050000.0,12.8,18.6,11.984505095622703,8.039265601740949,0.010000000000000002,0.3889147116320686,0.3654803227092525,0.3505648871235192
2023-10-09,10160000.0,10.1,19.7,14.114515904677804,4.1483328831023645,0.06999999999999999,0.2143682782989959,0.18849527442723596,0.20934050483114852
2023-10-10,14190000.0,10.4,21.5,12.420907976399421,4.983386905025569,0.0,0.3441592048235608,0.3072272854691504,0.3463200253409654
2023-10-11,13140000.0,9.9,20.0,12.153343006480485,4.1094235559159795,0.010000000000000002,0.2859880879180067,0.25249083134442346,0.288204467299619
2023-10-12,14490000.0,12.3,20.9,13.28429977937103,3.38810449038375,0.0,0.29931794060482647,0.2611118825082662,0.2962164973519796
2023-10-13,12310000.0,12.3,20.4,13.952589601755074,2.187901397942156,0.0,0.23066266072082345,0.19836506571619686,0.23013195747468368
2023-10-14,13990000.0,7.9,20.1,12.626723673900301,4.549398255638957,0.63,0.26570133100465704,0.23076287103034215,0.26057797484705214
2023-10-15,13670000.0,11.9,19.0,12.445171553891612,8.697731138741323,0.0,0.41258033583670317,0.37736477301116533,0.345526825064469
2023-10-16,16180000.0,6.2,19.5,9.830967018708908,5.848371178630607,0.0,0.3828365793008275,0.3434675754321506,0.3522923841043589
2023-10-17,16750000.0,7.8,19.1,9.729940619004491,2.9511228158289553,0.0,0.2801454572239672,0.2388253448487146,0.2967504285538774
2023-10-18,15840000.0,10.9,20.4,10.837777741001572,5.145010264107479,0.0,0.3752060751099954,0.3342315044440156,0.3810083167874104
2023-10-19,8570000.0,10.4,18.8,13.299002869797256,8.859354497823233,0.7400000000000001,0.27988151849850385,0.25819707046178053,0.2476756285156136
2023-10-20,16410000.0,4.8,14.1,5.768441083244637,12.759266291966364,0.0,0.635838398198659,0.599158222071064,0.457156833779168
2023-10-21,13200000.0,4.7,14.8,7.61809291249083,6.913888138503942,0.0,0.3250535158014415,0.2953120289639893,0.30659082396560056
2023-10-22,15100000.0,7.6,16.7,8.799517057748002,6.1297155444398586,0.0,0.3450084796871514,0.30886828109226133,0.33393661056144125
2023-10-23,14950000.0,8.8,19.0,10.82242831481804,3.875967592797664,0.0,0.2725019793135762,0.23524858425070239,0.28511465757717436
2023-10-24,12060000.0,8.1,18.6,11.814419028180666,4.5194680039571224,0.0,0.22857949136646857,0.19889637349248554,0.23603198190068672
2023-10-25,14580000.0,8.5,20.4,12.245382336819246,5.1180730375938275,0.0,0.2808973006542743,0.24412519015976444,0.2888710033194463
2023-10-26,11970000.0,11.6,20.4,13.883693645667995,7.356855863395104,0.05,0.3131758503813945,0.2819902867664238,0.2914796437712336
2023-10-27,11630000.0,7.8,18.1,11.07972242085252,5.890273530985177,0.06999999999999999,0.2569441504118151,0.22858054378263598,0.26095984850185006
2023-10-28,13730000.0,7.4,17.4,10.958162396273227,4.226151537475136,0.0,0.22300758947347746,0.1899503450780374,0.2284078110890455
2023-10-29,14260000.0,8.8,17.4,10.564399692518643,2.55604349362873,0.0,0.20756119655972755,0.1726630828410694,0.22237270344161503
2023-10-30,13990000.0,7.4,18.8,11.011005018323381,3.3731393645428325,0.0,0.21722302677459832,0.182985676779926,0.2388644170259818
2023-10-31,13940000.0,9.0,20.8,10.078938376476245,5.429347655084913,0.0,0.3376256897468561,0.30212670608816183,0.37850193940730703
2023-11-01,12760000.0,11.6,21.3,14.455193955799777,4.776868168420905,0.0,0.25362695924554884,0.22008207065609064,0.26059194105236533
2023-11-02,13410000.0,10.4,23.5,12.190766813177023,6.0339387390579855,0.0,0.3975359091757467,0.36193466343496583,0.4090439706809885
2023-11-03,12490000.0,14.3,22.6,14.880015210641748,6.746278729085665,0.13,0.35543650000523397,0.32133093045388533,0.35616962985259076
2023-11-04,8380000.000000001,13.5,20.6,15.508311895903365,6.692404276058361,0.11000000000000001,0.24275389293539046,0.22046331760063306,0.24000754169866542
2023-11-05,8910000.0,16.3,22.1,18.31880680794151,13.83974837768062,1.64,0.3764703631217891,0.3518127172037713,0.28318818035092563
2023-11-06,7730000.0,5.3,18.6,9.321463289449493,20.96614130312559,0.39,0.776493837090132,0.758081571261095,0.4320013023026335
2023-11-07,13620000.0,2.8,9.4,5.7088474504263935,8.829424246141397,0.0,0.31423402943269874,0.2865772873070714,0.26070944943129837
2023-11-08,12900000.0,6.4,15.9,9.074237498495522,3.0917949987335804,0.0,0.17982422139569074,0.14969446798369446,0.21052055338794098
2023-11-09,12040000.0,6.0,17.0,11.380809532100251,6.339227306212706,0.31000000000000005,0.18469332965936497,0.15632746363244537,0.19031130124729795
2023-11-10,10970000.0,0.6,10.6,5.011676654104575,7.329918636881453,0.0,0.2839182842840809,0.2619842555832984,0.2772339850277796
2023-11-11,7560000.0,-2.3,7.2,4.578354130424108,6.78518805627205,0.0,0.19812046143243875,0.18450375539076228,0.19414272227862234
2023-11-12,13260000.0,-3.0,4.8,3.655592177600712,8.72167534008679,0.0,0.26276820494327074,0.24018646560009466,0.21486807686635584
2023-11-13,13120000.0,-0.9,6.2,3.8726780611039406,8.718682314918608,0.0,0.2990314248204174,0.2752342337196014,0.24951708079783144
2023-11-14,12640000.0,-0.3,8.8,5.660179971087014,5.93516890850793,0.0,0.17923675212962717,0.15503334717454856,0.18434540027098384
2023-11-15,12350000.0,2.5,10.9,6.606690992758042,3.214509030629106,0.0,0.13991927673322424,0.11438201874639442,0.1695691744528515
2023-11-16,3700000.0,1.8,8.1,7.627103084575048,5.866329329639708,0.6400000000000001,0.08369815338841165,0.07645060196360315,0.08785179844578961
2023-11-17,11780000.0,-5.2,7.2,3.802728697303205,13.2980108222394,0.010000000000000002,0.3685869667397909,0.34845109374264494,0.2523026179054374
2023-11-18,12250000.0,-3.5,3.9,4.201114979674873,13.555410986703183,0.0,0.27240035746300895,0.2520810106558714,0.17276149463513932
2023-11-19,9660000.0,-0.7,11.4,6.887784742267989,10.939506989710782,0.0,0.21795232228562136,0.19878843030098006,0.1963255216889867
2023-11-20,12000000.0,1.0,9.9,5.6515280814326525,3.3521881883655475,0.0,0.1356891470382623,0.11180807274214097,0.17283225899347468
2023-11-21,12100000.0,3.0,12.5,5.42730916038558,4.546405230470774,0.0,0.2117494250127693,0.18594781466333596,0.26245265878254675
2023-11-22,11800000.0,4.8,13.6,7.248047855759382,4.396753972061598,0.010000000000000002,0.18550410158522374,0.15930515686186203,0.22742841686320756
2023-11-23,11100000.0,-3.0,15.9,5.577603475995622,13.627243590739589,0.020000000000000004,0.6885640595185134,0.6657833061599986,0.4113346576111601
2023-11-24,12010000.0,-6.1,1.8,2.424733142312411,11.825442439493107,0.0,0.3267137178251552,0.30856616089418887,0.223296047653387
2023-11-25,11710000.0,-4.2,3.4,3.18842787637231,2.5769946698060147,0.0,0.09600347323939201,0.07702336106371153,0.12956149446037743
2023-11-26,9000000.0,-0.3,6.7,4.971397308386138,2.217831649623992,0.06,0.08716197382341451,0.07052462515390694,0.11917205624064306
2023-11-27,3900000.0,-0.4,8.6,7.098608420386639,8.91622197601872,0.03,0.10545975659458218,0.0980287646533123,0.10547834077987947
2023-11-28,11230000.0,-2.2,4.8,3.756720827285072,12.480914951325298,0.0,0.33323639229098423,0.31382733112281674,0.23046195919528395
2023-11-29,9630000.0,-7.4,5.3,3.193636700571013,12.648524360743576,0.010000000000000002,0.330465354393527,0.31525066858378514,0.2257190402038539
2023-11-30,11430000.0,-6.4,-0.7,2.2388167391768006,11.41240496628378,0.0,0.28431324247231826,0.2680340078991327,0.19164816848691793
2023-12-01,11220000.0,-4.3,1.5,2.6391896584329193,10.287027503046774,0.0,0.2850653937397792,0.2675851751593187,0.21256971728713184
2023-12-02,9290000.0,-3.0,6.4,4.719444964665913,10.331922880569527,0.0,0.21334422912868334,0.19705276158059443,0.1796816113384249
2023-12-03,11070000.0,-3.8,6.2,3.790573149273176,4.812784470439108,0.0,0.14184954234242936,0.12278711339073525,0.17545203197301587
2023-12-04,11020000.0,-1.5,7.2,3.8751530180588025,3.974737423347721,0.0,0.14167488741561957,0.12154725126424082,0.18649568158496882
2023-12-05,9680000.0,-0.8,9.6,5.2238879996041465,2.1430060204194032,0.05,0.08407496608211357,0.06544809946761626,0.1309538112931478
2023-12-06,6870000.0,-0.3,8.0,6.133979191849264,8.548079880332146,0.19,0.15608667992466455,0.14310493342527866,0.14905186285938635
2023-12-07,10540000.0,0.6,9.3,4.79067722760648,7.614256027858886,0.0,0.2481167123821249,0.22747098480983263,0.2530230512470092
2023-12-08,10290000.0,3.2,13.4,8.68512571982652,5.261738245666637,0.0,0.12063232723427053,0.09834533689939541,0.15548578628623227
2023-12-09,9500000.0,4.0,15.9,9.638137714023914,4.259074814325156,0.0,0.11539657219565111,0.09387870194977185,0.1654606329868264
2023-12-10,7600000.0,8.4,14.9,10.742919353758932,9.6106038150373,0.0,0.21730038479524905,0.199329094101934,0.20243273591649746
2023-12-11,1190000.0,5.3,11.1,9.489560244633498,15.42904474198607,1.9500000000000002,0.15275778240384452,0.1501876091832545,0.12030852860748822
2023-12-12,2740000.0,0.6,7.1,6.553281503158336,5.4832221081122166,0.010000000000000002,0.09172836920924493,0.08655078763598187,0.10332379986261979
2023-12-13,9480000.0,2.5,10.5,7.564228916641909,4.53443312979804,0.0,0.10085795988512847,0.08137259917975195,0.13052771250132938
2023-12-14,2390000.0,7.1,10.4,9.797189362038015,7.123399900276788,3.0700000000000003,0.10210342156212682,0.0968617954355085,0.1017499647061523
2023-12-15,1050000.0,1.1,8.6,8.118311869619411,7.698060732568026,2.2100000000000004,0.032625130600119734,0.030574977255986825,0.06160494273237486
2023-12-16,4590000.0,-11.0,1.1,2.1013502409204476,18.299355878274067,0.04000000000000001,0.4004568654499783,0.3943117899419437,0.20898442522828958
2023-12-17,10800000.0,-10.1,-5.9,1.2001032135942193,13.669145943094156,0.0,0.3124988942022172,0.2999839534377956,0.17467014888722815
2023-12-18,8990000.0,-7.4,-1.5,1.6293299744729899,5.231807993984802,0.0,0.15660338013544234,0.14429477553924508,0.16626013499710363
2023-12-19,9100000.0,-5.0,2.6,2.8298417079236327,6.500850665294615,0.0,0.177909171116028,0.16361759655216063,0.18106540488514297
2023-12-20,9870000.0,-11.4,-2.8,1.5194169366881929,15.024986344281295,0.0,0.32554444587412995,0.31359289574930554,0.1817797431638589
2023-12-21,10820000.0,-13.0,-6.6,1.0688767572408706,14.704732651285658,0.0,0.2979314959014675,0.28648905187812174,0.15796887294077452
2023-12-22,10830000.0,-12.1,-6.3,1.0700558900111619,12.427040498297995,0.0,0.2698540575143778,0.25804047061998603,0.16195453016244832
2023-12-23,10440000.0,-7.4,-1.0,1.9046194947801582,5.728650171903267,0.0,0.15551961150230434,0.141066553779984,0.1619520863912694
2023-12-24,8550000.0,-5.0,0.9,3.1790710094329535,6.339227306212706,0.010000000000000002,0.13850515424913523,0.12553243187362056,0.1382346564083792
2023-12-25,7020000.0,-3.0,2.5,4.0985226736858555,9.209538442500705,0.0,0.1725568686656335,0.161112111319523,0.14129104158526318
2023-12-26,9000000.0,-3.3,5.4,4.445205942762282,7.509500146972464,0.0,0.1558450404447957,0.14043260793393372,0.15728659974891918
2023-12-27,10340000.0,-2.8,6.2,4.549732455935999,2.304629379501314,0.0,0.06754926821371596,0.049416461491731116,0.10762577054884068
2023-12-28,10250000.0,-4.6,6.4,4.2613329074578274,5.734636222239633,0.0,0.12955574241260737,0.11210002384039357,0.15879015150554807
2023-12-29,10570000.0,-3.7,5.1,4.539752394164852,4.309956242184276,0.0,0.09036097105246928,0.07249407848128116,0.11955858988894749
2023-12-30,5100000.0,-0.8,4.1,5.7666805056797505,2.3525177821922503,0.32000000000000006,0.04708206045874652,0.03815456431444846,0.0661376313705558
2023-12-31,6130000.0,-2.3,5.5,5.80375262589671,6.680432175385626,0.08000000000000002,0.08229806204434295,0.07158697485521442,0.08984518159828368
2024-01-01,7030000.0,-0.9,6.2,5.780778444951246,4.354851619707028,0.0,0.08369053185102761,0.07093944546088,0.10424646561929321
2024-01-02,5450000.0,-0.8,5.2,5.528231684233451,6.904909062999391,0.11000000000000001,0.118290220907692,0.10856021017983666,0.11687779356175373
2024-01-03,8560000.0,-4.8,4.8,4.630275425334117,9.556729362009994,0.010000000000000002,0.14433558801303578,0.13024507646072134,0.13090028974186468
2024-01-04,10790000.0,-4.0,4.6,4.541176928502888,6.9079020881675754,0.0,0.12404510067949222,0.10607929360176296,0.12992534552941687
2024-01-05,6190000.0,-2.8,8.1,6.10429663992087,11.119088499801794,0.020000000000000004,0.14131695180273632,0.1300894660623361,0.13188006192910906
2024-01-06,10990000.0,-4.9,4.6,3.4248934801773556,10.313964729560427,0.010000000000000002,0.25403610421959144,0.23604967539818192,0.20739000456208437
2024-01-07,11270000.0,-9.2,-1.6,1.829627003947539,12.259431088879717,0.0,0.2874962391669646,0.27271378412365405,0.18578713908519667
2024-01-08,11350000.0,-8.1,0.3,2.2229053233209357,6.794167131776601,0.0,0.17290717331994404,0.15698592767989464,0.16644625266052537
2024-01-09,6310000.0,-2.6,4.8,5.183703144679202,3.9897025491886384,0.26,0.0771511659040917,0.06632536307877981,0.09549486577169845
2024-01-10,10090000.0,-4.7,6.8,4.656431179131241,4.758910017411804,0.0,0.10773740384462731,0.09045835450744985,0.13920334371111212
2024-01-11,11210000.0,-3.4,3.7,4.732729095683066,11.454307318638348,0.0,0.16995643782470216,0.15139757858958697,0.12559104696515513
2024-01-12,11480000.0,-3.7,5.8,2.8941489798995845,11.214865305183666,0.0,0.37040460362924743,0.3507451897153924,0.28387377243324885
2024-01-13,11620000.0,-3.8,3.3,3.1894690370040326,3.4359928930746864,0.0,0.11486609735919182,0.09592192636748184,0.14603995312070614
2024-01-14,9510000.0,-5.6,8.8,4.754942935557885,8.015321400395479,0.1,0.22529516962370497,0.20867813223893955,0.1924356842517962
2024-01-15,11690000.0,-6.9,2.8,2.6515347465337933,5.998022437039783,0.0,0.1715264652987146,0.15378949166482378,0.17915384823943517
2024-01-16,11500000.0,-5.2,4.4,2.69963408747592,2.1430060204194032,0.0,0.09522573850572406,0.07658600408895844,0.1366292263608534
2024-01-17,4360000.0,0.1,5.6,5.8356963501240084,2.9062274383062023,0.42000000000000004,0.07403935889737781,0.06607597472133322,0.09280093745355243
2024-01-18,2690000.0,2.2,7.4,6.650493856523038,9.463945581796304,0.0,0.1733633335324097,0.16811947388400478,0.1437157848859254
2024-01-19,7390000.0,2.5,5.9,5.768441083244637,13.324948048753052,0.0,0.2923132468326728,0.27818593773257144,0.1889127610481211
2024-01-20,2800000.0,0.9,5.7,6.604706025289781,11.741637734783968,0.7200000000000001,0.13491995026012593,0.12972619331291305,0.09687804914038822
2024-01-21,6620000.0,-6.3,7.5,5.412312270874562,7.9644399725363595,0.06,0.11839405901564948,0.10724589138559919,0.12030742581059953
2024-01-22,11730000.0,-13.6,-5.3,1.5161921753104621,18.19759302255583,0.0,0.30943224972831124,0.29680032607101053,0.14066508686719625
2024-01-23,12360000.0,-12.8,-7.6,1.1819270609041752,17.43437160466903,0.0,0.33211147146671927,0.3193114424130755,0.14637971301141892
2024-01-24,12890000.0,-10.8,-4.7,1.3311429158240315,12.280382265057003,0.0,0.29375596212284777,0.27863378002964806,0.1733734146985014
2024-01-25,12910000.0,-8.1,-0.2,1.5874476841655605,8.952138278036923,0.0,0.28452749191023285,0.2666155390729346,0.21962480462463763
2024-01-26,12730000.0,-4.2,3.3,3.298340141881216,7.560381574831584,0.0,0.21891937653543683,0.19832612943134825,0.1903087602010513
2024-01-27,12810000.0,-3.7,4.8,3.611168658775773,5.474243032607666,0.0,0.17932377695530252,0.15779208281923426,0.18334246589650927
2024-01-28,13020000.0,-5.3,3.2,3.511261747833395,5.593964039335008,0.0,0.1572474208720667,0.1366767864750949,0.15484042533594425
2024-01-29,13250000.0,-5.2,4.2,3.369825421222421,3.9837164988522713,0.0,0.1420773919014674,0.12068470224533476,0.15949887163379287
2024-01-30,12860000.0,-2.1,6.9,4.258640393566906,2.7236529030470074,0.0,0.1289091780871559,0.10578707435920784,0.1569185925258845
2024-01-31,11960000.0,-1.5,9.9,4.843216154633988,2.9930251681835247,0.0,0.14548367118681116,0.12261998825890694,0.1831702639097052
2024-02-01,7570000.0,-0.5,6.4,5.067925074433347,10.284034477878592,0.0,0.2544609856834516,0.2405867717956681,0.1927053330546965
2024-02-02,4300000.0,0.4,5.2,5.80375262589671,6.593634445508305,0.0,0.13039836844343927,0.12255817298773801,0.11923600019261331
2024-02-03,4360000.0,0.1,5.7,6.370301631850605,6.662474024376526,0.22000000000000003,0.10267091609423055,0.09469374283732063,0.09418266005202958
2024-02-04,6860000.0,2.5,7.4,6.571042114076395,11.208879254847298,0.5,0.234011656614373,0.22057430451324161,0.16597841742069597
2024-02-05,4580000.0,-1.0,4.0,5.086798370230005,10.107445992955762,0.44000000000000006,0.18631120821225616,0.17833747918725362,0.13585276919643768
2024-02-06,3100000.0,-4.2,1.2,4.939073551457028,2.8224227335970635,0.05,0.04421065180094904,0.039400436890837526,0.05124949041155301
2024-02-07,10060000.0,-3.9,4.2,4.435429369368579,2.499176015433243,0.0,0.09933334154211455,0.08267837955235018,0.1113069316780307
2024-02-08,14400000.0,-4.2,5.9,4.4873222140198195,3.7622326364066905,0.0,0.142363389120101,0.11788580483488438,0.1489515459798471
2024-02-09,14850000.0,-4.3,5.8,3.7663654362067205,7.437667542936058,0.0,0.24661673849560356,0.22146820853802426,0.21275246205964873
2024-02-10,9230000.0,-4.4,4.6,3.9500572813903494,8.374484420577502,0.010000000000000002,0.2190478073770874,0.20379611884982968,0.1788892792805696
2024-02-11,11640000.0,-4.3,4.6,4.007075442460259,8.84139634681413,0.0,0.23394898220956306,0.21467823096096894,0.18170988109926162
2024-02-12,15170000.0,-1.9,7.7,4.226447671806462,5.441319755757648,0.0,0.23533084754024963,0.20757540756150558,0.22780946378561
2024-02-13,15090000.0,2.2,13.3,6.755049549400373,6.839062509299354,0.0,0.2935721404464814,0.2613947602668989,0.27910108958329216
2024-02-14,10830000.0,7.8,16.6,11.36798848631348,5.27371034633937,0.010000000000000002,0.2079617439359617,0.1820103466646943,0.20389322009912186
2024-02-15,4270000.0,-3.0,12.9,6.271031395099753,8.16197963363647,0.27999999999999997,0.29417300687971243,0.28580894077594693,0.23181272828554964
2024-02-16,14590000.0,-0.9,6.4,4.5014393455348705,3.444971968579237,0.0,0.1806341265002325,0.15407831404418337,0.18197722897716204
2024-02-17,15950000.0,-1.6,10.4,5.313266807086204,3.896918768974949,0.0,0.20505160211510187,0.17435960598894154,0.21477167259911462
2024-02-18,13410000.0,3.2,14.2,10.159908549094528,5.821433952116955,3.0700000000000003,0.16946121770850367,0.14009160399142626,0.14977414138118417
2024-02-19,5590000.0,4.8,16.1,12.03157048822397,8.718682314918608,0.13,0.10644007384181949,0.09361314359357478,0.11366730044547875
2024-02-20,2260000.0,2.5,5.2,6.70259156853222,14.112113667985318,0.5900000000000001,0.17334067138967418,0.16907011140588785,0.11093671366664341
2024-02-21,2430000.0,-0.3,3.3,5.810837833898592,14.165988121012623,1.1500000000000001,0.14314014722063562,0.13890954426632204,0.08846443026000964
2024-02-22,2950000.0,-0.8,2.2,4.621585814589261,10.541434642342374,0.1,0.19925080213911944,0.19426429948207072,0.13852851627080037
2024-02-23,10600000.0,-2.0,4.4,4.281574914964132,9.203552392164339,0.0,0.26607528070595426,0.24782218703947212,0.19056241478417646
2024-02-24,8020000.0,-0.9,4.2,5.072637576346412,8.479240301463925,0.27,0.19840252314593723,0.1843635978366685,0.14566307581751287
2024-02-25,6710000.0,-3.0,5.8,5.885695731253976,3.8580094417885635,0.08000000000000002,0.09117136104579739,0.07953182287744234,0.09114646831682358
2024-02-26,11240000.0,-2.3,7.3,4.79067722760648,5.653824542698678,0.0,0.21126419306591857,0.19098367382093956,0.19293069885612565
2024-02-27,12990000.0,-2.6,6.0,4.460607720040998,7.0366021703994655,0.0,0.24497438155201565,0.22219438548638867,0.19784435899020858
2024-02-28,14250000.0,-0.6,7.9,5.654987432259836,3.4150417168974014,0.0,0.1830947065203976,0.15634727305697865,0.17131474917371547
2024-02-29,5070000.0,-5.1,6.7,5.484296502663693,7.937502746022706,0.27,0.12021796519815817,0.11161585932211888,0.11561495557964632
2024-03-01,18490000.0,-8.4,-0.6,1.6082671529113586,14.321625429758166,0.0,0.4808211092260336,0.4555619175617324,0.24698236863272266
2024-03-02,17380000.0,-5.4,3.3,3.351282216119749,12.367179994934322,0.0,0.3689467991532367,0.3414876881072021,0.2141244481415343
2024-03-03,15700000.0,-0.6,8.6,5.465801750877033,11.071200097110857,0.03,0.3627084563513674,0.3328928537714118,0.24090511202384376
2024-03-04,16980000.0,2.2,10.1,6.216265269162185,5.064198584566523,0.17,0.2788747999347945,0.24434248842293615,0.23949292710348077
2024-03-05,3070000.0,-0.3,6.3,7.258827624037457,9.329259449228045,0.24,0.060454790981002246,0.054818421341771895,0.05277820525412209
2024-03-06,11550000.0,0.9,9.4,5.462445005059937,7.674116531222556,0.05,0.3103662420463306,0.2875974142463332,0.25354338729471365
2024-03-07,6780000.0,-3.4,5.7,4.8704343807893,8.221840137000141,0.13999999999999999,0.19334791205741703,0.18169428559669223,0.15531711298201983
2024-03-08,19040000.0,-4.4,6.2,3.2072150400345523,11.373495639097394,0.0,0.45974321702813425,0.4273181554071634,0.29503890051236514
2024-03-09,19570000.0,-3.8,6.1,3.662650577003263,4.079493304234145,0.0,0.25717690633687984,0.2235395214052598,0.2262996222194837
2024-03-10,19620000.0,-0.3,9.9,4.231798095107634,4.875637998970962,0.0,0.33737624270666744,0.29912920690677713,0.30425378809276776
2024-03-11,12100000.0,-1.5,10.6,5.183703144679202,3.9777304485159046,0.0,0.22831695568023136,0.20491927805372093,0.22916128938091423
2024-03-12,11710000.0,-2.8,9.1,5.729818009890759,5.363501101384876,0.22000000000000003,0.19957356492832642,0.17796353115380306,0.18121848903272122
2024-03-13,19610000.0,-1.1,11.2,4.769803426643931,8.883298699168702,0.0,0.45977227611056753,0.42123736289989494,0.3423958887893511
2024-03-14,20280000.0,-0.2,14.0,5.447362213800909,7.473583844954261,0.0,0.5232558790202536,0.48107049799163465,0.3776032682412015
2024-03-15,20360000.0,0.3,15.8,5.694904825390986,8.8473823971505,0.0,0.6857730953215253,0.6419853049984832,0.4377901122320321
2024-03-16,18900000.0,5.8,17.9,6.861054885106953,7.063539396913119,0.0,0.530162735649957,0.4852530538267569,0.4781155521823745
2024-03-17,13710000.0,0.3,13.8,5.516372451004416,8.982068529718758,0.0,0.510149113806581,0.4815034993961988,0.37269287260392453
2024-03-18,20640000.0,3.9,12.6,3.563776032532244,6.904909062999391,0.0,0.5522852621277303,0.507644042631104,0.47698462201606306
2024-03-19,15320000.0,-0.3,12.5,5.148567098059378,15.623591377917998,0.11000000000000001,0.7043425686290289,0.6732338102322146,0.3967279720279784
2024-03-20,20310000.0,-2.5,7.6,3.390657957001069,10.415727585278665,0.010000000000000002,0.5102381563387423,0.4735282075751594,0.33764755903123234
2024-03-21,20000000.0,1.0,9.7,4.595603613058791,6.82709040862662,0.0,0.42173787271918545,0.38206107771992803,0.33010879834152684
2024-03-22,17780000.0,7.2,15.7,8.379118617609588,11.562056224692956,1.52,0.5905563540202768,0.5487187281100031,0.4084818864673238
2024-03-23,20350000.0,7.2,19.5,8.209248674824089,8.401421647091153,0.0,0.6259620911472746,0.5758749063433314,0.5188206247009538
2024-03-24,14240000.0,5.4,15.2,8.298654649649169,9.736310872101006,0.0,0.4499747036290188,0.4174253333997143,0.3417326554873852
2024-03-25,7050000.0,2.8,12.1,7.765678533179653,13.923553082389756,2.19,0.3492229253633224,0.33431930269444654,0.23312016359047666
2024-03-26,11380000.0,0.8,10.1,6.590826002796696,5.444312780925832,0.25,0.23543649845687092,0.21278927966604924,0.2008193053475779
2024-03-27,19830000.0,5.9,15.1,8.567052247711969,3.639518604511166,0.0,0.3524648098266578,0.30690407082110355,0.30429853019393915
2024-03-28,3130000.0,4.2,9.4,9.492293231233733,6.605606546181038,2.41,0.06200879511541636,0.05551725781803883,0.06075973727092569
2024-03-29,18030000.0,2.2,16.2,7.820806163014452,12.642538310407206,0.06,0.6419270836622957,0.6018959842248202,0.3819414997281631
2024-03-30,18630000.0,2.0,16.1,7.198642780159959,7.288016284526883,0.0,0.5102466353543502,0.46905133942516564,0.3752125419029976
2024-03-31,21600000.0,2.5,16.4,6.846699876018025,3.7203302840521206,0.0,0.4264362659609688,0.3781552297418309,0.3630664358468848
2024-04-01,22250000.0,6.4,18.0,6.628560452561647,6.012987562880701,0.0,0.5625550248433441,0.5092384422684872,0.503190996891588
2024-04-02,20140000.0,11.0,22.9,9.715981762170927,6.183589997467161,0.63,0.6127071888148105,0.5592389494994244,0.5781029552169548
2024-04-03,2940000.0,8.1,12.1,11.371192555760334,5.905238656826094,1.2000000000000002,0.0843890611293557,0.07770368484956652,0.08936294000368697
2024-04-04,9750000.0,8.1,13.1,7.0817041246921475,8.045251652077315,0.0,0.44235608501260204,0.4198974462059196,0.3654699867833838
2024-04-05,15100000.0,6.4,16.5,9.116354734491155,4.884617074475512,0.0,0.353958656075506,0.3184272639919776,0.31512854603062646
2024-04-06,14750000.0,5.1,18.0,8.897146556829979,4.69605648887995,0.0,0.37392537883697546,0.3391321493644892,0.33833126918762113
2024-04-07,23270000.0,7.9,22.0,8.819991774755874,3.292327685001877,0.0,0.5404274158436615,0.4811061707548273,0.4765057697506915
2024-04-08,15200000.0,7.6,21.8,8.527181256527244,4.788840269093639,0.0,0.534838784441372,0.49629594343641026,0.47814652058284485
2024-04-09,22810000.0,4.9,14.8,6.1117053465053575,8.287686690700179,0.0,0.6124942215957913,0.5609642555992262,0.4635289951802847
2024-04-10,18580000.0,8.6,17.0,9.230399814032467,3.4988464216065402,0.0,0.393350655397563,0.34819448664393765,0.3499345747911201
2024-04-11,14990000.0,8.9,19.7,9.150701766036088,3.4988464216065402,0.0,0.38514691681715724,0.3474637893552748,0.38208864995269043
2024-04-12,23330000.0,10.4,23.5,10.177333642340951,3.807128013929443,0.0,0.5817721560243062,0.5198350148511207,0.5248647211676738
2024-04-13,23290000.0,9.4,25.7,10.492532164354026,4.205200361297853,0.0,0.7060839286670533,0.6435385563489779,0.5778256027923062
2024-04-14,23570000.0,13.6,25.9,10.212262803913768,7.380800064740572,0.0,0.8451197195260841,0.7792673604551714,0.7631672900479972
2024-04-15,4730000.0,10.6,19.0,14.92879196549471,6.973748641867613,3.54,0.17197987127058573,0.15996027712393002,0.16454352194768335
2024-04-16,19550000.0,6.4,19.5,10.090470634774837,9.17062911531432,0.21000000000000002,0.5996323769344799,0.5519532273557652,0.4321837044216065
2024-04-17,23440000.0,8.4,21.6,10.270712711801318,4.052556077720492,0.0,0.5471272395094278,0.4873093336540883,0.4674864202116388
2024-04-18,24170000.0,9.7,23.5,10.151205859500145,3.8191001146021772,0.0,0.6120483907220544,0.5483188928480819,0.5297705275695048
2024-04-19,23470000.0,13.4,25.2,10.186056054478883,6.306304029362686,0.0,0.7556270069912867,0.6905620680290305,0.7045546933343199
2024-04-20,3160000.0,12.9,15.1,13.225630160821535,10.499532289987805,1.3,0.2238490057982751,0.2159572592994306,0.18860033794009773
2024-04-21,6920000.0,11.8,16.5,11.702211324254417,9.739303897269188,0.03,0.37873172758430645,0.36139263282212625,0.2993952730263124
2024-04-22,17630000.0,10.2,18.1,10.110680052737015,9.287357096873476,0.0,0.5977644082384336,0.5535898069873878,0.44659695327928883
2024-04-23,19720000.0,10.1,16.9,10.621601808270038,9.484896757973589,0.55,0.573871879171769,0.5251701655146892,0.3928471234356046
2024-04-24,14700000.0,7.9,17.9,11.123647923070974,7.386786115076939,0.35000000000000003,0.40303228058953255,0.36722290923983525,0.31874293192231196
2024-04-25,24430000.0,10.7,23.1,11.834318320195635,4.728979765729969,0.0,0.6045181565812061,0.5397236693542175,0.516906835202117
2024-04-26,18510000.0,9.8,24.9,11.636645634990302,4.184249185120567,0.0,0.5860583953052636,0.5365380299702212,0.49883999913321375
2024-04-27,25800000.0,12.4,27.5,10.72160114545957,3.795155913256709,0.0,0.7767401604965365,0.7044114533944291,0.6602106611093781
2024-04-28,22060000.0,12.8,26.6,12.43476777980893,7.299988385199616,0.0,0.8537406632141039,0.792159860259712,0.6884155512709048
2024-04-29,6250000.0,10.8,16.3,13.291649538075806,4.743944891570886,0.52,0.18569289973212466,0.17024010827726177,0.16624632689200353
2024-04-30,13900000.0,10.1,21.5,11.672666658388493,7.539430398654298,0.27,0.5025573238087417,0.46649044548814117,0.44398500950579384
2024-05-01,21630000.0,6.9,18.0,9.153348563586507,6.97075561669943,0.0,0.5511797642732466,0.4990403859864821,0.4315193882627583
2024-05-02,26100000.0,9.5,22.6,10.16861780862752,3.8909327186385823,0.0,0.6244373981030271,0.5563700315869123,0.5319681883187407
2024-05-03,26470000.0,10.4,26.1,10.53739874423845,4.022625826038658,0.0,0.7779685506356296,0.7059517660029967,0.6288813751682627
2024-05-04,25600000.0,16.8,27.3,11.441883404144436,6.375143608230907,0.26,0.8768426768272854,0.8025965176428592,0.8117640777078183
2024-05-05,4630000.0,15.0,17.9,17.15436518467481,12.166647308666027,5.83,0.1961030705745273,0.1839312183669104,0.1351246422006864
2024-05-06,14480000.0,11.9,18.6,13.413437516786983,10.762918504787955,0.020000000000000004,0.4865958647742552,0.4494486937743239,0.3281415033629822
2024-05-07,7910000.0,8.6,14.9,10.558394223521702,8.545086855163962,0.39,0.3130534355198419,0.2943034628019886,0.244266574223141
2024-05-08,18200000.0,6.6,17.5,9.12691092820154,6.378136633399091,0.0,0.4785232181041028,0.43506776688422055,0.38997385746711977
2024-05-09,25990000.0,9.7,21.3,9.811250940739514,8.545086855163962,0.0,0.7794558401990266,0.7124331036053235,0.6017430719716176
2024-05-10,26320000.0,12.4,25.1,11.597461531501057,9.032949957577879,0.0,0.9426210665087845,0.8703612588494736,0.7278038070851506
2024-05-11,21700000.0,12.8,24.3,15.307433826251811,15.069881721804046,1.75,0.8403473874575568,0.7809853478095085,0.5501239981685215
2024-05-12,23280000.0,9.8,21.0,10.767328702300027,6.791174106608418,0.0,0.6381066282439073,0.5781967621778196,0.5130074060759213
2024-05-13,27170000.0,11.4,23.4,10.477614060344141,3.992695574356822,0.0,0.6571917407478091,0.5844337814575291,0.582739212321748
2024-05-14,27220000.0,11.0,25.0,11.011005018323381,5.806468826276038,0.0,0.8356238397464892,0.7619066221647361,0.6603615505589465
2024-05-15,25150000.0,6.1,24.1,10.070296802164304,11.427370092124697,5.11,1.1249844172583523,1.0606670850914917,0.675874701024986
2024-05-16,23760000.0,8.8,17.7,8.773982600443192,10.41872061044685,0.0,0.7600322583006303,0.7016850706607262,0.5190148284663432
2024-05-17,23580000.0,11.5,24.0,11.877534617434161,6.201548148476262,0.0,0.7034957726499733,0.6399329622319675,0.5883177095764592
2024-05-18,27280000.0,13.4,26.1,12.235125567862296,5.884287480648809,0.0,0.8255725426430527,0.7493547931541047,0.6959343866551403
2024-05-19,26420000.0,14.2,28.5,14.871899368405765,3.4060626413928508,0.0,0.7337902137663982,0.6580006837806314,0.61772101279676
2024-05-20,18990000.0,12.9,25.4,13.94108613049466,8.197895935654673,0.0,0.7096804646755899,0.6571734211167939,0.588019529654584
2024-05-21,18150000.0,11.8,21.1,13.887513344053243,6.339227306212706,0.0,0.4944467081509029,0.4467319959331391,0.38894704135062597
2024-05-22,24550000.0,15.9,27.5,15.483076285682676,6.0369317642261695,0.0,0.7636299707542233,0.6928148755461401,0.6637170346834532
2024-05-23,27410000.0,13.6,29.6,12.095704922328554,6.868992760981189,0.0,1.1736108026639651,1.0946698826775134,0.8645556242984374
2024-05-24,23090000.0,15.8,27.0,11.189823526418847,9.023970882073327,0.0,0.9933019199522659,0.9270123409858753,0.8700929028256631
2024-05-25,19040000.0,13.5,21.6,10.8654550027281,8.446317024613906,0.0,0.7354074488077593,0.6842754655988219,0.5983778843879347
2024-05-26,22110000.0,14.1,27.3,16.529988165320542,14.327611480094532,0.77,1.0326095897439314,0.9698459054362759,0.6774345947021143
2024-05-27,22450000.0,12.9,22.6,11.880864690067261,10.352874056746812,0.0,0.8370300986326779,0.7765133431668495,0.6243287793590344
2024-05-28,23170000.0,13.5,21.3,12.248802939570316,6.650501923703793,0.020000000000000004,0.675391570435866,0.6133451252111405,0.5318204932204054
2024-05-29,25830000.0,15.6,27.2,13.156255828889854,4.914547326157347,0.0,0.7665358781908743,0.6923799741327594,0.6951014874330861
2024-05-30,18830000.0,17.4,27.2,13.94108613049466,4.953456653343733,0.0,0.6639299677523348,0.6091089992484768,0.63665236661087
2024-05-31,26650000.0,14.8,26.9,11.464456884922141,8.655828786386753,0.0,1.0065823305133692,0.930745440553894,0.8515013608448566
2024-06-01,22260000.0,12.9,24.5,13.925761128219863,6.865999735813006,0.04000000000000001,0.6755771150034465,0.6145185016821066,0.5589294940674648
2024-06-02,22370000.0,13.6,24.6,12.591630076337289,6.9079020881675754,0.03,0.7339361831257156,0.6721378992945223,0.6266535665175468
2024-06-03,24450000.0,11.9,25.6,12.623210449137508,6.060875965571637,0.010000000000000002,0.7870614289011952,0.7199355817404751,0.6288223158042234
2024-06-04,27230000.0,13.4,26.0,12.602149141021574,5.635866391689578,0.0,0.8056547883916755,0.7296418570930312,0.677895715320114
2024-06-05,24780000.0,15.7,28.9,13.417143317321695,6.279366802849035,0.0,0.9152832437939606,0.8431396644245712,0.7861645546420253
2024-06-06,20320000.0,16.0,28.4,13.491448484129858,5.26473127083482,0.0,0.7309687411672668,0.6719000372368387,0.6917171084816378
2024-06-07,21930000.0,19.3,30.0,13.130777596503789,7.147344101622258,0.0,0.9451180465877502,0.8790705617995647,0.9064235571829033
2024-06-08,9960000.0,18.5,23.6,19.022019364651253,5.653824542698678,1.3900000000000001,0.3782590476523801,0.3498242929326644,0.33655299935837063
2024-06-09,22630000.0,17.0,28.7,17.567925658485294,4.2411166633160535,0.0,0.66423468196194,0.5978035986602087,0.5944438963462657
2024-06-10,25800000.0,18.2,30.1,17.9758230418898,6.587648395171937,0.0,0.8667923527266721,0.789624180949196,0.7525251546765059
2024-06-11,26790000.0,18.8,32.0,18.51455158351444,5.647838492362311,0.0,0.9366306714658998,0.8551302150090935,0.7983068680242079
2024-06-12,27480000.0,19.4,33.0,15.809685603550884,3.6275465038384316,0.0,0.8915422604171337,0.8070728824498697,0.7999153919428605
2024-06-13,25480000.0,20.5,34.3,16.921249379431398,4.7080285895526846,0.0,0.9759217906145775,0.8964310452095722,0.8763306150758992
2024-06-14,25880000.0,21.1,33.9,16.5433466611109,6.548739067985551,0.0,1.0797877353221883,0.9989523633746469,0.9909247991683285
2024-06-15,18830000.0,18.2,30.6,20.54276036345476,6.069855041076188,2.68,0.6815126357659778,0.6249958929685802,0.6092975077221363
2024-06-16,27210000.0,17.0,28.9,14.26244046762805,7.521472247645197,0.0,0.9680995390642394,0.8881053617018495,0.8439405386027345
2024-06-17,22870000.0,17.6,30.0,12.341477377933519,7.033609145231282,0.0,0.9700694361820282,0.9020013753942336,0.9062009108869212
2024-06-18,26970000.0,19.3,33.2,15.609615665499103,5.450298831262198,0.0,1.0495614527870016,0.9666071503203566,0.9140554788447071
2024-06-19,25540000.0,21.7,36.4,15.311595378702002,4.306963217016092,0.0,1.0609227751574952,0.9797121163938657,0.9541165613479172
2024-06-20,22130000.0,19.3,32.8,16.704388732720854,7.635207204036171,0.0,1.069582814930066,1.001688424245135,0.9242414788038584
2024-06-21,19800000.0,21.5,31.5,20.094750907601828,6.411059910249109,0.010000000000000002,0.7964476442564977,0.7353547741485239,0.7400872629611229
2024-06-22,5220000.0,21.8,24.8,25.074468294193675,5.58797798899864,5.16,0.21726066081931705,0.2018355697103109,0.20137282121536426
2024-06-23,11120000.0,21.0,27.5,24.011278217642197,7.270058133517781,0.32000000000000006,0.45132563718072516,0.41801915858782934,0.38517590967084525
2024-06-24,23210000.0,17.2,29.7,19.168505951974133,10.514497415828723,0.04000000000000001,0.940329507681685,0.8715948178761131,0.7258275367955141
2024-06-25,24090000.0,16.3,27.5,14.908451286097351,8.901256850177802,0.0,0.9142594385214695,0.8445543976218637,0.7576608395614939
2024-06-26,24220000.0,19.0,29.2,16.547801596716486,3.1576415524336183,0.0,0.6895192323855028,0.6171275159877334,0.6287545607011715
2024-06-27,17260000.0,18.9,28.9,18.465444358305692,3.430006842738319,0.0,0.5465131813371051,0.4950693435679342,0.5158229314141896
2024-06-28,27580000.0,20.4,31.6,19.336398777148062,3.483881295765623,0.0,0.8005377378843124,0.7159770029087674,0.7118000751884563
2024-06-29,18560000.0,22.4,31.2,23.943463666349732,11.807484288484005,3.0700000000000003,0.9152720576333175,0.8577912144569895,0.7296766119189086
2024-06-30,15920000.0,20.9,28.1,25.228741085636965,10.75992547961977,0.7400000000000001,0.6063156513458212,0.5584671554300594,0.4347088305254315
2024-07-01,24100000.0,21.6,30.7,22.55167215941733,6.42003898575366,1.92,0.8257518643951667,0.751719168824852,0.6883654513418762
2024-07-02,4870000.0,21.4,26.1,26.654945150301483,9.981738935892055,2.42,0.23401778442237653,0.21953348734390912,0.19637677685163007
2024-07-03,23150000.0,21.0,29.9,24.346627206342394,12.645531335575392,0.34,0.9211357849727617,0.8506625463452536,0.6432719908399616
2024-07-04,25760000.0,22.9,30.9,25.55932724381523,11.66681210557938,0.24,1.0182652106241192,0.938387444873249,0.7252176968098147
2024-07-05,24000000.0,22.3,29.6,22.81596009600556,10.248118175860387,0.06999999999999999,0.9524331067703871,0.8788959078344298,0.718153460356192
2024-07-06,18200000.0,23.9,31.5,28.55789772080488,11.04126984542902,0.8,0.7830062479425988,0.7260237748193575,0.5919943217809618
2024-07-07,10300000.0,23.7,28.6,29.130230003400165,10.948486065215333,2.09,0.45517377168843015,0.4235332420463454,0.33845533423405083
2024-07-08,5330000.0,22.2,26.0,28.165256868043343,8.961117353541473,3.2200000000000006,0.20397724822939928,0.18804628834500167,0.15706875120673205
2024-07-09,5570000.0,22.0,24.6,26.58739536877839,8.461282150454824,8.01,0.21264756730046144,0.19618822678759476,0.16176800710280995
2024-07-10,14360000.0,21.0,27.5,25.533262830329416,3.540748773961109,0.45,0.41216591293030974,0.369155028704232,0.33723488208950625
2024-07-11,21960000.0,21.0,29.7,24.844604870480385,3.280355584329143,0.03,0.6128279076518441,0.5460653313743032,0.5001786523583341
2024-07-12,25460000.0,21.0,30.5,24.066887683157507,4.387774896557047,0.0,0.741802155483726,0.6639925677333133,0.6021853201806461
2024-07-13,24570000.0,21.6,29.5,23.968104104453797,8.530121729323046,0.08000000000000002,0.8452602811390344,0.7703660778248378,0.6322994721375345
2024-07-14,16420000.000000002,20.6,26.2,24.005106327681236,9.365175751246248,0.27,0.5565370514240121,0.5079455650334481,0.3880503083288758
2024-07-15,18010000.0,21.0,28.1,24.12260970463185,8.661814836723119,0.1,0.6435206811676031,0.5893533912029632,0.4862908829140059
2024-07-16,15060000.0,22.2,29.2,26.94029380672258,6.662474024376526,2.8200000000000003,0.5210351450761067,0.47503938901657883,0.4165687173383543
2024-07-17,16000000.0,24.4,29.5,27.938986704054404,10.789855731301607,0.06999999999999999,0.6880676873176428,0.6384237134416473,0.5098573340273591
2024-07-18,7960000.0,22.8,28.0,27.889702190419115,12.067877478115971,1.2400000000000002,0.4098921232995424,0.38567623552812846,0.31441792328529733
2024-07-19,16610000.0,22.2,28.8,26.533463243341878,7.659151405381639,0.010000000000000002,0.5760489759203715,0.5254515868159598,0.43994884933450396
2024-07-20,13900000.0,24.4,29.0,28.745166924432482,11.603958577047523,0.5700000000000001,0.6086533136052489,0.5656578585354972,0.43771824992191954
2024-07-21,24180000.0,24.2,30.5,27.791360813375327,10.535448592006006,0.0,0.9034005767894946,0.8280107904620964,0.6343238842971118
2024-07-22,17710000.0,25.3,31.9,28.264752011366067,10.607281196042411,0.0,0.8301355204260481,0.7741059472248237,0.660959460887169
2024-07-23,12410000.0,23.4,28.9,28.824718284770537,9.16165003980977,0.38,0.48251836334245723,0.4443961329678678,0.3641277858931049
2024-07-24,19670000.0,24.2,31.5,28.860941466636714,7.063539396913119,0.09000000000000001,0.7035018668218063,0.641807932538397,0.5573037744664188
2024-07-25,22070000.0,24.5,32.5,30.101363257338228,4.1573119586069165,0.13,0.6891420402851653,0.6193979662578698,0.5543282467718894
2024-07-26,21680000.0,24.9,32.2,29.460696130571048,7.3628419137314705,0.06,0.7843268951095547,0.7157762675210787,0.6154813064673965
2024-07-27,18680000.0,24.9,31.5,31.069687141728455,8.072188878590966,0.5900000000000001,0.6759794357293549,0.6171511099297766,0.5080376527463433
2024-07-28,23430000.0,24.6,33.0,27.995404948021672,10.619253296715145,0.04000000000000001,0.9843770742206628,0.9100834352409526,0.7606399676290753
2024-07-29,19410000.0,24.2,31.8,27.995404948021672,14.617934921408333,0.010000000000000002,0.9601480690624944,0.8991625903359424,0.6877638921152264
2024-07-30,17720000.0,23.6,32.0,28.565080642484464,9.305315247882577,0.010000000000000002,0.7235752597669325,0.6680300821651445,0.5790791542753088
2024-07-31,26010000.0,25.2,32.8,28.730723646453594,6.961776541194878,0.0,0.9081692115478003,0.8255100346662182,0.7135135889117968
2024-08-01,20350000.0,25.9,33.2,28.998952133105078,7.267065108349598,0.0,0.8084986506096877,0.7434348192577815,0.6792710212565627
2024-08-02,24600000.0,25.8,34.8,30.33526347246764,7.763907286268061,0.0,0.9443979548153152,0.8651147790822236,0.7695625920160548
2024-08-03,24560000.0,26.0,34.8,29.824252942732315,5.525124460466786,0.0,0.8678703086349774,0.7886333449684257,0.7303626801535991
2024-08-04,21700000.0,24.9,32.9,29.816794470015402,5.740622272576,0.17,0.7423558739882299,0.6734706756958236,0.6038805295842143
2024-08-05,18340000.0,24.5,33.6,29.854103113895082,3.0858089483972138,0.12,0.5828912225449645,0.524574719736626,0.5036267409000125
2024-08-06,21550000.0,25.0,32.6,30.176642428704692,3.44796499374742,1.4900000000000002,0.6606642297345388,0.5923318387822232,0.5396100579131436
2024-08-07,22290000.0,24.5,32.8,29.21071042222281,4.306963217016092,0.05,0.7068935481554368,0.6363341550484596,0.5821491647647827
2024-08-08,20500000.0,23.1,33.2,28.493322336289914,4.941484552670999,0.05,0.6737423861150194,0.6092197370746673,0.5724361819341383
2024-08-09,23640000.0,24.1,32.6,27.30418133855033,4.223158512306953,0.010000000000000002,0.740779625667988,0.6662021956692317,0.6201046740836279
2024-08-10,23930000.0,23.6,33.2,26.225203939043503,6.8121252827857015,0.0,0.8600083221089454,0.7844727415992631,0.7262256236367588
2024-08-11,24150000.0,22.5,34.2,25.591940449457617,5.875308405144259,0.0,0.8333646722960723,0.7571783383506422,0.7339945609491098
2024-08-12,25060000.0,22.5,34.1,24.534695421809747,6.440990161930945,0.0,0.8892476476222985,0.81023593260495,0.7847915462464792
2024-08-13,25280000.0,22.6,34.2,23.692173208516724,6.234471425326282,0.0,0.899640444503844,0.8198435587836279,0.8074151287229864
2024-08-14,25090000.0,22.3,33.5,24.377884120992878,7.434674517767875,0.0,0.9154359539283334,0.8366962764107914,0.787952883005677
2024-08-15,20730000.0,23.0,32.1,25.093707197623612,7.078504522754035,0.12,0.7762025324359803,0.7114143842285203,0.6684935436849704
2024-08-16,21920000.0,23.3,33.5,25.029627638841223,6.889943937158474,0.03,0.8346181281971597,0.7654271576676053,0.7414594023973834
2024-08-17,21920000.0,23.8,33.7,26.078884719524215,6.518808816303717,0.11000000000000001,0.816688774085973,0.7472222431383204,0.7205229171627352
2024-08-18,22270000.0,23.5,33.7,24.277985279501376,7.329918636881453,0.0,0.8827856010605654,0.8123294409707137,0.7922822971046208
2024-08-19,20010000.0,25.5,34.8,27.609529778904292,6.698390326394729,0.04000000000000001,0.819398502769632,0.7550099466116307,0.745140892601275
2024-08-20,18660000.0,25.5,34.8,29.91388166396488,8.817452145468664,1.31,0.8317268843028842,0.7716823836577917,0.7220720083909167
2024-08-21,11170000.0,25.2,30.3,30.861579622375302,7.60826997752252,0.55,0.45667248418888146,0.421679599230455,0.3778261698494617
2024-08-22,20700000.0,23.0,33.5,28.918981194190437,12.708384864107245,0.30000000000000004,0.9029256618566184,0.8376981729033144,0.6913926400972963
2024-08-23,20570000.0,23.5,32.0,26.5132633451751,7.982398123545459,0.03,0.7808844890313509,0.7164436973039713,0.6477742289992761
2024-08-24,23090000.0,23.9,32.9,26.125363283783965,4.1573119586069165,0.5599999999999999,0.7252121615658068,0.6523280598537898,0.6292392073740138
2024-08-25,20320000.0,23.5,32.8,27.428738317746713,3.5437417991292928,0.17,0.623242896214071,0.5592867875067562,0.5403997781577706
2024-08-26,15390000.0,23.2,32.8,26.641423215403673,3.7891698629203416,1.1400000000000001,0.5251725224008731,0.47681773014937195,0.4916491146303377
2024-08-27,6760000.0,21.1,25.3,23.32858793276737,7.955460897031809,0.6200000000000001,0.3297566033195188,0.30980989625741373,0.29274748605549017
2024-08-28,20240000.0,23.1,29.5,22.904656025211597,11.831428489829474,0.0,0.9238554808865491,0.8615619088681395,0.7119414619297965
2024-08-29,21200000.0,24.1,29.8,25.57889080678068,13.705062245112359,0.020000000000000004,0.9579777910603962,0.8921995256747021,0.6770893858241893
2024-08-30,18830000.0,20.5,32.5,24.641830042491,6.602613521012855,0.0,0.6656872758477486,0.6075873392753677,0.6030611777955782
2024-08-31,21570000.0,22.2,32.7,22.51663689252157,4.74693791673907,0.0,0.7129614980680188,0.6456285533514394,0.6643581479017394
2024-09-01,22140000.0,21.2,32.5,20.87355786717832,4.450628425088901,0.0,0.7055015326140465,0.6368910404624235,0.6691433371879709
2024-09-02,15190000.0,22.0,31.2,20.748287413147633,7.117413849940421,0.04000000000000001,0.6958097948351986,0.6488824926929332,0.679533360703968
2024-09-03,22130000.0,18.7,28.5,18.067051290327523,8.096133079936434,0.0,0.7874215681660981,0.7217436598985176,0.6769484552581619
2024-09-04,22940000.0,19.5,29.9,19.122939211214685,5.93516890850793,0.0,0.7328547028122012,0.6637182398765604,0.6617469093023252
2024-09-05,18350000.0,23.1,32.8,23.986598978390628,7.787851487613531,0.43,0.7787147439633441,0.7210934105946325,0.7177513064394188
2024-09-06,10720000.0,22.0,27.8,23.686073090823133,7.479569895290628,0.13999999999999999,0.469897113166539,0.4375015139104691,0.4222133162326232
2024-09-07,12770000.0,22.6,29.6,26.278588442730207,4.591300607993527,0.05,0.4292413871501058,0.39003825899931466,0.38632563465018116
2024-09-08,17430000.0,22.7,29.5,25.074468294193675,7.168295277799541,0.36000000000000004,0.6188418262536939,0.5653327797643996,0.5160206178370415
2024-09-09,17330000.0,21.6,30.9,25.409773753254388,6.1297155444398586,0.15000000000000002,0.584778708898696,0.5314751100204255,0.5111179167627815
2024-09-10,21130000.0,24.3,34.2,26.702319138198103,2.912213488642569,0.0,0.6333170640943026,0.5659803955818752,0.568740333433337
2024-09-11,15560000.0,23.6,33.0,28.81024012589617,5.255752195330269,2.29,0.5503581885807616,0.5012990391126871,0.49873244468017275
2024-09-12,12080000.0,24.0,29.9,29.320769114375086,2.571008619469648,0.21000000000000002,0.35493915108419494,0.31745795080781825,0.3075283656186518
2024-09-13,18350000.0,24.4,32.4,27.721302452886608,3.735295409893039,0.0,0.574201777997417,0.5162795923579406,0.5071943892394591
2024-09-14,18890000.0,23.1,32.6,26.790494527675662,6.964769566363062,0.06999999999999999,0.6873004465098534,0.6280529417506464,0.6029783979007208
2024-09-15,17840000.0,22.1,30.1,23.924997873914453,12.687433687929959,0.0,0.8334771290913527,0.7787094073834346,0.6487290669154249
2024-09-16,9540000.0,23.7,27.6,26.065618404248106,5.8992526064897275,0.0,0.37671120083516985,0.3475933994191812,0.34187701592746
2024-09-17,16870000.0,23.6,34.0,29.921361320545852,3.8819536431340307,0.61,0.5372496677397196,0.48375697932368417,0.48161422428649
2024-09-18,13180000.0,23.8,32.5,29.60120547903663,2.7715413057379434,1.9100000000000001,0.4070948082724216,0.36561146610891726,0.36895382239735575
2024-09-19,14080000.0,24.9,31.5,29.51239487380549,2.571008619469648,0.05,0.4221857162558968,0.37784402314786353,0.3707387533629779
2024-09-20,6300000.0,18.5,29.4,25.748990471494903,7.162309227463174,9.57,0.2634159851724994,0.24462542507801327,0.2771176698400075
2024-09-21,3150000.0,19.5,21.0,20.77546399510037,8.138035432291003,2.7300000000000004,0.1807785322510365,0.17190298122641037,0.17465832387960262
2024-09-22,12450000.0,15.6,22.9,16.374836697064712,9.278378021368926,0.06999999999999999,0.47784965059791984,0.44336516880983057,0.3960501145404201
2024-09-23,20330000.0,14.1,22.1,13.087201498027307,7.730984009418044,0.0,0.5963542911036781,0.5411947714351614,0.4984263016005636
2024-09-24,17350000.0,16.3,24.1,17.302067422994305,5.6687896685395955,0.24,0.46393854176023314,0.4150934759064677,0.40094306314622735
2024-09-25,14430000.0,18.1,25.5,20.983026327290517,3.4419789434110535,0.12,0.3538009087343833,0.31211217026240495,0.3109884129846132
2024-09-26,17000000.0,18.4,26.8,20.944655344886364,3.2713765088245923,0.06999999999999999,0.41291607524357304,0.3631979204438795,0.36589470454684014
2024-09-27,15250000.0,18.2,25.2,20.548146049616236,5.3904383278985275,0.12,0.4104880680709062,0.36649905780926584,0.3485553694004366
2024-09-28,15770000.0,17.8,23.9,18.553919718554173,10.032620363751175,0.03,0.5449302897158507,0.5000542013608442,0.41834637897794363
2024-09-29,17680000.0,14.2,24.2,16.02066142442484,7.5753467006725,0.010000000000000002,0.5042517065792509,0.4553238525017476,0.4336836914026746
2024-09-30,18440000.0,15.2,25.4,15.96444890864597,3.4659231447565215,0.0,0.4245559200413509,0.3725553132514426,0.40574199571886893
2024-10-01,11730000.0,10.5,25.4,12.799928156159986,10.065543640601193,0.020000000000000004,0.7411922806589181,0.7094545162494159,0.559760796674509
2024-10-02,17300000.0,13.2,19.6,10.447833866129917,6.437997136762761,0.0,0.5051998911019064,0.4597648958790452,0.4627190513828344
2024-10-03,7040000.0,11.9,18.3,13.502625386253856,6.626557722358323,0.43,0.25054103052595517,0.23253729221761715,0.23387565059722548
2024-10-04,17470000.0,11.2,21.7,13.52127163600087,3.618567428333881,0.0,0.3452557735588405,0.29932871998064026,0.32567066224933117
2024-10-05,16700000.0,12.9,21.9,13.626109309233465,3.8669885172931133,0.0,0.3633384497112927,0.3186178784876019,0.34737247865006354
2024-10-06,4900000.0,13.9,19.9,15.270024504149339,3.3521881883655475,0.9300000000000002,0.16783776264751493,0.15484173369081236,0.18578570710320574
2024-10-07,8380000.000000001,12.4,18.8,13.626109309233465,3.0439065960426444,0.08000000000000002,0.2023640195096185,0.1807091060997454,0.20783955300590568
2024-10-08,14230000.0,11.0,20.7,13.898977978399655,5.339556900039408,0.16000000000000003,0.3163225666854061,0.2793617517223347,0.290754520230899
2024-10-09,15300000.0,11.1,20.6,12.839096603883766,6.255422601503567,0.010000000000000002,0.3767869605931769,0.33704694169402066,0.3447854360837401
2024-10-10,16750000.0,12.4,21.5,13.313720258213174,2.858339035615266,0.0,0.3173071538211399,0.27283878199727113,0.30980137731231777
2024-10-11,16230000.0,11.1,21.9,13.57360154661116,2.7535831547288425,0.0,0.2952444204908985,0.2525349152451134,0.29149223578944355
2024-10-12,17170000.0,11.9,22.0,12.860505584936586,3.9268490206567837,0.0,0.3554520703550007,0.3098686707003245,0.35299107441131106
2024-10-13,11890000.0,15.4,22.2,15.084178964194672,6.7672299052629485,0.0,0.39448970802121874,0.36181730833053216,0.37197601781181805
2024-10-14,3150000.0,14.9,19.9,17.367036981925988,2.6967156765333553,1.55,0.10234717730262974,0.09391185997600544,0.12252275656724754
2024-10-15,4590000.0,13.4,19.5,17.894540260066464,3.9537862471704357,0.17,0.09879544389248232,0.08672874807542799,0.09755575040513462
2024-10-16,12720000.0,13.6,23.4,16.672967755391074,4.687077413375399,0.0,0.2957686381696233,0.26100353453019176,0.28865666038664256
2024-10-17,11060000.0,15.0,22.5,16.003346799264445,5.007331106371037,0.010000000000000002,0.304200525964141,0.27383603232006876,0.30214264155735115
2024-10-18,4230000.0,17.5,23.1,21.701248415136295,7.054560321408567,2.22,0.15513646734232336,0.1432079116632934,0.14919984768207134
2024-10-19,4960000.0,9.8,20.1,10.828565787509728,12.453977724811647,0.53,0.5012298282651395,0.48858550614908375,0.43347538147565734
2024-10-20,12210000.0,11.1,14.4,9.585628416038167,11.484237570320182,0.0,0.47694140906719734,0.44730118853283185,0.35037673552102344
2024-10-21,5840000.0,14.9,18.1,15.495689582416224,4.893596149980063,1.51,0.1799533510280287,0.1645852973844437,0.17943179470196408
2024-10-22,2560000.0,11.5,19.5,17.274288624668674,8.73963349109589,0.86,0.058927389689146535,0.05232568881650783,0.07488145284283994
2024-10-23,11110000.0,5.7,15.8,9.833786448492983,11.678784206252113,0.010000000000000002,0.3372621412012293,0.31157295337515395,0.2651424657182067
2024-10-24,15350000.0,8.1,18.2,10.300047984014965,4.540419180134406,0.0,0.28140958097261454,0.24380083122084847,0.28940992892705975
2024-10-25,14210000.0,11.1,19.3,12.978816812262313,5.641852442025944,0.0,0.2925758745253876,0.2561595138163824,0.2763539739177112
2024-10-26,11480000.0,9.9,20.8,13.761949543625454,6.165631846458061,0.0,0.26084176386658103,0.23132929623808396,0.26384565852951175
2024-10-27,6880000.0,10.5,17.1,14.250712914147032,3.756246586070324,0.1,0.1234893367384097,0.10638337260622097,0.12440935871472833
2024-10-28,8340000.0,10.9,18.0,11.78462527392607,10.230160024851287,0.09000000000000001,0.36557981722896393,0.34454556472387393,0.31382890956955867
2024-10-29,11360000.0,7.8,18.2,11.189823526418847,5.474243032607666,0.0,0.23908926145425866,0.2113521410140217,0.2505078515234162
2024-10-30,13960000.0,8.8,19.4,11.7417065292974,3.8699815424612973,0.0,0.2357184042731797,0.2007779388483785,0.2537403828179052
2024-10-31,12600000.0,11.1,20.4,13.232951388635952,3.1366903762563334,0.0,0.21899111702909493,0.1863307967983381,0.2365325127472917
2024-11-01,2180000.0,12.6,15.3,14.23118581060978,5.453291856430381,1.8100000000000003,0.08906400950643234,0.08362571943879701,0.10623008754948735
2024-11-02,10370000.0,8.8,20.5,12.860505584936586,6.417045960585477,0.0,0.24827032550276465,0.2220031662395991,0.26792264357396867
2024-11-03,13110000.0,10.9,19.5,12.493823758361803,4.420698173407065,0.0,0.24739695007752074,0.21379958984563768,0.26167678564388974
2024-11-04,8189999.999999999,8.6,18.8,10.53140679119852,6.9976928432130805,0.010000000000000002,0.2942491551918812,0.2739315137371341,0.31454300727779083
2024-11-05,12150000.0,2.5,15.6,7.273943082747143,7.048574271072201,0.0,0.3191068828962744,0.2922403855511541,0.30467020335471834
2024-11-06,13980000.0,2.8,11.5,5.805523211124473,4.699049514048133,0.0,0.2256256079352461,0.1963297681461073,0.24707463590562667
2024-11-07,12710000.0,6.1,14.4,9.486827951417064,2.9630949165016895,0.0,0.15426869538058058,0.12525410902810047,0.17142108149088203
2024-11-08,12210000.0,8.8,16.4,10.800971266534043,3.645504654847533,0.010000000000000002,0.18549356967620778,0.1559571328996993,0.20326794027104608
2024-11-09,6750000.0,9.9,16.3,12.211222480275866,4.390767921725231,0.020000000000000004,0.14862947388553155,0.13211038078588627,0.16376655489982647
2024-11-10,7570000.0,7.3,17.0,11.7087857317333,2.409385260387737,0.0,0.11209796538151613,0.09397999827136264,0.13805276070129632
2024-11-11,11370000.0,9.1,18.6,12.045047565216091,3.516804572615641,0.0,0.17713803729093788,0.1488369657831701,0.20395158798179125
2024-11-12,12360000.0,8.1,18.1,9.833786448492983,5.911224707162461,0.0,0.2720168805646944,0.24176858564445497,0.30205541643224576
2024-11-13,9840000.0,7.8,17.2,10.639722194315262,5.534103535971337,0.0,0.20850648733342575,0.1847590607850554,0.23272300777805363
2024-11-14,8080000.0,10.8,17.2,12.25906978958474,1.92750820831019,0.22000000000000003,0.12267684766225824,0.10249795155128871,0.14662443098342168
2024-11-15,4070000.0000000005,10.4,16.4,13.156255828889854,4.660140186861748,0.22000000000000003,0.1145183564423999,0.10448954687910912,0.1320945517633459
2024-11-16,11160000.0,11.0,20.0,13.796094913969197,6.92885326434486,0.0,0.2416044710740573,0.21282518133239794,0.2483655985835989
2024-11-17,1960000.0,-0.7,12.1,5.367541407840652,8.251770388681976,0.0,0.292144505825271,0.28821334573116386,0.2799741469613532
2024-11-18,12480000.0,0.9,8.4,4.286987159538602,6.294331928689953,0.0,0.24815027535336695,0.22393939708907093,0.25613076503119525
2024-11-19,6980000.0,1.5,10.4,6.935301449678095,2.2298037502967256,0.0,0.08715084272610336,0.07304238994435448,0.11753381415312696
2024-11-20,10740000.0,2.0,11.2,6.9228779544762,4.743944891570886,0.0,0.14919619311622517,0.1270545138177118,0.17564957322863298
2024-11-21,8430000.0,3.0,12.4,8.218873043518283,8.901256850177802,0.010000000000000002,0.19082613080070157,0.17287607960143667,0.18322172686733545
2024-11-22,11790000.0,0.1,10.8,5.313266807086204,5.540089586307704,0.0,0.19616792758607082,0.17270477209013163,0.2297124611863574
2024-11-23,9740000.0,0.5,11.2,6.257773080291138,4.022625826038658,0.0,0.1345499992227954,0.11492348753495882,0.17490437239655326
2024-11-24,10360000.0,2.0,11.1,6.912540063092076,2.3704759332013516,0.0,0.09628931089955281,0.07496310533488644,0.13271340550404404
2024-11-25,9260000.0,5.6,13.8,9.24908381509718,7.596297876849786,1.56,0.1904529134311237,0.16961640023437446,0.19392876710810794
2024-11-26,6750000.0,1.2,10.5,6.0600109270040035,16.15934288302285,0.54,0.41127290576343417,0.39767137045615525,0.26930049512047377
2024-11-27,6920000.0,-1.2,3.3,4.983760308902671,11.577021350533874,0.24,0.18495116506596254,0.17310071695761092,0.128397362801066
2024-11-28,9100000.0,-2.7,6.1,4.750492793125427,13.956476359239776,0.04000000000000001,0.27587793577090086,0.25991966293046936,0.18765740452053162
2024-11-29,10570000.0,-0.8,5.1,4.638979509135084,13.591327288721386,0.0,0.30257949719968547,0.28374209944385587,0.19801511664321633
2024-11-30,8980000.0,0.9,8.1,6.223793989357027,8.030286526236397,0.0,0.16855552561810577,0.15121918551190625,0.1599626568522587
2024-12-01,8780000.0,3.5,11.2,7.765678533179653,2.0292710640284293,0.0,0.0778623777031372,0.05935545098334486,0.11063724492171038
2024-12-02,10300000.0,-1.5,14.1,6.7570743877622865,9.377147851918982,0.0,0.33024970270533904,0.3092066098633541,0.2572561234026175
2024-12-03,9080000.0,-1.5,6.1,2.9979709408345787,9.80814347613741,0.0,0.35730205774049956,0.34103382984452496,0.29433150693418
2024-12-04,10920000.0,-1.4,4.8,3.574131729481088,10.179278596992168,0.0,0.2995338151628355,0.28038388775431766,0.2379445519127928
2024-12-05,9620000.0,-0.1,5.9,4.697378139678622,12.418061422793443,0.0,0.3027702082173942,0.28516919749916625,0.21485988489525196
2024-12-06,10660000.0,-2.6,5.4,3.131626950390593,13.118429312148388,0.0,0.4099134776575418,0.3914220504034934,0.28142792797530486
2024-12-07,10620000.0,-5.2,3.9,3.3220174565244935,12.277389239888818,0.0,0.28608392994495707,0.2690378506011378,0.20646253552471544
2024-12-08,10750000.0,-4.7,2.2,2.6933555241775275,7.114420824772238,0.0,0.20010894282842862,0.1832597850854794,0.191979312221125
2024-12-09,10660000.0,-3.7,5.3,3.4942866875928034,6.608599571349223,0.0,0.1855875700189371,0.16750109099752114,0.19731168444966762
2024-12-10,10770000.0,-2.1,6.3,3.7736133049519105,4.360837670043395,0.0,0.13949058367055708,0.12033085638345542,0.17987358292824612
2024-12-11,9050000.0,-2.2,7.2,4.816132740815477,2.8673181111198165,0.0,0.0836616570126649,0.06733259125047095,0.12455746534490855
2024-12-12,10220000.0,-2.5,5.8,3.061640129475061,6.021966638385251,0.0,0.2075497141174852,0.1896597120400879,0.22948138047697095
2024-12-13,7200000.0,-5.1,5.6,2.76313938262932,9.290350122041659,0.0,0.29650302997437356,0.28453747928541956,0.25880066752928704
2024-12-14,10700000.0,-3.5,1.8,2.850506562841,10.403755484605933,0.0,0.2777740352933277,0.2607342594193468,0.2102152695143003
2024-12-15,6580000.0,-4.3,4.4,3.272681397879619,13.076526959793819,0.0,0.34129857122851665,0.3304465351097471,0.23214219240935305
2024-12-16,9800000.0,-3.3,4.6,3.6898199613652554,10.918555813533498,0.020000000000000004,0.26679987799398047,0.2502655493673443,0.20814696618410608
2024-12-17,10310000.0,-5.9,4.0,3.0576258860409773,10.149348345310333,0.0,0.250600648270079,0.234246798318189,0.20849028209201062
2024-12-18,10670000.0,-6.0,1.0,2.4052183588876948,6.800153182112968,0.0,0.18126800178875987,0.16537784938092828,0.17794401645740596
2024-12-19,10670000.0,-3.8,3.7,2.6233925432146745,2.4153713107241046,0.0,0.08950303313917425,0.0719729643211671,0.13777359285515148
2024-12-20,8380000.000000001,-2.0,6.4,4.464816404419735,6.800153182112968,0.09000000000000001,0.1710708376764166,0.15610983035542067,0.18034819561520732
2024-12-21,10060000.0,-8.1,3.0,3.049611428089977,13.49555048333951,0.020000000000000004,0.26235884533906745,0.24740840465633784,0.1846179872363125
2024-12-22,10750000.0,-6.9,-1.8,2.067827019665533,10.831758083656174,0.0,0.2559430284433592,0.24115922414398389,0.17939639786147746
2024-12-23,10080000.0,-4.7,4.7,3.3654541362273385,10.119418093628497,0.0,0.2542015890722792,0.23760902406675005,0.21235305171201557
2024-12-24,10680000.0,-4.0,3.5,2.803733686877172,3.971744398179538,0.0,0.12711956738109445,0.10970788526478961,0.16578298583840984
2024-12-25,7910000.0,-1.4,4.3,4.542601858939812,10.203222798337636,0.0,0.21065502619142346,0.1969088531750093,0.16662198062006192
2024-12-26,10290000.0,-7.1,4.2,2.568762936350441,15.243477181558692,0.0,0.4082990969487118,0.39230003540168024,0.2583504599612512
2024-12-27,10570000.0,-6.7,-0.3,2.323831059243898,13.378822501780355,0.0,0.31227538030546087,0.2971884641414972,0.1937082279714855
2024-12-28,10810000.0,-5.9,-0.9,2.459223350641175,12.66049646141631,0.0,0.28447788242909317,0.26898179257940014,0.18076127795813351
2024-12-29,10420000.0,-2.2,4.6,4.060949782811904,6.863006710644821,0.0,0.16937362939280096,0.15143049392065527,0.17170180453237455
2024-12-30,6750000.0,-2.8,7.8,5.112059557891867,12.274396214720635,0.0,0.24157112666873398,0.2293919892217937,0.19357114272498777
2024-12-31,10990000.0,-4.8,3.3,2.625143614484817,10.113432043292129,0.0,0.29486391077935475,0.27729314570438207,0.2349171205174978
2025-01-01,9490000.0,-3.9,6.6,4.0881270709741875,7.165302252631357,0.0,0.1802758472783688,0.16384401759491793,0.1910244855079092
2025-01-02,10580000.0,-5.4,6.3,2.2540646843443874,8.760584667273177,0.0,0.3171963349075642,0.2994798500546424,0.2948810650798752
2025-01-03,11070000.0,-5.2,1.4,2.5704815304666275,9.17960819081887,0.0,0.24431511599084388,0.227415134573231,0.19905870947408433
2025-01-04,10980000.0,-4.0,3.2,2.471646685302994,5.68974084471688,0.0,0.19080923194685168,0.17301233769501806,0.20723989265809614
2025-01-05,4440000.0,-2.9,3.0,4.512761374220775,2.286671228492213,0.1,0.06007256701933489,0.05274991650758156,0.08159961992751678
2025-01-06,9260000.0,-6.8,5.8,3.4371151444186667,12.732329065452712,0.020000000000000004,0.3191665316972334,0.3042158670771739,0.22411243354375604
2025-01-07,11100000.0,-5.6,0.7,2.5185221094685484,12.391124196279792,0.0,0.3107718265810805,0.2942067764652235,0.20402292453924503
2025-01-08,9560000.0,-9.9,1.1,2.2894864557619896,13.824783251839701,0.0,0.29947051607744524,0.28635238129491886,0.19336538687767707
2025-01-09,11530000.0,-13.4,-6.6,0.820081773226881,13.950490308903408,0.0,0.32013144040495933,0.3080648721992508,0.1742639097519458
2025-01-10,11430000.0,-11.8,-3.2,1.3698786476454543,6.92885326434486,0.0,0.1705460673285925,0.15697151524496566,0.15466470530350018
2025-01-11,11560000.0,-7.5,-0.3,2.1846818279937863,7.704046782904392,0.0,0.19785728975284317,0.18164146599962985,0.1726837507249748
2025-01-12,11290000.0,-5.8,1.5,2.569622105576032,10.077515741273928,0.0,0.2663468911006639,0.2492872809632276,0.20207113170156213
2025-01-13,10430000.0,-3.6,4.2,3.5660749938917187,8.796500969291378,0.0,0.23056412545394336,0.2131977336262588,0.19716083717346436
2025-01-14,8540000.0,-5.8,7.2,3.5203450146654793,11.765581936129434,0.0,0.3641238142821005,0.3496883116749154,0.25542519560874655
2025-01-15,12100000.0,-6.3,-1.4,1.7395955030979717,12.00502394958412,0.0,0.3468120934855073,0.3298016790657762,0.22126932872799415
2025-01-16,6980000.0,-4.8,2.0,3.8063820997905013,7.485555945626994,0.0,0.14474212565601666,0.13386762247494588,0.12881577621567425
2025-01-17,11750000.0,-4.7,4.8,3.4661567837752383,2.720659877878824,0.0,0.09967391278552087,0.08029527685914664,0.13520990208852163
2025-01-18,11760000.0,-4.4,6.8,2.5868592676866005,3.5467348242974768,0.0,0.15714530488390344,0.13689470285391947,0.20888366595483027
2025-01-19,10770000.0,-3.3,7.2,3.98925873359189,3.7742047370794243,0.0,0.13587836967711872,0.11682095521033857,0.17301202498175733
2025-01-20,12050000.0,-3.5,7.3,4.039066604698441,1.918529132805639,0.0,0.0916381528008585,0.07035394989466176,0.1305953071978879
2025-01-21,11990000.0,-4.3,7.3,4.005800483871509,3.4060626413928508,0.0,0.12396889318491111,0.10309443663255738,0.1629236163174642
2025-01-22,10020000.0,-4.1,7.3,4.229122133275003,5.2108568178075165,0.0,0.15733627579249093,0.13982810391075068,0.18124323665211145
2025-01-23,12480000.0,-4.6,7.2,3.258857071621102,2.4333294617332055,0.0,0.11706188028533153,0.09549241604857908,0.16284233721561647
2025-01-24,12540000.0,-1.8,8.6,4.808633417618042,3.9597722975068033,0.0,0.14688741999848187,0.12354759448097216,0.17886848016540363
2025-01-25,10650000.0,-3.0,7.4,4.688577036079294,7.270058133517781,0.0,0.19485021039070693,0.17583651970232905,0.19005796101465827
2025-01-26,7140000.0,-0.1,6.0,5.262724650594675,5.37547320205761,0.31000000000000005,0.1448077860869022,0.13172167153488448,0.14781386290085263
2025-01-27,5740000.0,-4.6,1.5,3.8002948244893036,13.262094520221199,0.24,0.23053235806096276,0.22164368669830278,0.14113731652860947
2025-01-28,9130000.0,-8.1,-1.2,3.459435598914928,17.23084589323255,0.010000000000000002,0.17850527083239018,0.1661160387125945,0.0891310588029168
2025-01-29,11030000.0,-7.8,-4.5,2.5084113086655897,16.596324557577645,0.0,0.25940317697718374,0.24542977773576874,0.11972638714801716
2025-01-30,12840000.0,-5.2,0.9,2.7503330805205315,7.153330151958624,0.0,0.21042681682100647,0.1910250990030541,0.17748022658634494
2025-01-31,7580000.0,-0.4,5.0,4.769803426643931,1.972403585832943,0.0,0.09278352654555838,0.07920278123151794,0.11245928878854668
2025-02-01,4360000.0,-3.4,4.6,5.555423255411693,3.621560453502065,0.08000000000000002,0.061961157150741464,0.054618859436690224,0.07316613620316324
2025-02-02,13130000.0,-3.7,7.3,4.187836135318358,7.847711990977201,0.0,0.2423829717000611,0.2192743006147002,0.21979806143574598
2025-02-03,14450000.0,-11.8,-1.7,1.507622665511619,17.000382955282422,0.0,0.41649297230882976,0.39869920018633426,0.20586995935141963
2025-02-04,14630000.0,-11.6,-5.3,1.347001189597367,15.45598196849972,0.0,0.34714893631312443,0.33057178617673916,0.1683062154928891
2025-02-05,14530000.0,-10.8,-4.1,1.2207391932211729,14.543109292203747,0.0,0.3833936002787062,0.3660952857828651,0.1977950713740036
2025-02-06,14870000.0,-8.8,-1.2,2.0999139172039993,9.963780784882953,0.010000000000000002,0.2610868462992247,0.24122390111442038,0.17663805527303011
2025-02-07,14110000.0,-13.5,-3.6,1.4586630899434772,16.766926992164105,0.010000000000000002,0.3519252945266617,0.3360174572815292,0.17000236064468482
2025-02-08,15060000.0,-11.6,-4.1,1.6362138327607143,9.158657014641586,0.0,0.2195315044618691,0.20195030217900772,0.14876075854035398
2025-02-09,15090000.0,-7.6,-0.8,2.395513493955001,10.352874056746812,0.0,0.2689605466940843,0.24807006383682245,0.17487819736443294
2025-02-10,11250000.0,-6.4,-0.3,3.0217076334780133,8.000356274554562,0.0,0.18953001990096618,0.17336850158010095,0.1412360184739801
2025-02-11,15250000.0,-3.7,5.0,2.8046624152498514,2.520127191610528,0.09000000000000001,0.16026164610263852,0.1345322061479241,0.18247605897182995
2025-02-12,3320000.0,-5.9,2.0,3.9236959780109064,11.062221021606307,0.32000000000000006,0.1726659417537817,0.16760784677501353,0.12251936070530386
2025-02-13,15840000.0,-4.1,3.6,2.72035540975976,9.9188854073602,0.0,0.36258602857313893,0.3367619607152486,0.25721788779505445
2025-02-14,15460000.0,-4.2,8.5,3.604198397048093,4.618237834507179,0.0,0.24131434671630309,0.2137622020327529,0.24119693059697242
2025-02-15,8150000.0,-3.5,6.3,3.252494126728386,5.495194208784951,0.0,0.22881757384120519,0.21468013180363538,0.22925789187641418
2025-02-16,15090000.0,-4.1,10.4,4.178563100475371,11.01433261891537,0.0,0.5186859695966798,0.490838368430364,0.31832199152883617
2025-02-17,16700000.0,-6.2,3.2,1.9039614715260036,13.169310740007507,0.0,0.5019325240558871,0.4760194308304476,0.3023993062128342
2025-02-18,16780000.0,-7.1,1.5,1.8025042776552855,13.642208716580505,0.0,0.47944059767317954,0.45476388360592807,0.27265416483760285
2025-02-19,16810000.0,-7.6,1.8,1.9231266566549894,9.595638689196381,0.0,0.35325762234503055,0.3286410081670971,0.2478124261515558
2025-02-20,17000000.0,-7.2,1.8,1.8100371019373176,9.754269023110107,0.0,0.3752750467736373,0.3501693053382898,0.2600177889678027
2025-02-21,17110000.0,-6.2,2.0,1.9033036509556331,11.681777231420297,0.0,0.4436894912592009,0.4177822696593413,0.27634848738146095
2025-02-22,17210000.0,-7.0,2.6,2.0487852594778606,9.60461776470093,0.0,0.36979339260320837,0.3438421075524993,0.2595849273025021
2025-02-23,17360000.0,-7.1,0.3,1.818229331439138,13.432696954807659,0.0,0.45891999675082823,0.43403450925862924,0.2528230186555209
2025-02-24,17630000.0,-4.8,3.5,2.4394615836518825,10.391783383933198,0.0,0.41301784732228547,0.38472007153777177,0.27600390358403126
2025-02-25,16460000.0,-0.6,6.9,4.162708820425773,12.878987298693707,0.0,0.4741914380240389,0.44381559208649357,0.2907236939215263
2025-02-26,17400000.0,-3.8,8.9,2.6033297780746225,8.988054580055126,0.0,0.49810019379566006,0.46665001612523466,0.3729214149843426
2025-02-27,17830000.0,1.5,11.2,2.6041992255698396,5.887280505816992,0.010000000000000002,0.4292832225701648,0.39280089276634905,0.41940312088481424
2025-02-28,17470000.0,-0.8,14.1,5.679255387536219,5.561040762484989,0.0,0.3906948328654723,0.3546244845506314,0.3179791876553842
2025-03-01,8510000.0,4.1,11.1,7.371779262165734,2.6907296261969886,0.39,0.1596958056551938,0.14162750621578776,0.16850127891141436
2025-03-02,5410000.0,-0.1,13.2,6.820110951930224,14.297681228412696,2.25,0.4274613067886087,0.4163247457746276,0.2804155974111377
2025-03-03,12320000.0,-0.3,2.0,4.798151742603435,16.90759917506873,0.27999999999999997,0.3386524018601999,0.31771046863840346,0.1529964410528929
2025-03-04,5290000.0,0.9,2.2,5.747345500478095,9.68842246941007,0.61,0.14508105903618398,0.13585447548308677,0.09349650518884911
2025-03-05,6120000.0,-0.7,6.5,5.779014536924075,4.420698173407065,0.15000000000000002,0.13278122961934505,0.12158391302937052,0.12871522758653214
2025-03-06,15950000.0,-2.7,8.4,4.90388502407252,4.070514228729594,0.09000000000000001,0.22175631677510715,0.19262421181916423,0.20571242473424603
2025-03-07,15690000.0,1.1,8.9,5.137431750562236,4.483551701938921,0.05,0.2681519046891225,0.2373691986550313,0.24259154912062791
2025-03-08,13780000.0,-3.9,9.4,4.9237468096739985,5.522131435298603,0.13999999999999999,0.2592434398479017,0.2341619391183365,0.22095532549007788
2025-03-09,19400000.0,-1.1,11.1,4.887134354941933,3.0947880239017644,0.0,0.2682183905611099,0.23015691847306852,0.25978084231286375
2025-03-10,16500000.0,-0.4,12.2,5.190114273235261,3.23546020680639,0.0,0.26934406325340776,0.2360444906493416,0.2645313139822103
2025-03-11,19760000.0,1.9,15.1,4.66955807828269,2.591959795646932,0.0,0.3317729842742198,0.28873524202105083,0.33126553488018134
2025-03-12,18050000.0,2.2,16.5,7.217939670830109,9.829094652314694,0.0,0.5945333093394053,0.5542954182771535,0.4010798288843235
2025-03-13,18120000.0,-0.1,15.2,4.148222611336185,4.187242210288751,0.0,0.45895218179824254,0.420535589671868,0.388941087168277
2025-03-14,19770000.0,4.6,15.9,5.4139767788711755,10.682106825246999,0.010000000000000002,0.6874905376079744,0.6423592730770121,0.5304881621574552
2025-03-15,9910000.0,2.3,9.6,6.041642555166838,10.544427667510558,0.05,0.36757978465067365,0.34754901572988117,0.2597506423920865
2025-03-16,5160000.0,-2.2,5.4,4.222438791196491,12.301333441234286,0.45999999999999996,0.3344039053745137,0.3253877210521804,0.21764184575552048
2025-03-17,16820000.0,-1.8,6.2,2.8979718975825963,6.620571672021956,0.11000000000000001,0.3798184152638626,0.34978928123771086,0.30653854460775387
2025-03-18,12900000.0,-4.7,5.4,3.9236959780109064,7.446646618440609,0.13999999999999999,0.2670938277366286,0.24557400728921924,0.20503277908919335
2025-03-19,19820000.0,-3.8,7.4,2.9471091143660413,8.347547194063848,0.0,0.44405239529388474,0.4091693898931344,0.33060265636511454
2025-03-20,20830000.0,2.3,14.3,5.726318191560705,10.75992547961977,0.0,0.6026273966320905,0.5575119438939516,0.43751679462800047
2025-03-21,21030000.0,5.0,20.8,5.639435092650967,12.187598484843312,0.0,1.2894438293201704,1.2382145041851955,0.7265468901040784
2025-03-22,21040000.0,4.4,23.1,5.679255387536219,10.688092875583367,0.0,1.2390193184082794,1.1867652013709782,0.7846290046902972
2025-03-23,20930000.0,8.9,24.6,6.235102184521855,4.390767921725231,0.0,0.7298349015933902,0.6744855297786418,0.6309299668590252
2025-03-24,18350000.0,7.2,22.5,8.36199323462876,11.32860026157464,0.0,1.048954143551452,1.0022745057631477,0.6607612397186274
2025-03-25,21300000.0,4.7,26.5,6.50416885856405,12.391124196279792,0.0,1.4696946935729014,1.4146529685573528,0.9430115719175113
2025-03-26,21400000.0,10.8,26.1,7.927433575878777,7.189246453976827,0.0,0.9987079264802047,0.9402724430215287,0.7793839181221854
2025-03-27,11130000.0,4.8,22.8,10.154106026300179,10.191250697664902,0.010000000000000002,0.7032047792695232,0.6755319041545144,0.4999128413998701
2025-03-28,15170000.0,-0.3,11.1,4.811631904762637,6.916881163672125,0.1,0.38483084233099185,0.3546885803120562,0.3228489682909236
2025-03-29,20840000.0,-3.7,8.9,2.2487174167048,14.106127617648951,0.010000000000000002,0.819409928470107,0.7816760652738843,0.4546635506853618
2025-03-30,20170000.0,-2.0,8.1,2.84956434863823,8.404414672259337,0.0,0.5107677545232854,0.47367285565751205,0.3753066719880439
2025-03-31,20030000.0,0.5,13.5,4.30869683900069,4.235130612979687,0.0,0.42441957038696226,0.38263069470257316,0.37808053205032943
2025-04-01,22670000.0,0.7,16.6,4.678327548596887,5.001345056034669,0.0,0.6153245069344726,0.565742845322538,0.4631076970022982
2025-04-02,21540000.0,2.2,17.5,5.433986240560487,4.190235235456934,0.13999999999999999,0.5414769717281314,0.4928160568852549,0.4416777740497181
2025-04-03,18210000.0,3.2,16.0,6.1228333137477895,4.208193386466036,0.0,0.41563915550728964,0.3747723135821932,0.3796489516906268
2025-04-04,19190000.0,5.3,16.6,5.52653612805603,5.839392103126056,0.0,0.5249410808794578,0.4803441258696378,0.48239397608784884
2025-04-05,9420000.0,4.5,15.4,8.54958850474752,11.238809506529135,0.79,0.4096026417569064,0.3882659746288871,0.31411308573382746
2025-04-06,21290000.0,2.0,15.9,5.417307154021948,10.149348345310333,0.010000000000000002,0.7843203004901665,0.7373712951659168,0.5049895144980062
2025-04-07,23480000.0,9.1,20.3,6.10059526535159,8.790514918955012,0.0,0.8282998074573079,0.7687612609575382,0.7025968952464262
2025-04-08,23290000.0,3.8,19.2,7.043799388198815,8.47624727629574,0.0,0.8257345578804823,0.7708640412885424,0.5400088347150028
2025-04-09,18900000.0,8.8,20.4,7.6904381049107196,7.479569895290628,0.010000000000000002,0.6488133321285712,0.600991153844549,0.580622371441799
2025-04-10,18790000.0,5.2,20.2,8.047148619027654,5.007331106371037,0.0,0.5625216331956555,0.5169614088187193,0.45690491481488216
2025-04-11,23610000.0,6.7,24.3,7.280429640026768,5.282689421843921,0.0,0.818343716822724,0.7574584990090522,0.6511079990597317
2025-04-12,16010000.000000002,1.7,22.4,7.864693508727117,12.774231417807284,1.57,1.0071070772770976,0.9688806061765307,0.6264632257141158
2025-04-13,19560000.0,1.2,9.9,4.757911748410759,14.483248788840074,0.06999999999999999,0.6818626247819873,0.6428143165652325,0.37927656160773726
2025-04-14,10900000.0,0.9,9.2,6.7793830276125595,4.863665898298227,0.38,0.21447583822381996,0.19305663608224272,0.1761448881936954
2025-04-15,21830000.0,2.5,14.9,5.841035396063407,11.00535354341082,0.0,0.6975695653062746,0.6497590755640076,0.46862373341897207
2025-04-16,22910000.0,9.6,22.6,9.525143209227153,6.228485374989914,0.0,0.6910822991711385,0.6312739857041695,0.5833460455337346
2025-04-17,21140000.0,14.8,24.6,15.580008920296356,11.780547061970355,0.0,0.7843488525555389,0.7253362426527353,0.5712276231550687
2025-04-18,20450000.0,14.1,27.0,14.47895290495321,7.7818654372771645,0.0,0.7640764678477704,0.7061680008036058,0.6436447064965154
2025-04-19,19020000.0,12.1,26.4,16.10313053907688,10.88563253668348,0.73,0.7830396298998441,0.7303573131440645,0.5463321161833006
2025-04-20,14700000.0,7.9,19.2,10.444859949695816,8.1021191302728,0.0,0.4758694315256998,0.4395244660238623,0.39608612795013565
2025-04-21,22520000.0,11.8,24.3,10.87469457177191,6.429018061258212,0.05,0.7141814691147907,0.6531363716092671,0.6255094815083339
2025-04-22,4050000.0,9.9,16.8,14.510684841287668,6.0788341165807385,1.9100000000000001,0.10523297519316513,0.09526476396682755,0.10226107734103444
2025-04-23,19030000.0,7.7,20.5,10.594472169499502,4.438656324416168,0.0,0.46314283142544,0.4155126697467891,0.40153761178986025
2025-04-24,23390000.0,7.4,22.8,7.4641393922475,12.421054447961628,0.0,1.3477811806600632,1.287964783070287,0.7761413342320062
2025-04-25,25750000.0,4.0,17.2,4.474650357111268,9.865010954332897,0.0,0.9450491903810487,0.8857353494300669,0.6450862585700203
2025-04-26,25500000.0,6.9,21.6,5.793139141581355,9.137705838464301,0.0,1.1214585572152251,1.0574244256591192,0.7569164999413132
2025-04-27,21150000.0,9.9,24.9,4.700315091655208,9.951808684210219,0.0,1.424298063432313,1.3676609328106926,0.9780965795100766
2025-04-28,25290000.0,6.5,22.5,5.857078465828218,8.009335350059112,0.0,1.135166628372725,1.0713138613581115,0.7538610482573557
2025-04-29,26080000.0,8.4,21.8,5.736823323695102,6.584655370003754,0.0,0.8797435392143497,0.8130478722993703,0.722136447408708
2025-04-30,25430000.0,10.3,27.1,6.891905182461984,7.066532422081302,0.0,1.207763328217777,1.138009485595959,0.8926256841307205
2025-05-01,14360000.0,7.1,23.4,12.500787705945262,13.2800526712303,2.0500000000000003,0.8134712707174335,0.776631949200927,0.4885877078456879
2025-05-02,23760000.0,10.4,18.4,7.899494785079307,8.901256850177802,0.06,0.7858685560042395,0.7260085735027324,0.5967231108826827
2025-05-03,10160000.0,5.8,14.6,9.569098982132243,8.46726820079119,0.41,0.32203707638748535,0.2988737137330284,0.24717173977447976
2025-05-04,26630000.0,6.7,20.2,6.161922409921602,10.236146075187655,0.0,1.0542540851284459,0.9885612736327458,0.7131659718056376
2025-05-05,12940000.0,6.6,17.5,7.932098508455835,5.037261358052872,0.08000000000000002,0.4048160512844584,0.37391970299955307,0.3841334937636323
2025-05-06,10560000.0,7.7,15.6,9.533371338781757,3.5437417991292928,0.03,0.27546899345899245,0.25049835796933356,0.2575386521247857
2025-05-07,22420000.0,9.1,21.1,9.95284757895705,4.1483328831023645,0.0,0.5359805874781359,0.47864481860413904,0.47729181405625687
2025-05-08,21580000.0,11.2,25.0,9.27047776722381,6.599620495844672,0.15000000000000002,0.8502494468389594,0.7916984171072039,0.704811523369622
2025-05-09,3550000.0,11.8,14.4,14.690317366440153,11.771567986465802,1.7100000000000002,0.08900539973241664,0.08031758039852908,0.06054589755831129
2025-05-10,11020000.0,10.3,15.5,12.024836924233119,14.29169517807633,0.21000000000000002,0.4296833735839033,0.4028385251299126,0.2504031102026196
2025-05-11,15610000.0,8.4,18.9,11.67594615544019,7.108434774435871,0.020000000000000004,0.42792028916518354,0.3892385620733147,0.3394949491348821
2025-05-12,26720000.0,10.4,23.1,10.226847750674278,6.045910839730719,0.0,0.7548758022713107,0.6842147791040831,0.618935386299478
2025-05-13,23950000.0,12.1,26.6,10.018584259761521,5.968092185357948,0.0,0.9091902330767405,0.8427366839302556,0.7402339774101544
2025-05-14,25050000.0,16.8,27.7,11.284961018640988,8.655828786386753,0.19,1.0296333808212226,0.9567592860614818,0.913336618278405
2025-05-15,12160000.0,17.4,24.5,19.12799749213775,8.81445912030048,0.19,0.4852365255901364,0.45057705624294064,0.3906618111290391
2025-05-16,10420000.0,15.9,24.9,18.632876093687226,8.039265601740949,4.55,0.4230276043946722,0.3935943567517636,0.36854140444410405
2025-05-17,21020000.0,12.1,24.7,15.618083798699592,12.642538310407206,0.0,0.7663178623716168,0.7089721246738994,0.5199018281027092
2025-05-18,22890000.0,10.1,21.2,10.007124398194327,4.609258759002628,0.0,0.5823902667152449,0.5231789079687627,0.5091292976191352
2025-05-19,23590000.0,16.6,24.3,16.405764392484407,10.382804308428646,0.0,0.8183246735569621,0.7516349899443767,0.580105588936118
2025-05-20,24830000.0,18.6,30.1,21.82018150277292,8.11109820577735,0.0,0.8219375862355509,0.7474638287508162,0.652026474428719
2025-05-21,16649999.999999998,16.8,29.6,18.746891627091415,7.177274353304092,0.06999999999999999,0.6848376549962965,0.6357085614187744,0.6066919355654049
2025-05-22,7790000.0,11.1,18.1,11.705498121973273,7.5933048516816015,0.12,0.3661507527231875,0.3464399183934238,0.31980196222632445
2025-05-23,18420000.0,14.0,21.6,9.443205437344544,11.068207071942673,0.0,0.9265632004325323,0.8768633553334413,0.7176250832687909
2025-05-24,7960000.0,9.9,15.9,11.46768486432416,8.287686690700179,0.32000000000000006,0.31875721409809665,0.2993665613128184,0.2516926300500475
2025-05-25,25540000.0,11.2,23.6,11.669387971666643,4.645175061020829,0.03,0.6600905603377056,0.5916975430291389,0.5608921090314458
2025-05-26,26110000.0,12.9,25.4,11.705498121973273,3.807128013929443,0.0,0.6849170821256179,0.612723353462102,0.6081315333703907
2025-05-27,25880000.0,13.2,26.9,11.503245449613322,5.423361604748546,0.0,0.855085273964179,0.7824094677514107,0.7173363870383891
2025-05-28,22480000.0,12.0,24.6,15.08828719526594,3.1277113007517836,0.35000000000000003,0.5309592817654936,0.4697421186821832,0.4488052391020302
2025-05-29,24450000.0,11.4,24.8,13.987150056697876,4.181256159952383,0.11000000000000001,0.6277472004884472,0.5614092636514953,0.5128200794081159
2025-05-30,27360000.0,10.9,25.5,11.026589585412413,5.5281174856349695,0.0,0.8628092530390722,0.7884392364065265,0.6724205028945494
2025-05-31,26380000.0,13.8,28.1,12.20099087701372,3.60958835282933,0.0,0.7787233649332659,0.7035328385040698,0.6690429525481554
2025-06-01,26130000.0,17.0,29.3,13.784704863985125,4.046570027384125,0.0,0.7790700130259968,0.7020246577292617,0.7224582104314747
2025-06-02,7330000.0,16.7,22.3,16.835115280330893,2.5769946698060147,0.08000000000000002,0.24776483909841757,0.22737340925759547,0.2484276796032172
2025-06-03,24110000.0,14.1,27.4,10.119352138638815,12.543768479857153,0.0,1.3964766100170634,1.3279795003843806,0.9961961008658345
2025-06-04,27180000.0,12.9,27.6,9.171895048103694,13.696083169607808,0.0,1.750225165384336,1.6736418394004189,1.0689338151658956
2025-06-05,26790000.0,16.6,28.7,10.128030774713489,7.407737291254223,0.0,1.0410021602031163,0.9625934276592533,0.961919374173956
2025-06-06,18780000.0,16.8,30.4,10.609536649706401,7.470590819786078,0.0,1.0704458543351705,1.0147101508889365,0.9532811549027338
2025-06-07,25950000.0,19.9,31.5,14.03720345760902,7.9584539221999915,0.0,1.0917420874581452,1.0124864520169266,1.0158070443299934
2025-06-08,22900000.0,19.4,30.6,18.51946859413317,5.47723605777585,0.05,0.7817990775281629,0.7125025689480162,0.711911949018748
2025-06-09,23170000.0,19.8,32.3,18.02859005766968,7.087483598258586,0.0,0.9511060371099465,0.8800209475405903,0.8585479302291468
2025-06-10,22490000.0,17.0,31.1,15.491484148580906,11.562056224692956,0.0,1.3340659167375928,1.2668921482605422,0.9683714446256493
2025-06-11,27710000.0,17.5,29.6,12.675999154752363,6.111757393430757,0.0,0.9541836310539707,0.8720042635026329,0.8808702220172069
2025-06-12,26290000.0,18.0,32.4,14.325130678287545,5.076170685239258,0.0,1.0137624428774656,0.9339946487976629,0.8724191401069866
2025-06-13,10220000.0,17.9,26.8,16.41903479661152,4.866658923466411,7.15,0.4620602660421188,0.43228350481010747,0.4769878181541845
2025-06-14,15490000.0,18.9,26.9,22.598460019091316,3.079822898060847,0.16000000000000003,0.4258576733638669,0.3803525708357372,0.3592703750176017
2025-06-15,20820000.0,21.8,29.0,25.81467608101469,7.814788714127184,0.38,0.6902255892727787,0.6268870486445326,0.5090484424570322
2025-06-16,12670000.0,19.1,26.3,23.81446435559146,7.87165619232267,0.68,0.4181934936805046,0.3810832998279096,0.31659200252656267
2025-06-17,19340000.0,19.7,26.5,23.521888159247748,6.0818271417489225,0.9,0.557335992336341,0.5003529903142143,0.409241610374891
2025-06-18,25130000.0,19.2,28.3,22.065491950803832,5.5730128631577225,0.010000000000000002,0.724149071545324,0.6494077192697827,0.5610336902342794
2025-06-19,24250000.0,22.8,30.5,23.8022104573165,6.14767369544896,0.0,0.8198277074425926,0.7448642098843131,0.6698629584860676
2025-06-20,8570000.0,22.1,26.5,26.729422991255394,15.198581804035939,2.2,0.4287576415403282,0.4030710540500005,0.28407685442333325
2025-06-21,4450000.0,17.7,22.8,22.67467139401119,7.817781739295366,6.790000000000001,0.1408887730034949,0.12835029615918184,0.11918327613474644
2025-06-22,25330000.0,16.8,26.1,19.879203743656642,5.4353337054212805,0.0,0.6678452613002371,0.5950671712053298,0.5012772323983258
2025-06-23,24950000.0,18.4,29.1,20.37106960482212,4.13636078242963,0.0,0.7002271997731254,0.6260212013937083,0.5873719822903214
2025-06-24,9720000.0,19.2,24.6,20.726568558553492,8.461282150454824,2.1100000000000003,0.4285013878992004,0.4003763153568937,0.3541063758098476
2025-06-25,15370000.0,18.7,25.6,21.93398093960827,8.80548004479593,0.27,0.5208250859353705,0.4761798486178689,0.38104119303375494
2025-06-26,18850000.0,18.1,25.1,21.93398093960827,6.267394702176301,0.020000000000000004,0.5169768414655,0.4626887589501913,0.37000503924567385
2025-06-27,24420000.0,21.9,29.0,25.572368165925877,2.316601480174048,0.0,0.6424954021971182,0.5681560290963084,0.5095186074176145
2025-06-28,18730000.0,22.9,30.3,28.723504382994925,2.8493599601107156,0.21000000000000002,0.5351938893746581,0.4773302706041093,0.42983990951328
2025-06-29,23900000.0,23.8,30.8,28.34314186421814,5.372480176889427,0.0,0.7451255018500811,0.6706535780618523,0.5694518648226954
2025-06-30,24880000.0,23.9,31.0,28.115624048376283,5.7615734487532855,0.0,0.7885314066970303,0.7108659609599652,0.6013369511783888
2025-07-01,23620000.0,24.0,31.1,29.19606320313022,7.799823588286266,0.03,0.7980437963946692,0.7242234364978913,0.5814187091127196
2025-07-02,24990000.0,23.8,32.6,28.073142418696083,6.979734692203979,0.0,0.8648403865727634,0.7861401798419573,0.680015083224091
2025-07-03,23600000.0,23.5,32.5,25.05524228183338,8.413393747763887,0.0,0.9363966236274583,0.8622463249182039,0.771867399503938
2025-07-04,21830000.0,22.9,31.9,24.434234968105354,9.802157425801044,0.0,0.9333351699412675,0.8652314426182194,0.7577724950456333
2025-07-05,25690000.0,23.7,33.2,25.494209754125798,10.595309095369677,0.04000000000000001,1.0908504697380308,1.0097130256958882,0.8614459690695282
2025-07-06,23290000.0,24.0,33.3,27.512051673286415,7.003678893549448,0.010000000000000002,0.8580245267339939,0.7842996157666765,0.7100838747894963
2025-07-07,23550000.0,24.5,35.0,27.463425405604813,5.974078235694315,0.0,0.8742481710179852,0.798790444363555,0.7663669146525773
2025-07-08,25270000.0,22.8,33.3,24.4655901648155,7.877642242659037,0.0,0.9654826282908886,0.8860389737719496,0.813391332440285
2025-07-09,27480000.0,22.3,32.8,17.961455551323017,8.138035432291003,0.0,1.1308777301937436,1.044993585826112,1.014048887571726
2025-07-10,27120000.0,21.9,32.0,17.9758230418898,11.337579337079191,0.0,1.2847547460455415,1.2006082103257292,1.064506785380147
2025-07-11,27210000.0,20.0,30.4,19.229409543623277,10.75992547961977,0.0,1.1053642535486357,1.022805041798486,0.8674803682197305
2025-07-12,27380000.0,19.4,32.0,19.639782881902565,7.159316202294991,0.0,0.9897500115107419,0.9061269171608165,0.8312337558013929
2025-07-13,18690000.0,20.5,33.2,22.411816593077273,4.684084388207216,7.170000000000001,0.6887623677035244,0.6308432124047966,0.6393679730034311
2025-07-14,23080000.0,19.0,26.5,21.774806582849656,6.919874188840309,0.33,0.6725985461901596,0.6049471831800943,0.489386475877434
2025-07-15,15960000.0,19.8,24.7,22.94021874440499,6.108764368262573,0.16000000000000003,0.4587818945962354,0.41235193242595747,0.3340709600905504
2025-07-16,9660000.0,20.5,24.6,24.2343921861756,6.749271754253848,0.35000000000000003,0.31710664026315144,0.28887625433429726,0.24271055304112304
2025-07-17,10590000.0,21.5,27.1,27.077109200105262,6.0788341165807385,2.4000000000000004,0.3398862555950943,0.308145186572624,0.26520813790016556
2025-07-18,13860000.0,22.4,26.6,27.651398333790308,5.665796643371412,2.85,0.40451719349129156,0.36286014868020744,0.29109588796644326
2025-07-19,6860000.0,21.8,25.2,27.056548290648177,7.772886361772613,2.6500000000000004,0.232070330475112,0.21174029993786644,0.17094305204138677
2025-07-20,18750000.0,23.1,29.6,27.67235339124153,6.00400848737615,0.020000000000000004,0.6056936246945986,0.5479494587556596,0.46840108459189356
2025-07-21,22200000.0,23.0,29.5,29.291384806847734,6.375143608230907,0.13,0.6572005807274673,0.5889178400986386,0.45900442800660757
2025-07-22,24400000.0,23.0,30.9,29.320769114375086,4.501509852948021,0.020000000000000004,0.7044685319098815,0.628761471748988,0.5282653534537299
2025-07-23,24180000.0,24.5,31.6,29.298728473568687,2.0562082905420818,0.0,0.6736836549035674,0.5976667349879385,0.5381986940614701
2025-07-24,25580000.0,23.9,33.5,27.69332231234728,3.1875718041154535,0.0,0.7653471557098681,0.6843274345635859,0.6378548046389957
2025-07-25,25820000.0,23.1,32.8,27.015467370782957,4.525454054293489,0.0,0.7986223719934795,0.7175442887466057,0.6557581112993234
2025-07-26,24430000.0,23.6,33.2,27.98129107098048,4.714014639889052,0.0,0.7796466929353411,0.702532851236572,0.6442591493768838
2025-07-27,25810000.0,24.0,33.7,26.709092850146707,4.289005066006991,0.0,0.822800137771156,0.740913874677203,0.698294352775466
2025-07-28,25680000.0,25.0,34.6,28.22207373084307,3.2983137353382443,0.0,0.7990230566116866,0.7166963314779186,0.6779347157006912
2025-07-29,26400000.0,23.1,34.9,26.83807882853746,4.393760946893415,0.0,0.8436321777606276,0.759733589922344,0.7282444527886536
2025-07-30,25790000.0,23.5,33.8,26.56041734986991,6.204541173644447,0.0,0.8917628873011495,0.8101241816829825,0.7498762536515939
2025-07-31,22530000.0,23.0,33.6,27.235196661352813,5.558047737316805,0.0,0.767950891895216,0.6969160180188847,0.6575345808871357
2025-08-01,25490000.0,23.9,35.0,27.104544970126398,3.570679025642945,0.0,0.7991445961879203,0.7177355005413215,0.694272094040263
2025-08-02,23680000.0,26.2,34.4,29.816794470015402,2.9481297906607717,0.0,0.741985744757262,0.6656676308808549,0.6250355705434429
2025-08-03,10320000.0,22.9,31.1,29.035366314755393,7.4107303164224065,4.84,0.4421789948401873,0.410139022412139,0.3954633541082285
2025-08-04,18760000.0,24.2,30.0,31.170322820700978,6.432011086426395,0.4,0.5800068541990132,0.5216925413870863,0.4128550395121776
2025-08-05,23670000.0,24.4,31.3,29.527180475547368,7.365834938899654,0.06,0.7879115107689375,0.7136717840537214,0.582478958373589
2025-08-06,17180000.0,22.9,30.7,29.130230003400165,11.140039675979079,0.53,0.6642216723952649,0.611014728118901,0.478811654560103
2025-08-07,22260000.0,21.0,29.5,25.900286199507388,5.704705970557797,0.13999999999999999,0.6514300980827648,0.5838450313255843,0.49749001914986346
2025-08-08,21350000.0,22.5,29.6,24.94015651145849,3.6933930575384695,0.13999999999999999,0.6204894958802407,0.5549881293586286,0.5128851984419665
2025-08-09,8700000.0,20.1,26.9,23.51582639483287,2.8373878594379813,0.39,0.2773682584463422,0.2515852751119346,0.26247618451017074
2025-08-10,22500000.0,20.7,29.6,22.55167215941733,4.471579601266186,0.0,0.6643590404703608,0.596136129139102,0.5603845315508256
2025-08-11,10560000.0,19.6,27.2,22.598460019091316,3.211516005460922,0.5,0.33199658818017136,0.30074652141498537,0.31019591342538266
2025-08-12,12070000.0,22.5,26.9,25.228741085636965,4.782854218757273,0.9900000000000001,0.39916276783315746,0.36278625921793567,0.3385409593160532
2025-08-13,13930000.0,23.2,29.6,28.795768314283055,5.237794044321168,0.03,0.45369268356753356,0.4107655954907126,0.36925113762319184
2025-08-14,21440000.0,23.4,30.7,28.286112270273293,7.988384173881826,0.05,0.7280385727965241,0.6614342411865519,0.5442569868445852
2025-08-15,22960000.0,22.6,32.3,28.179451714497127,4.342879519034295,0.1,0.6862090330379396,0.6145370622130597,0.55795943656514
2025-08-16,22920000.0,22.5,32.5,26.211872624524496,6.707369401899279,0.0,0.7873699583248565,0.7157800539570954,0.6560986584882839
2025-08-17,24310000.0,22.8,32.4,24.946538024151753,5.156982364780213,0.0,0.7818751410723304,0.7058530675279937,0.6687057324434696
2025-08-18,18800000.0,24.5,33.7,25.481203665052192,8.278707615195628,0.010000000000000002,0.8539672126487077,0.7941548666215448,0.773393798646371
2025-08-19,21650000.0,24.5,34.0,26.506533031290886,9.694408519746435,0.03,0.9637881588186747,0.8947943645312136,0.8202144865538485
2025-08-20,23400000.0,24.4,34.6,24.9146447246842,7.21019763015411,0.010000000000000002,0.9315997246492825,0.8568249188813924,0.8405568006595043
2025-08-21,23220000.0,24.6,35.8,25.70964923671587,3.0947880239017644,0.0,0.7366058402647659,0.6618487371473095,0.675407176063374
2025-08-22,22860000.0,23.9,35.6,26.245212015901085,6.722334527740196,0.0,0.8853251716242043,0.8120783082985022,0.8108849469604973
2025-08-23,23520000.0,25.5,36.6,26.675239291689522,3.9627653226749864,0.0,0.8050902915970619,0.7287009080249518,0.7473564011108887
2025-08-24,22190000.0,25.6,36.7,26.005992913123727,3.3970835658883005,0.020000000000000004,0.7497306186371271,0.6775881984551912,0.7074119944863344
2025-08-25,21310000.0,24.9,35.3,25.794955044510242,7.976412073209093,0.17,0.9336105609133538,0.8650750182271221,0.8593563976066907
2025-08-26,15070000.0,22.2,30.1,26.810878769475632,9.311301298218943,0.08000000000000002,0.5966771886272518,0.550383714675192,0.47848827427235524
2025-08-27,19570000.0,22.8,33.1,23.808336717191356,6.587648395171937,0.03,0.7635812621341694,0.7021289736314074,0.7083453002409655
2025-08-28,16410000.0,24.2,32.7,24.97207834701358,5.884287480648809,0.15000000000000002,0.6672613953470178,0.6154332343220446,0.6324498966586224
2025-08-29,18440000.0,24.4,33.8,26.533463243341878,10.032620363751175,0.0,0.8892937020012901,0.830626698770392,0.7781529674864581
2025-08-30,21330000.0,24.1,35.7,25.893692011343525,3.9717443981795366,0.020000000000000004,0.721341182568626,0.6528868315042511,0.6807087305977293
2025-08-31,14930000.0,23.8,33.3,26.967608484806185,7.560381574831584,0.37000000000000005,0.669320174748681,0.6221125700486833,0.6246728943563515
2025-09-01,16660000.0,22.5,32.7,27.02231040569684,8.889284749505068,1.9300000000000002,0.699266134481,0.6471670910729931,0.6091949633342602
2025-09-02,12590000.0,20.1,30.0,23.649501214516985,4.73795884123452,0.020000000000000004,0.4377978214621284,0.399674309646442,0.41979954629946475
2025-09-03,18430000.0,22.2,30.8,22.910579794535806,6.761243854926581,0.06999999999999999,0.6937388997395633,0.6368731625633027,0.6232790610998513
2025-09-04,13600000.0,22.2,29.0,24.75571215100759,7.850705016145385,0.2,0.5475544680469685,0.5060718777834275,0.4700814991298379
2025-09-05,19490000.0,22.5,33.7,23.594735973360113,4.770882118084538,0.45999999999999996,0.6780893576486098,0.616781197054188,0.6518025772852234
2025-09-06,19500000.0,23.9,33.8,26.158606545410773,10.906583712860762,0.09000000000000001,0.9357065505901974,0.8738397497249479,0.8027082009473989
2025-09-07,11840000.0,18.4,29.4,23.527951289901093,7.012657969053999,0.06999999999999999,0.4341689377335675,0.39887953801242126,0.40530154065698465
2025-09-08,12750000.0,20.3,28.1,19.315979769947027,3.034927520538094,0.05,0.4095644706953482,0.3714024155314465,0.4093393246562357
2025-09-09,3860000.0,20.1,21.6,21.991075134168597,3.1127461749108654,1.0,0.1300595577397534,0.11907530275875625,0.1372344049241728
2025-09-10,16960000.0,16.3,27.6,19.418263995475883,5.983057311198866,0.020000000000000004,0.5099000783920977,0.4607878597696059,0.4589266499095982
2025-09-11,21620000.0,20.4,29.0,18.746891627091415,9.287357096873476,0.0,0.8585895317778857,0.7934312785665272,0.731579303530058
2025-09-12,4800000.0,21.1,24.3,23.059110154299134,7.76091426109988,2.95,0.2660198581067824,0.2519607475706769,0.2472672504173672
2025-09-13,11520000.0,19.4,27.2,24.24061557864572,6.943818390185776,0.35000000000000003,0.3740854743590586,0.3400438939805623,0.3135485929606888
2025-09-14,10940000.0,19.5,25.9,23.304523349338464,2.9241855893153037,0.010000000000000002,0.28976660373221585,0.2577235476353422,0.25665314513684023
2025-09-15,15300000.0,21.8,28.5,24.2343921861756,1.6521498928373057,0.06,0.38871684073161983,0.3423252610263639,0.33929605218387204
2025-09-16,17410000.0,21.5,29.5,26.118719061836696,5.590971014166825,0.24,0.521286736803538,0.46825238735695135,0.4285033129657679
2025-09-17,9640000.0,19.9,28.1,24.496980525528258,6.20753419881263,1.42,0.34840122241344995,0.3196284238201678,0.3220951295946856
2025-09-18,10390000.0,17.8,22.1,16.839639049147998,7.982398123545459,0.05,0.4354373136752228,0.40630959015619583,0.3770639954001288
2025-09-19,8770000.0,17.0,22.9,17.237311058669558,9.311301298218945,3.8200000000000003,0.4312572463854633,0.40667109284726627,0.37252026190412435
2025-09-20,13800000.0,16.6,23.1,18.866515610723244,5.983057311198866,0.61,0.3732119658996792,0.33459019857749445,0.3060135280253066
2025-09-21,17410000.0,16.2,23.6,16.238485104046422,7.877642242659037,0.010000000000000002,0.550879919692742,0.5021134612599305,0.4558794506270167
2025-09-22,11480000.0,16.5,22.5,15.445290441210261,7.668130480886189,0.0,0.46494344051993625,0.4330070674540922,0.4163448793205573
2025-09-23,17520000.0,17.9,23.6,16.94398037809533,7.602283927186153,0.0,0.5597275139699801,0.5099527582352392,0.4637737775180303
2025-09-24,10790000.0,20.8,27.3,24.76839406733943,6.967762591531246,0.5,0.37596732798300886,0.3437394506211868,0.3231581989342643
2025-09-25,6310000.0,16.8,23.5,22.85731407533633,4.896589175148246,0.44000000000000006,0.14724574396105164,0.1294962408571832,0.12356794785334388
2025-09-26,19010000.0,16.5,26.2,18.48507353522529,4.0136467505341065,0.0,0.45902305461996856,0.4044901641949334,0.4116026759623148
2025-09-27,17220000.0,18.1,25.4,18.98680781291751,5.821433952116955,0.05,0.48733767559603025,0.4376273141001349,0.42253692584462704
2025-09-28,6440000.0,17.0,22.1,20.041990611278937,6.889943937158474,1.02,0.2166698287246044,0.19873881348027128,0.18922525868448345
2025-09-29,14950000.0,15.4,22.4,17.469564177192236,2.134026944914853,0.1,0.29930915235361344,0.25815494210655543,0.266388536327746
2025-09-30,13730000.0,14.9,23.0,17.567925658485294,2.3525177821922503,0.0,0.284896786086399,0.2470674030749596,0.26032995814373144
2025-10-01,17140000.0,15.4,24.6,16.570092061815586,3.453951044083787,0.0,0.3925906803828985,0.34449904712551827,0.3673463119877049
2025-10-02,14630000.0,18.1,25.0,18.416451304177926,4.989372955361935,0.33,0.4191498049332928,0.3770484862289484,0.3873819357984666
2025-10-03,5490000.0,18.0,19.9,19.894906544835635,8.3565262695684,0.6400000000000001,0.18924999013496852,0.17412374740133393,0.14947291352250178
2025-10-04,5530000.0,18.6,22.8,21.633541649278673,3.241446257142757,0.4,0.159159449027885,0.14346143119788343,0.15623155554358054
2025-10-05,10190000.0,19.2,24.0,21.459487343769844,4.399746997229781,0.29,0.28007504040389414,0.25072779579747523,0.2506276682340022
2025-10-06,3470000.0,17.5,20.5,19.619083529826465,10.825772033319808,1.8,0.19596889177345614,0.18639975048564988,0.162378153520058
2025-10-07,3190000.0,18.5,20.9,20.85172426347978,6.794167131776601,0.27999999999999997,0.1363411559218644,0.12743622566690022,0.13319868846468758
2025-10-08,9040000.0,17.5,22.6,19.449041625834898,7.288016284526883,0.08000000000000002,0.29782966766559793,0.27244368280611464,0.2569135370762773
2025-10-09,11330000.0,16.3,20.9,15.994695645068077,8.820445170636846,0.0,0.41121710175239745,0.38019503194569654,0.3414932907027794
2025-10-10,5400000.0,17.7,20.8,17.823087875910627,5.887280505816992,0.0,0.23383647135697413,0.21887934672599574,0.23134973911894377
2025-10-11,14940000.0,19.7,24.8,20.688608447951644,6.372150583062724,0.010000000000000002,0.4283555722086903,0.384892938447791,0.36417008990805566
2025-10-12,3930000.0,16.9,22.1,18.796653948969983,6.306304029362686,0.48,0.20150612718718247,0.1905732050487881,0.20899903094900077
2025-10-13,2280000.0,14.8,17.3,17.076348975151042,6.608599571349223,4.41,0.07991039116129761,0.07396427638517725,0.08999275281530589
2025-10-14,6500000.0,15.1,20.5,16.994082852994723,7.027623094894916,0.27,0.23187616014929685,0.21433821263875985,0.21429799279620307
2025-10-15,10440000.0,17.4,21.7,18.32367823569795,8.572024081677613,5.59,0.34706365594048216,0.3179953641468738,0.28533931542425395
2025-10-16,7620000.0,15.1,22.0,16.953080272433784,6.458948312940045,0.010000000000000002,0.2672642227577173,0.24641911943430128,0.26051899733388195
2025-10-17,10110000.0,16.6,22.1,17.544462328008684,6.045910839730719,2.0100000000000002,0.3032475157864775,0.27519551654343105,0.2812637692657626
2025-10-18,4830000.0,14.1,19.7,15.869714190451544,7.308967460704166,0.4,0.21473596858322597,0.20192559718304767,0.2080176717708592
2025-10-19,9030000.0,10.8,19.5,13.987150056697876,4.872644973802778,0.010000000000000002,0.2125704484192208,0.18945328738890338,0.21385023384262883
2025-10-20,10840000.0,10.3,16.5,11.24682095232695,6.692404276058361,0.020000000000000004,0.28999912842174924,0.2632884906659576,0.2632911075867338
2025-10-21,8380000.000000001,12.6,16.8,11.610509982310896,5.381459252393977,0.020000000000000004,0.26733145528170005,0.24608217846449093,0.26749733507265605
2025-10-22,6830000.0,11.9,16.0,12.957234797990472,8.583996182350349,0.08000000000000002,0.2398932138650749,0.2228549014054651,0.20192150569651351
2025-10-23,10620000.0,10.4,17.5,12.690108876233227,5.665796643371412,0.020000000000000004,0.23368914866598542,0.20719619429979855,0.21854261387936996
2025-10-24,11980000.0,12.0,17.3,12.971619299632005,7.949474846695442,0.27,0.30433834236016827,0.2739930609741775,0.25362400399084156
2025-10-25,11720000.0,11.5,19.0,13.387522085201208,3.23546020680639,0.06999999999999999,0.21399586302568463,0.18392923014452475,0.21715384985626285
2025-10-26,11920000.0,5.4,16.9,9.032291874152726,9.508840959319057,0.0,0.3633206156923864,0.33547978928378197,0.3268359974442186
2025-10-27,15650000.0,2.8,10.4,4.795160697917762,10.715030102097018,0.0,0.4806479371461035,0.4483837582800202,0.360942141835385
2025-10-28,15320000.0,2.4,12.4,5.507915358318107,4.791833294261823,0.0,0.2690649068124853,0.23672560393164388,0.28476882414575244
2025-10-29,14730000.0,4.2,14.3,7.481847160030629,1.7898290505737477,0.0,0.16911996556701273,0.13637148604506402,0.19142612536540068
2025-10-30,11980000.0,6.2,15.2,9.340309627880762,1.792822075741931,0.0,0.15242985931910663,0.12476415158086898,0.16968983965382003
2025-10-31,11860000.0,9.6,18.5,11.30088627225048,5.240787069489351,0.03,0.26357258998474237,0.23392087185752822,0.27525978978110077
2025-11-01,13760000.0,7.8,15.6,8.512271879221926,11.241802531697319,0.09000000000000001,0.46810487893244596,0.4355276672904627,0.37092349900737126
2025-11-02,13780000.0,0.6,12.1,5.531624177558445,11.645860929402096,0.010000000000000002,0.424271323645457,0.39607578215938966,0.33137158118578547
2025-11-03,13250000.0,4.8,14.1,7.341217580507188,2.9630949165016895,0.0,0.18848630834115693,0.1588694689937691,0.21939645155708004
2025-11-04,12300000.0,4.2,15.6,8.756147374305606,3.0439065960426444,0.0,0.16790979965627362,0.14008635956778795,0.19778233510718252
2025-11-05,12950000.0,4.9,17.6,9.64367972314156,2.9002413879698357,0.0,0.1819438319205901,0.1516219165935558,0.21043460391463
2025-11-06,12550000.0,5.6,17.9,9.571852142492975,3.543741799129293,0.0,0.20036314145064496,0.17061444895898156,0.23641843047185143
2025-11-07,12130000.0,8.1,18.6,10.755117932339179,5.267724296003003,0.0,0.24672557718255161,0.2168701692379899,0.2726507463456734
2025-11-08,3380000.0,9.0,15.9,12.853365774043962,2.813443658092513,0.2,0.0790832155088322,0.07093568436647142,0.09981071373791595
2025-11-09,11790000.0,5.8,17.0,7.3695925655844166,12.447991674475277,0.0,0.5445880547351873,0.5168795129791627,0.4503013039046082
2025-11-10,13400000.0,2.8,13.1,3.9626654091127143,7.299988385199616,0.0,0.39950513707404317,0.37076776280524043,0.40899270498074286
2025-11-11,12430000.0,2.5,13.8,5.591291754424766,2.762562230233393,0.0,0.17266277200688512,0.14585415537221275,0.2282657415407737
2025-11-12,11690000.0,2.2,14.9,7.198642780159959,3.0409135708744612,0.0,0.16534495711178318,0.1398484545247317,0.20577739806331094
2025-11-13,12230000.0,2.8,15.8,7.568704706775306,4.609258759002628,0.0,0.22215709475847628,0.19493006569498428,0.25215760145752697
2025-11-14,12500000.0,1.8,14.9,5.90544176791157,4.133367757261447,0.0,0.23481280296309634,0.20770124180804972,0.2734287326575151
2025-11-15,12300000.0,2.8,14.9,6.463165914889738,1.637184766996388,0.0,0.12537370076144536,0.0983237192624424,0.17259745996821982
2025-11-16,10590000.0,4.4,15.6,6.565117189963128,8.3206099675502,0.0,0.36740034439141894,0.3433821459585139,0.37286374177350545
2025-11-17,9890000.0,-3.2,7.9,2.6870899518406453,14.055246189789832,0.0,0.5527508290572744,0.5350000515921827,0.37074445498274666
2025-11-18,12280000.0,-2.7,5.7,3.200941754515549,8.096133079936434,0.0,0.28294651423753225,0.26156717091285303,0.2521118416826342
2025-11-19,12090000.0,-0.2,7.0,3.9186925093194005,6.012987562880701,0.0,0.22793281931485715,0.20543054734462646,0.23554006411903475
2025-11-20,9730000.0,0.9,13.0,5.423973343928758,11.963121597229547,0.0,0.4368349823142862,0.41656514058067373,0.35864479492349044
2025-11-21,11890000.0,0.9,10.3,4.067405990649784,7.521472247645197,0.0,0.3197686478143763,0.2959951198971198,0.31990625679072915
2025-11-22,11310000.0,1.4,13.6,6.399194203534083,5.662803618203228,0.0,0.21304508520637389,0.18910118361678246,0.2520854640188261
2025-11-23,9710000.0,4.6,13.9,7.297752103584374,4.998352030866486,0.0,0.19860326137061424,0.17701549924175328,0.23889669018529128
2025-11-24,11100000.0,4.4,15.8,8.221280690424317,4.396753972061598,0.010000000000000002,0.17558729215911423,0.1503465857966449,0.22823801091542123
2025-11-25,6290000.0,0.8,9.8,6.642510664634775,9.287357096873476,0.29,0.19476168849052794,0.18230300245269832,0.17852289153885328
2025-11-26,11100000.0,1.2,10.9,6.012355552162819,3.612581377997514,0.0,0.1330484876041527,0.1105433567501188,0.17648110352852647
2025-11-27,7310000.0,-1.6,10.9,5.705358966147124,13.59432031388957,0.08000000000000002,0.34577091318071995,0.3315897016332838,0.2557919436193343
2025-11-28,11210000.0,-1.9,7.2,3.836948437322447,5.174940515789314,0.0,0.17977861501041978,0.15944580157748173,0.20988721110124148
2025-11-29,11030000.0,0.4,9.2,4.706193876435819,3.594623226988413,0.0,0.1415763768034756,0.12007460285481146,0.18944278219564362
2025-11-30,9230000.0,4.3,14.6,8.84564423081917,6.165631846458061,0.0,0.16870225482217246,0.14807105277112423,0.19952621377890445
2025-12-01,11240000.0,-0.6,11.4,3.401668319594094,7.482562920458811,0.0,0.33189744592900394,0.3095639571292124,0.3570896702518245
2025-12-02,10570000.0,-7.0,7.2,2.073499224866711,13.220192167866626,0.0,0.6390473552747628,0.6215814454445228,0.35162123768261055
2025-12-03,11150000.0,-7.8,-1.5,1.704704112291736,13.986406610921613,0.0,0.36809310768609,0.352962774922046,0.21406488007707977
2025-12-04,11010000.0,-6.6,1.2,2.241858958668837,11.520153872338387,0.010000000000000002,0.31048543645192916,0.29422577685174234,0.21791919434364457
2025-12-05,11130000.0,-5.3,2.5,2.195862793640575,7.123399900276788,0.0,0.22943400080010692,0.21209399787670896,0.2203473126713163
2025-12-06,10430000.0,-2.5,7.6,4.86891871054342,6.593634445508305,0.0,0.15724428300492904,0.1383922512174269,0.17535800329393708
2025-12-07,10260000.0,1.9,12.9,6.506127100994935,10.933520939374416,0.0,0.31848696700615375,0.2968289221264258,0.2894259061404198
2025-12-08,10900000.0,-4.2,7.8,2.1317159297246024,7.392772165413305,0.0,0.30602645577366705,0.28684256279343606,0.32026339514399266
2025-12-09,10730000.0,-3.0,6.3,3.7978623339582573,5.249766144993902,0.0,0.15529868233261396,0.13651593064078688,0.18675599770241852
2025-12-10,10050000.0,-0.3,8.5,4.905410330559277,2.095117617728467,0.0,0.08084742737323566,0.0616983327553479,0.1271550581329603
2025-12-11,8020000.0,-1.0,11.2,5.382428471884611,8.634877610209468,0.03,0.253709423485063,0.2379244894380978,0.25552404456096134
2025-12-12,7960000.0,-1.1,5.9,5.329662126240795,6.3092970545308695,0.0,0.12352526559932608,0.10921329470706584,0.132368113277941
2025-12-13,3120000.0,-1.7,5.7,5.6636440066366855,7.955460897031809,0.77,0.11591777045626468,0.11038707948682906,0.11118923015381592
2025-12-14,8630000.0,-3.0,3.0,3.6697210695726,11.708714457933949,0.0,0.26395469274022404,0.2497489550420379,0.18756310874825646
2025-12-15,10190000.0,-2.3,5.5,4.460607720040998,5.2527591701620855,0.0,0.12492316175466597,0.10711794504060079,0.1487068384235566
2025-12-16,3930000.0,0.9,5.3,5.901847227596414,2.5889667704787485,0.0,0.06429569838405401,0.05705556340605452,0.08634074391043282
2025-12-17,9140000.0,-3.3,7.8,4.906936057208975,6.042917814562536,0.0,0.13396507248536446,0.11761828167742143,0.16317603340963696
2025-12-18,10390000.0,-1.9,6.8,4.1521689556224395,1.7299685472100772,0.0,0.06584137729088543,0.04712741224154436,0.11035754878175237
2025-12-19,8700000.0,1.2,9.6,5.0773539577809865,0.9996704061732972,0.0,0.05830793896980506,0.04102134176711946,0.09578318835482671
2025-12-20,5240000.0,-2.2,8.9,5.784307689784811,8.72167534008679,0.020000000000000004,0.16203368363742826,0.1522973868470974,0.166729766145083
2025-12-21,7640000.0,-5.4,3.1,2.2740252391571807,5.4832221081122166,0.0,0.18447710176251514,0.17245447056242408,0.202510822599748
2025-12-22,10380000.0,-3.9,6.2,3.655592177600712,2.4961829902650594,0.0,0.08236124749809014,0.06451985477503362,0.13142488473173056
2025-12-23,5570000.0,-1.4,7.1,5.754369766004649,1.8107802267510325,0.55,0.052827341651258866,0.042653935719935844,0.08244250759168506
2025-12-24,5720000.0,-1.4,8.6,6.376070904097801,5.438326730589464,0.0,0.09149091282394119,0.08077244810788091,0.11735016489919918
2025-12-25,10050000.0,-11.1,2.0,1.8934606275091868,16.23716153739562,0.0,0.4606034304868428,0.4469046949117262,0.23609811425643018
2025-12-26,10880000.0,-9.8,-3.3,1.1500810162871804,11.361523538424661,0.0,0.3054486304151985,0.29192284304606325,0.2031934009312358
2025-12-27,8180000.0,-4.9,3.2,3.655592177600712,6.300317979026319,0.0,0.13667806643541897,0.12365139665512333,0.1439854157143077
2025-12-28,6430000.0,-1.4,5.1,5.190114273235261,5.519138410130419,0.0,0.10646215356823363,0.09512505367616025,0.11847507673862692
2025-12-29,8140000.000000001,-4.3,8.7,5.7210720098045735,9.197566341827972,0.04000000000000001,0.14764854981295567,0.13311602002859926,0.1473591783645123
2025-12-30,10710000.0,-5.2,4.7,2.480792596478412,9.682436419073701,0.0,0.3084828202770032,0.2910222289412705,0.2614881761988753
2025-12-31,11000000.0,-9.4,-1.1,1.3465181666815107,11.756602860624884,0.0,0.3307509902172732,0.3162234165278871,0.22312377826670615
