day,IRRAD,TMIN,TMAX,VAP,WIND,RAIN,E0,ES0,ET0
2015-01-01,10490000.0,-6.1,-2.7,2.430451437784435,12.011009999920486,0.0,0.24267497370567984,0.2283929688092615,0.1547438691959347
2015-01-02,7630000.0,-7.3,-0.2,2.3842352183699917,6.78518805627205,0.0,0.16646628063619864,0.15577564531928417,0.15583334625300177
2015-01-03,9950000.0,-5.3,2.1,3.8850668840298215,4.205200361297853,0.0,0.08033798890715772,0.065072252665302,0.10089078548125378
2015-01-04,9150000.0,-2.2,8.9,6.126546615128791,4.725986740561785,0.0,0.09032048868062907,0.07342504974961224,0.12438643797055846
2015-01-05,8369999.999999999,-1.0,9.9,6.372224209699652,5.3455429503757745,1.35,0.11448219411784932,0.09844680166154589,0.14680637674079147
2015-01-06,11070000.0,-5.2,-0.5,1.8468429897871197,11.55607017435659,0.0,0.34709320301377444,0.33096953333779733,0.23362391222162177
2015-01-07,11600000.0,-6.8,-0.1,1.9967086540936683,7.398758215749672,0.0,0.20865489050449657,0.19218829769762055,0.18905578082059543
2015-01-08,11410000.0,-4.9,1.7,3.320937948982224,6.725327552908379,0.0,0.15045940552682519,0.132953671806265,0.14698721247371074
2015-01-09,6310000.0,-4.2,3.7,4.251915706397948,6.910895113335759,0.0,0.13337594403460803,0.12316024539385968,0.13030381660697804
2015-01-10,10050000.0,-2.3,4.9,4.581225053965044,8.293672741036547,0.05,0.175952549906441,0.15869825037171376,0.1585583051189849
2015-01-11,11030000.0,-5.4,2.6,3.016748761193361,9.571694487850912,0.0,0.23775329847136345,0.22069261704353055,0.19170143703744907
2015-01-12,12150000.0,-5.3,2.5,2.7852164548742278,2.4123782855559206,0.0,0.08658133473805134,0.06778829037285009,0.1243046313586775
2015-01-13,10610000.0,-3.0,6.4,4.013455635726441,2.3195945053422315,0.0,0.08978495588264666,0.0713007157624625,0.13091385143391693
2015-01-14,4210000.0,-1.9,6.0,4.825145601897421,3.0109833191926256,0.0,0.09298784601844493,0.08556014399021496,0.11843766207946364
2015-01-15,8540000.0,-1.6,7.6,5.375807493532876,4.031604901543208,0.0,0.10920217105490992,0.0936219208134824,0.13693519342514474
2015-01-16,4430000.0,-4.3,3.9,4.246542736702463,12.310312516738836,0.13,0.21991755545723307,0.21273156727822035,0.153292768417403
2015-01-17,12420000.0,-5.0,1.2,2.933547265090394,7.614256027858886,0.0,0.19481531757587228,0.175992593533152,0.17034157993463508
2015-01-18,11950000.0,-3.5,3.5,4.7223941357309425,8.428358873604806,0.22000000000000003,0.13724774079194832,0.11771278895465154,0.1170763618991317
2015-01-19,9000000.0,-3.6,4.7,4.131160191503971,7.751935185595328,0.04000000000000001,0.18389445740058702,0.16886955022647293,0.16735451788437658
2015-01-20,11670000.0,-2.3,5.3,4.04035094938848,3.507825497111091,0.0,0.1227321999410429,0.10254895577276099,0.15137952720491316
2015-01-21,5280000.0,0.0,7.0,6.722724963036224,3.121725250415416,0.6900000000000001,0.066645532567821,0.05684603430621197,0.08174712819714594
2015-01-22,4850000.0,-2.1,6.3,5.750856684552754,4.468586576098002,0.05,0.0871149010546773,0.07854270277932249,0.10089624064765883
2015-01-23,9370000.0,-0.8,5.4,5.262724650594675,4.7978193445981905,0.0,0.1217702509274986,0.10509054607871557,0.12893407596841286
2015-01-24,8640000.0,-1.4,6.9,5.377462061987077,4.770882118084538,0.0,0.1262595682991168,0.11063342748298818,0.13974244872729927
2015-01-25,6680000.0,0.9,9.7,7.853123187466982,5.653824542698678,0.41,0.09187582232391044,0.07872202319968599,0.10031924173331026
2015-01-26,2420000.0,-3.1,8.5,6.608676487365187,6.93783233984941,0.020000000000000004,0.07291483662463996,0.06854572165766358,0.09578972622655389
2015-01-27,13590000.0,-6.1,0.7,2.4312693162062424,7.844718965809019,0.0,0.22971798334287064,0.20979774654468417,0.18969855172111375
2015-01-28,12940000.0,-5.3,2.0,2.9219670066978547,3.9058978444794996,0.0,0.13636964561187861,0.1165569440753477,0.150865069151479
2015-01-29,5810000.0,-3.5,4.6,5.143792192485379,3.588637176652046,0.38,0.07848973489617864,0.06879032259822274,0.09050193173765178
2015-01-30,10600000.0,-5.4,1.6,2.648002347837456,9.389119952591717,0.0,0.27236898403551113,0.25630450135814925,0.2039807722495553
2015-01-31,14380000.0,-5.7,0.7,2.3459248187148143,4.725986740561785,0.0,0.17087829659475892,0.1496218199783315,0.17300641234205702
2015-02-01,14250000.0,-4.1,3.3,2.9210038219527137,3.283348609497327,0.0,0.14504044967284807,0.12210471549415405,0.16650401667281584
2015-02-02,12630000.0,-2.9,5.0,3.231363936150069,2.5410783677878124,0.0,0.13387922045805917,0.11239515505989853,0.16272178599593598
2015-02-03,11940000.0,-3.1,6.2,3.844316683754142,3.0828159232290306,0.0,0.14051171370214843,0.11982373313923671,0.16600920592069493
2015-02-04,11730000.0,-3.6,5.2,4.226447671806462,6.31827613003542,0.0,0.18200385587170145,0.16223610869250535,0.1698741552067802
2015-02-05,11210000.0,-3.2,4.4,4.094621578738953,6.9079020881675754,0.0,0.1956510586265224,0.17690129673175686,0.17146037028811964
2015-02-06,14380000.0,-1.3,5.4,4.507097209295443,4.651161111357197,0.0,0.17358053149200287,0.14820990081125537,0.17140354140554817
2015-02-07,7450000.0,-7.9,4.9,3.6473726388366474,10.089487841946662,0.010000000000000002,0.23461844308898533,0.22314174378050627,0.1769695378918981
2015-02-08,14350000.0,-9.0,-4.7,1.4015889961342236,14.186939297189907,0.0,0.3738875220441054,0.356447011113042,0.1914975282157052
2015-02-09,13640000.0,-7.9,0.6,2.6568412040520553,11.17595597799728,0.0,0.27186329874991355,0.25266828945227604,0.1767475811677235
2015-02-10,12580000.0,0.4,7.1,5.465801750877033,11.26873975821097,0.0,0.30186412511921806,0.2783176625775209,0.2069496474259882
2015-02-11,11040000.0,-4.9,8.4,4.778739455434918,7.71003283324076,0.08000000000000002,0.2368401740950607,0.21757187982698997,0.1987143020531595
2015-02-12,15080000.0,-3.8,2.2,2.2502440535454693,11.149018751483629,0.0,0.4163810375748819,0.3924886842542239,0.273112224123761
2015-02-13,15940000.0,-4.1,3.6,3.110177651182717,7.72799098424986,0.0,0.2761867189018369,0.2503803423038133,0.22035398838311773
2015-02-14,15290000.0,-1.0,8.2,5.4139767788711755,6.722334527740196,0.0,0.2304479221330249,0.20197372038421912,0.20070537094886473
2015-02-15,4830000.0,3.8,10.4,7.8623782417386,10.331922880569527,1.37,0.22382718121154607,0.2137761343659879,0.1745087263431723
2015-02-16,2170000.0,0.8,6.4,7.701796646350003,8.521142653818494,0.51,0.03473411436103754,0.03069297519851899,0.04031396454227458
2015-02-17,7840000.0,-0.6,4.3,5.072637576346412,8.700724163909506,0.05,0.20272743565696735,0.1889945447133224,0.14988463702194235
2015-02-18,7160000.0,-2.0,4.0,4.621585814589261,5.785517650098753,0.0,0.15838037439342617,0.14622360396552841,0.14082529145413328
2015-02-19,16140000.0,-2.4,7.3,4.63172510033284,2.6727714751878873,0.0,0.16647959999522227,0.137595336960789,0.1733756996951889
2015-02-20,15790000.0,1.3,10.2,5.8072942741267095,4.426684223743433,0.010000000000000002,0.23313885344845695,0.20160242972226666,0.22720417335722748
2015-02-21,2790000.0,4.1,8.6,9.388925920758654,7.6382002292043545,0.5700000000000001,0.04592753946321445,0.04025108785945808,0.042396024582783146
2015-02-22,8390000.0,-0.7,6.9,4.925277586071006,9.54475726133726,0.010000000000000002,0.28271324810161735,0.26735363640648874,0.21279772151031096
2015-02-23,16170000.000000002,-1.9,7.2,4.548305543578149,5.423361604748546,0.0,0.23976620193086942,0.2106236989955495,0.21438148853543798
2015-02-24,17350000.0,-1.2,7.5,4.509928503734028,3.8699815424612973,0.0,0.2225067098531075,0.1906891743022178,0.2136308077917009
2015-02-25,15330000.0,1.5,12.2,5.440670589426828,6.42003898575366,0.11000000000000001,0.3364100289741655,0.3047453905527363,0.31350396651632106
2015-02-26,13510000.0,-3.3,4.9,3.029656898286042,12.810147719825485,0.0,0.4678098750267239,0.445042418556908,0.28678171378518186
2015-02-27,17670000.0,-3.7,1.9,2.7695623968101444,5.971085210526131,0.0,0.2676868667303288,0.23980194592598592,0.21572753401530437
2015-02-28,9230000.0,0.4,5.8,5.080500368720083,5.225821943648434,0.12,0.19571105221252402,0.17881364864327048,0.17425352598081142
2015-03-01,10400000.0,-2.5,5.5,4.300544314887992,9.074852309932446,0.0,0.2787194222147172,0.26073264077940167,0.2049575461603122
2015-03-02,18790000.0,-0.3,8.5,4.362023009954421,4.642182035852646,0.010000000000000002,0.2851865784073361,0.2496021812413865,0.26196912324144417
2015-03-03,9450000.0,-3.0,8.6,4.382688330323122,11.966114622397733,0.18000000000000002,0.38581747186359866,0.36869650478603355,0.2737165996830005
2015-03-04,17410000.0,-4.4,2.4,2.6772702433792386,10.700064976256101,0.0,0.39983937422768107,0.3724740226424691,0.24981311890842575
2015-03-05,18970000.0,-2.9,5.1,3.175957479371781,4.181256159952383,0.0,0.2594022132235808,0.22707361035117685,0.23512174814645764
2015-03-06,18090000.0,-0.9,9.2,4.692975760045153,3.8610024669567466,0.0,0.25900392788399174,0.22468823366292984,0.24494901995047572
2015-03-07,20040000.0,-1.6,9.2,4.182535026554345,3.9777304485159046,0.0,0.2847786873808717,0.24720587837658187,0.26715881526469937
2015-03-08,18940000.0,2.1,14.5,5.314904327676912,3.875967592797664,0.0,0.34182322428381456,0.3010177998558442,0.34179428336893175
2015-03-09,19020000.0,-5.1,8.1,2.257125347075661,17.239824968737103,0.0,0.9060288428177838,0.8731337867697357,0.4235847863579334
2015-03-10,20890000.0,-3.7,0.9,2.4011704202348234,13.28903174673485,0.0,0.5120021848974541,0.4796905226102891,0.2663060352907365
2015-03-11,19190000.0,-2.5,6.8,3.7064452816622127,12.433026548634361,0.0,0.4985555078169092,0.46457717015021804,0.30226447173691373
2015-03-12,20870000.0,1.2,7.5,4.257294702308952,9.981738935892055,0.16000000000000003,0.4909013704204089,0.4510495022101632,0.3246869714662085
2015-03-13,15990000.0,-1.0,11.0,4.17591700816189,6.108764368262573,0.06999999999999999,0.3629065127048147,0.3317204907443364,0.33042945985431144
2015-03-14,20740000.0,0.1,10.3,4.473244332524946,2.8613320607834494,0.0,0.2848258147606782,0.24411581837759103,0.27427860443780483
2015-03-15,20340000.0,0.8,12.6,4.9729411967372465,4.0585421280568585,0.0,0.33973247487668473,0.2979081513076236,0.32487605393652735
2015-03-16,21070000.0,2.6,18.3,6.7570743877622865,3.684413982033919,0.0,0.4538906377572028,0.4057792707978707,0.3869394966244135
2015-03-17,16680000.0,7.3,18.7,8.391369966689998,5.686747819548697,0.24,0.4354078621017434,0.39486228708572974,0.4180607993646383
2015-03-18,1820000.0,5.2,9.2,9.649224539699222,12.13671705698419,3.4600000000000004,0.0614017537380309,0.05760319047651552,0.05757532467492678
2015-03-19,20730000.0,7.0,18.9,9.24908381509718,3.28634163466551,0.0,0.37503635333255475,0.32470463466905175,0.35863814845985703
2015-03-20,17780000.0,3.9,19.4,8.154101253735885,3.594623226988413,0.0,0.4157252762625002,0.3738785493287266,0.36355283384947434
2015-03-21,22130000.0,3.1,17.5,7.2717820313044665,6.542753017649185,0.0,0.5573201064948237,0.5069845815030611,0.423257145258593
2015-03-22,22670000.0,-2.0,15.2,3.966454801881895,9.574687513019095,0.0,0.8687267482744042,0.8222516677164249,0.5089321917577286
2015-03-23,22950000.0,-1.3,9.2,3.751906746136689,8.335575093391116,0.0,0.4942299157089328,0.45098418841656185,0.35898725207815135
2015-03-24,23300000.0,0.4,10.7,4.3937452784254365,4.040583977047758,0.0,0.37560743304531574,0.32936255937741066,0.3281417112405153
2015-03-25,23370000.0,0.8,12.1,4.965225998707009,3.4359928930746864,0.0,0.36219513759283917,0.31450224358141954,0.32571482912480737
2015-03-26,23410000.0,2.2,14.6,5.901847227596414,4.0645281783932266,0.0,0.41385593357438905,0.36327776295525893,0.3659745581735835
2015-03-27,22930000.0,2.5,16.0,6.372224209699652,4.420698173407065,0.0,0.4561035458050037,0.4053845687369411,0.38724611908514117
2015-03-28,21670000.0,4.1,16.0,5.579312887702119,5.7615734487532855,0.0,0.5039032102619247,0.45493524168917077,0.45672689001116656
2015-03-29,20380000.0,4.6,17.7,9.380807752664117,4.342879519034295,0.0,0.39086242079414035,0.34348884747142233,0.3305538851060253
2015-03-30,22640000.0,6.6,20.3,10.291239665132327,5.5311105108031535,0.0,0.5210921284012426,0.4654863157270652,0.41924072606702883
2015-03-31,3450000.0,11.2,14.9,13.551152694245905,3.1995439047881877,0.43,0.09265380101407712,0.08425784036190193,0.10520511360553013
2015-04-01,5840000.0,8.3,13.8,10.024318523902565,11.367509588761028,0.06999999999999999,0.32801412140169933,0.3144730936336376,0.23685918561791777
2015-04-02,19920000.0,8.6,23.5,14.574331959848227,15.464961044004273,1.9300000000000002,0.7492843366386948,0.6975395672121821,0.430975058680197
2015-04-03,12050000.0,8.0,14.3,9.56634651953428,9.933850533201117,0.0,0.40625869807708587,0.37824831738332965,0.28870860865561265
2015-04-04,16030000.000000002,8.1,17.7,10.084703053787921,10.388790358765014,2.4800000000000004,0.5275918071987528,0.488716848369141,0.3885144052786961
2015-04-05,3880000.0,9.8,13.2,12.109245153305082,2.957108866165322,0.18000000000000002,0.09873809937880304,0.08963993029749946,0.1060460985664847
2015-04-06,4170000.0,4.4,12.1,8.178038104449271,4.378795821052497,0.16000000000000003,0.15932590692991627,0.1503545065069372,0.17096982518158957
2015-04-07,9990000.0,5.5,10.5,7.5911187428434,6.716348477403829,0.010000000000000002,0.28953330102124114,0.2681929074405104,0.228279463649311
2015-04-08,12390000.0,5.3,12.2,7.640635979945722,2.9870391178471576,0.0,0.2502813914928127,0.2232494295863879,0.2298376225271448
2015-04-09,20000000.0,3.5,14.6,7.045900496145625,3.3970835658883005,0.0,0.3594948074990648,0.31549742054161445,0.32172298865770904
2015-04-10,24760000.0,6.0,17.0,7.134648422639411,4.007660700197739,0.0,0.485414482286158,0.42735503216938586,0.43149053745782895
2015-04-11,24770000.0,5.5,19.2,7.9859195963191105,2.9301716396516704,0.0,0.4821477707613324,0.4228519222717674,0.42043292062604476
2015-04-12,13680000.0,8.2,16.4,7.869325847747509,12.998708305421049,0.22000000000000003,0.7061922951983635,0.6734834465699562,0.4849440557927938
2015-04-13,7340000.0,7.2,12.7,9.388925920758654,9.448980455955388,0.8400000000000001,0.29809979005968923,0.2815571429378918,0.2193681147430903
2015-04-14,15740000.0,6.2,13.4,8.843076028549614,5.674775718875963,0.37000000000000005,0.3439795575378827,0.30864590992993257,0.26703896674624883
2015-04-15,24520000.0,8.9,17.4,9.437765070598502,10.22417397451492,0.0,0.6887583170742173,0.6289479726355248,0.46805650438647045
2015-04-16,16800000.0,1.9,19.2,8.692710807615242,10.828765058487992,0.30000000000000004,0.6913948092543948,0.6529344558769131,0.4291286617391557
2015-04-17,25990000.0,3.4,16.6,6.987278253520166,5.971085210526131,0.0,0.5792481017478543,0.520595412451824,0.44201296952018776
2015-04-18,15830000.0,11.6,21.4,9.856367541275501,4.57633548215261,0.45999999999999996,0.4857592237804096,0.4442642268502274,0.47340494399712235
2015-04-19,2830000.0,11.4,18.7,16.05967943586783,5.8962595813215435,0.7400000000000001,0.08513805762106803,0.07793811387076008,0.10656964029162204
2015-04-20,4570000.0,5.5,11.7,10.34713789885048,4.947470603007366,0.66,0.10557299883380053,0.09564387994388776,0.09553188683856309
2015-04-21,25860000.0,6.2,20.0,7.96716278316866,5.486215133280401,0.0,0.6622669547884514,0.5992608507279412,0.5241492979439399
2015-04-22,25640000.0,6.1,18.2,9.610469737467268,6.9079020881675754,0.020000000000000004,0.5619332498855287,0.5008484436905405,0.42226078584081767
2015-04-23,24530000.0,8.0,20.1,7.573182834537907,6.958783516026695,0.0,0.6970991721405464,0.6360326981733955,0.590481235766776
2015-04-24,25320000.0,9.0,21.0,8.325399908140525,4.579328507320793,0.0,0.6035438354824263,0.5391944825864676,0.547997604272422
2015-04-25,26790000.0,8.6,22.2,7.4200317455914195,5.3904383278985275,0.0,0.7653853351753581,0.6967223673452635,0.6391727560081863
2015-04-26,26610000.0,10.0,24.0,9.299965659807544,7.431681492599692,0.0,0.921631121894193,0.8511871251726826,0.7024756561922408
2015-04-27,26310000.0,9.6,24.2,9.591143815096725,5.770552524257836,0.010000000000000002,0.8233963920610355,0.753882647521759,0.6475945108931389
2015-04-28,16239999.999999998,14.7,22.3,14.6782814125254,6.524794866640084,1.4900000000000002,0.5173491845415263,0.4731229118885959,0.433246936931553
2015-04-29,10890000.0,12.3,19.4,15.071860161719126,8.89826382500962,0.1,0.3445613424438286,0.3163885635461332,0.2534643542839607
2015-04-30,16790000.0,12.9,22.7,15.125305494412043,4.345872544202478,0.0,0.42969293429208644,0.3845583227516769,0.371656773299368
2015-05-01,21590000.0,15.1,25.6,16.948529789702263,3.0858089483972138,0.0,0.5204678044980063,0.4597365348665402,0.45061921835805274
2015-05-02,17920000.0,16.2,24.7,17.26966262870312,5.393431353066711,0.81,0.5248585675697639,0.47436629322379353,0.4442064091637737
2015-05-03,5950000.0,12.7,19.5,16.866804055349878,6.423032010921844,0.1,0.1761748257479634,0.16070321681443753,0.14594706059446155
2015-05-04,27190000.0,7.2,19.8,7.066942040825381,8.607940383695817,0.0,0.8503148220956213,0.7834577676553924,0.6394915009758433
2015-05-05,27530000.0,8.5,19.5,7.453090835664481,5.315612698693939,0.0,0.6678867186981887,0.599427992144778,0.5721666660433145
2015-05-06,21070000.0,10.4,21.2,9.364589971716518,2.5889667704787485,0.0,0.4744939703589365,0.4200411888950667,0.4455157649887833
2015-05-07,27260000.0,10.1,23.4,8.509789219453129,5.0701846349028905,0.0,0.7697503303357468,0.6979387168782349,0.6551152477086548
2015-05-08,16830000.0,12.8,21.0,12.609166141977097,3.3731393645428325,0.0,0.4268205473305028,0.3823539444952302,0.38391709023715576
2015-05-09,25770000.0,11.9,23.4,12.757318767699779,4.57633548215261,0.0,0.623630965553089,0.5545524931012846,0.5282169726868493
2015-05-10,26660000.0,12.5,24.8,11.7087857317333,5.189905641630232,0.0,0.7251471634079844,0.6523458578812829,0.6301316806286323
2015-05-11,16000000.0,11.0,23.2,14.114515904677804,15.563730874554329,2.43,0.7320403606039652,0.689601412433652,0.49163683860211627
2015-05-12,23650000.0,13.0,18.3,10.843922874871577,16.11744053066828,0.020000000000000004,0.9826702178439428,0.9217387053259065,0.5574736022702058
2015-05-13,27050000.0,14.7,22.5,12.038307368087088,13.797846025326047,0.0,1.0906680691825286,1.016868763406639,0.7149238264581239
2015-05-14,24470000.0,16.4,26.6,18.033393783979346,9.736310872101006,0.0,0.8115265743943143,0.7413875671629485,0.6020659898756335
2015-05-15,14660000.0,11.8,22.7,15.601151561721158,4.504502878116204,0.0,0.37797150694004866,0.3389737304036951,0.32799236819676725
2015-05-16,28060000.0,11.2,24.6,9.558093316803426,5.6687896685395955,0.0,0.8468344566002661,0.7712621671935532,0.7007509410821197
2015-05-17,22800000.0,13.9,24.9,10.177333642340951,3.4659231447565215,0.0,0.6167822125556057,0.553683745189696,0.5939887837661637
2015-05-18,17710000.0,11.8,23.2,12.19417399703473,4.648168086189014,0.0,0.5143856340781028,0.4670478533789937,0.4756032913156437
2015-05-19,24740000.0,11.3,24.0,15.006308911627539,7.521472247645197,0.27999999999999997,0.6680383692912104,0.6017208912757801,0.4917000858956211
2015-05-20,27040000.0,9.5,21.1,10.247297492300442,6.7193415025720125,0.0,0.7036295277618965,0.6344710847839297,0.5570558174105359
2015-05-21,28100000.0,12.7,25.5,10.880858125823854,7.563374599999767,0.0,0.9451101153623084,0.867754499592506,0.7621241280993651
2015-05-22,26840000.0,16.2,26.6,10.600495700311408,4.860672873130044,0.0,0.8078982018562881,0.7310886924520661,0.7586776627459008
2015-05-23,24860000.0,15.2,26.9,9.445926656883378,3.3132788611791617,0.0,0.6830275943704757,0.6122847710823429,0.676183078976661
2015-05-24,27400000.0,15.0,27.7,9.066359640042249,3.8849466683022156,0.0,0.7985495129737084,0.7202001864649721,0.7599902751808123
2015-05-25,28640000.0,14.0,29.3,11.768101761872183,4.893596149980063,0.0,0.9854575549226853,0.903170319888811,0.7971499735091504
2015-05-26,29160000.0,14.3,31.0,11.007890432240094,3.795155913256709,0.0,0.967956418886966,0.8828700467702099,0.8089687822133925
2015-05-27,28910000.0,17.0,31.4,9.895994379931018,3.4659231447565215,0.0,0.9199738470390472,0.8336893876641958,0.8344001316225637
2015-05-28,27580000.0,16.4,31.1,11.7417065292974,5.022296232211954,0.0,1.034258761376016,0.9524683740459532,0.8808421664914535
2015-05-29,23260000.0,17.7,29.5,12.479906094813096,4.214179436802403,0.19,0.7503818220267677,0.6815515840514953,0.7444757405480757
2015-05-30,8930000.0,14.7,20.1,15.660484963170312,3.23546020680639,0.010000000000000002,0.2631803465191663,0.23935659274621682,0.24133145880545737
2015-05-31,26680000.0,15.6,29.0,13.678795438745851,3.2055299551245544,0.0,0.7459129274668647,0.6684767710086313,0.6631774492779167
2015-06-01,24930000.0,18.6,29.3,13.796094913969197,4.052556077720492,0.0,0.7653333276365093,0.6911901093390449,0.7306632213681175
2015-06-02,19380000.0,17.1,28.7,13.686336619315933,4.666126237198115,0.0,0.6799245964019922,0.6231627152303317,0.6741131918043309
2015-06-03,28360000.0,16.2,27.5,9.432327465960471,7.0366021703994655,0.0,1.0142887725366558,0.9325490646930662,0.9329377615640855
2015-06-04,24890000.0,18.2,29.8,10.113570020501738,3.7622326364066905,0.03,0.7768890349097595,0.7028121783196228,0.7920380047606832
2015-06-05,14020000.0,14.2,20.5,11.924230422833173,4.193228260625117,0.020000000000000004,0.4464211537617346,0.4090539967351126,0.41235407974301436
2015-06-06,27490000.0,16.5,28.4,13.357958329948742,3.3372230625246297,0.0,0.7355314787541766,0.6555610890946897,0.6816274956896088
2015-06-07,27480000.0,17.7,30.6,13.599833164269171,3.400076591056484,0.0,0.8080623743148733,0.7261035772851911,0.7449016537271955
2015-06-08,15350000.0,18.0,27.2,16.632645530251395,3.468916169924705,0.0,0.5007097807550639,0.45595365338866245,0.4829283258781166
2015-06-09,22320000.0,18.2,28.8,17.260413895182932,3.8310722152749115,0.0,0.6615231758300733,0.595570185521637,0.6028272175755641
2015-06-10,24540000.0,17.6,33.4,16.601342955221455,5.177933540957497,0.0,1.0243409878857415,0.9497886337722328,0.8344641790172013
2015-06-11,8010000.0,19.5,24.7,21.571639569100107,8.057223752750048,0.36000000000000004,0.36889145330391176,0.3457147822427655,0.31296781947262176
2015-06-12,26620000.0,19.3,30.3,14.502746137796974,8.314623917213833,0.0,1.077497214189549,0.9973837683209013,0.9598732376809742
2015-06-13,21770000.0,19.1,31.8,17.567925658485294,7.192239479145011,0.06999999999999999,0.9267106345236996,0.8606173195867782,0.8313148340293749
2015-06-14,22550000.0,19.6,31.0,21.269999316444114,4.196221285793301,0.35000000000000003,0.6909755220060444,0.6226506980190953,0.6142266765275768
2015-06-15,15810000.0,20.0,28.4,20.216561357293532,3.7442744853975896,0.05,0.5175883413213904,0.4704019939427534,0.47809105417370573
2015-06-16,21610000.0,20.9,29.1,19.209089539794732,2.4333294617332055,0.010000000000000002,0.6064649974261586,0.5412519969835532,0.5421254626317362
2015-06-17,13380000.0,18.1,26.8,20.15822376325669,4.983386905025569,0.09000000000000001,0.45499966454463214,0.4160762809999274,0.4098620417880875
2015-06-18,22590000.0,19.5,29.9,17.05803749897144,7.40474426608604,0.0,0.8884773922646054,0.8205854200146971,0.7951665317055664
2015-06-19,22180000.0,18.8,29.2,18.722053778883883,3.4868743209338064,0.05,0.6433843619662986,0.5773729244745658,0.5773900480677308
2015-06-20,8960000.0,15.9,21.7,19.63460625159278,3.280355584329143,1.3900000000000001,0.23109360226354733,0.2065598613984283,0.19284717049415426
2015-06-21,19830000.0,18.0,27.3,18.48016452763995,3.400076591056484,0.0,0.5609879263886224,0.503125691852433,0.49586985280744356
2015-06-22,20630000.0,18.0,27.1,18.861517958798792,3.2234881061336558,0.06999999999999999,0.5631554478012684,0.5030499461957738,0.4881915754380259
2015-06-23,22430000.0,20.1,29.6,18.440933573952293,2.7056947520379064,0.0,0.6361956832845861,0.5686460211774984,0.5765190258411733
2015-06-24,16399999.999999998,19.1,28.8,19.900143225105612,4.995359005698303,0.010000000000000002,0.5732014978605282,0.5244269780017871,0.527658566923009
2015-06-25,15090000.0,19.4,28.4,19.423390636126864,9.167636090146136,4.08,0.7172905169497305,0.6724439518824692,0.6210881451868981
2015-06-26,7110000.0,18.0,22.8,20.2644020113786,5.653824542698678,0.25,0.26715155990026185,0.24713482038796813,0.2340175821053136
2015-06-27,21900000.0,19.1,27.4,20.47285881473998,2.172936272101239,0.03,0.5573325374357687,0.4928564808984136,0.4703953167756369
2015-06-28,19780000.0,19.0,29.0,21.197935946878502,2.594952820815116,0.0,0.5408960313300067,0.48202740041988623,0.47256005478940544
2015-06-29,19760000.0,20.7,29.1,22.019670959848064,3.8250861649385444,0.04000000000000001,0.5985559393753266,0.5390066333696237,0.5188006048182071
2015-06-30,17330000.0,19.7,28.5,19.79042604611129,4.426684223743433,0.13999999999999999,0.5762406452279344,0.5245905584300176,0.5251351097386208
2015-07-01,22740000.0,17.9,27.3,18.821578479591942,9.829094652314694,0.1,0.8320067157036446,0.7657035016116598,0.6309455443510809
2015-07-02,23220000.0,19.4,27.2,20.221872097478897,6.2165132743171805,0.13,0.7174744976900166,0.649062034649425,0.5694533957269778
2015-07-03,24580000.0,17.4,27.5,16.699896844561955,4.806798420102741,0.0,0.7203644175059307,0.6488594274066152,0.6244973438339182
2015-07-04,26050000.0,19.0,27.8,16.58794339106044,2.7296389533833745,0.0,0.6815572890643502,0.604694551300936,0.6003114720542395
2015-07-05,20120000.0,19.7,27.2,18.440933573952293,2.059201315710265,0.03,0.5326977744147019,0.47328873183219633,0.4708394985267826
2015-07-06,16950000.0,19.9,27.4,19.474722280954957,2.651820299010603,0.04000000000000001,0.491756369292825,0.44156225420229644,0.44437624415722415
2015-07-07,5770000.0,18.6,24.1,17.186580233256574,9.06886625959608,0.91,0.47756491156165576,0.4610658015632832,0.44587861113362715
2015-07-08,5210000.0,19.3,21.8,22.019670959848064,9.679443393905519,5.3500000000000005,0.21971919039923532,0.20501474810339623,0.1668390789458009
2015-07-09,8880000.0,20.1,23.6,22.892812505161043,7.952467871863624,0.61,0.3237917207745382,0.2981976232551068,0.2446645821930053
2015-07-10,22410000.0,21.7,30.1,24.92739776581078,5.62988034135321,0.0,0.7068949147179223,0.6384555100144063,0.5675480274744833
2015-07-11,16410000.0,23.1,31.6,26.634664494921882,7.422702417095142,1.4800000000000002,0.6650934100908431,0.6140569135788189,0.5714553469286058
2015-07-12,3200000.0,22.6,25.1,26.546937308677556,17.021334131459707,2.17,0.2802468143406732,0.2707433927531996,0.20915952267578103
2015-07-13,6790000.0,20.9,25.1,24.547278327017057,13.869678629362452,0.15000000000000002,0.371746601853162,0.35182979364273514,0.2614938565121759
2015-07-14,22610000.0,21.0,29.4,25.16436025188727,5.33357084970304,0.0,0.668318742053564,0.599903782928535,0.5196055338525524
2015-07-15,24290000.0,20.1,31.5,21.599757637116493,7.784858462445348,0.0,0.882694206894304,0.8086098571350414,0.747520564987352
2015-07-16,23050000.0,16.9,27.2,17.195794270437666,9.76624112378284,0.0,0.8565531556354697,0.7899104399802586,0.6693641950880093
2015-07-17,24020000.0,18.8,27.5,18.736953025521665,3.920862970320417,0.0,0.665904183447757,0.5952906693768202,0.5664671952355154
2015-07-18,14250000.0,20.7,27.0,23.1187576754202,2.909220463474386,0.4,0.4124879362318913,0.3701680119751727,0.3564947805126439
2015-07-19,18080000.0,22.0,29.2,22.40019628449434,6.291338903521768,0.0,0.6684401224187168,0.6134406384909313,0.5776774177533122
2015-07-20,15390000.0,23.4,29.9,26.245212015901085,5.399417403403079,0.020000000000000004,0.5526223824620834,0.5051697502302701,0.4749508272877708
2015-07-21,9600000.0,23.4,29.4,28.622600807472782,2.547064418124179,0.24,0.30993884310182,0.28043196059102715,0.27727545994606856
2015-07-22,15220000.0,23.8,29.7,28.593828100738524,2.9690809668380567,0.17,0.45711173904041,0.4101245241438085,0.37969131471709694
2015-07-23,5520000.0,24.5,27.4,28.81024012589617,8.16197963363647,0.77,0.29472078458669965,0.2778519469023507,0.2603349467766175
2015-07-24,4590000.0,24.5,26.3,29.431189486488943,9.724338771428272,0.6200000000000001,0.23213571043397224,0.21820980564489717,0.19237027252634306
2015-07-25,18360000.0,22.7,30.1,27.366397950829548,9.000026680727858,0.010000000000000002,0.6759713356507826,0.6195394228488913,0.5097083209565584
2015-07-26,24380000.0,22.6,31.8,26.092156932737574,3.687407007202103,0.0,0.7172297660372846,0.641544278819572,0.5948202606851106
2015-07-27,13460000.0,24.3,28.2,28.407420103781483,5.336563874871224,0.42000000000000004,0.45077528952736623,0.40948312290902134,0.36017709985723617
2015-07-28,14440000.0,23.6,30.2,28.586638869860447,6.764236880094765,0.48,0.5304438604266413,0.4857814118302587,0.43265281123716426
2015-07-29,13060000.0,25.0,30.3,32.057122429156884,7.748942160427145,1.3800000000000001,0.47606540652818213,0.43530058799573473,0.3591074849685203
2015-07-30,24030000.0,24.3,32.6,30.221888721248447,6.92885326434486,0.0,0.8057343247891187,0.730020303420119,0.6149600552593183
2015-07-31,24350000.0,23.6,31.8,29.306073746865934,5.285682447012104,0.0,0.7468708789427565,0.6708205958231434,0.5748576194207105
2015-08-01,23090000.0,24.2,31.7,28.889948610042588,6.168624871626244,0.0,0.7586679584732507,0.6863386420174274,0.5913313550241676
2015-08-02,16190000.000000002,23.9,29.6,29.719982311925627,6.93783233984941,1.09,0.5398445684581397,0.4898627675924381,0.4039220568702837
2015-08-03,24620000.0,23.6,31.5,26.553676582151784,8.084160979263702,0.0,0.8755152563739351,0.7987597597024165,0.6802521787812158
2015-08-04,24870000.0,24.0,31.8,27.152615984748895,9.311301298218945,0.0,0.9294378586497085,0.8515786991024296,0.7057497933037155
2015-08-05,24020000.0,23.8,31.9,28.54353660686229,5.097121861416543,0.0,0.7474010656293586,0.6722474595948706,0.5919984028657936
2015-08-06,21960000.0,24.8,33.0,28.314614533910255,2.7954855070834124,0.0,0.6611994649079991,0.5916516663953238,0.5598290948521001
2015-08-07,23060000.0,24.8,34.4,27.707309298937364,3.2085229802927384,0.0,0.7235347134218111,0.6499336067797346,0.6309384832129241
2015-08-08,18070000.0,23.6,32.9,29.086413206567272,2.8912623124652845,0.5700000000000001,0.5522319091427869,0.4954284228978866,0.47521958662342445
2015-08-09,20610000.0,22.9,31.1,26.432598008008743,3.690400032370286,0.0,0.6178550664713843,0.5540301344078632,0.5200165626589152
2015-08-10,14220000.0,22.9,29.8,25.31911603972065,3.430006842738319,0.0,0.46292995765183553,0.4192506402204897,0.4170257812118544
2015-08-11,5330000.0,21.2,26.3,21.498682441615163,4.684084388207216,0.8900000000000001,0.2982733676214001,0.28246688595101455,0.3182972734430745
2015-08-12,15690000.0,21.2,29.7,22.863227134892878,4.555384305975324,0.0,0.532932049092262,0.48529750102793984,0.4875826661529007
2015-08-13,20730000.0,20.4,30.6,24.629204784274883,4.300977166679725,0.04000000000000001,0.6056710634263742,0.5426934635578723,0.5124838255315145
2015-08-14,21420000.0,21.6,29.4,24.667097529556546,3.319264911515529,0.0,0.5908299428877609,0.5257561276835491,0.4882299870688966
2015-08-15,22320000.0,23.9,32.0,24.042158480793113,2.807457607756146,0.0,0.6585874991209321,0.5886702040454027,0.5822062608210471
2015-08-16,11930000.0,20.7,30.0,24.409176106431545,5.076170685239258,0.0,0.4418440756702731,0.40567294064820747,0.4177548521863385
2015-08-17,20480000.0,21.9,30.5,21.757812285613408,4.69605648887995,0.010000000000000002,0.6704747877448093,0.6076870590736907,0.605982105861418
2015-08-18,19860000.0,22.2,31.4,21.487477454887294,4.59429363316171,0.0,0.6757393899092431,0.6143893254335201,0.6318217681461444
2015-08-19,14350000.0,22.7,29.8,22.57505548669465,3.872974567629481,0.22000000000000003,0.5053640148637382,0.4613415341079247,0.4810123009320574
2015-08-20,7030000.0,20.9,27.7,23.753249973754787,2.6997087017015393,1.82,0.2552494417189055,0.23423833258884166,0.2570145557732884
2015-08-21,12020000.0,20.0,27.7,23.667780976412786,3.711351208547571,0.0,0.367586267266658,0.33188903992871005,0.330125973112123
2015-08-22,14770000.0,21.8,28.0,25.293265803904646,3.7742047370794243,0.06999999999999999,0.4348036710199822,0.3902923729580271,0.36694244100494505
2015-08-23,17790000.0,23.3,29.8,23.588657796881456,2.8343948342697978,0.010000000000000002,0.5291730693920669,0.47438932377379217,0.4733958058279553
2015-08-24,12540000.0,21.9,28.6,23.346650627625685,12.133724031816008,1.26,0.6908773809903841,0.6529075103287901,0.5533870852557856
2015-08-25,4770000.0,18.7,23.0,21.487477454887294,7.9195445950136065,1.2400000000000002,0.22773732201801752,0.21420783782599914,0.20240294093082128
2015-08-26,21730000.0,20.0,27.6,19.717575897744894,7.389779140245122,0.010000000000000002,0.7315544054865775,0.6670663774582217,0.603505801985211
2015-08-27,16280000.000000002,19.1,26.4,23.21447438255038,6.521801841471901,0.13,0.4696506022313459,0.4220753222370523,0.35969709788844034
2015-08-28,17100000.0,18.8,26.5,22.51663689252157,3.618567428333881,0.06,0.438813412672242,0.3889170833445145,0.36091764898757217
2015-08-29,20650000.0,19.1,27.7,20.994000760122624,2.232796775464909,0.0,0.5018160374393952,0.44088645836782103,0.4315657967857042
2015-08-30,21480000.0,19.6,28.9,20.602070933766527,2.071173416382999,0.0,0.5294408393500676,0.4652868448326048,0.4654025012458913
2015-08-31,19800000.0,21.4,29.3,20.683190546202095,7.509500146972464,0.0,0.7472665146047628,0.6872339518690629,0.6521830258846072
2015-09-01,15040000.0,19.2,28.3,21.53794017172857,5.300647572853022,0.15000000000000002,0.49214931309288934,0.4475471584357413,0.4468037874224461
2015-09-02,17880000.0,18.5,28.1,22.79825700376781,3.6514907051838996,1.8,0.46633265310325933,0.41365328879810087,0.39650957858392283
2015-09-03,15990000.0,18.4,26.6,22.22652302440629,4.4326702740798,0.0,0.4286919157211274,0.38214042647976515,0.3574239957780316
2015-09-04,17990000.0,20.5,28.3,21.928278659646196,3.666455831024818,0.03,0.5089857817634833,0.4551425453486675,0.45045837086181206
2015-09-05,6620000.0,19.2,23.5,21.718204050161003,5.471250007439483,0.36000000000000004,0.24257318124998584,0.22364352645115973,0.21896185893794146
2015-09-06,12690000.0,15.6,24.2,17.918413451633707,9.448980455955388,0.6400000000000001,0.47678563332086943,0.44136081228930946,0.3870045646356231
2015-09-07,21330000.0,13.7,26.1,15.613849228319557,7.40474426608604,0.0,0.6487634598008627,0.5892196116839854,0.5485206320159614
2015-09-08,23350000.0,12.9,25.4,14.068083686326364,7.192239479145011,0.0,0.6838931548897424,0.6195566222804493,0.5749467245803555
2015-09-09,23040000.0,14.6,26.9,14.530548296413977,5.752594373248734,0.0,0.662779586422405,0.597536986074086,0.6030940766896397
2015-09-10,22110000.0,16.3,26.3,16.726864071818135,4.193228260625117,0.0,0.5576164992328907,0.49444446303635986,0.4997343206495014
2015-09-11,16300000.0,17.5,25.3,19.994610095389085,5.596957064503191,0.55,0.4520684693717915,0.40542185971125433,0.37676736533346716
2015-09-12,10890000.0,13.5,22.7,14.96954642576905,4.84870077245731,0.010000000000000002,0.3423335322647611,0.3128944897382887,0.3334186869720054
2015-09-13,21300000.0,14.2,23.6,12.556622254356645,5.174940515789314,0.0,0.5701766437761586,0.5117493920873146,0.5258648887737485
2015-09-14,20710000.0,14.8,25.5,13.948754185282127,5.605936140007742,0.0,0.5929946687215482,0.5349348822145374,0.5542836410750127
2015-09-15,20200000.0,13.9,24.4,13.70142993849589,8.188916860150124,0.0,0.6551262678965878,0.5994689677377989,0.5642229627457909
2015-09-16,18480000.0,14.7,24.5,14.227283211005346,7.0395951955676495,0.0,0.5898817359021055,0.5385600406764132,0.529259781627468
2015-09-17,19560000.0,14.5,25.2,15.677473692068915,7.267065108349598,0.0,0.5819105596500328,0.5273545610404962,0.5064618733251611
2015-09-18,20090000.0,17.6,26.6,16.401343015618224,2.3674829080331676,0.0,0.46387561983056447,0.4057458668195246,0.4363919064008043
2015-09-19,18330000.0,16.5,26.5,16.848689784970897,3.172606678274536,0.0,0.45215694728524963,0.3996171842059306,0.42999092447748943
2015-09-20,16900000.0,16.6,26.4,17.274288624668674,3.052885671547195,0.0,0.421099750992017,0.3726588346777513,0.4027049907526926
2015-09-21,19460000.0,15.3,27.7,16.352776809588363,3.2234881061336558,0.0,0.47953893674914483,0.42376022482751113,0.4618666412971528
2015-09-22,20280000.0,15.9,27.9,15.357438035376392,5.564033787653172,0.0,0.6030414012333124,0.5445442524875312,0.5915765524027112
2015-09-23,7520000.0,17.7,23.8,16.826070939818187,5.124059087930194,0.1,0.3367763314096891,0.3154818715737794,0.349337846567774
2015-09-24,10670000.0,16.8,26.1,18.60323302084901,6.001015462207967,0.010000000000000002,0.3923340598679142,0.3617747263207528,0.38618246687864266
2015-09-25,14480000.0,17.3,26.5,17.469564177192236,2.4662527385832242,0.0,0.36391828903556045,0.3221510940730895,0.35892534775685936
2015-09-26,16920000.0,15.7,27.4,16.405764392484407,3.756246586070324,0.0,0.44785461485912864,0.39931778610372376,0.4519930492469119
2015-09-27,20120000.0,13.8,27.8,13.868424079044535,3.2504253326473074,0.0,0.521782148178363,0.4647612298144971,0.4951575341257306
2015-09-28,19580000.0,15.6,29.6,11.874205365788534,4.755916992243621,0.0,0.70235449838086,0.6452649235382449,0.680932916256449
2015-09-29,18860000.0,17.3,27.5,13.86460899316837,9.532785160664526,0.0,0.8217567120658948,0.7669334648682041,0.7606475436702886
2015-09-30,12320000.0,17.0,24.1,14.799031482532037,7.291009309695066,1.56,0.5203768167071339,0.48560546755459305,0.4978013358164325
2015-10-01,1930000.0,10.5,22.4,14.730499818097718,12.561726630866254,2.8000000000000003,0.2947221231106416,0.28966808558303825,0.31695636954279055
2015-10-02,18850000.0,14.9,20.7,12.19758201825509,9.44299440561902,0.0,0.6420020303897823,0.5913297595418538,0.5197325963885862
2015-10-03,16480000.0,11.2,24.1,11.7417065292974,7.716018883577127,0.0,0.6013307334479967,0.5571548224660124,0.5418154310857215
2015-10-04,12240000.0,12.4,21.4,9.93576148790877,3.4599370944201544,0.0,0.34866554639409497,0.3163261988775331,0.3856931886074312
2015-10-05,18850000.0,12.7,23.9,11.745003082822214,3.1516555020972516,0.0,0.4023426824880235,0.3511964572103874,0.4206819874210401
2015-10-06,18840000.0,12.5,24.5,11.774708719588233,4.253088763988789,0.0,0.45230207459551475,0.4009952410498737,0.4758419995595963
2015-10-07,12840000.0,13.1,24.1,13.803692872910197,2.7685482805697603,0.0,0.304781149457058,0.26975035144735654,0.3276736196885433
2015-10-08,15410000.0,14.1,23.5,14.14554544357684,5.707698995725981,0.020000000000000004,0.4346072729759312,0.3924125244567923,0.42359541212617363
2015-10-09,17670000.0,8.6,19.7,8.910063371556994,7.419709391926958,0.0,0.5019462796296732,0.45785993364284827,0.46995111083026264
2015-10-10,14300000.0,8.5,20.4,11.441883404144436,8.386456521250235,0.37000000000000005,0.4153252022162731,0.3794110590449478,0.37802985292676394
2015-10-11,13720000.0,10.7,16.6,11.275415348072992,9.505847934150875,0.17,0.40584357299638063,0.3719928015180553,0.3126172420007777
2015-10-12,12300000.0,9.4,16.3,9.394341471719441,8.018314425563663,0.020000000000000004,0.4046408907983904,0.374846506734328,0.3515707732774854
2015-10-13,17450000.0,10.3,20.9,11.545396644126312,6.608599571349222,0.0,0.4289259628279994,0.3840146206522534,0.40376903213767273
2015-10-14,16870000.0,10.4,22.6,11.568149675268746,3.1815857537790864,0.0,0.33297899061088754,0.2887578536423358,0.35487525691117283
2015-10-15,14070000.0,12.6,22.9,14.006382781358186,2.400406184883187,0.0,0.2739110262961172,0.23612390646600484,0.2854632293060781
2015-10-16,15400000.0,10.4,23.1,13.622352845637055,3.5557138998020275,0.0,0.31315366661064037,0.2725851102186491,0.318261286968008
2015-10-17,16700000.0,11.4,24.4,12.591630076337289,2.310615429837681,0.0,0.3183870231043131,0.2734099299791489,0.33337825505930996
2015-10-18,16640000.0,10.7,24.2,12.324269076787854,4.770882118084538,0.0,0.42943162765972576,0.38499635828694667,0.423611402091794
2015-10-19,15510000.0,12.8,24.2,13.287974212188853,3.8879396934703987,0.0,0.35288142506514947,0.31064315604748,0.38415631464699684
2015-10-20,15680000.0,11.5,24.0,14.399889496967866,3.8849466683022156,0.0,0.3273788752111137,0.2852678560969587,0.336961469148665
2015-10-21,15660000.0,11.9,25.1,14.5544159551269,4.9744078295210175,0.0,0.397179846834846,0.3545330839195201,0.3942391777865369
2015-10-22,14560000.0,13.6,23.6,14.758684920226814,4.351858594538845,0.0,0.333733431610581,0.2940100344905457,0.3472363586277913
2015-10-23,13340000.0,12.0,22.2,14.246805612061136,5.136031188602928,0.0,0.3082561812619332,0.2728727082249346,0.31441894688345273
2015-10-24,8369999.999999999,11.1,21.2,12.74314337218913,7.772886361772613,0.06,0.34609433529342726,0.32430798951747003,0.3507810725295715
2015-10-25,14620000.0,10.5,20.4,8.4924284742601,6.506836715630983,0.0,0.458305504712304,0.4207951297821316,0.4860079154394662
2015-10-26,11880000.0,13.0,20.1,10.18314785256811,6.001015462207967,0.9400000000000001,0.40435148964670153,0.3731795394684704,0.42746488840692437
2015-10-27,5320000.0,7.8,14.9,8.94631844740519,8.586989207518531,0.6200000000000001,0.31466793055471537,0.3022394998788844,0.2876795873916296
2015-10-28,12300000.0,7.5,16.4,7.2308296280702375,6.27637377768085,0.020000000000000004,0.3673925359059502,0.33823038947386574,0.38088819959678216
2015-10-29,14230000.0,4.5,15.0,6.299525719345672,5.489208158448584,0.0,0.3145060397002236,0.28260453184654066,0.33805590777233424
2015-10-30,12860000.0,4.0,10.7,4.786197470995247,5.441319755757648,0.0,0.30000347587950804,0.2730443905065822,0.3074654106886946
2015-10-31,14800000.0,2.8,10.9,5.620478075552163,4.360837670043395,0.0,0.2310126034307407,0.20044269810542098,0.24647315773311024
2015-11-01,9860000.0,6.0,12.7,6.036141652470592,2.2567409768103777,0.020000000000000004,0.17513911679586064,0.15327052120704998,0.21289109009426835
2015-11-02,10450000.0,6.8,14.5,8.730723932932467,5.405403453739445,0.0,0.23482718747181988,0.21084236734199893,0.24302843022334558
2015-11-03,14160000.0,4.8,17.4,8.705365601650778,3.1755997034427197,0.0,0.20986160233415715,0.1769878561770173,0.24402031087875056
2015-11-04,14240000.0,7.4,19.2,8.66240546166533,2.4872039147605087,0.0,0.21119768090661176,0.17634272035208978,0.26578924178763874
2015-11-05,11990000.0,6.9,18.9,10.007124398194327,4.555384305975324,0.0,0.2372091791044851,0.20813177696056467,0.27977755399788184
2015-11-06,9030000.0,11.4,18.9,11.532412596823294,13.693090144439624,0.8500000000000001,0.5154680111045197,0.49244554888747416,0.39827088391087656
2015-11-07,2220000.0,12.6,14.1,14.164969315090536,11.110109424297244,1.87,0.10837772045266654,0.10293764361938355,0.09100717532907604
2015-11-08,1360000.0,11.8,14.0,13.94108613049466,5.809461851444222,1.6,0.04611737666158182,0.04281918926243821,0.07196748516458835
2015-11-09,3470000.0,9.2,13.5,10.880858125823854,6.874978811317556,0.0,0.16320450093523456,0.1550979869417884,0.158958393729049
2015-11-10,7980000.0,6.3,13.6,9.163942502908878,3.6963860827066526,0.0,0.14579170438608943,0.1278066466160699,0.16760326457174454
2015-11-11,8180000.0,9.0,16.5,10.75816948148084,4.639189010684463,0.0,0.18979398100567113,0.17002587253037788,0.21343202279322107
2015-11-12,8750000.0,11.8,17.6,11.284961018640988,10.379811283260464,0.17,0.39528396973259455,0.37318896116564837,0.34298460325674884
2015-11-13,1340000.0,11.7,13.3,13.339510128128767,10.287027503046774,1.82,0.08382984475275315,0.08061060105532555,0.0876398119869991
2015-11-14,2590000.0,10.3,16.5,13.983306296599292,3.471909195092888,0.0,0.07308938962814648,0.06673537499845168,0.09277125671228702
2015-11-15,6250000.0,7.6,16.9,11.45477774271917,3.8011419635930763,0.0,0.13064800592926745,0.11572216001825415,0.16112814544628692
2015-11-16,3770000.0,11.0,15.5,14.168856899133276,4.1573119586069165,0.68,0.07761524414550337,0.06839807756615497,0.08429496578780245
2015-11-17,4540000.0,12.0,16.8,13.476558593182842,8.15898660846829,0.03,0.19400864268307147,0.18261897852326844,0.1843483175214426
2015-11-18,2040000.0,9.0,12.9,9.876163453434415,11.600965551879343,0.35000000000000003,0.2659388954671532,0.26122075146318346,0.21743065640696937
2015-11-19,2340000.0,9.4,12.8,10.85929912947843,3.8879396934703987,0.04000000000000001,0.09790109883681353,0.0924685729888116,0.12011690534046227
2015-11-20,9980000.0,5.6,15.1,9.907342079036901,3.7771977622476083,0.0,0.1309326809668437,0.10820326794981135,0.16128865306023896
2015-11-21,8240000.0,6.4,14.3,8.675021348191075,3.4180347420655854,0.0,0.1457589097191599,0.1269923402541953,0.18388795692487228
2015-11-22,6140000.0,9.6,15.4,10.905543101273889,6.042917814562536,0.8300000000000001,0.1889569921451159,0.1742061292330223,0.202357449267664
2015-11-23,2080000.0,5.8,12.9,10.053033228034163,5.773545549426019,0.06999999999999999,0.09534558529725647,0.09073233186675686,0.1178934433991311
2015-11-24,5930000.0,5.6,10.8,7.627103084575048,8.688752063236771,0.54,0.23904846875682523,0.2263086307472834,0.2131599258848965
2015-11-25,2300000.0,-0.2,7.3,6.648497264165545,7.692074682231659,0.47000000000000003,0.10248435901696415,0.09820838047720473,0.10268573157490213
2015-11-26,10140000.0,-2.7,2.9,3.9211935357166023,9.490882808309957,0.04000000000000001,0.21284878111477257,0.19620873590433113,0.16717582288011207
2015-11-27,4870000.0,-1.8,2.2,5.025686682165251,4.333900443529744,0.0,0.0738268754952035,0.06580433701855859,0.07962013734884581
2015-11-28,8930000.0,-0.4,6.8,5.9198392990580535,3.96575834784317,0.0,0.09151684571194227,0.07511223536973989,0.11246151343517441
2015-11-29,10260000.0,1.8,10.5,7.056414341440281,4.621230859675362,0.06,0.12153934320007806,0.10079211378580251,0.15046612760075767
2015-11-30,6010000.0,-0.5,8.2,6.590826002796696,5.01930320704377,0.0,0.09079501813888015,0.07950798052573371,0.10917300371532805
2015-12-01,10700000.0,1.0,11.5,6.154459902501063,4.297984141511542,0.0,0.14193999153568287,0.12023652466725054,0.18994823569789973
2015-12-02,2800000.0,1.7,12.5,7.751950327950899,9.80814347613741,0.78,0.19856579883975228,0.19273910501624034,0.19369496372305123
2015-12-03,8050000.000000001,-0.5,4.9,4.725344939317469,12.917896625880093,0.17,0.2825264306240966,0.2682474136122324,0.18952909984775096
2015-12-04,8189999.999999999,0.5,6.1,5.394032551680415,8.380470470913869,0.0,0.18499586012661873,0.16989891683804373,0.16476944290217782
2015-12-05,5780000.0,-0.3,7.5,5.108895847452513,6.8570206603084545,0.0,0.18337166229720994,0.17260770637123884,0.1854496154277557
2015-12-06,7590000.0,-2.4,5.6,4.170629280463307,3.241446257142757,0.0,0.102002877452705,0.08882796364588699,0.13642042239976032
2015-12-07,10540000.0,-0.7,7.8,5.308356924350151,2.1849083727739727,0.0,0.07244516040620984,0.052850023967486205,0.11333687820205177
2015-12-08,10490000.0,-1.1,8.1,5.277354152111281,2.8224227335970635,0.0,0.08432183954052588,0.06485276060789733,0.12758302874906663
2015-12-09,7800000.0,1.1,11.5,8.42329744778648,3.9807234736840877,0.04000000000000001,0.0658458157217985,0.05000037636139589,0.09724524298974835
2015-12-10,1490000.0,5.5,10.0,9.766316365367128,5.581991938662273,1.42,0.04386403353176891,0.04070390400288696,0.06554514762636665
2015-12-11,2920000.0,0.4,9.8,6.674494323136203,6.168624871626244,0.0,0.13146980111185497,0.12575649590454063,0.14886878562210532
2015-12-12,10440000.0,2.6,10.3,6.465113243157672,4.2500957388206055,0.0,0.12635341882676118,0.10504773575105641,0.1678272069964939
2015-12-13,8520000.0,4.6,11.6,7.119788898384042,3.274369533992776,0.0,0.11771825707647994,0.09946606002602269,0.16310346246188467
2015-12-14,1390000.0,5.4,7.5,9.021832212122582,4.315942292520642,0.8500000000000001,0.0301157596860315,0.027279083491086133,0.05279711798280999
2015-12-15,4520000.0,0.5,7.9,5.972290932018564,9.40109205326445,0.04000000000000001,0.1945510272557573,0.18596261879557607,0.16986755527084585
2015-12-16,8390000.0,-4.0,3.4,3.477384526089933,9.511833984487241,0.08000000000000002,0.2259524856836015,0.2123957491062772,0.18646897693676168
2015-12-17,10760000.0,-3.7,0.3,2.8798529362588394,6.315283104867237,0.0,0.15791162822384874,0.14147037359435777,0.15840363649946773
2015-12-18,7230000.0,-1.9,3.3,4.8704343807893,3.0109833191926256,0.0,0.06339596097603892,0.051257438383565744,0.08588159015069355
2015-12-19,10620000.0,-1.8,6.1,4.963684231715446,2.544071392955996,0.0,0.06603499467826748,0.04723093287418929,0.10479705270229096
2015-12-20,4040000.0,0.5,5.6,5.698387654507274,2.591959795646932,0.04000000000000001,0.07014343297503593,0.0627601506708852,0.09284830756111459
2015-12-21,4350000.0,-2.1,9.6,6.640516190235852,5.26473127083482,0.0,0.08346280941163635,0.07532074962972994,0.1154640982377797
2015-12-22,10210000.0,-0.4,9.3,6.7590997623516,4.3368934686979275,0.2,0.07949783303125821,0.0599373363790649,0.11435058704896531
2015-12-23,2230000.0,-0.9,8.9,7.472988645752811,2.5590365187969137,0.03,0.038523149828040074,0.034314034323040206,0.06326862519767783
2015-12-24,8520000.0,-2.4,6.7,4.817633847983866,6.656487974040159,0.0,0.1482492638926118,0.1331635193944248,0.16226780570149632
2015-12-25,10950000.0,-2.6,3.4,3.608843909920234,6.7193415025720125,0.020000000000000004,0.16955997560342081,0.15138339529198763,0.17296490604256165
2015-12-26,8240000.0,-3.7,8.8,4.467624148813176,7.865670141986303,0.0,0.21959906652156258,0.20480058002636148,0.22042687163143654
2015-12-27,11090000.0,-4.4,0.2,2.406839234387054,6.943818390185776,0.0,0.19222344551452006,0.1755545505674196,0.1829463518118393
2015-12-28,8130000.000000001,-4.7,0.3,3.062644421806735,5.695726895053248,0.0,0.1318889037731587,0.11971964697770446,0.1355874208644528
2015-12-29,10200000.0,-3.7,3.1,3.727918357991846,2.8433739097743485,0.0,0.07628850773232078,0.059807135492903896,0.11050422177598232
2015-12-30,10490000.0,-2.1,5.9,4.79067722760648,4.28002599050244,0.15000000000000002,0.10027890261504553,0.08187096509905968,0.13177406346408982
2015-12-31,7650000.0,-1.4,3.6,4.9729411967372465,4.983386905025569,0.0,0.09358137344909215,0.08054427213259817,0.10530815508600463
2016-01-01,9740000.0,0.1,5.5,5.528231684233451,5.525124460466786,0.0,0.11144855909095105,0.09380218667449775,0.12455454656771392
2016-01-02,9040000.0,2.4,11.2,7.843877748654225,6.94681141535396,0.0,0.1348842229797616,0.1162397280879431,0.1507810257702146
2016-01-03,8830000.0,2.7,10.7,7.860063576252394,5.555054712148622,0.0,0.11263956256864589,0.09448278886585289,0.1340517455763115
2016-01-04,10160000.0,-2.4,6.1,3.768780018753027,6.162638821289878,0.0,0.1861861489111568,0.16838944330051484,0.2033308003800577
2016-01-05,6830000.0,-3.3,2.1,2.4133324635517357,4.232137587811504,0.0,0.15776973626975058,0.14686261577149126,0.18106868072315224
2016-01-06,8760000.0,-2.0,4.1,4.2964731831651,6.485885539453698,0.0,0.15184590511556004,0.1369448431291873,0.15231686758320828
2016-01-07,8980000.0,-2.6,1.4,3.357816503130734,7.389779140245122,0.0,0.18631364556616417,0.17197309767826247,0.16646455607322436
2016-01-08,7920000.0,-2.4,1.8,3.8578577465637864,5.231807993984802,0.0,0.12458837975348773,0.11179107895582283,0.13063479621660345
2016-01-09,6280000.0,-1.9,3.0,4.137715281591414,6.653494948871976,0.0,0.15618231349945058,0.1456982671601798,0.14715001264243904
2016-01-10,7960000.0,-4.0,4.7,3.488644547307084,6.054889915235271,0.0,0.1742318671995454,0.1610436984379564,0.1829836650816252
2016-01-11,11430000.0,-5.6,1.6,2.4824587213988214,6.007001512544333,0.0,0.17667249531102736,0.15942137589803326,0.18072960913209057
2016-01-12,12010000.0,-4.2,1.4,2.8335890168227356,7.527458297981564,0.0,0.205209165376972,0.18663266637894182,0.18384693784266382
2016-01-13,6960000.0,-3.8,1.6,3.578742829287734,8.248777363513794,0.010000000000000002,0.18059254274119868,0.16969634427391275,0.14957705963966123
2016-01-14,10180000.0,-3.5,1.5,3.3491066312907867,5.091135811080175,0.0,0.1359307068019931,0.11992959944200124,0.14363029437139313
2016-01-15,8820000.0,-2.6,5.6,4.249228468637951,4.055549102888675,0.0,0.12254175955678821,0.10728758530106872,0.14867497838229243
2016-01-16,11100000.0,-1.2,7.4,4.345552990378189,4.4745726264343695,0.0,0.15507693324481137,0.13475611205101787,0.18743768786275675
2016-01-17,5410000.0,-1.3,7.1,5.771963664830714,5.004338081202852,0.49000000000000005,0.10744057512061286,0.09760484593335843,0.12227366659473723
2016-01-18,6520000.0,-9.4,-1.9,2.0855987149466246,16.913585225405097,0.0,0.3459039857864531,0.33751778298887514,0.17220567801726966
2016-01-19,9760000.0,-9.7,-5.1,1.9145142026580089,13.582348213216836,0.0,0.24642921076537405,0.23487925281670757,0.13497170202155298
2016-01-20,10220000.0,-9.3,-3.0,2.1331716156740077,4.956449678511916,0.0,0.11669995983237094,0.10385827310081797,0.11686495530874527
2016-01-21,9190000.0,-8.3,-1.0,2.0685352883885053,5.770552524257836,0.0,0.1596871590710597,0.1473144041340389,0.15358648685023724
2016-01-22,11990000.0,-7.7,-0.5,1.6704384324675285,7.742956110090778,0.0,0.2428125448710023,0.2262694035335738,0.20405189739244078
2016-01-23,11930000.0,-14.7,-5.2,1.2643343008636039,10.463615987969604,0.0,0.20897261349085766,0.19656617519043246,0.14176382955731956
2016-01-24,13150000.0,-14.1,-7.0,1.658184274076379,7.8267608147999175,0.0,0.12217412948736714,0.10892645112115615,0.09302565141712248
2016-01-25,10280000.0,-9.0,-2.5,2.8204927059649934,5.561040762484989,0.0,0.09895584978609884,0.08579469928740571,0.09164476531709612
2016-01-26,7720000.0,-3.3,3.1,3.6193157511892493,7.323932586545085,0.0,0.19789759716918356,0.1853261921750779,0.17283348595612885
2016-01-27,11170000.0,-3.2,4.7,3.705255557990155,4.73795884123452,0.0,0.15998793497023905,0.14119921290947676,0.17213720716560826
2016-01-28,7310000.0,-0.6,6.5,3.931211807207874,6.476906463949148,0.27,0.23826957787077602,0.22495642256762133,0.2296569286459619
2016-01-29,2290000.0,-2.4,3.5,5.586155170865559,6.506836715630983,0.32000000000000006,0.06661574848347562,0.0627927443247288,0.06883179331891831
2016-01-30,8039999.999999999,-4.3,7.5,4.859833458825102,4.3847818713888636,0.0,0.12309107392429419,0.10913503874553046,0.14683457865478228
2016-01-31,12950000.0,-5.4,1.4,2.2259282814933004,7.656158380213456,0.0,0.2610370221725429,0.2414917906416353,0.2176854350708632
2016-02-01,14140000.0,-7.5,-0.4,1.9204729996012952,8.060216777918232,0.0,0.25075990047677377,0.23112086097027854,0.19837738840380786
2016-02-02,14460000.0,-6.5,1.1,2.1390032188640005,4.453621450257084,0.0,0.17279633848393983,0.15160085473840815,0.17954218168857788
2016-02-03,13640000.0,-4.6,4.0,3.3112363921055765,4.893596149980063,0.0,0.1749569451988851,0.15291714938068446,0.17866221926530237
2016-02-04,11960000.0,-5.2,4.8,3.1624967979867726,6.809132257617518,0.0,0.22804377625047095,0.20864323028636442,0.21115716761627273
2016-02-05,14400000.0,-3.8,4.0,2.6550713362302387,6.440990161930945,0.0,0.25783450596263446,0.23420367252768798,0.23707253543209025
2016-02-06,13990000.0,-5.2,1.8,2.307382514891614,6.794167131776601,0.0,0.25013484492770494,0.22875815791408236,0.21656197230819685
2016-02-07,15460000.0,-4.5,2.9,2.5981185140648444,4.172277084447834,0.0,0.1867774686212673,0.1622830533469057,0.19310448069594457
2016-02-08,12630000.0,-1.4,6.5,4.235814852629874,12.615601083893557,0.0,0.3861280636649689,0.3634454320588536,0.25412689486394874
2016-02-09,14750000.0,-2.4,5.9,3.5557400249123057,6.764236880094765,0.0,0.26591398381023257,0.24017056529084452,0.2382533293095063
2016-02-10,15280000.0,-2.0,9.4,3.691005285619243,4.232137587811504,0.0,0.2281093074184231,0.1995573360249702,0.2561650526271927
2016-02-11,11090000.0,2.9,13.1,6.966446387958146,9.897934231182916,0.54,0.3463187208243691,0.322628534156671,0.2915314759022637
2016-02-12,3120000.0,7.5,14.1,12.075419540852389,6.877971836485741,1.2800000000000002,0.08905481630292937,0.08186628153717766,0.08849986286253926
2016-02-13,10680000.0,-0.1,19.5,10.642744903018242,11.4632863941429,0.77,0.27119495290032136,0.24728388667669754,0.264848281546675
2016-02-14,5850000.0,-6.4,0.2,2.5405533484371507,16.386812795804797,0.0,0.3992612011894541,0.39083087993333987,0.20119707450073848
2016-02-15,13280000.0,-5.5,-0.3,2.6007229848346247,11.7176935334385,0.0,0.3223488419679911,0.3030473112538025,0.1930337373026852
2016-02-16,10260000.0,-3.9,3.8,3.7183611772384553,10.999367493074454,0.0,0.29426814548245284,0.27752821822136114,0.19809048453707687
2016-02-17,15110000.0,-2.7,5.0,3.707635344335396,6.737299653581114,0.0,0.2583661394749016,0.23256795585940457,0.21743356056752075
2016-02-18,13320000.0,-1.6,8.1,5.518065247715889,9.598631714364563,0.0,0.26230123668553146,0.23779002923779377,0.19824064176617665
2016-02-19,12950000.0,-1.5,7.5,4.301902118538827,3.8161070894339937,0.0,0.1964311723465279,0.17280538304600263,0.20319574710761962
2016-02-20,15720000.0,-3.4,8.2,3.2790794061383948,8.16197963363647,0.0,0.3646657978158021,0.33658289221426585,0.30855592157043127
2016-02-21,15240000.0,-1.9,4.3,3.1061069030814155,5.022296232211954,0.0,0.24989350016394113,0.22382516703298383,0.2299924969299024
2016-02-22,11570000.0,-0.4,6.5,3.8308178061967757,3.8191001146021772,0.010000000000000002,0.21055700938100114,0.18941231228718328,0.21532454954744948
2016-02-23,14050000.0,-4.4,7.0,2.9509941506415207,9.26341289552801,0.0,0.38677326364712034,0.36265158121299923,0.30262364034989064
2016-02-24,16840000.0,-4.3,2.3,2.485793958995355,6.306304029362686,0.0,0.2805371485478405,0.25406773322934706,0.23037263449088305
2016-02-25,15380000.0,-2.0,5.1,3.6204809523344963,8.224833162168327,0.1,0.3270056438833764,0.3003573071113846,0.2464278609447912
2016-02-26,13960000.0,1.5,8.0,5.932462595191463,8.3206099675502,0.29,0.2848356715989314,0.25782776328044205,0.21181088817555574
2016-02-27,16170000.000000002,0.0,9.5,4.988403448430163,3.8879396934703987,0.0,0.23884631259974118,0.20756279701879748,0.2346494170829608
2016-02-28,6430000.0,-3.5,10.1,5.39569208349398,9.508840959319057,1.1800000000000002,0.29267930510795265,0.2808266377885952,0.2222150033208957
2016-02-29,16600000.000000002,-5.7,0.2,2.365010962152999,10.319950779896793,0.04000000000000001,0.3511128914687806,0.3268319769484888,0.21806653061817666
2016-03-01,18970000.0,-3.8,3.7,3.2780123005349884,6.7193415025720125,0.0,0.2903636697521889,0.25941275160960514,0.22322555205061953
2016-03-02,18940000.0,-1.1,8.6,5.47084029226776,8.224833162168327,0.0,0.3129432824947612,0.27749256703055264,0.23039336288682416
2016-03-03,18610000.0,1.6,15.1,7.656451141649226,5.180926566125681,0.020000000000000004,0.3272372291331642,0.28708618874544745,0.2830682052090239
2016-03-04,7590000.0,7.9,14.8,11.042193562089802,6.695397301226544,0.34,0.20763691554601887,0.1899053762923427,0.18217681921901868
2016-03-05,9800000.0,6.4,17.9,13.047368440783304,10.753939429283404,1.2400000000000002,0.2051394885899865,0.18179194176038882,0.16805754051509741
2016-03-06,16110000.0,3.0,13.6,6.368379566744723,5.3485359755439585,0.0,0.3322386109360176,0.2975303011401039,0.31282701575089444
2016-03-07,13400000.0,2.4,16.0,7.472988645752811,5.803475801107854,0.0,0.3533299327729641,0.32373068649311715,0.3127680804351142
2016-03-08,7750000.0,-0.8,7.6,3.1490868267644743,7.0366021703994655,0.0,0.35140406278856096,0.33706925171724267,0.3090284739022269
2016-03-09,18510000.0,-2.1,7.4,2.9075488389102193,8.446317024613906,0.0,0.45167982711381915,0.41832004175001136,0.343959085594384
2016-03-10,20130000.0,-4.0,4.0,2.6763791273575164,8.302651816541097,0.0,0.39174878176320943,0.3588417875803823,0.27702546554813295
2016-03-11,20640000.0,-2.5,4.5,3.0088296080163297,5.7615734487532855,0.0,0.3304363245742164,0.2953922265809469,0.2643299786451655
2016-03-12,20310000.0,0.3,8.1,4.1037292606043865,3.4958533964383562,0.0,0.2909928933699525,0.25240205801015586,0.26753458713637146
2016-03-13,11590000.0,-2.1,8.8,4.63172510033284,3.85501641662038,0.0,0.21638990384916137,0.1949890145365401,0.21431821338831583
2016-03-14,18130000.0,0.2,9.7,4.5855344302762715,6.045910839730719,0.0,0.3592836233813518,0.32398068990256934,0.3034477739866011
2016-03-15,21090000.0,3.6,12.0,4.855296466199339,3.2264811313018393,0.0,0.3398976077328103,0.2951034520865389,0.3273343022388882
2016-03-16,19670000.0,1.8,14.1,4.853784969215685,4.609258759002628,0.0,0.39720780828927726,0.3552492918254643,0.3777006556092835
2016-03-17,17280000.0,6.1,16.9,7.63161169701315,4.1064305307477955,0.21000000000000002,0.3651388146028306,0.32461913374589096,0.3571662300774546
2016-03-18,5320000.0,4.2,14.1,10.400340556788532,4.0615351532250425,0.30000000000000004,0.1181680528032972,0.10643271205266254,0.12249796629840388
2016-03-19,21240000.0,3.7,17.0,7.834641916728018,4.405733047566148,0.0,0.4098374616348025,0.36146344034404426,0.35584970602372723
2016-03-20,20400000.0,1.8,15.8,7.457508524499863,3.86399549212493,0.0,0.36485369582238064,0.3202841812421432,0.3123197452076511
2016-03-21,20800000.0,1.8,15.4,6.966446387958146,5.049233458725605,0.0,0.41391351448475555,0.36872190115648734,0.34152361937343956
2016-03-22,21080000.0,4.7,15.2,6.842603321266651,5.064198584566523,0.0,0.42273381636175483,0.3752244156359389,0.3755663895517441
2016-03-23,18830000.0,1.0,13.1,5.581022762934096,6.42003898575366,0.0,0.4122721988620642,0.37314572805941765,0.35016123776700603
2016-03-24,19800000.0,1.9,12.8,4.808633417618042,4.920533376493715,0.0,0.4036403692229286,0.3621326016969619,0.3679376493715974
2016-03-25,18780000.0,0.4,11.2,5.262724650594675,5.93516890850793,0.0,0.37352267120232124,0.3359559512011765,0.3115181320569382
2016-03-26,20810000.0,-0.1,11.4,4.766828041494909,4.648168086189014,0.0,0.3668148433602441,0.3253820988178762,0.32400054546344526
2016-03-27,22460000.0,1.5,13.4,4.906936057208975,6.183589997467161,0.0,0.4764568197290916,0.42923474190898947,0.4061572130435215
2016-03-28,23510000.0,5.2,16.4,5.747345500478095,6.988713767708529,0.0,0.5920595052279548,0.5378920525539733,0.5051760598843881
2016-03-29,17910000.0,7.0,17.0,8.964494706340867,11.202893204510932,0.0,0.5838465777499124,0.5413321020640018,0.41605372087117376
2016-03-30,22970000.0,5.4,19.6,7.08381521549002,3.9507932220022526,0.0,0.5309468768437525,0.4757632740602363,0.46205985305280617
2016-03-31,19090000.0,6.8,21.2,6.303333596886959,2.361496857696801,0.0,0.4439659298722396,0.3964949131666599,0.425077362895906
2016-04-01,23850000.0,6.6,23.2,6.805831657657511,3.1277113007517836,0.0,0.6044928188645627,0.5440086849191025,0.5266163070680123
2016-04-02,22240000.0,9.9,23.0,8.349779727182728,5.746608322912367,0.0,0.684289294675279,0.6260500228546056,0.6139761789826824
2016-04-03,8880000.0,8.4,18.1,10.070296802164304,5.47723605777585,0.09000000000000001,0.3207150435613736,0.2990045822285848,0.31559916797776044
2016-04-04,12920000.0,5.3,16.8,8.48747400207948,5.174940515789314,0.0,0.3436752666019848,0.3137180613342864,0.3245428655760409
2016-04-05,24360000.0,7.2,19.0,5.305085900673505,5.01930320704377,0.0,0.5957223087503335,0.5363708510970455,0.5714057158380588
2016-04-06,17160000.0,9.8,23.2,7.740526523236589,8.961117353541473,2.4600000000000004,0.8877099468577454,0.8427286362246484,0.7151708960350601
2016-04-07,12730000.0,8.1,19.7,10.688176339656726,5.519138410130419,0.11000000000000001,0.3727452090223104,0.34116009167004224,0.35384345725150557
2016-04-08,23810000.0,8.2,20.9,10.7856677388596,6.9976928432130805,0.0,0.6027002678140082,0.5427716034309765,0.4739350346292575
2016-04-09,23300000.0,10.5,22.3,10.353037446704187,6.057882940403454,0.0,0.6211817646031953,0.5602277315303322,0.5514420760477151
2016-04-10,23000000.0,7.9,23.2,11.11422243594282,7.368827964067838,0.04000000000000001,0.7474624389648871,0.6883284413448314,0.5371867479401731
2016-04-11,23400000.0,8.1,17.8,7.334683222406409,6.665467049544709,0.0,0.6192418983021553,0.5624275125459579,0.5180567563388881
2016-04-12,20580000.0,11.9,21.9,9.853542409051487,6.851034609972087,0.86,0.6576498516138123,0.6032753604462596,0.583576525378462
2016-04-13,7010000.0,9.7,18.9,14.380182982808824,2.888269287297101,0.27999999999999997,0.16665614426008607,0.14910840469859288,0.1622995387204793
2016-04-14,21910000.0,6.1,20.5,11.082854886571562,6.761243854926581,0.0,0.555620998105104,0.5019923333754989,0.40680568139279566
2016-04-15,25200000.0,7.5,23.0,10.00139879827755,5.2527591701620855,0.0,0.7072363738425357,0.6428517897626526,0.5427566053798036
2016-04-16,12230000.0,9.7,20.8,13.240276177639895,17.05425740830972,2.41,0.5882714343210946,0.5570244714918497,0.38378692838664763
2016-04-17,17900000.0,5.7,15.7,7.692708629640939,12.57669175670717,0.0,0.66060397419573,0.6194672633752913,0.43599457435516625
2016-04-18,23240000.0,5.5,17.4,9.024446126116528,10.75094640411522,0.38,0.6230654183687754,0.5686376751781738,0.4248667691505232
2016-04-19,25150000.0,7.8,17.5,9.050622006970249,3.376132389711016,0.0,0.4772919723393582,0.41665633192890683,0.40417371447551903
2016-04-20,9990000.0,11.2,18.4,10.34713789885048,5.082156735575625,1.9500000000000002,0.3708584159703085,0.34557783081266547,0.35573051802087907
2016-04-21,3640000.0,9.3,16.1,13.80749323063406,5.013317156707404,0.5900000000000001,0.09223393427727436,0.08344769911039274,0.09988186356958069
2016-04-22,24380000.0,10.6,22.7,13.247604529310014,7.9135585446772385,0.0,0.6449937289072589,0.580895830648008,0.4947477266676807
2016-04-23,16620000.000000002,7.6,20.7,7.622596823418439,4.214179436802402,0.0,0.5075581192667078,0.4660915052145837,0.47690299939987335
2016-04-24,23990000.0,8.6,21.3,8.863640066601889,3.3042997856746115,0.0,0.5376816588494798,0.476777417725814,0.48610902694640445
2016-04-25,26170000.0,11.4,24.4,10.355988331180834,3.340216087692813,0.0,0.6288598555138295,0.5583777880236771,0.5657281072749341
2016-04-26,23060000.0,12.5,26.3,11.689072250365871,7.916551569845423,0.15000000000000002,0.9177573844418516,0.8539393731498395,0.723330379156872
2016-04-27,5470000.0,9.5,12.4,11.101666053258944,9.260419870359824,1.74,0.22068122778731122,0.20803012597274545,0.15691971228655568
2016-04-28,17120000.0,8.3,19.5,10.323569298804358,5.124059087930194,0.0,0.4449131514054449,0.4024357587054582,0.3936606857922419
2016-04-29,22450000.0,8.4,20.5,10.397378546935764,7.823767789631733,0.0,0.6257558541713275,0.5693731608708903,0.49242226242235587
2016-04-30,26610000.0,11.3,22.5,8.840508483700715,11.113102449465426,0.0,1.0079121400595334,0.9376057644536748,0.7615191627143874
2016-05-01,26850000.0,11.3,24.9,10.983001643874326,7.024630069726732,0.0,0.8735279829708034,0.8009441177884538,0.6844937144740875
2016-05-02,20500000.0,17.7,25.9,16.10313053907688,13.010680406093782,2.34,0.9580294296464622,0.8989902870796552,0.7009345895022902
2016-05-03,7760000.0,11.6,18.5,10.62763891590037,20.06524072750235,0.8500000000000001,0.8580108986738828,0.8382682967295756,0.49915413199621933
2016-05-04,27510000.0,7.9,21.1,8.902311300343452,12.50186612750258,0.0,1.044287008881935,0.9751208845165712,0.6546649612126181
2016-05-05,26270000.0,15.5,26.2,11.329601566972784,7.305974435535983,0.020000000000000004,0.8994238441616847,0.8249124081607782,0.794753891602628
2016-05-06,11740000.0,8.8,23.2,14.896258560403687,8.18592383498194,0.06999999999999999,0.4190112823640974,0.38854616510320317,0.3336813606931302
2016-05-07,26790000.0,9.5,22.1,10.31474326887854,6.521801841471901,0.0,0.725950792692714,0.6567153861707837,0.5781437175763942
2016-05-08,21450000.0,12.6,24.7,12.577616664501068,4.669119262366299,0.0,0.5980956469082425,0.5395214532267817,0.5449228531724495
2016-05-09,21430000.0,13.9,24.9,12.623210449137508,3.86399549212493,0.6400000000000001,0.5811516519384712,0.5218446275677937,0.5398086333232133
2016-05-10,2730000.0,9.9,14.9,12.88194593827549,5.396424378234895,1.1800000000000002,0.09604595446545866,0.08950292387783845,0.11480648838359682
2016-05-11,26760000.0,10.6,22.4,12.864076797470668,4.53443312979804,0.0,0.6010122731914949,0.5308665929734484,0.4877336425636883
2016-05-12,26330000.0,13.3,23.8,14.19609623501142,8.871326598495967,0.0,0.7835144158500452,0.7117447434390711,0.580031907953179
2016-05-13,24290000.0,12.2,21.7,11.672666658388493,6.435004111594578,0.0,0.6729293425392253,0.6086897968979949,0.5426480378369499
2016-05-14,26750000.0,12.4,24.5,14.340840989931262,5.480229082944033,0.0,0.6745479201276381,0.6017663501522632,0.546185130500738
2016-05-15,20030000.0,10.5,25.5,15.34909405814862,11.289690934388254,1.7800000000000002,0.8060009142335153,0.7519543463799317,0.5221762008044533
2016-05-16,26830000.0,9.7,20.7,9.651998001148389,8.757591642104995,0.0,0.794501609058204,0.7260247455383778,0.5969048066717515
2016-05-17,28310000.0,12.4,25.4,13.822703854303802,3.4060626413928508,0.0,0.6702566728098294,0.5926005462693985,0.5599700943625718
2016-05-18,28240000.0,14.5,28.6,13.090827979025375,2.9990112185198914,0.0,0.7552787158011662,0.6742692569328073,0.6546115664364074
2016-05-19,25680000.0,14.0,28.9,13.743011990885332,4.076500279065961,0.0,0.8020126201737614,0.7284640086000872,0.6705413530836284
2016-05-20,28310000.0,13.6,28.3,11.685789510284497,5.106100936921093,0.0,0.9413932751752215,0.860964111826554,0.768218776850311
2016-05-21,28060000.0,13.3,27.7,10.253146885711864,6.315283104867237,0.0,1.040984385116062,0.9618551514375367,0.8343599395293344
2016-05-22,28060000.0,14.2,28.6,11.653006687022069,5.438326730589464,0.0,0.9700693514712997,0.889768500730522,0.7992144383460554
2016-05-23,23900000.0,18.9,28.8,14.301593549405096,6.051896890067086,0.79,0.8533009325800693,0.7823222525986254,0.7910296918001869
2016-05-24,7370000.0,13.1,19.4,15.775473084117797,5.851364203798791,1.6100000000000003,0.24108881285929334,0.2218665569181503,0.20490934219808507
2016-05-25,27570000.0,15.1,25.2,15.664730630176148,4.893596149980063,0.0,0.7096082896241247,0.6323167244865929,0.5746245719623909
2016-05-26,22110000.0,16.9,25.8,16.392503397389387,4.268053889829706,0.0,0.6200777483480723,0.55685498889157,0.5357487848037621
2016-05-27,23690000.0,17.1,28.5,15.27833074505102,3.364160289038282,0.0,0.661911764147273,0.5926301311541982,0.6141369257640829
2016-05-28,22860000.0,16.8,27.0,13.656193795037197,3.007990294024442,0.03,0.6224891587028931,0.5565500649983292,0.5819136572497753
2016-05-29,18710000.0,14.9,25.9,13.57360154661116,4.447635399920717,0.0,0.5862958371598047,0.533621688597918,0.5547488814828937
2016-05-30,28600000.0,15.1,28.8,15.495689582416224,5.315612698693939,0.0,0.8785310068453407,0.7959705867032525,0.7137849436429186
2016-05-31,25340000.0,16.0,27.8,16.02066142442484,6.6295507475265065,0.0,0.80102853333531,0.7279359421509854,0.6822546659236123
2016-06-01,27820000.0,16.1,27.9,13.310039570024694,4.639189010684463,0.0,0.7994832270574859,0.7191118660755543,0.7271719465290136
2016-06-02,25940000.0,15.5,28.7,14.431469248261568,5.136031188602928,0.0,0.8308920618303988,0.7558355265836902,0.7152164640285461
2016-06-03,25280000.0,20.0,28.8,12.640785170222808,3.585644151483862,0.04000000000000001,0.7624529154306401,0.686791046805485,0.7351551304707005
2016-06-04,9920000.0,15.5,24.2,14.884074589623753,2.615903996992401,0.21000000000000002,0.33064020465128946,0.3029717227388864,0.3356628170809789
2016-06-05,25930000.0,17.8,28.8,13.588585593844805,8.754598616936809,0.0,1.0449247431176019,0.9685278797824364,0.9067949353475087
2016-06-06,10190000.0,17.1,23.8,17.15896409033801,5.243780094657535,0.0,0.396973097070319,0.36826125133452453,0.36985310578702085
2016-06-07,15660000.0,18.2,26.8,16.521087758537668,3.843044315947646,0.010000000000000002,0.5214152411881223,0.47582447686543733,0.4974324976563745
2016-06-08,15410000.0,16.3,26.6,16.839639049147998,4.205200361297853,0.0,0.4964159895842005,0.4522810945549825,0.4672449463922829
2016-06-09,26550000.0,19.5,30.4,16.374836697064712,2.9660879416698727,0.0,0.7396796858481041,0.6596134413145578,0.6798433165724538
2016-06-10,22020000.0,20.2,31.0,19.40801426960452,4.327914393193376,0.0,0.7166124488939568,0.6496274579597845,0.6620552985077761
2016-06-11,19800000.0,21.4,28.8,22.57505548669465,5.315612698693939,0.4,0.6496698020211238,0.5898380779929289,0.546026794261878
2016-06-12,8109999.999999999,20.6,26.4,22.975829745266168,4.049563052552309,0.020000000000000004,0.30727913434617793,0.2833150325808814,0.2912381819734053
2016-06-13,25070000.0,20.1,30.3,18.421345478318635,3.837058265611278,0.010000000000000002,0.7508041481621288,0.6749455446564023,0.6767359050477963
2016-06-14,22600000.0,19.7,30.6,18.73198545610769,4.639189010684463,0.0,0.7373983673224646,0.6690595910663961,0.6775037529334043
2016-06-15,14510000.0,18.9,28.9,20.879019393858208,9.529792135496342,0.6200000000000001,0.6679851792688287,0.6248623390351664,0.5724332761928675
2016-06-16,17920000.0,16.3,24.8,17.87069495202709,8.182930809813756,0.0,0.6060194113139405,0.5554429034556995,0.4696775303964394
2016-06-17,28070000.0,18.9,29.2,17.709284179214748,4.941484552670999,0.0,0.832950554598004,0.7493502538224961,0.7166692975546148
2016-06-18,26360000.0,21.6,30.5,18.866515610723244,4.2500957388206055,0.13999999999999999,0.8179141751603332,0.7372551542559644,0.7291743603058025
2016-06-19,23910000.0,19.5,29.3,20.333680164686765,5.429347655084913,0.0,0.7477436705111236,0.6761821484056069,0.6321780741977199
2016-06-20,24640000.0,20.6,31.8,17.818333288078534,3.1067601245744987,0.0,0.7338925730134094,0.6583510869559698,0.6865852354531076
2016-06-21,20040000.0,20.8,30.9,21.38686232628131,4.073507253897777,0.0,0.6506840143116088,0.5895222915084428,0.5928629571810393
2016-06-22,14910000.0,19.7,29.4,22.48747721554254,6.072848066244372,0.19,0.552043510269519,0.5073255609397206,0.4947769473449356
2016-06-23,22710000.0,21.4,32.8,22.83367521022918,4.7948263194300065,1.89,0.7613756278176486,0.6909608157539849,0.6872944227635704
2016-06-24,8970000.0,18.9,25.5,21.364559483620834,8.530121729323046,3.9299999999999997,0.4112111122237322,0.385216566314868,0.34814926282889636
2016-06-25,24150000.0,16.7,25.8,17.488262386520493,10.406748509774115,0.05,0.84300848201397,0.774063303933672,0.6060067547022285
2016-06-26,23450000.0,18.2,28.0,19.70199574212382,5.465263957103116,0.0,0.6993667701771632,0.6304798461199769,0.5770038088206298
2016-06-27,15630000.0,18.5,28.4,20.17411937965025,3.1845787789472704,0.010000000000000002,0.4739421279912815,0.42779086876839073,0.43721644517170477
2016-06-28,21320000.0,19.5,28.7,20.29102295908857,4.342879519034295,0.0,0.6447941779980014,0.5812523516545746,0.5585146222686994
2016-06-29,16000000.0,19.9,28.1,22.319001594685282,4.90856127582098,0.15000000000000002,0.5207000752202249,0.4730813646761436,0.4496717996955855
2016-06-30,15690000.0,22.8,28.3,25.520239334578473,8.173951734309206,0.06999999999999999,0.6017358994716275,0.554038272381856,0.46977106624903814
2016-07-01,7160000.0,21.8,28.3,26.84488260767829,13.723020396121461,2.29,0.44389762990587983,0.42227610923038333,0.3449628209175038
2016-07-02,12630000.0,21.6,28.0,25.036029153240822,6.369157557894541,0.03,0.4641699208587923,0.4261596721239681,0.38885756001260907
2016-07-03,4210000.0,20.2,23.7,23.40694796540301,4.037590951879575,6.28,0.1565276920817841,0.14437456729863057,0.16271765683290745
2016-07-04,2550000.0,20.8,24.9,27.477310961531604,8.000356274554562,3.04,0.06755423114706738,0.06009114273588421,0.07019809386560742
2016-07-05,13420000.0,22.8,29.7,28.97712276000072,11.448321268301981,1.02,0.552102703537491,0.5109332476668976,0.3989054094051611
2016-07-06,6670000.0,22.4,26.2,27.595585899620183,6.922867214008493,0.63,0.2506950165697197,0.23075986750890523,0.2012516092072249
2016-07-07,11250000.0,20.8,28.0,26.87211279018988,3.783183812583975,0.03,0.3341278427287332,0.3004571140090735,0.2784520949123938
2016-07-08,23280000.0,22.2,31.4,26.138656157225054,2.594952820815116,0.03,0.6515697459463529,0.5796548667421819,0.5399000929258378
2016-07-09,26070000.0,22.1,31.8,25.689998320163273,3.0259484450335434,0.0,0.7336148511767282,0.6529312639860712,0.6042035720654039
2016-07-10,20680000.0,23.1,31.1,26.84488260767829,2.3465317318558836,0.0,0.5889997757452794,0.5248791983134623,0.49164575924660037
2016-07-11,17700000.0,23.3,30.8,27.077109200105262,3.908890869647683,0.13,0.5647829580073891,0.5099359160931498,0.4794668283514061
2016-07-12,13360000.0,23.7,29.1,26.933468913555824,3.8191001146021772,0.18000000000000002,0.44503755567663444,0.4039738108491143,0.3854065863551446
2016-07-13,18550000.0,21.4,30.1,25.260985442235263,5.2527591701620855,0.1,0.5993771968356317,0.5428367578101099,0.4999674176430434
2016-07-14,18070000.0,21.3,29.1,23.667780976412786,5.106100936921093,0.12,0.5893293776602807,0.534651876050848,0.4987568737601437
2016-07-15,14100000.0,20.8,29.0,22.09991241713085,9.254433820023458,1.67,0.6657097686507194,0.6232176019158809,0.5693545344580834
2016-07-16,7920000.0,21.3,25.7,25.57889080678068,8.73963349109589,0.8400000000000001,0.3170992488567792,0.29369657487636636,0.24494072833243002
2016-07-17,15300000.0,19.3,26.4,22.557516004146425,6.689411250890178,0.020000000000000004,0.493177803718672,0.448399273251573,0.38768458232778225
2016-07-18,18300000.0,19.0,27.7,22.67467139401119,3.8460373411158293,0.0,0.5084563177615652,0.45450003481700324,0.42074770453826815
2016-07-19,21480000.0,22.4,30.7,25.56584697836194,4.28002599050244,0.0,0.6585730427845242,0.5924260581931503,0.5477989652276302
2016-07-20,22310000.0,22.3,30.6,23.980432634612605,7.051567296240384,0.0,0.7915256890785549,0.7229094567575018,0.6498834969807242
2016-07-21,21020000.0,23.0,31.1,25.703097472517662,5.261738245666637,0.0,0.6968471384775009,0.6317124028256755,0.5843515994428156
2016-07-22,22860000.0,23.1,32.4,27.64441639411454,4.450628425088901,0.0,0.7135686588977442,0.642129386951437,0.5897321104151778
2016-07-23,21880000.0,24.1,32.5,28.774072492843075,3.528776673288376,0.0,0.6699133716251068,0.6010930861120694,0.554796380511835
2016-07-24,19140000.0,24.6,31.3,30.60887786692684,4.342879519034295,0.0,0.5972433110705423,0.5372873510460964,0.4724435931588216
2016-07-25,21120000.0,24.1,32.1,28.85369365369683,4.971414804352834,0.0,0.6875334943816677,0.6212584176804258,0.561149729040922
2016-07-26,21230000.0,25.1,32.1,28.730723646453594,7.590311826513418,0.0,0.7978351911121261,0.7308281213943286,0.6374876140934308
2016-07-27,17440000.0,25.6,31.4,29.54197254043082,9.308308273050763,0.22999999999999998,0.7373147747555957,0.6823329722531579,0.5784917049600857
2016-07-28,20980000.0,23.7,31.2,26.967608484806185,7.395765190581488,0.09000000000000001,0.7597047009043579,0.6943760679133424,0.6082162399890741
2016-07-29,19170000.0,24.4,32.4,31.3334887115026,6.5038436904628,0.04000000000000001,0.6558947733141582,0.5955285347008489,0.5132760094467219
2016-07-30,22120000.0,25.3,33.1,30.93851428108509,4.196221285793301,0.0,0.7052142000446359,0.6349238323314342,0.5717254834474176
2016-07-31,22890000.0,24.7,33.4,29.77207779927636,3.4180347420655854,0.0,0.7030172044561347,0.6304017191006677,0.581772886343671
2016-08-01,16850000.0,25.0,31.4,28.3931250648825,2.4872039147605087,0.010000000000000002,0.517222804890242,0.46428525522567493,0.4442650982891756
2016-08-02,9930000.0,23.6,29.4,28.364553823139925,2.720659877878824,1.32,0.3239062146895965,0.2933463726480902,0.29083694130311544
2016-08-03,16890000.0,24.0,31.8,27.186997988905436,2.068180391214815,0.010000000000000002,0.503286572319972,0.45040996577580056,0.4386019317861997
2016-08-04,21020000.0,25.3,33.4,28.371694279796003,3.573672050811129,0.010000000000000002,0.6814084205271791,0.6145023505491711,0.5896040150517994
2016-08-05,21390000.0,26.0,35.0,28.60101890964654,2.442308537237756,0.0,0.6714894235576486,0.6025586363120892,0.5882689604423932
2016-08-06,21750000.0,26.1,34.8,29.60120547903663,2.7266459282151905,0.020000000000000004,0.6872192611905646,0.6171650470566541,0.5936599806095004
2016-08-07,20940000.0,26.5,34.5,27.546830730654694,2.8523529852788987,0.010000000000000002,0.6824283013484627,0.6149476709173258,0.6098765652546447
2016-08-08,22760000.0,25.6,35.9,27.512051673286415,3.9537862471704357,0.04000000000000001,0.7836926906148681,0.7101560249536822,0.7140059946744101
2016-08-09,19010000.0,25.3,33.6,29.17410439198506,3.4419789434110535,0.010000000000000002,0.6244476653930395,0.5638726537344293,0.5464515886967535
2016-08-10,20770000.0,26.2,34.1,27.94603355187062,4.055549102888675,0.0,0.7200651143973242,0.6533789924182775,0.6430788089548466
2016-08-11,24850000.0,25.8,36.4,25.83441028851711,3.3282439870200795,0.0,0.8131630312278395,0.7325849856935505,0.7465322193162471
2016-08-12,24810000.0,25.8,36.7,25.520239334578473,4.052556077720492,0.0,0.8577933013147149,0.7772225819334022,0.8023530497804018
2016-08-13,24170000.0,25.7,35.9,27.82644792386056,4.7948263194300065,0.0,0.8527317049563499,0.7745990513505887,0.7667388754413513
2016-08-14,20370000.0,25.7,35.6,28.385979900376388,4.717007665057235,0.020000000000000004,0.7510364996040502,0.6852900028646899,0.6913194973542992
2016-08-15,21510000.0,25.3,35.4,24.060703298857188,4.779861193589088,0.0,0.8082241436417326,0.7390157291298396,0.779453318799949
2016-08-16,20580000.0,25.5,34.3,23.136678223087078,2.116068793905752,0.010000000000000002,0.628493462098741,0.5625938813992168,0.5828412298352443
2016-08-17,20530000.0,25.1,35.2,23.88195943572758,2.756576179897026,0.0,0.6664369291438894,0.6005213738126505,0.6328601545303794
2016-08-18,17090000.0,26.2,34.6,25.13864814527259,3.190564829283637,0.0,0.6166476496021089,0.5616316409907411,0.5985838198774159
2016-08-19,23250000.0,26.1,37.0,23.8022104573165,3.169613653106353,0.0,0.7775693559659029,0.7018372998682051,0.7496154433465053
2016-08-20,22550000.0,26.1,36.8,21.24780317089807,5.0252892573801375,0.0,0.8965723807434914,0.8231936902267835,0.9141296774140695
2016-08-21,21130000.0,25.0,35.9,21.91687799074168,4.001674649861372,0.0,0.7660668306269351,0.698009564206267,0.7691105389178292
2016-08-22,18960000.0,26.2,35.8,23.521888159247748,4.354851619707028,0.0,0.7473892369710297,0.6859726092483056,0.7530238326028641
2016-08-23,14640000.0,25.2,32.5,24.104023179371744,4.139353807597814,0.020000000000000004,0.5780189677884812,0.5316799480800494,0.5716953486539929
2016-08-24,20850000.0,24.4,35.5,20.79722769049922,3.0439065960426444,0.0,0.688762391687068,0.621962343549783,0.6893629928265106
2016-08-25,17990000.0,25.4,34.9,24.0730734570373,5.411389504075813,0.12,0.7546817302644603,0.6969213386225224,0.7512995365849818
2016-08-26,3100000.0,20.4,24.6,18.067051290327523,10.62224632188333,0.51,0.48827840675473533,0.47925341509443375,0.48048165727960457
2016-08-27,14290000.0,18.4,28.5,14.94508204621818,8.98506155488694,0.54,0.7941846407588606,0.7519900473938504,0.758521897083344
2016-08-28,10590000.0,17.6,24.9,17.37633578586389,7.61724905302707,0.26,0.48829311459775876,0.45806001166316845,0.4472499467497989
2016-08-29,20200000.0,17.8,26.2,15.647754020167126,9.083831385436998,0.0,0.7939403581852291,0.7355830076519789,0.6665247546303117
2016-08-30,11880000.0,18.6,24.1,16.77189432656147,16.59931758274583,0.35000000000000003,0.8582091707896445,0.824238732872718,0.5905260988773839
2016-08-31,13880000.0,19.5,24.8,19.04216592471857,16.11744053066828,0.34,0.7976831321736259,0.7574907248994825,0.5375504261950218
2016-09-01,20850000.0,21.4,30.6,20.629079802972424,9.481903732805407,0.27,0.8861662686257384,0.8224084869538112,0.7633876274092308
2016-09-02,9780000.0,20.2,25.5,22.804156699163872,8.048244677245497,1.05,0.38729050844259055,0.3586673693596999,0.32119775677258433
2016-09-03,14490000.0,21.5,29.9,21.991075134168597,3.3970835658883005,0.0,0.4688512401820132,0.4247145981536608,0.4521035513478166
2016-09-04,16250000.0,22.4,31.3,25.37088577595218,4.57633548215261,0.53,0.5413975847614589,0.49116804033774064,0.4947399837020917
2016-09-05,15330000.0,20.2,30.3,24.104023179371744,3.148662476929068,0.06999999999999999,0.4424748848104255,0.39605717211168256,0.40598704875280733
2016-09-06,14370000.0,20.7,30.0,21.104021706546835,3.100774074238131,0.0,0.45186479727591244,0.40829571007833626,0.44369725716832864
2016-09-07,17030000.0,19.7,29.3,20.494344770679707,3.8879396934703987,0.18000000000000002,0.5134446377387123,0.4624037557930444,0.4859101039699471
2016-09-08,17370000.0,18.8,27.8,21.29221575184191,3.9507932220022526,0.22999999999999998,0.4756292296583555,0.42445246467062603,0.4215365356453974
2016-09-09,16980000.0,19.1,27.7,21.09850869813629,3.513811547447458,0.010000000000000002,0.4599693598519397,0.4098684275209311,0.4125921572650366
2016-09-10,13730000.0,18.7,28.5,20.47285881473998,4.441649349584351,0.0,0.4454263816034768,0.40479701069201973,0.43230161629916414
2016-09-11,12830000.0,20.9,27.9,20.494344770679707,2.789499456747045,0.16000000000000003,0.3913246875640921,0.35292509205536027,0.3811123856310706
2016-09-12,16239999.999999998,18.6,27.8,20.232497242455015,3.7652256615748745,0.0,0.4556810908722773,0.40790385926397843,0.42246110440132173
2016-09-13,17210000.0,20.1,29.2,19.485002855835052,4.265060864661523,0.0,0.5403178621234223,0.48863049136989006,0.5224458450435943
2016-09-14,15220000.0,19.6,28.8,20.015655979696703,2.9301716396516704,0.0,0.434196515553298,0.3887710755088415,0.4207282567729166
2016-09-15,16820000.0,22.3,29.8,19.15837179837949,1.7209894717055267,0.0,0.4443953618033588,0.3929278074933632,0.4242370524445184
2016-09-16,3760000.0,18.9,24.2,20.96109252454962,4.755916992243621,5.8100000000000005,0.19423596819405534,0.18345000624840976,0.21751295244804392
2016-09-17,2280000.0,19.0,21.0,20.333680164686765,10.110439018123946,9.38,0.18847289571570303,0.1820972654003782,0.18450714176722968
2016-09-18,5530000.0,18.2,23.4,18.39688599992889,7.799823588286266,0.020000000000000004,0.34418085344482835,0.32850860301976975,0.33054446377182956
2016-09-19,13490000.0,15.0,24.0,14.96138772933716,10.13139019430123,0.0,0.5979164989813895,0.5605179150215521,0.5069908612298631
2016-09-20,20880000.0,13.2,23.8,13.406028613664459,6.327255205539971,0.0,0.563332603451733,0.5064702528979653,0.5056247595839041
2016-09-21,16480000.0,16.5,23.5,14.799031482532037,5.803475801107854,0.0,0.5069614599433103,0.4608779566114888,0.46680936440295734
2016-09-22,12390000.0,17.4,23.8,16.812512418652336,2.1519850959239544,0.0,0.3063851128656724,0.27138714252462565,0.2974590786993455
2016-09-23,14990000.0,18.6,24.9,17.789829101234325,1.4336590555599082,0.0,0.3322475239789207,0.2891108797491096,0.30774362574609143
2016-09-24,14050000.0,17.7,25.9,19.209089539794732,1.864654679778336,0.0,0.32461065672574624,0.28414724438117844,0.303016409171426
2016-09-25,9060000.0,16.7,24.5,19.12799749213775,3.504832471942907,0.0,0.2630109177337059,0.23741918155211722,0.2607506488616097
2016-09-26,12370000.0,20.4,27.0,22.709921630771277,3.385111465215566,0.04000000000000001,0.3471550775311668,0.31049734375841,0.3204857975965634
2016-09-27,13630000.0,18.8,27.7,22.91650490373455,4.456614475425268,0.0,0.3765402372514807,0.3364119883654466,0.3398689410969642
2016-09-28,14080000.0,19.0,26.6,19.889671071328014,5.034268332884688,0.08000000000000002,0.43254276730925023,0.3913656718030242,0.4064049763758323
2016-09-29,4890000.0,17.4,20.0,15.20371713797638,8.335575093391116,0.0,0.3646793170689274,0.3513139462790349,0.340198975142515
2016-09-30,2600000.0,15.3,18.9,17.497618068909834,3.121725250415416,0.71,0.08412007679838074,0.07722374772070484,0.11024814426977621
2016-10-01,9310000.0,17.1,23.0,19.072420812994945,3.121725250415416,0.29,0.24032565210703663,0.21426964776640728,0.22927088009542063
2016-10-02,9550000.0,20.1,25.7,22.952083710657742,8.913228950850536,0.13999999999999999,0.377577301370575,0.34960640533397247,0.31629667880494683
2016-10-03,8350000.0,15.9,25.4,22.266941068738355,5.5311105108031535,0.13,0.2148606698789856,0.19125491326047633,0.19711781494352465
2016-10-04,17570000.0,17.6,26.7,18.460539918916098,13.073533934625635,2.66,0.7452790896557888,0.6944015251164012,0.5774738892912543
2016-10-05,6430000.0,13.8,23.6,17.751885697391014,7.1353720009495225,2.9800000000000004,0.255164924449949,0.23759041848287143,0.25949300119866736
2016-10-06,18540000.0,14.2,22.4,14.606247342169326,5.677768744044146,0.0,0.443868923447755,0.39356382972640896,0.39763688254706187
2016-10-07,11280000.0,16.8,23.2,17.246548937680057,5.698719920221431,3.64,0.3542353445892184,0.32269275250287444,0.3347132106905457
2016-10-08,6770000.0,8.7,20.4,11.174036087713533,10.451643887296868,0.76,0.42295819508829274,0.40591841945313434,0.3916799362883467
2016-10-09,18550000.0,8.3,15.6,7.894846777337604,5.3455429503757745,0.0,0.38999227076252996,0.34601196049300426,0.3640951692228137
2016-10-10,15410000.0,10.8,18.7,10.933372605147468,2.7595692050652096,0.0,0.28298088446414943,0.2440264391112525,0.28590871859010447
2016-10-11,12940000.0,12.5,19.3,12.183954956847245,3.247432307479124,0.0,0.2792620913052833,0.24575155504599877,0.2831715856889291
2016-10-12,16460000.0,11.2,19.2,10.159908549094528,3.3940905407201174,0.0,0.3275241370573945,0.2855141044992008,0.33877883703187167
2016-10-13,12910000.0,8.7,19.8,9.797189362038015,2.5530504684605466,0.0,0.25417822946050883,0.22189686344388448,0.2844591049490756
2016-10-14,17020000.0,9.7,22.5,12.707765442013566,3.783183812583975,0.0,0.338177285120698,0.2939206827595871,0.33689419648930896
2016-10-15,15270000.0,14.5,23.6,14.57831803104379,5.399417403403079,0.0,0.4047939725214345,0.36279502028773164,0.4027018981869889
2016-10-16,2480000.0,13.1,18.5,15.917019710927747,3.340216087692813,2.2399999999999998,0.08390168061887708,0.07749243059370399,0.11330511818538254
2016-10-17,12640000.0,13.3,21.6,15.605383110034278,3.86399549212493,0.0,0.26411304424549586,0.230359330010404,0.25679968449180873
2016-10-18,13130000.0,12.7,21.6,15.411770989572995,3.1755997034427197,0.0,0.2488873968127901,0.2140271300788501,0.2447429096168861
2016-10-19,14730000.0,10.8,22.2,14.502746137796974,3.6365255793429823,0.0,0.27039811897295307,0.23178653939104626,0.274036021429996
2016-10-20,12780000.0,15.0,22.8,14.570346845663927,9.742296922437372,0.0,0.5101309440416545,0.4750745930283481,0.4513256281063961
2016-10-21,5170000.0,14.1,17.4,13.000430414899476,7.865670141986303,0.020000000000000004,0.29545470514869165,0.28210723924222647,0.27571266927381505
2016-10-22,9420000.0,15.6,20.6,14.25462115730811,6.414052935417294,0.0,0.3428487979853486,0.31738362070349635,0.3378092868612261
2016-10-23,5650000.0,10.6,15.6,10.79790903284317,10.729995227937936,0.13,0.35065988147243654,0.33689404667189965,0.28405132171930403
2016-10-24,14160000.0,12.9,19.1,11.42578344058816,6.952797465690328,0.13,0.4037010054212436,0.36695602582888737,0.3827963617649482
2016-10-25,5320000.0,10.2,19.9,14.05649661553512,6.6295507475265065,1.09,0.19542697722692753,0.18189210063624262,0.21085940074047374
2016-10-26,10870000.0,7.5,17.6,11.477373600901164,4.920533376493715,0.010000000000000002,0.20769485670993584,0.18154957453732354,0.21532307987432747
2016-10-27,6760000.0,13.2,18.1,12.814159058167135,8.655828786386753,0.52,0.32671045142797417,0.3092940867505144,0.29668110872519676
2016-10-28,3280000.0,7.9,16.7,10.076057126307802,7.150337126790441,0.010000000000000002,0.246623973126117,0.23878150064796091,0.2591832947396857
2016-10-29,7300000.0,1.9,11.8,6.048983987572501,5.124059087930194,0.0,0.21538424808470133,0.20030584883640173,0.23491968940269045
2016-10-30,15120000.0,5.9,12.6,5.545212579586526,3.576665075979312,0.0,0.24826394216142705,0.21481994158274823,0.28449980314334955
2016-10-31,4280000.0,0.7,10.9,5.7001297755767695,7.997363249386377,0.0,0.2647663732232007,0.25620484172134234,0.2508900165739202
2016-11-01,15090000.0,-1.8,6.7,3.9261998368953175,5.73164319707145,0.0,0.23372370152924543,0.20671852623868792,0.22644513369605507
2016-11-02,14360000.0,2.3,10.0,6.001405335785027,5.258745220498453,0.0,0.22080787386505557,0.19176984127353544,0.2212679351702195
2016-11-03,8990000.0,3.5,13.1,7.6904381049107196,5.638859416857761,0.0,0.2026590201675375,0.1832904475377881,0.21509159267613503
2016-11-04,12670000.0,9.0,15.5,10.403303309606557,7.87165619232267,0.0,0.2892426411900616,0.2589849663592554,0.25835877884577146
2016-11-05,9950000.0,9.3,18.3,12.835531487708225,8.126063331618269,0.0,0.23770622812459702,0.21307395613604602,0.22387727018314224
2016-11-06,11520000.0,10.0,14.9,10.096241120688008,11.331593286742825,0.0,0.3883525577708526,0.3607095238397833,0.29990763499243434
2016-11-07,10330000.0,5.5,17.9,10.694246745243774,7.1293859506131545,0.8,0.23149622956628244,0.20715381630423257,0.24267890522702745
2016-11-08,12550000.0,-1.8,8.4,4.127231559164661,8.826431220973214,0.0,0.31169825596778156,0.2885643563009175,0.2712933081647121
2016-11-09,13860000.0,-0.0,7.6,4.498612774699691,4.38178884622068,0.0,0.18478905729320358,0.15880307262257196,0.20437133639314106
2016-11-10,6590000.0,4.4,12.7,8.723109603497123,5.171947490621131,0.36000000000000004,0.14535311323806271,0.13105517017330093,0.15990552411169473
2016-11-11,10370000.0,2.2,13.7,7.697251454173199,6.2494365511672,0.0,0.19765337097643362,0.17553289229164765,0.2183279091487028
2016-11-12,9200000.0,7.1,16.5,9.129551659494169,5.26473127083482,0.0,0.22776634798540668,0.20603358637324326,0.2617301320126689
2016-11-13,8020000.0,8.3,18.7,12.109245153305082,5.267724296003003,0.0,0.1812967229936266,0.16157647376190037,0.2123519866808655
2016-11-14,9040000.0,5.5,20.0,11.581169110822826,6.264401677008117,0.0,0.24119095061559742,0.21934453244730273,0.2487694412323523
2016-11-15,12880000.0,2.2,10.1,5.274100044554754,4.821763545943658,0.0,0.20352964765876833,0.17748439279952183,0.2327049596597454
2016-11-16,10870000.0,2.6,11.4,5.311629733071476,3.543741799129293,0.0,0.17509345418966699,0.15254042831245326,0.2229858833409902
2016-11-17,11460000.0,3.0,14.4,7.508478350714133,4.869651948634594,0.0,0.18574023766562237,0.16077198315027172,0.2281894066469523
2016-11-18,7330000.0,7.1,16.1,11.400064955929238,4.357844644875212,1.26,0.12460450108853391,0.10737395592398172,0.1488001397547376
2016-11-19,2660000.0,9.3,16.1,13.551152694245905,5.26473127083482,0.04000000000000001,0.07883946430164042,0.07241875398738076,0.092712697818779
2016-11-20,11400000.0,5.4,13.9,7.0270104369313655,5.1180730375938275,0.0,0.22332139134496617,0.19783239520956364,0.26399851241463923
2016-11-21,4540000.0,5.0,14.8,9.853542409051487,4.818770520775474,0.0,0.12214745290793132,0.11192886432510159,0.1529122348948417
2016-11-22,7610000.0,-2.4,5.3,3.4271127265177626,8.50917055314576,0.04000000000000001,0.2741107487708981,0.26097334044295156,0.2358965007970431
2016-11-23,10800000.0,-3.0,5.0,2.9822386896011155,7.4556256939451595,0.0,0.2570840986370464,0.2387470706173124,0.24106683698924228
2016-11-24,11430000.0,-1.8,2.5,3.0197232159231966,5.453291856430381,0.0,0.18309319387670103,0.1641559113459269,0.19112197624127433
2016-11-25,10010000.0,-2.4,5.8,4.335970956960231,3.283348609497327,0.0,0.10556813771198192,0.0881291892102813,0.13782390328870545
2016-11-26,3280000.0,-1.0,4.7,5.287127140644496,2.5320992922832617,0.15000000000000002,0.06968013759893912,0.06393474444904683,0.08821014120396245
2016-11-27,8060000.000000001,-1.1,8.9,6.147005386722224,4.914547326157347,0.0,0.11045655263322333,0.0952941253548162,0.13650221590676898
2016-11-28,11530000.0,-2.0,6.0,4.124614311827028,5.300647572853022,0.0,0.1573316585140218,0.13702576128640007,0.17991873087210566
2016-11-29,11380000.0,-0.7,7.3,4.4034403829746,4.6122517841708115,0.0,0.1523823563692413,0.1314051628864594,0.18694454575806746
2016-11-30,4660000.0,3.4,10.8,8.36932890045455,5.599950089671375,0.15000000000000002,0.10582703455620464,0.09612975126421687,0.12028301444709773
2016-12-01,8830000.0,-2.3,9.0,4.2599864619194365,7.787851487613531,0.0,0.2454680925431832,0.22916353235073744,0.25048310204969304
2016-12-02,11200000.0,-0.5,6.7,5.017899057885914,4.453621450257084,0.0,0.12162239726157278,0.10111850560657391,0.15089214602723794
2016-12-03,10290000.0,1.1,8.9,5.981375736266893,2.2986433291649466,0.0,0.08123574296610116,0.06116668943431116,0.12073662856469425
2016-12-04,5800000.0,2.3,8.7,7.111310019018164,4.597286658329893,0.0,0.1002482869539475,0.08875480224011312,0.11872535212368415
2016-12-05,7070000.0,-1.7,12.6,6.252098535329569,11.140039675979079,0.020000000000000004,0.3409770306298836,0.3269889580458156,0.2538241493943536
2016-12-06,11230000.0,-2.5,3.9,3.137779413227155,4.866658923466411,0.0,0.15562246625591886,0.1367683018418838,0.18401361997560023
2016-12-07,4940000.0,-1.4,7.5,5.858863432657203,4.779861193589088,0.0,0.09682859834353444,0.0878005254270729,0.11892179251928192
2016-12-08,9920000.0,0.2,7.7,6.569066614555266,6.61458562168559,0.18000000000000002,0.10632578413999132,0.08763307761535863,0.11699510370561383
2016-12-09,7990000.0,-4.1,5.1,4.008350760953395,7.383793089908755,0.0,0.17001157366897,0.15669802688492784,0.16973332003945915
2016-12-10,11110000.0,-4.1,4.3,3.0137769106281196,3.9627653226749864,0.0,0.12500503666912569,0.10677319226202461,0.16672713423169055
2016-12-11,11170000.0,-2.4,5.0,3.318779868509582,3.4868743209338064,0.0,0.11678358713268464,0.09760642038612714,0.16331092970785202
2016-12-12,7430000.0,-1.2,8.9,5.259478529585605,2.5889667704787485,0.0,0.0860689261193128,0.07211506763916668,0.130308311945804
2016-12-13,8380000.000000001,-2.3,9.0,5.329662126240795,5.770552524257836,0.0,0.1365316864775849,0.12105804951125473,0.17047640030713782
2016-12-14,4940000.0,-2.9,2.2,4.373033739879214,7.231148806331396,0.0,0.12417376376278837,0.11620716088982488,0.1133510960201575
2016-12-15,8950000.0,-4.8,0.2,2.5042091466518106,9.879976080173815,0.0,0.2560639162408346,0.24272290284970843,0.19358379275253312
2016-12-16,10440000.0,-3.9,1.5,3.6720805908965684,6.964769566363062,0.0,0.13559205662084298,0.11931320104258851,0.13243309015483012
2016-12-17,8580000.0,-0.8,8.8,5.777251105009077,5.779531599762385,0.0,0.1307083593906512,0.11451364592298352,0.1585598302049375
2016-12-18,5770000.0,1.7,9.5,7.222234066848884,4.372809770716129,0.03,0.09148516606385013,0.08001509469788186,0.11719192033917891
2016-12-19,5740000.0,5.9,14.0,10.29711114036792,3.6036023024929635,0.0,0.08419079408642326,0.07125417358518116,0.11480992095195944
2016-12-20,8320000.0,2.0,12.1,7.604595270562907,4.8906031248118795,0.0,0.11623951889223112,0.09895156153280368,0.15581121405882267
2016-12-21,6870000.0,3.8,14.7,11.994576882851018,12.055905377443239,3.3200000000000003,0.03631754447255408,0.021121758495336915,0.04471596928693484
2016-12-22,2069999.9999999998,0.7,8.5,7.117668341954769,12.513838228175317,0.39,0.15402936967723063,0.1500441136668456,0.12329776429817103
2016-12-23,3860000.0,-3.6,1.9,3.9236959780109064,10.02064826307844,0.05,0.18581756227124596,0.17971400159798329,0.13939467362930597
2016-12-24,10150000.0,-2.9,3.0,3.8480055124326427,3.4539510440837877,0.0,0.08738722860564203,0.07076277953434149,0.11875179442822277
2016-12-25,10380000.0,-1.2,9.1,6.401124486659113,3.2204950809654727,0.020000000000000004,0.06778176970771327,0.048222264291817384,0.10767245915311596
2016-12-26,1330000.0,-0.3,5.1,6.642510664634775,6.120736468935308,0.68,0.03888455485746174,0.03650858383646663,0.05743558452107979
2016-12-27,9590000.0,-5.9,1.4,2.5516331398803787,8.691745088404955,0.0,0.2248628211592405,0.2105380068327949,0.1907656558019753
2016-12-28,11100000.0,-4.1,3.1,3.1738832980038443,3.8191001146021772,0.0,0.10841500362788321,0.09061912231818141,0.14427978953646065
2016-12-29,10290000.0,-5.5,0.0,2.631280554985172,7.87165619232267,0.0,0.18794150096739887,0.17289025937620592,0.1649469119561703
2016-12-30,10710000.0,-4.2,2.6,3.6473726388366474,3.85501641662038,0.0,0.09179706553686633,0.07482842468379955,0.11997354783912559
2016-12-31,3830000.0,-0.5,5.0,5.752612988051383,3.4359928930746864,0.0,0.06930462851450357,0.062498892855946994,0.08583189865092025
2017-01-01,8880000.0,-0.3,8.3,6.331957594643724,5.510159334625869,0.0,0.10508882032033431,0.08832785813002092,0.1272380112303168
2017-01-02,4820000.0,-2.6,9.5,6.891905182461984,6.806139232449334,0.0,0.07826000218414607,0.06932946013467933,0.10496317646223026
2017-01-03,10780000.0,0.3,7.9,5.8356963501240084,5.986050336367049,0.0,0.13616572774598423,0.11575062389026647,0.1546319225653177
2017-01-04,8770000.0,-0.9,9.3,5.57589452770637,4.854686822793677,0.0,0.13044503817266168,0.11378124565146933,0.16699316341269424
2017-01-05,5500000.0,1.9,7.9,6.218146693988897,11.876323867352227,0.0,0.25057895931914315,0.23988654399763507,0.18604680056397258
2017-01-06,10290000.0,-1.7,10.5,5.809065815014413,5.983057311198866,0.0,0.1512894495111274,0.13160803830445977,0.18578659051068797
2017-01-07,8870000.0,1.2,9.5,6.250208031483561,5.495194208784951,0.0,0.1445366975414974,0.12704275919611907,0.1686328318277271
2017-01-08,9080000.0,2.9,11.9,7.537423207422878,7.656158380213456,0.06,0.18677540209092364,0.16771262180347174,0.19522816387963302
2017-01-09,9500000.0,-4.5,6.3,4.242516960625566,7.629221153699804,0.0,0.1742393430118429,0.15816961024151407,0.17749733460804834
2017-01-10,8330000.0,-7.3,3.8,2.909467599825893,9.221510543173439,0.0,0.23093941446210736,0.2182371993358876,0.20000662353753146
2017-01-11,10950000.0,-4.6,3.0,3.4740128177602903,6.934839314681226,0.0,0.16640443357371945,0.149055543065682,0.1616360937430673
2017-01-12,7630000.0,-5.9,4.3,3.5328685662750425,6.910895113335759,0.08000000000000002,0.16575867219693577,0.15366990191599278,0.16691085709851894
2017-01-13,9350000.0,-6.4,3.1,2.9568302408683613,10.361853132251362,0.03,0.25588384643839235,0.24156786812567485,0.19908227762134761
2017-01-14,11320000.0,-9.1,-3.9,1.4101215247232808,10.909576738028948,0.0,0.2788070625246792,0.26481687819820987,0.1837206384878825
2017-01-15,12120000.0,-8.2,0.6,1.9789327712477192,5.605936140007742,0.0,0.16671855336646718,0.14977393331628186,0.17469903518532018
2017-01-16,12230000.0,-6.6,2.1,1.428343745006663,4.606265733834444,0.0,0.1842581382185526,0.16598989221099994,0.2141718766649086
2017-01-17,9170000.0,-4.9,4.1,1.864203278466163,4.510488928452571,0.0,0.1950702414561009,0.18031089532146066,0.22631419851288506
2017-01-18,9310000.0,-4.5,5.8,3.9062085915545435,5.267724296003003,0.0,0.14916264928746267,0.13356140489249407,0.16910016228511102
2017-01-19,11540000.0,-3.7,5.8,3.1388058671460803,5.7615734487532855,0.1,0.2040643520168644,0.18443441419463366,0.22031961515338722
2017-01-20,9650000.0,-5.9,-0.1,3.2282049477009567,9.206545417332523,0.0,0.17547532749741804,0.16150935150736423,0.13243662431255993
2017-01-21,6340000.0,-6.4,1.2,3.5408586769196844,8.254763413850162,0.06999999999999999,0.14674964177709812,0.13741718531010694,0.12230509011521384
2017-01-22,7390000.0,-8.4,-2.9,2.109986578985161,11.55008412402022,0.0,0.24654239849317178,0.23703717783763487,0.15451817019230013
2017-01-23,11250000.0,-8.4,-2.2,2.158789873202739,6.596627470676489,0.0,0.16139622654004265,0.14669066745615403,0.14169382215283652
2017-01-24,12820000.0,-8.5,0.8,2.200349431321551,5.581991938662273,0.0,0.16520514014239757,0.1473210865290663,0.1672417670504524
2017-01-25,13200000.0,-7.6,2.2,2.580814595084958,4.678098337870849,0.0,0.14702421928378828,0.12767564491027386,0.1619285279769521
2017-01-26,12700000.0,-4.7,6.1,3.836948437322447,9.589652638860013,0.26,0.2574375701131671,0.23611540732970795,0.21532373735732765
2017-01-27,13010000.0,-7.1,2.4,2.484125842065502,6.89592998749484,0.0,0.21154061649306807,0.1921881208998471,0.19543981549125997
2017-01-28,12860000.0,-3.4,7.9,2.09346127883795,4.435663299247984,0.06,0.23198408345591473,0.20913244884258897,0.28037726451704104
2017-01-29,3520000.0,-4.0,8.0,5.339520797089885,7.5573885496634,0.5700000000000001,0.14564785566909338,0.1394486572093164,0.15258742045871804
2017-01-30,11690000.0,-7.9,-0.7,2.31755267802869,8.47624727629574,0.0,0.21609260133465807,0.20010576038554656,0.16630554487952448
2017-01-31,13600000.0,-6.4,1.7,1.7035121776671587,5.3904383278985275,0.0,0.21866879523797228,0.19843866917588115,0.2190457847047504
2017-02-01,12650000.0,-7.8,2.6,2.114316594774246,8.664807861891303,0.0,0.282700321218076,0.2640795681727386,0.2306190751965564
2017-02-02,14310000.0,-4.8,4.8,3.3643621021014734,6.132708569608042,0.0,0.20588683450231562,0.1824939340176531,0.1986593315964388
2017-02-03,12550000.0,-3.7,7.3,4.206436961582735,4.139353807597814,0.0,0.15921189109532569,0.13726846249027633,0.18106332509446396
2017-02-04,10120000.0,0.8,9.9,4.334603625089808,3.630539529006615,0.0,0.19551560210979974,0.17555633987132974,0.2321481527084726
2017-02-05,3260000.0,-3.5,6.0,4.7712917360572185,8.979075504550574,0.09000000000000001,0.18507754242719415,0.1794909357379664,0.15887340151221357
2017-02-06,14630000.0,-6.0,3.2,3.170774282447541,7.569360650336133,0.0,0.22319850813209968,0.2005695172627257,0.1872505232311366
2017-02-07,13620000.0,-4.8,5.3,2.9891124978173256,3.2683834836564087,0.0,0.1604356843145857,0.1379559626181737,0.184995695071495
2017-02-08,7710000.0,-4.6,3.4,3.009818490713798,7.940495771190891,0.0,0.2523571165682904,0.24004468625473557,0.20882601591004263
2017-02-09,11040000.0,-7.0,-0.1,2.273254624770947,12.62757318456629,0.0,0.34216611914438594,0.3265622623880376,0.20363098393873047
2017-02-10,11460000.0,-6.0,-1.5,2.163946287387051,13.40875275346219,0.0,0.3674745320803352,0.35141756212858677,0.20335954910739945
2017-02-11,11690000.0,-6.0,1.0,2.8204927059649934,8.835410296477765,0.0,0.24575673407257184,0.22847660808884193,0.18016095115006397
2017-02-12,15490000.0,-5.0,5.5,3.089871212020649,5.950134034348847,0.0,0.2411495718940848,0.21558342732158686,0.22796280124886698
2017-02-13,14480000.0,-5.1,8.6,3.996885843700072,5.552061686980438,0.22000000000000003,0.2569522461046113,0.2316800630428663,0.22989900105915564
2017-02-14,15970000.0,-4.8,6.0,3.3709190299870646,4.878631024139145,0.0,0.21369052123532964,0.18697921905340226,0.21331055561840903
2017-02-15,15870000.0,-2.3,9.6,3.43600248606659,4.7080285895526846,0.0,0.2634590471565831,0.23385466373815564,0.2831726234630944
2017-02-16,14740000.0,1.9,13.8,8.009420398811422,12.373166045270692,0.24,0.34173137306166645,0.3103792345836235,0.25714111761949127
2017-02-17,14460000.0,-5.9,5.5,2.8855638024915495,8.946152227700555,0.0,0.3271919187954867,0.30373607476195985,0.25895963683264256
2017-02-18,16710000.0,-4.1,3.5,2.6347931052551523,8.416386772932071,0.0,0.3362432314254705,0.309242865727367,0.25499267163035855
2017-02-19,12810000.0,-0.2,10.8,5.321458877899453,12.106786805302358,1.47,0.4228794653321845,0.3976548894667183,0.30582771436149503
2017-02-20,15630000.0,-7.2,2.2,2.543957946649155,9.984731961060238,0.0,0.31791016956065,0.29480594636769025,0.21825283315967664
2017-02-21,17000000.0,-3.9,7.2,3.8015115880684465,4.067521203561411,0.04000000000000001,0.21451688463638136,0.1849540725561099,0.21564533871056168
2017-02-22,2029999.9999999998,-1.5,4.7,6.4417794932125565,9.652506167391866,1.6500000000000001,0.05131570884169702,0.04779198354158627,0.0529254815182393
2017-02-23,16430000.0,-5.9,3.2,3.1000096573872087,9.751275997941924,0.0,0.3095230483316141,0.2840584828646355,0.2123391817488939
2017-02-24,17670000.0,-3.6,4.6,3.4182433954962574,7.476576870122444,0.0,0.2981171188628226,0.2686740185281512,0.23108762064660726
2017-02-25,17510000.0,-2.4,8.5,4.435429369368579,6.5038436904628,0.0,0.2902481723961304,0.2582478572610612,0.2524215456993716
2017-02-26,17340000.0,-3.1,8.8,4.428457775192455,5.623894291016843,0.0,0.2653370879776391,0.23386665787151784,0.24414780454902307
2017-02-27,16810000.0,-3.1,10.5,4.071284083256945,4.037590951879575,0.0,0.28353000525251093,0.2521190995506822,0.265990693627686
2017-02-28,18190000.0,-0.9,11.3,3.850466475883671,4.456614475425268,0.0,0.31389830121642376,0.2781936322574866,0.31744596029733174
2017-03-01,13670000.0,-0.6,13.0,5.412312270874562,6.9917067928767125,0.42000000000000004,0.3858572785304092,0.35817204410744796,0.3173555350055772
2017-03-02,18110000.0,-4.2,6.7,3.6709006619835143,7.632214178867987,0.0,0.32120664845982844,0.29017184872304475,0.25416234936422627
2017-03-03,18480000.0,-2.0,10.3,4.608578490012324,4.782854218757273,0.0,0.2888760652387341,0.2538205633478981,0.26968090087462115
2017-03-04,18260000.0,0.1,12.4,4.897787997759096,3.121725250415416,0.0,0.2707202724484094,0.23368239347480432,0.27833633880446285
2017-03-05,16550000.0,-2.1,13.0,5.329662126240795,6.809132257617518,0.0,0.42462513656022616,0.39188077994547027,0.31474681305502455
2017-03-06,19510000.0,-3.2,4.6,2.9812578647709755,10.762918504787955,0.17,0.45033185985185264,0.41757631686718444,0.28731966947882087
2017-03-07,19440000.0,-4.2,3.5,2.7485079242559323,10.795841781637973,0.0,0.4339491618017498,0.4025988055567276,0.27113327266021764
2017-03-08,11690000.0,-2.9,4.4,3.656767738457836,10.206215823505818,0.0,0.3423074340853999,0.32264403561715366,0.2290688603815104
2017-03-09,19390000.0,-1.8,9.8,4.620138951775322,11.571035300197506,0.0,0.47589092713924197,0.4392923846989068,0.32009958262646576
2017-03-10,20010000.0,-1.8,11.9,3.7507040815316914,5.516145384962236,0.0,0.4346153629517776,0.3955262514332543,0.3612133759240076
2017-03-11,19490000.0,-0.3,15.1,4.1219985363652905,3.334230037356446,0.0,0.40584219803529614,0.3649244020218119,0.36083604109248724
2017-03-12,18770000.0,0.3,16.0,5.15493974294798,5.216842868143884,0.0,0.5095432767747241,0.4692755350004842,0.40107423857669044
2017-03-13,19630000.0,-1.1,12.2,4.604249929190187,6.31827613003542,0.0,0.4325675447743868,0.3936067348988085,0.34847406123834335
2017-03-14,20940000.0,-1.3,10.5,3.397260370520041,8.380470470913869,0.0,0.5031345928461064,0.46281997407438524,0.3985546704877018
2017-03-15,20980000.0,-2.5,11.5,4.107638049154268,3.771211711911241,0.0,0.3523254706472037,0.3120656768024135,0.307145105659023
2017-03-16,19670000.0,-0.5,12.3,4.101125234421103,5.201877742302966,0.0,0.41011344872219835,0.37064383480581575,0.3629972630227603
2017-03-17,21120000.0,2.2,15.0,3.60652048956335,3.843044315947646,0.0,0.4294219844808646,0.3835351155629307,0.4230838454448317
2017-03-18,17460000.0,3.6,16.4,3.4193509460792275,4.669119262366299,0.0,0.4901121210305611,0.45070942941422054,0.48600416238005073
2017-03-19,21420000.0,3.2,17.9,4.949827395384325,5.680761769212331,0.0,0.6304814079165771,0.5814444573602879,0.50890236586861
2017-03-20,10270000.0,3.2,15.5,6.008703518533337,5.387445302730344,0.09000000000000001,0.3569802240114918,0.3342022851984,0.35763512505975253
2017-03-21,21800000.0,-0.5,12.2,4.418713859992808,8.314623917213833,0.0,0.5379947918534274,0.4943190538830421,0.39853982313049163
2017-03-22,19140000.0,4.6,14.1,3.9538359780513463,4.6122517841708115,0.0,0.4472042338256739,0.4047534306238651,0.4390649011410789
2017-03-23,17520000.0,3.0,15.6,4.535481166793619,6.596627470676489,0.0,0.542432267779086,0.5036270694651439,0.4786170218238194
2017-03-24,17160000.0,4.9,15.0,5.529927700698379,5.174940515789314,0.0,0.43241924301999035,0.3937446075145348,0.4098475994605102
2017-03-25,7350000.0,1.2,10.3,5.96866042842487,5.914217732330644,0.08000000000000002,0.24542865565239821,0.2307489397317207,0.22640598191173306
2017-03-26,16340000.0,0.1,12.3,5.999582015376397,5.93516890850793,0.0,0.33905226809179556,0.30595960309756093,0.28906155475679324
2017-03-27,17180000.0,0.7,10.9,5.910837208835133,8.616919459200366,0.15000000000000002,0.3980850193092866,0.36371887183220103,0.29037875672750807
2017-03-28,19130000.0,2.1,13.4,5.265972544930556,5.73164319707145,0.13,0.42764838701659613,0.3870757172934339,0.3771180550932809
2017-03-29,20420000.0,2.7,16.5,5.4256410252766045,4.630209935179912,0.0,0.4962918688443854,0.45069630207572675,0.42847248904916724
2017-03-30,22280000.0,8.4,18.1,6.43401813421168,7.524465272813381,0.1,0.665588628116066,0.6111168850423571,0.5722810623241414
2017-03-31,13110000.0,3.8,15.3,8.440533507559193,3.6844139820339192,0.66,0.26561892361671297,0.23638498157812093,0.25353152559660974
2017-04-01,20530000.0,0.8,13.7,6.459272813479223,6.279366802849035,0.03,0.4250198267960873,0.38210800751067536,0.3306367146636963
2017-04-02,23090000.0,2.1,15.8,5.472520719202881,7.775879386940797,0.0,0.659105964137695,0.6084502082691374,0.476272936468564
2017-04-03,23900000.0,3.5,19.6,5.078926947517591,7.518479222477014,0.0,0.9281617991781232,0.8720496213090208,0.6241294156016828
2017-04-04,22540000.0,10.0,22.0,6.282415423036201,5.282689421843921,0.0,0.6406766405081987,0.5821856913548296,0.6419143891249395
2017-04-05,5570000.0,12.8,17.4,13.402325510704562,11.639874879065726,1.1800000000000002,0.35296365789226747,0.3387776877560681,0.26451570722276074
2017-04-06,7850000.0,5.3,17.1,11.46768486432416,6.865999735813006,0.06,0.20859469438032213,0.1903243597534799,0.19392100463707523
2017-04-07,22120000.0,6.8,23.9,10.961264595844902,5.590971014166825,0.0,0.6554116587697193,0.5987773231983355,0.5114153340085045
2017-04-08,23590000.0,10.0,22.4,10.540395846164227,4.444642374752534,0.0,0.556952103696156,0.4954873245079737,0.5018200804291533
2017-04-09,15860000.0,9.6,19.3,7.818502301666354,14.082183416303485,0.010000000000000002,0.91190619599048,0.8720741462913736,0.6398029443331602
2017-04-10,21460000.0,8.5,19.3,7.633866885291769,11.541105048515671,0.86,0.8386802762738123,0.7854346660318897,0.620446484904908
2017-04-11,19900000.0,8.0,19.3,6.3876233053667235,8.613926434032184,0.04000000000000001,0.7339292749689184,0.6848308527809686,0.6238835207267132
2017-04-12,24740000.0,4.5,16.7,4.370278750295975,8.988054580055126,0.0,0.7913539662846121,0.7346436125084254,0.6185277658672463
2017-04-13,24470000.0,11.0,19.8,7.209357642889312,13.181282840680241,0.0,1.0686477120638325,1.0059309213657206,0.7462200918070163
2017-04-14,18690000.0,10.5,20.6,10.03005567860972,14.567053493549214,0.03,0.8848919221539798,0.8368391214792477,0.599106333127341
2017-04-15,24120000.0,9.6,24.6,12.190766813177023,7.416716366758774,0.0,0.7970893093608542,0.7331125949941069,0.5806878182369105
2017-04-16,22590000.0,12.2,27.7,8.738344122274286,4.411719097902515,0.0,0.8270818654497593,0.7639666871566483,0.7107104917017034
2017-04-17,4630000.0,9.1,17.8,13.119871634858843,7.153330151958624,1.1300000000000001,0.18969636064590598,0.1783246772235808,0.18374471217451194
2017-04-18,20960000.0,6.3,21.5,9.369993151169723,12.247458988206983,0.34,0.9924861083053346,0.9404810761212387,0.5817113055435809
2017-04-19,24900000.0,8.4,18.7,6.81806943366586,7.5573885496634,0.0,0.7265727840429321,0.6652770035816282,0.5983483577338586
2017-04-20,10280000.0,5.6,15.8,7.904145207424529,4.69605648887995,0.09000000000000001,0.3189481648823386,0.29532328291395266,0.3092421839493986
2017-04-21,23190000.0,6.3,19.6,8.037701893593809,5.938161933676113,0.0,0.6263262962067637,0.5700217831432502,0.5051676255240183
2017-04-22,24950000.0,5.9,20.1,6.900152595815254,4.660140186861748,0.0,0.6511518797216014,0.5905036724884155,0.5350383044270767
2017-04-23,26220000.0,6.5,22.0,7.04169883366375,6.548739067985551,0.0,0.9010942165568101,0.8355312872805987,0.6512940210943243
2017-04-24,26060000.0,10.8,22.7,8.524694762141744,6.842055534467537,0.0,0.7745805689443467,0.7059301416991979,0.6814743727766251
2017-04-25,20840000.0,11.3,23.2,10.498504640262674,7.71003283324076,0.06999999999999999,0.7080918364731801,0.6526543424064947,0.6169216355700107
2017-04-26,24000000.0,6.3,20.9,5.178899400178993,8.434344923941172,0.0,1.0423467069315249,0.9831994489323328,0.7307777566079119
2017-04-27,26500000.0,8.9,20.0,6.017837282978038,11.819456389156738,0.0,1.0564226370458198,0.9898684556444131,0.7718228164329832
2017-04-28,26400000.0,7.9,22.9,8.579545602663686,13.037617632607434,0.0,1.3173724784685683,1.249709083518419,0.7504429656074413
2017-04-29,26610000.0,13.4,25.0,7.181528249231731,11.292683959556438,0.0,1.208658626222577,1.1352748576838705,0.9899059382052297
2017-04-30,26320000.0,11.2,27.0,12.807041869693439,11.783540087138535,0.0,1.2819757980598363,1.209520288911751,0.7757057957850944
2017-05-01,26650000.0,11.3,27.8,8.876513989385627,8.200888960822857,0.0,1.2965940973988819,1.2226474040254156,0.9100220877367373
2017-05-02,23750000.0,10.8,27.4,9.340309627880762,5.683754794380514,0.0,0.9634556977597484,0.8980750616553779,0.7557495092812452
2017-05-03,27030000.0,12.9,29.4,8.799517057748002,4.3847818713888636,0.0,0.9703810912995129,0.893338360941035,0.8078693865247027
2017-05-04,18390000.0,15.4,28.3,12.048418908190943,5.5760058883259065,0.010000000000000002,0.7453679681323688,0.692363975634357,0.7119482618444589
2017-05-05,20500000.0,9.8,29.8,11.834318320195635,8.497198452473025,0.13999999999999999,1.0923682641666916,1.0352395707855542,0.8314566570645511
2017-05-06,26770000.0,10.4,23.3,6.244539551741691,10.882639511515295,0.0,1.2233125185920222,1.152652759531073,0.9036913248161726
2017-05-07,27240000.0,11.7,25.0,8.170850548724301,12.028968150929586,0.0,1.340103391415957,1.2661243503860902,0.9311202976245202
2017-05-08,18310000.0,13.9,25.0,8.873937886811946,6.539759992481001,0.05,0.7525773657562502,0.7018605054816545,0.7342260455438498
2017-05-09,10430000.0,14.6,19.5,13.82650880936197,8.150007532963738,0.61,0.44342975951931046,0.4157917571820036,0.36101650454921613
2017-05-10,18240000.0,12.4,22.1,12.942864318120893,8.078174928927332,0.13999999999999999,0.6079627777229011,0.5594416696722129,0.48889450180924754
2017-05-11,21110000.0,15.9,26.0,16.42788696273867,8.257756439018344,0.010000000000000002,0.7241197142768762,0.6641458662270574,0.5869881621892493
2017-05-12,10340000.0,12.5,24.6,16.512191555446766,4.821763545943658,0.09000000000000001,0.335362310671625,0.30717779062872813,0.32819117026277367
2017-05-13,21420000.0,10.7,26.0,13.948754185282127,11.286697909220072,0.22000000000000003,0.9866363771100563,0.9284634307495663,0.6287001414132537
2017-05-14,27840000.0,10.2,22.0,8.837941596128285,12.043933276770504,0.0,1.0388604049308188,0.9664688767443718,0.7412197835702841
2017-05-15,26570000.0,9.6,21.4,10.669983319071799,9.326266424059863,0.0,0.7828604560013653,0.7146189239558782,0.577126976112867
2017-05-16,20190000.0,10.1,22.6,10.67907641879601,5.555054712148622,0.0,0.6023155802952938,0.5495504208145296,0.5266335196319573
2017-05-17,23430000.0,11.4,25.4,9.958548691031806,4.8397216969527594,0.0,0.7605204210346808,0.6968302596979474,0.6505273614592567
2017-05-18,27500000.0,13.8,28.0,10.8654550027281,6.982727717372163,0.0,1.07047908506999,0.9924149826420205,0.8513839616480834
2017-05-19,27760000.0,12.8,29.8,9.555343643743083,6.57268326933102,0.0,1.2263302145329662,1.1470151659207684,0.9348442644158093
2017-05-20,24280000.0,15.0,29.9,9.343004701311308,4.845707747289127,0.0,0.9744074536269288,0.9037751851317545,0.8454249391892368
2017-05-21,27530000.0,15.1,28.8,10.654843299074718,5.249766144993902,0.0,0.9505356257032623,0.8710640044965601,0.8307044860551246
2017-05-22,26990000.0,15.5,29.4,11.957683351042268,4.312949267352459,0.0,0.8704519397712994,0.7919360861187148,0.767153439196753
2017-05-23,18770000.0,17.1,26.6,14.27026354456566,5.189905641630232,0.67,0.6519861309247523,0.5978868955148731,0.6135402118326022
2017-05-24,20820000.0,13.4,26.2,14.192202087726796,4.405733047566148,0.03,0.6117312210510708,0.5537107627000812,0.5431528633644264
2017-05-25,28360000.0,10.0,27.1,9.54160573050955,11.137046650810897,0.0,1.5108902594955032,1.433587262549995,0.9255738417420389
2017-05-26,28690000.0,10.2,22.0,8.36199323462876,7.829753839968101,0.0,0.8718576811188864,0.7972559230847929,0.7064711970003102
2017-05-27,28360000.0,11.5,25.8,10.418128223753648,4.896589175148246,0.0,0.8533207747994294,0.7758772254844536,0.694794045680253
2017-05-28,27890000.0,16.2,29.4,12.978816812262313,12.223514786861514,0.0,1.411235810812087,1.329671237398121,1.024574516054749
2017-05-29,27600000.0,16.5,31.1,14.762715225995613,8.26972853969108,0.0,1.2317984244619506,1.1498900225483466,0.9347065909088637
2017-05-30,21680000.0,16.0,30.6,12.633752702248474,6.135701594776225,0.0,0.9965504908997145,0.9326752885431242,0.8420772891901442
2017-05-31,18530000.0,18.1,28.8,17.78033659180798,4.875637998970962,0.65,0.6263794424299423,0.5716652496340263,0.5851477847747579
2017-06-01,17690000.0,12.3,27.1,13.780910016814149,7.234141831499579,0.8800000000000001,0.7942699950409292,0.745057060563869,0.6229509827697203
2017-06-02,29110000.0,15.0,27.0,8.002363759246439,6.8121252827857015,0.0,1.0084433966534463,0.9256739441869402,0.9400031047922596
2017-06-03,27480000.0,12.0,25.3,9.514182103933011,7.198225529481377,0.0,0.9766049442454783,0.9015644387738446,0.7841757299608413
2017-06-04,28980000.0,14.3,27.9,7.978881230283192,6.93783233984941,0.0,1.1503622658049855,1.0678283927861165,0.9666828904228886
2017-06-05,25790000.0,17.4,29.2,10.288305033227113,7.865670141986303,0.0,1.0686464913474687,0.9926621062563032,1.0021435636865124
2017-06-06,5610000.0,17.0,24.4,15.002220281098158,9.305315247882577,0.81,0.5391766136238056,0.5233038193030456,0.5172258298894906
2017-06-07,8870000.0,13.5,21.8,17.076348975151042,10.203222798337634,0.1,0.3477766544091095,0.3239999353308206,0.2669484696888162
2017-06-08,27000000.0,14.2,27.2,14.149428345360436,7.877642242659037,0.0,0.9358272942807202,0.859434166533747,0.7330685920593061
2017-06-09,27230000.0,18.2,28.3,16.401343015618224,13.046596708111982,0.010000000000000002,1.1903529946273617,1.110184820220413,0.8711970302356674
2017-06-10,24710000.0,15.3,29.5,11.814419028180664,8.248777363513794,0.0,1.1850617824157028,1.113233445286597,0.9300404524282712
2017-06-11,29340000.0,16.9,30.1,10.516440030840291,9.29932919754621,0.0,1.3598889853953202,1.273192715876973,1.1055484686779764
2017-06-12,20580000.0,15.9,28.1,13.07270440160301,6.285352853185402,0.020000000000000004,0.7856889564716443,0.7262337943937092,0.7376400357952727
2017-06-13,21810000.0,14.9,27.9,12.77150802249351,4.450628425088901,0.010000000000000002,0.7206182383488817,0.6582033575699665,0.6610541851529331
2017-06-14,25590000.0,14.7,28.5,13.633624966718088,6.734306628412931,0.0,0.9543228948648886,0.8808569738123742,0.7718785577448125
2017-06-15,28760000.0,16.1,31.1,15.075965447621,8.251770388681976,0.0,1.2601662741288142,1.1750606144482967,0.927295354585327
2017-06-16,27500000.0,17.0,33.6,14.52260005114755,5.719671096398715,0.0,1.1868560862700446,1.103533130188399,0.9462918970938929
2017-06-17,28320000.0,17.2,33.2,14.851626761986125,4.914547326157347,0.020000000000000004,1.104824567475108,1.019131880946102,0.8893625948632353
2017-06-18,29130000.0,17.2,34.3,13.394922001057521,4.585314557657159,0.0,1.1351702987260084,1.0463819974422641,0.944191167623617
2017-06-19,27510000.0,19.2,33.5,13.933421778648425,5.68974084471688,0.0,1.138776335817845,1.054274365175347,0.9847131525353376
2017-06-20,20580000.0,19.8,32.6,14.017933562362566,5.396424378234895,0.0,0.8898073380368323,0.8267130286593118,0.8735775332846799
2017-06-21,23610000.0,16.9,32.2,17.478911089863466,6.411059910249109,0.0,1.012298581726869,0.9414876639752565,0.8011122442630499
2017-06-22,27650000.0,19.1,33.2,14.211682209835757,5.318605723862123,0.0,1.080699818920608,0.9959845848677137,0.945168334288223
2017-06-23,22350000.0,22.2,35.4,15.801126375936406,4.330907418361561,0.0,0.9105394121645134,0.8398364794604559,0.889547331641187
2017-06-24,17040000.0,20.2,32.6,18.96169167695043,6.539759992481001,0.32000000000000006,0.7894328049538512,0.7370580884971939,0.7671690358639932
2017-06-25,21490000.0,20.3,30.8,22.51663689252157,5.623894291016843,0.96,0.7149875274688163,0.6496578903649801,0.6180623716750848
2017-06-26,18760000.0,20.3,26.3,23.12472984209061,6.916881163672125,3.29,0.5799103000350952,0.5246382153390788,0.4278294443573657
2017-06-27,17870000.0,20.7,27.9,23.31655292624323,4.411719097902515,0.6400000000000001,0.5404694890639705,0.48706002673762044,0.44725092874587746
2017-06-28,20560000.0,20.5,29.2,23.747136108806846,3.6365255793429823,0.09000000000000001,0.5885148459480013,0.5265968319969662,0.48902557439086936
2017-06-29,20330000.0,21.1,29.2,23.256459296466524,4.417705148238882,0.09000000000000001,0.6227859641543367,0.5613113039204487,0.522622045446019
2017-06-30,20250000.0,22.9,31.2,23.56435877942018,5.956120084685214,0.09000000000000001,0.7451580568922905,0.6824093224988812,0.6523364351024904
2017-07-01,6030000.0,23.2,26.1,27.470367417512605,7.629221153699804,1.1,0.2677774114777923,0.24966731004584583,0.2225271978620229
2017-07-02,7080000.0,23.3,27.1,28.889948610042588,12.813140744993671,2.7,0.3393164961451911,0.3178933245129396,0.2387149736443647
2017-07-03,6790000.0,23.0,26.3,28.78130284758362,10.005683137237524,3.3100000000000005,0.26427024172673896,0.24387760678098167,0.18696733972740906
2017-07-04,13670000.0,23.0,28.2,28.955307729089892,5.8543572289669745,0.6400000000000001,0.42796077149054784,0.3863765377907233,0.31963333132388655
2017-07-05,21410000.0,22.2,30.6,27.228306571694016,3.4359928930746864,0.06999999999999999,0.6148089247862722,0.5490024295200144,0.4953591787554821
2017-07-06,17250000.0,23.8,30.5,28.71628670283277,4.570349431816242,1.1400000000000001,0.5560248117515587,0.5025065115411633,0.45263937010396305
2017-07-07,10970000.0,24.2,29.2,29.951296266141103,7.629221153699804,1.9300000000000002,0.42627983945962133,0.3924343876873361,0.33693235097578056
2017-07-08,9720000.0,22.7,27.5,29.468076823617004,6.099785292758024,1.1900000000000002,0.30392573990466776,0.27455380265446294,0.2254942059724831
2017-07-09,18970000.0,25.5,30.5,30.07881147703516,7.189246453976826,0.78,0.6763844577151397,0.6169259974748729,0.5135539647706582
2017-07-10,10000000.0,23.1,28.2,30.131455242923007,12.067877478115971,3.7700000000000005,0.3812334457095352,0.3507933594553923,0.25235350972593185
2017-07-11,22490000.0,22.1,30.3,28.08729673158351,6.611592596517406,0.11000000000000001,0.689946464311783,0.6209964634419851,0.506182493945795
2017-07-12,25430000.0,20.3,31.3,26.99494734510597,4.348865569370662,0.0,0.7068478641233218,0.6292865214152917,0.5500821987623626
2017-07-13,27010000.0,21.0,30.7,26.29194939117087,5.153989339612029,0.0,0.771323011026137,0.6888889724575984,0.5868573162658373
2017-07-14,20840000.0,23.6,32.1,29.49761573282362,7.0395951955676495,2.0,0.7199254365600443,0.6547213920238776,0.5618348709855936
2017-07-15,8000000.0,24.3,28.4,30.18417937106662,8.89826382500962,2.17,0.3473347347859779,0.3227612791283994,0.27405864781185824
2017-07-16,11400000.0,24.5,29.0,30.738831229390446,7.428688467431508,0.32000000000000006,0.4144309516563358,0.3792368485143347,0.31491086285363307
2017-07-17,8010000.0,23.6,28.4,29.824252942732315,8.018314425563663,0.6400000000000001,0.3243983759218493,0.2999043792219866,0.2597524072598602
2017-07-18,11020000.0,24.0,28.8,29.921361320545852,5.201877742302966,0.03,0.3720085984693295,0.3381371562538152,0.2999754237718714
2017-07-19,20690000.0,23.8,31.3,29.64569816277913,3.828079190106728,0.04000000000000001,0.6196417811455606,0.5551384819524768,0.49179201033102765
2017-07-20,22040000.0,25.8,32.4,31.591397267723018,5.683754794380514,0.010000000000000002,0.7375870066050357,0.66762890318249,0.5722296503335863
2017-07-21,20650000.0,25.9,32.5,32.665854097477194,7.470590819786078,0.010000000000000002,0.7357787853956674,0.6701596130051783,0.5520591951196794
2017-07-22,18950000.0,25.9,32.0,32.384276829658326,7.9584539221999915,0.0,0.6963617943760001,0.6363129056538597,0.5225596914284962
2017-07-23,9240000.0,25.5,29.5,33.20263974783741,8.895270799841434,0.48,0.3580218467835895,0.32923248478049244,0.2634109140564413
2017-07-24,9900000.0,25.0,29.4,32.88452678539151,5.282689421843921,2.66,0.3247297186585187,0.29399607126494387,0.2506367575546024
2017-07-25,18680000.0,22.9,30.1,28.030716834316834,9.60461776470093,0.15000000000000002,0.6841583120099417,0.6266701096599581,0.49907626897611246
2017-07-26,25680000.0,21.0,30.9,21.347845711564695,9.224503568341623,0.0,0.980708921569779,0.9022321549512864,0.7923889513000848
2017-07-27,25660000.0,23.8,31.6,26.729422991255394,3.875967592797664,0.0,0.7628554603493836,0.6827137656943825,0.6206369466160643
2017-07-28,15080000.0,23.9,30.7,30.838531787535082,5.839392103126056,2.0100000000000002,0.4998072561664517,0.45293565600271785,0.3917768130846337
2017-07-29,15610000.0,23.3,28.4,27.428738317746713,9.616589865373665,0.1,0.5885816132813201,0.5409401715169777,0.4265858059330359
2017-07-30,17070000.0,24.4,29.8,30.04876536635805,4.315942292520642,0.6400000000000001,0.5214335412868487,0.46850615943186247,0.4069311463303066
2017-07-31,3320000.0,23.7,26.6,29.74229920213391,3.412048691729218,7.5,0.11521429481787056,0.10517514715547467,0.12503432722694524
2017-08-01,18980000.0,23.9,31.4,30.63941193633445,4.265060864661523,0.03,0.5779576323907621,0.5187144275097628,0.45563833228126904
2017-08-02,21410000.0,23.1,32.5,29.086413206567272,6.467927388444597,0.13999999999999999,0.717064220911952,0.6501165029690886,0.5730322850211064
2017-08-03,25620000.0,24.3,33.4,27.380240663544875,7.659151405381639,0.0,0.93787170738311,0.8567784228933544,0.7615888766710398
2017-08-04,20400000.0,26.0,32.5,31.14707400561072,4.0196328008704745,0.04000000000000001,0.656709806509523,0.5918490315814964,0.535071899053334
2017-08-05,23200000.0,26.0,34.5,32.06506738838041,4.672112287534482,0.020000000000000004,0.7729975349838651,0.6984303413555375,0.6324378090710574
2017-08-06,19960000.0,24.6,33.6,32.47254363989234,3.456944069251971,0.61,0.6139144443407393,0.5505585575751308,0.4987328364754934
2017-08-07,22880000.0,23.2,32.0,29.74229920213391,4.7529239670754375,0.020000000000000004,0.6864482546971186,0.6150745543794245,0.5354045040908416
2017-08-08,19360000.0,24.3,31.0,28.122709773223722,4.699049514048133,0.010000000000000002,0.6252841991008462,0.5648548815826088,0.515421600864828
2017-08-09,9430000.0,23.6,29.4,29.335470911747016,7.476576870122444,1.07,0.38802352066911944,0.35900244207381177,0.3265613033281357
2017-08-10,14360000.0,23.5,28.6,29.07911600181424,5.06120555939834,0.87,0.4418775767672356,0.3979373817677387,0.3418382336746706
2017-08-11,19340000.0,22.5,30.2,26.285268175407563,6.414052935417294,0.11000000000000001,0.6460551760054712,0.586648846953275,0.52135880764132
2017-08-12,20780000.0,22.1,30.6,25.670360527620435,6.542753017649185,0.08000000000000002,0.6920323883294888,0.6282028372589286,0.5622235045398067
2017-08-13,10550000.0,22.3,27.1,23.75936521486839,12.193584535179678,3.53,0.5962243331998617,0.5645173696214407,0.4633875879279811
2017-08-14,5640000.0,22.5,24.8,24.377884120992878,13.432696954807659,2.1,0.40542187678490843,0.3887201181353166,0.30711330578640506
2017-08-15,5290000.0,22.4,26.2,27.20076143169597,9.410071128769001,1.08,0.25663558526832786,0.2408249498063026,0.21072764360544563
2017-08-16,9910000.0,22.1,28.0,27.37331854312744,6.6744461250492595,0.75,0.3573264675277806,0.3274005918442372,0.2948221556191271
2017-08-17,15710000.0,22.4,28.7,27.180118548319143,3.310285836010978,0.27999999999999997,0.4455766532935515,0.3978182261692488,0.3643740884330908
2017-08-18,16590000.0,21.7,28.5,26.621151546490967,3.612581377997514,0.9,0.46214773038475687,0.4120159979793148,0.3726323018665509
2017-08-19,11240000.0,22.9,29.0,27.847518748521388,5.93516890850793,3.08,0.40409508679816186,0.3697462216582921,0.3427400302783906
2017-08-20,11460000.0,23.8,29.6,28.565080642484464,7.793837537949898,2.9800000000000004,0.46887579791233386,0.43351856205906236,0.3902961439719873
2017-08-21,9920000.0,22.7,27.8,28.32887506456815,7.374814014404206,1.52,0.3518523680683524,0.32181559638071183,0.2755653605348319
2017-08-22,17380000.0,23.8,29.7,30.12392978721113,7.198225529481377,0.43,0.5543919930468219,0.5007364217654201,0.4023651978409021
2017-08-23,14870000.0,26.3,30.1,32.5771293020376,10.526469516501455,0.9800000000000001,0.5830989633312288,0.5363819684640412,0.4081681294328723
2017-08-24,14310000.0,21.6,29.5,30.44900906811714,10.191250697664902,0.9300000000000002,0.4322623668939909,0.38875994218687604,0.28424625375505463
2017-08-25,22460000.0,18.0,30.3,21.814505117176576,4.669119262366299,0.0,0.635989830985247,0.5690031286094588,0.5484462566368704
2017-08-26,24800000.0,15.8,27.4,16.02066142442484,5.6179082406804755,0.0,0.698506894941398,0.6273089722332168,0.6160478746719901
2017-08-27,22220000.0,19.0,28.0,19.774795488128674,3.6275465038384316,0.0,0.5895896109364795,0.5239321089358767,0.5138605631119899
2017-08-28,16900000.0,17.7,28.6,24.02980221180854,9.266405920696192,1.6,0.527280653277816,0.47759837235363456,0.4049653649378916
2017-08-29,23440000.0,15.5,23.2,12.18055028402409,6.554725118321919,0.0,0.7095904729546075,0.6447776916638861,0.6118325817019625
2017-08-30,6570000.0,15.8,19.7,15.365785993321406,3.780190787415792,0.0,0.23986091045234392,0.2222161785913746,0.23764585086925244
2017-08-31,24040000.0,15.1,24.9,17.436884481528754,6.279366802849035,0.0,0.6091881504157992,0.5419643991963216,0.47667708877432863
2017-09-01,23800000.0,15.3,25.7,17.05803749897144,6.833076458962988,0.0,0.6507001303269415,0.5835841017614066,0.5256130466647895
2017-09-02,19970000.0,16.1,24.7,17.237311058669558,6.090806217253472,0.0,0.5567242112758912,0.5005027924206866,0.46052655127131725
2017-09-03,23290000.0,16.3,26.6,16.88947090857187,5.947141009180664,0.0,0.6534984695355709,0.5867949195530602,0.5614173480981567
2017-09-04,19940000.0,18.2,26.1,18.901531669791652,7.467597794617895,0.0,0.6327946544858837,0.5750542653615018,0.5147420603484252
2017-09-05,4320000.0,19.6,22.6,21.91687799074168,3.4150417168974014,0.1,0.15414262401587028,0.14183943797579043,0.15751805303578673
2017-09-06,6830000.0,17.3,23.1,19.70199574212382,4.444642374752534,0.21000000000000002,0.23474512993132887,0.21558125250654606,0.2238445357766457
2017-09-07,16860000.0,16.5,26.5,20.243127275159548,5.267724296003003,0.0,0.45721125913276844,0.4088849958748678,0.3907085379122669
2017-09-08,16750000.0,16.9,27.0,20.694027592016667,3.7472675105657727,0.010000000000000002,0.42740281976916955,0.37905012615448497,0.37564364398701694
2017-09-09,17360000.0,17.3,26.7,21.159221173353874,3.9777304485159046,0.0,0.4374995487291498,0.3873468950035448,0.3725422157614647
2017-09-10,10790000.0,19.1,27.8,22.610170242295172,6.231478400158098,4.0200000000000005,0.39707560162974825,0.365215583266665,0.3687754082253168
2017-09-11,5890000.0,16.6,21.2,20.15822376325669,6.363171507558173,2.14,0.17810395778415006,0.1619473140072819,0.14570010599825936
2017-09-12,19570000.0,14.4,26.8,17.662054291831588,5.863336304471525,0.0,0.5399459374566552,0.48466665742644655,0.4718360700506567
2017-09-13,22480000.0,13.4,25.0,15.508311895903365,5.62988034135321,0.0,0.5560149436726364,0.49402068900333457,0.4817086785009167
2017-09-14,21880000.0,17.6,25.4,17.918413451633707,8.539100804827596,0.0,0.6789338222759901,0.6162186004442661,0.532775922817525
2017-09-15,19300000.0,17.3,24.3,15.063652533686865,13.321955023584868,0.0,0.8866152702302621,0.8319182660343072,0.6488362406142631
2017-09-16,14970000.0,17.9,23.3,16.94398037809533,11.169969927660913,0.0,0.6369626436339515,0.5946769603405319,0.48469348529234973
2017-09-17,16990000.0,14.7,26.3,19.19893659313087,6.321269155203603,0.010000000000000002,0.45295751678355767,0.40504569639160665,0.39162767965819256
2017-09-18,18930000.0,17.6,25.3,19.826939430899202,6.3092970545308695,0.010000000000000002,0.5094240353778792,0.4552077107248553,0.40958983877549054
2017-09-19,14260000.0,16.0,25.2,21.68430436423802,10.691085900751549,0.45,0.39534667072720064,0.3550665208431548,0.27945583657409073
2017-09-20,19980000.0,10.6,22.4,13.391221593998479,5.480229082944033,0.0,0.4547211783324066,0.4023478341337306,0.40222502721442155
2017-09-21,20880000.0,13.7,23.7,15.282485352423711,4.5194680039571224,0.0,0.47281334917140005,0.415744035859957,0.4165072275480014
2017-09-22,19430000.0,14.3,25.2,16.8804009637541,4.196221285793301,0.0,0.4490417571466909,0.3949415217727218,0.4041293505740393
2017-09-23,16260000.000000002,15.9,25.4,19.69680475335256,4.408726072734332,0.0,0.3893826490791904,0.3434150319993149,0.33677087201229006
2017-09-24,14050000.0,16.7,25.7,21.549168181791373,4.01663977570229,0.11000000000000001,0.3337115105375824,0.2936328760491591,0.2856859786635755
2017-09-25,18890000.0,18.1,28.1,19.900143225105612,6.662474024376526,0.0,0.578261430458553,0.5227700020815702,0.5146329898657432
2017-09-26,17590000.0,19.0,28.7,19.931588661945955,7.5484094741588486,0.7000000000000001,0.6202647613502212,0.568025640811577,0.5631575841740577
2017-09-27,2220000.0,16.6,19.9,19.449041625834898,6.315283104867237,0.7000000000000001,0.08855305033961643,0.0825350120204891,0.10593416437662054
2017-09-28,18590000.0,10.1,23.2,12.58812543719246,7.2730511586859645,0.0,0.5448325958655331,0.49595729116333975,0.46389233986401435
2017-09-29,17850000.0,10.1,19.6,10.418128223753648,4.289005066006991,0.0,0.3908612290388298,0.3456416946715686,0.37533638263076685
2017-09-30,18850000.0,12.4,24.4,13.952589601755074,4.0196328008704745,0.0,0.42446324853584594,0.37322297789148295,0.4160623947453308
2017-10-01,6080000.0,16.7,21.7,16.614752011924647,9.356196675741696,1.3,0.3731728431601252,0.35640571378337454,0.3323612574619455
2017-10-02,5920000.0,13.3,22.7,17.961455551323017,6.192569072971713,0.010000000000000002,0.19833327015860916,0.18235944680897284,0.20116271430391178
2017-10-03,17190000.0,12.7,22.5,13.332137118336076,6.066862015908004,0.0,0.45433060911808365,0.4082951887816274,0.4218629794369895
2017-10-04,10670000.0,14.6,21.1,14.03720345760902,8.754598616936809,0.03,0.4503447155417758,0.42163480508266354,0.3938450533496246
2017-10-05,13000000.0,14.2,22.0,13.577346196839375,8.832417271309582,0.0,0.5092335659579538,0.4740905399851217,0.4479862810203361
2017-10-06,5860000.0,15.0,20.5,17.422895312533875,5.773545549426019,0.13,0.19621408504718368,0.18047616591395987,0.1850671849483551
2017-10-07,12510000.0,15.9,24.1,18.791672514471582,4.968421779184651,0.03,0.3202940123665762,0.28531193550485967,0.29278154457378747
2017-10-08,14310000.0,15.7,25.4,19.34661536885977,2.9002413879698357,0.0,0.3090763865816336,0.2686885613890314,0.2886554133813103
2017-10-09,16270000.0,16.7,25.9,20.17411937965025,3.525783648120192,0.0,0.3591248465055345,0.31263868508909154,0.32317623431059167
2017-10-10,10460000.0,17.4,24.7,21.66173030453941,6.405073859912743,0.17,0.28539800648864555,0.2556325225146364,0.2442904806556246
2017-10-11,3090000.0,11.3,17.9,12.362155224318398,7.078504522754035,0.21000000000000002,0.23295755679196942,0.22517172510608274,0.24591683235800832
2017-10-12,2840000.0,5.2,12.9,10.197696177773826,4.040583977047758,0.06999999999999999,0.08070843703289991,0.07446080808494197,0.10281061801548468
2017-10-13,16610000.0,7.2,16.5,9.771923254296643,6.111757393430757,0.0,0.33242517463789123,0.29314015878851474,0.29717886380115033
2017-10-14,16460000.0,8.7,18.0,8.364437826178913,7.503514096636096,0.010000000000000002,0.4750415197903277,0.4347065357021126,0.43884874264751117
2017-10-15,9720000.0,13.0,18.5,11.291328748847736,8.182930809813756,0.0,0.42437472012406685,0.3992804515339622,0.3853141664960115
2017-10-16,7040000.0,8.5,19.3,11.735115863857255,5.884287480648809,0.0,0.24552471046548074,0.22805737141128057,0.26528985791934695
2017-10-17,15570000.0,13.1,20.6,12.382863526820111,7.745949135258962,0.0,0.46244437594414556,0.42134716083099716,0.4167696843021946
2017-10-18,5480000.0,10.7,17.8,11.99121879361939,8.395435596754787,0.0,0.2914759596576635,0.27777325742907316,0.27152249508259096
2017-10-19,12270000.0,11.3,19.9,13.461683142963226,6.177603947130795,0.0,0.2998281381468669,0.2682486442502249,0.28217872614428485
2017-10-20,14750000.0,9.4,20.8,12.50427095931306,5.815447901780588,0.0,0.3218580512169641,0.28429197231051173,0.3195065506021688
2017-10-21,15490000.0,8.8,21.4,12.221461627707576,6.132708569608042,0.0,0.3574570226003558,0.3180062726165627,0.3463081444021728
2017-10-22,12200000.0,7.1,22.0,10.709436039544721,10.4456578369605,0.0,0.6310989440440264,0.6003921105508309,0.46228004860171035
2017-10-23,15170000.0,8.3,16.7,8.967093970504417,6.363171507558173,0.0,0.3546009530492829,0.31815623148959893,0.3406594178845343
2017-10-24,12840000.0,9.3,17.2,9.944301301125234,4.489537752275287,0.0,0.2741820503656122,0.24278989681684998,0.28552865371236436
2017-10-25,14760000.0,5.3,17.7,9.783145540010427,4.869651948634594,0.0,0.2602763217258311,0.22566576099386187,0.2680218216191471
2017-10-26,11890000.0,9.9,17.6,9.873333323482969,3.9328350709931517,0.0,0.26023076639805665,0.23082887150972559,0.28414144481293013
2017-10-27,10220000.0,11.9,18.3,11.984505095622703,5.788510675266937,0.0,0.2870163711421036,0.2609875354523447,0.2870178844722827
2017-10-28,13570000.0,8.6,21.3,12.914165377076218,7.171288302967724,0.0,0.32595731505942216,0.2915066876293202,0.31338003265255904
2017-10-29,13320000.0,0.8,17.0,6.102445704504758,10.511504390660537,0.0,0.7046560301063032,0.6754742847584186,0.4424771348131415
2017-10-30,14920000.0,3.3,11.6,4.983760308902671,5.459277906766749,0.0,0.30158313641824125,0.27021388436677546,0.3116147154939751
2017-10-31,14320000.0,6.2,14.2,8.472625877280455,4.390767921725231,0.0,0.22719382131942795,0.19470726188371418,0.2360136863955246
2017-11-01,9870000.0,9.3,17.5,11.07032969820302,5.959113109853397,0.0,0.2537364982312118,0.22952255058832077,0.25985881407551287
2017-11-02,8170000.0,8.5,18.6,12.153343006480485,4.495523802611654,0.0,0.18306933758077398,0.16295742889126183,0.2075214816553886
2017-11-03,8790000.0,3.7,16.1,8.04006265717024,9.18858726632342,0.08000000000000002,0.3434654660899969,0.3236810181509939,0.3173941769911703
2017-11-04,12420000.0,1.7,12.2,6.158190156795622,4.7080285895526846,0.0,0.21181863910654117,0.1860880035324556,0.23604215096795372
2017-11-05,13620000.0,3.3,12.5,7.5933633657358905,2.9451367654925886,0.0,0.15532965261426937,0.12631813448488474,0.17722658744536418
2017-11-06,12940000.0,5.7,15.5,8.622143274678841,4.163298008943283,0.0,0.20797602416728228,0.17831426273382006,0.2363381823142785
2017-11-07,10760000.0,11.7,19.6,13.765739803871314,4.7050355643845005,0.04000000000000001,0.21683363223636404,0.18911172632963807,0.22890507956364084
2017-11-08,11710000.0,3.3,17.5,7.3827213403517975,7.2760441838541485,0.0,0.40929898322800273,0.3825948861846001,0.36259424601569584
2017-11-09,12860000.0,3.6,14.3,6.284314536091409,4.504502878116204,0.0,0.23434906122450933,0.20613628424444658,0.2795128728511106
2017-11-10,7350000.0,3.2,17.4,8.804631804285965,12.352214869093405,0.09000000000000001,0.4614806944127592,0.44476284042769576,0.33243882978046374
2017-11-11,13000000.0,2.3,9.6,5.274100044554754,5.710692020894165,0.0,0.2351777763325408,0.20905163185959247,0.2438528321020153
2017-11-12,12340000.0,1.5,10.9,5.435656646071078,3.9567792723386193,0.0,0.1819485030853001,0.15695685767349743,0.21856958908081575
2017-11-13,9610000.0,5.1,13.4,8.137382256365832,6.608599571349223,0.0,0.223528457926731,0.20227205279702837,0.22878998279846682
2017-11-14,12170000.0,2.9,12.6,5.086798370230005,8.02430047590003,0.0,0.36160878938422475,0.3357975300778534,0.3529365094031726
2017-11-15,9740000.0,-1.9,8.6,4.264026930457406,8.3565262695684,0.0,0.2796270499388196,0.2616421783335623,0.2576770093150505
2017-11-16,12170000.0,-1.6,7.0,3.8603242991838305,5.318605723862123,0.0,0.2004801290945179,0.17850817490108717,0.21809471188915408
2017-11-17,7820000.0,-2.5,12.3,4.850763225490781,8.820445170636846,0.0,0.41370828782596514,0.3985056173142937,0.30711200843157105
2017-11-18,12470000.0,-4.5,2.0,2.576504668871924,10.697071951087917,0.0,0.32092861336244655,0.30152348972701903,0.228989059356098
2017-11-19,8770000.0,-2.4,2.3,3.508994184770586,5.130045138266561,0.0,0.15441358049594175,0.14010469530298134,0.15728792613296333
2017-11-20,11130000.0,-4.1,7.6,4.511344741924053,6.135701594776225,0.0,0.1643255232637443,0.14490015050979252,0.1826158033496167
2017-11-21,11940000.0,-0.1,7.1,4.181210679393263,4.289005066006991,0.0,0.16633403841189004,0.14417380938847865,0.19789614274683157
2017-11-22,5850000.0,-3.0,10.5,5.5367163715860945,8.643856685714018,0.06,0.2443613234107293,0.23341165680747586,0.2134195194013664
2017-11-23,8550000.0,-1.2,5.8,4.28428027958725,8.419379798100255,0.1,0.23750060689631947,0.2222805987365441,0.20664353349899195
2017-11-24,8400000.0,-2.7,5.7,4.331870107960447,7.488548970795179,0.09000000000000001,0.18978266785313241,0.1752548828476853,0.1792425500583104
2017-11-25,10170000.0,3.3,10.6,6.716679341577705,13.271073595725747,0.22999999999999998,0.3491950377109813,0.3281257491611867,0.2525495507658055
2017-11-26,9360000.0,-4.0,10.9,5.873160496751924,6.821104358290253,0.0,0.18995662818309395,0.17261433075923321,0.18177939986739208
2017-11-27,11190000.0,-0.1,9.0,5.687944816178939,4.74693791673907,0.0,0.13684272283571003,0.11540472503570583,0.16728865708560725
2017-11-28,6900000.0,3.3,10.6,7.740526523236589,5.923196807835195,0.010000000000000002,0.1363002557476515,0.12200545820649286,0.14890872531450955
2017-11-29,10210000.0,-3.6,7.3,2.5868592676866005,8.65283576121857,0.0,0.3374683871710779,0.31958409934778514,0.3110482693447949
2017-11-30,10930000.0,-4.8,2.3,2.2949199535381335,9.206545417332523,0.0,0.2907216495365391,0.2737129886435782,0.2360012833835289
2017-12-01,11210000.0,-3.9,2.2,2.672817300898044,5.279696396675738,0.0,0.1669657344380271,0.14924010875220461,0.18229294791435674
2017-12-02,9080000.0,-1.5,6.2,4.446604154066248,4.196221285793301,0.0,0.12603209408188237,0.10983990062652164,0.15613327254357662
2017-12-03,5590000.0,1.2,10.1,7.3608515051512855,5.818440926948772,0.0,0.11104749360143869,0.09991779432263828,0.1295228774165765
2017-12-04,9820000.0,-6.6,3.9,2.7512460627787934,10.700064976256101,0.0,0.2862371322904612,0.27101728853600415,0.22577797876012898
2017-12-05,9580000.0,-5.8,0.1,2.925822569590456,7.341890737554186,0.1,0.1592817887554586,0.1453283329744414,0.1437699153558121
2017-12-06,10180000.0,-0.3,6.4,4.908462204121443,6.713355452235645,0.27,0.17009265339921847,0.15148824402885847,0.17568753773430945
2017-12-07,6100000.0,-5.5,6.7,3.6791672355719487,6.2494365511672,0.010000000000000002,0.17723140791575664,0.16702859368220896,0.1942924195713943
2017-12-08,8970000.0,-4.1,0.6,3.238745590467733,6.417045960585477,0.0,0.14531646497733025,0.13163832936122083,0.14082064843298853
2017-12-09,7160000.0,-1.0,5.1,5.230343102615746,4.489537752275287,0.04000000000000001,0.09551045924784296,0.0828780729005445,0.11361162121485543
2017-12-10,5860000.0,-4.6,7.3,4.88561408263123,10.685099850415183,0.16000000000000003,0.1899468715925572,0.17986762116922944,0.17164087044859505
2017-12-11,7720000.0,-8.8,-1.7,2.1891481145469496,11.166976902492731,0.0,0.230357812913405,0.22024337402685626,0.15783755005133673
2017-12-12,8359999.999999999,-8.3,-2.9,2.0749194405393676,7.401751240917856,0.0,0.16074987099135282,0.14997206773845478,0.1388005207057965
2017-12-13,10650000.0,-8.3,-1.3,1.5487165089054848,5.929182858171562,0.0,0.1713350577066181,0.15709326915095273,0.17516115297519916
2017-12-14,7880000.0,-7.2,0.6,1.3460352985354358,3.8131140642658106,0.0,0.1457691095093691,0.13451049481006863,0.17913557387838314
2017-12-15,8680000.0,-4.2,3.6,2.57134121108829,6.665467049544709,0.0,0.2172371180283923,0.20321179341681012,0.2184613633605948
2017-12-16,8430000.0,-7.5,-0.9,2.156583333965314,9.047915083418795,0.0,0.2177223825857968,0.20614250187972502,0.17259365807377464
2017-12-17,8720000.0,-6.7,-0.5,2.8420365978393063,5.914217732330644,0.0,0.12076642580086767,0.10846839262195793,0.123830059117739
2017-12-18,7520000.0,-2.6,5.9,4.154801700919335,8.56903105650943,0.0,0.21593948959580192,0.20286229272264653,0.1976726963472482
2017-12-19,8189999.999999999,-5.9,-0.8,2.7704810532816064,7.096462673763137,0.0,0.15156325662284856,0.1398869231418819,0.13809895060168187
2017-12-20,9830000.0,-4.2,4.7,4.054502665177241,5.064198584566523,0.09000000000000001,0.11303640475624832,0.09681205348783938,0.13975798047822346
2017-12-21,10350000.0,-3.2,4.2,3.650893287584233,4.561370356311692,0.0,0.12216053220949177,0.1049145736093871,0.15318451207981168
2017-12-22,9430000.0,-0.2,7.7,5.512988236078016,6.868992760981189,0.0,0.15550806289332492,0.13785757467645657,0.16738852876945892
2017-12-23,8050000.000000001,0.1,9.8,6.910474122014448,5.611922190344108,0.05,0.10293620456477004,0.08726115688114076,0.1307461054875839
2017-12-24,1210000.0,-4.2,4.6,5.729818009890759,10.72400917760157,1.37,0.04766942256390491,0.045676142983465416,0.06202326967415652
2017-12-25,10340000.0,-3.1,1.7,3.705255557990155,8.129056356786453,0.010000000000000002,0.1662623093268682,0.1498149200885646,0.14750944347536776
2017-12-26,8039999.999999999,-7.6,2.1,2.6068091182338256,9.107775586782466,0.0,0.21921316103972374,0.20745300726001617,0.18635312804715723
2017-12-27,10580000.0,-7.4,-1.3,2.3802187328148503,6.378136633399091,0.0,0.1403305239868209,0.12589384349225824,0.13854265789149536
2017-12-28,9160000.0,-3.9,3.1,3.8962468729080095,6.14767369544896,0.0,0.12950998203147857,0.1147667311488935,0.13741361527129056
2017-12-29,4580000.0,-1.7,7.5,6.132120300637302,4.720000690225418,0.010000000000000002,0.08067239236314347,0.07234565674805561,0.1029438755918612
2017-12-30,7540000.0,-1.0,6.4,5.941493804270501,4.549398255638957,0.18000000000000002,0.08040673365343812,0.06679387131831338,0.10078597273130308
2017-12-31,10250000.0,-4.8,4.6,3.230310635025375,7.967432997704543,0.0,0.2134542656711837,0.19676295722693726,0.20439639296226625
2018-01-01,9870000.0,-3.2,3.7,3.5010679486268454,5.734636222239633,0.0,0.15502399471532874,0.13873362370625483,0.16913123438809863
2018-01-02,5870000.0,-6.3,4.3,3.2197943861854186,6.62356469719014,0.0,0.17143421572417597,0.16220764399498616,0.1773931062909016
2018-01-03,10650000.0,-5.2,0.6,2.6710379692958446,6.324262180371788,0.0,0.16280424781114716,0.14692918718371764,0.1620918321438625
2018-01-04,8160000.0,-5.0,0.2,2.3388029458038226,3.771211711911241,0.0,0.12165941160294154,0.10954667593159492,0.14576135145622987
2018-01-05,10010000.0,-4.7,2.8,3.546575716408355,6.985720742540346,0.0,0.15535091003645413,0.1395856050451325,0.1523943510203187
2018-01-06,10860000.0,-5.8,3.7,3.3884596859914926,5.088142785911992,0.0,0.1251997709259207,0.10816389080456382,0.14929402760135901
2018-01-07,4240000.0,-1.6,4.5,3.1336765793267367,3.8191001146021772,0.05,0.1551849405365965,0.14786528070604543,0.18184152452189956
2018-01-08,2670000.0,-3.6,3.4,4.7936657950167545,9.56271541234636,0.24,0.13220063243748031,0.12785275014029612,0.10698200611491346
2018-01-09,5070000.0,-5.8,0.8,3.5442879180413396,10.128397169133049,0.19,0.16866819940729227,0.16117373929287732,0.1253465729494087
2018-01-10,7920000.0,-9.3,-1.8,1.8366235720128403,8.661814836723119,0.04000000000000001,0.21190106937101422,0.20166687101419756,0.16762225864001595
2018-01-11,7670000.0,-11.9,-5.3,1.6651767906956843,9.006012731064224,0.0,0.1658396803233944,0.1572886691536669,0.12223245033671984
2018-01-12,9980000.0,-11.7,-3.6,2.053003205627694,5.950134034348847,0.0,0.10769491601461548,0.09602850910855427,0.10501830646478527
2018-01-13,9300000.0,-5.7,4.6,3.497675859049726,5.911224707162461,0.0,0.15328205092006147,0.13840123839291169,0.16736897623092875
2018-01-14,11340000.0,-2.7,6.6,5.097836507893427,7.2760441838541485,0.0,0.14974360794979363,0.12980820492039155,0.15177685298665045
2018-01-15,8189999.999999999,-0.7,9.3,5.858863432657203,6.099785292758024,0.0,0.15443434397680994,0.1388210634206885,0.17272479506441396
2018-01-16,3090000.0,1.0,7.4,6.674494323136203,4.193228260625117,1.1500000000000001,0.08680066316395502,0.08092938392900814,0.10088314188125029
2018-01-17,3870000.0,-0.2,6.3,7.222234066848884,4.755916992243621,0.15000000000000002,0.04492387999643147,0.037851280363494985,0.051490549680971234
2018-01-18,8900000.0,-4.3,6.0,4.415933376718325,5.89326655615336,0.0,0.14078556281768234,0.12575888993300585,0.15408561044641852
2018-01-19,10830000.0,-4.8,5.2,3.266294480300007,4.525454054293489,0.0,0.15181861386179013,0.1339779379476085,0.17976014138827615
2018-01-20,10650000.0,-3.8,7.0,4.589847398082342,5.130045138266561,0.0,0.13801290574094605,0.11952636660489706,0.16073403896983757
2018-01-21,11280000.0,-1.9,6.5,3.401668319594094,4.11840263142053,0.0,0.170236893067395,0.15015716300397214,0.20504322559951715
2018-01-22,7860000.0,-8.7,6.7,3.9715123254313944,10.849716234665276,0.27,0.28737321060230436,0.27501872102965835,0.18661574954389434
2018-01-23,9000000.0,-13.0,-6.7,1.3211383561514771,11.681777231420297,0.0,0.22386351125814602,0.21445488526575765,0.13378911499889143
2018-01-24,9440000.0,-14.1,-7.9,1.1433873619112165,10.948486065215333,0.0,0.20642224580453092,0.19713911044960492,0.12670285968947773
2018-01-25,11170000.0,-14.1,-7.3,1.2975879094734173,11.840407565334024,0.0,0.20987482667500842,0.19871174588113708,0.12350953237944444
2018-01-26,12660000.0,-14.9,-8.2,1.0132529104162487,7.733977034586227,0.0,0.1605165639646865,0.14843389755188546,0.12096004940649711
2018-01-27,13050000.0,-12.3,-1.5,1.146729820768884,4.9295124519982645,0.010000000000000002,0.16303675836324968,0.14721433097236725,0.1706711565410742
2018-01-28,11940000.0,-7.9,1.0,2.2123537415748467,10.146355320142149,0.020000000000000004,0.28160921024962615,0.2646599759294451,0.2049916292551596
2018-01-29,12660000.0,-8.5,-3.7,1.7402026242671313,7.530451323149747,0.0,0.20095206011186173,0.1850069890310611,0.15769290366221733
2018-01-30,12850000.0,-7.5,1.3,3.01575785508431,7.674116531222556,0.0,0.17956108016209113,0.16104319500977196,0.1511345382374001
2018-01-31,9900000.0,-5.0,3.6,2.5210554691353035,5.303640598021206,0.0,0.20409595030801536,0.18834844997346933,0.20835844190375266
2018-02-01,13710000.0,-6.8,2.2,2.0927454106248367,5.420368579580363,0.0,0.20415293147594174,0.1837165858231663,0.20397626504997252
2018-02-02,13690000.0,-6.1,3.4,2.141193728750163,7.365834938899654,0.03,0.2767286247662638,0.25551073668087504,0.24502781788624248
2018-02-03,10780000.0,-9.4,-3.6,1.6910416811433393,13.010680406093782,0.0,0.31118006862895575,0.29785726058661127,0.17460167262245402
2018-02-04,12010000.0,-10.9,-4.1,1.4821730070004937,10.026634313414808,0.0,0.2489144986236848,0.2347712676743198,0.16426638606435903
2018-02-05,13100000.0,-10.8,-3.3,1.4467759978725874,10.846723209497092,0.0,0.2838142523645431,0.268045747387436,0.18069979344673742
2018-02-06,11280000.0,-13.3,-4.5,1.3926048512557418,9.724338771428272,0.0,0.21944779373842827,0.20706226608766815,0.14905016653934772
2018-02-07,14440000.0,-10.4,-0.7,1.8239202283058118,4.740951866402703,0.0,0.1609063278798395,0.14224700663332016,0.1582387001116209
2018-02-08,14580000.0,-6.2,3.6,1.8321684556573585,4.74693791673907,0.0,0.22360998583555053,0.20096705726953287,0.23333156223791912
2018-02-09,12250000.0,-1.9,8.0,4.704723569894279,6.177603947130795,0.0,0.21959395667462092,0.19720652889594598,0.21142008889605884
2018-02-10,10720000.0,-6.7,5.6,2.572201147507094,10.278048427542222,0.010000000000000002,0.3724185589150713,0.3552656223246363,0.27649724482544336
2018-02-11,11990000.0,-7.7,-0.4,2.35306599230391,10.484567164146886,0.06,0.27536066942740306,0.258780962696152,0.1814165950520325
2018-02-12,8039999.999999999,-6.3,-0.3,3.000928935879297,9.260419870359824,0.13,0.2063746953647215,0.19488747935172962,0.144938650009856
2018-02-13,15260000.0,-3.7,4.0,3.648545853464222,11.9900588237432,0.0,0.34099250902240763,0.3159022608998265,0.21628438902115965
2018-02-14,13410000.0,-3.1,11.1,4.618692490317446,10.041599439255725,0.0,0.45710973612071903,0.4317984182184552,0.30966166560980135
2018-02-15,13600000.0,-3.9,4.6,2.5550509453303043,5.103107911752909,0.0,0.24349992593264483,0.220967376289729,0.23774241107904287
2018-02-16,14090000.0,-6.2,6.3,2.229712127414176,7.267065108349598,0.0,0.3447171110012442,0.3216394275121186,0.2939942684669876
2018-02-17,15990000.0,-3.8,1.5,2.1302611287774647,7.024630069726732,0.0,0.3024768934113507,0.27749394046773135,0.24481936054125547
2018-02-18,10710000.0,-2.5,4.3,2.385039239084174,4.501509852948021,0.0,0.2373019015936401,0.21918539233361675,0.23937798547210884
2018-02-19,12440000.0,-3.9,7.7,4.185184836731902,5.510159334625869,0.0,0.21767420960052902,0.19584439618786326,0.21335218452774557
2018-02-20,14090000.0,-5.0,7.5,2.728502179886582,5.773545549426019,0.0,0.2994390769214234,0.27529328297933164,0.2798558869661147
2018-02-21,14270000.0,-6.0,4.1,2.0194752125428406,5.881294455480626,0.0,0.2795066147473956,0.25703199914038655,0.25674317522466705
2018-02-22,14180000.0,-1.8,6.3,3.7869332141184704,8.886291724336884,0.11000000000000001,0.34552003202051995,0.3203228174935403,0.26209464818784206
2018-02-23,14430000.0,2.2,10.5,6.189978114182518,11.331593286742823,0.010000000000000002,0.39798396876934294,0.3686251169262589,0.27805582476723156
2018-02-24,14710000.0,-1.1,9.9,4.245200435191085,4.875637998970962,0.0,0.27038633427944586,0.24225090581976844,0.27150586458517817
2018-02-25,15220000.0,-4.1,9.9,3.4260029437894683,4.028611876375024,0.0,0.2879386044836161,0.2602676621120796,0.268736029930608
2018-02-26,17130000.0,-2.4,10.5,4.004525885099346,4.0615351532250425,0.0,0.2793537081335623,0.2469669521664819,0.2738068525711267
2018-02-27,14660000.0,3.7,12.7,4.142965992680687,6.883957886822107,0.0,0.4472030301383964,0.4157079162733234,0.41835514596261136
2018-02-28,2380000.0,1.5,7.9,7.4641393922475,14.599976770399232,3.89,0.14770092480905736,0.1431038954233128,0.10414279766658072
2018-03-01,15700000.0,-6.5,3.5,3.145999401964349,11.427370092124697,0.0,0.3408724605191538,0.3166866646610167,0.21561925692136769
2018-03-02,18010000.0,-3.4,6.9,3.4740128177602903,4.142346832765998,0.0,0.2501840240309495,0.2187508736896493,0.23880362473212174
2018-03-03,17440000.0,4.2,15.9,7.591118742843402,4.8906031248118795,0.0,0.3282064134285717,0.28879702847661826,0.321260242491466
2018-03-04,12190000.0,5.7,22.0,11.927572007450951,8.015321400395479,2.8600000000000003,0.45277673264766605,0.4225652547541703,0.3584268006696979
2018-03-05,6460000.0,-2.7,8.8,5.839255234233811,7.979405098377277,0.1,0.18585764875326907,0.174051707247127,0.1669917826236281
2018-03-06,18210000.0,1.7,10.4,5.489350127308893,7.856691066481752,0.0,0.38601729549007024,0.3493072510358456,0.3020936878807642
2018-03-07,8970000.0,1.1,10.3,6.7854784842670055,10.526469516501455,1.58,0.2843416506699824,0.2664543805090252,0.20957774868116613
2018-03-08,6890000.0,-2.2,7.1,6.1451430056083804,7.946481821527258,0.33,0.14816277003339412,0.13583237521881883,0.12025484813989154
2018-03-09,11430000.0,-3.0,8.3,5.842816037891316,3.54972784946566,0.0,0.15339494590870056,0.13279514327724068,0.1472657647439982
2018-03-10,18580000.0,-0.4,9.6,5.912636657712008,6.68342520055381,0.0,0.2989904032587089,0.2632193613877166,0.23318805403161713
2018-03-11,17560000.0,-1.8,12.1,6.326223620625941,4.172277084447834,0.0,0.26889857170016307,0.23448548582224266,0.23173022758635767
2018-03-12,19210000.0,3.1,15.6,7.151664267708076,6.0818271417489225,0.0,0.4046904699966197,0.3620844130735921,0.35276470444008573
2018-03-13,18400000.0,7.8,18.7,10.642744903018242,9.589652638860013,0.0,0.487640682102547,0.44265504150307483,0.3811636552048871
2018-03-14,17560000.0,11.8,21.7,12.88552238333374,8.817452145468664,0.73,0.5346159933199561,0.4883573017457117,0.4450417565307697
2018-03-15,2750000.0,3.8,16.6,11.874205365788534,9.97874591072387,0.7400000000000001,0.08175964869097645,0.0755209588552074,0.11831714230417342
2018-03-16,13950000.0,-0.9,9.5,5.052244718169664,10.26607632686949,0.0,0.3960104958177396,0.3694164465188514,0.2820473876646856
2018-03-17,19710000.0,1.1,12.9,6.604706025289781,3.759239611238507,0.0,0.29723374497927735,0.2563395278642928,0.27050111020616746
2018-03-18,6080000.0,6.0,10.9,9.437765070598502,4.645175061020829,1.03,0.1437594730454957,0.1306049433427805,0.12748823873054124
2018-03-19,1970000.0,4.2,10.3,7.04169883366375,17.227852868064367,0.6200000000000001,0.4082241600311547,0.4041064647563247,0.2528262879500821
2018-03-20,12290000.0,-0.3,8.1,4.695910273453722,16.054587002136426,0.65,0.547539897353556,0.5244200175456623,0.29788935904222547
2018-03-21,5850000.0,-2.8,4.2,5.4223061162356885,8.8653405481596,0.44000000000000006,0.14412048887936402,0.1342988627153297,0.10133494235782022
2018-03-22,21030000.0,-2.6,11.3,5.347748682264728,6.159645796121694,0.0,0.3871972029643931,0.3470398101296318,0.2865216276408882
2018-03-23,21020000.0,1.0,11.7,6.096895875376132,4.7948263194300065,0.0,0.3419087540544792,0.29914208283191324,0.28721342889017526
2018-03-24,19470000.0,2.4,14.9,8.077918166821608,7.228155781163212,0.0,0.39287565919157763,0.3505147180262766,0.3028939622164179
2018-03-25,19360000.0,4.2,16.7,9.289233239497566,5.677768744044146,0.0,0.37613463889729376,0.3319278964040489,0.30975639219231504
2018-03-26,20320000.0,4.2,17.6,8.904894663144045,5.95312705951703,0.0,0.44635109269324946,0.3994142221465762,0.3576299958388231
2018-03-27,20000000.0,8.5,19.0,9.755111089229853,9.26341289552801,0.0,0.5895846488032714,0.5401281393191147,0.46085965154508346
2018-03-28,20880000.0,8.1,19.7,11.555143117687521,7.907572494340871,0.0,0.4910257106425572,0.4392191709477135,0.3846463083237541
2018-03-29,14860000.0,9.4,19.7,10.800971266534043,7.716018883577127,0.0,0.4745584815647774,0.4371565515886392,0.4093757918828251
2018-03-30,17810000.0,6.1,19.5,9.649224539699222,6.201548148476262,0.0,0.48003699316842036,0.4369461474609607,0.39819474157746804
2018-03-31,21180000.0,8.5,20.9,9.663098871631787,6.018973613217068,0.0,0.5522305268773583,0.4987479804261673,0.4863003565568266
2018-04-01,11680000.0,9.1,21.0,13.697655238474928,7.144351076454073,0.010000000000000002,0.330129533451688,0.3004138645458234,0.2959949814882866
2018-04-02,20530000.0,10.9,24.8,13.207342661803576,6.569690244162837,0.0,0.6401062003297068,0.584865857150178,0.5219588847169272
2018-04-03,17800000.0,12.6,23.9,15.166530416876885,8.16197963363647,0.96,0.5379735578151813,0.48972081813929547,0.44825615070204244
2018-04-04,6190000.0,7.9,14.0,10.267783235088112,13.8068251008306,0.24,0.3511547180717468,0.3368383889616623,0.22947868198729618
2018-04-05,3840000.0,7.3,11.1,9.822513001413089,10.607281196042411,1.89,0.1935791013068684,0.18509692923861376,0.14399936316798645
2018-04-06,16460000.0,2.5,11.7,5.582733101799808,14.273737027067229,0.0,0.6500239919747055,0.6157713561407746,0.38694073970375037
2018-04-07,19550000.0,-0.3,8.0,4.022403043196193,13.531466785357717,0.0,0.6249026084958224,0.588186870502975,0.35191405015756044
2018-04-08,18640000.0,3.0,13.4,6.5670916398908075,11.915233194538613,0.0,0.5802413583432385,0.5401957292542234,0.37945996287245515
2018-04-09,23040000.0,5.4,15.6,6.863107769629003,5.0731776600710745,0.0,0.4856551879540353,0.43297750909476873,0.4140890890501135
2018-04-10,20370000.0,10.5,21.6,12.075419540852389,16.21022431088197,0.36000000000000004,0.8438139696657281,0.7909002671949416,0.5382864952204851
2018-04-11,23400000.0,4.8,18.5,7.352119599965942,7.853698041313567,0.0,0.698558704883719,0.643484834790901,0.5089075260217367
2018-04-12,23120000.0,5.4,19.7,6.714665202169595,7.198225529481377,0.0,0.768135407598741,0.7125255709997717,0.5717391934253901
2018-04-13,12250000.0,8.2,17.4,6.722724963036224,13.324948048753052,1.4100000000000001,0.8222120443970073,0.7925734784275306,0.5865889999895956
2018-04-14,3190000.0,4.4,10.3,9.497761285188128,8.563045006173065,0.5599999999999999,0.09270078605534476,0.08601342350949456,0.08430536559065518
2018-04-15,19900000.0,2.9,15.7,7.667765369078018,8.377477445745685,0.0,0.5155920445899531,0.47151536385665127,0.37222467524420894
2018-04-16,22200000.0,5.8,17.5,8.710432065964648,3.699379107874836,0.0,0.4284508943023847,0.37620132523996774,0.37425680552766005
2018-04-17,21910000.0,4.3,18.7,8.569549634425897,4.139353807597814,0.0,0.4864218587879122,0.435045342145809,0.39589698400675954
2018-04-18,24410000.0,3.9,19.2,7.971848338384393,5.225821943648434,0.0,0.6132715239012984,0.5559619731990058,0.46024126882766997
2018-04-19,24500000.0,6.7,20.3,6.945669401811286,6.159645796121694,0.0,0.7250723322291359,0.6648296755985511,0.584008168589275
2018-04-20,24050000.0,9.0,26.4,12.690108876233227,3.588637176652046,0.0,0.6295353899624847,0.5650064487425702,0.5252238260818816
2018-04-21,23350000.0,11.2,25.6,11.857571416325639,4.773875143252721,0.15000000000000002,0.6964644781898699,0.6329917821927412,0.5831338272047842
2018-04-22,3700000.0,10.5,17.8,12.25222438249752,14.611948871071966,1.33,0.39354016814999276,0.38430873180866554,0.2956601334379303
2018-04-23,1890000.0,9.7,11.4,11.47091364334189,16.95548757775967,3.29,0.15922122221118978,0.15489443245622306,0.10639299122235871
2018-04-24,5440000.0,4.7,13.6,9.283871123805648,8.317616942382013,0.0,0.229117233133671,0.2171171854488115,0.19370418180692672
2018-04-25,25350000.0,5.5,19.8,8.250221021896037,4.366823720379762,0.0,0.5938817776728873,0.532763945290981,0.4763676072795427
2018-04-26,22010000.0,7.0,21.2,9.233066918714115,5.686747819548697,0.0,0.6383501245748848,0.5834962905605549,0.5050263040618495
2018-04-27,23470000.0,7.5,21.2,11.441883404144436,5.41737555441218,0.020000000000000004,0.5628773690755147,0.5040617437035996,0.4361139459230774
2018-04-28,25530000.0,6.9,21.5,9.862019946372875,6.815118307953886,0.0,0.7346169006366663,0.670849613448283,0.5302703170630793
2018-04-29,25030000.0,11.5,22.5,11.345582233577177,5.692733869885064,0.0,0.6520840024820826,0.585822700793266,0.5530257600222553
2018-04-30,21090000.0,13.9,25.2,16.989522720494286,5.106100936921093,0.0,0.5422238779717223,0.48370471237148205,0.4510453383903646
2018-05-01,14690000.0,16.6,24.5,18.881515528010294,4.725986740561785,2.09,0.4198199034324124,0.37835958532763775,0.35714327808197305
2018-05-02,11560000.0,8.0,21.7,12.661903226261904,12.241472937870617,0.38,0.569304448606671,0.5400194168259684,0.398201169855429
2018-05-03,22440000.0,7.5,16.0,7.941435641121034,14.537123241867379,0.04000000000000001,0.8413720767729685,0.7884278497769531,0.49621601413617017
2018-05-04,26300000.0,11.3,18.9,7.731398180000484,16.28804296525474,0.0,1.2239459582842216,1.1569637294544115,0.7327557879246346
2018-05-05,22140000.0,14.5,24.1,12.469476794205807,10.301992628887692,1.21,0.8772633207438065,0.8160988962754476,0.6859536176681913
2018-05-06,1950000.0,14.3,16.8,16.82155036769581,6.545746042817368,1.2300000000000002,0.059603963870992926,0.054590429290162126,0.07829440551544051
2018-05-07,8890000.0,12.4,18.9,14.534523851240921,8.090147029600068,0.38,0.31727078189190366,0.2943667165098597,0.24980542644180642
2018-05-08,22180000.0,8.8,20.9,11.174036087713533,12.328270667747939,0.0,0.7551314006445813,0.6989426458957941,0.5142665118488116
2018-05-09,25300000.0,8.7,20.1,11.174036087713533,5.767559499089652,0.0,0.5780120302747533,0.5145409943181417,0.45178144366616857
2018-05-10,24800000.0,10.1,21.6,12.828403865726184,4.591300607993527,0.0,0.5507605646113971,0.48660217006017187,0.4438607066447169
2018-05-11,21430000.0,13.5,21.9,11.409703412514638,5.2527591701620855,0.30000000000000004,0.6141923640234449,0.5566931868782155,0.5342480550666083
2018-05-12,2820000.0,14.8,18.8,17.278915707060143,9.386126927423534,0.91,0.1442413365697509,0.1368052251385769,0.13887191850906272
2018-05-13,23050000.0,10.4,23.0,14.730499818097718,5.728650171903267,0.15000000000000002,0.5516304378108436,0.49096925617803394,0.4239125799273017
2018-05-14,25760000.0,15.0,25.8,16.989522720494286,4.4326702740798,0.0,0.6441542607997547,0.5716322903585895,0.5264117692344357
2018-05-15,19530000.0,21.7,28.9,21.09850869813629,4.770882118084538,0.75,0.6468857308116307,0.5877112823652842,0.5715011740923595
2018-05-16,11000000.0,22.6,27.3,26.40575724097676,12.54975453019352,0.06999999999999999,0.517187275098488,0.48401481973619004,0.3690046938562991
2018-05-17,15330000.0,18.6,30.4,25.31265131747229,12.316298567075203,0.67,0.6182789654271376,0.5723331803286591,0.48170420483466464
2018-05-18,6830000.0,12.6,21.9,17.030602568721847,10.260090276533122,0.11000000000000001,0.28758191686220924,0.26941310282787806,0.23772703287376218
2018-05-19,26480000.0,11.1,20.9,10.32651278623216,13.827776277007883,0.0,1.0058699139382652,0.9371547261130118,0.6448674418558387
2018-05-20,17230000.0,11.0,21.2,10.630658602367598,14.8424118090221,0.010000000000000002,0.898770346196579,0.8539676870495787,0.6049726163872651
2018-05-21,19970000.0,12.7,22.8,13.686336619315933,8.715689289750424,0.0,0.657298390094267,0.6036659250617621,0.5086590159901658
2018-05-22,14070000.0,15.2,25.8,16.05967943586783,5.055219509061973,1.9800000000000002,0.4840815835971039,0.4444041667098319,0.45890902341402456
2018-05-23,26560000.0,8.9,22.2,10.807098027291023,7.0455812459040175,0.0,0.7559639227184837,0.6876770106841933,0.5634585950272271
2018-05-24,27520000.0,11.9,24.6,10.8162939043112,7.82077476446355,0.0,0.9087250750631469,0.8341230865305412,0.7198112276640241
2018-05-25,23990000.0,11.4,25.6,11.438661815581769,4.609258759002628,0.0,0.7324256174350474,0.6670938267365375,0.611878375754576
2018-05-26,26530000.0,15.8,29.1,15.014489107285026,3.9058978444794996,0.0,0.7709617529688056,0.6937840724425713,0.6724743145611088
2018-05-27,16440000.000000002,15.6,26.3,15.41595742657624,3.807128013929443,0.0,0.5055106006709595,0.458804297405255,0.48172150358861315
2018-05-28,21490000.0,17.4,29.2,17.021466194163096,6.336234281044521,0.0,0.7534984582171549,0.6901830477631361,0.6838588134790837
2018-05-29,20120000.0,17.8,28.3,18.652661127239334,6.009994537712518,0.05,0.6702493207497697,0.6111883875622983,0.5868447897503689
2018-05-30,19800000.0,13.5,26.5,17.357742541059253,8.437337949109354,0.18000000000000002,0.6687642323063988,0.6133969164101569,0.5135156409379162
2018-05-31,26790000.0,17.3,27.6,14.250712914147032,5.872315379976076,0.0,0.8472838791462707,0.7693498398964469,0.7464456418425304
2018-06-01,27170000.0,17.5,31.1,12.760864781639171,5.701712945389614,0.0,1.0277859096789816,0.9465808122303564,0.9041067991543732
2018-06-02,26360000.0,17.6,31.6,11.16772660263423,5.354522025880326,0.0,1.0495481799852224,0.970434851324064,0.9357122033901917
2018-06-03,25690000.0,17.8,31.9,12.396686000781859,5.659810593035044,0.0,1.059965009509586,0.9825976078363323,0.9293764706125932
2018-06-04,21300000.0,18.4,29.6,15.121188417040639,5.848371178630607,0.12,0.7911550904624147,0.7277626820506065,0.7544340220930987
2018-06-05,16719999.999999998,17.0,28.8,16.646076758451574,4.22914456264332,0.0,0.5666058180954241,0.5176347833590895,0.5549886220106786
2018-06-06,26670000.0,16.5,31.3,18.095944388599445,3.657476755520267,0.0,0.8110402630462179,0.7317786400943386,0.6726271154416544
2018-06-07,26610000.0,17.8,31.0,18.886517821705695,5.001345056034669,0.0,0.84569767855001,0.766055181551775,0.7129201644495824
2018-06-08,25640000.0,18.1,28.4,17.090093891482265,6.56370419382647,0.0,0.8397331984295793,0.7642461623739729,0.7125952033822394
2018-06-09,21600000.0,16.7,30.1,15.303273266559977,14.585011644558316,0.08000000000000002,1.4043557021667703,1.3406230673994095,0.9705305158262686
2018-06-10,20490000.0,16.8,27.2,14.95730984513746,12.160661258329661,0.0,1.0070004935092725,0.9478053394287629,0.7882358076226913
2018-06-11,13890000.0,16.2,24.5,16.663999859537533,5.258745220498453,0.49000000000000005,0.47236615107952895,0.43329448201139253,0.4241735431792727
2018-06-12,21660000.0,15.9,26.2,18.692286423670318,4.866658923466411,0.13,0.5867804727574176,0.5251437248724234,0.47800302075174217
2018-06-13,20210000.0,17.3,27.9,18.00938636574188,7.518479222477014,0.17,0.7271230437720119,0.6681965724967693,0.6177137358308558
2018-06-14,21370000.0,16.0,30.1,14.96954642576905,12.603628983220823,0.0,1.338393263584099,1.2756630378278233,0.9315838281233834
2018-06-15,26030000.0,14.5,28.8,12.839096603883766,12.453977724811647,0.0,1.4435380563470033,1.3687497627739678,0.9557890123819544
2018-06-16,27020000.0,15.7,28.7,14.94100806380935,6.701383351562912,0.0,0.9257654978478682,0.8474630864256258,0.7643304266352076
2018-06-17,16030000.000000002,19.1,29.0,17.61964183729877,3.678427931697552,0.0,0.5482606191281867,0.5005188014783332,0.5350306962437639
2018-06-18,23400000.0,19.1,30.9,18.21192214477954,4.133367757261447,0.0,0.729846341723752,0.6592316165799775,0.6766396787304606
2018-06-19,7700000.0,15.9,24.3,20.677773886526623,3.4599370944201544,0.77,0.2273224749528116,0.20575407739095794,0.21009219401060472
2018-06-20,23310000.0,15.4,29.0,18.144189549777998,6.042917814562536,0.0,0.7654988673807365,0.6979478233299419,0.6173070866849079
2018-06-21,26300000.0,16.4,30.3,15.592691485734537,5.73164319707145,0.0,0.9351259288532395,0.8575821998126942,0.7772278852144888
2018-06-22,23970000.0,19.8,32.9,13.450536024843691,4.4745726264343695,0.0,0.9027923111462194,0.8291640946321996,0.8674033131953063
2018-06-23,23480000.0,19.6,31.0,17.37633578586389,8.578010132013983,0.0,0.9877017639627839,0.9165591090974372,0.876093606059167
2018-06-24,26730000.0,17.5,33.5,18.48507353522529,6.42003898575366,0.0,1.1334277495857616,1.052222190276304,0.8657572053106417
2018-06-25,17500000.0,20.8,34.5,17.999791244652492,4.740951866402703,0.22999999999999998,0.8119243412898209,0.7573007329959596,0.7759396727467351
2018-06-26,3850000.0,21.0,25.6,27.67934149082185,13.911580981717023,7.82,0.14520725417749966,0.13386410246749633,0.10714125245417734
2018-06-27,18020000.0,21.5,27.2,25.273893264392537,7.5992909020179695,0.010000000000000002,0.5779300397401195,0.5240346071506238,0.4161481290608414
2018-06-28,12030000.0,20.9,26.4,24.87005397272065,5.677768744044146,0.21000000000000002,0.38950347189623413,0.3538789760532218,0.31071930562881944
2018-06-29,18160000.0,20.8,28.0,25.494209754125798,5.121066062762011,0.52,0.5306804490138328,0.4763284104761422,0.40783859109105797
2018-06-30,11570000.0,20.1,27.7,24.54098616953228,6.102778317926207,2.1,0.4061758729535697,0.37179053446263427,0.3438566967167712
2018-07-01,11560000.0,21.9,28.1,26.98127489104962,7.407737291254223,1.3,0.42174392489394397,0.3868590435836006,0.3338644075318201
2018-07-02,10190000.0,22.5,28.1,28.066067597617597,6.904909062999391,1.17,0.3696699714949928,0.3387950288596485,0.29517300992040574
2018-07-03,21170000.0,21.9,28.6,25.906881854696238,10.230160024851287,0.010000000000000002,0.7398717778988387,0.6757711270291459,0.5078096021868337
2018-07-04,17770000.0,21.5,29.8,27.581648169358207,5.420368579580363,0.77,0.5433479547736404,0.4892559215000284,0.4240162429431649
2018-07-05,17330000.0,20.6,28.1,25.487705984720574,9.969766835219321,5.15,0.6007199010075117,0.5488881670021865,0.42247367244318673
2018-07-06,13930000.0,17.4,25.5,19.485002855835052,12.2624241140479,0.09000000000000001,0.6273152960457395,0.5874191839265308,0.4596122114919365
2018-07-07,24460000.0,16.7,26.6,17.572621624155254,12.229500837197882,0.0,0.9323231946756761,0.8620457586097349,0.6571170375385794
2018-07-08,18850000.0,18.5,25.2,19.22432777827603,10.52048346616509,0.06,0.7143284320134329,0.6599986191484238,0.5138299076242668
2018-07-09,9430000.0,19.3,22.7,22.406005779803994,9.802157425801044,0.5,0.3230130734547428,0.2962004339233394,0.21645403091408255
2018-07-10,16880000.0,23.1,29.9,28.514833288469838,4.193228260625117,0.22000000000000003,0.5170783776245764,0.46512972368090805,0.415092659881145
2018-07-11,14810000.0,23.5,30.8,30.426230232410376,3.9867095240204544,0.22000000000000003,0.46263489340746516,0.4166867179804532,0.37672518785974274
2018-07-12,19380000.0,23.7,31.1,29.60861687767484,5.632873366521393,0.06999999999999999,0.62704043774865,0.5667304471102819,0.4888119243454835
2018-07-13,22000000.0,23.2,31.4,28.78130284758362,5.638859416857761,0.0,0.6971055110567377,0.6287251925154814,0.5420718511022677
2018-07-14,24950000.0,23.3,31.8,28.69464315919607,4.525454054293489,0.0,0.7481407936835051,0.6703564865366979,0.5844028201581933
2018-07-15,25910000.0,22.8,32.5,28.759616539113917,3.280355584329143,0.0,0.7393768267421819,0.6585026729768136,0.5890195398072284
2018-07-16,25800000.0,22.9,32.7,28.129797056909478,4.145339857934181,0.0,0.7711569546122944,0.6904819839011372,0.6207559758442078
2018-07-17,24760000.0,22.7,31.8,28.002464216852882,4.420698173407065,0.0,0.7359146532623828,0.6590025610992611,0.5820286505313716
2018-07-18,23170000.0,22.8,32.9,27.491202647044997,3.4599370944201544,0.0,0.6952638302571531,0.6227696982080657,0.5832541565181486
2018-07-19,25770000.0,22.8,33.7,27.352561349453264,3.570679025642945,0.0,0.771443337517417,0.6904347132489567,0.6466516896311475
2018-07-20,26510000.0,23.6,34.4,28.709070605674178,3.002004243688075,0.0,0.7832839542359346,0.6992316505252136,0.6506494095842219
2018-07-21,24430000.0,24.7,35.4,29.556771070838163,3.6484976800157165,0.0,0.7846895777150229,0.7063358967854672,0.6716118611713455
2018-07-22,21600000.0,24.8,35.6,28.701856091226237,3.247432307479124,0.020000000000000004,0.7100511786197865,0.640663331491577,0.6319306640788305
2018-07-23,24610000.0,25.1,34.6,27.359478886366407,3.585644151483862,0.0,0.7922345823420923,0.7134729138433198,0.6892440860215986
2018-07-24,23630000.0,26.0,35.5,29.898927244483914,5.249766144993902,0.06999999999999999,0.8513966863483462,0.7750490848732225,0.7360069756376708
2018-07-25,19610000.0,24.7,34.4,29.505004495868373,6.557718143490102,0.0,0.7588154104306144,0.6962599374754307,0.6594538388228095
2018-07-26,25370000.0,25.5,35.0,29.490228584373618,4.483551701938921,0.0,0.8455641809977148,0.7640223834825994,0.7156658388892032
2018-07-27,25200000.0,26.2,36.6,28.565080642484464,4.399746997229781,0.0,0.8838548519494452,0.8018939947378302,0.7884855486558907
2018-07-28,20600000.0,25.4,35.6,30.88464247976916,4.42369119857525,0.13,0.7241219765886535,0.6577370201950805,0.636059431052902
2018-07-29,21370000.0,26.3,36.6,24.622894275558934,9.73032482176464,0.0,1.1504392461615143,1.080900327476723,1.0741304823705724
2018-07-30,20440000.0,24.7,34.6,25.357934678376235,9.445987430787204,0.12,0.9920754608256553,0.9268010896586052,0.8845460758175575
2018-07-31,19990000.0,25.0,35.9,24.36537714850028,6.58166234483557,0.0,0.889264530638439,0.8248790713034104,0.866103695621265
2018-08-01,26120000.0,26.2,38.3,25.061649520729873,6.1746109219626115,0.0,1.0689092039937087,0.9832435232655488,1.0204116694314034
2018-08-02,24390000.0,26.4,38.6,25.1129589994284,5.552061686980438,0.0,1.00362420946918,0.9234407115012658,0.9739650189595214
2018-08-03,21200000.0,26.4,38.2,26.654945150301483,5.845378153462424,0.0,0.9151793101927257,0.8456162876237835,0.9031179306965683
2018-08-04,17790000.0,25.4,35.4,28.984397623732445,6.701383351562912,0.020000000000000004,0.76677060496723,0.709501161245976,0.7102180867335488
2018-08-05,17700000.0,25.7,34.9,28.817478411778946,6.782195031103867,0.13,0.7658682988044584,0.7089485874743133,0.7027548979560873
2018-08-06,18090000.0,26.4,35.2,29.298728473568687,7.814788714127184,0.11000000000000001,0.8355261325832617,0.7770478659830043,0.7571267957675512
2018-08-07,18780000.0,26.1,34.9,31.96984109406287,3.537755748792926,0.49000000000000005,0.6345921795272617,0.5740723018053536,0.5496169294307304
2018-08-08,23970000.0,25.7,37.2,27.145744142132273,6.363171507558173,0.0,0.9650096728163579,0.8870102399256489,0.8992112573763975
2018-08-09,20210000.0,25.9,35.1,29.27670229194933,5.2108568178075165,0.16000000000000003,0.7578818392153936,0.6927536853943201,0.6804549432937672
2018-08-10,18600000.0,25.3,33.6,29.328119209179945,7.521472247645197,0.16000000000000003,0.7617313625429104,0.7024628082635758,0.6534444795162256
2018-08-11,19150000.0,24.8,33.6,25.235187078180804,9.257426845191642,0.16000000000000003,0.9246113794710148,0.8637587329200287,0.8209858718989793
2018-08-12,17420000.0,25.5,33.9,29.057233972599253,4.770882118084538,0.16000000000000003,0.6458133174251194,0.5901529380901146,0.5837952170392992
2018-08-13,21180000.0,25.8,37.1,28.45034292053099,3.6514907051838996,0.0,0.7446092298763284,0.6756885795373538,0.6948793820445877
2018-08-14,22900000.0,26.2,37.8,25.900286199507388,4.289005066006991,0.0,0.8486346808335063,0.7737113108787037,0.8223910253925155
2018-08-15,23590000.0,26.2,38.6,26.185227753616065,6.931846289513043,0.05,1.0637225563642427,0.986243055420944,1.011186647381668
2018-08-16,19700000.0,22.2,34.6,21.31445249280237,15.318302810763278,0.09000000000000001,1.3790588566912807,1.3170236506045725,1.1114351809367653
2018-08-17,24720000.0,20.1,32.4,16.74486343381145,13.396780652789458,0.0,1.3711175952312626,1.2952823531208997,1.112130052392795
2018-08-18,25190000.0,19.9,32.9,16.494411753589848,4.845707747289127,0.0,0.8761746490242155,0.7987498187693329,0.8199354127516367
2018-08-19,23880000.0,22.9,33.6,20.211251838325786,3.576665075979312,0.0,0.7501283898573983,0.6750610267401754,0.717974156635155
2018-08-20,19690000.0,25.2,35.0,21.928278659646196,10.816792957815256,0.0,1.1545941438417056,1.0914092237188597,1.0712625572277639
2018-08-21,15190000.0,24.9,30.6,25.926677625170182,7.371820989236022,0.30000000000000004,0.658029453991942,0.6105595265700519,0.5799948683915523
2018-08-22,21290000.0,27.2,38.5,24.88915574737022,13.259101495053013,0.12,1.4401079398630514,1.3698842509832942,1.3248903713824032
2018-08-23,12740000.0,25.0,33.9,28.094376223970688,19.556426448911147,3.1300000000000003,1.1291754243787122,1.0885796511787809,0.854007222646257
2018-08-24,11420000.0,22.0,27.7,26.87211279018988,11.196907154174566,0.39,0.46450516516483614,0.43011296091771445,0.3383038689697018
2018-08-25,9180000.0,21.0,27.4,22.910579794535806,4.89958220031643,0.91,0.3639495760365886,0.33655105175221867,0.34973512146527047
2018-08-26,7420000.0,20.2,25.1,23.400912110075534,6.752264779422032,9.18,0.2931110685692503,0.27146014672061064,0.2544290737138887
2018-08-27,5430000.0,23.2,26.8,29.401708633102455,8.347547194063848,3.69,0.21524798782463747,0.1988617503233257,0.1701202970089471
2018-08-28,7600000.0,23.2,27.9,29.335470911747016,6.240457475662649,1.04,0.27378669350886664,0.2506826803869888,0.22754669943965017
2018-08-29,17550000.0,23.7,30.2,28.30036026991992,8.55107290550033,0.13999999999999999,0.6382604382631165,0.5839452501083013,0.49045205287265603
2018-08-30,12780000.0,21.0,28.8,28.97712276000072,9.601624739532747,3.2700000000000005,0.3938287464676978,0.3553145698101632,0.2743706348377818
2018-08-31,8000000.0,19.2,24.7,21.888399004437172,3.4868743209338064,2.5,0.2529483586404673,0.2298545348244986,0.23642485201836827
2018-09-01,20610000.0,18.4,27.9,20.37106960482212,11.517160847170205,0.0,0.7861798017400919,0.7255909372520815,0.5922893338738341
2018-09-02,19860000.0,21.3,27.9,22.804156699163872,7.979405098377277,0.24,0.6734906387367536,0.6138855284480358,0.5308442904738243
2018-09-03,10970000.0,20.8,27.8,27.20076143169597,8.284693665531996,7.859999999999999,0.35839971333543275,0.3256128190030287,0.27257547017432876
2018-09-04,21650000.0,19.0,27.3,21.258898708421174,8.515156603482128,0.0,0.6813855897883851,0.6177393541665789,0.5208680103096771
2018-09-05,21980000.0,19.5,26.9,20.12646542627338,8.45828912528664,0.0,0.719416047814629,0.6547520360689141,0.5619227454476118
2018-09-06,11430000.0,20.1,26.2,22.709921630771277,10.074522716105744,0.9300000000000002,0.4809192279617944,0.4473175432894044,0.37974653502794675
2018-09-07,13880000.0,14.0,25.0,17.357742541059253,6.429018061258212,0.05,0.42236772162856323,0.38388793323993886,0.3805003809019385
2018-09-08,22080000.0,14.9,24.1,16.343960156568095,5.9441479840124805,0.0,0.5613046976546817,0.5000918930710487,0.4582974057915436
2018-09-09,22360000.0,16.8,25.5,17.469564177192236,6.306304029362686,0.0,0.6176883851842772,0.5539564040220292,0.5106564509736655
2018-09-10,20390000.0,15.7,24.9,14.93693505635156,9.55373633684181,0.0,0.7343387692226504,0.6770311856936413,0.5973218006001463
2018-09-11,19340000.0,14.6,24.3,15.21199171365627,8.661814836723119,0.0,0.6301095816767291,0.5765397248929671,0.5171353981166902
2018-09-12,21170000.0,18.4,26.0,18.87151442274763,9.574687513019095,0.0,0.7130651532876647,0.6517157065885948,0.5480201594256684
2018-09-13,5080000.0,19.9,22.0,21.549168181791373,9.107775586782466,0.020000000000000004,0.25120524533030514,0.23677288398056193,0.20655539568874098
2018-09-14,7280000.0,20.1,24.1,22.094172412697567,10.978416316897167,0.87,0.3724646900733375,0.3514002499578387,0.2936851115093858
2018-09-15,7570000.0,19.5,24.3,24.90827034264249,4.23812363814787,0.9300000000000002,0.192811849394759,0.17097637523274894,0.15413931991580102
2018-09-16,11850000.0,18.8,24.7,21.831538151261565,3.908890869647683,0.09000000000000001,0.3150830144156094,0.28098233168557185,0.2711443024695431
2018-09-17,18630000.0,14.7,25.9,17.450883496823852,4.435663299247984,0.0,0.46023653633814005,0.4078755612942243,0.4165910401913887
2018-09-18,20500000.0,16.0,25.8,16.68193988371441,3.7861768377521585,0.0,0.4943573941070011,0.4361641541152421,0.4510269455462854
2018-09-19,9090000.0,18.6,23.8,19.879203743656642,4.342879519034295,0.24,0.29184963599491154,0.26591975788104905,0.2744757501780306
2018-09-20,8950000.0,18.8,23.3,19.92634473614742,12.328270667747937,1.4000000000000001,0.4534131459469834,0.42794459130383034,0.3399576530670766
2018-09-21,5490000.0,16.0,21.3,19.811283619927043,6.096792267589839,1.54,0.16558411819082436,0.15059240148633854,0.1427028269602984
2018-09-22,18650000.0,13.6,24.8,15.891201385404466,5.932175883339745,0.020000000000000004,0.4866235020032482,0.4351914357406825,0.4361947467137476
2018-09-23,15060000.0,13.5,23.5,15.282485352423711,6.671453099881076,0.04000000000000001,0.44496886085355686,0.4039560735288566,0.40088742754419543
2018-09-24,17420000.0,9.7,20.5,11.877534617434161,6.1297155444398586,0.0,0.42501444737133054,0.3806482714696085,0.37872183751839605
2018-09-25,19770000.0,14.4,21.7,12.807041869693439,7.41372334159059,0.0,0.5801735365992038,0.5267787804004642,0.4941531217677729
2018-09-26,13760000.0,10.3,21.1,13.225630160821535,8.464275175623008,0.0,0.4164455558224274,0.3809578052623003,0.3578887604933991
2018-09-27,17640000.0,13.8,22.2,12.942864318120893,8.027293501068213,0.0,0.5671028851345842,0.519505208802222,0.48989189543374617
2018-09-28,9710000.0,13.6,20.2,15.290797542019462,8.16197963363647,0.0,0.3305205166354965,0.3048656911137794,0.27680519253885494
2018-09-29,18930000.0,13.0,23.6,15.981726607095974,6.458948312940047,0.0,0.4533893463980047,0.4020260549122937,0.3865387665535529
2018-09-30,18380000.0,12.7,23.4,12.272770693623018,9.685429444241887,0.020000000000000004,0.6605524281039308,0.6109117797006514,0.568739897751394
2018-10-01,14660000.0,11.5,17.7,12.410522039150306,8.733647440759524,0.11000000000000001,0.4069903900441507,0.3700517840522094,0.3117134463720983
2018-10-02,18900000.0,9.9,20.9,11.78462527392607,3.4629301195883384,0.0,0.35983614628488014,0.31139530671829607,0.3466377501925729
2018-10-03,18820000.0,11.2,20.8,12.764411661964223,5.980064286030683,0.0,0.4270633582588477,0.3782257512017754,0.3758776683719816
2018-10-04,16780000.0,16.3,23.8,15.245129557704521,11.807484288484005,1.1,0.6985283187776898,0.6515659393109057,0.5479734780319223
2018-10-05,2009999.9999999998,17.1,19.1,18.901531669791652,13.824783251839701,6.0600000000000005,0.16126568601023897,0.15583203353290104,0.13503843443681468
2018-10-06,5440000.0,13.6,18.7,16.51663913163623,10.703058001424285,1.89,0.20269312005287538,0.1885332967528507,0.1538688346932065
2018-10-07,17530000.0,8.8,22.1,11.672666658388493,6.228485374989914,0.0,0.4626306132340141,0.4176540829654831,0.4128362536074134
2018-10-08,13540000.0,9.6,18.2,9.93007186848444,5.462270931934933,0.0,0.3580056563480672,0.3244108025421197,0.34865363132866056
2018-10-09,12950000.0,12.9,21.1,12.403602323705691,7.4167163667587745,0.16000000000000003,0.4478194421237453,0.41353722650767766,0.4170678720025186
2018-10-10,14250000.0,6.9,15.1,8.204440219906205,7.802816613454448,0.0,0.3967969534535365,0.36379760691102286,0.3396369347306722
2018-10-11,15300000.0,5.8,14.0,7.395870760807439,7.991377199050011,0.0,0.4038734868835692,0.36943639320134575,0.3383359005584984
2018-10-12,17780000.0,3.0,14.7,7.65192957833239,4.896589175148246,0.0,0.29138886461744884,0.25248974680648534,0.27845915272497834
2018-10-13,17020000.0,5.8,17.2,10.004261237460051,3.9986816246931887,0.0,0.271300085232521,0.23139007549958635,0.26322010975686894
2018-10-14,15210000.0,8.4,17.8,10.400340556788532,3.2294741564700233,0.0,0.2642992305311879,0.2272411159619551,0.26709961112714664
2018-10-15,15670000.0,10.6,19.1,13.029297757339055,3.60958835282933,0.0,0.27207073836278484,0.23237381379499875,0.2552193563876174
2018-10-16,8520000.0,7.3,16.5,10.86853409102312,3.400076591056484,0.0,0.17586364271384408,0.1556880645124748,0.18779187095019434
2018-10-17,16149999.999999998,5.5,17.9,8.587049325255085,4.085479354570511,0.0,0.3003240177980079,0.26226690509886896,0.31305637178948986
2018-10-18,14350000.0,6.2,15.5,9.972814057588762,5.408396478907628,0.020000000000000004,0.2514629587635204,0.2183581882844207,0.23142504301883973
2018-10-19,16090000.0,6.7,16.5,9.66587584618555,5.608929165175925,0.0,0.29866866525357555,0.2608460906699951,0.28136526288723407
2018-10-20,16239999.999999998,3.9,17.7,9.08475069545515,4.450628425088901,0.0,0.2944642770854934,0.2570470320227345,0.2816949320398109
2018-10-21,16070000.0,5.6,18.1,8.406092439146944,4.049563052552309,0.0,0.298656798248602,0.26064895931425636,0.31805616066406894
2018-10-22,11890000.0,7.5,18.7,10.444859949695816,4.13636078242963,0.0,0.24659748644049348,0.21762832258591244,0.27050209980211803
2018-10-23,11290000.0,6.0,18.2,11.412917824303165,6.919874188840309,0.11000000000000001,0.2408718621680585,0.21400694015850838,0.23663537068568408
2018-10-24,15250000.0,4.4,17.3,10.23268686356526,4.438656324416168,0.0,0.23237187449889413,0.19719084663782993,0.2301670459295458
2018-10-25,14720000.0,8.1,19.1,9.497761285188128,5.3904383278985275,0.11000000000000001,0.3324947385988727,0.2962177536927015,0.35440619594098516
2018-10-26,2920000.0,8.0,15.1,11.11108216915867,8.811466095132296,1.0,0.18785942086406454,0.18100387444658422,0.17936436794938207
2018-10-27,10320000.0,6.8,11.9,7.424432130802796,9.389119952591717,0.020000000000000004,0.3630197510380308,0.3401309167097828,0.2926967994780393
2018-10-28,10520000.0,5.6,15.8,9.627062113242395,9.386126927423534,0.35000000000000003,0.2941431036906065,0.26996666805758895,0.25931674569615215
2018-10-29,9090000.0,2.6,13.1,7.008165122989283,7.305974435535983,0.020000000000000004,0.26565537478028656,0.2463208470485762,0.25857812326130897
2018-10-30,13180000.0,3.5,12.1,6.506127100994935,5.926189833003379,0.0,0.2653905434916871,0.23739685115323966,0.26218873692309874
2018-10-31,13530000.0,3.9,11.9,6.559196987402187,4.7978193445981905,0.0,0.23435115722547045,0.20553134516302007,0.2437513314008267
2018-11-01,14270000.0,1.5,13.1,6.744933396731814,4.0196328008704745,0.0,0.19734511146925232,0.16747404783119005,0.22316226791706156
2018-11-02,14070000.0,0.9,15.6,7.4200317455914195,4.007660700197739,0.0,0.23696838185196997,0.2066979732305514,0.24016765759267086
2018-11-03,14040000.0,3.1,16.4,7.304257403823636,3.0139763443608096,0.0,0.21552389583047096,0.18404833924117303,0.24714897489999715
2018-11-04,13780000.0,5.1,15.7,8.54958850474752,4.085479354570511,0.0,0.21096628456571048,0.17954165115340567,0.2392272937660557
2018-11-05,12340000.0,3.0,16.2,9.079492755674226,4.372809770716129,0.0,0.19376858655170595,0.16621475237319236,0.21135169775419893
2018-11-06,11890000.0,9.0,16.9,10.261926488973785,3.3252509618518955,0.16000000000000003,0.19738335439670057,0.16851484812998324,0.22488225241374762
2018-11-07,3710000.0,10.2,15.6,13.69010857907337,5.336563874871224,0.6900000000000001,0.09333926000769448,0.08434199879385419,0.09637826824349749
2018-11-08,3150000.0,10.5,18.6,14.356566429947607,13.405759728294004,2.5,0.21859599444061634,0.2106675907108159,0.18547383113918742
2018-11-09,6520000.0,7.5,14.2,10.151205859500145,8.859354497823233,0.0,0.22555652178843624,0.21051519053242718,0.2013023386937789
2018-11-10,10030000.0,3.6,16.4,10.02718673985749,6.3092970545308695,0.0,0.18285172315179113,0.16021661450849817,0.1971011553117685
2018-11-11,7000000.0,2.6,13.5,9.489560244633498,4.597286658329893,0.05,0.09981671426609061,0.0848421254519926,0.12106256638261112
2018-11-12,12380000.0,2.6,11.8,7.09015182315884,5.387445302730344,0.0,0.18770270695162378,0.16186412828263458,0.2025715810540813
2018-11-13,10040000.0,2.6,13.0,8.607087554000227,5.234801019152985,0.0,0.13895590548422698,0.11763142361184362,0.15643759867227397
2018-11-14,12140000.0,2.9,14.2,8.284098294853655,5.189905641630232,0.0,0.17339399497667457,0.1470545368877204,0.20097809161420152
2018-11-15,10200000.0,3.4,14.6,8.45780066649308,2.858339035615266,0.0,0.12703778806263216,0.10462986239751233,0.16570422734489176
2018-11-16,7550000.0,-0.0,12.9,7.472988645752811,4.342879519034295,0.0,0.13134446852229995,0.11593662300299237,0.16099793104209786
2018-11-17,11890000.0,2.2,10.2,5.6671099176045345,4.3368934686979275,0.0,0.17665311034437145,0.1525728296355924,0.20827273779835317
2018-11-18,5140000.0,3.6,9.0,5.7578847457165265,2.789499456747045,0.0,0.12910108758853117,0.1186593493433428,0.16036876539013886
2018-11-19,10110000.0,0.3,11.8,6.124689715619015,4.4745726264343695,0.0,0.15905643955670534,0.13867540993384916,0.2000472880983756
2018-11-20,11910000.0,2.6,11.3,4.7032536703151315,4.669119262366299,0.0,0.22293028404255938,0.19825622046064642,0.271340479773155
2018-11-21,6600000.0,-2.5,11.4,6.003229146191702,6.608599571349223,0.17,0.1999246026023649,0.1872802071171077,0.19703090279131252
2018-11-22,11590000.0,-3.3,6.4,3.84554594456132,6.426025036090027,0.0,0.19666095303234815,0.17657940406047654,0.20496904123072515
2018-11-23,11220000.0,-1.2,5.7,3.748299778550763,5.728650171903267,0.12,0.19713262707183937,0.1771951978057807,0.2086405928603184
2018-11-24,5320000.0,2.4,11.6,7.795496608893962,5.5760058883259065,0.32000000000000006,0.13152702984155545,0.12048911837267076,0.15243192558086457
2018-11-25,7240000.0,-0.1,10.1,6.801756713598065,4.714014639889052,0.0,0.10923517784858269,0.09511467759881014,0.13636178422834117
2018-11-26,11060000.0,1.5,12.6,7.020723698421551,4.456614475425268,0.0,0.14224544380176576,0.11926409663887302,0.18603306259305935
2018-11-27,10040000.0,-0.6,13.7,7.286921304417853,5.9411549588442965,0.0,0.18492942411781071,0.16437781918802577,0.19731908570756143
2018-11-28,6660000.0,-2.4,7.8,3.9917996679864927,5.998022437039783,0.0,0.20194272096849714,0.1899186277122729,0.2204272513438592
2018-11-29,8310000.000000001,0.1,10.9,4.5999249710685,4.2860120408388065,0.0,0.17980631596671254,0.16333892666120156,0.23330338512835222
2018-11-30,10900000.0,-0.0,8.6,4.740123472373848,4.232137587811504,0.0,0.1489788353782322,0.12819925563931597,0.19076670187216993
2018-12-01,8530000.0,2.1,10.0,6.096895875376132,6.001015462207967,0.0,0.18133916216901075,0.16414329840214992,0.20090842808598275
2018-12-02,7650000.0,4.7,13.0,9.348396904190396,7.730984009418044,0.24,0.1473990636437379,0.13066237909627607,0.15354570586707048
2018-12-03,2920000.0,9.0,17.2,14.83542614864534,6.012987562880701,1.79,0.04646820780766742,0.03935382946827494,0.06267267818501825
2018-12-04,4720000.0,-4.0,11.0,5.4139767788711755,7.859684091649937,0.22999999999999998,0.2548718328216789,0.24611167528478597,0.21453899701727538
2018-12-05,8550000.0,-1.4,4.1,3.9199428455741643,5.330577824534857,0.13999999999999999,0.15269033769111406,0.13798426412124168,0.16631433116662692
2018-12-06,6550000.0,-7.3,5.6,4.285633530101084,10.179278596992168,0.0,0.17295146749125634,0.16259438914673027,0.14795505915210033
2018-12-07,7850000.0,-8.2,-3.1,1.975530548539466,10.721016152433384,0.010000000000000002,0.2345064363088114,0.22440955103872146,0.15859753063366128
2018-12-08,8410000.0,-8.2,-3.7,1.7536071989375952,7.2850232593587,0.010000000000000002,0.17661585363897953,0.16594880551835142,0.15058567812150514
2018-12-09,10940000.0,-8.5,-1.7,1.1153263972510674,5.139024213771111,0.0,0.1688180180581032,0.1543862660059952,0.18370045740160515
2018-12-10,10520000.0,-4.8,3.6,1.6951894331973092,5.782524624930569,0.0,0.22489324287981644,0.20809340281514763,0.24722736375927226
2018-12-11,2089999.9999999998,-5.0,1.2,4.229122133275003,4.387774896557047,0.22000000000000003,0.06491882414600031,0.06175139312753934,0.07600885762185769
2018-12-12,10720000.0,-5.2,1.8,3.266294480300007,5.9411549588442965,0.0,0.1312515709922563,0.11487143626845113,0.14107731556676734
2018-12-13,4980000.0,-6.7,4.6,3.3058575221166433,7.844718965809019,0.010000000000000002,0.19012378630058546,0.18231175287476983,0.18367894345283958
2018-12-14,10500000.0,-6.9,1.1,2.6207678845514457,4.2919980911751745,0.0,0.10907309930691853,0.0938120998717544,0.13633031666099818
2018-12-15,9830000.0,-4.3,3.1,1.9178226073015894,3.004997268856259,0.0,0.12141076878425931,0.10571281937021995,0.1721447443476207
2018-12-16,5700000.0,-1.0,5.3,4.802641408317417,5.462270931934933,0.1,0.13191171716502353,0.12181914162046181,0.1439711316358971
2018-12-17,9870000.0,-2.7,5.8,4.36477338607554,6.892936962326657,0.0,0.16029163625134796,0.14319026538401639,0.1700830421835567
2018-12-18,7900000.0,0.5,6.3,5.231957981231241,7.862677116818118,0.020000000000000004,0.18316940796455225,0.16855714893701493,0.17268562902328816
2018-12-19,9830000.0,0.4,9.9,6.3014294038547645,5.36649412655306,0.0,0.126461236079598,0.10719696306251614,0.16125053639250134
2018-12-20,7790000.0,-1.9,8.9,4.974485509662199,5.929182858171562,0.0,0.15957544678873486,0.14511747492170182,0.1909083160804524
2018-12-21,9220000.0,0.7,13.6,6.050820577767957,4.687077413375399,0.0,0.18184526969524356,0.16263039190363965,0.23196299142958057
2018-12-22,9670000.0,2.4,10.4,6.656486812828668,4.025618851206841,0.0,0.11417812103975307,0.09447382289860687,0.15584121572676518
2018-12-23,9990000.0,-6.3,7.4,3.4482593362240923,8.257756439018344,0.0,0.27544436637428926,0.2587667194110226,0.2326029915872073
2018-12-24,10470000.0,-5.9,1.9,2.94613856595313,4.926519426830081,0.0,0.12044289036169165,0.1046406838652745,0.1434300701172271
2018-12-25,6430000.0,-1.3,4.9,4.115465532474159,4.447635399920717,0.0,0.13204718101390073,0.12080445225450095,0.15596087440179165
2018-12-26,10010000.0,-9.2,3.0,1.975530548539466,9.936843558369302,0.0,0.28857209499268477,0.2741468786211116,0.23527656604518477
2018-12-27,10450000.0,-9.2,-5.5,1.6139357067877746,11.996044874079566,0.0,0.24541569004955593,0.23301896312019577,0.1513949145430608
2018-12-28,8440000.0,-9.1,-4.8,1.7609575376902842,6.967762591531246,0.0,0.1497119115046251,0.13950348517287284,0.1302548642352861
2018-12-29,10470000.0,-8.9,-2.1,1.9498435605565951,8.877312648832335,0.0,0.19816283853003427,0.1846022521140005,0.15898633086816
2018-12-30,10640000.0,-8.5,-1.6,1.5541973689315836,4.600279683498076,0.0,0.1347045853565431,0.12063657373917216,0.15497529883599098
2018-12-31,10810000.0,-8.1,1.1,2.1765147108183927,4.564363381479875,0.0,0.12630575672917738,0.11099379732500078,0.1541775471213966
2019-01-01,4970000.0,-6.0,0.7,3.164564367231967,7.719011908745308,0.0,0.15747860625947369,0.15017818340375272,0.13693034971643303
2019-01-02,10150000.0,-6.3,1.6,2.686195929203684,5.438326730589464,0.0,0.1418736939912752,0.12677547490817043,0.15676377788864132
2019-01-03,10610000.0,-5.5,2.8,2.4791274667875967,4.363830695211579,0.0,0.13908691999346318,0.12264266925672289,0.1719724839294029
2019-01-04,6140000.0,-3.1,3.0,4.057080422115078,5.055219509061973,0.0,0.11663153856785655,0.10661368736092644,0.12711197677325076
2019-01-05,10660000.0,-5.8,1.6,2.3802187328148503,5.674775718875963,0.0,0.16771174393009852,0.1516891632144907,0.179270209761753
2019-01-06,10470000.0,-5.0,3.5,2.633036309069842,4.5673564066480585,0.0,0.1493813843239592,0.13276010587666037,0.18059083727383185
2019-01-07,9910000.0,-5.1,3.6,3.5385741528440677,5.902245631657911,0.0,0.1412480853945967,0.12551581515460328,0.15339736134988238
2019-01-08,10740000.0,-7.6,2.4,1.9424636301757132,8.751605591768625,0.0,0.2694054463676185,0.2535962062326839,0.23236025023110346
2019-01-09,9170000.0,-6.5,1.1,1.2597765077640835,3.0858089483972138,0.0,0.13336682175087713,0.11992542576564022,0.1746358899033352
2019-01-10,7830000.0,-3.6,3.5,3.9049621423536727,5.8962595813215435,0.0,0.14079306442997935,0.12801785678335675,0.14559255919778627
2019-01-11,10410000.0,-0.2,6.0,4.802641408317417,4.372809770716129,0.09000000000000001,0.12830728649619222,0.10938123458504274,0.15326925364086855
2019-01-12,10160000.0,-1.5,7.7,4.874983899158612,3.726316334388488,0.0,0.11681008966294786,0.09821013080448461,0.15370958914445776
2019-01-13,11300000.0,-3.4,7.2,3.966454801881895,4.399746997229781,0.0,0.1423340636048449,0.12250473148562277,0.18164554628829527
2019-01-14,9850000.0,-2.0,5.7,4.526949393894661,4.262067839493339,0.0,0.12136453354382579,0.10411083765161874,0.1456918626852798
2019-01-15,7960000.0,-7.9,5.6,3.1306025826633714,9.410071128769001,0.020000000000000004,0.2877524678130128,0.27531567572850935,0.21657867779877762
2019-01-16,11460000.0,-6.6,0.5,2.3027020105880838,7.09945569893132,0.0,0.19876321115496726,0.1822130781391889,0.18045165373285577
2019-01-17,6030000.0,-3.9,4.1,3.6134947367872656,7.264072083181413,0.0,0.19451488226996758,0.18461947076908375,0.1795679236473769
2019-01-18,11560000.0,-3.0,6.6,4.077754858461391,3.896918768974949,0.0,0.13182146029900368,0.11160902725722119,0.1661774654180165
2019-01-19,9750000.0,-1.1,8.1,4.586971687029104,4.085479354570511,0.0,0.14862839793746283,0.13053273353392342,0.18272137940815414
2019-01-20,12050000.0,-5.5,2.0,2.7704810532816064,9.374154826750798,0.0,0.2534941563864717,0.23511940341276844,0.19872142361441886
2019-01-21,11380000.0,-3.0,5.3,4.171950655497205,8.44931004978209,0.0,0.21514132932047544,0.19571159209053793,0.18746890930666113
2019-01-22,12020000.0,-0.9,7.4,4.559731954521952,7.859684091649937,0.0,0.24159005278427853,0.21947108029765636,0.22309227516971625
2019-01-23,11660000.0,-4.8,8.2,3.4160292499320333,7.353862838226919,0.0,0.2882405850824603,0.2679270846299299,0.26094375527267216
2019-01-24,12650000.0,-4.0,5.9,2.602460588831415,4.1603049837751,0.0,0.1817275596666143,0.16028945614339704,0.21936517408029133
2019-01-25,12060000.0,-5.6,4.6,2.0243341169934905,9.718352721091904,0.0,0.3665639097775493,0.3472289252194409,0.29319481938907827
2019-01-26,13010000.0,-6.2,1.1,2.4774633318099215,6.192569072971713,0.0,0.18997802900417954,0.17078702925197747,0.17854145885954545
2019-01-27,12840000.0,-2.8,5.6,3.84554594456132,7.350869813058736,0.010000000000000002,0.22899392664849474,0.20686840257332922,0.20950384325496083
2019-01-28,12100000.0,-6.2,5.1,2.905631202973817,7.856691066481752,0.0,0.25088291653731065,0.23152185937833086,0.2287878818615821
2019-01-29,13270000.0,-2.9,5.8,2.1943690595184795,3.0588717218835626,0.0,0.1685192050923222,0.14561074142453628,0.21455010493319798
2019-01-30,12200000.0,-1.8,7.8,3.8578577465637864,4.872644973802778,0.15000000000000002,0.20351590106929054,0.1812584007243941,0.22563130108133728
2019-01-31,5380000.0,-6.4,-0.0,2.5739217880005083,6.297324953858136,0.17,0.1732606379320922,0.16554078921136856,0.15512895568515292
2019-02-01,10540000.0,-3.9,3.5,3.480759139519667,6.63254377269469,0.0,0.1992794426566732,0.18218230599599733,0.18042106314896508
2019-02-02,11200000.0,-1.2,7.3,5.066355102102547,6.375143608230907,0.7000000000000001,0.19223937122475643,0.1717708658271108,0.18383719028184994
2019-02-03,2690000.0,-3.8,11.4,6.908408726381047,10.47858111381052,0.45,0.1704424970957112,0.16539904119643278,0.15346574173867253
2019-02-04,13680000.0,-3.8,4.4,2.4173986454031073,5.974078235694315,0.0,0.2566292345294484,0.23400731534031113,0.24822398561497377
2019-02-05,13360000.0,-1.0,11.4,3.074718784447794,4.740951866402703,0.0,0.2888382341512027,0.2626142441956557,0.3258056472280201
2019-02-06,12770000.0,1.2,12.2,6.3014294038547645,6.734306628412931,0.03,0.25422161382901187,0.22796317666200547,0.2539923412898235
2019-02-07,11410000.0,-8.2,2.6,1.7450664020748667,10.307978679224059,0.0,0.3613897517667616,0.3447355812432758,0.26353223077223664
2019-02-08,13990000.0,-6.7,0.7,1.8928060424928672,6.563704193826469,0.0,0.24487640179580614,0.22462935473872295,0.2121879652911419
2019-02-09,14750000.0,-7.3,-0.7,1.6704384324675285,7.835739890304468,0.0,0.27537070765477123,0.2549294775501104,0.21376925031644026
2019-02-10,10070000.0,-6.0,1.8,1.524265561084206,5.240787069489351,0.0,0.23794748839491078,0.22281171092716492,0.23193674288151805
2019-02-11,14770000.0,-5.3,1.9,2.5109356167042813,6.6804321753856275,0.0,0.24525818289921827,0.22268965772472185,0.20811374396170254
2019-02-12,10610000.0,-5.2,4.3,2.762222891360704,4.998352030866486,0.0,0.2057320724067273,0.18868839650594776,0.20674182999248386
2019-02-13,15090000.0,-3.7,3.3,2.5465140588211526,6.093799242421656,0.0,0.2631728773553701,0.2386950982083494,0.23529375571087927
2019-02-14,13210000.0,-3.2,5.9,3.0246864328787035,4.235130612979687,0.0,0.2137453897237363,0.19102407605613225,0.22416613893675352
2019-02-15,10490000.0,-2.6,5.3,4.0972219426384955,9.445987430787204,0.010000000000000002,0.28100589311640173,0.2629630028534823,0.21016150288120325
2019-02-16,12990000.0,-6.2,1.8,3.012786872134558,7.063539396913119,0.0,0.21473774961510364,0.19529388174635204,0.1732236208143843
2019-02-17,16149999.999999998,-4.7,4.5,2.7806041732360267,5.608929165175925,0.0,0.2505344886955644,0.22423550026877606,0.2309472598880884
2019-02-18,11530000.0,-0.7,7.7,3.946281788467599,4.303970191847909,0.8500000000000001,0.22296739886542297,0.2015681157297502,0.23093621072691706
2019-02-19,2830000.0,-2.5,4.1,6.021494225092716,5.420368579580363,0.71,0.051812075830527146,0.047042875104429546,0.055604013830952856
2019-02-20,10650000.0,-3.6,6.2,4.6360765384672895,7.021637044558549,0.0,0.2024628819478878,0.1841784749782515,0.17441079124055395
2019-02-21,16320000.0,-2.6,7.3,4.687111606675051,4.654154136525381,0.0,0.20850562700191455,0.17940247753148647,0.19554350627585165
2019-02-22,10720000.0,-1.9,7.7,4.7712917360572185,4.4296772489116165,0.0,0.1881541466248229,0.16866449470479192,0.1887581422744627
2019-02-23,14580000.0,-2.1,12.1,4.652062817324141,6.291338903521768,0.0,0.37558458532650946,0.3471485502931277,0.3092084409231643
2019-02-24,16770000.0,-1.8,12.4,5.545212579586526,5.755587398416918,0.0,0.32725225122778706,0.2942299142048464,0.2749664888602444
2019-02-25,16579999.999999998,-0.9,11.4,4.575484801190997,4.69605648887995,0.0,0.2891866452936717,0.2565903145191566,0.2884887021617324
2019-02-26,16600000.000000002,1.7,10.0,4.88409422918752,5.423361604748546,0.0,0.30985972119441557,0.2766020491619203,0.287026034450547
2019-02-27,5930000.0,1.3,11.2,6.628560452561647,3.5826511263156786,0.06999999999999999,0.1546932012029894,0.14266501816282084,0.17354704154896047
2019-02-28,16149999.999999998,-1.8,12.3,5.46076731636387,4.725986740561785,0.0,0.2981222447218996,0.26637129526421444,0.26398318994580194
2019-03-01,17790000.0,-2.7,12.1,4.682717752857522,5.315612698693939,0.0,0.3681005949439758,0.33373876604801106,0.3002933691918976
2019-03-02,16629999.999999998,1.6,14.5,5.25623418106879,4.869651948634594,0.0,0.36434468794796093,0.32876934337961095,0.35102434139234545
2019-03-03,13490000.0,3.9,14.6,6.303333596886959,4.208193386466036,0.0,0.2947749250999617,0.26493632934557165,0.30922390167007713
2019-03-04,16460000.0,0.2,15.1,6.470958339636671,5.01032413153922,0.0,0.3629710483765348,0.3281619820716012,0.3075948001889418
2019-03-05,13310000.0,5.4,13.8,6.700581162260666,4.166291034111466,0.0,0.29278362912678607,0.2630638938823764,0.2953822984685542
2019-03-06,16530000.000000002,-0.3,14.5,5.910837208835133,5.737629247407816,0.0,0.4036097543507293,0.3692114511712105,0.3264400487254163
2019-03-07,15170000.0,-2.8,12.3,5.42730916038558,6.467927388444597,0.0,0.3698426019942437,0.34049375033296253,0.28038269545200134
2019-03-08,19040000.0,-2.7,13.1,4.7032536703151315,3.7502605357339562,0.0,0.354362988206553,0.31698987677289925,0.29942464486956494
2019-03-09,14820000.0,5.1,14.4,4.604249929190187,4.435663299247984,0.1,0.376751951588224,0.34352775296618726,0.39317876523110307
2019-03-10,5900000.0,0.6,11.6,6.039808428590307,6.384122683735459,0.09000000000000001,0.24331993618172273,0.23140761159457757,0.24039926357618185
2019-03-11,9750000.0,0.9,10.6,7.740526523236589,8.69473811357314,0.15000000000000002,0.20213365994852506,0.18266056740068753,0.15554198686919074
2019-03-12,14820000.0,-2.0,11.6,4.738643778824072,11.852379666006758,0.17,0.5746277481378522,0.5459095223184568,0.35294358326779685
2019-03-13,19190000.0,-3.5,8.8,3.1583652596115677,10.96345119105625,0.0,0.5461695969495939,0.5115842765210973,0.3668398859628376
2019-03-14,18240000.0,2.2,11.2,4.834173399387139,9.993711036564788,0.13,0.5323920350708077,0.49488585700297716,0.3861336550928477
2019-03-15,15020000.0,-1.2,11.3,6.203109380961117,8.835410296477765,0.29,0.3343897381990376,0.3050484860746888,0.2505447165703632
2019-03-16,18850000.0,-0.7,11.7,5.591291754424766,7.192239479145009,0.0,0.37910816017035415,0.3417543348503924,0.3008216712914447
2019-03-17,19270000.0,-1.3,12.1,4.993050418192506,5.8992526064897275,0.0,0.40024735502961395,0.3621816749935208,0.32225059545796525
2019-03-18,15760000.0,1.0,13.3,3.956356890173725,4.791833294261823,0.0,0.38863114095735984,0.35578662100121267,0.3805161002305474
2019-03-19,19910000.0,3.8,17.7,7.5173739913276245,6.351199406885439,0.0,0.5145138723163647,0.46869936770930876,0.4127450573553412
2019-03-20,8090000.0,8.5,19.2,10.834706323692593,10.406748509774115,1.01,0.43081939381208256,0.4107692825603696,0.3713543620001805
2019-03-21,9860000.0,0.1,13.1,6.364536974292034,10.804820857142523,0.010000000000000002,0.4269763868369908,0.406762699395364,0.30541933006179595
2019-03-22,20640000.0,-2.1,8.5,3.9149436230154158,7.647179304708906,0.0,0.416785890585575,0.37886974753260116,0.31429219404115283
2019-03-23,16160000.0,-2.9,9.5,4.36477338607554,9.254433820023458,0.15000000000000002,0.421167507108977,0.39137915502797915,0.3023606677012898
2019-03-24,21540000.0,-0.7,9.9,4.638979509135084,7.8686631671544855,0.0,0.43890134442426554,0.3974315789828675,0.32623367216609067
2019-03-25,19270000.0,3.4,13.3,6.626569679943131,8.949145252868739,0.0,0.4852841098555786,0.4437091206953797,0.358598745633783
2019-03-26,20290000.0,7.7,17.8,7.674560986793384,10.113432043292129,0.0,0.6787290597510118,0.629695450831244,0.5223528128635161
2019-03-27,18860000.0,4.8,19.2,9.058487810851412,13.17828981551206,0.0,0.7905679438174845,0.7457983731063582,0.46858422441408426
2019-03-28,18410000.0,3.7,16.6,5.8356963501240084,3.8849466683022156,0.0,0.41602925898878346,0.3743186540509464,0.39372367153438653
2019-03-29,20930000.0,2.9,16.3,6.028814005180157,5.091135811080175,0.22000000000000003,0.4903265772016824,0.4435922377076558,0.4166265575713258
2019-03-30,15880000.0,2.8,12.6,5.632535096936132,13.333927124257603,0.04000000000000001,0.6377018419270674,0.6040706930375974,0.40773003443794675
2019-03-31,17560000.0,-0.5,8.6,3.526032643912356,11.876323867352227,0.0,0.60408963567635,0.5708899021806155,0.3829690001140008
2019-04-01,18950000.0,0.6,10.6,3.6368287652784868,8.485226351800293,0.0,0.5441383225651631,0.5064679841968618,0.4144402871602259
2019-04-02,22510000.0,-1.3,13.2,3.3807757006720913,6.57268326933102,0.0,0.6312407726171347,0.5860023486105141,0.45380887250897917
2019-04-03,23050000.0,-0.2,13.3,4.2237747099751966,6.836069484131171,0.0,0.580732350587504,0.5335496320983066,0.4329211777985108
2019-04-04,22940000.0,6.3,16.1,4.9729411967372465,13.821790226671517,0.0,0.9825301819496894,0.9291389110783823,0.6452388420961584
2019-04-05,16460000.0,1.0,18.7,5.81261033089028,9.290350122041659,0.0,0.8371162620433406,0.8001172757060553,0.5377689186330293
2019-04-06,20230000.0,8.6,20.5,5.591291754424766,4.8427147221209434,0.03,0.574316472642037,0.5233985020217627,0.583238241151815
2019-04-07,17940000.0,4.1,20.2,4.951365350263102,5.429347655084913,0.0,0.7340984890719486,0.6913581839573586,0.5680594885206263
2019-04-08,21910000.0,7.3,18.0,4.036499001545674,9.080838360268812,0.0,0.8401996766434049,0.7873755461705226,0.7031060874236253
2019-04-09,11050000.0,4.0,17.8,6.539497037440632,18.62260259643789,3.34,1.133889020725872,1.108364787480757,0.574322408476547
2019-04-10,6620000.0,2.9,9.1,7.667765369078018,6.512822765967349,0.0,0.18045341396728673,0.16712857069573928,0.14334261494165826
2019-04-11,16810000.0,2.8,14.5,7.181528249231731,4.465593550929818,0.0,0.3453902191546173,0.30881664848236706,0.30798782392613405
2019-04-12,21450000.0,2.4,17.5,6.016009548505555,5.034268332884688,0.0,0.5794689252408058,0.5311256308589865,0.451289857351081
2019-04-13,22720000.0,6.4,18.2,5.346102208081583,6.20753419881263,0.0,0.6337150393804515,0.5793915714829798,0.5744537761869599
2019-04-14,12200000.0,1.2,14.3,6.935301449678095,9.356196675741698,0.21000000000000002,0.44411032890215274,0.4182354428267435,0.32429299232808456
2019-04-15,24180000.0,3.1,19.3,4.778739455434918,6.647508898535608,0.0,0.8806388162658043,0.8243615307528049,0.6116162846984713
2019-04-16,20370000.0,8.2,22.3,5.714083714889749,4.001674649861372,0.0,0.6371089024535938,0.5850646969890215,0.5849272237234213
2019-04-17,23680000.0,9.0,22.7,7.848499266664162,5.522131435298603,0.0,0.732948657754652,0.6716877390863852,0.6234273904151862
2019-04-18,21170000.0,11.6,21.8,11.221457300386353,8.904249875345986,0.0,0.702831242752177,0.6471176976256441,0.5606047177508089
2019-04-19,10880000.0,10.4,17.2,10.076057126307802,9.341231549900781,0.1,0.4933490704388162,0.46641448559103377,0.3904162949456826
2019-04-20,21600000.0,11.6,22.3,12.061912580226807,4.669119262366299,0.0,0.5377640450831096,0.480638718370447,0.4743208177297129
2019-04-21,13600000.0,10.4,21.2,13.735443382224707,4.920533376493715,0.0,0.3554837450141735,0.3203362448761275,0.31790921033665753
2019-04-22,23410000.0,13.0,28.1,12.507755065969278,7.629221153699804,0.0,1.0088197843881606,0.9427485762987955,0.7634779152604507
2019-04-23,12460000.0,14.7,26.3,14.896258560403687,7.5933048516816015,2.31,0.571259821266598,0.5361226063117005,0.5517656661040858
2019-04-24,9750000.0,12.4,22.1,16.330742995334557,4.714014639889052,0.03,0.27624791994103864,0.25031147238104906,0.25341390114677165
2019-04-25,6010000.0,7.9,20.4,12.953640863937453,9.10478256161428,1.46,0.30071700238909005,0.2857221557914207,0.27753485018185275
2019-04-26,8070000.0,4.3,12.1,9.464994549436245,5.150996314443846,0.39,0.1779629098852499,0.16062555866484476,0.14523566394745627
2019-04-27,23470000.0,9.2,17.1,8.48995091942781,4.300977166679725,0.11000000000000001,0.5194714039121477,0.46222226916597675,0.43878823866507394
2019-04-28,15460000.0,7.8,17.1,9.552594667688911,4.0196328008704745,0.03,0.3678283023248998,0.33073096685837794,0.3276930457987285
2019-04-29,6660000.0,8.7,15.4,11.646459839491396,7.60826997752252,2.06,0.23850326792967827,0.2226747145201792,0.19344828912622694
2019-04-30,18090000.0,8.3,22.0,12.654860430793123,4.555384305975324,0.0,0.4544689651259837,0.40834755410645396,0.3791696330614001
2019-05-01,22360000.0,7.4,20.9,10.93646862726531,7.24312090700413,0.010000000000000002,0.6197240374131029,0.5639362221179469,0.4596486402553097
2019-05-02,25950000.0,7.0,22.3,8.408548398252895,6.369157557894541,0.0,0.8401248789761648,0.774668165035626,0.612247891901281
2019-05-03,25930000.0,9.1,26.0,9.898830230832008,4.782854218757273,0.0,0.8275093047972819,0.7581338629654004,0.6553949280133311
2019-05-04,23170000.0,11.3,26.4,11.487069538587896,4.1603049837751,0.0,0.7168561742424172,0.653356385188506,0.6003346188919052
2019-05-05,24270000.0,9.0,26.5,9.424176235329684,5.980064286030683,0.0,0.9333677157352473,0.8681869482671004,0.719482697215199
2019-05-06,26830000.0,5.6,19.3,5.55883050896573,8.069195853422784,0.0,0.9159768880987714,0.8515964540388241,0.6599353364079318
2019-05-07,26630000.0,9.0,21.7,6.128404012391895,7.539430398654298,0.0,0.9079300606661803,0.839748670238244,0.7469572858533468
2019-05-08,22930000.0,10.2,22.0,6.846699876018025,8.536107779659412,0.0,0.8749940332888716,0.8153698328105946,0.7506907595766206
2019-05-09,25540000.0,7.3,24.0,6.506127100994935,5.779531599762385,0.0,0.9607764956267569,0.8949756148778926,0.7229480703244218
2019-05-10,25910000.0,12.3,26.9,7.155923824738022,3.2294741564700233,0.0,0.7635443083816531,0.6915884034413021,0.6913689142830167
2019-05-11,26110000.0,11.7,28.7,8.529668390508833,3.9328350709931517,0.0,0.890879241262376,0.8176187962314714,0.7525758257930916
2019-05-12,21600000.0,12.7,28.5,10.044411219784969,6.89592998749484,0.0,1.094714463393881,1.0337010526298287,0.834689013961065
2019-05-13,17210000.0,14.1,27.7,11.630106874527916,5.216842868143884,0.08000000000000002,0.7202983021613163,0.6714443675145761,0.6655561925429286
2019-05-14,23710000.0,14.4,27.9,13.63738416098208,4.1782631347842,0.0,0.7180246775243012,0.6504448352453701,0.6332219326534265
2019-05-15,21140000.0,16.0,28.2,14.23118581060978,4.2471027136524215,0.0,0.6559150797066449,0.5947471862943312,0.6256407872612699
2019-05-16,22650000.0,16.3,29.2,14.215581050926502,4.507495903284387,0.0,0.7422926697102575,0.6761022463766733,0.6845397505894799
2019-05-17,16260000.000000002,16.5,29.1,13.85316926637327,8.973089454214207,1.9000000000000001,0.9024440359437783,0.854891509457185,0.8124069262796825
2019-05-18,6220000.0,16.6,19.6,17.16816514493486,15.111784074158614,1.6600000000000001,0.40764348919843024,0.39082890292527506,0.26548324506961574
2019-05-19,8310000.000000001,16.3,22.3,19.915860508848546,7.988384173881826,0.8800000000000001,0.2781480729260649,0.2551906940944451,0.21265492508466713
2019-05-20,19320000.0,10.1,18.5,10.364845428716851,11.032290769924472,0.0,0.688994309560206,0.6406316379014259,0.47293678203231665
2019-05-21,27390000.0,12.0,21.8,11.522682993487402,11.639874879065726,0.0,0.9252178196622168,0.8528506032832436,0.6281113608414133
2019-05-22,27420000.0,15.6,25.3,12.40014373826739,10.493546239651439,0.0,1.0492882765314522,0.9720283344239462,0.805395171871434
2019-05-23,27100000.0,14.2,27.0,15.178917110035117,7.359848888563287,0.0,0.8577351767778489,0.7811859438285051,0.6745908411024237
2019-05-24,26220000.0,16.8,30.4,15.97308570824903,8.233812237672877,0.0,1.0748051423278064,0.9972157683075299,0.8519218330979236
2019-05-25,18540000.0,16.2,28.0,14.851626761986125,4.731972790898152,0.0,0.6241051890821387,0.570460309996789,0.6047721010363099
2019-05-26,24350000.0,18.3,31.4,12.914165377076218,9.700394570082805,1.58,1.284596677432185,1.2112647883413432,1.0755995968176504
2019-05-27,7320000.0,11.9,22.4,15.261722227030765,12.256438063711533,0.71,0.4272657689165632,0.40783110383716936,0.3490093389923668
2019-05-28,18050000.0,11.8,22.4,11.689072250365871,7.629221153699804,0.0,0.6363928923364843,0.5885164539318497,0.5368565463779298
2019-05-29,27050000.0,12.3,25.1,12.828403865726184,8.802487019627748,0.0,0.9055356244580214,0.8316024383912332,0.6784716222646553
2019-05-30,18510000.0,14.6,25.4,13.127141391058277,7.126392925444971,0.33,0.7005104589682383,0.648750407592509,0.6276609718221708
2019-05-31,26210000.0,10.3,23.8,12.51124002609224,6.455955287771863,0.0,0.7462187636530914,0.6767660271947201,0.5658511912297455
2019-06-01,21240000.0,12.2,23.7,13.727878435547009,3.7682186867430576,0.0,0.5291871969287649,0.4719292188126579,0.46296535199811756
2019-06-02,26330000.0,14.2,27.4,11.944292287749947,3.908890869647683,0.0,0.7594230418651945,0.6848027247419047,0.6756489372487688
2019-06-03,27030000.0,15.4,29.6,13.454250829395033,4.283019015670623,0.0,0.8646314193719725,0.7859393146694068,0.7399552526042333
2019-06-04,26930000.0,15.3,30.6,15.441097013886637,4.513481953620754,0.0,0.901192686382289,0.8222588494724787,0.7323739616400752
2019-06-05,25290000.0,17.6,30.8,19.19893659313087,4.9803938798573855,0.0,0.8050903426437175,0.72961009437011,0.6800683507449962
2019-06-06,9960000.0,17.7,28.0,19.239576604484444,9.897934231182916,3.0700000000000003,0.5891017483664167,0.5599518030427366,0.5385883938859983
2019-06-07,6750000.0,14.3,20.1,18.52438674894592,7.105441749267688,0.7200000000000001,0.18767995149521755,0.16974128450900564,0.13777245037152852
2019-06-08,22840000.0,16.6,27.3,18.87151442274763,4.603272708666261,0.0,0.6302425673345049,0.5643097003399141,0.5262000075714747
2019-06-09,22400000.0,14.9,26.7,17.135980367887235,6.842055534467537,2.1,0.6820691857188637,0.6185866523515379,0.5607104851509701
2019-06-10,12230000.0,15.2,22.2,15.084178964194672,4.8427147221209434,0.08000000000000002,0.41065642012544,0.37722932712740614,0.37102482244171386
2019-06-11,22260000.0,13.0,24.1,16.24286794676218,4.5673564066480585,0.04000000000000001,0.5459622676260536,0.48528650204047485,0.43974822808012115
2019-06-12,24730000.0,14.3,25.2,15.698732343741554,3.690400032370286,0.0,0.6112493808681118,0.5423920046046915,0.5141744337102905
2019-06-13,24740000.0,16.9,28.4,18.33829933096896,3.735295409893039,0.0,0.6672776180620802,0.5950884258066429,0.5759600536642964
2019-06-14,13770000.0,15.2,25.2,17.172767294300332,3.9567792723386193,0.0,0.41600086073772663,0.377364463645595,0.3835949192539828
2019-06-15,22500000.0,14.6,25.7,17.15436518467481,7.314953511040534,0.09000000000000001,0.66730754296774,0.6042295518326487,0.522947367743259
2019-06-16,22500000.0,16.8,26.7,17.05803749897144,5.498187233953134,0.0,0.6798767513174265,0.6151286195515328,0.5765966822742097
2019-06-17,24260000.0,16.8,26.2,16.521087758537668,6.138694619944409,0.020000000000000004,0.7371662652842603,0.6676291865988115,0.6063629788655008
2019-06-18,16340000.0,17.0,26.2,19.727968661593742,5.543082611475887,0.08000000000000002,0.5039275279186765,0.4570172836827215,0.42323189428176206
2019-06-19,13940000.0,16.8,27.0,19.17864480106707,3.8909327186385823,0.0,0.4341093358283028,0.3938997572525537,0.4022423817673798
2019-06-20,23520000.0,17.5,29.1,19.780004472461712,5.339556900039408,0.0,0.7032717958474646,0.6339754508554438,0.5970372666356304
2019-06-21,25280000.0,18.7,29.1,17.889768968661823,6.830083433794803,0.0,0.8575183530010841,0.782387725771106,0.729266825634706
2019-06-22,20020000.0,17.4,27.6,19.259924853346185,4.022625826038658,0.2,0.5716291076522894,0.5133451292525351,0.49604075350549176
2019-06-23,23390000.0,16.3,29.4,14.614235769608616,4.630209935179912,0.0,0.7780857668809256,0.7096302225916807,0.6994128806420472
2019-06-24,24510000.0,17.6,29.3,17.260413895182932,5.043247408389239,0.09000000000000001,0.7563097006883664,0.6839381483177296,0.6753660287548292
2019-06-25,22280000.0,20.3,33.0,17.563230792965413,5.076170685239258,0.0,0.8518796180878073,0.7831827599900294,0.8055256223486209
2019-06-26,5820000.0,20.3,24.0,22.464173262677576,7.524465272813381,2.6,0.28532316853031703,0.2684701562583059,0.25061318861985094
2019-06-27,13670000.0,20.8,27.5,24.1474112269503,4.7978193445981905,0.42000000000000004,0.4421834171664772,0.4014127928798777,0.3725678121901887
2019-06-28,14140000.0,20.8,28.5,23.81446435559146,4.522461029125306,0.54,0.46928003566419907,0.42681289897303437,0.4109431385230019
2019-06-29,5770000.0,18.9,23.4,23.06506884381934,5.929182858171562,2.99,0.19627293547429786,0.17982689203484478,0.16408649583173682
2019-06-30,16990000.0,21.4,27.4,24.09163911879428,8.700724163909506,0.06,0.6172941610120475,0.5664438782612015,0.4616587272032155
2019-07-01,14580000.0,18.3,26.6,22.232293098315196,7.024630069726732,0.020000000000000004,0.4771264671493801,0.43471219718810994,0.37920403438954625
2019-07-02,24850000.0,17.0,28.0,20.15292766197723,4.645175061020829,0.0,0.67016520437515,0.5978197067111192,0.5436196257374702
2019-07-03,20450000.0,17.6,27.9,20.808117020135903,3.0858089483972138,0.0,0.5399303225997556,0.48016899115729206,0.45819177529372845
2019-07-04,27000000.0,18.0,30.2,20.10531754829017,3.507825497111091,0.0,0.7314957968337067,0.6510253788565714,0.6232397326606545
2019-07-05,23960000.0,20.1,32.9,19.910620206876153,5.746608322912367,0.0,0.8861410801952244,0.8124035358533824,0.7897491619396455
2019-07-06,27510000.0,20.1,32.0,18.182866804855504,11.241802531697319,0.0,1.225366961991348,1.141189053604429,1.0096587330081055
2019-07-07,25190000.0,18.7,29.6,16.998644058764306,10.212201873842186,0.04000000000000001,1.0503122813780588,0.9751833841008499,0.8593711898839123
2019-07-08,22000000.0,18.7,29.1,17.666772306532177,9.290350122041659,0.010000000000000002,0.9106521607214069,0.845269494619369,0.7640867232811993
2019-07-09,17220000.0,19.7,27.1,17.432220331454378,10.41872061044685,0.0,0.8511527364776439,0.8003436637603313,0.69620608704593
2019-07-10,7630000.0,19.1,24.7,21.275551522506415,10.98739539240172,1.82,0.42050505087190515,0.3984965082224815,0.3345516434870553
2019-07-11,9460000.0,18.4,25.2,22.059759768723254,6.877971836485741,0.12,0.3433539722946017,0.31610956796865075,0.2868106305394072
2019-07-12,18480000.0,20.0,27.3,22.09991241713085,6.339227306212706,0.06,0.5994302416653035,0.5447053303453644,0.48030708723167165
2019-07-13,18650000.0,21.0,27.6,24.39039670481131,2.807457607756146,0.30000000000000004,0.5024452540338608,0.44670454489080375,0.40858789774048593
2019-07-14,22740000.0,21.2,29.9,24.302926381465962,3.5437417991292928,0.22000000000000003,0.6453172692536828,0.5761876299916429,0.532176819566586
2019-07-15,17380000.0,19.5,28.3,24.259294139046048,3.121725250415416,0.91,0.4722021614094241,0.42054985518881416,0.3907765521823468
2019-07-16,22510000.0,21.2,28.9,24.421702727878927,3.3252509618518955,0.22999999999999998,0.6173651156581448,0.5493901952104595,0.49808093577712376
2019-07-17,17850000.0,22.7,30.2,26.58739536877839,3.5557138998020275,1.35,0.5433574503254367,0.48845831330478234,0.4567868034987527
2019-07-18,17940000.0,22.3,28.4,25.106540298556304,4.785847243925456,0.0,0.5593491155527011,0.5049559753770214,0.4545772194849322
2019-07-19,15580000.0,24.0,30.4,27.924897662121243,13.423717879303108,2.5300000000000002,0.7706575719146516,0.7222908823801166,0.5605011958414094
2019-07-20,9240000.0,22.7,28.1,28.20786014357862,13.18726889101661,2.1,0.4437972962901927,0.4157634487409435,0.3168705985483894
2019-07-21,12500000.0,23.5,28.2,29.247356528030856,12.175626384170577,0.27999999999999997,0.4955645823563838,0.45741480515880023,0.33011166560712574
2019-07-22,20710000.0,24.5,31.3,29.675392359060275,8.470261225959375,0.020000000000000004,0.75089636485992,0.6860606915899502,0.5602349356909592
2019-07-23,20550000.0,25.1,30.8,29.60120547903663,6.602613521012855,0.010000000000000002,0.7024707785076287,0.6380980001114762,0.5384242457349282
2019-07-24,8000000.0,25.1,29.4,30.769478335879917,5.022296232211954,0.8500000000000001,0.31639402234470027,0.29154358868941055,0.28073958027193896
2019-07-25,11990000.0,24.6,30.2,32.42437214260835,6.9557904908585115,1.7000000000000002,0.41557389966690683,0.3782613719190206,0.31448270086858965
2019-07-26,9590000.0,24.7,30.0,31.24792821052777,7.0366021703994655,1.03,0.3841273628131516,0.3543016466918651,0.3182924436978675
2019-07-27,14980000.0,25.4,30.6,31.85905548023343,6.749271754253848,1.57,0.5294569191887708,0.4825044819510696,0.4061166387302876
2019-07-28,8950000.0,24.2,28.4,29.95878408385849,8.275714590027446,1.36,0.3628958114515075,0.33542175488346615,0.28501540801630654
2019-07-29,21630000.0,24.8,31.1,28.76684372345093,9.81712255164196,0.010000000000000002,0.8344400639471601,0.7666841906279979,0.6147098508882245
2019-07-30,20580000.0,25.9,31.8,30.350408103036496,12.456970749979828,0.010000000000000002,0.9054501745308453,0.8403096673177629,0.6448205868459341
2019-07-31,21950000.0,24.3,31.4,30.761814061755732,9.275384996200742,0.08000000000000002,0.7651210651846322,0.6964440605028251,0.5384691910834518
2019-08-01,21900000.0,23.8,32.2,30.131455242923007,5.124059087930194,0.0,0.6870135862491012,0.6183715051072013,0.5398900625124793
2019-08-02,24000000.0,24.1,33.0,29.951296266141103,3.7891698629203416,0.05,0.7228756230237317,0.6471691354621038,0.5820616896442239
2019-08-03,18870000.0,25.1,33.5,31.96191671151778,3.8250861649385444,0.2,0.6086884909290836,0.5486590123841579,0.504995765065624
2019-08-04,21930000.0,24.9,33.5,30.92311398128988,3.7472675105657727,0.010000000000000002,0.685684677404158,0.6159980696306264,0.562374456110993
2019-08-05,22340000.0,24.9,34.9,28.214966155908982,6.027952688721619,0.03,0.8330381549623403,0.761502847244781,0.7333021926633811
2019-08-06,17310000.0,23.9,33.0,26.98127489104962,9.326266424059863,2.6,0.7987684376765315,0.7442278754669025,0.6890574033035668
2019-08-07,22250000.0,23.8,32.4,29.218036436155273,6.626557722358323,0.44000000000000006,0.7512187276793445,0.681397683332629,0.5939711859671329
2019-08-08,17090000.0,24.3,31.3,31.591397267723018,3.007990294024442,1.09,0.5009321864511043,0.4474928356970859,0.4003747847957582
2019-08-09,21480000.0,25.4,32.7,31.03105663289339,3.585644151483862,0.020000000000000004,0.662106962368589,0.5939645147742059,0.5363665387447643
2019-08-10,22810000.0,24.7,34.4,26.967608484806185,12.58567083221172,0.0,1.1317112433071563,1.0589478400380212,0.9076338871558915
2019-08-11,19640000.0,26.0,34.6,27.04969768466447,14.177960221685357,1.2400000000000002,1.1920313504894144,1.1288729815332537,0.9656249813312368
2019-08-12,17630000.0,24.2,33.1,29.854103113895082,7.0455812459040175,0.18000000000000002,0.6697879561003588,0.6141115574460593,0.565329745355888
2019-08-13,19480000.0,25.0,34.4,29.921361320545852,4.597286658329893,0.24,0.6774081399562971,0.6151656491729509,0.5942107891067588
2019-08-14,16250000.0,24.1,34.1,27.588616266004504,9.80814347613741,0.77,0.8139848701352405,0.7624050525029189,0.7259317416265456
2019-08-15,9200000.0,22.9,27.3,28.32887506456815,8.036272576572763,1.47,0.3379294702666963,0.3101288712232925,0.25878325796177315
2019-08-16,20200000.0,23.0,29.1,27.463425405604813,10.712037076928834,0.15000000000000002,0.7187509896066333,0.6569409660000988,0.4926719391433346
2019-08-17,19830000.0,20.6,30.3,26.019232715074633,8.676779962564037,0.22999999999999998,0.667852480465947,0.6076489694324536,0.5128343026065411
2019-08-18,23380000.0,19.9,30.1,21.774806582849656,3.756246586070324,0.0,0.6509231374401643,0.5803687667623246,0.5643443104373453
2019-08-19,21170000.0,22.4,31.5,24.334134252855613,6.390108734071825,0.04000000000000001,0.7421131387153463,0.6765944758528143,0.6401899652088192
2019-08-20,21590000.0,22.3,32.5,22.423442174527228,8.730654415591342,0.0,0.9112784261533078,0.8440909804421433,0.8040992955831034
2019-08-21,17140000.0,23.8,31.7,27.228306571694016,3.7293093595566713,1.07,0.5515843278760304,0.4980204993038648,0.48611033100135065
2019-08-22,14530000.0,20.9,30.5,25.190095336615876,5.695726895053248,0.11000000000000001,0.50958185669486,0.4653233743848559,0.457939574015031
2019-08-23,18080000.0,19.3,29.2,21.66737189076233,6.680432175385626,0.0,0.6181552942699302,0.5641560288660322,0.5378537375790872
2019-08-24,10740000.0,18.3,26.5,21.87701647905409,4.4745726264343695,0.0,0.3407228152189613,0.3095032142166708,0.31150697507490743
2019-08-25,21340000.0,16.6,29.0,19.96307760169994,4.809791445270924,0.0,0.6004103690903079,0.5380013337136841,0.5217845119036608
2019-08-26,21710000.0,21.7,31.7,21.47067955704491,4.95046362817555,0.61,0.7170999351025704,0.650118644493973,0.6628552844897039
2019-08-27,8260000.0,21.5,26.0,25.31911603972065,3.3372230625246297,1.2300000000000002,0.25604309149955984,0.2315474932636527,0.2283074243865877
2019-08-28,14180000.0,21.2,27.1,24.503262820284487,5.432340680253097,0.020000000000000004,0.44103993036023725,0.39874823669644915,0.36196471979728917
2019-08-29,12470000.0,19.4,27.2,23.491592994349276,8.335575093391116,0.35000000000000003,0.4503373957892102,0.413597369341485,0.3657873176490437
2019-08-30,19870000.0,17.7,25.9,20.15292766197723,6.78518805627205,0.19,0.5690166184491009,0.5117918495319079,0.44571892773075883
2019-08-31,17650000.0,17.2,25.4,20.868097591043178,4.42369119857525,0.09000000000000001,0.4417614399162878,0.39133238343194743,0.35593427274833933
2019-09-01,15370000.0,18.9,27.3,21.476277579021602,3.7173372588839375,0.0,0.43232367182917447,0.387172626082524,0.38479496949338554
2019-09-02,11260000.0,20.0,26.0,22.662931954990427,5.522131435298603,1.22,0.37440523136885373,0.34137676885789536,0.3252380493267699
2019-09-03,4330000.0,21.4,22.9,24.610277497573033,8.066202828254598,1.8399999999999999,0.17680095107650434,0.16426254160265413,0.14645553482448076
2019-09-04,10090000.0,21.7,28.0,26.94712021014877,3.687407007202103,1.8800000000000001,0.3057631461729139,0.27537633874266365,0.2670161578150393
2019-09-05,10190000.0,22.9,28.8,28.158161785824223,4.2411166633160535,1.4900000000000002,0.3322594229213036,0.3011597245498335,0.2906567501622409
2019-09-06,8400000.0,24.5,28.3,28.67301385468428,14.43536038614914,0.61,0.5073578013006972,0.48153927910375344,0.37377795233683603
2019-09-07,14990000.0,22.6,30.1,27.13200501284587,16.2042382605456,0.24,0.7625940905252561,0.7165495779868682,0.5311758104400234
2019-09-08,7850000.0,22.8,26.7,27.763318941844457,3.0618647470517457,1.37,0.23455618251863203,0.21094760717023378,0.204800255163621
2019-09-09,5230000.0,21.7,25.4,27.31108819058317,5.89326655615336,1.58,0.17216614669042568,0.1567008953021582,0.1420567322543531
2019-09-10,17000000.0,23.6,30.7,25.70964923671587,8.70371718907769,0.15000000000000002,0.7005919461576999,0.6478492734865855,0.5915370572583175
2019-09-11,14120000.0,20.9,28.7,24.011278217642197,11.310642110565539,0.30000000000000004,0.6230673542432732,0.5805729193948395,0.4932469798139641
2019-09-12,4920000.0,17.7,20.7,17.690378955764942,10.490553214483253,0.6200000000000001,0.34023127577406204,0.32666313818629666,0.2810608923348846
2019-09-13,21590000.0,16.6,26.4,18.806620288908665,6.815118307953885,0.0,0.5995374617039614,0.5376534745308847,0.4913662306255975
2019-09-14,15940000.0,20.4,27.4,23.931151754191447,3.699379107874836,0.0,0.4240903346597412,0.3767176211294466,0.3578396113700849
2019-09-15,12920000.0,19.0,28.2,22.70404326485535,6.045910839730719,0.010000000000000002,0.43187951123137863,0.3936470660619668,0.39220408375963833
2019-09-16,19640000.0,15.4,27.2,18.30419933353059,6.096792267589839,0.0,0.545388599755251,0.4892737742961888,0.4843913865831726
2019-09-17,21330000.0,16.9,26.3,17.311335721938807,5.9950294118716,0.0,0.5988866611118142,0.5376507058148181,0.5234605386088462
2019-09-18,21690000.0,12.5,26.0,13.777116087406394,6.644515873367425,0.0,0.6742736918696469,0.6144052174911433,0.5699220562534364
2019-09-19,19880000.0,15.4,24.7,16.090084391753955,5.704705970557797,0.0,0.5298348595561944,0.47419647434763246,0.46520148856670573
2019-09-20,8940000.0,17.4,22.0,15.934252367706131,9.218517518005257,0.010000000000000002,0.47388117164604565,0.44901041787414525,0.4097840789124265
2019-09-21,3180000.0,15.5,21.4,16.392503397389387,15.934865995409085,6.75,0.4404986957523797,0.4318465315459613,0.3365093362684964
2019-09-22,2370000.0,15.2,17.8,15.453680294342437,16.216210361218337,4.36,0.32171104684478274,0.3154985931034984,0.23302292749991596
2019-09-23,15380000.0,13.3,21.8,15.274177129026661,4.447635399920717,0.0,0.3581379087469149,0.31698888077258647,0.3186890539766808
2019-09-24,20540000.0,11.2,23.1,14.981791793480612,4.2860120408388065,0.0,0.4142154134910999,0.3596815308776097,0.3643593347454084
2019-09-25,15050000.0,16.2,23.8,17.232693746312176,4.740951866402703,0.0,0.3981117910528676,0.3560270383135524,0.36009703850463826
2019-09-26,10880000.0,17.0,23.9,19.613911678178894,7.620242078195253,0.0,0.35850331664498447,0.327847292934931,0.3027631813350927
2019-09-27,17540000.0,18.2,27.1,21.577260618866823,5.201877742302966,0.0,0.4610367108519123,0.4098564993660445,0.3945138965938267
2019-09-28,15520000.0,17.3,26.9,22.065491950803832,2.8613320607834494,0.020000000000000004,0.3529572016707141,0.30805059307283766,0.30982975257838696
2019-09-29,18680000.0,15.6,26.5,19.26501486006457,4.914547326157347,0.0,0.44928855194505246,0.3961318367792312,0.39738521491081036
2019-09-30,18360000.0,18.6,27.5,21.723858503912034,3.3821184400473827,0.0,0.4360804680574426,0.38218589880684745,0.38252681012400946
2019-10-01,7730000.0,20.1,26.0,24.060703298857188,5.564033787653172,0.96,0.26323748711390443,0.24054658186841968,0.2417346439686831
2019-10-02,2029999.9999999998,19.8,21.8,22.739333433117416,13.636222666244139,7.1000000000000005,0.14947836768246892,0.143725263096055,0.12984702025011483
2019-10-03,14100000.0,17.9,26.0,21.487477454887298,6.9079020881675754,0.03,0.4057474550375515,0.36504459056190675,0.3417191399281866
2019-10-04,16830000.0,18.2,26.5,21.78614256571042,5.522131435298603,0.010000000000000002,0.43015905215079425,0.38127412032949487,0.3618054913669441
2019-10-05,8240000.0,15.2,21.9,16.80347872845541,7.796830563118081,0.1,0.32000494697564036,0.2975445557615717,0.2886303344701811
2019-10-06,13050000.0,14.2,21.0,13.517540577225374,9.595638689196381,0.58,0.5101806117256329,0.4752322559728258,0.425833610587713
2019-10-07,2750000.0,12.3,16.3,15.762660147996096,4.309956242184276,1.17,0.05992228257584141,0.05303836192047675,0.07025256720661745
2019-10-08,14390000.0,6.8,20.6,10.081820352250848,7.754928210763513,0.010000000000000002,0.4962764642052201,0.460732547415964,0.4147303573637302
2019-10-09,17780000.0,7.8,18.2,10.076057126307802,3.917869945152234,0.0,0.3186695092430803,0.2754500653710944,0.3099452687359002
2019-10-10,12830000.0,10.1,18.6,12.058537916848639,4.531440104629857,0.0,0.280067175285138,0.2479153016796131,0.2691861925130835
2019-10-11,16550000.0,12.3,23.4,14.530548296413977,5.764566473921469,0.0,0.4010418210443092,0.3565105166302224,0.3838221177202782
2019-10-12,16149999.999999998,10.5,23.6,12.455582980328451,9.865010954332897,0.0,0.6183039877994555,0.5755088068073648,0.5098454216499492
2019-10-13,16739999.999999998,9.8,20.9,12.310517629961986,7.1353720009495225,0.0,0.4041533600198289,0.3612935599536008,0.3698522373318361
2019-10-14,12130000.0,7.0,19.6,10.53140679119852,6.848041584803904,0.010000000000000002,0.35483901878510077,0.32514866263858727,0.33935062397173865
2019-10-15,11970000.0,6.9,18.1,11.145668087201992,6.821104358290253,0.0,0.2796752617459181,0.2509182863293448,0.26517937878589215
2019-10-16,16129999.999999998,10.0,18.4,11.07972242085252,4.01663977570229,0.0,0.3018288183699904,0.2615402816544157,0.2961561719583255
2019-10-17,9060000.0,11.3,18.2,12.348366611742723,6.7762089807675,0.0,0.29225727121903883,0.2693547874489385,0.2747071252235396
2019-10-18,6350000.0,10.9,19.4,13.513810423049836,7.671123506054374,0.11000000000000001,0.2559500618865477,0.23976040130202508,0.24879000298150525
2019-10-19,15960000.0,8.4,20.5,12.521700029045292,5.040254383221056,0.0,0.29708268297274554,0.2569994854192944,0.2921913358615649
2019-10-20,15840000.0,8.4,20.3,11.914210608745302,5.423361604748547,0.0,0.31270958800357873,0.2730146793588776,0.3121416326526081
2019-10-21,15630000.0,9.5,22.1,12.6196980837431,5.95312705951703,0.0,0.36741764596002807,0.3270238645513766,0.3596402393228223
2019-10-22,15190000.0,13.3,21.5,13.01485705187935,7.105441749267688,0.0,0.4281439987918265,0.3876196068756896,0.40532449366583584
2019-10-23,7020000.0,12.5,18.8,12.9608296084042,8.15898660846829,0.0,0.3148660308608723,0.29677980600351017,0.2931333903333929
2019-10-24,13690000.0,11.2,22.0,13.123506070571173,6.548739067985552,0.0,0.35979990031632814,0.32384295945752367,0.3625158632184304
2019-10-25,13000000.0,10.4,21.8,12.417445148535402,6.548739067985552,0.0,0.3549121391931171,0.3211086238761699,0.3677418596923737
2019-10-26,14330000.0,4.3,15.1,8.144543834057309,6.599620495844672,0.0,0.2892512011381883,0.2571682817576144,0.28050519481183517
2019-10-27,15140000.0,3.3,15.8,7.706344207230227,5.11208698725746,0.0,0.27474579984016856,0.24098516807325146,0.28422776272195993
2019-10-28,14400000.0,9.9,16.6,10.282437980050387,7.479569895290628,0.04000000000000001,0.3509696490572804,0.31576349554464994,0.3159444720873788
2019-10-29,10810000.0,7.0,17.0,9.076864791832877,6.698390326394729,0.0,0.30764692871018035,0.2819863211074617,0.3132817952453374
2019-10-30,14530000.0,6.7,16.4,9.351094033937338,4.851693797625493,0.0,0.25276365674584145,0.21865026994926998,0.26407685445612605
2019-10-31,13250000.0,12.0,19.2,13.236613337896951,7.35386283822692,0.0,0.3194163855256912,0.28531465006273227,0.29128167604616856
2019-11-01,13230000.0,8.5,19.9,9.918701238587584,5.602943114839558,0.0,0.321024404684478,0.28797931226370593,0.3573285874257809
2019-11-02,8650000.0,10.7,19.0,12.633752702248474,3.483881295765623,0.0,0.1869137462522568,0.16500063856167924,0.21134415481128271
2019-11-03,12690000.0,10.0,18.3,10.967471313918224,7.012657969053999,0.0,0.3235387673705365,0.291877435702579,0.3177773976750939
2019-11-04,12860000.0,5.0,18.6,9.987097420197768,5.555054712148622,0.0,0.27221134822257087,0.2418327270994815,0.27518024895897875
2019-11-05,13360000.0,5.5,18.1,9.71877212127826,4.564363381479875,0.0,0.23446758216856475,0.20290783269698826,0.26103669928863726
2019-11-06,13130000.0,7.9,17.3,9.308022145034622,4.22914456264332,0.0,0.23907369026310485,0.20745512524476178,0.2737620310584958
2019-11-07,13020000.0,1.1,15.6,6.25966560680713,6.701383351562912,0.0,0.3811101412509499,0.35301951546652893,0.33380720800709895
2019-11-08,13680000.0,4.1,12.4,4.6360765384672895,4.983386905025569,0.0,0.28642838559041295,0.2569970288071147,0.32632722419236837
2019-11-09,13040000.0,1.9,14.5,5.853509975064121,4.926519426830081,0.0,0.26131527087342726,0.23330051747639097,0.29538054051952944
2019-11-10,7780000.0,8.4,16.9,9.267801140315964,9.296336172378028,0.97,0.3708354894296457,0.3520782217400508,0.346162155086872
2019-11-11,9660000.0,3.7,16.6,9.302650471778687,8.206875011159223,0.010000000000000002,0.2617392274848699,0.23985305455170827,0.25430248545340645
2019-11-12,9000000.0,3.4,13.9,7.899494785079307,3.8939257438067654,0.0,0.15561808980087338,0.13603676106498688,0.1910620204733246
2019-11-13,4810000.0,-0.9,13.4,6.836462549129147,10.601295145706043,0.33,0.32835545982364384,0.3185990415397972,0.25005747549503055
2019-11-14,12660000.0,-1.1,7.3,3.6862660152682056,8.105112155440985,0.0,0.3035810881310796,0.2804043677424827,0.27265724888610027
2019-11-15,11050000.0,9.0,14.9,10.050158501291845,10.981409342065351,0.12,0.33878698477313296,0.31258847110853677,0.2737454779370564
2019-11-16,9720000.0,7.1,16.5,10.745967856031232,6.372150583062724,0.020000000000000004,0.19598262916082068,0.17302149406623057,0.21074976707119922
2019-11-17,1360000.0,6.9,17.1,13.324767689709661,12.522817303679867,3.63,0.06478289660237838,0.061554550039964184,0.10366787941883138
2019-11-18,7620000.0,0.2,8.0,5.384084843714752,10.90359068769258,0.0,0.28028461143407585,0.2658538979479377,0.2168880486874749
2019-11-19,6850000.0,-3.6,3.6,4.561162042903017,5.393431353066711,0.0,0.1091487087718438,0.09795084935046446,0.11239542119520388
2019-11-20,12080000.0,-3.0,5.5,3.790573149273176,5.124059087930194,0.0,0.1648101446852523,0.14410885364050646,0.18254305909258134
2019-11-21,8910000.0,1.3,10.3,4.4270646223933054,6.024959663553436,0.0,0.25832426496190636,0.24050107671855175,0.28131381998154187
2019-11-22,11290000.0,6.2,15.5,9.318773692968147,7.392772165413305,0.0,0.2347781322238786,0.20873263684345802,0.24567550317077105
2019-11-23,9420000.0,6.9,16.2,10.576419653048887,5.695726895053248,0.020000000000000004,0.17077109147340414,0.14865491090742317,0.1959052115968002
2019-11-24,10140000.0,-0.6,19.4,9.432327465960471,8.820445170636846,0.13,0.27930720566921197,0.2567871786771723,0.2907340003363707
2019-11-25,3970000.0,1.1,4.9,6.096895875376132,6.7193415025720125,0.0,0.1133076453748918,0.1060648358364296,0.10449533812627823
2019-11-26,10290000.0,3.9,13.2,7.784016181749776,5.845378153462424,0.0,0.1819978388066295,0.15967221905907283,0.20984059255999948
2019-11-27,8100000.0,-2.2,6.9,4.50285322107191,6.165631846458061,0.0,0.17187616580214998,0.15743158793998902,0.18338625934908723
2019-11-28,7310000.0,-1.4,9.8,6.154459902501063,5.489208158448584,0.0,0.12564044465237661,0.1117507840674375,0.15432110918572706
2019-11-29,11330000.0,-2.7,6.8,4.027523786635682,5.659810593035044,0.0,0.1711973223132533,0.15120780592849187,0.19539885916796498
2019-11-30,9400000.0,0.7,10.9,4.751975763820474,3.968751373011353,0.0,0.1671505048976786,0.14834714131883087,0.2234279048486436
2019-12-01,1780000.0,1.1,7.0,7.48849712812478,5.168954465452947,1.04,0.0439662399820246,0.04060089114247975,0.061787923243024775
2019-12-02,8460000.0,-3.9,5.5,4.072577509308677,8.634877610209468,0.0,0.20272277370585573,0.18846572842571935,0.18449314753244453
2019-12-03,7520000.0,0.4,5.8,6.03064517916838,6.108764368262573,0.020000000000000004,0.10868136740435641,0.09491446872171433,0.11196320397505606
2019-12-04,10620000.0,-3.5,8.2,4.541176928502888,5.857350254135158,0.03,0.15459410178485355,0.1356556552544647,0.18788763662775784
2019-12-05,9840000.0,-8.6,1.6,2.3906741453505584,8.566038031341247,0.0,0.20734266920621974,0.1934046784072283,0.18264411796979335
2019-12-06,11200000.0,-6.5,0.5,2.2871613225505256,5.635866391689578,0.0,0.15541750292757192,0.13920828727072188,0.16546144575797028
2019-12-07,8000000.0,-3.6,5.8,4.6360765384672895,5.599950089671375,0.0,0.11928387972825638,0.1056503097240797,0.13877740224026477
2019-12-08,10830000.0,-3.1,4.6,4.036499001545674,3.7472675105657727,0.0,0.09910892894630026,0.08089211069043137,0.13306599456189772
2019-12-09,9980000.0,0.9,10.5,6.227561371501397,7.09945569893132,0.0,0.1819079300535887,0.16200659714318144,0.20088733921861168
2019-12-10,8160000.0,4.8,13.1,8.868787658978944,7.632214178867987,0.0,0.16881828440661384,0.15091655344570307,0.1795810964365764
2019-12-11,6310000.0,-3.8,11.3,5.668843576643488,10.328929855401345,0.11000000000000001,0.30614523769246615,0.2943345716639996,0.22618586756109266
2019-12-12,10560000.0,-4.9,4.2,3.537432381564469,5.752594373248734,0.0,0.13958653243057878,0.12255670928513462,0.16033224555974296
2019-12-13,8369999.999999999,-0.5,6.7,3.1010251258575954,5.974078235694315,0.05,0.2384661446621656,0.22314314705927804,0.25951583667631284
2019-12-14,10420000.0,-1.1,5.9,4.408988951868632,6.075841091412555,0.0,0.16028165599527316,0.14166690559018363,0.17726847217582614
2019-12-15,10000000.0,1.6,12.1,6.167524539435218,6.2165132743171805,0.0,0.1922988854931865,0.17164354405715965,0.2330623173901399
2019-12-16,9560000.0,3.4,14.3,7.867009377352044,5.216842868143884,0.13,0.15582167099425437,0.13490628481468117,0.2076975461937019
2019-12-17,2200000.0,-2.4,12.1,8.480047073532301,7.584325776177051,0.29,0.03455365170221818,0.030283585429798653,0.08197756102500232
2019-12-18,8279999.999999999,-4.1,5.1,4.57691926656685,5.165961440284764,0.0,0.09901862123071929,0.08522185435063556,0.12224701193336354
2019-12-19,10270000.0,-2.5,4.3,3.6438550036911432,6.396094784408192,0.0,0.1721596291147773,0.1547874022146429,0.18208681721648537
2019-12-20,8500000.0,-3.6,4.0,3.9399964133029917,5.168954465452947,0.0,0.12145464095781591,0.10745226373985248,0.14149974722041012
2019-12-21,7960000.0,-2.3,6.6,4.5999249710685,4.318935317688826,0.0,0.11378508429733478,0.09969089108071871,0.14750108301354298
2019-12-22,7320000.0,-0.6,8.5,5.81615675964042,5.549068661812255,0.1,0.12548418084872798,0.11169077240514824,0.15103325251056454
2019-12-23,6080000.0,-2.2,7.0,5.916237008992752,5.632873366521393,0.020000000000000004,0.08655109633014461,0.07568951451988123,0.10585303195791151
2019-12-24,9780000.0,-3.0,6.5,4.5014393455348705,4.812784470439108,0.0,0.11719195126875556,0.10012275580301896,0.15124279686139724
2019-12-25,8359999.999999999,-0.5,8.5,3.66854181358079,4.917540351325531,0.010000000000000002,0.19466310001079842,0.1788836356064043,0.23967788803136467
2019-12-26,1910000.0,-4.0,2.7,5.241656524974562,8.473254251127559,0.24,0.059397503163900855,0.05635334635412128,0.059598166683001705
2019-12-27,10190000.0,-4.3,3.4,3.4909004320826984,5.219835893312067,0.0,0.1287467378112721,0.11237774088111721,0.1505154377922525
2019-12-28,10290000.0,-1.9,6.8,3.4627947434817097,4.022625826038658,0.0,0.14404551131415147,0.12563045142416893,0.19393541461646935
2019-12-29,2720000.0,1.1,5.6,5.733319720308651,8.129056356786453,0.68,0.16197774093481648,0.1569552716569623,0.14082961956387083
2019-12-30,6370000.0,-8.0,10.6,4.51559582151303,12.462956800316196,0.010000000000000002,0.3960975478959662,0.3851612406286814,0.2570922883297157
2019-12-31,10780000.0,-7.3,-2.3,2.564470922886385,6.833076458962988,0.0,0.12965692782030624,0.11524129583626183,0.12059436710058576
2020-01-01,5840000.0,-2.9,3.5,4.07387129976625,5.513152359794052,0.0,0.13008816628020772,0.12043085574917249,0.1380938282959816
2020-01-02,5710000.0,-1.6,5.6,4.971397308386138,5.121066062762011,0.0,0.11694031808025958,0.1068842319423827,0.13228249643162426
2020-01-03,9490000.0,-3.6,6.1,4.604249929190187,5.384452277562161,0.0,0.11848432615121536,0.10222147416324864,0.1432883552591478
2020-01-04,7800000.0,-2.6,7.1,4.571183794996688,5.474243032607666,0.0,0.1450756207995016,0.13121537585518273,0.16992442937852772
2020-01-05,10690000.0,-2.1,6.9,3.2919087614291644,4.854686822793677,0.020000000000000004,0.17887163562895733,0.15977454524216203,0.22034539965715444
2020-01-06,1490000.0,1.8,6.1,7.354301718408231,10.951479090383515,2.6300000000000003,0.07491707161462181,0.07210939694509534,0.0681373879453322
2020-01-07,1280000.0,3.5,15.3,10.510458572223333,14.875335085872116,3.74,0.13537526472982153,0.1325324999813195,0.15428955075060044
2020-01-08,2580000.0,-1.9,5.0,5.630811265507427,11.038276820260839,0.010000000000000002,0.1374897320343565,0.13301946487754643,0.10560729665915351
2020-01-09,10460000.0,-3.5,4.3,4.348294159588027,5.83340605278969,0.0,0.12412386222730432,0.10676066313528687,0.1350689388609099
2020-01-10,10690000.0,-3.0,4.9,4.2964731831651,4.043577002215941,0.0,0.10610617978081834,0.08798971126989405,0.13349385146908183
2020-01-11,10420000.0,-3.2,5.6,4.692975760045153,5.109093962089276,0.0,0.11500184598249881,0.0971782218863981,0.13498404462505817
2020-01-12,8510000.0,-2.4,3.8,4.231798095107634,7.692074682231659,0.0,0.1738167891565669,0.15952926118119393,0.1563519272056615
2020-01-13,6250000.0,-4.0,2.3,3.5192084666875147,6.698390326394728,0.0,0.1629201252973732,0.1530374169533598,0.15215421992370345
2020-01-14,9250000.0,-4.6,3.6,3.623978553781294,4.300977166679725,0.0,0.11763406198624168,0.10280416089482351,0.13902446974577692
2020-01-15,11560000.0,-4.3,2.7,3.5226190882501833,4.95046362817555,0.0,0.12941341493240371,0.11109805655131577,0.14290782053243528
2020-01-16,10470000.0,-4.3,4.1,2.810240532228712,4.300977166679725,0.0,0.15488369862137935,0.13783413770320763,0.18395780350753427
2020-01-17,9970000.0,-4.4,4.8,3.369825421222421,4.372809770716129,0.0,0.1422660579679631,0.12584209316054015,0.16904839598259097
2020-01-18,11950000.0,-3.5,6.3,3.241913739269811,5.142017238939294,0.0,0.18662072992869017,0.16602882862820514,0.21473644212839388
2020-01-19,5280000.0,-1.2,7.0,4.997701220914208,7.671123506054374,0.0,0.19450050110507075,0.1849011203086376,0.1813491590302987
2020-01-20,8540000.0,-5.5,5.7,3.8962468729080095,8.422372823268438,0.0,0.2006544142877183,0.18664001723671533,0.18567383621412975
2020-01-21,12170000.0,-2.4,5.0,3.7410950733815804,3.7083581833793873,0.0,0.13465619332690423,0.11376218085549825,0.1627705289363105
2020-01-22,2720000.0,2.1,5.0,5.736823323695102,6.330248230708155,0.13999999999999999,0.14553211382615133,0.14047530442260975,0.13589976333144407
2020-01-23,9230000.0,-1.3,9.9,6.0655310592552425,5.474243032607666,0.0,0.1439358503933824,0.1263399310364836,0.16681344544745613
2020-01-24,11800000.0,0.3,8.5,6.322403521694524,6.15665277095351,0.0,0.15140158236685478,0.12883203404433988,0.15303645790452516
2020-01-25,7100000.0,-0.6,10.8,6.9435947167784,5.097121861416543,0.0,0.12014957072513636,0.10625762998132408,0.14522709193937758
2020-01-26,8720000.0,2.8,10.3,6.742911773172636,13.624250565571403,0.21000000000000002,0.34428316957481714,0.3264335684804222,0.2382868181104612
2020-01-27,2510000.0,2.8,5.4,7.4200317455914195,12.064884452947789,1.2000000000000002,0.10126364498749266,0.09651022099140252,0.06865773376339646
2020-01-28,6550000.0,2.1,10.1,6.694553139876978,5.153989339612029,0.0,0.15722022844987274,0.14399552912007593,0.1711576238029259
2020-01-29,11510000.0,-1.7,9.9,5.95778062511728,5.148003289275662,0.0,0.15057215747849065,0.12877458369562317,0.1710982603274852
2020-01-30,10210000.0,0.3,8.5,5.538414691103438,4.926519426830081,0.0,0.16784683750443527,0.14831844018469992,0.17998370049487203
2020-01-31,6650000.0,-2.7,6.9,5.19653242030189,5.354522025880326,0.0,0.13250751993456034,0.12075388724773362,0.14162849587907234
2020-02-01,7810000.0,-3.5,7.1,5.400673390458475,5.947141009180664,0.0,0.1270735137960995,0.11341788213032777,0.13347879663785686
2020-02-02,10860000.0,-2.4,5.8,4.378548337703768,5.561040762484989,0.0,0.17584833466375488,0.15692855636920255,0.17450045302117503
2020-02-03,11580000.0,-4.9,4.3,3.4818846566151542,6.871985786149373,0.0,0.20630452605961755,0.187593321105456,0.1875512567856461
2020-02-04,14020000.0,-7.8,4.4,3.0989944844009822,8.512163578313944,0.04000000000000001,0.24041820056627797,0.21899567362339104,0.2010499956325445
2020-02-05,14400000.0,-9.1,-2.1,1.5829779351410327,7.937502746022706,0.0,0.2430837976105329,0.22451916042850745,0.1869091417381219
2020-02-06,12950000.0,-8.2,0.4,1.4534841137136256,3.690400032370286,0.0,0.16638909101322674,0.14836327587341208,0.18180654548909828
2020-02-07,13760000.0,-3.6,4.2,3.6333201575508194,5.800482775939671,0.0,0.19944453720253918,0.17669032608831922,0.18523663780705382
2020-02-08,13150000.0,-5.6,4.4,3.5649253487043318,7.967432997704543,0.0,0.22612631682341466,0.20512651674257873,0.18903536223510228
2020-02-09,14770000.0,-2.3,5.2,3.692190947789577,6.749271754253848,0.0,0.25103248968079045,0.22553452371446053,0.22030589839589032
2020-02-10,14360000.0,-2.3,10.2,4.6201389517753215,5.824426977285138,0.0,0.25702018784872266,0.22996098767798417,0.2534306695502122
2020-02-11,14570000.0,2.8,14.3,5.47084029226776,4.806798420102741,0.13999999999999999,0.287666971473581,0.2560552824821426,0.3239973746686913
2020-02-12,3870000.0,5.8,11.1,10.676044627866455,8.889284749505068,1.05,0.07437038353394514,0.06599735229224979,0.058605388201933485
2020-02-13,8990000.0,1.9,11.4,8.158883672938563,5.378466227225793,0.0,0.14392844956156872,0.12547049221402476,0.14272625603084388
2020-02-14,13590000.0,4.3,14.7,8.305941284176104,6.611592596517406,0.0,0.2725484037250493,0.24228479157269095,0.26145610001661435
2020-02-15,11780000.0,1.1,18.3,8.766335013748087,8.212861061495591,0.75,0.3953494499011766,0.3689756334110747,0.31736131916614346
2020-02-16,3680000.0,-3.5,1.4,3.7579252036754753,14.620927946576519,0.09000000000000001,0.28823687804500586,0.28246413045323854,0.15900112344453302
2020-02-17,12250000.0,-6.3,-0.7,2.7149362554514185,12.732329065452715,0.03,0.3063678017892224,0.28901613641446167,0.1724976121910605
2020-02-18,15760000.0,-5.1,3.6,3.3198587530032153,5.788510675266937,0.0,0.2166837365873091,0.1916645056102863,0.188968949913997
2020-02-19,15170000.0,-0.4,8.1,4.931404907281978,3.4210277672337686,0.0,0.19290214146894494,0.16441223122078663,0.19644563644563476
2020-02-20,15870000.0,-0.5,10.9,5.59986201414332,4.546405230470774,0.0,0.23109645207324658,0.1999456496335362,0.2329775495851109
2020-02-21,12650000.0,2.9,13.6,7.354301718408231,6.734306628412931,0.34,0.2823376091047096,0.2551222097400369,0.26508851189737215
2020-02-22,14930000.0,-3.4,9.0,4.644790282526523,11.603958577047523,0.0,0.38458514729920135,0.3575358310591964,0.2656699337515436
2020-02-23,16760000.000000002,-3.1,7.6,4.107638049154268,5.68974084471688,0.0,0.2580096027324644,0.2282278456469793,0.23511778596469432
2020-02-24,15000000.0,4.1,12.8,6.067372091141348,5.399417403403079,1.7300000000000002,0.3191093072258667,0.2866556977619313,0.3096182080011468
2020-02-25,2600000.0,2.3,8.4,8.569549634425897,10.481574138978702,1.6500000000000001,0.05989634535571804,0.05476847165808742,0.0548430363504957
2020-02-26,12750000.0,2.4,13.8,7.63612266178562,5.782524624930569,0.0,0.2535867830617101,0.22627275578549771,0.24446790325152526
2020-02-27,8620000.0,1.7,8.0,6.389550503200451,5.845378153462424,0.0,0.18870071936534413,0.17196982333431857,0.16507585178184428
2020-02-28,4260000.0,0.2,6.9,7.1665825209604535,4.717007665057235,0.31000000000000005,0.0807811353938261,0.07286127948974995,0.0763842915500895
2020-02-29,13550000.0,-0.6,12.5,7.2934180793729375,4.785847243925456,0.0,0.2117623971441221,0.18453091578962597,0.1956956873998455
2020-03-01,13570000.0,-0.2,12.4,6.976855453036943,8.287686690700179,0.0,0.29025367091972265,0.2628553243692887,0.23559239285368433
2020-03-02,17880000.0,-1.0,7.8,5.112059557891867,6.791174106608418,0.0,0.28670833972765447,0.25363654334634206,0.22537083779625094
2020-03-03,14490000.0,0.9,13.3,6.879550389904394,7.144351076454073,0.0,0.3156171108219999,0.2854639702853255,0.2726076996651909
2020-03-04,17020000.0,-4.1,7.0,4.171950655497205,12.103793780134172,0.0,0.39079330121625266,0.36141108180210674,0.25001014801179344
2020-03-05,18550000.0,-5.1,7.0,3.867732353825979,4.734965816066335,0.0,0.2477247198188098,0.21628781702389438,0.22225261318335593
2020-03-06,18760000.0,-0.0,9.6,4.389596028791242,3.849030366284013,0.0,0.2844581273904402,0.24810496164335133,0.27236963050628055
2020-03-07,10000000.0,0.3,11.9,6.939446988870187,4.196221285793301,0.020000000000000004,0.1890310421043238,0.16884066144814552,0.19195189730658851
2020-03-08,18970000.0,1.2,15.6,6.842603321266651,5.444312780925832,0.0,0.4051831990516665,0.36419781260805706,0.3332401849632828
2020-03-09,11820000.0,6.4,15.3,8.922996715752216,5.977071260862498,0.71,0.304656018682492,0.277387838399359,0.27918237582328825
2020-03-10,3450000.0,-1.0,7.7,6.383770450989468,11.053241946101757,0.65,0.1687153812855524,0.16234496988533292,0.13225097835651684
2020-03-11,20020000.0,-2.9,7.8,4.027523786635682,8.497198452473025,0.0,0.38733670755928434,0.35150876790938623,0.2836416847356247
2020-03-12,19610000.0,3.1,13.4,5.733319720308651,6.761243854926581,0.0,0.437073652078506,0.3948844045258395,0.374317125488277
2020-03-13,16660000.0,-4.1,10.0,3.947539930282606,7.111427799604055,0.0,0.42126128070739394,0.39091967094671576,0.3067922520332805
2020-03-14,20140000.0,0.7,9.1,5.105733870645315,9.347217600237148,0.0,0.4360804979936736,0.39692681716182404,0.2998033783777102
2020-03-15,15290000.0,-3.9,9.5,3.855392592264083,11.289690934388254,0.08000000000000002,0.538525079134456,0.5108235355772105,0.3311866093473049
2020-03-16,20540000.0,1.4,8.9,4.929872444435595,8.500191477641211,0.0,0.44018864590249346,0.3999355260885707,0.3122395624876689
2020-03-17,14850000.0,0.1,12.9,7.731398180000484,11.071200097110857,0.010000000000000002,0.3372511136190951,0.3068995831597662,0.2291403394202713
2020-03-18,20740000.0,7.5,16.6,6.966446387958146,9.80814347613741,0.0,0.6610813110683609,0.6117893894898307,0.51113283381346
2020-03-19,16890000.0,2.3,13.7,5.8321393846710095,15.512849446695206,0.020000000000000004,0.703256014993179,0.667176010230562,0.4316565445155371
2020-03-20,20930000.0,5.3,13.8,5.206172815096502,10.472595063474154,0.0,0.6830224972331337,0.6363507652066096,0.496524536525311
2020-03-21,19880000.0,6.1,20.9,11.126791314925551,10.37681825809228,0.0,0.6421425794570518,0.5932599666482342,0.4257751036970725
2020-03-22,21370000.0,1.8,17.3,5.601577460130903,6.919874188840309,0.0,0.6812843650494237,0.6336314785990262,0.48308055976500575
2020-03-23,21170000.0,2.5,16.0,6.9373739457466606,7.365834938899654,0.0,0.5283690617992929,0.4815430371795422,0.3977741378168199
2020-03-24,21340000.0,2.8,16.9,6.848748965760641,3.9777304485159046,0.0,0.4349288875967086,0.3869605784571179,0.3742760381231792
2020-03-25,20510000.0,8.0,20.6,7.864693508727117,4.235130612979687,0.0,0.49496970856545675,0.4436281766958098,0.4770372231993697
2020-03-26,7820000.0,12.5,18.7,13.391221593998479,5.396424378234895,1.85,0.2722100416235863,0.25208358341073056,0.2565353107610532
2020-03-27,9400000.0,4.6,15.6,6.584885316786646,8.81445912030048,0.04000000000000001,0.46990271910731235,0.448633508120278,0.4086379552778322
2020-03-28,11780000.0,0.1,10.5,4.356526865982798,6.704376376731095,0.0,0.3718405224008413,0.3486441520889605,0.3241262991623228
2020-03-29,21060000.0,5.2,15.0,6.7388701320536,4.725986740561785,0.0,0.43015466642589495,0.3825025830868582,0.38030387495346457
2020-03-30,21830000.0,2.7,16.7,6.718694014777116,3.9627653226749864,0.0,0.4469243936088511,0.3980499951386538,0.3805315268674264
2020-03-31,21050000.0,7.6,18.9,6.463165914889738,4.627216910011729,0.0,0.513718262475838,0.4622537116813329,0.5000433025681839
2020-04-01,18730000.0,0.9,18.7,5.715830080295424,8.380470470913869,0.0,0.7997037479928376,0.7576580542382693,0.5339164363227906
2020-04-02,17840000.0,1.8,15.8,5.674047369292392,5.034268332884688,0.0,0.47399406616419004,0.43501758870774704,0.39614457588415364
2020-04-03,22760000.0,4.9,17.7,6.095046924324923,8.76357769244136,0.0,0.7280002662457684,0.6748952617839905,0.5525913798863398
2020-04-04,22090000.0,-1.5,15.2,3.397260370520041,10.110439018123946,0.0,1.000594593452979,0.9549669442207958,0.5586634681059366
2020-04-05,23980000.0,-0.6,14.8,3.5180722444780095,6.291338903521768,0.0,0.7076186173761736,0.6577171467019534,0.49489585786065476
2020-04-06,22540000.0,3.2,17.1,4.594163959966603,5.635866391689578,0.0,0.6407688360196016,0.5897010991755579,0.521686729694254
2020-04-07,22850000.0,2.8,19.5,7.113428902397858,9.191580291491604,0.0,0.8675800236424644,0.8144649034057567,0.5422966469464955
2020-04-08,23960000.0,1.1,15.3,3.637998969279691,8.604947358527633,0.0,0.8406133784479317,0.789138417451537,0.5625229181011759
2020-04-09,23170000.0,5.4,15.6,5.417307154021948,6.297324953858136,0.0,0.5819757747468498,0.5290008694009641,0.49557176834125655
2020-04-10,19480000.0,4.0,17.3,6.383770450989468,6.913888138503942,0.0,0.5995260913894295,0.554815632429725,0.4755514489388232
2020-04-11,12390000.0,2.0,13.2,5.997759184852511,5.016310181875587,0.0,0.328309467760005,0.3021454802201715,0.3062706989829659
2020-04-12,19870000.0,3.0,16.4,6.500253936319515,10.134383219469415,0.11000000000000001,0.704289654139299,0.65980342887119,0.4721652842124365
2020-04-13,22140000.0,4.0,17.4,5.151752548142991,8.56903105650943,0.0,0.7922705546281679,0.7413897290659046,0.578165163082082
2020-04-14,24370000.0,4.6,20.9,4.647698086792454,6.584655370003754,0.0,0.9543447119833433,0.8954512152177081,0.6791057305275782
2020-04-15,19050000.0,7.0,21.1,5.219051301459583,5.393431353066711,0.0,0.715290102212158,0.6678658735503469,0.6181006367755871
2020-04-16,23280000.0,9.7,24.0,8.099280923789077,11.12507455013816,0.44000000000000006,1.2085091575761508,1.1470612983703643,0.8094682454198381
2020-04-17,12120000.0,8.1,21.4,11.584425983170254,9.499861883814507,1.06,0.5387702209367597,0.5081324611913275,0.4226287813559441
2020-04-18,16960000.0,8.4,19.8,9.769119455465736,7.431681492599692,0.0,0.5358376227502013,0.49356951621303474,0.4580532922947012
2020-04-19,5860000.0,5.8,15.6,10.317684540286132,9.125733737791565,1.1800000000000002,0.25693232050167186,0.24346521852358416,0.2184592217769567
2020-04-20,13620000.0,5.0,16.3,8.789295423197556,12.00502394958412,0.05,0.5110534509944855,0.47979285289226914,0.36074138572108616
2020-04-21,23050000.0,3.1,12.7,4.071284083256945,15.243477181558692,0.0,0.9627629619044951,0.9136649080952208,0.551972444489302
2020-04-22,17850000.0,3.4,10.7,4.381307947430785,14.22285559920811,0.0,0.7915514671916609,0.7544613182895238,0.4597308520655462
2020-04-23,21600000.0,2.2,14.1,4.997701220914208,12.57669175670717,0.0,0.7715486276953281,0.7252096174489998,0.5024359417814919
2020-04-24,25570000.0,8.6,15.3,4.86891871054342,17.057250433477908,0.0,1.265563722878374,1.2049396509866341,0.7126920183047629
2020-04-25,25050000.0,4.8,22.4,8.614612513879518,13.932532157894306,0.0,1.26976028524078,1.2080253347041234,0.6748119278308875
2020-04-26,25730000.0,4.7,18.3,4.231798095107634,7.814788714127184,0.0,0.8967529158058121,0.836418923418714,0.6648530383695815
2020-04-27,22040000.0,4.3,17.6,5.986832482946631,7.0904766234267695,0.010000000000000002,0.6862448608639387,0.6352704030955602,0.5278023654154576
2020-04-28,25610000.0,7.4,20.8,7.151664267708076,10.041599439255725,0.0,0.98948084753776,0.9256550097773335,0.6872352588600859
2020-04-29,25610000.0,7.2,23.4,5.639435092650967,7.296995360031433,0.0,1.126853037008543,1.0613520116880646,0.7850131583436732
2020-04-30,25100000.0,15.6,26.3,14.301593549405096,10.840737159160726,0.0,0.9642191055938326,0.8929096036492353,0.7475912925392102
2020-05-01,23450000.0,17.8,29.9,17.55384436150023,12.163654283497845,0.0,1.0614757331204503,0.991833471799745,0.8438560420290916
2020-05-02,15820000.0,16.0,28.5,14.74659979840833,6.871985786149373,0.11000000000000001,0.7058686443073113,0.6599878697316582,0.6703755334996393
2020-05-03,11280000.0,14.9,25.3,17.394946489913,6.282359828017218,0.5,0.41870593933403066,0.38710963745121124,0.3917305974918538
2020-05-04,21380000.0,12.2,28.8,13.830314684455411,8.096133079936434,0.0,1.0123332841259476,0.9520416584649757,0.733775728287542
2020-05-05,11440000.0,12.7,23.9,15.187179837771057,5.387445302730344,0.8400000000000001,0.38907010727232844,0.3580296395176251,0.3732254335395694
2020-05-06,25950000.0,12.3,28.5,9.397050279318082,10.610274221210595,0.0,1.5714666114770977,1.4984097351980512,1.0076540486613632
2020-05-07,25830000.0,11.0,25.6,6.115412680353669,12.528803354016233,0.0,1.670886151816807,1.6008008998846406,1.0538398207954187
2020-05-08,21920000.0,15.4,27.8,10.742919353758932,9.116754662287017,2.19,1.0310317124855273,0.9681019356402316,0.9050220314672037
2020-05-09,7590000.0,13.5,23.1,16.185971855778764,11.828435464661288,0.5,0.44596391539395863,0.4253697589028575,0.36660512507864357
2020-05-10,15930000.0,12.3,21.3,14.4235686143971,10.526469516501455,0.0,0.549463895703336,0.5074577768740445,0.3942184994253878
2020-05-11,24440000.0,12.3,23.9,12.420907976399421,9.966773810051137,0.2,0.8386119975337725,0.772543108704848,0.6424904005189627
2020-05-12,25920000.0,8.1,21.1,10.145407714309396,11.831428489829474,0.0,0.9024302787268074,0.8371200012840297,0.5800521318977184
2020-05-13,26310000.0,10.4,22.3,7.1601856220956925,8.392442571586601,0.0,0.9133074740285192,0.8445481205892472,0.7671120971415496
2020-05-14,21810000.0,16.0,28.9,8.470153418384285,5.0731776600710745,0.65,0.8554447438068827,0.7919978831858058,0.8424514566034509
2020-05-15,7040000.0,15.7,19.3,17.035172368374685,9.16165003980977,1.1400000000000001,0.2911595617613925,0.2723420588747901,0.2186441421526486
2020-05-16,11350000.0,14.2,21.5,16.934884767398202,4.55239128080714,0.020000000000000004,0.31311574123186003,0.28257614575754675,0.26443954414390186
2020-05-17,24130000.0,14.6,26.9,17.956668624984143,4.366823720379762,0.0,0.6188162149615616,0.5504870506210695,0.5112184362890717
2020-05-18,20300000.0,11.1,28.8,15.403401108786266,10.840737159160726,1.97,1.0333997283214067,0.9766826800987352,0.6971494116516854
2020-05-19,15490000.0,7.3,17.3,11.259521685276594,7.856691066481752,0.6200000000000001,0.40095294323107655,0.363916388753443,0.2944475359456694
2020-05-20,21080000.0,9.3,19.7,11.064071776870604,5.2527591701620855,0.0,0.5164226186484403,0.46342291302787064,0.42183062860685394
2020-05-21,22030000.0,13.4,22.9,13.879874870164468,4.690070438543582,0.0,0.572030735597988,0.512421540530992,0.4788429865400487
2020-05-22,21690000.0,12.4,25.5,14.380182982808824,6.512822765967349,0.0,0.6866443686841068,0.6270940436520391,0.5566704364249869
2020-05-23,26040000.0,15.3,25.3,16.00767391564802,6.153659745785326,0.010000000000000002,0.7247200729640041,0.6515327519686436,0.576408153723943
2020-05-24,15560000.0,14.4,22.9,16.565631863148628,7.6830956067271075,0.17,0.49446623422910924,0.4519760499081986,0.3849670824814321
2020-05-25,15950000.0,12.6,22.3,15.15002862801186,3.3731393645428325,0.0,0.3929773886053831,0.3503846874938551,0.34133439794281817
2020-05-26,23440000.0,12.8,24.5,14.329056838591628,6.877971836485741,0.12,0.6780128876619677,0.6140045380165857,0.5501083694409233
2020-05-27,25340000.0,10.8,24.9,12.846229447509788,5.031275307716505,0.0,0.7120502960041828,0.6438676220553635,0.5652868674685978
2020-05-28,23350000.0,13.1,25.2,13.803692872910197,5.438326730589464,0.0,0.6622962564332076,0.5979597238239145,0.5709108338604939
2020-05-29,27000000.0,15.4,27.5,12.960829608404199,4.956449678511916,0.0,0.7937400156872527,0.7164108680046514,0.7186620887533858
2020-05-30,22200000.0,14.2,30.2,12.878370365758368,4.2411166633160535,0.0,0.8498061419192069,0.7854718142517836,0.7072349363979672
2020-05-31,16390000.0,17.8,29.1,15.592691485734537,7.530451323149747,0.020000000000000004,0.7612552222100832,0.7128598838439169,0.7282113222252946
2020-06-01,23650000.0,12.8,26.7,11.96103317929021,7.841725940640834,0.0,0.9613757724901717,0.8955255117287526,0.7460910214082748
2020-06-02,16050000.0,18.8,26.5,14.851626761986125,7.695067707399842,0.16000000000000003,0.7500951585966481,0.7032626389644829,0.6823338195212214
2020-06-03,20550000.0,20.1,29.6,19.994610095389085,8.518149628650312,0.04000000000000001,0.8316121106903829,0.7697242125048878,0.7029673223296007
2020-06-04,25100000.0,18.9,31.6,19.832160441641935,8.892277774673254,0.03,1.0094748952624815,0.9334745959318587,0.8204335055712161
2020-06-05,24520000.0,19.5,32.4,18.90653860891586,6.012987562880701,0.0,0.912858093478348,0.8379262275326533,0.8043611147067888
2020-06-06,22730000.0,18.9,32.0,20.451392581834668,5.860343279303341,0.1,0.8253489778985477,0.7563411208238475,0.7119859379813978
2020-06-07,19390000.0,17.1,31.4,19.092614125417036,4.378795821052497,0.0,0.6978955268009093,0.6399837040032554,0.6086490880684636
2020-06-08,26770000.0,19.2,34.1,18.038198632064823,3.8011419635930763,0.0,0.9269568748787261,0.8444158115359294,0.7920997105728654
2020-06-09,26130000.0,21.1,35.6,17.135980367887235,4.788840269093639,0.0,1.061395002670686,0.9791593235458654,0.9341957904913702
2020-06-10,20000000.0,21.7,34.7,22.827768835952014,5.279696396675738,3.91,0.8076500583323979,0.7448161714901819,0.7435444637085119
2020-06-11,19810000.0,21.7,30.4,23.352674242968106,4.387774896557047,0.0,0.6404514604873751,0.5798347987227489,0.5586879350067676
2020-06-12,8590000.0,20.3,27.6,24.534695421809747,5.133038163434745,1.6600000000000001,0.3260899061731184,0.30054276436905825,0.3000216911739878
2020-06-13,20060000.0,22.2,30.7,25.042432098359193,7.8686631671544855,0.51,0.7524720590442977,0.6907758860115624,0.610475193010983
2020-06-14,18360000.0,17.0,28.1,21.854266964400978,9.490882808309955,0.16000000000000003,0.6234901458346033,0.5699982888555979,0.4774842873325606
2020-06-15,24550000.0,18.8,28.2,19.341506482134772,8.063209803086416,0.020000000000000004,0.8397385014392983,0.767196121866175,0.6642352616836835
2020-06-16,24710000.0,18.8,29.0,19.79042604611129,3.9298420458249685,0.0,0.6964483797648551,0.6230117579747936,0.5948381177540547
2020-06-17,15220000.0,19.5,27.0,20.20594354033756,5.180926566125681,0.26,0.5254793735585637,0.4806699863211873,0.4645255808965424
2020-06-18,8440000.0,16.5,22.9,18.289602067694247,6.584655370003754,0.33,0.33786567955155106,0.3143859075342313,0.29616295408509064
2020-06-19,24330000.0,17.7,28.2,20.387112067887177,4.851693797625493,0.010000000000000002,0.6801257975930968,0.6088127544436097,0.5543895105788124
2020-06-20,20430000.0,19.5,28.2,21.973933238855256,3.552720874633844,0.25,0.5727689274474737,0.5120955202499466,0.4801222803653367
2020-06-21,24340000.0,19.1,31.8,20.55353297182954,4.53443312979804,0.0,0.7769020990904906,0.7030063119722241,0.6793853176421517
2020-06-22,27000000.0,19.2,35.1,20.92822944854811,5.758580423585102,0.0,1.1070882978000542,1.023320523557696,0.8685542178324404
2020-06-23,20550000.0,22.8,34.0,18.578562033348057,6.482892514285514,0.0,0.9170614810701923,0.8523496290355806,0.9120606822957733
2020-06-24,6960000.0,21.0,26.4,23.31655292624323,8.057223752750048,1.99,0.37596061822081156,0.35533508652652,0.3386021760536921
2020-06-25,6400000.0,19.6,23.3,22.75110747944463,9.751275997941924,0.17,0.27793482438077394,0.25960495233749065,0.20935271761486396
2020-06-26,19210000.0,18.5,27.3,21.17027621747155,6.695397301226546,0.020000000000000004,0.6129788811249841,0.5567149111916716,0.48871894003502925
2020-06-27,18590000.0,17.8,28.5,21.4427085968522,4.052556077720492,0.010000000000000002,0.534055977216864,0.47940546820026453,0.46012344102186054
2020-06-28,23680000.0,19.7,30.0,22.232293098315196,5.486215133280401,0.0,0.731519990695114,0.6602058578954781,0.6071509380264335
2020-06-29,9940000.0,19.7,28.1,22.586755101236065,13.363857375939439,5.41,0.6155041139581996,0.5859630366375516,0.4888903122396611
2020-06-30,6770000.0,17.2,22.0,20.49971934318834,9.733317846932822,1.1,0.26317592309465543,0.24437463106662852,0.1929812684312071
2020-07-01,20000000.0,17.0,25.0,20.10531754829017,5.474243032607666,0.13,0.5389457103238521,0.4820790305117558,0.40872639004755423
2020-07-02,20290000.0,20.5,28.0,22.266941068738355,4.38178884622068,0.05,0.602730611938627,0.5421307726109119,0.49913434712893173
2020-07-03,11780000.0,17.0,24.4,18.348052406730364,8.099126105104617,0.38,0.48105912081110996,0.44772908211261575,0.40097013059151054
2020-07-04,11090000.0,18.5,24.2,20.52661071887746,4.711021614720868,0.020000000000000004,0.35591653556244124,0.32420507457770087,0.30525900071497014
2020-07-05,15540000.0,19.4,26.3,22.6570642293141,3.7861768377521585,0.06,0.4379145947304144,0.3924336559422631,0.3601880784849915
2020-07-06,17240000.0,21.5,29.3,25.299726199836265,5.177933540957497,0.45,0.555364434014837,0.5030588569857183,0.45888089126542014
2020-07-07,18500000.0,18.2,27.5,23.558287445863996,5.156982364780213,0.13,0.5088724042227208,0.45472842947492154,0.3935516437855998
2020-07-08,21140000.0,19.9,28.9,23.722694405432687,4.333900443529744,0.0,0.6031531763094311,0.5398821358531106,0.4884379922456123
2020-07-09,21090000.0,21.9,31.3,24.265523121060205,8.613926434032184,1.2400000000000002,0.8269615482366138,0.7619746767152129,0.6779539217873604
2020-07-10,10130000.0,22.0,26.3,26.87211279018988,6.815118307953885,4.5600000000000005,0.33801223849865863,0.30779962518313164,0.25523010511884314
2020-07-11,20310000.0,20.8,29.6,24.83824615216638,6.192569072971713,0.63,0.6471029720567587,0.5856475178405119,0.515203244158706
2020-07-12,4690000.0,17.9,23.4,21.52671728142233,15.955817171586371,10.55,0.31057803511508286,0.2973192328946268,0.223068554461189
2020-07-13,6740000.0,18.3,21.5,20.456757291866055,15.545772723545227,1.82,0.3550917302445049,0.3362766558747087,0.22143854611604627
2020-07-14,6750000.0,18.9,22.2,21.142648080679525,6.889943937158474,1.4500000000000002,0.25754504349837365,0.23849418255846705,0.20983425102598452
2020-07-15,12020000.0,18.1,23.8,21.678658920363475,3.9537862471704357,0.21000000000000002,0.32365788536620627,0.28950887288118404,0.2595360532969517
2020-07-16,20290000.0,18.5,27.3,21.650450988008423,4.300977166679725,0.010000000000000002,0.5594257679266309,0.4999985971849906,0.45465623306882846
2020-07-17,23450000.0,21.0,28.8,24.711370124059723,4.0645281783932266,0.06,0.6481009194545397,0.5774313230054643,0.5076738825296977
2020-07-18,18080000.0,20.9,27.9,22.68641615162184,5.599950089671375,0.48,0.5888110914540697,0.5346984892094968,0.48729525085662856
2020-07-19,11420000.0,22.7,29.6,28.723504382994925,12.385138145943426,0.52,0.5233323607906156,0.4883432840136156,0.38714109923532
2020-07-20,10430000.0,19.5,25.6,24.81282549982413,8.47624727629574,0.32000000000000006,0.3344590690495071,0.3040712657656822,0.23987653970147987
2020-07-21,24020000.0,22.9,29.0,25.241634509840992,2.550057443292363,3.73,0.6452292060815675,0.571825314563803,0.519822762404881
2020-07-22,6470000.0,20.0,25.4,24.60397122776794,4.725986740561785,1.62,0.22386406266776185,0.20497091244997584,0.19886067212283112
2020-07-23,3770000.0,20.0,22.4,23.088917070033258,17.790541599682868,6.56,0.24804658241520444,0.23729238654179827,0.16378387183565385
2020-07-24,11960000.0,20.3,25.7,23.937307018248813,7.0006858683812645,0.7200000000000001,0.39921496520992783,0.36413322350201827,0.30852628922534236
2020-07-25,11730000.0,20.5,25.8,24.92739776581078,5.303640598021206,0.54,0.35121507470691476,0.316731456053622,0.273720564537908
2020-07-26,18040000.0,21.5,27.6,26.15195493857601,3.4659231447565215,0.39,0.48818867338139105,0.43408325380328483,0.3803364442706069
2020-07-27,8450000.0,21.7,26.8,25.99937521944899,5.905238656826094,0.5900000000000001,0.3134533431673916,0.2882158546351495,0.267893418468916
2020-07-28,7410000.0,22.4,26.3,28.22207373084307,4.690070438543582,2.89,0.23139836273409173,0.20923603446060884,0.18590823727800934
2020-07-29,7880000.0,22.9,27.2,29.093712009319493,5.441319755757648,4.7299999999999995,0.25956735221304167,0.23577160040816564,0.20743176874625752
2020-07-30,7150000.0,23.2,26.7,28.64419691809117,6.641522848199242,0.41,0.2613306002071202,0.23976850422162657,0.20877622804795762
2020-07-31,14880000.0,23.9,28.9,29.571576069152314,5.830413027621506,0.06999999999999999,0.47580398145390096,0.430068313562172,0.36095876644102426
2020-08-01,13800000.0,24.0,29.6,29.505004495868373,8.50917055314576,0.7400000000000001,0.522818424508632,0.48018847034121104,0.39823001656732415
2020-08-02,11940000.0,25.5,28.7,30.071297493211333,12.031961176097768,0.53,0.55079237480842,0.513771112983667,0.3929922588563374
2020-08-03,11580000.0,24.4,28.7,30.50221754477303,9.793178350296492,0.45,0.444521503279072,0.408861257396013,0.31803099404044866
2020-08-04,13670000.0,24.8,31.3,30.73117361425484,5.998022437039783,0.16000000000000003,0.5046307359252677,0.46175909163561457,0.4217580007446946
2020-08-05,10500000.0,24.8,31.0,30.685262856462565,12.214535711356964,1.87,0.5633358565814102,0.5304640763141634,0.4441232763189313
2020-08-06,8510000.0,21.3,26.5,29.19606320313022,11.208879254847298,2.09,0.22894536711487543,0.20365416309085993,0.12879075754844777
2020-08-07,3480000.0,21.7,24.4,26.258558140433212,5.189905641630232,9.450000000000001,0.12608716406578752,0.11587185355423682,0.12799411279976888
2020-08-08,4330000.0,23.7,25.9,29.564172761357913,10.349881031578628,4.54,0.18075009219905253,0.16771886678165043,0.13827810602228746
2020-08-09,8140000.000000001,25.0,29.4,29.757185250632403,9.760255073446475,0.55,0.4341262892566407,0.4088564013997015,0.3648053850319958
2020-08-10,9260000.0,24.6,29.5,30.969334949884754,9.906913306687466,6.45,0.41061086873174635,0.3819168795720935,0.3197960463565081
2020-08-11,8540000.0,24.2,28.4,30.807824695243912,7.605276952354337,1.47,0.31726716817925427,0.2910516996774584,0.2456487108962108
2020-08-12,14360000.0,24.7,30.1,31.898583281994686,6.7672299052629485,0.6200000000000001,0.477333151555922,0.43264525343585153,0.35489624058245645
2020-08-13,19400000.0,26.0,31.7,32.01742337339722,10.448650862128686,0.04000000000000001,0.7619059490793088,0.7005004174984631,0.5458607412127036
2020-08-14,19530000.0,25.4,31.2,32.240291383449694,12.100800754965992,0.17,0.7487929853888067,0.6873642753307798,0.4972042256696335
2020-08-15,20020000.0,24.0,31.4,30.395881575667957,9.212531467668889,0.06,0.7103801762392784,0.6478534136908328,0.5166069193944891
2020-08-16,18930000.0,24.4,31.5,30.555507109664603,8.401421647091153,0.010000000000000002,0.678153787367109,0.6188556513554706,0.5103331307678556
2020-08-17,20220000.0,23.6,32.0,29.898927244483914,3.852023391452196,0.0,0.60271402368082,0.5394873605885876,0.48776302845283565
2020-08-18,22130000.0,23.8,31.8,29.549370997295092,3.283348609497327,0.0,0.6344604286668325,0.5652613161924951,0.508966272854954
2020-08-19,23900000.0,21.6,31.9,28.13688589972296,3.6963860827066526,0.0,0.660513801346119,0.5867296728291167,0.5282446648269136
2020-08-20,23310000.0,23.7,31.9,29.549370997295092,2.55604349362873,0.0,0.6413564650251704,0.5684675670686947,0.5134781161350273
2020-08-21,22050000.0,24.7,32.0,29.54197254043082,2.693722651365172,0.13999999999999999,0.6300050045996316,0.5606097989087669,0.5132566759443025
2020-08-22,11560000.0,21.6,28.6,27.819427409468688,3.795155913256709,1.52,0.33960449076976595,0.3046724337108805,0.28444431894226163
2020-08-23,21390000.0,21.9,29.6,26.44602732569642,3.6963860827066526,0.020000000000000004,0.5845474072488488,0.5193506422485299,0.4669522914357799
2020-08-24,21610000.0,23.4,31.4,29.534575699947517,4.851693797625493,0.04000000000000001,0.6426081896659437,0.5753585045423556,0.501803327380823
2020-08-25,20700000.0,25.6,33.4,29.313420627035917,5.836399077957873,0.08000000000000002,0.7414486962530622,0.6754523062632769,0.6320485140847291
2020-08-26,18990000.0,25.8,31.3,30.131455242923007,17.428385554332664,0.76,0.9766433026913897,0.9167405444082515,0.6376279573178739
2020-08-27,16460000.0,25.2,31.4,31.458305045184087,7.838732915472651,0.54,0.6012782978751516,0.5495058161775008,0.46513503804580214
2020-08-28,17470000.0,24.9,31.9,31.46612044197157,3.633532554174799,0.5900000000000001,0.5326535019860835,0.4776405552685815,0.43408140518431804
2020-08-29,12610000.0,23.9,30.8,31.178075788179807,4.986379930193752,1.1900000000000002,0.4116723691803009,0.3724541960531452,0.33968368007627436
2020-08-30,15830000.0,24.0,30.2,29.951296266141103,6.3541924320536225,0.82,0.5204590761366618,0.47137644844103016,0.4062007794835794
2020-08-31,19340000.0,21.7,30.4,25.794955044510242,11.062221021606307,0.020000000000000004,0.7551297604493661,0.6959512526993475,0.5720577758382506
2020-09-01,18860000.0,23.8,30.3,28.02365134805256,7.823767789631733,0.66,0.6579763346904632,0.5995347973739349,0.5111812267467128
2020-09-02,5860000.0,21.1,26.7,27.152615984748895,16.08451725381826,6.0,0.30401281741429986,0.28659725271621167,0.21042733633540753
2020-09-03,18400000.0,19.6,25.3,21.678658920363475,13.067547884289269,0.12,0.6699493066590618,0.6164223816050582,0.43703057526342126
2020-09-04,20890000.0,17.7,26.8,19.785214658377573,5.824426977285138,0.0,0.5823416812399915,0.5217570174672108,0.48241170859166066
2020-09-05,9080000.0,18.0,24.1,18.662560544957316,7.21019763015411,0.05,0.39545465664200136,0.3696161676855957,0.35920117895032744
2020-09-06,7780000.0,16.1,23.8,19.96307760169994,12.959798978234662,3.7700000000000005,0.3624630473646726,0.34072616878475204,0.2738041894429758
2020-09-07,6580000.0,16.1,22.2,21.453893151977983,18.62559562160607,2.77,0.20135711827325514,0.18322716604331304,0.11159902056925505
2020-09-08,19760000.0,19.5,25.9,23.01148908325849,9.06886625959608,0.03,0.5722825702638885,0.5145810790268791,0.39393075139346473
2020-09-09,14490000.0,18.2,24.5,21.882707094199645,7.949474846695442,1.17,0.4130643925514768,0.3716307523649225,0.3011070829057593
2020-09-10,14400000.0,18.3,26.0,20.168819621855462,4.163298008943283,0.0,0.40771650634461976,0.36601833165098385,0.3668057031143216
2020-09-11,7190000.0,18.0,24.3,21.004980216526015,8.811466095132296,1.2400000000000002,0.31761415705637114,0.29712073377566617,0.2728050393160255
2020-09-12,10900000.0,17.9,23.0,20.862638565210116,6.066862015908004,0.22000000000000003,0.3065574466318669,0.2758450699370524,0.24324846690886376
2020-09-13,20260000.0,15.1,24.4,18.911546709969077,3.86399549212493,0.0,0.43825292813969935,0.381841668815118,0.35528772174078693
2020-09-14,18630000.0,17.1,25.3,19.79042604611129,4.504502878116204,0.0,0.4575145813939147,0.4043711678338203,0.38031123257859784
2020-09-15,18070000.0,19.9,27.6,21.939684516910084,4.1034375055796115,0.6900000000000001,0.4899287665879359,0.43634093848589683,0.42551657457204206
2020-09-16,12350000.0,20.3,26.0,23.45528383651672,3.6484976800157165,0.29,0.337143364271116,0.3008370820572911,0.29146870145247616
2020-09-17,5990000.0,18.0,22.9,21.56040131358894,5.130045138266561,0.32000000000000006,0.19073082300254507,0.17385310406658733,0.1710867764328661
2020-09-18,14260000.0,16.3,23.7,17.329885379496336,7.279037209022332,0.020000000000000004,0.4603711016284803,0.42049544886684337,0.39186855901030737
2020-09-19,16300000.0,13.5,23.2,17.539772959955997,8.19490291048649,0.4,0.4194076196577129,0.3751396912881524,0.3240379314645455
2020-09-20,19570000.0,11.6,23.4,14.506715012697498,5.004338081202852,0.0,0.4444742911675986,0.39216484067174495,0.39878303397473214
2020-09-21,18850000.0,14.6,22.3,14.54645624684067,5.516145384962236,0.0,0.47954879547527574,0.42826159569823596,0.41753548699990006
2020-09-22,14550000.0,14.0,22.2,14.77077873646014,8.284693665531996,0.0,0.48257850988742435,0.4432453538947545,0.4059675632931432
2020-09-23,13690000.0,15.4,22.2,15.424333294814423,9.236475669014357,0.0,0.5078249062868545,0.4703397598087876,0.41475519119476145
2020-09-24,16149999.999999998,14.0,23.8,16.583478978139773,6.740292678749297,0.04000000000000001,0.4383234692013501,0.3940229943292923,0.3782996562722348
2020-09-25,15350000.0,13.7,24.0,16.216586448603433,6.692404276058361,0.04000000000000001,0.4329132751002979,0.39084500742755146,0.3864893901715442
2020-09-26,16149999.999999998,13.4,23.6,15.596921020355861,6.0339387390579855,0.0,0.42745792148981676,0.38347674517548014,0.3855464863284473
2020-09-27,16239999.999999998,12.5,23.3,15.357438035376392,5.971085210526131,0.0,0.4084450306239261,0.364706827489036,0.368131747438596
2020-09-28,19080000.0,10.9,23.6,13.761949543625454,4.369816745547945,0.0,0.4260427365582394,0.3752871037946905,0.39392073420118534
2020-09-29,16510000.000000002,13.9,23.0,15.336585552618484,4.441649349584351,0.0,0.38787764058965407,0.34295712768148817,0.3580167456455114
2020-09-30,18320000.0,13.7,24.0,15.826816264154147,4.294991116343358,0.0,0.40898824838071324,0.35878038754913577,0.3761968138601566
2020-10-01,13270000.0,16.6,23.0,17.94231455441175,4.262067839493339,0.21000000000000002,0.3320323866645331,0.29505200807098686,0.30011222847460867
2020-10-02,15160000.0,17.3,23.2,17.62905910363908,6.548739067985552,0.5599999999999999,0.43678415937317483,0.39421173398654324,0.3744569865705606
2020-10-03,8310000.000000001,16.5,22.7,19.037127533097163,2.813443658092513,0.11000000000000001,0.2083059684214661,0.18522786845796485,0.20184427434336252
2020-10-04,9700000.0,7.7,21.0,12.122798711992658,8.715689289750424,0.05,0.39167083838157046,0.3673627188201058,0.34132021028704795
2020-10-05,15380000.0,8.8,17.9,9.693684286144544,7.413723341590591,0.0,0.4295264458740977,0.3918379856507229,0.37954405593691964
2020-10-06,18600000.0,9.3,18.2,9.50049635284362,5.504173284289502,0.0,0.41234444650427793,0.36634989268401225,0.3845200749958175
2020-10-07,16260000.000000002,12.9,20.4,11.844279016912516,8.68575903806859,0.0,0.5322956784252869,0.4895462187987315,0.4546000386287023
2020-10-08,17950000.0,11.9,21.1,10.86853409102312,12.406089322120708,0.0,0.7246813886648333,0.6776292601179746,0.5593855053429271
2020-10-09,17230000.0,10.5,21.5,11.689072250365871,9.33225247439623,0.0,0.534659624679328,0.48994804287309235,0.4636128339973906
2020-10-10,17070000.0,12.1,21.9,12.149945857287276,6.800153182112968,0.0,0.47070123487384974,0.425512244868732,0.44347140251831146
2020-10-11,10490000.0,13.3,21.6,14.96954642576905,3.4659231447565215,0.06,0.2512368268922255,0.22322444854364049,0.25692783795629603
2020-10-12,12550000.0,7.9,22.1,12.389773068959578,5.803475801107854,0.0,0.3655741431359597,0.33367902548808137,0.3373244681449423
2020-10-13,10940000.0,8.1,16.9,7.96482091697014,6.545746042817368,0.0,0.38675561386924434,0.36047313174248474,0.3820891686920132
2020-10-14,8140000.000000001,5.1,18.1,7.747379021712874,5.109093962089276,0.0,0.32511458319283887,0.30597998051351344,0.3409492226054753
2020-10-15,12860000.0,5.9,16.4,6.8980899255473425,5.581991938662273,0.0,0.35602197455917994,0.32612873839970236,0.37024170508032106
2020-10-16,8160000.0,7.7,17.1,9.949998101130813,4.537426154966223,0.0,0.2316154421902809,0.21205825186244912,0.2511676617764307
2020-10-17,13850000.0,5.8,18.2,9.533371338781757,5.150996314443846,0.0,0.29764159644230653,0.26476468475889725,0.3025767287656514
2020-10-18,16570000.0,6.4,18.3,9.763513983847508,5.504173284289502,0.0,0.31920020006065114,0.27953398248002576,0.3186433759107964
2020-10-19,15100000.0,5.7,19.9,10.483579059475431,5.830413027621506,0.0,0.3584453775433171,0.32191130847073757,0.3244018503033653
2020-10-20,15920000.0,9.7,20.5,10.215178326985962,5.555054712148622,0.0,0.3804169924860701,0.33987109579517366,0.39685244361852806
2020-10-21,4670000.0,9.6,17.1,12.455582980328451,3.678427931697552,0.04000000000000001,0.14035454143981013,0.12891077620943564,0.15891054001471713
2020-10-22,8810000.0,6.0,18.9,9.470448744746651,7.9584539221999915,0.020000000000000004,0.37499175698503123,0.35385155482073255,0.35281058958641254
2020-10-23,15550000.0,3.0,13.6,6.486568103438543,8.000356274554562,0.0,0.3636703075298514,0.33016849391554615,0.326166421262138
2020-10-24,15700000.0,5.9,13.3,6.79361329151084,8.176944759477388,0.0,0.3990863206177785,0.36402998377801643,0.34524208194725825
2020-10-25,13440000.0,8.7,18.1,9.538860237218179,4.767889092916355,0.0,0.29563670755118987,0.26266452352682756,0.31718118356443004
2020-10-26,14120000.0,6.1,17.8,10.090470634774837,4.669119262366299,0.0,0.24431186970139787,0.2108346739598505,0.2609210341757429
2020-10-27,14040000.0,9.7,19.5,11.496772681954873,3.9897025491886384,0.0,0.2601995806415845,0.22482318036007992,0.2796067557213147
2020-10-28,12210000.0,5.4,19.2,7.0102568399509355,5.570019837989539,0.0,0.4212297481804142,0.39203566618093666,0.41459617365773616
2020-10-29,13550000.0,4.4,15.8,5.639435092650967,4.782854218757273,0.0,0.30881700439165144,0.27815766302204326,0.35792877039481424
2020-10-30,14400000.0,7.2,17.9,8.315665575647847,6.8540276351402705,0.0,0.37173873324787376,0.3371028488609725,0.3828547122814684
2020-10-31,12270000.0,11.4,18.1,9.313396551700821,4.770882118084538,0.06,0.31491079639403674,0.2838938564537353,0.34880812333318173
2020-11-01,1900000.0,9.7,13.1,12.928507848365959,6.9498044405221435,0.9199999999999999,0.04733679115771921,0.04289253994681571,0.059229872286614305
2020-11-02,13740000.0,3.8,16.3,5.941493804270501,7.198225529481377,0.09000000000000001,0.41081080611887355,0.37976235719457085,0.4082800171633152
2020-11-03,10610000.0,-1.7,9.1,4.415933376718325,9.248447769687091,0.0,0.32203145450911064,0.3022057728020076,0.2746371037213343
2020-11-04,14250000.0,-0.2,10.0,3.867732353825979,5.501180259121319,0.0,0.27235092728891674,0.24464785122864585,0.29218808022303544
2020-11-05,12930000.0,5.7,14.6,7.121910012748601,4.1782631347842,0.0,0.23349984927689915,0.2042050028974188,0.2702361677912868
2020-11-06,4710000.0,10.2,16.7,11.821048852843557,4.953456653343733,0.05,0.1725611857719073,0.16099301537900199,0.19252267066971476
2020-11-07,9590000.0,7.5,19.3,9.495026911368392,8.006342324890928,0.0,0.35964155810872306,0.3361145309663396,0.3792284899639258
2020-11-08,13470000.0,-0.8,13.9,4.417323424452565,8.919215001186902,0.0,0.548321378403528,0.520748657446934,0.3987975132373932
2020-11-09,13290000.0,3.5,10.6,4.8266491969855805,6.001015462207967,0.0,0.28944365274805206,0.2618286343217552,0.3008965880602445
2020-11-10,13010000.0,4.4,12.3,5.28386769931965,5.267724296003003,0.0,0.27332471291739213,0.2452556621143725,0.30560093673024125
2020-11-11,12740000.0,1.3,15.4,5.717576917843176,4.54341220530259,0.0,0.2861321848537735,0.2586456585485875,0.3008555340546454
2020-11-12,12680000.0,5.9,17.1,6.744933396731814,3.4988464216065402,0.0,0.22331866039373344,0.19358546865380324,0.29646233899410296
2020-11-13,12180000.0,4.1,16.9,8.972294492093658,6.0369317642261695,0.0,0.24018037020520566,0.21233253476658298,0.2601200189527075
2020-11-14,12170000.0,5.7,18.8,9.729940619004491,5.9920363867034165,0.0,0.2747241753988917,0.24566056824096655,0.2952091846372314
2020-11-15,11050000.0,6.7,17.7,10.067417727876771,4.809791445270924,0.0,0.2004587080938382,0.1741014706900417,0.24190078551362532
2020-11-16,10610000.0,8.6,17.8,10.558394223521702,7.979405098377277,0.0,0.2929750493537767,0.26706478278150314,0.297014916734559
2020-11-17,7140000.0,13.4,22.1,15.100617782014998,5.405403453739445,0.5,0.22737619817276897,0.20820064482614478,0.2644166463697664
2020-11-18,4960000.0,15.6,22.1,18.702204264484166,11.55607017435659,0.8500000000000001,0.2421966089847727,0.22860321434914904,0.21486772412971367
2020-11-19,2520000.0,6.2,20.3,11.653006687022069,13.2800526712303,2.41,0.4111042673565485,0.40494319049183825,0.32230833744739196
2020-11-20,4610000.0,-0.2,7.6,6.1712617936717855,9.224503568341623,0.0,0.16663534724161294,0.15802117262617982,0.14422766691717365
2020-11-21,11210000.0,4.3,14.4,8.21165383443372,5.914217732330644,0.4,0.19679157652000043,0.1719288020219713,0.226238890367354
2020-11-22,3710000.0,0.2,10.1,6.584885316786646,9.437008355282654,0.08000000000000002,0.1961910202920654,0.18892037401603548,0.18110766863491054
2020-11-23,11340000.0,-0.5,7.0,4.840200239593125,5.402410428571262,0.0,0.1619536034707512,0.1410859538868664,0.17873139941186153
2020-11-24,8670000.0,-0.3,8.1,4.81013245423368,4.38178884622068,0.0,0.1515687705984347,0.13525881470466428,0.18270066157451437
2020-11-25,11170000.0,1.5,10.3,5.903644255798719,5.076170685239258,0.0,0.1677109386303845,0.1452973347947976,0.19963853383837127
2020-11-26,10520000.0,3.1,10.5,6.293817715788962,4.399746997229781,0.0,0.15579157216503473,0.1340946599679185,0.19093147426950383
2020-11-27,4170000.0,-0.6,7.8,5.119976424009185,9.227496593509807,0.0,0.23800250420241492,0.23023681281637692,0.20589595359609608
2020-11-28,11220000.0,-1.0,4.1,3.513530611708262,7.332911662049636,0.0,0.22899795468851894,0.20955749054146117,0.2141296734181414
2020-11-29,4290000.0,-3.6,3.8,4.713551516982973,5.570019837989539,0.0,0.09861653458374847,0.091576515456254,0.10463748660710034
2020-11-30,10160000.0,-4.5,5.6,4.021123759954876,6.10577134309439,0.0,0.14909874118618066,0.13213729042073627,0.1657575675762656
2020-12-01,10790000.0,-1.4,5.5,3.259918636741689,5.294661522516655,0.0,0.19092578315590644,0.17188898864649998,0.21679768317058074
2020-12-02,9050000.0,-2.6,6.9,3.616986347410421,5.851364203798791,0.0,0.1962029009351651,0.1801787239740627,0.21902700036296938
2020-12-03,10180000.0,-4.6,6.1,3.7171680597926953,6.315283104867237,0.0,0.17079995442521545,0.15367648167870157,0.19015786759185105
2020-12-04,9980000.0,-3.2,4.8,3.836948437322447,5.0252892573801375,0.0,0.1371339349286367,0.12031534014190379,0.16090663825424492
2020-12-05,6760000.0,-1.8,6.2,5.243274495244322,4.067521203561411,0.0,0.0931914664599023,0.08120063975180264,0.11765704540528477
2020-12-06,9890000.0,-0.2,8.3,5.321458877899453,5.387445302730344,0.0,0.14626450766761695,0.12756602450857288,0.17448797477357128
2020-12-07,6090000.0,-2.4,8.6,4.807134794817145,6.297324953858136,0.020000000000000004,0.17245634719325595,0.1613073561058503,0.19488279234659375
2020-12-08,10120000.0,-3.6,4.3,3.6520675072421445,4.672112287534482,0.0,0.12633763784546656,0.10957077002294388,0.15435472303393358
2020-12-09,10150000.0,-1.2,6.2,3.5580343840494537,4.7080285895526846,0.0,0.16432474840204894,0.1461281309010086,0.20196690585917723
2020-12-10,9240000.0,1.8,10.5,6.634535941682909,4.531440104629857,0.0,0.12362836905509247,0.10494372969954606,0.16145167668003543
2020-12-11,7300000.0,-0.1,10.0,6.347270658007905,5.11208698725746,0.0,0.12063011594263542,0.10641547642828837,0.1539978094821186
2020-12-12,10560000.0,-1.7,6.9,3.611168658775773,6.219506299485364,0.0,0.20576123870045593,0.18676279286808212,0.22943402775568528
2020-12-13,3340000.0,-7.7,8.2,4.0959215776858775,10.688092875583367,0.25,0.3423797648698677,0.3368671165243452,0.2163024592144671
2020-12-14,9590000.0,-8.5,-3.3,1.7578915634639276,11.409411941115595,0.0,0.259648065484656,0.2474558594961807,0.1707449805543334
2020-12-15,10470000.0,-7.9,-2.7,1.8752083355498534,8.173951734309206,0.0,0.19303119885431835,0.179345225200246,0.1604530789932029
2020-12-16,8400000.0,-8.4,-2.3,2.070661391687473,7.0006858683812645,0.0,0.15715131263571697,0.14619634003323215,0.14236776059996795
2020-12-17,10430000.0,-6.3,1.2,2.949051063834673,6.680432175385626,0.0,0.1452432052404219,0.12985795332532057,0.1469873955762607
2020-12-18,5860000.0,-7.2,4.5,3.1905104996638434,8.398428621922971,0.0,0.1994639449324886,0.19038163491200805,0.18855707027809873
2020-12-19,10930000.0,-6.1,-0.7,2.067827019665533,6.734306628412931,0.0,0.18232966746965845,0.16678057344182798,0.17545138193866988
2020-12-20,10360000.0,-4.6,2.6,3.148057386184963,5.013317156707404,0.020000000000000004,0.1289067297806562,0.11262269517854266,0.15208399611674336
2020-12-21,8350000.0,-3.1,5.4,4.222438791196491,4.262067839493339,0.010000000000000002,0.10915454068059531,0.09489809903999968,0.14076172896664724
2020-12-22,9500000.0,-1.8,7.0,4.789183562900503,6.779202005935683,0.0,0.16164630382860826,0.14455489896046894,0.17568432948038243
2020-12-23,6610000.0,1.5,8.6,6.682511468129042,6.931846289513043,0.0,0.1366766116700825,0.1237641165607652,0.14336766145710642
2020-12-24,9710000.0,-3.7,7.9,4.509928503734028,8.622905509536736,0.0,0.20212808066566873,0.18496600947933986,0.20512148123267337
2020-12-25,9670000.0,-3.1,4.4,3.877629378140869,7.467597794617895,0.0,0.17882363833838189,0.16261912348345745,0.17481709660752262
2020-12-26,9230000.0,-1.3,8.3,5.308356924350151,6.584655370003754,0.0,0.15530150214070595,0.1381709398386886,0.17567451027551406
2020-12-27,6340000.0,-1.0,9.7,5.567356733732054,3.7472675105657727,0.0,0.11108919364991218,0.09898278040348395,0.15459459868496764
2020-12-28,8620000.0,-0.3,10.4,6.403055284412114,3.54972784946566,0.0,0.09229697497088295,0.07545798740018478,0.13660581586425719
2020-12-29,6140000.0,-7.4,6.6,4.014732755059142,12.328270667747937,0.22000000000000003,0.2937739574476523,0.28389147268574483,0.19426470263940904
2020-12-30,5390000.0,-9.8,-6.1,1.6716096988361078,13.166317714839325,0.010000000000000002,0.24839299775336882,0.24218494443590366,0.13839822660137244
2020-12-31,9130000.0,-11.4,-3.3,2.5431064167255384,4.725986740561785,0.0,0.06434044431133547,0.0535096197309471,0.07477457497433049
2021-01-01,4240000.0,-5.6,0.3,3.7171680597926953,5.303640598021206,0.020000000000000004,0.08838999345245084,0.08216186610672516,0.09143111960312192
2021-01-02,10490000.0,-6.1,-0.1,2.4749689933013554,7.395765190581488,0.0,0.18203966970815033,0.16692273466940882,0.16525247371026022
2021-01-03,9700000.0,-6.1,0.4,2.6754882751663334,4.9594427036801,0.0,0.12569205648059967,0.1115638183724716,0.14009307578131305
2021-01-04,8390000.0,-4.5,3.9,3.931211807207874,5.285682447012104,0.010000000000000002,0.1191271367417365,0.10557040016441221,0.13610265775685967
2021-01-05,9800000.0,-8.7,-1.2,2.0756298733476624,8.45828912528664,0.0,0.19611134563688376,0.18309493367932336,0.16236489343693566
2021-01-06,10990000.0,-13.4,-2.1,2.141193728750163,9.859024903996529,0.2,0.1460616792583242,0.13327776551774945,0.12031220827997742
2021-01-07,11350000.0,-16.3,-8.5,1.070842625012696,10.080508766442112,0.0,0.16141454923298273,0.15108040495919922,0.11059579491603908
2021-01-08,11100000.0,-14.6,-9.5,1.1772075052975342,6.144680670280776,0.0,0.10369028120051182,0.09338460036997034,0.09178600218524581
2021-01-09,10300000.0,-12.3,-6.3,1.687493674444715,4.7080285895526846,0.0,0.08725215059227123,0.07617231223016441,0.09089055856941336
2021-01-10,11100000.0,-9.3,-1.0,2.015318712416115,4.3368934686979275,0.0,0.1143666107780382,0.09975716193480413,0.13343145853844882
2021-01-11,6240000.0,-7.2,-1.2,2.6453557965648753,3.1845787789472695,0.0,0.08426987466208002,0.07569829036719417,0.101023639069029
2021-01-12,9080000.0,-3.7,2.8,4.129850279093836,7.386786115076939,0.020000000000000004,0.14398008067186258,0.1293941638783585,0.13199851867690587
2021-01-13,11050000.0,-4.1,9.8,5.689684112628439,9.149677939137034,0.0,0.20640038904073116,0.18634570318879118,0.18102168703102997
2021-01-14,11720000.0,-0.2,10.2,4.148222611336185,6.443983187099128,0.0,0.2549245453077359,0.23206649794208195,0.2836394980905918
2021-01-15,6540000.0,-4.1,13.5,6.674494323136203,11.09813732362451,0.0,0.2937465206549934,0.2811143474689558,0.2304480152490993
2021-01-16,8820000.0,-6.8,-0.1,2.542255140426068,9.760255073446475,0.0,0.22955110225383185,0.21703081358515544,0.17023801908779662
2021-01-17,11960000.0,-5.5,0.4,3.061640129475061,7.7818654372771645,0.06999999999999999,0.17395940997061662,0.15631726108235092,0.14801649373474118
2021-01-18,8010000.0,-9.0,4.6,2.346717328496618,11.343565387415557,0.17,0.40033868325207517,0.38834904648312213,0.2527393179505163
2021-01-19,12200000.0,-7.2,0.2,1.2075310007940894,4.372809770716129,0.0,0.17445623077108413,0.15717538852030202,0.198226719639753
2021-01-20,12280000.0,-3.3,9.1,2.401979522493266,3.968751373011353,0.0,0.20893770133147954,0.18661186872159324,0.265681598132644
2021-01-21,4870000.0,3.4,11.4,7.656451141649226,4.681091363039032,0.79,0.13492584913746303,0.12470164869694642,0.1573351179343198
2021-01-22,6020000.0,3.8,11.3,9.262449929721054,5.986050336367049,0.0,0.09551881357953602,0.08282482956501146,0.10100374784117745
2021-01-23,5820000.0,-0.6,11.0,7.946107843367165,11.448321268301981,0.0,0.11885655578448576,0.10743263201642558,0.11890663759929229
2021-01-24,12070000.0,1.3,11.8,6.912540063092076,7.805809638622632,0.0,0.2170999380575684,0.19239297874456995,0.21586653372754488
2021-01-25,10340000.0,3.8,12.3,7.117668341954769,8.853368447486867,0.0,0.28271480601566423,0.260595199110268,0.25729484505748734
2021-01-26,3510000.0,-1.1,8.7,7.022818725722589,6.898923012663023,0.37000000000000005,0.09051794206311406,0.0839370758153567,0.09960184118574311
2021-01-27,11880000.0,-2.5,6.4,3.0456112041246834,6.910895113335759,0.0,0.27459186230522664,0.2537071543696625,0.2643378842396694
2021-01-28,9010000.0,-7.2,5.5,2.4092723706880697,15.979761372931838,0.17,0.5602934053569683,0.5460464930082385,0.3051423805323389
2021-01-29,13060000.0,-8.2,0.8,2.297252108122543,8.45828912528664,0.0,0.2319917426584599,0.21365296433576114,0.18646248587175515
2021-01-30,10110000.0,-4.4,8.3,4.446604154066248,8.039265601740949,0.0,0.24272900442315293,0.2249559070133421,0.2164498906283872
2021-01-31,10360000.0,0.2,11.7,6.364536974292034,7.078504522754035,0.79,0.2191244936917816,0.19830396625026284,0.2249839769714876
2021-02-01,6720000.0,-6.5,11.1,5.825031206173542,11.580014375702056,0.010000000000000002,0.25918482952444905,0.24722243714623965,0.19686039370965427
2021-02-02,13890000.0,-7.6,-1.3,2.4117076961717054,9.191580291491604,0.010000000000000002,0.22465175883174818,0.20578286570279322,0.1599340882295079
2021-02-03,14100000.0,-4.7,2.9,3.0396196111681033,8.679772987732221,0.11000000000000001,0.2637949207649352,0.24154379550510305,0.20652816012397818
2021-02-04,14430000.0,-5.1,1.4,2.5584728234866168,6.545746042817368,0.0,0.223409653602422,0.20149574268515225,0.1952970863341467
2021-02-05,11290000.0,-0.2,8.1,3.9715123254313944,8.099126105104618,0.0,0.3269867011855789,0.3057124414413145,0.28590384105754824
2021-02-06,12900000.0,4.6,11.8,8.730723932932467,11.041269845429024,0.020000000000000004,0.2556337718053108,0.227919790300574,0.18626702124983577
2021-02-07,12620000.0,-5.3,10.3,4.367525299275453,8.374484420577502,0.0,0.3839831547608597,0.36135839487286675,0.2668241808823613
2021-02-08,14940000.0,-5.3,0.6,2.529516386252553,9.38313390225535,0.0,0.28835261551527963,0.26612922703236486,0.20377879476475652
2021-02-09,14930000.0,-3.3,5.5,3.5420014298779763,5.971085210526131,0.0,0.23129760281017217,0.20585395278987736,0.21658186324212356
2021-02-10,14100000.0,-1.7,9.2,5.433986240560487,5.800482775939671,0.0,0.2037010787558728,0.17730957463521063,0.20018305084743124
2021-02-11,12250000.0,-0.8,10.9,5.896459045331467,3.941814146497702,0.0,0.1733381825606683,0.14940806681344637,0.19422389950209734
2021-02-12,13120000.0,-0.9,13.1,5.407321463925396,3.690400032370286,0.0,0.2379892883900606,0.2114995089691547,0.2458835372276857
2021-02-13,15130000.0,1.3,14.7,4.853784969215685,4.803805394934557,0.0,0.3427900429641041,0.310469707140635,0.3460518672566872
2021-02-14,6920000.0,5.0,15.0,8.76123988838807,5.139024213771111,0.38,0.20078318664124167,0.18516654139581923,0.22059632449405955
2021-02-15,7300000.0,-5.8,5.3,3.4516088439572914,13.295017797071216,0.010000000000000002,0.35110370864974527,0.3392852300320807,0.23095693977590287
2021-02-16,7560000.0,-9.9,1.4,2.6763791273575164,10.610274221210595,0.58,0.2317453422377834,0.22138354993325587,0.16675965142944613
2021-02-17,13690000.0,-7.7,-4.2,1.8455627958015965,15.545772723545227,0.0,0.3823609301044096,0.36499685296155604,0.17999729997163014
2021-02-18,15430000.0,-7.7,-0.3,2.6163986442972855,8.314623917213833,0.0,0.23075349845451038,0.20936989299587197,0.1636554407257125
2021-02-19,16410000.0,-1.2,8.8,5.961405275877281,14.896286262049403,0.0,0.3513128691668822,0.3205459132906149,0.2093538410558637
2021-02-20,15880000.0,5.7,15.6,8.185231237396932,11.663819080411196,0.0,0.48500715761746777,0.44855941181253406,0.36730504915653006
2021-02-21,16450000.0,8.5,20.4,8.897146556829979,14.243806775385393,0.0,0.7578505773885411,0.7165367553487998,0.5781939342680218
2021-02-22,16390000.0,-4.3,18.4,4.5042674901479725,10.391783383933198,0.0,0.7880481843085528,0.7539917394622768,0.5473790464986934
2021-02-23,16590000.0,-3.0,6.8,2.4443887286590344,6.393101759240009,0.0,0.3463392945830095,0.31722702733894803,0.3130467322804378
2021-02-24,11160000.0,-1.8,10.2,3.066664519244468,4.435663299247984,0.0,0.2768757174981066,0.255670708999075,0.3028441304911813
2021-02-25,4820000.0,2.5,7.0,6.280516817336937,5.815447901780588,0.19,0.16648064778473076,0.1571555676919572,0.15186072057268465
2021-02-26,15050000.0,4.1,14.5,5.204564984004578,12.980750154411945,0.0,0.688677842935755,0.6553434688133332,0.4965172335986933
2021-02-27,15700000.0,1.8,11.7,5.5096058584306755,14.626913996912885,0.0,0.5840869460323919,0.5517551092637533,0.36801739952254103
2021-02-28,11230000.0,5.4,15.1,7.168715941842433,5.501180259121318,0.22000000000000003,0.316932808319711,0.29142299466922694,0.3201884866989295
2021-03-01,2049999.9999999998,1.0,15.4,9.283871123805648,10.137376244637597,4.37,0.17914053579588501,0.17473637594435706,0.18522160644500452
2021-03-02,10030000.0,-3.5,6.7,4.9023601376489,6.1746109219626115,0.0,0.18966890916720142,0.17225858169916652,0.1676992365392597
2021-03-03,15160000.0,1.4,9.7,4.999252340727989,4.124388681756897,0.0,0.2621616688643288,0.23207272960229278,0.25355717830750596
2021-03-04,6280000.0,0.8,10.1,7.181528249231731,4.684084388207216,0.29,0.14243447202666346,0.1300094231118195,0.14336936104796918
2021-03-05,18240000.0,3.6,15.5,8.182832906493948,5.174940515789314,0.0,0.3158354950261159,0.2751621843637271,0.29222806026900294
2021-03-06,14280000.0,4.0,12.8,6.622589719615513,14.234827699880842,0.0,0.5697873623619146,0.5389348943379428,0.36323925747743474
2021-03-07,7750000.0,1.3,10.0,7.008165122989283,4.2919980911751745,0.0,0.16064933491709818,0.14521907205292944,0.1572053495269199
2021-03-08,18930000.0,0.2,13.6,6.666485678034956,3.771211711911241,0.0,0.290363305750343,0.2512042779931074,0.26245901446302317
2021-03-09,14250000.0,-1.1,12.6,5.696646004481906,4.59429363316171,0.0,0.29324939867192434,0.2647887249481618,0.2640656198342508
2021-03-10,19690000.0,0.9,16.9,6.290014920558975,6.378136633399091,0.0,0.5538597677438888,0.5107224880216781,0.40598433515529464
2021-03-11,17560000.0,6.4,17.5,7.179391461402847,3.70237213304302,0.6900000000000001,0.3572964323823865,0.3156633192647115,0.3690149834720188
2021-03-12,3990000.0,2.6,9.6,9.111080674454307,7.159316202294991,0.47000000000000003,0.07451093794247941,0.06645497606066428,0.06209160855750899
2021-03-13,17780000.0,2.3,15.6,7.519599354659025,5.318605723862123,0.0,0.36358742308377445,0.3245809553772802,0.31343496723359127
2021-03-14,13320000.0,2.3,14.1,7.818502301666354,4.6571471616935645,0.0,0.2538888012160866,0.22527250403445134,0.24172575007023922
2021-03-15,15800000.0,6.9,17.1,9.032291874152726,8.344554168895668,0.1,0.45136262117501846,0.41385683022932424,0.3749583487729195
2021-03-16,21030000.0,-0.5,13.9,4.715024267341279,6.979734692203979,0.0,0.5528671813724916,0.5096240385673119,0.4050126748898428
2021-03-17,20700000.0,2.5,17.8,6.801756713598065,4.89958220031643,0.0,0.4996003774331778,0.4527014354335458,0.4044267871631185
2021-03-18,20020000.0,8.3,19.6,8.279251184155534,7.096462673763137,0.0,0.5594115486165274,0.509683325234457,0.506321919031574
2021-03-19,17000000.0,8.2,18.9,8.161275810360797,12.471935875820748,0.2,0.7432208988626461,0.7013723740497078,0.5548014999868968
2021-03-20,4120000.0,4.3,11.1,9.209087409858661,6.4469762122673115,0.11000000000000001,0.1268681643139465,0.11814270251138878,0.11501640126059172
2021-03-21,14910000.0,-0.2,10.3,5.031924485132525,12.118758905975092,0.0,0.49361687064119464,0.4644905011888617,0.3255218009256048
2021-03-22,20540000.0,2.2,11.6,5.329662126240795,10.73298825310612,0.0,0.5632800663119439,0.520790556003776,0.38239033261120486
2021-03-23,21480000.0,2.9,16.8,6.561169863838653,10.269069352037674,0.0,0.726470639922743,0.6781876370962008,0.47771681422305
2021-03-24,19360000.0,3.8,17.9,6.152595524627715,6.5038436904628,0.0,0.6041413189707703,0.5594787157320685,0.4814781776199689
2021-03-25,21350000.0,3.7,20.6,8.259887749659699,4.648168086189014,0.0,0.5417738606719577,0.49090956222176274,0.43926021674149196
2021-03-26,16770000.0,7.1,23.6,6.4069184242740125,4.911554300989163,0.0,0.7116785982333066,0.6687419884895405,0.5965434279834192
2021-03-27,4960000.0,8.5,17.2,12.630237758210827,10.679113800078817,3.29,0.2332919744068196,0.22127732847529527,0.19330657143669888
2021-03-28,10810000.0,6.6,13.0,10.534402392636752,12.070870503284155,0.08000000000000002,0.2751122659921531,0.25084563761591794,0.16488920492740347
2021-03-29,20710000.0,4.7,17.1,7.252358065552245,6.794167131776601,0.0,0.5211249917280211,0.4732872658903437,0.43591369361359017
2021-03-30,22640000.0,3.5,17.8,5.449036257491801,6.255422601503567,0.0,0.6647612261474162,0.6127979411963017,0.5178632066041057
2021-03-31,22150000.0,9.0,22.6,6.658485525077801,7.671123506054374,0.0,0.8706098044898007,0.8133658980149685,0.712940666796587
2021-04-01,17880000.0,11.7,19.9,7.22438211081542,19.592342750929355,0.0,1.353357711756003,1.307149086574513,0.8066083498580788
2021-04-02,19760000.0,13.7,23.3,10.72464432196729,11.630895803561176,0.0,0.9002335823312857,0.8464213195466854,0.7131432836336009
2021-04-03,4700000.0,11.2,18.5,15.58846295765336,5.809461851444222,4.7,0.13843201976769665,0.1265254757046083,0.12795900387646753
2021-04-04,8850000.0,2.9,14.1,9.310709006617019,6.279366802849035,0.05,0.20629551287747008,0.18712102241662715,0.18330345077877622
2021-04-05,23170000.0,4.1,16.3,6.370301631850605,4.800812369766374,0.0,0.48128206915448707,0.4287182715200256,0.4260515958027809
2021-04-06,19480000.0,3.7,18.9,7.3238040370623905,6.042917814562536,0.0,0.6034810797609285,0.5580291690880184,0.45789971099380306
2021-04-07,23290000.0,4.3,20.2,7.470775464503865,5.734636222239633,0.0,0.6877721857950271,0.6321525135922271,0.5090509305527989
2021-04-08,23790000.0,3.8,18.3,6.017837282978038,6.363171507558173,0.0,0.6964190339152045,0.6412578951134599,0.5247012585229051
2021-04-09,21410000.0,6.4,18.5,6.865161196755062,11.19990017934275,0.0,0.7986850331871101,0.7473102626607043,0.5915563754790882
2021-04-10,22020000.0,4.4,19.0,7.435443175144774,5.165961440284764,0.0,0.5797900876009969,0.5279004515864435,0.4610473314783162
2021-04-11,22490000.0,11.3,22.4,6.854899485932869,5.83340605278969,0.010000000000000002,0.6978339952035986,0.6384713511512732,0.6772242748568067
2021-04-12,4770000.0,10.6,16.8,12.462528184965308,11.032290769924472,2.15,0.3016919772156505,0.2899098727622279,0.23705131073708263
2021-04-13,19090000.0,3.0,16.2,7.2286798912988495,10.999367493074454,0.0,0.6552384996927416,0.6126126735608272,0.4281476393790241
2021-04-14,24540000.0,1.9,15.2,5.679255387536219,7.473583844954261,0.0,0.6300610892995755,0.5768180661115248,0.4549100576417032
2021-04-15,21280000.0,7.4,17.6,6.787511378864888,4.893596149980063,0.0,0.5245667565038883,0.47344324465220244,0.4767073302006943
2021-04-16,12060000.0,4.3,16.4,10.385537933991289,8.578010132013983,0.010000000000000002,0.3045845905823578,0.27711798527319853,0.24032949285971075
2021-04-17,19440000.0,5.7,14.7,6.269135831088445,11.9900588237432,0.03,0.7330672349279386,0.6889653693252658,0.4893225006007677
2021-04-18,22070000.0,4.4,16.1,7.0817041246921475,9.487889783141773,0.0,0.6224878835928921,0.5723541714587708,0.4557924060204327
2021-04-19,24920000.0,4.8,20.4,8.044786019751179,8.422372823268438,0.0,0.861945010638203,0.8019347562393371,0.5588314285540659
2021-04-20,24600000.0,8.7,24.0,8.354663240657235,3.8909327186385823,0.0,0.6960619237261768,0.6317715362458995,0.5845535282260099
2021-04-21,21750000.0,14.5,29.0,8.941131201631087,6.273380752512667,0.0,1.012897438661188,0.9503075779541572,0.87277386153416
2021-04-22,16620000.000000002,14.3,29.0,7.395870760807439,10.768904555124323,0.08000000000000002,1.5052201308877162,1.4574682507807681,1.1025752180813893
2021-04-23,15800000.0,12.4,22.7,7.481847160030629,15.73433330914079,0.0,1.243783230202506,1.2015104966528056,0.8886615045663971
2021-04-24,15000000.0,9.9,23.9,8.26956446746248,5.818440926948772,0.0,0.6944794331010289,0.654847879771909,0.614309174845278
2021-04-25,23910000.0,10.0,24.0,7.75423687364471,10.930527914206232,0.0,1.2158887574089159,1.1525924040977051,0.834582273222835
2021-04-26,22910000.0,11.3,23.3,7.901819694359234,3.334230037356446,0.04000000000000001,0.5707722644500128,0.5097695002921678,0.5679941608874831
2021-04-27,11210000.0,13.5,21.5,10.736824632984556,7.835739890304468,0.03,0.5835963434732129,0.5536326776551997,0.5341831300020123
2021-04-28,17750000.0,11.8,22.1,6.999803766755664,5.911224707162461,0.0,0.6698433383344062,0.6229000721700654,0.6554250899932048
2021-04-29,23330000.0,9.6,20.6,9.07161087551563,11.714700508270315,0.75,0.8771405018826682,0.817722425890293,0.6308834942437632
2021-04-30,20590000.0,9.2,17.1,10.007124398194327,8.904249875345986,0.45999999999999996,0.5856440742592565,0.5354199718125731,0.4137841924114154
2021-05-01,10520000.0,7.8,14.0,9.045381483159375,12.034954201265952,0.26,0.4748668230307184,0.4505668290272243,0.31430100783460835
2021-05-02,21120000.0,6.1,18.0,8.547096248918654,6.165631846458061,0.0,0.5240807812416616,0.473885728988115,0.43326514768835356
2021-05-03,24970000.0,10.1,22.3,9.283871123805648,5.860343279303341,0.0,0.6931494963788444,0.628089066691311,0.6033430126743472
2021-05-04,9500000.0,10.4,22.5,15.282485352423711,9.661485242896418,1.4300000000000002,0.36373303813949576,0.33885565134559303,0.31333233488528045
2021-05-05,26420000.0,7.0,19.6,6.734830631454697,10.260090276533122,0.0,0.9354086151972971,0.8707409145055506,0.6665462967113054
2021-05-06,21700000.0,13.2,23.6,7.339038890266067,8.943159202532373,0.0,0.9568900912970267,0.8979026179292455,0.839336995561862
2021-05-07,19170000.0,8.5,21.9,9.593902563012296,12.42404747312981,0.15000000000000002,0.9462914773415667,0.8973648476853958,0.6254321133930288
2021-05-08,26640000.0,8.0,23.5,9.721563186362417,12.78021746814365,0.0,1.2829279526030697,1.2141510683190788,0.7187579753453197
2021-05-09,25760000.0,10.0,22.9,7.317283367102123,8.284693665531996,0.020000000000000004,0.9631600572845731,0.895703058988685,0.7676284322343268
2021-05-10,7510000.0,11.0,15.5,12.187360466506382,8.323602992718381,1.4400000000000002,0.2933214315995696,0.2749604445940241,0.22427215752128812
2021-05-11,14720000.0,12.7,21.3,10.018584259761521,16.306001116263843,0.0,1.0378936143974529,0.9989257214346328,0.6893617230491313
2021-05-12,24210000.0,13.3,26.2,12.846229447509788,8.850375422318681,0.0,0.9173515453352609,0.8499420394987303,0.7206271335654528
2021-05-13,24920000.0,14.7,29.3,15.609615665499103,4.22016548713877,0.0,0.7690245598646802,0.697031234355344,0.6429833876635435
2021-05-14,20670000.0,19.1,32.1,16.88947090857187,6.644515873367425,0.13999999999999999,0.9028674617715706,0.8399891800908559,0.8266869387573497
2021-05-15,10770000.0,21.0,26.3,23.370753243795274,7.150337126790441,2.39,0.42659786093417,0.3947046090447899,0.357748364209127
2021-05-16,4070000.0000000005,16.0,23.3,21.911179601299548,9.386126927423534,1.87,0.1329787090497472,0.12166591025517273,0.12247771328460647
2021-05-17,5090000.0,12.8,18.0,16.41903479661152,6.2614086518399334,0.47000000000000003,0.1433670679424496,0.1303213603554701,0.11840192157888621
2021-05-18,19320000.0,11.7,22.9,15.668977307191598,3.5227906229520087,0.0,0.4369568231275368,0.38551320010136625,0.3633293052079399
2021-05-19,25680000.0,16.7,25.8,14.562379487546561,5.186912616462049,0.010000000000000002,0.7414915715535162,0.6681784380917334,0.6376701900271031
2021-05-20,6920000.0,13.4,19.3,16.383667958431545,11.169969927660913,1.59,0.2761200589887824,0.25803512072197277,0.19444782646474745
2021-05-21,12300000.0,11.4,17.7,14.718434962555547,7.353862838226919,0.24,0.301971773089173,0.2710132442394758,0.2048849165534657
2021-05-22,26200000.0,11.8,24.8,15.386673314426945,4.902575225484614,0.0,0.6443479583519401,0.5732587752074274,0.5034603860652289
2021-05-23,18890000.0,15.5,25.7,16.321936764264702,3.1277113007517836,0.0,0.5004890423815497,0.4471305549124315,0.44975703900041797
2021-05-24,21110000.0,11.1,24.3,12.061912580226807,7.012657969053999,0.26,0.7249299457563431,0.6682893657500065,0.5851794871519929
2021-05-25,22590000.0,11.3,20.0,11.994576882851018,9.805150450969228,0.1,0.6926021691986126,0.6344016251063321,0.47936523442564083
2021-05-26,16379999.999999998,15.4,24.7,11.613774112303325,7.392772165413305,0.08000000000000002,0.7259206405745415,0.6800777457195994,0.6670531217943735
2021-05-27,18480000.0,11.2,21.1,13.720317149342328,10.227166999683103,0.24,0.5845702346071021,0.5364684819261358,0.41177095335052594
2021-05-28,13730000.0,12.1,21.8,14.94508204621818,9.781206249623759,1.69,0.48517218463069556,0.4488605764934336,0.36755395346646524
2021-05-29,23580000.0,11.9,24.0,13.773323075572732,6.931846289513043,0.0,0.6717227912440962,0.6081567307931639,0.5391070626827159
2021-05-30,26350000.0,15.8,27.1,16.090084391753955,5.342549925207591,0.78,0.7463207288928526,0.6708532088396472,0.631506354847036
2021-05-31,22810000.0,15.6,26.0,15.97308570824903,6.348206381717256,0.0,0.6995644879740872,0.6349199975228058,0.5837482565035088
2021-06-01,24790000.0,17.2,28.0,16.077047518088527,5.100114886584726,0.0,0.7499131864211194,0.6776327696515368,0.6625433557539944
2021-06-02,21550000.0,15.7,30.0,16.8577447864687,4.84870077245731,0.0,0.7553700000968866,0.6922995862690446,0.6413740410167208
2021-06-03,6550000.0,13.3,21.6,18.936604652179575,4.84870077245731,2.45,0.16976079543306616,0.15226974889510328,0.1448890191509368
2021-06-04,27170000.0,15.2,23.8,13.868424079044535,10.502525315155987,0.0,0.9360465822595068,0.8607226737206792,0.6659923914748301
2021-06-05,25920000.0,16.6,26.1,18.836547092680362,12.471935875820748,0.0,0.8841334906115854,0.8100161715201093,0.579569371679413
2021-06-06,26160000.0,15.8,27.5,17.085511175208335,7.87165619232267,0.0,0.8275560893917348,0.7523942853244809,0.659808568310179
2021-06-07,19780000.0,17.4,27.5,16.207834242992952,4.651161111357197,0.0,0.6343355685481106,0.5767941241150567,0.583699411473939
2021-06-08,24050000.0,19.2,31.1,19.168505951974133,3.0199623946971763,0.0,0.6839187443402015,0.6111954005809783,0.6215671545188057
2021-06-09,25610000.0,19.6,33.4,18.642766310754375,5.396424378234895,0.0,0.9675602591711809,0.8887447954568829,0.8349020630172429
2021-06-10,15500000.0,20.5,31.5,19.50043263058289,8.04225862690913,1.6500000000000001,0.7830655104355654,0.7356676391686648,0.7518998262456655
2021-06-11,18460000.0,18.3,27.2,22.446709164130535,5.186912616462049,0.15000000000000002,0.5270446649698026,0.47309873937430746,0.41785688693654766
2021-06-12,22310000.0,19.7,29.9,22.827768835952014,4.627216910011729,0.03,0.6643591915223886,0.5972167806535107,0.5559353563224925
2021-06-13,18910000.0,19.4,28.8,23.582580989509008,3.1875718041154535,0.05,0.5213360280932686,0.4649769316507638,0.4360713691872114
2021-06-14,14020000.0,21.2,28.0,24.271753501123545,5.109093962089276,0.6400000000000001,0.47197781853746595,0.42990009214029457,0.40096341749353004
2021-06-15,5490000.0,19.7,22.7,21.979645904535904,12.019989075425036,0.75,0.30360296478999765,0.28794234533509055,0.22582928157545307
2021-06-16,20860000.0,18.1,26.4,18.387110180040747,12.768245367470918,0.0,0.8922501011471802,0.831752442635921,0.6303694486035285
2021-06-17,9130000.0,19.2,24.5,20.906345793924505,5.106100936921093,0.31000000000000005,0.33654192635925384,0.31022727429254104,0.3007144991082218
2021-06-18,12340000.0,18.6,25.2,21.968221872264778,8.19490291048649,0.1,0.4330967737039961,0.39750235479260854,0.33098800647021454
2021-06-19,25790000.0,16.6,28.4,18.558845889054563,4.139353807597814,0.0,0.6948344546088877,0.6197523465704426,0.5888523501012933
2021-06-20,27110000.0,18.2,31.1,17.329885379496336,10.598302120537861,0.0,1.2056143315624452,1.124193958457956,0.9323542004574061
2021-06-21,24850000.0,17.1,29.1,17.704556213800824,6.291338903521768,0.010000000000000002,0.7956571210951678,0.722657544855463,0.6859668546653515
2021-06-22,20510000.0,17.9,29.8,19.613911678178894,5.094128836248358,0.4,0.658995733855651,0.5980847411184371,0.5937702370462558
2021-06-23,14040000.0,17.9,24.0,20.884482171325537,4.471579601266186,1.4400000000000002,0.3879766540949591,0.34808878926220427,0.3080659807088392
2021-06-24,20510000.0,17.6,26.6,21.04894831682906,4.040583977047758,0.13999999999999999,0.5431789943791079,0.48383398520755855,0.43596762142118717
2021-06-25,21270000.0,20.4,28.2,21.8656391330407,3.3282439870200795,1.31,0.5972134088942045,0.5336421014693883,0.5018153867051557
2021-06-26,18440000.0,19.0,26.6,20.59127605697555,4.211186411634219,0.03,0.5366695761647585,0.48274161869779764,0.4500258917144304
2021-06-27,21160000.0,20.1,29.5,21.66173030453941,4.896589175148246,0.38,0.6665479637329511,0.6028665018779331,0.571962279328511
2021-06-28,22060000.0,20.0,29.1,22.220754260633566,5.408396478907628,0.45,0.6836768667029763,0.6175146961989284,0.563455581793372
2021-06-29,20240000.0,20.4,28.1,24.203296169369583,3.100774074238131,0.9,0.5453673374180051,0.4849168323419601,0.43981727673461163
2021-06-30,18760000.0,20.3,28.4,24.259294139046048,3.5467348242974768,0.30000000000000004,0.5265393160861851,0.47043064153685454,0.43069220281678716
2021-07-01,23200000.0,20.9,31.7,20.18472255341956,5.93516890850793,0.0,0.8313049446951357,0.7600872785075872,0.752838071643947
2021-07-02,22460000.0,21.6,32.1,21.392441219525075,9.915892382192018,0.010000000000000002,1.007488201397112,0.9380632433813144,0.8543420558871766
2021-07-03,8020000.0,22.0,27.8,24.427968145511585,17.410427403323563,4.920000000000001,0.6708079876580054,0.646638684309537,0.4800180411171177
2021-07-04,10670000.0,20.7,25.5,24.585060891893946,11.211872280015484,0.11000000000000001,0.4228423841031864,0.3914980992549911,0.29287939548805203
2021-07-05,7550000.0,21.0,26.2,24.844604870480385,4.420698173407065,2.75,0.27139010483040094,0.24904838958047373,0.24464032416103842
2021-07-06,10090000.0,22.6,27.2,26.60764458623544,5.285682447012104,0.82,0.3557759315127818,0.32536841645217746,0.29855271098940067
2021-07-07,7270000.0,22.7,26.9,29.130230003400165,5.258745220498453,2.8000000000000003,0.23451132202492583,0.21263210521556944,0.18564410248770594
2021-07-08,17130000.0,22.3,29.0,27.359478886366407,4.294991116343358,0.16000000000000003,0.5100678973802493,0.4579240296269023,0.4037237609665968
2021-07-09,22700000.0,22.4,29.8,26.098795251762894,5.884287480648809,0.45999999999999996,0.7098369449493582,0.6403324097245515,0.5485470710210936
2021-07-10,19330000.0,22.8,29.6,27.407944432107726,5.857350254135158,1.25,0.6148353669384894,0.555573316390993,0.47472269572718007
2021-07-11,17460000.0,22.6,29.4,28.969849489846023,5.174940515789314,1.4300000000000002,0.5220847987678875,0.468693390231108,0.3932225572699708
2021-07-12,21320000.0,23.5,32.7,30.342834963502508,4.22016548713877,0.18000000000000002,0.6581383807365999,0.591235699142354,0.528843009958153
2021-07-13,23440000.0,23.3,33.6,29.247356528030856,5.088142785911992,0.0,0.758693936063174,0.6848388939953691,0.6220465430415374
2021-07-14,22990000.0,24.5,32.8,30.041257931276803,5.085149760743808,0.05,0.7461563145944174,0.673552774885833,0.5959972260221067
2021-07-15,20510000.0,23.2,32.6,29.035366314755393,3.8580094417885635,0.97,0.6350010032817621,0.5707914591597397,0.5270691661857125
2021-07-16,21860000.0,22.7,32.3,28.400271799253858,4.8427147221209434,0.4,0.686027299542903,0.6179174019901214,0.5580745475748815
2021-07-17,19160000.0,22.3,30.4,27.097683752763576,5.947141009180664,0.35000000000000003,0.6242627591223293,0.5654093328224288,0.4979039754020536
2021-07-18,20070000.0,22.7,31.3,26.933468913555824,5.7615734487532855,0.09000000000000001,0.6715358766371577,0.6093832135359996,0.5522422318252295
2021-07-19,18100000.0,23.9,31.3,27.290372210020564,4.830742621448209,0.020000000000000004,0.6172200766519478,0.5607574902992265,0.5260683184461248
2021-07-20,11870000.0,23.7,30.9,28.278990618852863,4.875637998970962,0.010000000000000002,0.449504177728973,0.4126098876796679,0.40602535333975237
2021-07-21,24940000.0,23.3,34.4,24.85096501142373,9.38313390225535,0.0,1.0574075118196355,0.9784665861687959,0.8997021112625516
2021-07-22,26450000.0,23.6,34.9,25.351461296148397,8.69473811357314,0.0,1.0699331503383704,0.9858367044145318,0.9136282824912516
2021-07-23,26030000.0,24.7,35.4,25.76868080455193,7.521472247645197,0.0,1.0371912878785203,0.9537059700481336,0.9116003784944793
2021-07-24,22270000.0,24.2,34.9,25.82125268637102,8.23680526284106,0.0,0.9606628739030103,0.8896220588743547,0.8551085825903529
2021-07-25,22520000.0,23.7,34.8,24.13500768081846,8.197895935654673,0.0,0.9828641404665065,0.9112629320655674,0.8917572599043272
2021-07-26,25880000.0,22.9,35.6,22.557516004146425,6.716348477403829,0.0,1.044942621739189,0.9626584621736336,0.9344821475055358
2021-07-27,25260000.0,24.8,35.9,24.578760270224933,6.6744461250492595,0.0,1.0047226843388957,0.9234486466554733,0.9241962835301312
2021-07-28,22730000.0,24.7,35.3,26.472903840578066,4.501509852948021,0.13999999999999999,0.8004436177579771,0.7275812908314452,0.7300853420580967
2021-07-29,19600000.0,26.0,35.4,27.290372210020564,5.076170685239258,0.08000000000000002,0.7726364911469317,0.7093424289873431,0.7242233841200107
2021-07-30,24250000.0,25.7,37.5,26.98127489104962,7.383793089908755,0.13999999999999999,1.0417793127853023,0.9627506823360676,0.9680182497517567
2021-07-31,22280000.0,25.7,36.8,26.580648621286116,5.501180259121318,0.0,0.8831464446918442,0.8107919252313185,0.8368289825756203
2021-08-01,11740000.0,24.9,34.3,29.898927244483914,5.013317156707404,1.09,0.5100157096902669,0.4725448947736157,0.50013833352917
2021-08-02,11080000.0,23.5,28.6,30.02624797011429,3.669448856193001,2.85,0.3341994065556627,0.3002956906368308,0.2699434003909072
2021-08-03,12900000.0,23.7,30.6,30.433821525412387,3.364160289038282,0.35000000000000003,0.40140424861636526,0.3613818675894608,0.3369891787328151
2021-08-04,23620000.0,24.4,33.8,27.686331131094875,4.277032965334256,0.010000000000000002,0.7663908095661818,0.6914175607984628,0.6574875574715731
2021-08-05,21560000.0,24.5,34.2,28.875441859422676,3.9807234736840877,0.45999999999999996,0.7054993877233773,0.6368745129029276,0.6109331717465802
2021-08-06,22420000.0,23.4,35.1,27.742303752629763,4.675105312702665,0.010000000000000002,0.7583940979971122,0.6871108345713105,0.6763396325778833
2021-08-07,20230000.0,24.6,34.5,26.466182476221444,4.193228260625117,0.06,0.7098449503751378,0.6453116909216262,0.653582933763823
2021-08-08,10000000.0,21.8,30.4,25.979530964311557,6.653494948871976,0.31000000000000005,0.4467666010600594,0.4161478630755629,0.42288761052588536
2021-08-09,21570000.0,22.9,32.4,25.119379134265287,5.6209012658486595,0.22000000000000003,0.7455996517290109,0.6782721528205202,0.6513955185710608
2021-08-10,19580000.0,21.9,30.9,25.926677625170182,5.145010264107479,0.4,0.6237563813555316,0.5635746355678937,0.5240640299376469
2021-08-11,22300000.0,22.2,32.6,23.95578111573511,4.546405230470774,0.010000000000000002,0.7212193321664183,0.6518223873142197,0.64510217208857
2021-08-12,18140000.0,22.3,32.6,25.73587088672071,5.3515290007121425,0.18000000000000002,0.6426840387593689,0.5861987478891579,0.5814111523961547
2021-08-13,15740000.0,23.3,31.3,23.918845377154696,7.701053757736209,0.1,0.7107380470277465,0.6618150373077747,0.6455026251682102
2021-08-14,12580000.0,20.4,28.2,23.655593096416336,6.58166234483557,0.13999999999999999,0.4682058296970707,0.43060700283274594,0.40856974701759957
2021-08-15,22140000.0,21.3,31.0,21.673014762620966,8.904249875345986,0.06,0.8844389344023084,0.8166054703180017,0.7475830981977298
2021-08-16,18920000.0,21.3,31.0,21.24225730296069,10.200229773169452,0.04000000000000001,0.8897557245708623,0.8317878320471459,0.7637090263659828
2021-08-17,19470000.0,20.8,29.1,21.922577676773955,8.598961308191265,0.15000000000000002,0.744173113989332,0.6854578679980647,0.6109899246260128
2021-08-18,12190000.0,19.8,28.0,22.19769230186744,7.4107303164224065,0.7400000000000001,0.4999317823970246,0.4637038414977591,0.44497111748423357
2021-08-19,16430000.0,19.8,28.8,22.319001594685282,6.240457475662649,0.18000000000000002,0.5633955636270371,0.5142899415776845,0.49062531320272856
2021-08-20,19110000.0,23.1,31.3,22.75699650192713,6.303311004194503,0.63,0.7338862269118869,0.6745609742158045,0.66769105340947
2021-08-21,9290000.0,21.9,27.5,27.036001016752778,12.2444659630388,1.89,0.4174920591934856,0.38957189884812715,0.30502002537899187
2021-08-22,13130000.0,22.3,27.2,25.64419720655463,6.695397301226544,0.16000000000000003,0.4515333693517878,0.41204539555249237,0.36110806837311643
2021-08-23,2820000.0,21.3,24.3,25.28680684953472,9.317287348555311,6.41,0.16095132515675287,0.15270420801701157,0.15730872769463694
2021-08-24,11220000.0,23.1,28.3,29.445939583504266,11.538112023347487,1.9000000000000001,0.4276188090451513,0.39344261004183084,0.2938539820778697
2021-08-25,4150000.0000000005,20.2,25.3,27.159489346392377,4.091465404906878,5.7,0.1091180483024301,0.09699044314417955,0.09949425080190372
2021-08-26,12620000.0,20.1,28.5,25.461705401737305,5.519138410130419,0.0,0.3994790153734765,0.3617606373903462,0.3400915468048577
2021-08-27,6660000.0,18.6,24.0,22.85140235334775,4.217172461970586,3.14,0.2023565692730756,0.18332781481496188,0.17922554060661994
2021-08-28,14330000.0,19.9,26.2,21.453893151977983,3.606595327661147,0.67,0.4120663258604619,0.3700015558516913,0.36336467256013244
2021-08-29,11970000.0,19.2,25.6,22.95801820616184,4.579328507320793,0.53,0.34320504792697515,0.3084100177596179,0.28721741573124826
2021-08-30,7900000.0,21.0,25.2,24.415438714941015,3.118732225247233,0.45,0.23916639179026947,0.2159592830460575,0.21496445050416035
2021-08-31,10320000.0,22.7,27.7,26.858494685181164,6.494864614958248,1.85,0.37747552484409214,0.3462485289055561,0.3165005666725418
2021-09-01,5910000.0,20.4,25.6,24.946538024151753,9.320280373723495,0.6900000000000001,0.26598340013451416,0.24864785720025454,0.2199739504931776
2021-09-02,9460000.0,19.3,24.4,21.68995109449284,8.50917055314576,0.4,0.372411491428398,0.345145707359274,0.30090230619866726
2021-09-03,19670000.0,17.9,26.3,20.41387408664164,8.164972658804656,0.010000000000000002,0.6037751846937206,0.5468606878431903,0.4652343784802791
2021-09-04,15120000.0,19.1,26.1,19.753971561925063,7.847711990977201,0.0,0.5602415774933467,0.5161560631102853,0.47231187916951817
2021-09-05,11110000.0,19.3,25.7,20.58588047566503,9.613596840205481,0.34,0.5057644847413967,0.47342007914592854,0.4201920910842617
2021-09-06,6800000.0,19.1,23.5,20.99948986025616,15.027979369449477,4.88,0.43572490322161334,0.41629614491603173,0.30693929200152914
2021-09-07,6810000.0,20.1,25.4,24.585060891893946,9.847052803323797,0.49000000000000005,0.28591888582511416,0.2660179241075994,0.22666872486438003
2021-09-08,14400000.0,15.7,26.4,20.748287413147633,4.827749596280026,0.05,0.3778978886633926,0.3369205493492691,0.33034838431794206
2021-09-09,19150000.0,19.8,27.5,22.238064482612195,3.2893346598336937,0.010000000000000002,0.48950245263433745,0.4327934671485781,0.4160922191655936
2021-09-10,15620000.0,18.1,26.7,22.209220662489166,4.037590951879575,0.0,0.40460231779652506,0.3591972742531566,0.34321822976338934
2021-09-11,20010000.0,17.5,28.0,22.57505548669465,3.6993791078748366,0.0,0.4828068770769337,0.42433136401269433,0.40130113008680723
2021-09-12,20490000.0,20.6,28.0,23.40694796540301,7.060546371744935,0.0,0.6175402737647262,0.5563002131566168,0.48444287832244964
2021-09-13,15940000.0,20.1,26.8,19.608741020612115,12.666482511752676,0.0,0.7848792986773787,0.7378126913828889,0.6031245689560331
2021-09-14,15600000.0,18.8,25.0,18.91655597318011,15.075867772140414,0.0,0.7663751687455089,0.721377362017985,0.527027096988613
2021-09-15,21760000.0,17.1,26.9,16.767386522027177,13.672138968262342,0.0,0.9392232731571696,0.8763591173352131,0.698203601278012
2021-09-16,18870000.0,18.9,27.4,20.3764158640532,12.56771268120262,3.2700000000000005,0.7689241790214669,0.7134505316226916,0.5735791439841336
2021-09-17,7890000.0,15.3,21.2,18.811605194804986,7.796830563118081,2.7800000000000002,0.2360555466914953,0.2146671132059482,0.1855988832856546
2021-09-18,20540000.0,17.3,26.4,20.285696321391427,5.860343279303341,0.0,0.5324714452560982,0.47327068365146746,0.43370062470935355
2021-09-19,20340000.0,17.5,25.8,19.546786183034694,7.2850232593587,0.0,0.5713563891655518,0.5129163626086732,0.45498775085129195
2021-09-20,19770000.0,20.9,27.8,21.465082812043242,9.107775586782466,1.9100000000000001,0.7067492562365125,0.6476198054987585,0.5682977785441216
2021-09-21,11390000.0,19.1,24.8,22.423442174527228,10.026634313414808,1.1199999999999999,0.3985780911101623,0.3656982594521768,0.29715336907869594
2021-09-22,15240000.0,15.7,25.0,19.36706273778183,8.084160979263702,0.21000000000000002,0.4428183416063942,0.3999492101018299,0.35836919604066403
2021-09-23,18500000.0,13.1,24.7,16.534439945624083,6.5367669673128175,0.0,0.47084587482805684,0.42009920082600904,0.4087125957591877
2021-09-24,16870000.0,18.2,24.7,18.57363127747827,7.739963084922595,0.0,0.5383484406473634,0.49003204355827135,0.44437357341214306
2021-09-25,8780000.0,17.8,23.5,19.474722280954957,9.691415494578253,0.020000000000000004,0.3850552955172039,0.36023391310875946,0.3182230414357151
2021-09-26,13620000.0,16.8,25.1,17.200402913039596,8.796500969291378,0.0,0.5386869626142956,0.4999923245073069,0.4723409545152945
2021-09-27,14450000.0,18.6,25.1,18.791672514471582,9.056894158923345,0.0,0.5507912747980663,0.5091432219652077,0.45993234135235406
2021-09-28,11280000.0,20.3,25.8,21.599757637116493,6.1267225192716745,0.13,0.3947695277852378,0.36165783164434934,0.35694306711182955
2021-09-29,5540000.0,18.0,25.7,23.473432276731582,6.722334527740196,2.0100000000000002,0.20391830821923826,0.18795081945148487,0.19539829249207935
2021-09-30,18270000.0,15.4,26.2,19.572579832269614,5.875308405144259,0.0,0.44789872232323125,0.3961207810455062,0.38401000444809535
2021-10-01,17570000.0,15.6,26.7,20.634485294836953,4.920533376493715,0.12,0.4094943755992026,0.35941517573244514,0.35477622398685094
2021-10-02,17190000.0,15.3,25.8,19.3006779114395,4.812784470439108,0.0,0.40145208161083445,0.3529358890838722,0.3543799443409995
2021-10-03,18270000.0,15.0,30.0,17.50229755530006,5.767559499089652,0.0,0.6545698011143859,0.6013805760712534,0.5673617068395558
2021-10-04,12540000.0,20.1,27.8,23.527951289901093,8.317616942382013,0.0,0.45656109960578173,0.4192664362503784,0.39352942834284443
2021-10-05,16610000.0,17.0,26.9,21.186868262043927,6.542753017649185,0.0,0.4420744138814414,0.3941258621835363,0.3782618266897515
2021-10-06,16059999.999999998,17.5,26.2,20.057805948898967,8.179937784645574,0.020000000000000004,0.49525713377721586,0.4489687096598658,0.41775702191029174
2021-10-07,9140000.0,18.5,25.1,22.174651285136918,4.277032965334256,0.36000000000000004,0.25363106839144967,0.22730825068117572,0.23471340285050876
2021-10-08,4950000.0,19.1,22.5,21.1536955462401,8.3385681185593,0.0,0.234832095472343,0.2208035892148313,0.20747161486713833
2021-10-09,13020000.0,18.6,27.6,21.678658920363475,5.5760058883259065,0.0,0.39542000825027307,0.3571723429528502,0.37326606395974
2021-10-10,14930000.0,12.2,28.1,17.846877499854735,9.577680538187279,0.55,0.6414758762660979,0.5996201248151241,0.48604448029777797
2021-10-11,6020000.0,13.2,18.0,15.52094323162746,9.003019705896042,0.52,0.20856843051981425,0.1930746608981529,0.1680956190339737
2021-10-12,3170000.0,15.3,17.3,15.20371713797638,12.522817303679867,0.30000000000000004,0.28224961817276817,0.2739733673054431,0.22039463303765308
2021-10-13,14670000.0,16.1,23.3,17.441549725636463,8.257756439018344,0.0,0.43684246490341455,0.3960310602240209,0.36702211257676964
2021-10-14,14310000.0,15.0,24.3,17.563230792965413,4.699049514048133,0.15000000000000002,0.3391955330179384,0.2994200660031078,0.32197758516221386
2021-10-15,5210000.0,13.4,20.1,17.108435536571474,5.890273530985177,1.26,0.1542182649816075,0.14049344817626505,0.14884587156219187
2021-10-16,4820000.0,1.0,14.4,5.541812713046697,11.792519162643087,0.0,0.5699740447963947,0.559766101619616,0.3987443915873119
2021-10-17,17310000.0,0.7,9.9,5.016342815940829,6.27637377768085,0.0,0.3129630479643098,0.2788773798744408,0.27860412784080746
2021-10-18,16239999.999999998,6.9,14.7,8.68512571982652,5.2078637926393325,0.27999999999999997,0.2976222636996407,0.26020501863688184,0.2777223012587244
2021-10-19,14000000.0,3.6,15.6,8.3571059420072,6.596627470676489,0.54,0.28951517408987537,0.25825474633467355,0.2791922494544809
2021-10-20,16260000.000000002,2.7,14.0,7.772550678541888,4.315942292520642,0.0,0.23553019643216783,0.20044927667374363,0.2360717999833155
2021-10-21,13350000.0,4.6,15.0,8.257470131498225,4.758910017411804,0.0,0.24762927448603636,0.2176607741324065,0.2537155483795061
2021-10-22,15470000.0,3.5,15.0,8.016482528364422,6.518808816303717,0.0,0.2926686150097631,0.2584504477510222,0.27920576928150875
2021-10-23,15650000.0,3.3,17.0,7.6904381049107196,3.64251162967935,0.0,0.27741846291690947,0.2419610502456901,0.2840435441047239
2021-10-24,15070000.0,4.2,16.2,8.617122122743426,4.217172461970586,0.0,0.23893316126478498,0.20474514096477056,0.2557983192950643
2021-10-25,15250000.0,6.7,16.1,9.063735027255829,4.914547326157347,0.0,0.27343704683246567,0.23776608316600334,0.27635538969708523
2021-10-26,14280000.0,9.2,16.9,10.924089166789368,3.4539510440837877,0.0,0.2281756975663219,0.19342372130166643,0.23271481952879905
2021-10-27,14600000.0,5.9,18.3,8.956700898629373,6.476906463949148,0.0,0.345693490373402,0.3109523157640635,0.34700021049685315
2021-10-28,15000000.0,8.9,17.1,8.871362443391218,7.033609145231282,0.0,0.3836114808933536,0.3471496328573701,0.3698040699404284
2021-10-29,12940000.0,9.0,17.8,9.640908367728787,7.344883762722369,0.0,0.3666037815009706,0.3348582412275147,0.35526628279599354
2021-10-30,8910000.0,5.9,18.0,10.456760089180316,3.3701463393746485,0.0,0.17174686654894072,0.15062209218228445,0.20610816092673256
2021-10-31,13050000.0,8.4,19.0,11.7417065292974,4.163298008943283,0.0,0.22506559172993734,0.19283153237623393,0.24321594916700837
2021-11-01,12330000.0,6.3,17.9,10.91790406290446,5.546075636644072,0.020000000000000004,0.22282502267211224,0.19348538685477362,0.23693038893611926
2021-11-02,12860000.0,5.1,15.9,9.481365444533235,4.917540351325531,0.0,0.20832759211750748,0.17892503351810785,0.22317781423523647
2021-11-03,13650000.0,7.1,16.7,9.467721301001566,4.5194680039571224,0.0,0.23661057995941004,0.20428703037623044,0.258422940769159
2021-11-04,12760000.0,4.4,17.8,10.125137167963791,4.501509852948021,0.0,0.2131561551264869,0.18353263810917725,0.22729094591531904
2021-11-05,12450000.0,7.8,18.9,10.400340556788532,6.285352853185402,0.0,0.28913305433167763,0.2586245153342123,0.31118142024019874
2021-11-06,13180000.0,9.0,19.3,10.755117932339179,7.41372334159059,0.0,0.33875912128944546,0.30587524805196087,0.3441746742403929
2021-11-07,12760000.0,11.8,20.4,11.512960612610465,10.807813882310707,0.53,0.4995153706423829,0.4663359202235946,0.44137795789380546
2021-11-08,3190000.0,5.8,11.7,8.274406575394275,10.88563253668348,1.6600000000000001,0.27051376057047516,0.26355395762604455,0.2153368331043342
2021-11-09,7870000.0,3.0,10.8,7.841567890361778,9.954801709378403,0.26,0.21009800996509323,0.19381794929687113,0.17278350263759518
2021-11-10,6440000.0,2.3,9.5,7.63612266178562,8.275714590027446,0.09000000000000001,0.15310288551922654,0.14018044964624715,0.13516135213681055
2021-11-11,9020000.0,0.5,11.0,6.547370733998154,8.20388198599104,0.03,0.21903994602886784,0.20102483887179146,0.2089827884667618
2021-11-12,10040000.0,1.5,9.5,6.074741160739853,7.338897712386002,0.05,0.2207246485843135,0.2008290302176071,0.20776064388891163
2021-11-13,9830000.0,5.2,13.6,8.02826495420987,6.4918715897900645,0.0,0.23062043473718513,0.2087888898326733,0.23866477609623393
2021-11-14,11220000.0,4.6,16.4,8.94891306503385,7.488548970795177,0.0,0.25390710235978103,0.2282541702069611,0.2713016983808729
2021-11-15,11370000.0,3.4,15.0,8.710432065964648,3.657476755520267,0.0,0.143891344264934,0.1187761629065863,0.18201138957830829
2021-11-16,12080000.0,1.7,14.1,6.664484843959667,3.6933930575384695,0.0,0.1725755550370801,0.14684434071968172,0.21994577867024317
2021-11-17,12070000.0,3.6,12.5,7.8577495121344185,4.1543189334387325,0.0,0.1490252030598283,0.12320473349037644,0.17583959825852938
2021-11-18,10440000.0,8.7,16.0,10.72160114545957,8.967103403877841,0.0,0.2695653699072845,0.24457349835980544,0.24762058228956185
2021-11-19,9270000.0,8.9,17.2,12.50427095931306,5.369487151721244,0.010000000000000002,0.1563115952284886,0.1337520139978614,0.17065934749801248
2021-11-20,9580000.0,5.2,15.4,9.927228135123528,4.8906031248118795,0.0,0.14633352661836516,0.12454345298885383,0.17530565206750576
2021-11-21,4360000.0,5.4,15.8,10.791786858021405,7.536437373486115,0.5599999999999999,0.1433424892728397,0.13334826362756189,0.16300003967074328
2021-11-22,10490000.0,-2.8,7.5,5.074209272297385,9.550743311673628,0.08000000000000002,0.20632579218699337,0.18761917221488614,0.18275435699276005
2021-11-23,7280000.0,-1.6,5.0,5.074209272297385,7.171288302967724,0.010000000000000002,0.14488763938109722,0.13220476774349676,0.13479588176473492
2021-11-24,10750000.0,3.9,11.0,6.852848770594976,9.44299440561902,0.0,0.2759369443062901,0.2533351038536589,0.24267822424770097
2021-11-25,11210000.0,-1.6,13.1,5.860648880599614,7.680102581558925,0.0,0.3096584867267137,0.2872694233973538,0.2657899650548775
2021-11-26,11290000.0,-2.2,9.7,5.126317730545171,5.285682447012104,0.0,0.15575044616740435,0.13461852549206563,0.19367698295558874
2021-11-27,11440000.0,-3.1,8.3,4.316863060546356,4.411719097902515,0.0,0.1423493175787096,0.12176766792697132,0.18559254775863843
2021-11-28,10570000.0,0.6,12.0,4.817633847983866,3.7442744853975887,0.0,0.16608933464706865,0.14461673284713844,0.2318590973265823
2021-11-29,8800000.0,3.5,11.8,7.559755463090236,5.73164319707145,0.54,0.15968390001932348,0.1410739496254343,0.18246486334651005
2021-11-30,1770000.0,-1.4,10.9,6.61662373958978,13.402766703125824,1.72,0.2283638297299894,0.2249394745921866,0.19417639858105332
2021-12-01,9530000.0,-4.9,2.8,3.5055952777867385,8.8473823971505,0.0,0.19397366046717307,0.17902412662218864,0.16445975162162452
2021-12-02,10390000.0,-1.0,6.2,5.839255234233811,7.569360650336133,0.0,0.12307034787149004,0.10437774823149346,0.12064656182982054
2021-12-03,10030000.0,-3.2,7.4,4.0855318267933525,8.302651816541097,0.0,0.2306796439663418,0.21295198444019564,0.22426226507150715
2021-12-04,4820000.0,-3.5,6.6,5.148567098059378,4.2919980911751745,0.0,0.09043540793618529,0.0820839785967184,0.11606260394433114
2021-12-05,10660000.0,-1.4,8.9,4.837185988108058,3.843044315947646,0.0,0.12283992297690045,0.10288719716652753,0.17137184709869305
2021-12-06,9010000.0,-1.3,11.6,6.191852503506017,5.599950089671375,0.0,0.1575597127172196,0.13990242890400417,0.18814176370880148
2021-12-07,10420000.0,-0.4,10.5,6.399194203534083,5.8962595813215435,0.0,0.13430515007768154,0.11394990060126911,0.16799625667776677
2021-12-08,10480000.0,0.2,11.4,6.574994688168339,5.581991938662273,0.0,0.13905682505884848,0.1180930750262608,0.1796980846563894
2021-12-09,6190000.0,2.9,11.4,7.665501343734584,5.142017238939296,0.0,0.12518845146332996,0.11228822439933558,0.15277038551206085
2021-12-10,5790000.0,3.8,14.1,9.25175567725948,5.543082611475887,0.0,0.11950168795866678,0.10679935679890291,0.15334752702670568
2021-12-11,6740000.0,1.8,10.4,8.004715362662141,4.764896067748171,0.0,0.08106066030371868,0.06745234374145452,0.10520187708106174
2021-12-12,8830000.0,-6.0,7.6,3.5123960171289594,9.296336172378028,0.0,0.31157084066137986,0.29669026030397994,0.24467289283661478
2021-12-13,10810000.0,-4.0,1.6,2.9871471171700237,5.303640598021206,0.0,0.13989651152561494,0.12304072332629205,0.15625292142946484
2021-12-14,8260000.0,2.0,7.3,6.6385222450246975,8.868333573327783,0.010000000000000002,0.15284496082986707,0.13691649970800635,0.13685121778368275
2021-12-15,6760000.0,4.3,11.3,8.723109603497123,6.560711168658287,0.06999999999999999,0.11835696090961986,0.10399904283618244,0.13046494137522455
2021-12-16,5880000.0,-2.9,11.0,6.692544864154871,7.072518472417668,0.04000000000000001,0.13176631413840925,0.12064931909541843,0.1470007475027366
2021-12-17,9760000.0,-9.6,-0.5,2.1179309865969382,12.148689157656925,0.0,0.2587257632168866,0.24582127135734333,0.1764938622220465
2021-12-18,10580000.0,-8.3,1.1,3.3026339264368123,7.237134856667764,0.05,0.10892649295603352,0.0940052554522646,0.11305045428077876
2021-12-19,9450000.0,-2.3,5.0,4.4298513165455145,7.590311826513418,0.0,0.16521324586574918,0.1489591645516797,0.16198288919013173
2021-12-20,8590000.0,3.7,11.0,7.349938053211951,10.12241111879668,0.0,0.23525452649194145,0.2172468637117367,0.20931862509078222
2021-12-21,9600000.0,-3.3,11.8,5.90723976404713,7.165302252631357,0.0,0.21769051174942988,0.19941943387403,0.2047778053644934
2021-12-22,10520000.0,-2.4,7.7,4.266722463296255,4.283019015670623,0.0,0.12692192349889087,0.10796217514517625,0.17486469800159737
2021-12-23,10240000.0,-1.5,8.8,4.452200897938433,5.094128836248358,0.0,0.15884724584007387,0.13974523662742752,0.20439729790169534
2021-12-24,6720000.0,-9.5,8.9,3.543144510224802,9.81712255164196,0.0,0.3610942031076875,0.3502358872793658,0.25050956919226414
2021-12-25,10000000.0,-13.1,-6.0,1.5735169981228045,10.9544721155517,0.0,0.17492163781551018,0.16430278848482155,0.1176432565232433
2021-12-26,10510000.0,-11.7,-4.7,1.4314011447696953,6.539759992481001,0.0,0.14090586046227255,0.12895056846588104,0.1320345907105709
2021-12-27,9270000.0,-9.3,0.2,3.5672249681759176,5.324591774198491,0.0,0.05690934242423744,0.044372726466546566,0.07229902135511923
2021-12-28,7510000.0,-1.6,6.2,5.028804727226573,5.608929165175925,0.020000000000000004,0.1250604905414566,0.11169180501164226,0.1423689151642444
2021-12-29,7940000.0,-4.4,7.2,4.816132740815477,10.107445992955762,0.06,0.18580282115277708,0.17212083819663893,0.17346484106316876
2021-12-30,7700000.0,-7.7,1.9,2.698736353611427,8.362512319904766,0.05,0.1939981263480512,0.18280672676226417,0.17259081929622527
2021-12-31,10800000.0,-8.0,-1.1,2.012551949580417,6.602613521012855,0.0,0.16507777894914352,0.15047201278484346,0.1597227448222686
2022-01-01,10200000.0,-7.1,1.3,2.1463126916635273,4.711021614720868,0.0,0.14063795415893482,0.12581298327906107,0.16587169279901107
2022-01-02,8340000.0,-6.4,6.4,3.5158007770410795,6.084820166917106,0.0,0.17761019457170996,0.16397659638568024,0.1892475790385458
2022-01-03,10670000.0,-3.7,3.7,3.5500098720121653,6.051896890067086,0.0,0.15459749886340884,0.137154993750107,0.16594791988525864
2022-01-04,10990000.0,-5.9,3.2,2.5058892591398165,5.384452277562161,0.0,0.16490617865338703,0.14787297265934593,0.18840941459387656
2022-01-05,6160000.0,-5.0,5.2,3.2061687345903347,4.9325054771664485,0.0,0.15602252396855945,0.14591377855472124,0.18201491594473926
2022-01-06,11200000.0,-5.1,4.2,2.8751015590819953,5.522131435298603,0.0,0.16765318757209394,0.14966174835543694,0.19127028592938242
2022-01-07,11260000.0,-4.6,4.6,2.476631637177181,3.561699950138394,0.0,0.13394089869909495,0.11553390642395174,0.18223183689786812
2022-01-08,10950000.0,-2.1,6.1,4.525528815320599,5.034268332884688,0.0,0.13235848128318958,0.11307404289269019,0.15743348179435407
2022-01-09,7170000.0,-4.1,6.1,4.9822134464194665,4.501509852948021,0.0,0.08997252309888806,0.07779877394134241,0.11499549614200447
2022-01-10,8790000.0,-6.2,6.1,4.282927407905469,6.285352853185402,0.05,0.13107680161471041,0.11673528498459385,0.14840825094249438
2022-01-11,10570000.0,-8.6,-1.8,2.294143037279564,11.071200097110857,0.0,0.222045279210759,0.20816515263507074,0.15185977745018703
2022-01-12,11250000.0,-6.9,-0.3,2.310507555164909,6.925860239176677,0.03,0.17927135449854684,0.16340519930786626,0.16502179537166933
2022-01-13,11060000.0,-7.7,-0.7,2.1027874398521034,10.361853132251362,0.0,0.25801669488091006,0.24282411117875657,0.1858341049165898
2022-01-14,11820000.0,-6.4,1.1,1.9006743944246955,3.684413982033919,0.0,0.13353230018738402,0.11616992631321477,0.16580153199756917
2022-01-15,9710000.0,-3.6,6.0,3.947539930282606,5.773545549426019,0.03,0.16572566295138075,0.14911650844340207,0.18171562491007537
2022-01-16,12010000.0,-7.2,2.0,2.8065206926788058,8.108105180609169,0.0,0.19594122958703253,0.17826255416612335,0.17347994165146835
2022-01-17,8189999.999999999,-7.6,1.4,2.830778121827138,9.221510543173439,0.03,0.20444335029775954,0.1926409005391997,0.1643564260350833
2022-01-18,12270000.0,-7.0,0.4,1.7732691878479119,4.283019015670623,0.0,0.15178073853328478,0.13424987528957702,0.17367192960424527
2022-01-19,9250000.0,-8.1,4.7,3.0019155104936535,7.4107303164224065,0.06,0.21410754696174011,0.1999735687718896,0.19393384559272042
2022-01-20,12330000.0,-7.2,2.0,2.1580541367772588,4.6122517841708115,0.0,0.1570848669802317,0.1389351527471085,0.17795806516342644
2022-01-21,12520000.0,-5.5,5.9,2.549072455973666,5.201877742302966,0.0,0.2005140374905987,0.1798893595177867,0.23052211455990954
2022-01-22,5010000.0,-0.2,7.0,4.467624148813176,3.3462021380291804,0.0,0.1349839081133501,0.12571714637563336,0.163482731768876
2022-01-23,8640000.0,-1.4,9.1,5.367541407840652,6.788181081440235,0.0,0.18901538329546458,0.1727890929497765,0.1963574427155242
2022-01-24,11880000.0,1.7,9.5,5.0147870013963916,9.601624739532747,0.06999999999999999,0.34057984137532604,0.316963819221478,0.28758878235341034
2022-01-25,2020000.0,-2.1,5.1,6.293817715788962,5.662803618203228,0.06999999999999999,0.04305367038789892,0.03956008399373187,0.05746240166561041
2022-01-26,9470000.0,-4.5,6.6,4.186510299928881,5.62988034135321,0.0,0.16085683528698266,0.1447480388245455,0.17510671812913853
2022-01-27,12520000.0,-5.2,5.0,3.1842662526085923,5.2108568178075165,0.0,0.178499851720899,0.15811202911387795,0.19269738577623852
2022-01-28,13170000.0,-5.6,3.4,3.041615643873906,5.294661522516655,0.0,0.1710587596697592,0.15044052205278274,0.17651860204782002
2022-01-29,13310000.0,-6.4,2.1,2.493312827807177,5.650831517530495,0.0,0.18834942070494828,0.1683851620313243,0.18564239085259443
2022-01-30,11820000.0,-6.2,3.0,2.273254624770947,5.234801019152985,0.0,0.19798103438680115,0.1798462602783856,0.20437978313061214
2022-01-31,13430000.0,-2.8,5.1,3.5511552463526797,6.518808816303717,0.03,0.22631851786422783,0.20338869615965302,0.2124728386138898
2022-02-01,8830000.0,-3.6,2.9,3.862792250810074,9.06886625959608,0.06,0.21389046612015578,0.19965056665289513,0.16346249394443318
2022-02-02,11360000.0,-5.1,2.2,3.1193541711685757,7.350869813058736,0.0,0.20903498452115885,0.19149941532349246,0.17677357260021495
2022-02-03,13730000.0,-5.4,2.7,2.3594299419356584,6.027952688721619,0.0,0.22794586714650628,0.20666598377087536,0.2149760024785317
2022-02-04,12070000.0,-7.1,2.0,2.6190194101565285,10.41872061044685,0.0,0.2867315763983479,0.26892716694338403,0.20399958004554333
2022-02-05,10900000.0,-6.4,-1.1,2.484959775965217,10.535448592006006,0.0,0.2633917717140597,0.248119435547039,0.1722012239191874
2022-02-06,9640000.0,-6.0,3.3,2.9548837385804196,7.611263002690703,0.0,0.23033789396366866,0.21539702901530142,0.19708583373886976
2022-02-07,8250000.0,-3.9,1.4,2.5058892591398165,4.438656324416168,0.0,0.17799454058012326,0.16515634731690937,0.17986949952614864
2022-02-08,11930000.0,-5.0,6.1,3.126508088276726,5.644845467194127,0.0,0.22266395087814442,0.2027476017017909,0.2251715962826073
2022-02-09,13520000.0,-2.0,7.5,3.1326516159200386,3.7442744853975887,0.0,0.20747361258848893,0.18302159594102843,0.23566702736361292
2022-02-10,14900000.0,-2.9,7.4,3.6768036732314835,5.540089586307704,0.0,0.24027455027140293,0.2137979285187938,0.2397263557375541
2022-02-11,15100000.0,-1.0,8.9,3.8999798731851283,5.165961440284764,0.0,0.2576470597545265,0.22919344397610378,0.26579671706325836
2022-02-12,15200000.0,-0.7,10.2,4.341444108634333,6.659480999208343,0.0,0.30732734588876487,0.2779204543098939,0.295378704796084
2022-02-13,11750000.0,0.1,11.4,5.417307154021948,6.429018061258212,0.0,0.26866111346742116,0.24519354039695024,0.2670488471511147
2022-02-14,13880000.0,-3.5,10.5,4.595603613058791,10.709044051760651,0.010000000000000002,0.44919837842868926,0.4234375761803685,0.2965669224434456
2022-02-15,8420000.0,-6.5,-1.3,2.6506512541219545,11.517160847170205,0.0,0.26374082731002424,0.2520205675820521,0.15980841661020942
2022-02-16,12810000.0,-8.8,-1.7,1.8752083355498534,11.319621186070089,0.0,0.31292461782519204,0.2961414621080043,0.19120169479721905
2022-02-17,16559999.999999998,-7.7,-0.8,1.480595216959199,6.1297155444398586,0.0,0.2524716176947182,0.2297743583609913,0.21253871335496882
2022-02-18,16309999.999999998,-4.7,6.4,1.6798291023869811,3.8011419635930763,0.0,0.2463585605852344,0.21882091623140595,0.273184678926902
2022-02-19,10140000.0,-6.8,4.1,2.8335890168227356,10.52048346616509,0.0,0.3229240867430914,0.3072082806666968,0.23252366234348149
2022-02-20,17050000.0,-5.8,-0.4,2.2319851835670126,8.937173152196005,0.0,0.3065000062767336,0.2819295827866915,0.2087999596358802
2022-02-21,12070000.0,-5.9,4.7,2.8941489798995845,10.39477640910138,0.0,0.3492040396084642,0.32992893793730904,0.25027375115585593
2022-02-22,14770000.0,-7.1,2.2,2.1295340600334494,9.589652638860013,0.03,0.34626222971326276,0.32438343058438596,0.24422352313988221
2022-02-23,16980000.0,-7.4,1.0,1.8449229955939122,6.671453099881076,0.0,0.2780257936205514,0.2536609179183419,0.22515711702417743
2022-02-24,17140000.0,-3.7,5.1,3.103056949549029,7.440660568104241,0.0,0.3193765748607749,0.2906000496553821,0.255285357315776
2022-02-25,16190000.000000002,0.9,10.6,5.324738835197049,9.75726204827829,0.0,0.407296325687666,0.37496100585694914,0.30945731108171026
2022-02-26,15820000.0,-2.8,11.1,5.654987432259836,13.758936698139662,0.12,0.47666661374879,0.4466569795543623,0.2733441532726887
2022-02-27,17930000.0,-2.9,10.5,4.000704246804631,8.575017106845799,0.0,0.459145977720776,0.4255291880278159,0.3350534672689735
2022-02-28,11670000.0,3.2,12.2,4.2599864619194365,4.193228260625117,0.15000000000000002,0.3026675389357709,0.2779524565969727,0.3256731788947468
2022-03-01,11180000.0,-3.7,13.3,6.083963625921374,7.61724905302707,0.010000000000000002,0.3434993333722458,0.32183470687691246,0.260921699822659
2022-03-02,18060000.0,-0.5,9.5,4.57691926656685,9.009005756232408,0.0,0.40762917669032933,0.37297274786111523,0.31037761165322464
2022-03-03,18350000.0,-1.4,12.7,5.1645118039302895,6.423032010921844,0.0,0.40574551120551794,0.36921063074648613,0.32091963704661397
2022-03-04,17080000.0,-0.2,16.5,5.857078465828218,14.501206939849176,0.0,0.9607165239507959,0.9240743806634217,0.4816563987886231
2022-03-05,19210000.0,-3.7,6.5,2.619893517593864,12.115765880806908,0.0,0.5490972564362907,0.5159951289063897,0.35026890149640116
2022-03-06,19510000.0,-3.2,7.0,2.418212613149863,6.794167131776601,0.0,0.3962359403939861,0.36199963334566543,0.33416693799645414
2022-03-07,18030000.0,-2.5,10.5,3.1470282446100084,4.779861193589088,0.0,0.36210542268400336,0.3280738744529954,0.33242367287386426
2022-03-08,18170000.0,1.3,12.2,5.359286573426324,4.001674649861372,0.0,0.30051293907583754,0.26309450123595457,0.29288214456764233
2022-03-09,19370000.0,0.3,15.3,5.59986201414332,3.9058978444794996,0.0,0.38634995969562885,0.3452090021390486,0.33695394642650645
2022-03-10,13120000.0,0.7,16.9,5.634259395255925,4.639189010684463,0.0,0.4393543570758521,0.4106900418164051,0.36925489014758023
2022-03-11,13410000.0,8.0,19.3,10.924089166789368,3.86399549212493,0.020000000000000004,0.29027659237145187,0.25719067068600415,0.2930038960075907
2022-03-12,14460000.0,11.5,22.3,12.810600029472292,10.700064976256101,0.52,0.5659020698269399,0.5276972524176682,0.4716520793590802
2022-03-13,5090000.0,10.8,16.8,14.250712914147032,6.722334527740196,0.65,0.15132418574019518,0.138723355145047,0.13210219475363597
2022-03-14,8119999.999999999,0.1,18.5,9.486827951417064,10.64020447289243,0.58,0.3665221413079008,0.34853708364184993,0.29330811985419275
2022-03-15,19730000.0,1.8,15.8,7.417832416580709,4.408726072734332,0.0,0.36741873861440244,0.324313026718908,0.31388848417252524
2022-03-16,19540000.0,8.0,18.7,8.07317764436489,5.5281174856349695,0.06999999999999999,0.47273963484181386,0.4248571567686835,0.44775212895292726
2022-03-17,3550000.0,4.7,11.3,8.99051726218728,15.644542554095285,0.8800000000000001,0.24311900720466664,0.23553558406036293,0.15625209051007002
2022-03-18,5500000.0,2.2,9.3,6.740890684987185,12.361193944597956,1.17,0.3032027236525726,0.29221790221533095,0.20361365532542255
2022-03-19,10870000.0,-1.6,8.0,6.244539551741691,7.108434774435871,0.26,0.1962043702718595,0.1762359364062671,0.15130846299259704
2022-03-20,14390000.0,-1.6,10.6,5.501157946769828,6.809132257617518,0.0,0.3076186487840506,0.2800048054367422,0.2559270076656698
2022-03-21,17090000.0,-0.1,11.4,4.211764920272719,5.420368579580363,0.0,0.3740775600174238,0.3400513416498569,0.3425028615915847
2022-03-22,20440000.0,1.5,11.8,5.236805265610996,5.62988034135321,0.0,0.395912793604869,0.3539460919159036,0.33726213391713855
2022-03-23,12170000.0,1.0,10.6,5.249750798175327,6.755257804590215,0.010000000000000002,0.34096262249175313,0.31661826773062796,0.2908549457764631
2022-03-24,19860000.0,4.0,16.0,7.6904381049107196,6.0818271417489225,0.0,0.4198603588019466,0.3750414896438411,0.36191573242056896
2022-03-25,13970000.0,10.2,21.1,11.600722434170308,10.604288170874229,4.510000000000001,0.5669051989899268,0.5309130962467148,0.46257931479129494
2022-03-26,7360000.0,2.3,14.4,9.275833065002521,10.296006578551324,0.1,0.22927741155813589,0.21339822524681962,0.19194226387123597
2022-03-27,21290000.0,1.3,15.1,5.23518906262489,8.754598616936809,0.0,0.6665933564138509,0.6208545450777385,0.4614859534326687
2022-03-28,21380000.0,-0.2,13.6,5.33294655822819,4.546405230470774,0.0,0.4191934328879691,0.3752305991659177,0.34577780276165393
2022-03-29,22220000.0,3.1,16.6,7.295584807302533,4.603272708666261,0.0,0.4491379936606433,0.39919160991735814,0.375373760355645
2022-03-30,12290000.0,8.8,18.8,12.072041554280087,6.68342520055381,0.12,0.3367445827461307,0.3063193945311265,0.29140717194584675
2022-03-31,11510000.0,3.3,15.1,8.504825815603876,6.982727717372163,0.05,0.3058114093654796,0.2803869821504767,0.2680988032064947
2022-04-01,19240000.0,0.3,14.1,5.7596429476959115,5.06120555939834,0.0,0.4249438762475629,0.38478763605440036,0.34568596163747206
2022-04-02,23050000.0,-0.7,13.6,5.346102208081583,4.7050355643845005,0.0,0.4514296943359214,0.40438984808161144,0.35382223995674317
2022-04-03,23030000.0,3.2,15.8,5.6084438945108035,4.2919980911751745,0.0,0.46858067283122473,0.41729509609326937,0.419377638498974
2022-04-04,23250000.0,0.4,17.4,5.634259395255925,4.262067839493339,0.0,0.5436336050218614,0.49269699996643235,0.43024925014296345
2022-04-05,19280000.0,3.0,16.8,5.217439949926947,6.761243854926581,0.0,0.6336903197143617,0.5902950800938866,0.49654032411868687
2022-04-06,22350000.0,6.4,20.0,6.012355552162819,5.007331106371037,0.020000000000000004,0.6301784606756529,0.5755983986690258,0.5524487618842151
2022-04-07,22460000.0,2.3,18.5,5.454061120504305,7.841725940640834,0.0,0.859806863919841,0.8085879040910772,0.5623400056056658
2022-04-08,23240000.0,12.0,22.2,5.591291754424766,7.730984009418044,0.0,0.861930257754663,0.8002876855372831,0.799951170222531
2022-04-09,22710000.0,10.6,25.8,7.697251454173199,10.744960353778854,0.0,1.37030629284809,1.3088002266136847,0.9067074271476969
2022-04-10,22720000.0,11.7,26.9,8.977497672335621,5.926189833003379,0.0,0.9177870289643211,0.8550202844331055,0.750029378290887
2022-04-11,21720000.0,14.2,27.9,14.486880171189886,6.9976928432130805,0.0,0.7996715471794418,0.737864060380639,0.6662775734940912
2022-04-12,21220000.0,14.9,27.2,16.225342799988603,7.856691066481752,0.11000000000000001,0.7099680841782462,0.6495834216611837,0.6043805425906787
2022-04-13,6810000.0,8.3,20.5,11.840957965642705,14.225848624376292,2.2800000000000002,0.5050513518135756,0.4879668555738711,0.3899566019535349
2022-04-14,11730000.0,4.7,16.2,8.452864016325305,10.484567164146886,0.03,0.4585164372014214,0.43173208340773533,0.35449905035921636
2022-04-15,23850000.0,4.1,19.0,7.573182834537907,6.7193415025720125,0.0,0.6871113272099068,0.6311165388342542,0.4930425836272271
2022-04-16,24320000.0,2.8,19.3,5.928853512301579,6.045910839730719,0.0,0.7636270824149725,0.7072370489698933,0.5467923201650798
2022-04-17,24290000.0,7.9,21.4,6.459272813479223,5.153989339612029,0.0,0.7060132576640169,0.6447437554822947,0.6130218924472225
2022-04-18,18830000.0,6.7,22.1,5.40233473030798,5.501180259121319,0.0,0.797961035644893,0.7507215254843003,0.6398939765573756
2022-04-19,24310000.0,5.3,23.8,6.03064517916838,6.2165132743171805,0.0,0.9355358381421522,0.8743486969766128,0.7130851649620675
2022-04-20,24920000.0,7.7,23.1,5.9759233883635,6.671453099881076,0.0,0.9903061483170059,0.9264360042958802,0.7369554455466301
2022-04-21,19030000.0,11.5,21.3,8.144543834057309,9.071859284764264,0.0,0.7996786028713505,0.749895115773643,0.6756752887770434
2022-04-22,23100000.0,12.1,25.8,13.108973634534525,11.723679583774866,0.0,1.0194047850893564,0.9559832771022304,0.6982932993549904
2022-04-23,17500000.0,10.9,27.1,10.749017119776989,5.558047737316806,0.0,0.7983100300410332,0.7502205050798688,0.6463914567307206
2022-04-24,23610000.0,14.3,27.4,14.726477235179422,6.3122900796990535,0.0,0.7646352022573921,0.6976685100616783,0.6452293471549616
2022-04-25,14950000.0,16.6,29.4,13.856981587022549,6.294331928689953,1.94,0.7240102729184119,0.6801580957835249,0.709716550745164
2022-04-26,10520000.0,10.5,24.6,12.807041869693439,6.2494365511672,0.11000000000000001,0.5136132123117869,0.4854670631381891,0.45885455875774356
2022-04-27,25230000.0,9.7,23.1,9.533371338781757,4.648168086189014,0.0,0.6744847790218923,0.6084817638103758,0.5771843053950503
2022-04-28,21930000.0,10.4,26.8,11.126791314925551,9.53577818583271,1.16,1.146540819760107,1.0867101811033506,0.7655499659354625
2022-04-29,12790000.0,7.9,15.6,9.150701766036088,7.955460897031809,0.06,0.4344774716562852,0.40430114976327997,0.34108042582696746
2022-04-30,14570000.0,5.0,17.1,10.116460715750124,6.89592998749484,0.020000000000000004,0.3616320501635474,0.32784904081754396,0.2929543745069478
2022-05-01,26160000.0,7.1,18.6,7.2912519196676,9.954801709378403,0.0,0.8156764064156967,0.7523088383574958,0.5977529223233031
2022-05-02,22380000.0,4.7,19.2,6.9831074840822716,7.0006858683812645,0.04000000000000001,0.7394503651686944,0.6863894840995847,0.5372292972182341
2022-05-03,26400000.0,8.0,20.4,6.666485678034956,7.3179465362087175,0.0,0.8038778966838768,0.7379375762070527,0.6602393328397866
2022-05-04,26030000.0,8.3,25.6,8.642253692679859,7.0904766234267695,0.0,1.0461899553132095,0.9773486472423478,0.7552235059021741
2022-05-05,26370000.0,10.1,26.3,11.11422243594282,4.761903042579988,0.0,0.8238723824327433,0.7524538458144578,0.6438700582153994
2022-05-06,23820000.0,12.0,27.4,13.240276177639895,5.581991938662273,0.0,0.8231612325017231,0.7568948617135052,0.6456569394373634
2022-05-07,20060000.0,12.0,24.3,8.702833344072198,10.245125150692205,0.010000000000000002,0.978338839085857,0.9240601076721509,0.806981982595623
2022-05-08,16860000.0,12.1,24.0,9.068984922746697,9.125733737791565,0.16000000000000003,0.8235506549538482,0.7780152179527986,0.7357977525511137
2022-05-09,22610000.0,11.3,24.0,7.786311072730649,8.970096429046022,0.0,0.9863965600108345,0.925788711266741,0.8084193629691534
2022-05-10,25850000.0,15.9,25.5,7.321629910561754,6.075841091412555,0.0,0.8953869637044646,0.8222476173244921,0.8630491209399512
2022-05-11,20750000.0,15.3,26.1,10.99543984018898,4.812784470439108,0.0,0.6798730156713764,0.6211634823102765,0.6642077622411501
2022-05-12,14840000.0,16.9,28.1,12.570615101536243,4.417705148238882,0.03,0.5888607026975456,0.545657194233392,0.6230156735420279
2022-05-13,10440000.0,9.8,24.0,10.908632186324397,6.090806217253472,0.1,0.5647779767486522,0.5371944156315845,0.5006970953282245
2022-05-14,24630000.0,9.6,21.6,6.551310723033045,9.275384996200742,0.0,0.935436408614583,0.8720457863917392,0.7681706769653271
2022-05-15,27420000.0,8.5,21.5,5.4223061162356885,6.746278729085665,0.0,0.903221405608335,0.833535021074086,0.7467477965614921
2022-05-16,26760000.0,11.1,24.1,7.63612266178562,9.445987430787204,0.0,1.1107270732525552,1.0390628586973736,0.8525683557944127
2022-05-17,25120000.0,16.7,27.2,9.808437203543564,10.846723209497092,0.0,1.2103205543041162,1.1378059475219744,1.0202224856008186
2022-05-18,23090000.0,16.9,28.6,8.197232196217529,13.681118043766892,0.0,1.499088477117917,1.4316122354061085,1.233029478867143
2022-05-19,20380000.0,13.3,26.8,7.470775464503865,9.284364071705292,0.0,1.1946607592537979,1.1376230182804332,0.9638518838599495
2022-05-20,22620000.0,12.7,27.6,13.07270440160301,5.561040762484989,0.0,0.8194117835201485,0.7559973764323368,0.6613406515556003
2022-05-21,25010000.0,14.7,27.8,15.112957213264155,8.901256850177802,0.0,0.9487448040256306,0.8773444353387461,0.7324681206633319
2022-05-22,26540000.0,14.8,28.0,15.775473084117797,9.655499192560052,0.0,1.001654978871813,0.9257039960257603,0.7405821040078278
2022-05-23,23950000.0,13.8,31.3,14.38412238993917,6.408066885080926,0.0,1.0401443328717657,0.970366011812551,0.8148091242238079
2022-05-24,27060000.0,15.7,32.4,11.474143222144496,5.405403453739445,0.0,1.1579934235440446,1.0774011848912035,0.9396474708703326
2022-05-25,25730000.0,13.1,30.6,13.81509670353525,9.113761637118833,0.4,1.2799935923809964,1.2058341183748063,0.8973326583200223
2022-05-26,27370000.0,14.8,26.5,10.87161394731649,11.226837405856402,0.0,1.1636372517294884,1.0862612566817522,0.9239054131861115
2022-05-27,27040000.0,15.5,27.0,12.570615101536243,11.852379666006758,0.0,1.1570948597031976,1.0798990992356505,0.894180521071695
2022-05-28,23550000.0,14.4,30.1,11.867549324768538,8.53311475449123,0.0,1.301258157486809,1.232959027192458,0.9387566810061443
2022-05-29,25320000.0,19.2,32.2,14.060358040746396,4.809791445270924,0.010000000000000002,0.9162640322385188,0.8391391339529509,0.8603965530029676
2022-05-30,12710000.0,12.9,27.4,15.908409516117905,6.605606546181038,0.21000000000000002,0.5965125235934662,0.5608804672678213,0.5081644473939557
2022-05-31,27560000.0,14.9,29.0,8.84564423081917,6.255422601503567,0.0,1.1132233123393807,1.0336650892933685,0.9411345217192398
2022-06-01,27730000.0,14.2,31.8,10.597483558134448,7.168295277799541,0.0,1.3513073878266484,1.2699681990674234,1.0301661290404236
2022-06-02,26550000.0,17.6,29.5,16.51663913163623,6.3990878095763755,0.010000000000000002,0.8708740612677671,0.7923649935127953,0.7642793800154577
2022-06-03,25890000.0,18.0,34.1,15.762660147996096,6.048903864898903,0.0,1.193896654914653,1.1146757880248916,0.9463622479923661
2022-06-04,18370000.0,18.6,33.0,13.712759522101267,8.70371718907769,0.04000000000000001,1.2561490733994831,1.2001206870232934,1.0386182134818465
2022-06-05,6620000.0,15.1,21.5,17.813579812050012,9.532785160664526,1.5,0.30220717402081126,0.28424494530261757,0.2419544862957621
2022-06-06,17440000.0,14.1,22.4,15.453680294342437,8.117084256113717,0.17,0.5601338566871353,0.5128570151170541,0.42580338747426716
2022-06-07,11350000.0,15.1,22.3,16.547801596716486,6.467927388444597,1.2400000000000002,0.3982353280333931,0.3672134551366077,0.3370623307298845
2022-06-08,21640000.0,15.9,24.5,16.699896844561955,4.001674649861372,0.13,0.5655988758273416,0.5048805291988936,0.4703034929706155
2022-06-09,20480000.0,15.0,25.9,18.52438674894592,3.9328350709931517,0.6200000000000001,0.5230224248615305,0.4653169684661357,0.4344829130193498
2022-06-10,22850000.0,18.1,30.1,19.474722280954957,4.438656324416168,0.67,0.6892050990586763,0.6211032823632118,0.6156466329693575
2022-06-11,21780000.0,16.6,30.3,18.717089670619092,7.374814014404206,1.27,0.8533722065337928,0.789061622664659,0.6877925613668469
2022-06-12,21030000.0,17.9,29.7,17.74714776344521,6.764236880094765,0.010000000000000002,0.7726063989149126,0.710195757891612,0.6984939826469292
2022-06-13,20300000.0,17.0,27.6,14.94100806380935,13.968448459912508,0.010000000000000002,1.1127047414656914,1.0537859267692096,0.8412818473787557
2022-06-14,14850000.0,15.7,22.6,15.567335408218403,11.72667260894305,0.87,0.6672478914469993,0.6263315098946222,0.48074324361448006
2022-06-15,17410000.0,16.9,24.8,19.759175742276554,11.295676984724622,0.9199999999999999,0.6131349949911086,0.563753795875167,0.41821204650916216
2022-06-16,24240000.0,16.0,26.0,17.209623447347063,7.204211579817744,0.03,0.7353687708190542,0.6664463548867934,0.5755117947041335
2022-06-17,20030000.0,20.2,29.6,22.627745529082212,5.725657146735083,0.33,0.6593464931952527,0.5989835074010106,0.5569354623937833
2022-06-18,23000000.0,20.3,30.6,22.440890437758622,6.973748641867613,0.0,0.7928112138904421,0.7229836418394917,0.6588178620452829
2022-06-19,17750000.0,19.7,28.9,23.594735973360113,5.402410428571262,0.0,0.559213860704433,0.5061630517344995,0.46441990180136783
2022-06-20,22800000.0,19.8,32.7,23.358699217270903,4.208193386466036,0.010000000000000002,0.7274999869689509,0.657554860750655,0.6278474372113851
2022-06-21,25060000.0,20.4,34.9,22.863227134892878,4.8427147221209434,0.0,0.9244646801777137,0.8462436731009044,0.7721054645741575
2022-06-22,25550000.0,21.3,34.0,23.73491250636006,5.564033787653172,0.06999999999999999,0.8931070856742233,0.8133566175651857,0.7679315394138116
2022-06-23,13760000.0,22.4,32.2,27.819427409468688,15.860040366204496,1.97,0.8143950046811032,0.7716262236298447,0.618513018675552
2022-06-24,22230000.0,22.1,28.5,25.029627638841223,13.405759728294004,0.020000000000000004,0.8803275118394496,0.8129722640687232,0.5730857438842382
2022-06-25,21900000.0,23.1,31.7,26.641423215403673,9.45197348112357,0.08000000000000002,0.8604030132117391,0.7922508566080104,0.6685847965605785
2022-06-26,15570000.0,24.7,30.5,28.271870532647217,8.500191477641211,0.6000000000000001,0.6532421944597667,0.6046718922767906,0.5252708134945372
2022-06-27,9900000.0,25.6,29.4,27.93194140756737,14.270744001899045,0.54,0.6935536160958955,0.6627078710925772,0.5319494003737806
2022-06-28,19430000.0,25.6,32.5,26.967608484806185,18.787218980687985,0.12,1.2855882871090414,1.2239491922878651,0.8885618404664362
2022-06-29,11060000.0,23.9,28.5,29.45331705063257,13.666152917925972,0.6000000000000001,0.5096684765799624,0.4757606504519072,0.345266763417429
2022-06-30,15960000.0,22.6,29.8,28.073142418696083,7.126392925444971,0.44000000000000006,0.5530747501524805,0.5041444694107301,0.42978926562248604
2022-07-01,23080000.0,22.2,32.7,28.030716834316834,4.546405230470774,0.25,0.7113500461512783,0.6394823221554423,0.5823369419209048
2022-07-02,24800000.0,23.0,34.4,27.359478886366407,3.193557854451821,0.020000000000000004,0.7530190381213595,0.6746547645498405,0.644784558853727
2022-07-03,23500000.0,23.8,33.6,27.484256037947237,4.202207336129669,0.15000000000000002,0.7600774954648815,0.6858210265563859,0.6479874916300036
2022-07-04,19360000.0,24.3,33.5,29.254690561516206,3.432999867906503,0.19,0.6265658224304869,0.565252280572318,0.5396273481598616
2022-07-05,16360000.0,23.6,31.7,29.898927244483914,3.121725250415416,0.9199999999999999,0.5036884046791607,0.4526231342970138,0.421577371660048
2022-07-06,20350000.0,25.7,34.3,28.759616539113917,5.082156735575625,0.03,0.7539726042793309,0.688739504721261,0.6653792307369276
2022-07-07,21780000.0,24.8,35.6,29.357535668987726,11.729665634111232,0.34,1.0583448606274777,0.9883787814398662,0.868571191845159
2022-07-08,24560000.0,21.8,31.9,26.899367091740142,7.171288302967724,0.05,0.809690353743094,0.7337741930633082,0.6300235190994891
2022-07-09,17810000.0,22.7,31.2,26.654945150301483,4.040583977047758,0.03,0.5733102630270424,0.5181904054180817,0.4930012054217654
2022-07-10,22600000.0,23.7,34.4,28.257635054719184,4.953456653343733,4.58,0.770720778641673,0.6990252797760743,0.6656216345471657
2022-07-11,15480000.0,23.2,30.0,29.262026199800292,3.8191001146021772,0.27999999999999997,0.47094011057975627,0.423239931767462,0.380708201699988
2022-07-12,12130000.0,23.3,28.7,29.203386011313082,4.025618851206841,0.33,0.3767944537410747,0.33970179706575204,0.30527862539525724
2022-07-13,4770000.0,24.3,26.4,29.379614906768285,9.637541041550948,2.19,0.23478612980284744,0.22032373968924696,0.19293890930221133
2022-07-14,17400000.0,21.8,29.5,27.519004415968265,7.569360650336133,0.1,0.5760432027739698,0.523077452691761,0.4318740965449795
2022-07-15,25830000.0,20.5,30.6,24.553571894531185,4.8906031248118795,0.010000000000000002,0.7484472141436102,0.6699239695464911,0.5970365984726508
2022-07-16,21520000.0,21.6,28.9,25.293265803904646,6.9917067928767125,0.17,0.6854031584460183,0.6202427424462174,0.5154681902392448
2022-07-17,19980000.0,22.5,29.5,25.953092540884406,6.680432175385626,0.52,0.667339967456091,0.606242582429467,0.5214090430391515
2022-07-18,5430000.0,21.1,24.5,25.82125268637102,5.635866391689578,3.58,0.18386053125664314,0.16798044399820516,0.15372650918841493
2022-07-19,21260000.0,22.8,29.0,27.714305104848663,6.192569072971713,0.2,0.6435756363124379,0.5786482938761704,0.46858608894684595
2022-07-20,23240000.0,22.2,31.1,26.988110361959976,4.866658923466411,2.7300000000000004,0.7012737674345831,0.629616901088427,0.557706322423879
2022-07-21,10830000.0,21.0,27.3,25.50071497354098,10.005683137237524,0.44000000000000006,0.4443041732642895,0.41200381766634697,0.33859721853431657
2022-07-22,24010000.0,20.2,29.1,24.284218456459094,5.0282822825483215,0.05,0.678664545292236,0.6065545062572384,0.5267948477272144
2022-07-23,13500000.0,22.3,28.5,25.689998320163273,5.671782693707779,1.4900000000000002,0.4760077109126425,0.4350491674153626,0.40159411970715386
2022-07-24,15420000.0,22.7,28.7,28.45750222430451,5.800482775939671,0.30000000000000004,0.47896818238044137,0.4319987538036855,0.36238840323365673
2022-07-25,24560000.0,21.9,31.6,27.07025404808565,5.148003289275662,0.010000000000000002,0.7396405993202241,0.6638189174634216,0.585770004074217
2022-07-26,23180000.0,24.2,32.1,29.137538400347236,4.872644973802778,0.05,0.731197161975327,0.6584151834126719,0.582560153009853
2022-07-27,22840000.0,22.5,32.5,25.939882145667273,7.464604769449711,0.0,0.8284570032664691,0.7572936885315407,0.68566490923811
2022-07-28,24130000.0,24.5,33.4,28.969849489846023,6.8121252827857015,0.020000000000000004,0.8528533690287571,0.7763900611203006,0.6886769216042247
2022-07-29,23270000.0,24.7,33.5,29.431189486488943,7.614256027858886,0.21000000000000002,0.8592211939245532,0.7853588950750686,0.6894268071531269
2022-07-30,18900000.0,25.3,31.8,29.623444532439034,11.253774632370051,1.1900000000000002,0.8304413117345829,0.770822452779801,0.622633215981091
2022-07-31,9120000.0,25.2,29.0,31.224628920279795,7.515486197308831,2.23,0.36673354782143,0.3384560011010156,0.2935520277784515
2022-08-01,18560000.0,25.6,32.0,31.49739896360233,11.166976902492731,1.09,0.777075262730485,0.7183617758854154,0.565917661869571
2022-08-02,20780000.0,24.1,30.5,31.015616162839866,11.577021350533874,0.87,0.7317293389090549,0.667141019850541,0.47106992812431925
2022-08-03,23000000.0,25.4,31.7,31.819570394602668,7.946481821527258,0.17,0.7794392310947513,0.7068871805148579,0.556825644909011
2022-08-04,19890000.0,25.0,31.2,32.16054089516065,6.710362427067462,0.49000000000000005,0.6448614136079948,0.5824461069987287,0.4682785897676016
2022-08-05,20810000.0,26.1,31.7,32.86828516369721,8.557058955836697,0.13999999999999999,0.7373202016830048,0.6714144782290538,0.5241777991425497
2022-08-06,21720000.0,25.6,32.4,32.90890233513189,5.255752195330269,0.04000000000000001,0.6910199108069418,0.6221547264766188,0.5231590855658577
2022-08-07,17410000.0,26.8,33.0,32.69008829781007,10.050578514760275,0.09000000000000001,0.763641281942366,0.7078924141105528,0.5929165935182669
2022-08-08,15270000.0,26.0,31.4,31.279017515358202,14.80948853217208,0.18000000000000002,0.788157835847789,0.7399069303059708,0.5539464941144567
2022-08-09,8490000.0,24.5,29.8,30.85389534199663,14.582018619390132,1.94,0.4846008589467484,0.4582605477127625,0.35530747749527736
2022-08-10,5540000.0,25.1,27.5,31.154821929723678,11.25976068270642,4.28,0.2766619439574368,0.2596556564281688,0.20837602035669947
2022-08-11,4280000.0,23.2,26.1,30.169107128197147,9.571694487850912,4.58,0.14062661093638146,0.12777234325334152,0.10174498748289706
2022-08-12,25590000.0,22.6,31.5,28.464663100563968,3.6634628058566343,0.0,0.7109887756771622,0.6316929676214909,0.5551544671671838
2022-08-13,11280000.0,24.6,30.0,30.509825372744036,6.252429576335383,2.0,0.4203300969197138,0.38526964268583325,0.3485328246025029
2022-08-14,13590000.0,25.9,29.8,32.073014064356634,10.29301355338314,0.66,0.5412053513897375,0.4986850555525731,0.3851463753179993
2022-08-15,16230000.0,25.0,31.3,30.669972571038343,16.213217336050153,3.41,0.8141773888699081,0.7632174444319492,0.5477354861985196
2022-08-16,16920000.0,22.4,29.2,27.77032709280512,5.956120084685214,0.19,0.5250716105067291,0.4734657151618661,0.40561604089979353
2022-08-17,17690000.0,19.0,29.5,25.228741085636965,3.9058978444794996,0.4,0.4805520734008958,0.42771761516002443,0.3991899271370023
2022-08-18,23260000.0,21.0,29.8,24.667097529556546,4.2500957388206055,0.0,0.6489947534843421,0.5784247000216214,0.5260377322103295
2022-08-19,13430000.0,25.0,29.4,31.240160096350902,12.816133770161851,0.47000000000000003,0.5551868313056156,0.5134946207504935,0.37110535873487915
2022-08-20,19850000.0,23.4,31.0,28.665807249397442,6.659480999208343,0.06,0.6543354367291816,0.5927129215006502,0.5113479932489838
2022-08-21,21800000.0,22.3,31.1,27.735301776490164,4.690070438543582,0.0,0.6399314920944631,0.5726725268587459,0.5113642558441753
2022-08-22,19950000.0,24.0,30.4,28.307486618726898,6.282359828017218,0.020000000000000004,0.6521803817640918,0.5902474256527972,0.5104909380557248
2022-08-23,6670000.0,22.8,26.4,27.16636422734622,6.650501923703791,4.94,0.26834754004619643,0.24832910673170758,0.22924284131083245
2022-08-24,11450000.0,19.7,25.6,22.33058504985874,8.437337949109354,0.09000000000000001,0.436344525032867,0.40293440978126005,0.34940903395168454
2022-08-25,15200000.0,16.0,27.1,20.688608447951644,4.717007665057235,0.06,0.4201841220799323,0.37658129719328004,0.3706777354490095
2022-08-26,18800000.0,18.9,26.7,21.673014762620966,4.630209935179912,0.010000000000000002,0.5117119396819292,0.4567311587503206,0.41909437878460026
2022-08-27,24450000.0,15.0,23.8,15.596921020355861,6.874978811317556,0.0,0.6569154888286001,0.5892506850085785,0.5136054597096141
2022-08-28,22990000.0,18.6,26.7,17.596117962421264,6.848041584803904,0.08000000000000002,0.726161966495838,0.6590791237330045,0.6088249525033506
2022-08-29,5190000.0,18.8,22.1,20.742855832643865,6.889943937158474,0.63,0.22909266081369636,0.21446906126818374,0.20223860262651255
2022-08-30,3650000.0,18.8,22.2,23.17854008404637,7.614256027858886,4.59,0.11389809496690298,0.10360509058605416,0.09828232106424241
2022-08-31,9830000.0,17.2,24.2,22.19769230186744,4.866658923466411,0.1,0.2586807115624924,0.23086795431239066,0.2103518077185435
2022-09-01,17040000.0,17.8,26.6,21.004980216526015,6.569690244162837,0.0,0.5089255575514677,0.4595446141526887,0.41614835167374126
2022-09-02,17800000.0,20.2,25.9,21.55478410734965,13.974434510248877,0.04000000000000001,0.7412734388634572,0.6890227126836864,0.4950776880216325
2022-09-03,14710000.0,20.5,25.8,22.35956669905438,15.476933144677007,0.55,0.6848399615095823,0.6415957986459901,0.4480643356113358
2022-09-04,7870000.0,22.6,29.3,27.847518748521388,7.1383650261177065,1.6500000000000001,0.3493984010273706,0.32534808353175,0.320359410711691
2022-09-05,4090000.0,18.0,25.9,24.667097529556546,14.42937433581277,8.590000000000002,0.20062423607416968,0.1888175186482557,0.17020769682760983
2022-09-06,18310000.0,15.4,25.7,18.129704179122008,8.65283576121857,0.05,0.5775906306746195,0.5259134064065172,0.46460866083391555
2022-09-07,23070000.0,16.0,26.5,17.0443151935019,4.8906031248118795,0.0,0.5963320824934604,0.5304701670353867,0.5208336366998039
2022-09-08,23040000.0,16.5,27.6,18.75186265970236,5.303640598021206,0.0,0.6095061692524968,0.5428923658383505,0.5241073786124602
2022-09-09,21600000.0,18.6,26.9,18.727019040637604,8.583996182350349,0.0,0.7270301764771296,0.6639081833643075,0.5879335239257564
2022-09-10,15850000.0,18.3,25.2,18.153852097678904,8.072188878590966,0.0,0.5789013489120307,0.5332898872013899,0.4866206644207054
2022-09-11,17820000.0,20.0,27.5,22.35956669905438,5.929182858171562,0.17,0.5356927940615632,0.48284635815794763,0.44653101180438226
2022-09-12,5910000.0,20.1,24.2,23.31053745921799,4.74693791673907,0.17,0.20967275078877842,0.19255912492493202,0.19382979349167717
2022-09-13,10700000.0,21.2,27.1,19.022019364651253,12.2624241140479,0.1,0.7597372892165701,0.7278246571853619,0.641602500262965
2022-09-14,17200000.0,20.8,27.6,19.994610095389085,17.413420428491744,0.0,1.0266588012920987,0.9753238756176801,0.7062095314764482
2022-09-15,20340000.0,20.7,29.4,22.33058504985874,14.013343837435261,0.0,0.909824793794396,0.8484027643894241,0.6695681148770862
2022-09-16,18910000.0,21.0,31.6,26.5132633451751,5.626887316185026,0.17,0.578644455867199,0.5205959184703652,0.49757414929872235
2022-09-17,18930000.0,23.0,30.2,27.24208827344316,4.462600525761634,0.12,0.549183831977584,0.4908527993602241,0.4541047070943448
2022-09-18,15990000.0,23.5,31.6,25.82125268637102,11.630895803561176,0.0,0.7988365359031457,0.7489859919641699,0.6649989777454572
2022-09-19,18120000.0,14.5,28.3,17.98540696411211,10.044592464423909,0.0,0.7443502804630562,0.6924952763496244,0.5753479864888489
2022-09-20,18120000.0,12.4,22.8,13.618597291887447,6.497857640126432,0.0,0.49570687401890484,0.4471808812035129,0.43946839511993063
2022-09-21,21250000.0,13.4,22.8,12.993222368436426,7.89859341883632,0.0,0.6209636165941422,0.5635182856770127,0.5224051408969553
2022-09-22,17100000.0,12.8,22.8,14.266351535173078,4.477565651602553,0.0,0.40986932248429964,0.3639013738636324,0.37932847314585755
2022-09-23,17210000.0,11.5,23.5,13.306359776016002,7.89859341883632,0.010000000000000002,0.5294668689663641,0.4834655586427237,0.47494083509337426
2022-09-24,19780000.0,13.5,22.2,12.924920918642297,5.770552524257836,0.0,0.5112859559600057,0.45806364772371333,0.45841581365363326
2022-09-25,11770000.0,14.7,23.0,15.274177129026661,3.2713765088245923,0.0,0.31137126605063253,0.2791143598285983,0.3113574223863516
2022-09-26,11560000.0,11.9,23.2,14.344770931165987,3.8310722152749115,0.0,0.30663444378227583,0.2757057855649003,0.3175894269052827
2022-09-27,19660000.0,14.2,25.6,17.026033844056272,6.009994537712518,0.0,0.49551434444271275,0.4406323916073725,0.43911280769020633
2022-09-28,12570000.0,13.8,24.8,17.260413895182932,3.100774074238131,0.0,0.29741686726534977,0.26269072383412706,0.2937185391595185
2022-09-29,19440000.0,12.7,24.5,15.499896018113034,3.86399549212493,0.0,0.41328996575165533,0.36025268278369615,0.38530415890492964
2022-09-30,19470000.0,11.7,26.8,15.95150139170568,3.6604697806884503,0.0,0.47068221408099414,0.4169413567204841,0.4149688380979331
2022-10-01,16540000.0,15.9,26.7,15.635032159895761,4.025618851206841,0.0,0.4472053191217099,0.39994772171372167,0.4569300164200298
2022-10-02,12930000.0,18.3,28.9,17.68565541508858,8.287686690700179,0.13999999999999999,0.619055933916643,0.5807938970714035,0.618077983381173
2022-10-03,9850000.0,20.2,28.0,24.629204784274883,14.93519558923579,3.0,0.5208161775695921,0.4914593769371927,0.39535397437856695
2022-10-04,7680000.0,14.6,21.6,15.656240305969739,6.180596972298978,0.63,0.29639418372833737,0.2756327653074643,0.29003201808611173
2022-10-05,12230000.0,13.9,20.5,13.750584263039284,3.5108185222792745,0.08000000000000002,0.2955224403693142,0.2630202333705925,0.2916604635081683
2022-10-06,14130000.0,13.5,20.5,14.65423547634763,4.836728671784575,0.17,0.32760702406592423,0.2902010235520219,0.29579462628642866
2022-10-07,16079999.999999998,10.6,18.1,12.334591523889404,7.656158380213456,0.03,0.37927793691314,0.33898159025867075,0.30409571710818306
2022-10-08,17540000.0,13.1,19.7,11.435441025113665,9.847052803323797,0.0,0.5914549982714208,0.5455694300268707,0.4754802935586312
2022-10-09,2780000.0,9.0,14.7,13.000430414899476,6.327255205539971,1.1800000000000002,0.07923687115454497,0.07266177518457105,0.08710952184076175
2022-10-10,14990000.0,8.6,13.6,9.259775345737173,13.295017797071216,0.13999999999999999,0.4897255085023239,0.45492484078371326,0.31050971517829784
2022-10-11,16090000.0,5.4,15.6,9.93576148790877,7.048574271072201,0.0,0.2968044426414849,0.2600169490283947,0.24721531234260735
2022-10-12,17150000.0,9.3,19.5,11.880864690067261,6.3990878095763755,0.0,0.3684163842820252,0.3253915516078794,0.3305793793278157
2022-10-13,16820000.0,9.6,20.5,12.799928156159986,6.411059910249109,0.0,0.3595876025120077,0.3167950039677746,0.3260949919371251
2022-10-14,15040000.0,10.9,21.3,14.455193955799777,5.360508076216692,0.0,0.3098629372079349,0.27075487025663597,0.2869811120472606
2022-10-15,15620000.0,14.3,22.4,16.13796564581773,4.244109688484238,0.0,0.32722531691790996,0.2848041487502699,0.3029092668480879
2022-10-16,12440000.0,10.5,22.0,14.344770931165987,5.474243032607666,0.0,0.28951323996346906,0.25706753251329,0.2905990360718101
2022-10-17,17050000.0,3.4,13.5,6.376070904097801,9.296336172378027,0.0,0.43820789980798536,0.401318963717312,0.35611062009423566
2022-10-18,16920000.0,4.8,12.6,6.453437047396959,6.47092041361278,0.0,0.35230811538082246,0.315443990913132,0.31716187337258644
2022-10-19,16500000.0,4.6,14.8,7.448675457348599,5.932175883339745,0.0,0.32453510462640517,0.28759385062923354,0.3107011823867037
2022-10-20,16480000.0,5.8,16.9,8.94372449298601,4.127381706925081,0.0,0.2733680101044008,0.2348679090634807,0.2829464650553831
2022-10-21,10890000.0,10.3,18.7,11.329601566972782,4.073507253897777,0.0,0.25389327088619285,0.22651344193894413,0.2701978149149945
2022-10-22,15290000.0,10.7,19.2,12.982416884668034,4.639189010684463,0.0,0.2788784872826041,0.2400612364789004,0.26423335415193244
2022-10-23,15500000.0,6.3,17.5,8.420837689439045,7.1353720009495225,0.0,0.38081985155874043,0.3441154545961555,0.37044086755483197
2022-10-24,15820000.0,2.7,13.4,6.399194203534083,8.155993583300104,0.0,0.3649689103008688,0.3311263395810073,0.32393169822641005
2022-10-25,15250000.0,4.9,16.1,7.243739908134234,6.494864614958248,0.0,0.35210326570640793,0.3172363124683951,0.3545445235528564
2022-10-26,13770000.0,7.1,17.2,8.592055021683723,4.824756571111841,0.0,0.2912418135295427,0.2584361278312203,0.31410866255816783
2022-10-27,14610000.0,7.6,18.3,10.989219193223963,5.133038163434745,0.0,0.2626311426404012,0.22715857102082687,0.2674860663345341
2022-10-28,13800000.0,9.6,19.0,11.715363388062087,6.180596972298978,0.0,0.3019310405417912,0.267386275071234,0.29685214358131135
2022-10-29,13950000.0,8.5,19.5,11.278596448520005,5.0731776600710745,0.0,0.2753077512791302,0.24061834933869877,0.2926894231901606
2022-10-30,13760000.0,9.6,19.3,11.224625001755179,6.219506299485364,0.0,0.3183115437696629,0.2837535990118002,0.32278054724919
2022-10-31,13560000.0,7.0,18.6,10.480596186271086,4.609258759002628,0.0,0.2435383189140965,0.2107302409919655,0.2689360009776402
2022-11-01,11470000.0,6.1,17.7,11.218290385694813,5.288675472180288,0.0,0.19777112125942387,0.17060986750711102,0.21216212486524694
2022-11-02,14210000.0,5.6,16.9,7.7611000826205565,4.672112287534482,0.0,0.27132683167655164,0.23821260138373174,0.3112590497316391
2022-11-03,8770000.0,0.9,14.6,7.020723698421551,5.387445302730344,0.0,0.24338668434809185,0.22478645886601484,0.2467048125605745
2022-11-04,14310000.0,-0.9,9.5,4.158753594320465,6.4918715897900645,0.0,0.28209173320864933,0.25481138586333824,0.2801049709189846
2022-11-05,13960000.0,0.4,12.4,5.142201428762892,4.905568250652797,0.0,0.23942513932124648,0.21097922390755458,0.2746466868614515
2022-11-06,12840000.0,2.5,15.4,7.413435485102533,4.277032965334256,0.0,0.22110738477946684,0.19293848459097493,0.24818438018323924
2022-11-07,11870000.0,5.6,16.0,7.308597114758593,3.618567428333882,0.0,0.2178569479947777,0.19050825963917745,0.2686982119627859
2022-11-08,12790000.0,6.0,17.3,9.833786448492983,2.9900321430153416,0.0,0.17221183193768647,0.14210949012199667,0.2081336530158811
2022-11-09,12520000.0,3.7,16.5,9.169243524105543,3.615574403165698,0.0,0.1749774446750832,0.14664866578596927,0.2049278016040149
2022-11-10,12510000.0,8.6,18.5,10.064539378570442,5.58797798899864,0.0,0.27486016121605533,0.24406457030959303,0.3071810920351126
2022-11-11,12240000.0,9.3,21.7,11.17719200643504,5.593964039335008,0.0,0.31104818726797356,0.27961136558047783,0.35667251946189393
2022-11-12,11000000.0,9.7,25.4,15.399217664598094,11.155004801819997,1.31,0.5262675236922254,0.4968371395753454,0.40761516421711497
2022-11-13,5120000.0,7.3,11.9,9.811250940739514,5.414382529243996,0.0,0.1315680172132053,0.12013563220558868,0.13494963681617594
2022-11-14,5270000.0,2.3,13.5,8.442998339398528,5.570019837989539,0.04000000000000001,0.13728237308008412,0.12605691782737802,0.16497346043283345
2022-11-15,9330000.0,5.1,11.9,8.393822131586205,6.668460074712892,0.09000000000000001,0.18579995548393033,0.16558549265910955,0.18256374070899967
2022-11-16,10540000.0,4.3,13.8,7.073265316941732,5.055219509061973,0.020000000000000004,0.2141845759545708,0.19099795302799452,0.24999344305435206
2022-11-17,12050000.0,1.4,14.2,7.4002584937059614,5.9411549588442965,0.0,0.21052179959262335,0.1849281734410079,0.23037754596934185
2022-11-18,12110000.0,5.8,17.2,7.524051826048306,7.267065108349598,0.0,0.3351842114627098,0.3067876064177134,0.36989197757757586
2022-11-19,10960000.0,8.2,17.9,9.797189362038015,6.788181081440235,0.0,0.2815870565864553,0.2549146714421539,0.30953153038703557
2022-11-20,10050000.0,4.0,18.3,9.467721301001566,4.764896067748171,0.0,0.22055278244272603,0.19719142759025715,0.24413842057077012
2022-11-21,10390000.0,7.9,18.0,9.74951269957019,4.1992143109614855,0.0,0.19924696814292214,0.17402040968108928,0.25309245633206423
2022-11-22,4179999.9999999995,7.9,15.9,11.048440592070852,5.2078637926393325,0.24,0.14376073642013834,0.1338623893682928,0.1694746237987648
2022-11-23,9650000.0,4.8,15.4,8.085033555416821,6.093799242421656,0.0,0.2240550377657844,0.20222015627377563,0.261020372071731
2022-11-24,8870000.0,1.8,13.2,7.149535328999865,2.9241855893153037,0.0,0.11590427741591731,0.09722789975764591,0.16365398325581398
2022-11-25,10250000.0,5.4,16.8,8.84564423081917,6.91987418884031,0.06999999999999999,0.24537763453050668,0.221581314042464,0.2820014412089503
2022-11-26,11170000.0,-1.7,12.2,5.206172815096502,6.892936962326657,0.0,0.2836195586914733,0.26165930448451713,0.2666571118792963
2022-11-27,10900000.0,3.2,14.6,5.50284661153628,6.075841091412555,0.0,0.2794524748168841,0.25557251803820985,0.3359524700261266
2022-11-28,3610000.0,7.3,16.6,13.956425944534887,7.075511497585852,2.8100000000000005,0.04099443699028786,0.03243546555778177,0.059051787404593645
2022-11-29,4170000.0,-6.3,12.2,4.201114979674873,13.555410986703183,0.010000000000000002,0.6250441348153366,0.6174496262497888,0.34736988662304136
2022-11-30,9960000.0,-7.1,-1.9,2.2794260562954247,10.451643887296868,0.0,0.23263560483826873,0.2191356447753025,0.16247325678325758
2022-12-01,10980000.0,-6.1,-0.1,2.614652763433297,3.8879396934703987,0.010000000000000002,0.10583699699419542,0.09001393248271958,0.1275029078546285
2022-12-02,11000000.0,-3.3,3.8,3.681532146247885,4.857679847961861,0.0,0.13172148989127408,0.11356606120841564,0.15322102044393276
2022-12-03,4380000.0,-4.7,7.8,5.019455727332887,7.021637044558549,0.0,0.14441764710354824,0.13682858890710323,0.1547605544370209
2022-12-04,6900000.0,-5.2,-0.2,2.0368763153489784,7.24312090700413,0.0,0.22545859714490263,0.21534456963147458,0.1975195904016378
2022-12-05,9050000.0,-4.9,0.9,2.6444741358291073,5.8962595813215435,0.0,0.16431116453653702,0.15065214172922323,0.16626677441513255
2022-12-06,8220000.000000001,-1.5,5.7,5.0931032833608185,7.886621318163587,0.020000000000000004,0.15660502037802235,0.14207646989896738,0.14798925001824986
2022-12-07,7800000.0,-1.0,8.7,5.40233473030798,8.04225862690913,0.0,0.19446143894551596,0.17981270460565868,0.19466847889626723
2022-12-08,10380000.0,-1.1,8.1,4.906936057208975,3.9837164988522713,0.0,0.11828939942290598,0.09902447670406091,0.16116869448071477
2022-12-09,8470000.0,-2.8,10.8,5.9759233883635,5.863336304471525,0.0,0.1511980230295658,0.13521093409353493,0.1716076351768927
2022-12-10,5910000.0,-2.0,6.6,4.353781096650147,4.38178884622068,0.06,0.1328089446218093,0.12228844775347339,0.16239635907719102
2022-12-11,10570000.0,-3.1,6.7,4.003251646055985,5.004338081202852,0.0,0.14237179045387768,0.12389035297536204,0.179229412650463
2022-12-12,8080000.0,0.0,7.6,5.028804727226573,6.132708569608042,0.020000000000000004,0.16985334992348503,0.15470423331896097,0.18616465058843218
2022-12-13,7040000.0,-9.4,5.6,3.456079347915386,13.456641156153127,0.30000000000000004,0.35258238080910853,0.3419131394837663,0.1984562230994849
2022-12-14,10280000.0,-8.7,-3.7,2.4452107800499427,5.483222108112217,0.0,0.09220340031357928,0.07931671650988963,0.09560701390416602
2022-12-15,7230000.0,-8.1,4.9,3.90122491150473,9.311301298218945,0.25,0.16838783218652392,0.15729524193239158,0.1487083948406856
2022-12-16,8670000.0,-7.3,-1.8,2.0685352883885053,4.8397216969527594,0.0,0.1258162588428276,0.11409107433870891,0.1376112519888431
2022-12-17,7170000.0,-10.3,-1.8,2.047380994420655,5.920203782667011,0.03,0.12819683013576194,0.11914509266952192,0.1297535017421872
2022-12-18,10860000.0,-9.9,-4.9,1.7154650523225263,3.968751373011353,0.0,0.08743983623067106,0.07458814121811796,0.10427053907319284
2022-12-19,10630000.0,-7.4,0.0,2.5244368092505884,3.7233233092203046,0.0,0.09052987753231062,0.07560329150089505,0.11917340155956961
2022-12-20,10470000.0,-4.9,3.3,3.710016487019414,5.7615734487532855,0.27,0.12088336005352562,0.10429496885542952,0.13822956587667562
2022-12-21,2900000.0,-5.1,5.9,5.506225317203089,6.845048559635721,0.4,0.0691461392314302,0.06433225038182691,0.08588727032718842
2022-12-22,7290000.0,-9.7,-3.4,2.3626176589262884,11.409411941115595,0.020000000000000004,0.17420529432450269,0.1652171376070248,0.1159105050168936
2022-12-23,8109999.999999999,-12.9,-4.6,2.125902031269483,10.490553214483253,0.03,0.12756062136774626,0.11858754009787238,0.09338196626682163
2022-12-24,10750000.0,-11.8,-5.8,2.165421562241959,3.807128013929443,0.0,0.05313226591538974,0.041268415765347045,0.06599256589234624
2022-12-25,10570000.0,-6.3,1.4,3.407185397400418,5.372480176889427,0.0,0.09986048410436169,0.08420314444341195,0.11571487782128427
2022-12-26,7650000.0,-6.1,1.0,3.3133901155971412,3.0199623946971763,0.0,0.07029279449684482,0.05900830963102268,0.09537429552971059
2022-12-27,10540000.0,-3.6,2.7,3.657943634821801,3.896918768974949,0.010000000000000002,0.09533475151604431,0.0784035221103689,0.12446068225579474
2022-12-28,7420000.0,-5.8,2.2,3.230310635025375,5.498187233953134,0.0,0.12793381522329048,0.11664239266974263,0.13992982608104157
2022-12-29,7770000.0,-4.2,0.4,3.332829685073135,4.618237834507179,0.0,0.10519516059605512,0.09341959169010211,0.11809475217225203
2022-12-30,7190000.0,-4.5,3.0,3.7930014970288224,4.818770520775474,0.0,0.10858610161599058,0.09717187124005187,0.1259168308508266
2022-12-31,4840000.0,-2.8,3.7,4.030086325872841,5.971085210526131,0.0,0.14528463762788338,0.13723514311113866,0.1477895077925155
2023-01-01,10420000.0,-6.5,4.8,2.7303155171570923,6.749271754253848,0.0,0.19723231504583918,0.1807558636947,0.21158816205350583
2023-01-02,10880000.0,-7.7,0.2,2.663044008752043,5.037261358052872,0.0,0.11209524720037564,0.09685093366852378,0.1284558188760636
2023-01-03,10900000.0,-5.8,2.1,2.814896496235255,4.690070438543582,0.0,0.12660208903121162,0.11004896158850612,0.15139949759462001
2023-01-04,10580000.0,-4.0,5.1,3.805163953079283,4.3847818713888636,0.010000000000000002,0.11859614575348676,0.10093353265325038,0.1519412776408221
2023-01-05,8210000.000000001,-4.2,6.4,4.456402552059581,4.025618851206841,0.010000000000000002,0.10085644217800752,0.08686499096122116,0.13558314219275108
2023-01-06,10650000.0,-1.5,7.2,5.6671099176045345,7.521472247645197,0.27999999999999997,0.13799381192966592,0.1186650875565292,0.14247776681567823
2023-01-07,8860000.0,-4.1,5.8,4.512761374220775,7.967432997704543,0.0,0.16000314171318547,0.14504400443697943,0.15779815390038326
2023-01-08,10820000.0,-1.3,8.0,4.9421439649709695,4.654154136525381,0.0,0.1338915032335303,0.11391241588559564,0.16916720987283068
2023-01-09,5350000.0,-5.7,7.6,4.463413118759338,5.8992526064897275,0.0,0.15610666807649182,0.14703996026232485,0.16458417972159742
2023-01-10,11490000.0,-2.6,9.7,3.931211807207874,5.189905641630232,0.0,0.19659005402474744,0.17522875253699274,0.24068506276049823
2023-01-11,11250000.0,-2.2,9.5,3.7446958883895642,3.2444392823109407,0.0,0.13730158597366074,0.11631549186797022,0.20104865907962804
2023-01-12,11290000.0,1.3,14.7,6.10059526535159,6.931846289513043,1.77,0.3082270955225411,0.28410967374812157,0.3090705832543618
2023-01-13,2470000.0,7.5,13.5,12.379410026438208,5.360508076216692,0.91,0.045385718060915695,0.039738414815152306,0.0535035141575048
2023-01-14,1770000.0,1.9,8.6,9.137477894600886,6.830083433794803,0.34,0.01431258263875986,0.010832757218320067,0.02114818044779883
2023-01-15,3780000.0,-6.3,1.9,4.0764599742538525,9.134712813296117,0.12,0.12026010010647167,0.11460206927168486,0.10033894284324181
2023-01-16,11880000.0,-6.2,-0.2,2.9142694276559733,5.6179082406804755,0.0,0.13010837483012355,0.1130615713352914,0.13018744054216375
2023-01-17,10760000.0,-4.6,2.2,3.5158007770410795,4.761903042579988,0.0,0.12206268943967695,0.105284865108066,0.13361137688368935
2023-01-18,8340000.0,-5.0,3.7,3.257795813573065,4.989372955361935,0.0,0.14873823148781562,0.13544594468490367,0.1634945757586494
2023-01-19,11250000.0,-1.5,5.3,4.106334752948762,8.967103403877841,0.0,0.2514467954823726,0.2317052037707576,0.21000230815967438
2023-01-20,11640000.0,-7.7,-0.1,2.592050437339674,8.263742489354712,0.0,0.18809025018784262,0.17188789588456516,0.1545319052441879
2023-01-21,12440000.0,-5.8,1.8,2.3475100766205905,4.740951866402703,0.0,0.16241768328884482,0.14364218674486873,0.17785402754542073
2023-01-22,6840000.0,-4.3,5.5,3.176995021581897,4.758910017411804,0.0,0.17246615510392277,0.1610256224223709,0.19429971362807402
2023-01-23,11690000.0,-12.3,7.0,3.2631051753084885,11.11609547463361,0.0,0.33135293307961344,0.31418151594010085,0.22008754877875983
2023-01-24,11140000.0,-14.9,-9.8,1.1695209400244573,13.037617632607434,0.010000000000000002,0.2007140393045364,0.19054267471003003,0.10621649614831796
2023-01-25,13300000.0,-15.2,-2.9,1.0493949623490253,4.558377331143508,0.03,0.13694669114430946,0.1224547104361714,0.14505188816593387
2023-01-26,3800000.0,-8.2,1.2,3.7112075671974294,5.058212534230157,0.11000000000000001,0.07824564343739814,0.07286308601502338,0.08514829521081242
2023-01-27,12690000.0,-8.6,-2.9,1.832804310258761,11.385467739770128,0.0,0.27836897754890294,0.26212238223485473,0.17493951562038393
2023-01-28,10410000.0,-7.8,-0.1,2.867513850634413,6.61458562168559,0.010000000000000002,0.14773345104955576,0.13327500683013457,0.13106145411918313
2023-01-29,10030000.0,-5.1,4.5,3.7064452816622127,9.275384996200742,0.0,0.23020483499281652,0.21399815229072322,0.1868823529970123
2023-01-30,13650000.0,-4.9,3.6,3.110177651182717,6.007001512544333,0.0,0.1962437137951057,0.1744883523011311,0.18967196391673855
2023-01-31,13400000.0,-1.9,9.6,5.124731752364099,8.81445912030048,0.0,0.26515948636116365,0.23999371198243452,0.2392993745586743
2023-02-01,13280000.0,-4.5,6.5,3.50333096393003,8.500191477641211,0.0,0.27669704512307897,0.2541492921506653,0.2414134377498743
2023-02-02,10990000.0,-4.4,2.1,2.860889215322643,4.232137587811504,0.0,0.15827935609629284,0.1411084584821355,0.1658733450559463
2023-02-03,11860000.0,-5.4,3.4,2.7953874292030454,4.854686822793677,0.0,0.18093779819624248,0.1622960365764484,0.1868781952445065
2023-02-04,13190000.0,-4.7,6.5,3.3884596859914926,5.635866391689578,0.0,0.21308803596059517,0.1907764806721071,0.2198932137977831
2023-02-05,14190000.0,-3.8,7.2,3.8492358196679044,5.16296841511658,0.0,0.201000649230819,0.17627950245368296,0.21185103928843446
2023-02-06,13270000.0,-2.7,10.5,3.6898199613652554,5.552061686980438,0.0,0.29871222372741413,0.27374877335713343,0.29064108602321187
2023-02-07,11540000.0,-3.3,10.9,4.166667381663488,5.216842868143884,0.0,0.2845283813947175,0.2628921430758799,0.26433103205947517
2023-02-08,14570000.0,-4.3,8.2,3.956356890173725,5.806468826276038,0.0,0.23558066723519544,0.20996701448930583,0.2304123315424714
2023-02-09,10450000.0,0.7,10.2,5.351042977090925,10.077515741273928,0.52,0.3489086130908641,0.3282331734156858,0.2806599227268249
2023-02-10,7380000.0,-2.3,8.3,6.072898151803867,6.057882940403454,0.010000000000000002,0.1331315651433968,0.11966760182000862,0.13532011715041103
2023-02-11,9280000.0,-3.0,7.8,5.684467634329493,3.588637176652046,0.0,0.11427520145107384,0.09769699763540866,0.1271050354912692
2023-02-12,9470000.0,1.1,9.8,5.354339067899816,6.512822765967349,0.0,0.25581359785020213,0.23707709892925116,0.2442946886748502
2023-02-13,9040000.0,-0.4,10.7,6.4963410967704025,6.291338903521768,0.010000000000000002,0.18675477004136537,0.16903869394020363,0.18720959949367502
2023-02-14,15230000.0,-3.0,6.3,4.345552990378189,7.168295277799541,0.0,0.24077418778654242,0.21428938614051093,0.20379213681064784
2023-02-15,5750000.0,1.8,4.9,5.689684112628439,6.219506299485364,0.010000000000000002,0.16230815562593953,0.15169080329224047,0.14135406646020285
2023-02-16,5700000.0,-2.4,5.6,5.150159605062484,5.288675472180288,0.0,0.13137652148613752,0.12148231744149154,0.12826817425866968
2023-02-17,12620000.0,2.4,9.5,5.382428471884611,3.528776673288376,0.0,0.20480936651915332,0.17944690934618351,0.2162567624987676
2023-02-18,3500000.0,3.3,9.6,7.548582044885483,4.893596149980063,0.08000000000000002,0.13051299039013572,0.1233702805467481,0.1352820141855296
2023-02-19,12110000.0,-2.9,6.8,4.21443114272276,9.062880209259713,0.0,0.296098415106329,0.2748093735996219,0.23086216759590536
2023-02-20,16600000.000000002,-6.5,4.9,2.4658421955990564,9.709373645587354,0.0,0.3741685568270871,0.34786795569161477,0.2773817428125386
2023-02-21,17000000.0,-5.8,3.6,2.753072835892348,4.690070438543582,0.0,0.2191297179744122,0.19251544010891491,0.2051017577713119
2023-02-22,16120000.000000002,-4.6,8.6,4.058369845553497,5.614915215512292,0.010000000000000002,0.27406733459503835,0.24567782346674152,0.24038344555363028
2023-02-23,16020000.0,-1.7,9.0,4.633175177457094,4.645175061020829,0.0,0.23924904045946582,0.20936484245296252,0.23368809695051618
2023-02-24,16070000.0,-4.9,9.2,3.9917996679864927,7.249106957340497,0.0,0.36005608152040175,0.3316021009938917,0.27079684124203307
2023-02-25,17570000.0,-5.0,5.8,2.9238942232181993,6.378136633399091,0.0,0.2958611234136756,0.2666955968317687,0.25737185189030365
2023-02-26,17750000.0,-4.5,8.4,3.2546138810948166,4.3847818713888636,0.0,0.27796709806961806,0.2467630942096633,0.26290363612071727
2023-02-27,18110000.0,-2.4,12.5,3.431555050182422,4.857679847961861,0.0,0.4193399474285015,0.38396244569934335,0.3537057790416252
2023-02-28,17270000.0,2.7,11.2,6.389550503200451,6.758250829758398,0.0,0.3250887665448746,0.2893103384962065,0.2715974493590569
2023-03-01,9820000.0,-2.3,12.1,4.149537689730129,10.221180949346737,0.0,0.5777798112729855,0.5586889897353111,0.3750121106273219
2023-03-02,18660000.0,-3.9,6.5,2.5704815304666275,7.069525447249485,0.0,0.3714948375589392,0.3394584963332666,0.31002331538448447
2023-03-03,18260000.0,-0.8,11.4,4.849252978551269,6.012987562880701,0.0,0.3405017501949592,0.3045454070799386,0.30721632258631015
2023-03-04,16649999.999999998,-0.5,13.8,5.749100855398429,5.180926566125681,0.0,0.35839560931000203,0.3242104046563193,0.305759725230229
2023-03-05,18380000.0,-0.7,15.9,5.060079518263802,4.277032965334256,0.0,0.4301392701765625,0.3913261877728386,0.3630491720320644
2023-03-06,18860000.0,3.1,16.1,5.375807493532876,6.889943937158474,0.0,0.5230909232787939,0.4809786613171435,0.45188038970539957
2023-03-07,17400000.0,9.6,19.7,6.7834461276072116,12.522817303679867,0.03,0.8718805145428192,0.8279904635769085,0.6827848583717416
2023-03-08,18400000.0,11.4,20.8,8.36199323462876,10.167306496319434,0.1,0.7478864124011858,0.7000414368756604,0.6381292583147171
2023-03-09,17740000.0,2.9,20.4,8.149321307807801,7.473583844954261,0.0,0.6150549496979029,0.5733023661318092,0.4599669512750725
2023-03-10,18980000.0,8.8,24.2,7.217939670830109,6.539759992481001,0.0,0.8251276010800993,0.7753755453798554,0.6672384294521282
2023-03-11,16890000.0,9.7,24.2,6.799720050006077,7.686088631895292,0.0,0.8898942352061727,0.845225403346132,0.7304281233487011
2023-03-12,3740000.0,-2.6,14.3,4.494375867626542,12.214535711356964,1.1500000000000001,0.7638531244787085,0.756360130900303,0.425113855459217
2023-03-13,20130000.0,-0.3,9.4,2.716741572450744,6.919874188840309,0.0,0.47128200104606827,0.4325900687850709,0.3995829228748483
2023-03-14,18860000.0,4.7,17.2,4.825145601897421,9.209538442500705,0.0,0.7094405312163057,0.6658208273364682,0.5794916841932227
2023-03-15,16660000.0,-0.5,19.8,6.414650884726492,11.84639361567039,0.020000000000000004,0.8867944819359568,0.8495447735486052,0.5546728846682635
2023-03-16,17410000.0,2.7,11.7,2.659497973519949,7.602283927186153,0.0,0.5686045803812958,0.5322677746763602,0.4901310528613367
2023-03-17,10320000.0,2.7,13.9,4.476056773349257,5.007331106371037,0.0,0.35771107064601376,0.3354770695849444,0.37202214357387553
2023-03-18,20320000.0,-1.2,15.6,4.17591700816189,6.7672299052629485,0.0,0.6653097809276911,0.6228994482496734,0.4643895474406209
2023-03-19,21030000.0,2.9,16.6,4.366149150494291,4.0196328008704745,0.0,0.47810493321526015,0.4309588537941109,0.4425748082002454
2023-03-20,20520000.0,3.5,19.1,5.013231614151375,5.519138410130419,0.0,0.6778662784113114,0.6299877770248579,0.5323465246465432
2023-03-21,20950000.0,7.4,23.3,6.718694014777116,5.623894291016843,0.0,0.7880836562060698,0.7344448980586696,0.6278800889395519
2023-03-22,15440000.0,13.2,25.7,12.476428809473754,6.330248230708155,0.75,0.5791000859436105,0.5363328373013518,0.5668795773820967
2023-03-23,8420000.0,5.3,20.0,10.23268686356526,6.297324953858136,0.21000000000000002,0.3732613803405379,0.35296109834228734,0.3289586042411343
2023-03-24,10540000.0,8.0,15.8,9.12691092820154,7.26107905801323,0.010000000000000002,0.3707962761350633,0.3458372862005056,0.3222130442125592
2023-03-25,7770000.0,7.9,14.4,9.769119455465736,4.821763545943658,0.06999999999999999,0.23225602653805058,0.21419456114464927,0.2187436378371189
2023-03-26,20580000.0,-1.4,15.8,4.247885414487714,7.416716366758774,0.0,0.7205560756734759,0.6776030911009558,0.4825222944524582
2023-03-27,22350000.0,-1.0,14.4,4.3937452784254365,5.186912616462049,0.0,0.5420878253402964,0.49613041964862903,0.4087402607112023
2023-03-28,18220000.0,0.1,16.3,5.743836212898258,5.851364203798791,0.0,0.5485670247481134,0.5094237113359967,0.40429823248053537
2023-03-29,21640000.0,3.4,20.4,5.1821014584069225,4.402740022397965,0.0,0.6443074841969,0.5930634099859106,0.5303496647354577
2023-03-30,20810000.0,7.8,22.5,4.615800771085518,4.495523802611654,0.0,0.7043037295993634,0.6512475348333924,0.6321488046042889
2023-03-31,22470000.0,5.3,23.1,6.026983322892093,5.489208158448584,0.0,0.8003733137994079,0.7442491092117474,0.6391700095605797
2023-04-01,22090000.0,8.6,25.1,6.700581162260666,9.011998781400592,0.0,1.2359167282797183,1.1776098893683857,0.8380757554624012
2023-04-02,22680000.0,8.0,22.5,6.282415423036201,12.019989075425036,0.0,1.2922216644501205,1.2342755387782258,0.8174082053188402
2023-04-03,22400000.0,9.7,23.5,7.022818725722589,12.87300124835734,0.0,1.3118777742281296,1.2530439192071492,0.8646573926747074
2023-04-04,10380000.0,13.5,23.0,11.46768486432416,9.703387595250986,2.33,0.6439535768897667,0.615815181505739,0.5810561021485515
2023-04-05,4920000.0,8.5,17.5,12.438234854537882,12.298340416066102,1.07,0.28074526392485616,0.26878577776905355,0.22133205288867802
2023-04-06,7240000.0,4.8,13.3,10.116460715750124,10.116425068460314,0.5599999999999999,0.20770036244645226,0.19177330836785528,0.15123550851173423
2023-04-07,22690000.0,1.2,16.2,5.959592706798501,10.397769434269565,0.0,0.8143155929569039,0.764880192001118,0.48104074974257405
2023-04-08,23530000.0,2.4,15.2,5.674047369292392,10.565378843687842,0.010000000000000002,0.7286269053906846,0.6772190290145578,0.4856103177363512
2023-04-09,23870000.0,3.9,18.5,4.750492793125427,8.096133079936434,0.0,0.8977826541745637,0.8422268723219872,0.6258973042973905
2023-04-10,22640000.0,9.5,21.5,7.786311072730649,11.343565387415557,0.0,0.9190528206113415,0.8609049739606143,0.7165856785805543
2023-04-11,10860000.0,4.4,21.8,9.56634651953428,12.93286175172101,0.11000000000000001,0.8541418295729694,0.8276821895846809,0.5185572172960685
2023-04-12,24840000.0,2.0,17.5,3.397260370520041,8.18592383498194,0.0,1.0033587617226831,0.9476712385262329,0.6464568749804662
2023-04-13,19740000.0,7.4,23.0,4.916099246120569,4.501509852948021,0.0,0.7572183431145304,0.7068369310429179,0.6390938041380243
2023-04-14,16000000.0,11.6,22.2,8.127842128500435,4.399746997229781,0.12,0.5201181765175529,0.47784451963315816,0.5365872030388992
2023-04-15,9810000.0,6.9,18.0,11.199305408423841,6.626557722358323,0.31000000000000005,0.2958329891182488,0.2722932180363225,0.266644146081216
2023-04-16,13860000.0,3.7,17.7,7.012349108323557,5.89326655615336,0.04000000000000001,0.49506860505348965,0.46321638092101597,0.4114724278757221
2023-04-17,23070000.0,11.7,21.3,7.222234066848884,4.860672873130044,0.08000000000000002,0.6399478712437934,0.5794747455849618,0.6121159861456181
2023-04-18,7800000.0,13.8,21.2,16.866804055349878,7.228155781163212,0.30000000000000004,0.2755562385258455,0.2547073006685303,0.23583328905419826
2023-04-19,22540000.0,15.2,28.6,16.894007483386588,7.335904687217819,0.010000000000000002,0.7925059606234501,0.7274898988517582,0.6456409253127069
2023-04-20,16710000.0,12.4,26.9,15.856834113422588,7.521472247645197,0.010000000000000002,0.6603421724902411,0.6138957676112878,0.5248226600776094
2023-04-21,14130000.0,9.8,22.8,8.577045647113986,9.60461776470093,0.03,0.8208672102865711,0.7839765400167594,0.6664678723060868
2023-04-22,23030000.0,9.2,21.4,6.089503045544308,10.454636912465052,0.0,0.9889942165868056,0.9300918888581601,0.7858396124001535
2023-04-23,13830000.0,11.6,20.5,6.842603321266651,5.462270931934933,0.0,0.5711362584246114,0.5352110495306017,0.5738683734319912
2023-04-24,14150000.0,8.2,18.9,7.164449660793051,7.93151669568634,0.06,0.6123848256485703,0.5775520829366246,0.542215004779892
2023-04-25,4740000.0,5.7,11.3,9.179853675467182,5.695726895053248,0.27999999999999997,0.15968884240205153,0.14941911530776958,0.14459080425704546
2023-04-26,22020000.0,4.3,15.4,7.497371868774411,8.105112155440985,0.020000000000000004,0.5469018493175555,0.49740502798420083,0.4030723265384605
2023-04-27,25380000.0,6.5,22.2,8.259887749659699,5.246773119825719,0.0,0.7588196011102697,0.6952175315772828,0.5746517271367091
2023-04-28,21970000.0,16.0,24.3,12.310517629961986,9.60461776470093,0.27,0.8871023555717524,0.8255102015611768,0.7201687766132432
2023-04-29,5120000.0,6.5,17.9,11.981149486510065,10.858695310169827,0.43,0.24687965780288512,0.2346670735940672,0.21958780554334906
2023-04-30,25640000.0,6.8,20.1,9.514182103933011,11.21785833035185,0.0,0.8443101985691867,0.7813361244982542,0.5395925585894445
2023-05-01,22670000.0,7.7,20.6,7.158054443312653,6.713355452235645,0.0,0.7319118509694876,0.6753505910078961,0.6066421969944464
2023-05-02,23280000.0,10.9,25.5,8.26714435096168,4.001674649861372,0.0,0.7372267266051036,0.6741769149830449,0.6471163051295671
2023-05-03,21400000.0,13.3,25.2,11.32321484809109,5.453291856430381,0.0,0.6683115934600907,0.6092435735569107,0.6291210134233863
2023-05-04,18020000.0,17.7,26.4,15.904105951385644,10.32593683023316,0.81,0.8281090175681369,0.7760091591687048,0.6783178482442838
2023-05-05,4870000.0,16.0,23.4,21.605385097712528,10.083501791610294,1.9100000000000001,0.1753990603797087,0.16185089809009404,0.14715177144497504
2023-05-06,3620000.0,11.5,16.3,11.890859835619782,14.103134592480767,2.22,0.39144577029990824,0.3824639851612428,0.2864904078962337
2023-05-07,6340000.0,5.4,13.2,9.721563186362417,7.476576870122444,0.13,0.21315565408851986,0.19911313369409106,0.1730933941468762
2023-05-08,25620000.0,6.2,21.0,9.219738184301162,4.2411166633160535,0.0,0.6211234285087517,0.557983730594614,0.489281531151551
2023-05-09,25070000.0,8.6,23.5,10.920996229454332,5.453291856430381,0.0,0.7256313218019385,0.6605087630909608,0.5561901590626617
2023-05-10,23900000.0,10.4,23.6,11.155117037270234,5.623894291016843,0.0,0.69196517965838,0.6286952991005408,0.5714488901172536
2023-05-11,24420000.0,10.5,25.1,11.06094398383799,5.05222648389379,0.0,0.7550967535699724,0.6894512971187037,0.6107144591628199
2023-05-12,17710000.0,11.6,24.0,12.300212900640886,4.22914456264332,0.0,0.5127048715134579,0.46509713057357394,0.4774189440488053
2023-05-13,22080000.0,10.8,23.6,13.251270041606482,3.376132389711016,0.34,0.5221894325491802,0.4635100596520603,0.4497942231143508
2023-05-14,24740000.0,10.5,25.6,10.84699659175947,5.219835893312067,0.0,0.8095228632195767,0.7427051460543356,0.641579558198139
2023-05-15,26670000.0,14.2,28.4,13.784704863985125,6.47092041361278,0.0,0.9439851242752985,0.8677843913326718,0.7499666664009581
2023-05-16,26830000.0,18.1,32.3,13.693881452063568,9.990718011396606,0.0,1.453551497216235,1.37236735951944,1.1109864546048949
2023-05-17,24740000.0,17.2,32.0,14.98587553633036,7.9195445950136065,0.0,1.2018727822845816,1.1276215018947084,0.9403784062998397
2023-05-18,6720000.0,15.2,22.5,13.773323075572732,10.242132125524021,0.04000000000000001,0.5516807165008328,0.5332638592525686,0.484164950586451
2023-05-19,14700000.0,13.6,25.9,14.888134940779285,7.156323177126808,0.0,0.5833042135729289,0.5423740303512437,0.5298427248950037
2023-05-20,21530000.0,14.9,29.1,16.18160248412118,9.463945581796304,0.010000000000000002,0.9901269847663015,0.9279272938266541,0.7368602489981848
2023-05-21,21070000.0,13.1,25.7,13.86460899316837,7.605276952354337,0.0,0.7395039737024294,0.68119324092174,0.6111303825300249
2023-05-22,14580000.0,10.8,23.1,11.940946583484424,3.142676426592701,0.010000000000000002,0.4077874399402348,0.36922784440918743,0.39616268698327806
2023-05-23,25700000.0,11.1,26.2,10.90245478618804,4.193228260625117,0.0,0.7781775273140126,0.7079977241618659,0.6383102523402363
2023-05-24,18510000.0,14.8,27.8,11.62683870654628,5.5281174856349695,0.0,0.7519413609097052,0.6990551379337765,0.705761049659057
2023-05-25,19430000.0,16.7,27.1,10.930277354471707,5.486215133280401,0.010000000000000002,0.7443280648879325,0.6882827197138431,0.7383053909266172
2023-05-26,15380000.0,19.0,26.3,15.673224994421043,5.381459252393977,0.24,0.6026843287701431,0.5578068115151462,0.5720972804857672
2023-05-27,7470000.0,19.9,27.0,19.072420812994945,6.405073859912743,0.34,0.4504595490120912,0.42840261322226436,0.45877026832354073
2023-05-28,4150000.0000000005,20.2,22.7,24.215730388043276,9.083831385436998,4.94,0.1512047010894112,0.13931892468634471,0.12047514552061109
2023-05-29,9690000.0,17.7,24.4,22.059759768723254,6.357185457221806,0.53,0.30414237182012127,0.27656803723999235,0.2422890835032109
2023-05-30,21950000.0,16.2,27.4,18.22646506711372,10.544427667510558,0.0,0.8101887008545743,0.7469736189354811,0.61792537624936
2023-05-31,23320000.0,16.8,27.9,17.65733738166701,4.714014639889052,0.0,0.6737876882008571,0.6060517042393181,0.5853146879177957
2023-06-01,17470000.0,17.7,26.6,18.936604652179575,4.163298008943283,0.24,0.5192114921875455,0.4686234983057527,0.45586517931080034
2023-06-02,25190000.0,13.9,26.8,18.348052406730364,5.605936140007742,0.0,0.6680843089113113,0.597226472782704,0.5141905140796474
2023-06-03,27210000.0,15.5,27.1,13.446822121532302,7.335904687217819,0.0,0.9017939392491892,0.8240503343234723,0.7684772426820576
2023-06-04,25250000.0,16.1,27.8,15.112957213264155,8.012328375227295,0.0,0.8866922956443364,0.8138024142251851,0.7474312346874056
2023-06-05,24210000.0,16.3,26.9,15.630793557237208,6.898923012663023,0.0,0.7898380911939478,0.720333990034066,0.6649462067808102
2023-06-06,26820000.0,15.9,28.3,16.41461028277089,6.234471425326282,0.0,0.8292241004375848,0.751621314187904,0.6909290880262772
2023-06-07,21490000.0,17.6,27.9,18.34317530080849,6.746278729085665,0.0,0.7198736629431137,0.6570731244248476,0.6084636692117655
2023-06-08,19950000.0,17.8,28.5,19.270106045046756,9.245454744518906,0.47000000000000003,0.7755934507573466,0.716944841027322,0.6334430985303054
2023-06-09,25830000.0,19.4,29.8,15.499896018113034,4.95046362817555,0.0,0.8365301786379155,0.7590075200902022,0.7730867310627095
2023-06-10,22150000.0,18.0,31.8,18.971734636389346,4.9774008546892015,0.39,0.7991869942324976,0.7324351152837975,0.6916828203789391
2023-06-11,19910000.0,18.1,28.8,21.087486462649995,4.498516827779838,1.3800000000000001,0.5885314160109271,0.5297424479285372,0.5062544689642856
2023-06-12,24920000.0,17.2,29.6,16.88947090857187,3.9747374233477197,0.0,0.72977834007494,0.6562497632970405,0.6528414335333595
2023-06-13,24040000.0,16.3,29.1,16.68193988371441,5.480229082944033,0.0,0.7803720164673403,0.7101724289502499,0.6723260500261716
2023-06-14,23300000.0,15.3,28.4,17.30670102849456,4.615244809338995,0.34,0.6911807217219947,0.6240250379153787,0.5851339090454761
2023-06-15,23800000.0,16.3,28.7,17.563230792965413,3.573672050811129,0.04000000000000001,0.6566880950245344,0.5873994493744767,0.5763473675510039
2023-06-16,27010000.0,18.0,32.8,17.521026473928647,4.621230859675362,0.0,0.9558321870363832,0.8738847603799738,0.7968003264286153
2023-06-17,24300000.0,20.5,35.0,15.715757473474326,4.788840269093639,0.0,1.0272703455633916,0.9513309619984194,0.9171614873226488
2023-06-18,24800000.0,20.7,35.2,17.29280347495793,4.405733047566148,0.0,0.9836417240240877,0.9059558406068329,0.8723609215131546
2023-06-19,25030000.0,21.0,35.8,18.45563662101147,10.200229773169452,0.0,1.5489876075658067,1.4701682568881265,1.174591377547505
2023-06-20,12870000.0,20.5,30.3,18.00938636574188,8.910235925682352,0.54,0.7900796600221277,0.7510325152213875,0.759504007634881
2023-06-21,10960000.0,19.3,26.4,22.987710817730854,7.123399900276788,0.55,0.4042440637332104,0.3721674170718114,0.33489558850888457
2023-06-22,21820000.0,18.7,28.4,20.44602910353359,6.842055534467537,0.25,0.7178834925250694,0.6533611626413226,0.5863603177037195
2023-06-23,26170000.0,19.7,31.9,20.08946941100287,4.699049514048133,0.0,0.8230167085717198,0.7431983704408059,0.7295525545169322
2023-06-24,23920000.0,21.3,33.8,22.19769230186744,5.318605723862123,0.020000000000000004,0.8562085742071608,0.781635402786254,0.7689621905970199
2023-06-25,19790000.0,22.0,33.6,20.944655344886364,9.047915083418795,1.07,0.9759048478758924,0.9140227676288457,0.9048096082277528
2023-06-26,10950000.0,21.9,27.6,26.960777548908332,13.14536653866204,2.1,0.4851095838807383,0.4521778768660937,0.3343338604791263
2023-06-27,24010000.0,22.0,30.1,25.487705984720574,8.066202828254598,0.19,0.8117734289512633,0.7383051781199318,0.6078584940655418
2023-06-28,17790000.0,22.6,29.2,27.735301776490164,7.835739890304468,0.13999999999999999,0.6010141434589958,0.5466840671682529,0.4419296398952134
2023-06-29,5520000.0,22.5,27.2,28.536358414015382,11.032290769924472,8.35,0.26755712663079717,0.25093322405250373,0.2103114845161569
2023-06-30,16370000.000000002,22.3,29.4,28.32887506456815,4.13636078242963,0.2,0.48447019916742945,0.4345092509494739,0.3825401305955866
2023-07-01,23660000.0,22.5,31.8,27.784348028283265,4.300977166679725,0.04000000000000001,0.709384942910467,0.6359795525929044,0.5682731275972837
2023-07-02,22150000.0,22.3,31.1,28.385979900376388,3.5916302018202293,0.0,0.634913502765937,0.5665746917580866,0.5022042583008879
2023-07-03,24700000.0,23.3,33.5,28.565080642484464,5.049233458725605,0.09000000000000001,0.7952910516788357,0.7175108694279885,0.6510082806818096
2023-07-04,8369999.999999999,23.6,28.5,28.897204370275045,9.242461719350723,3.7200000000000006,0.38504721033647477,0.3594358292678265,0.3107832845857872
2023-07-05,23390000.0,21.7,27.8,22.739333433117416,11.10711639912906,0.010000000000000002,0.8879102617581832,0.8175657296054398,0.6203786226653062
2023-07-06,24060000.0,22.3,31.3,23.612978720043095,5.294661522516655,0.0,0.7883763083277018,0.7140519099749375,0.6677658234677214
2023-07-07,5020000.0,19.3,28.0,24.12880799661424,6.096792267589839,3.3600000000000003,0.2594948684607015,0.24462911874067478,0.2788982475014648
2023-07-08,12410000.0,22.7,29.1,28.85369365369683,4.372809770716129,0.11000000000000001,0.3908776930154637,0.3529779602010668,0.31888729566856255
2023-07-09,17900000.0,22.6,31.2,29.891452480984004,9.559722387178176,0.53,0.6390952429102559,0.5837311272679255,0.46585883981522586
2023-07-10,19320000.0,23.9,30.5,29.159473192767365,8.335575093391116,0.29,0.6871704158101447,0.6271932372602593,0.5079202478037729
2023-07-11,6740000.0,22.5,26.5,28.321744015760498,7.596297876849786,4.3,0.24815591578408686,0.22795535534287717,0.19170493874739766
2023-07-12,18530000.0,23.5,29.3,29.505004495868373,5.773545549426019,1.7100000000000002,0.5654203123753256,0.5084658818623057,0.4134960715525004
2023-07-13,5550000.0,24.8,27.1,30.304993987270326,10.143362294973967,6.440000000000001,0.27137615573302054,0.25441563958299585,0.21238300273935443
2023-07-14,5310000.0,24.6,26.2,30.479403988817047,18.5657351182424,5.390000000000001,0.2758896283486358,0.2597792679063724,0.16270223032892192
2023-07-15,5030000.0,23.1,26.6,28.514833288469838,10.592316070201493,4.78,0.2498092192333848,0.2346609891665703,0.19981667725287275
2023-07-16,9190000.0,23.1,26.8,28.45034292053099,6.815118307953885,2.52,0.3161917306276631,0.28847765201134334,0.24020136261300049
2023-07-17,16890000.0,23.6,30.5,29.203386011313082,5.956120084685214,1.6100000000000003,0.5659751037251406,0.5136380111866379,0.4473310370720915
2023-07-18,3850000.0,20.7,25.0,26.614397317981375,5.776538574594202,6.420000000000001,0.12279674410207442,0.11152894395185671,0.1160982000621829
2023-07-19,22670000.0,21.3,30.5,26.974440932092495,4.133367757261447,0.03,0.6422537363162958,0.5730203001436626,0.5052130401302481
2023-07-20,23540000.0,21.9,31.3,28.33600768062383,2.7146738275424567,0.0,0.6405502530492058,0.5680139346227583,0.5086043308772628
2023-07-21,24530000.0,22.4,33.1,28.08021879658835,4.438656324416168,0.020000000000000004,0.7476780626787851,0.6710199112858315,0.6123658191890529
2023-07-22,12220000.0,24.6,28.1,27.721302452886608,8.65283576121857,1.32,0.516524781969016,0.47898882845206475,0.4061567326332421
2023-07-23,5800000.0,23.6,27.1,29.519786866932602,9.35021062540533,3.8100000000000005,0.25630180101802513,0.23871650486312315,0.20010096235577696
2023-07-24,12550000.0,24.0,29.5,29.586387537757023,5.605936140007742,0.33,0.435312853902828,0.39656846842632665,0.35381524956337407
2023-07-25,16120000.000000002,22.9,29.4,28.918981194190437,5.246773119825719,0.35000000000000003,0.4969356483493093,0.44754651370436704,0.38334413955725005
2023-07-26,20250000.0,21.6,31.8,28.278990618852863,4.196221285793301,0.26,0.6007224525832455,0.5382456614812605,0.4900352347389929
2023-07-27,21420000.0,22.7,31.8,29.876507844965744,3.5287766732883754,0.33,0.615420942449506,0.548883906337468,0.48648909017661773
2023-07-28,23690000.0,23.6,32.3,30.327693629629415,3.178592728610903,0.010000000000000002,0.6795902657796425,0.6053814521443697,0.5359487051786067
2023-07-29,25330000.0,23.0,33.5,29.306073746865934,3.292327685001877,0.0,0.7362016414057239,0.6565761678814668,0.5980771117968231
2023-07-30,23100000.0,23.0,32.5,30.191717955584497,3.4090556665610348,0.4,0.664893507714674,0.592704217165256,0.5270789764763111
2023-07-31,23810000.0,23.9,31.7,30.44900906811714,3.7921628880885256,0.08000000000000002,0.689720719576282,0.6152683531951717,0.5312853790603081
2023-08-01,24510000.0,24.9,34.1,31.05422990802706,3.241446257142757,0.0,0.7425025846466953,0.6643590330211091,0.6040511022349156
2023-08-02,21930000.0,24.3,33.0,30.869265571926583,3.2234881061336558,0.18000000000000002,0.6546809540210979,0.5854249459389207,0.5296581384825132
2023-08-03,23790000.0,24.8,34.1,29.854103113895082,3.4749022202610718,0.0,0.737063422973655,0.6612570301615381,0.614467268541239
2023-08-04,22990000.0,25.0,34.0,30.342834963502508,2.6099179466560334,0.0,0.6871698633710672,0.6138724234741993,0.5701569063705214
2023-08-05,24640000.0,24.1,33.9,30.479403988817047,3.8191001146021777,0.0,0.7487896900586639,0.6706663870246328,0.607615375339887
2023-08-06,22500000.0,25.8,34.6,32.240291383449694,2.960101891333506,0.81,0.6970138594311275,0.6247348520059092,0.5741627981887104
2023-08-07,23030000.0,25.2,34.3,30.49461137166381,6.488878564621881,0.06999999999999999,0.8262548347936448,0.7526294464772543,0.6797884477544582
2023-08-08,23790000.0,25.5,34.2,29.727419651388423,9.55373633684181,0.11000000000000001,0.9746346790992044,0.8984973327527681,0.7753277490325697
2023-08-09,9090000.0,23.4,30.7,28.52200675511096,13.525480735021347,9.42,0.579877822461165,0.5517106128001235,0.469710485643155
2023-08-10,3800000.0,21.0,25.2,25.042432098359193,16.419736072654818,11.600000000000001,0.3074065982895705,0.2962436852227343,0.23040700940698117
2023-08-11,11550000.0,22.7,28.2,27.588616266004504,7.491541995963362,0.31000000000000005,0.4239843034149636,0.38891871831981245,0.33610115073868674
2023-08-12,20330000.0,22.3,29.4,27.015467370782957,4.1573119586069165,0.06,0.5781582122409743,0.5161114146068244,0.45496022229358973
2023-08-13,18120000.0,22.4,31.2,28.839202793254433,2.846366934942532,0.010000000000000002,0.5122931857344348,0.45631820243634313,0.42200894542523154
2023-08-14,24250000.0,23.2,32.1,28.71628670283277,5.055219509061973,0.0,0.7355540999070639,0.659861385556999,0.5804792760921027
2023-08-15,22820000.0,22.7,31.5,29.21071042222281,4.678098337870849,0.0,0.6649089058316957,0.594153026866799,0.5154931752404295
2023-08-16,20070000.0,22.3,30.9,28.357414935185478,4.2500957388206055,0.03,0.5835649897325956,0.5217211532492142,0.46627653643768624
2023-08-17,20100000.0,22.8,30.7,28.824718284770537,2.936157689988038,0.06,0.5554358444766827,0.49338308367368083,0.4450036043896851
2023-08-18,20960000.0,23.2,31.7,29.28404274640673,4.372809770716129,0.010000000000000002,0.6261315104886265,0.5608651545547996,0.5011615382532469
2023-08-19,20970000.0,24.1,32.2,31.3334887115026,2.684743575860622,0.33,0.5930562824211421,0.5272133967240379,0.4717995359822626
2023-08-20,21280000.0,24.2,32.2,31.3568588220743,2.903234413138019,0.2,0.6058973834463898,0.5390421278462719,0.4801976697555931
2023-08-21,20960000.0,23.7,32.4,28.629797931423273,6.464934363276413,0.12,0.7159966271198872,0.6502621966655251,0.5847643412089594
2023-08-22,17690000.0,23.9,31.6,30.244534052917444,6.851034609972087,0.8500000000000001,0.6061518578907601,0.5508692366864654,0.4788188544992053
2023-08-23,13730000.0,24.2,31.3,30.18417937106662,5.519138410130419,2.42,0.4847243580078084,0.4418170437548425,0.4112236660948529
2023-08-24,12990000.0,22.8,28.7,29.21071042222281,5.231807993984802,1.29,0.3932418542762705,0.35364830694788607,0.3056964529457223
2023-08-25,22740000.0,19.4,29.9,24.876419806872384,5.33357084970304,0.020000000000000004,0.6280514146483706,0.5597556092482938,0.49796607498828005
2023-08-26,21480000.0,21.0,29.8,25.46820337383359,3.8310722152749115,0.0,0.5858998588787887,0.5207302652253392,0.4771574260290851
2023-08-27,15960000.0,23.1,29.8,26.86530298410645,7.159316202294991,0.30000000000000004,0.5765567480639432,0.5274704608454759,0.47239363106566323
2023-08-28,9620000.0,24.9,29.4,28.094376223970688,8.87431962366415,0.48,0.4915084291916729,0.46166228148013644,0.4263688896168172
2023-08-29,8940000.0,21.9,28.5,28.278990618852863,5.812454876612405,3.7700000000000005,0.3050713866343712,0.27802009364110447,0.25935600343845805
2023-08-30,3600000.0,20.0,22.7,23.625147401481225,1.688066194855508,3.6100000000000003,0.0988293489024524,0.08853527680641404,0.11060897744778238
2023-08-31,15450000.0,17.1,25.6,21.203471686566257,3.8939257438067654,0.010000000000000002,0.3888932268816597,0.3447145008028284,0.32419022802256325
2023-09-01,23930000.0,17.0,28.5,21.729514245781903,5.453291856430381,0.0,0.6175044511283774,0.5475734652399592,0.4961975185805665
2023-09-02,23090000.0,21.0,29.8,25.106540298556304,5.393431353066711,0.0,0.6562430195921608,0.5861887403808874,0.5216870352451457
2023-09-03,19700000.0,22.0,30.5,27.79837514375249,3.513811547447458,0.03,0.5396781507310323,0.4792431074634697,0.4374917686164089
2023-09-04,14160000.0,22.7,29.4,28.608211296876743,4.426684223743433,0.17,0.42201371326461123,0.37868549869686213,0.3443275916650269
2023-09-05,18480000.0,20.5,29.6,23.820593372779197,5.6179082406804755,0.0,0.5735829399982844,0.5177776743442095,0.4911155371742436
2023-09-06,21480000.0,18.6,29.7,22.85731407533633,4.833735646616392,0.0,0.5874300696396484,0.5233662064592418,0.4992059939842649
2023-09-07,23180000.0,16.8,28.4,19.43877767173084,6.97075561669943,0.0,0.6762847966499227,0.6086986707637216,0.5692402211666459
2023-09-08,22900000.0,16.7,27.6,19.780004472461712,4.498516827779838,0.0,0.5714691958834358,0.5051575152942511,0.48438681718317406
2023-09-09,22440000.0,18.5,29.1,21.98535986955693,3.079822898060847,0.0,0.5498001965249477,0.4832051045343218,0.4712161349648941
2023-09-10,20110000.0,20.6,29.4,24.141208757508988,3.471909195092888,0.0,0.5329607265105775,0.4722743110130859,0.452144094707141
2023-09-11,20440000.0,21.1,29.4,22.709921630771277,2.4842108895923256,0.010000000000000002,0.5227698177873104,0.46087953418898636,0.45727608971114453
2023-09-12,17970000.0,21.7,29.2,23.637321565609316,2.600938871151483,0.22999999999999998,0.4789277569279672,0.4243711712864203,0.42142947763911903
2023-09-13,3150000.0,20.3,23.7,24.57246105992144,5.076170685239258,3.58,0.11422742565788517,0.10512714574799716,0.12171145148492916
2023-09-14,7620000.0,21.5,24.2,24.641830042490994,8.628891559873102,1.42,0.2876597798813435,0.26535831568792567,0.221978373598224
2023-09-15,4520000.0,21.4,24.3,26.058987457644527,5.046240433557422,2.54,0.15059213823495549,0.13736344818846613,0.13151645652346122
2023-09-16,10570000.0,20.5,29.2,26.83807882853746,4.205200361297853,3.3200000000000003,0.31919121273086754,0.2873588485546787,0.28763392184649267
2023-09-17,12960000.0,21.1,28.1,25.604995908582588,3.3013067605064275,0.35000000000000003,0.35764240139185893,0.3187460152215777,0.31055088495592864
2023-09-18,18050000.0,20.5,28.3,25.54629213267915,4.648168086189014,0.06,0.4753295866997089,0.42130677306505504,0.37893134874542994
2023-09-19,15660000.0,21.4,27.9,24.209512580874975,3.38810449038375,0.08000000000000002,0.4251314050376133,0.37809920131882685,0.3684808130024356
2023-09-20,2360000.0,18.2,23.7,21.996791698621195,12.504859152670766,9.120000000000001,0.2039687621110407,0.1972639643186403,0.19414136832703505
2023-09-21,7610000.0,13.7,22.2,18.48016452763995,4.549398255638957,0.010000000000000002,0.19425209541804742,0.1737373490214573,0.18025619617866714
2023-09-22,17320000.0,14.7,23.8,16.96218445212781,4.49253077744347,0.010000000000000002,0.4095045635951716,0.36169811010343894,0.3593086406794773
2023-09-23,14450000.0,17.0,24.4,16.984963661048376,7.928523670518157,0.0,0.5212989920127392,0.48041452179259975,0.4535467942658151
2023-09-24,18260000.0,18.8,24.1,15.673224994421043,10.460622962801418,0.05,0.7533448188867233,0.7010474027132306,0.6057546464414558
2023-09-25,13040000.0,19.4,26.0,21.225627299502595,5.79150370043512,2.33,0.4124197261273953,0.3743414140964943,0.3662005925629068
2023-09-26,3360000.0,19.9,23.0,24.59136292519585,7.006671918717631,0.5900000000000001,0.10585311907161014,0.0962299362488864,0.09434326393783898
2023-09-27,9210000.0,19.1,24.6,22.981769610021065,6.656487974040159,0.18000000000000002,0.2815859833004449,0.2550407537786022,0.23207488943942378
2023-09-28,16070000.0,16.3,26.9,20.85172426347978,4.693063463711767,0.04000000000000001,0.39833498416107715,0.35219987859976776,0.35350670686925795
2023-09-29,10560000.0,17.1,23.2,17.86592923400802,2.5291062671150786,0.45,0.2656096111262741,0.23600500728687135,0.257797371025357
2023-09-30,17700000.0,13.2,23.8,16.2955430594315,5.396424378234895,0.0,0.4105114791600054,0.3623091992365529,0.36369589744559977
2023-10-01,19610000.0,13.1,21.5,12.52867763495167,6.246443525999015,0.0,0.5013278864651072,0.44911207655086277,0.4469265942071104
2023-10-02,18880000.0,10.2,21.7,12.211222480275866,5.453291856430381,0.0,0.4266408851407224,0.37769756719732983,0.39860102141475756
2023-10-03,6910000.0,10.6,20.1,14.28592100447533,3.172606678274536,0.0,0.17588030574649643,0.15818847668690048,0.18850179105184922
2023-10-04,16590000.0,10.6,22.7,12.320829949437389,8.583996182350349,0.06999999999999999,0.5262641303157275,0.4826470617299615,0.4719597355129156
2023-10-05,19270000.0,9.8,17.4,8.891984455135013,5.7615734487532855,0.0,0.44353900160165927,0.3960486823664745,0.40494933899881647
2023-10-06,17420000.0,10.6,19.2,10.621601808270038,3.190564829283637,0.0,0.33258225158833954,0.2884047415954709,0.32900216508723656
2023-10-07,11540000.0,15.1,20.8,13.354266897146925,7.730984009418044,0.010000000000000002,0.4538476213203241,0.4227385315152453,0.4124181310690326
2023-10-08,7730000.0,13.3,19.6,13.306359776016002,7.2850232593587,0.0,0.3351894620654029,0.3149471252320483,0.3157004932415063
2023-10-09,12650000.0,11.9,21.8,14.871899368405765,4.13636078242963,0.010000000000000002,0.2812040665739878,0.24781422899008745,0.27473268785939853
2023-10-10,16649999.999999998,11.7,20.8,13.387522085201208,5.558047737316805,0.0,0.370633599523285,0.32720747178651,0.33748044491708196
2023-10-11,16230000.0,8.4,21.7,12.173743448183746,5.1180730375938275,0.0,0.37155964612926023,0.3302680959287309,0.34702086813723254
2023-10-12,15990000.0,11.9,22.3,12.810600029472292,4.369816745547945,0.0,0.36262755921611944,0.3202151353884126,0.36774012676792867
2023-10-13,11530000.0,9.9,22.2,13.229290329672326,2.9720739920062402,0.0,0.24779346519901413,0.21784280297573644,0.26783992983437266
2023-10-14,14100000.0,9.3,20.5,13.306359776016002,5.022296232211954,0.11000000000000001,0.2825012231063725,0.2467433074405029,0.2727088015552284
2023-10-15,13090000.0,10.6,19.8,13.633624966718088,6.593634445508305,0.03,0.3021743706511267,0.2687654200930006,0.2715179755138416
2023-10-16,16670000.000000002,6.4,19.2,9.836606590542996,5.516145384962236,0.0,0.35887343946458045,0.3185407949983619,0.3428517403212915
2023-10-17,16790000.0,6.6,19.2,10.752067145158772,3.2983137353382443,0.0,0.27041745363032477,0.22969939007766219,0.2726499716247083
2023-10-18,15640000.0,12.0,22.0,13.163543298957311,5.516145384962236,0.0,0.3722577324978499,0.33085434622485377,0.368527746844315
2023-10-19,5120000.0,11.6,19.0,15.319921462683737,7.4616117442815275,0.9800000000000001,0.17004911483752877,0.15695402504288414,0.16142802047867272
2023-10-20,15840000.0,4.6,15.4,7.278266886980506,9.532785160664526,0.0,0.4457370306029933,0.4099902588273441,0.3759625127108979
2023-10-21,14100000.0,4.9,17.6,8.74342750591378,7.928523670518157,0.0,0.38818130188962663,0.35532340976233884,0.34828882362411334
2023-10-22,13800000.0,8.4,17.3,11.048440592070852,5.079163710407441,0.0,0.2616213044990502,0.22819345896376073,0.25304960558439354
2023-10-23,13760000.0,7.3,19.7,11.371192555760334,4.208193386466036,0.0,0.25622936046199407,0.22239511739110224,0.26979109643181975
2023-10-24,11430000.0,8.4,20.0,12.721906239820528,3.2983137353382443,0.03,0.2016087303111485,0.17305956883197807,0.22037400042292762
2023-10-25,14700000.0,11.7,21.2,15.249276239925074,3.8400512907794626,0.0,0.2508445717505207,0.21235008902732383,0.24085824782616147
2023-10-26,12150000.0,9.8,21.3,15.03905318539102,7.5065071218042805,0.09000000000000001,0.2547416596553146,0.22350348265167647,0.24141701657420284
2023-10-27,12090000.0,7.7,18.4,11.695640164255195,5.80048277593967,0.0,0.2416001176131358,0.21217775115377413,0.24395555966627272
2023-10-28,13650000.0,5.7,18.8,10.755117932339179,4.681091363039032,0.0,0.2479024805799349,0.2153044331102818,0.25448468902983856
2023-10-29,14480000.0,7.8,19.4,11.183506197074284,3.4389859182428704,0.0,0.22981272266768077,0.19412721034150146,0.2546353776956565
2023-10-30,13720000.0,8.9,20.0,12.924920918642297,2.687736601028805,0.0,0.19896262017223973,0.1645051345561151,0.2139709275981426
2023-10-31,14080000.0,12.2,21.0,13.269610975091464,6.051896890067086,0.0,0.3292853191246901,0.29230403882578815,0.33004721441511264
2023-11-01,12630000.0,14.8,23.4,16.975848760461872,11.238809506529135,0.0,0.43355828213933184,0.3987895480762498,0.36444548949145666
2023-11-02,13660000.0,12.9,24.2,14.734523365682799,8.123070306450085,0.0,0.41686329305592534,0.3796291979122144,0.4202662313392828
2023-11-03,10100000.0,16.0,23.1,18.68237319135615,7.6382002292043545,0.03,0.2870127435232832,0.2589879178920634,0.26314943018509057
2023-11-04,5330000.0,15.5,21.0,18.057429246613673,7.674116531222556,0.27,0.19615966423042666,0.1817109506083777,0.18637064754855345
2023-11-05,8430000.0,17.9,24.1,19.402891183919294,14.794523406331164,4.44,0.48088830420826706,0.4569189986674684,0.37088225527224855
2023-11-06,9870000.0,7.5,17.8,9.416031212690283,17.7486392473283,0.21000000000000002,0.6300115811830106,0.6062154073917122,0.4246054936669948
2023-11-07,12780000.0,2.9,11.1,6.5198493935640345,6.794167131776601,0.0,0.2473116639258892,0.22079577885589927,0.23730563458862872
2023-11-08,13070000.0,4.0,16.3,8.000012765422586,4.043577002215941,0.0,0.21112154338437192,0.18150950609281682,0.2520488685076446
2023-11-09,9390000.0,2.5,19.0,10.964367568338382,7.823767789631733,0.43,0.23718446217430406,0.21557732012205616,0.22918465082401118
2023-11-10,12440000.0,-1.3,7.6,3.723137046234317,8.5929752578549,0.0,0.324740091863712,0.30192682718053804,0.28100196092563856
2023-11-11,8560000.0,-2.9,6.0,4.246542736702463,4.905568250652797,0.0,0.15640597856850916,0.14157439451335635,0.16843110505455194
2023-11-12,7930000.0,-4.0,4.9,4.378548337703768,6.860013685476638,0.0,0.15858622058029315,0.14539768927496555,0.149713917374436
2023-11-13,12900000.0,-0.2,7.1,5.143792192485379,5.288675472180288,0.0,0.16999817474454365,0.1460969315001202,0.1757963999659597
2023-11-14,10190000.0,4.0,10.3,7.217939670830109,3.3252509618518955,0.0,0.13257032677957947,0.11133392713788273,0.15472470686108603
2023-11-15,12020000.0,3.2,12.2,7.3477570780176515,4.208193386466036,0.0,0.1598414415481101,0.1343851185222014,0.18741520125553546
2023-11-16,2340000.0,0.9,9.6,7.983572865844131,5.076170685239258,1.09,0.06310967959392667,0.05850923242792151,0.0834754824486931
2023-11-17,10440000.0,-2.6,7.3,4.5042674901479725,9.009005756232408,0.06999999999999999,0.24440580632408052,0.22578835041285078,0.21405258734893956
2023-11-18,9600000.0,-0.1,7.5,5.267597157356938,9.79916440063286,0.0,0.25171226930799456,0.23377385796132258,0.20488912292352066
2023-11-19,8590000.0,1.5,13.4,7.557519612205313,8.242791313177426,0.0,0.21288200678338956,0.19482155938914747,0.22266910500758708
2023-11-20,12120000.0,-1.9,10.4,5.278981872244652,3.0618647470517457,0.0,0.12270162808080139,0.09963439226310898,0.16723419894579603
2023-11-21,11930000.0,0.3,13.4,6.63652882888061,3.103767099406315,0.0,0.1392705651540199,0.11462874282083986,0.18156896578100196
2023-11-22,11620000.0,5.8,14.5,11.054690732212595,6.967762591531246,0.04000000000000001,0.12972590504755402,0.1033990593453451,0.1304708451654089
2023-11-23,11290000.0,-1.2,16.1,7.0585187724885445,10.580343969528759,0.05,0.44278324075489184,0.4190460520376633,0.32023473099703686
2023-11-24,8680000.0,-6.1,2.7,3.1061069030814155,8.81445912030048,0.0,0.2127104020969241,0.1994473825630968,0.1781293143999732
2023-11-25,11760000.0,-3.7,2.6,3.239801334352983,4.043577002215941,0.0,0.125351894985077,0.10653486753139085,0.14855797983224212
2023-11-26,9320000.0,1.1,8.3,6.362616446710069,3.9328350709931517,0.11000000000000001,0.10627358932048377,0.08827177676790418,0.1300569906212571
2023-11-27,5390000.0,0.2,12.1,8.085033555416821,9.245454744518906,0.06999999999999999,0.12901956468570241,0.11812019172830035,0.1431093323853176
2023-11-28,9760000.0,-0.6,6.2,4.578354130424108,7.117413849940421,0.0,0.1980638707570846,0.18038126348967348,0.1924089762944556
2023-11-29,6900000.0,-6.5,6.2,4.0842347526882845,8.919215001186902,0.05,0.19731669447644473,0.1861023352441773,0.17549323071402073
2023-11-30,10350000.0,-5.6,0.1,3.2408573839281165,6.7762089807675,0.0,0.13436800094701543,0.11922899701418288,0.1252413167593802
2023-12-01,10200000.0,-4.2,1.7,3.9087025488514224,5.638859416857761,0.0,0.10978151272025183,0.09390883741300561,0.1147246810563888
2023-12-02,7900000.0,-2.6,7.5,5.282238645744274,6.830083433794804,0.010000000000000002,0.14145741670259152,0.1273195184391452,0.153580369830561
2023-12-03,10980000.0,-4.0,6.4,4.474650357111268,3.316271886347345,0.0,0.0882207706732702,0.06943925507104506,0.1276396085037555
2023-12-04,11000000.0,-2.4,8.5,4.0972219426384955,3.38810449038375,0.0,0.12146623399364782,0.10136323762096015,0.17694594319828932
2023-12-05,8330000.0,-1.1,9.5,5.898254622474897,3.4509580189156037,0.0,0.09508641136841031,0.07925865860882851,0.13613949496913008
2023-12-06,6120000.0,-1.2,12.9,7.932098508455835,9.778213224455573,0.38,0.15841516023433394,0.14615389801512485,0.15820445787885412
2023-12-07,10530000.0,3.4,10.9,6.43401813421168,8.727661390423158,0.0,0.25679181752723246,0.23484684321643096,0.24570544796699784
2023-12-08,10230000.0,11.5,17.6,12.045047565216091,13.450655105816757,0.0,0.39095204195906247,0.3652036069889485,0.31081385156425917
2023-12-09,9490000.0,8.2,18.1,12.410522039150306,5.204870767471149,0.020000000000000004,0.13861382953774837,0.1154653724120065,0.17501153350509246
2023-12-10,5540000.0,10.7,17.2,12.014742792459968,10.053571539928457,0.09000000000000001,0.27138927971509824,0.25762832279518466,0.2525838726574686
2023-12-11,1290000.0,6.7,12.8,11.243647739541382,13.44167603031221,2.2800000000000002,0.08195566698776216,0.07906368208746341,0.08337998450436254
2023-12-12,3530000.0,4.3,9.5,7.813896375713633,5.974078235694315,0.0,0.12569557419913094,0.11839333605950908,0.13338432766706604
2023-12-13,6210000.0,6.3,12.8,8.672496875537025,6.6744461250492595,0.0,0.1804971977710516,0.16664954101592908,0.1944018149555525
2023-12-14,1480000.0,9.0,13.3,11.304073694879788,10.807813882310707,4.4799999999999995,0.14908104398498415,0.14564076486243152,0.139609785431739
2023-12-15,1280000.0,0.7,13.5,9.525143209227153,9.945822633873853,1.74,0.05219806365356057,0.049534432191383676,0.10230596059583959
2023-12-16,5550000.0,-10.5,0.4,2.410895677662368,13.552417961535,0.08000000000000002,0.25460439513175714,0.2472662875681849,0.1663676449585836
2023-12-17,10520000.0,-9.4,-5.0,1.8056395499751021,7.296995360031433,0.0,0.14422496141585858,0.13165373405189168,0.12484985221243891
2023-12-18,8039999.999999999,-6.4,-2.1,1.959947377106391,3.4629301195883384,0.0,0.10397383461396596,0.09295415073454785,0.12756349801458278
2023-12-19,7290000.0,-4.9,3.2,3.316623033666974,4.938491527502816,0.010000000000000002,0.12876313367061906,0.11723594265816181,0.14907951425324098
2023-12-20,4990000.0,-10.2,-3.1,2.1309884186550123,9.894941206014732,0.020000000000000004,0.17762904376256827,0.17150594557876425,0.12848281449203408
2023-12-21,10060000.0,-12.1,-5.7,1.731115623460869,8.02430047590003,0.0,0.13078660625993668,0.11974064808913468,0.10784417981317111
2023-12-22,10500000.0,-11.1,-5.8,1.7881444700780125,6.521801841471901,0.0,0.11198224126238376,0.10018721792184078,0.1035437878130725
2023-12-23,10200000.0,-6.9,-0.3,2.5397028326165327,2.9750670171744233,0.1,0.07720451669111031,0.06281920265155992,0.10800450640323418
2023-12-24,6850000.0,-4.0,2.9,4.186510299928881,5.159975389948396,0.05,0.09867968548206721,0.0877190870077687,0.11167517076508826
2023-12-25,7090000.0,-2.1,3.9,4.707664590036976,6.150666720617143,0.0,0.11755361522431469,0.10556051992519559,0.12254352071409622
2023-12-26,8420000.0,-1.4,7.4,5.083648505930906,5.234801019152985,0.0,0.12889203736188798,0.11353071335336111,0.15666005942396088
2023-12-27,10100000.0,-2.0,7.7,5.779014536924075,2.7685482805697603,0.0,0.062123128730318035,0.04379260139053578,0.0998499282880566
2023-12-28,8930000.0,-3.7,6.8,5.246511762131188,3.8849466683022156,0.0,0.0744577431758067,0.05898507429584003,0.10899573089712108
2023-12-29,9470000.0,-2.9,6.7,5.110477485916964,3.528776673288376,0.0,0.07874992493287754,0.062131891732078115,0.11469134666620358
2023-12-30,2870000.0,0.2,6.7,6.582906139909982,5.635866391689578,0.37000000000000005,0.0838675272158159,0.07854996379632015,0.09178874685054146
2023-12-31,3380000.0,-2.0,5.2,6.3876233053667235,7.108434774435871,0.04000000000000001,0.051134558233848014,0.04526746881790008,0.055567575697491337
2024-01-01,7720000.0,-0.4,8.5,6.582906139909982,4.483551701938921,0.020000000000000004,0.0840120399515433,0.06941625734407916,0.11052926545118898
2024-01-02,4099999.9999999995,-0.1,6.4,6.42626504140032,4.693063463711767,0.1,0.07487692609652072,0.06735808484241998,0.08780801918153602
2024-01-03,6650000.0,-4.9,5.6,5.274100044554754,5.923196807835195,0.06999999999999999,0.07472075786760903,0.06370300381427149,0.09363749386108754
2024-01-04,10490000.0,-0.8,6.0,5.786073026812613,7.024630069726732,0.0,0.1157852158979493,0.09691270673302493,0.11894977263694022
2024-01-05,5280000.0,-4.8,9.2,6.50416885856405,6.605606546181038,0.020000000000000004,0.07264652100850075,0.06328090488146433,0.0989286332945585
2024-01-06,10800000.0,-4.3,5.0,4.408988951868632,5.659810593035044,0.0,0.11452661448311022,0.09663311917844174,0.13367442797479973
2024-01-07,8930000.0,-8.5,-0.0,2.3922862937239286,8.302651816541097,0.0,0.18605094816325424,0.17381142365539307,0.15899025127002803
2024-01-08,11290000.0,-6.4,0.8,3.2705511938784366,3.3731393645428325,0.0,0.07674317970961854,0.06026416260092843,0.10072710448982214
2024-01-09,5760000.0,-3.2,6.7,5.954157923496313,5.16296841511658,0.32000000000000006,0.0706322046139963,0.06057918151761156,0.08962276410910011
2024-01-10,9960000.0,-5.0,4.5,4.69150911266732,3.9986816246931887,0.0,0.07373982108166913,0.05761488313208849,0.09733660604187547
2024-01-11,7550000.0,-2.8,4.9,5.403996522431576,7.0844905730904015,0.0,0.10040289015682635,0.08756007988318319,0.10024880759035629
2024-01-12,11380000.0,-4.5,6.5,3.99052902140701,5.917210757498827,0.0,0.1580763804987982,0.13875458615948585,0.18133440385043956
2024-01-13,11560000.0,-4.5,4.5,3.4627947434817097,4.953456653343733,0.0,0.14296318536685795,0.12406577589077838,0.1666978075989939
2024-01-14,8620000.0,-6.5,11.5,4.9760302472616855,7.979405098377277,0.16000000000000003,0.28051449240247683,0.2650608133030711,0.2355422144803771
2024-01-15,11870000.0,-6.7,1.7,2.837340737108095,4.941484552670999,0.0,0.1314400733121753,0.1138938718214247,0.1467230469727113
2024-01-16,9870000.0,-4.3,4.6,2.4411029822540926,3.100774074238131,0.0,0.13470971666519463,0.11848162040242427,0.17796442900542989
2024-01-17,2720000.0,1.6,6.1,6.368379566744723,3.1546485272654348,1.26,0.07780026048188984,0.07269198389158063,0.09282360761667412
2024-01-18,5770000.0,2.7,9.2,7.273943082747143,11.214865305183666,0.0,0.2087659032399954,0.1971699145008483,0.16186824837030092
2024-01-19,6170000.0,4.2,8.4,6.231330769580367,15.611619277245264,0.0,0.4157274436105878,0.40319329478319244,0.2525390008353695
2024-01-20,2130000.0,0.4,6.1,7.121910012748601,11.475258494815632,0.9500000000000001,0.07515377003172294,0.0712341850569721,0.06278841466664864
2024-01-21,8390000.0,-5.7,9.7,5.159723808310081,9.631554991214582,0.08000000000000002,0.26994047933620835,0.2551645489164559,0.19970757023917884
2024-01-22,6670000.0,-9.9,-4.5,2.0278111386825155,14.740648953303857,0.010000000000000002,0.2564203772089223,0.2484498366654186,0.1332792594950344
2024-01-23,8960000.0,-9.1,-5.8,1.9397861987418519,13.827776277007883,0.020000000000000004,0.24791187121696262,0.2373345208831242,0.13089163851529226
2024-01-24,9980000.0,-7.5,-3.3,1.9809766106464344,10.544427667510558,0.0,0.2512061858181363,0.23822052633523824,0.16481715836903874
2024-01-25,12660000.0,-5.7,1.0,2.3995529434834806,5.06120555939834,0.0,0.16878021792137157,0.14994835057239558,0.17309469094561303
2024-01-26,12020000.0,-4.5,5.7,3.9994310864211604,4.989372955361935,0.0,0.15001949792576363,0.12991493610818275,0.16583332408939508
2024-01-27,12830000.0,-5.4,5.4,3.318779868509582,4.630209935179912,0.0,0.16107157727945293,0.14009806831940963,0.18341937001252173
2024-01-28,9860000.0,-5.3,3.9,3.986719233904476,4.956449678511916,0.0,0.1258673806955655,0.11018350662499743,0.13339423853414747
2024-01-29,12950000.0,-4.8,4.6,3.5237566140186636,4.4745726264343695,0.0,0.15159923185024532,0.13051118849873397,0.16683801702282586
2024-01-30,12940000.0,-1.9,9.6,3.933719920023431,2.960101891333506,0.0,0.1573271299470839,0.13302525528583348,0.20522041880913333
2024-01-31,10950000.0,-0.8,10.3,5.6515280814326525,4.327914393193376,0.0,0.16130755020880533,0.14012298028850026,0.18913677850680144
2024-02-01,7640000.0,0.4,8.2,6.080273155291583,8.132049381954635,0.0,0.19476752566697667,0.18020275601511243,0.170869787719447
2024-02-02,10820000.0,-1.7,7.7,5.787838840395401,5.659810593035044,0.0,0.14374026973777623,0.1240004210712369,0.14462088512219146
2024-02-03,4040000.0,0.7,8.0,7.109191693069648,6.638529823031058,0.22999999999999998,0.10667814359084944,0.09896364682183209,0.10342072604031294
2024-02-04,7730000.0,2.6,8.8,7.524051826048306,13.360864350771251,1.02,0.22102980068962355,0.2056152412309614,0.14475854293109924
2024-02-05,2490000.0,1.3,5.1,6.305238298559089,11.289690934388254,0.6400000000000001,0.1544562400829498,0.1498820542204544,0.11098016103223292
2024-02-06,2920000.0,-2.3,4.7,5.707102972490339,4.702042539216317,0.05,0.07360530860855755,0.06861058861233739,0.07900916178931623
2024-02-07,9550000.0,-3.9,4.0,4.413154444294247,3.929842045824967,0.0,0.11751617132872856,0.1018744483109039,0.12214393844430171
2024-02-08,13550000.0,-4.7,5.3,4.545452908490638,3.573672050811128,0.0,0.12481106457176676,0.10240411976088881,0.13240680123077603
2024-02-09,14070000.0,-3.4,6.6,4.111550138974448,5.635866391689578,0.0,0.20604494841505025,0.18162188685221364,0.20067722592544857
2024-02-10,10860000.0,-4.5,6.9,4.431245246546056,6.620571672021956,0.0,0.19265265583346403,0.17407640269683697,0.18404074535003156
2024-02-11,11390000.0,-4.0,6.8,4.453601059039776,7.60826997752252,0.010000000000000002,0.21812127183092905,0.19849434665833288,0.1930083658971816
2024-02-12,15120000.0,0.9,9.6,5.308356924350151,5.89326655615336,0.0,0.2561603821390448,0.22643441583562693,0.24373078933088904
2024-02-13,13500000.0,6.7,14.6,9.259775345737173,9.12872676295975,0.0,0.32601933522488974,0.295034160894499,0.2679714247288925
2024-02-14,9870000.0,10.4,17.0,13.52127163600087,7.982398123545459,0.21000000000000002,0.21595305490089056,0.19157373184946894,0.1784668343240779
2024-02-15,2550000.0,-2.5,11.5,6.093198469078817,7.997363249386377,0.51,0.22545757795456617,0.22056422836904593,0.20657907105590523
2024-02-16,15360000.0,-3.4,8.1,5.1981380544867415,3.8610024669567466,0.0,0.16392804124794527,0.1365368417463659,0.16730738985190102
2024-02-17,15710000.0,-2.5,11.4,6.478759066617994,4.067521203561411,0.0,0.19085078932449565,0.16075329643458797,0.18295059007807865
2024-02-18,5810000.0,3.4,13.1,10.1889649877975,5.180926566125681,3.25,0.09482015791393336,0.08232043694090978,0.09898966847313703
2024-02-19,3540000.0,3.1,14.3,10.344189235155698,7.754928210763513,0.24,0.1018784929261958,0.09416578603401944,0.11597465677912848
2024-02-20,3220000.0,4.2,8.5,7.899494785079307,16.88066194855508,0.55,0.2519700500914582,0.24541873318676447,0.1423808808090013
2024-02-21,2120000.0,1.2,4.9,6.906343876068134,16.365861619627513,1.31,0.11171334137652837,0.10783894571197403,0.06796791201464894
2024-02-22,2290000.0,0.6,3.2,5.394032551680415,12.947826877561928,0.27999999999999997,0.19840707850987704,0.19438856784146832,0.1285590565573676
2024-02-23,10290000.0,-0.7,7.7,4.737164494477745,11.993051848911383,0.0,0.3807645042770142,0.3616666184603557,0.25668971300140664
2024-02-24,9790000.0,0.8,7.3,5.7088474504263935,8.566038031341247,0.5599999999999999,0.2521364644811064,0.23362704586360977,0.19225692474332803
2024-02-25,5980000.0,-2.8,5.8,5.8214799913489825,5.516145384962236,0.020000000000000004,0.10548121187267086,0.09513881254736443,0.09798117393246238
2024-02-26,14340000.0,-0.0,9.2,5.238421910261955,7.153330151958624,0.0,0.29610923701272784,0.26850123160745176,0.24918479708342184
2024-02-27,13790000.0,1.0,9.7,4.850763225490781,7.850705016145385,0.0,0.35861916417628953,0.3314217109877024,0.29751751513709873
2024-02-28,12370000.0,1.4,10.7,6.126546615128791,3.908890869647683,0.0,0.21306027091831678,0.18812324456473312,0.2127571610834586
2024-02-29,5070000.0,-4.9,7.3,4.955981754298581,7.497528046299729,0.09000000000000001,0.16994867744981412,0.16127633827829485,0.15898232531723985
2024-03-01,18190000.0,-7.3,-0.6,2.2871613225505256,10.251111201028571,0.0,0.3257666519907971,0.30050256934418124,0.19787866738919507
2024-03-02,17530000.0,-2.7,4.5,4.071284083256945,11.068207071942673,0.24,0.35418020526783967,0.32452731942953816,0.21707043928161104
2024-03-03,16280000.000000002,2.4,10.0,7.235130795308767,8.470261225959375,0.09000000000000001,0.2900887889991793,0.25711763929868114,0.20545649024555868
2024-03-04,13440000.0,3.5,11.6,7.453090835664481,5.30663362318939,0.22000000000000003,0.2504699232405388,0.2221298659057863,0.22059411804222218
2024-03-05,3250000.0,2.6,7.6,7.939100449178708,9.712366670755538,0.17,0.10651143713265651,0.10015245017246073,0.08244930739890358
2024-03-06,13440000.0,2.7,10.9,6.4924303389639615,7.377807039572389,0.010000000000000002,0.3169819353946402,0.28926268635193664,0.258138552693629
2024-03-07,15740000.0,-2.0,8.3,5.013231614151375,8.015321400395479,0.0,0.3048450282893101,0.2759800133284453,0.2336635603016462
2024-03-08,19330000.0,-4.9,7.2,3.529449135858652,10.514497415828723,0.0,0.42311681260717116,0.39011357704876237,0.28757588608170054
2024-03-09,19560000.0,-4.0,7.1,3.9374847507730024,3.9298420458249685,0.0,0.24970755092403882,0.21581668829333922,0.22643222735615218
2024-03-10,19580000.0,-2.2,10.1,4.87346697499751,3.684413982033919,0.0,0.2689706511759284,0.23207516793476834,0.24901716091500373
2024-03-11,10830000.0,2.9,10.8,6.863107769629003,4.699049514048133,0.010000000000000002,0.22951682963211112,0.207147094856894,0.21141367634064992
2024-03-12,11880000.0,-2.1,10.8,6.751001480870673,5.956120084685214,0.33,0.20558811871153154,0.18290291534125275,0.1766858520096264
2024-03-13,19640000.0,0.3,11.5,5.959592706798501,7.8686631671544855,0.0,0.3810940420675371,0.3416846258337925,0.2942203168838989
2024-03-14,19860000.0,-0.4,14.0,6.6385222450246975,6.482892514285514,0.0,0.4077141258092909,0.3667539854827958,0.30588450815719115
2024-03-15,20430000.0,-1.0,15.3,6.328134435098657,5.746608322912367,0.0,0.4595332558246237,0.41695625438400896,0.3419944583261446
2024-03-16,18770000.0,5.4,18.1,6.640516190235852,6.177603947130795,0.020000000000000004,0.5197688203627672,0.47548347541110897,0.46938631367624817
2024-03-17,14490000.0,-1.0,11.6,5.085223222143374,8.877312648832335,0.0,0.42858610624540744,0.4000533892828308,0.3246086773508568
2024-03-18,20790000.0,4.0,13.7,4.831162472639026,4.9354985023346325,0.03,0.4349106376459462,0.38942623611107935,0.4057172614317821
2024-03-19,16579999.999999998,1.0,12.3,6.023323432961965,14.459304587494607,0.06999999999999999,0.5638201925237946,0.5297787094512385,0.34833066407012153
2024-03-20,20460000.0,-3.1,8.4,4.04035094938848,9.107775586782466,0.0,0.4274732612376873,0.39059907385013964,0.3024442087394973
2024-03-21,20210000.0,0.0,11.8,5.007014336141731,5.330577824534857,0.0,0.37321610303589087,0.3326629308320223,0.3269478449270423
2024-03-22,15270000.0,7.0,17.6,9.649224539699222,11.963121597229547,0.15000000000000002,0.5397476064194915,0.503237071437344,0.3910202489452982
2024-03-23,19550000.0,9.5,19.3,9.273155075403169,7.539430398654298,0.0,0.5664658975538315,0.5174200970419043,0.4838377195532976
2024-03-24,11760000.0,8.5,17.4,9.10317462711636,11.945163446220446,0.0,0.5809581954907707,0.5524053247004767,0.43306316485057794
2024-03-25,6910000.0,2.2,13.5,8.725647062446612,14.695753575781104,2.5500000000000003,0.29241824565252933,0.27772060135922694,0.20518655014357798
2024-03-26,12320000.0,0.3,11.7,7.319456353951088,5.3904383278985275,0.13999999999999999,0.22865033104522287,0.2038524354099563,0.19805691746406132
2024-03-27,18740000.0,7.4,16.2,10.090470634774837,3.5676860004747613,0.0,0.33709835871194255,0.29282966821064427,0.28887288310228765
2024-03-28,2750000.0,5.8,9.9,10.215178326985962,6.042917814562536,1.59,0.054335460306318764,0.04848618073951969,0.05875311679908457
2024-03-29,14420000.0,1.4,15.3,8.972294492093658,11.72667260894305,0.1,0.3916263459159185,0.3605152227353233,0.25336452855294744
2024-03-30,16649999.999999998,1.7,17.3,8.564555502853375,6.9079020881675754,0.22000000000000003,0.45122554831967987,0.41414761290122754,0.3293937893837432
2024-03-31,21780000.0,2.8,17.0,6.364536974292034,5.249766144993902,0.0,0.5328262450366739,0.48380402932433225,0.42874122295569456
2024-04-01,22300000.0,4.3,18.4,7.75423687364471,4.145339857934181,0.0,0.48341215271551485,0.43131553540893003,0.40759678260056287
2024-04-02,18850000.0,12.6,23.7,11.957683351042268,5.881294455480626,0.67,0.565983368487812,0.5149786782012539,0.5306777162359281
2024-04-03,3230000.0,8.7,14.0,12.924920918642297,6.282359828017218,0.87,0.07291751111713743,0.06537167820681147,0.07387621429964808
2024-04-04,8920000.0,9.3,15.3,9.887491120566136,8.817452145468664,0.30000000000000004,0.38364589879369604,0.3623181992494422,0.30573486077115347
2024-04-05,12720000.0,6.2,16.9,10.29417503412649,4.2919980911751745,0.06999999999999999,0.28176991112560973,0.2519060239919284,0.25745133462242703
2024-04-06,15170000.0,6.0,17.7,8.832809792236201,2.9181995389789366,0.0,0.31616567656188044,0.280286465819253,0.3078305159966592
2024-04-07,22960000.0,8.0,21.6,8.235739642227752,3.645504654847533,0.0,0.5481651620853281,0.49006283623753194,0.49456910008290433
2024-04-08,13850000.0,6.8,20.6,9.230399814032467,5.279696396675738,0.0,0.47211183012574265,0.43790173648215713,0.4192786396642096
2024-04-09,23150000.0,6.0,18.8,7.927433575878777,9.76624112378284,0.0,0.7380345008278467,0.6825505601306278,0.529931617121259
2024-04-10,20030000.0,9.6,18.8,10.967471313918224,2.8224227335970635,0.0,0.3932655816466797,0.3432358612243014,0.3469257536377591
2024-04-11,18050000.0,7.4,20.8,10.779551674054137,3.07383684772448,0.0,0.39698071225398424,0.35199608236036056,0.35753688404564365
2024-04-12,22980000.0,9.9,23.3,11.600722434170308,3.292327685001877,0.0,0.5232410634885476,0.4628838318643453,0.46098654451560145
2024-04-13,23520000.0,8.7,26.1,11.613774112303325,3.795155913256709,0.0,0.6421724868889956,0.5794250413414289,0.5391017846904175
2024-04-14,22490000.0,15.7,27.2,12.313954226201137,6.916881163672125,0.18000000000000002,0.7945817038878282,0.7301693879107279,0.7469798342418947
2024-04-15,5800000.0,11.6,19.2,15.635032159895761,6.671453099881076,1.2400000000000002,0.18748767019262316,0.17262222736266614,0.16471811554060364
2024-04-16,17280000.0,7.1,19.5,10.880858125823854,7.078504522754035,0.04000000000000001,0.4622292538318334,0.4199333466420764,0.37569820710311835
2024-04-17,22810000.0,9.5,21.3,10.31474326887854,3.85501641662038,0.0,0.5097523990967262,0.45129020065684344,0.461794644534249
2024-04-18,24210000.0,7.3,24.0,10.752067145158772,4.630209935179912,0.0,0.6664901278670967,0.6041158395769632,0.5255883824112733
2024-04-19,22910000.0,12.3,24.5,9.65477216491401,4.441649349584351,0.0,0.6352406496686117,0.572964013039309,0.6114317744886455
2024-04-20,2850000.0,13.8,16.5,14.494811248284513,11.795512187811271,0.9,0.22893522088446927,0.2216689952677937,0.18945668353852235
2024-04-21,8740000.0,13.9,18.6,13.123506070571173,11.93019832037953,0.0,0.5055043459075466,0.4827088890655397,0.36941781107173244
2024-04-22,20440000.0,11.1,21.2,11.045316688392909,12.229500837197882,0.0,0.802219068628103,0.7490156149052161,0.5709695117245589
2024-04-23,17750000.0,11.3,21.6,11.623571346503553,10.978416316897167,0.33,0.7061654877193517,0.6596840544991649,0.5361904785435103
2024-04-24,13080000.0,9.1,18.4,11.669387971666643,8.015321400395479,0.05,0.4091055055193866,0.3767609483167482,0.3249519161674671
2024-04-25,23590000.0,8.6,22.1,13.394922001057521,3.118732225247233,0.0,0.47753788596161184,0.4171398761908639,0.3894935272711743
2024-04-26,19460000.0,9.5,24.9,13.105342736085493,3.3581742387019147,0.0,0.5174232073783072,0.4657066948521317,0.43921224230663175
2024-04-27,25800000.0,7.9,25.6,10.782609324743786,4.079493304234145,0.0,0.7086100122472997,0.6406445086814964,0.5773361755525463
2024-04-28,22230000.0,15.1,27.9,13.156255828889854,5.522131435298603,0.06,0.7551543882147546,0.6914359521398359,0.6894384257703352
2024-04-29,9930000.0,12.7,18.2,14.598262749040504,8.583996182350349,0.020000000000000004,0.32584223135619406,0.3003649383974655,0.2392533779142992
2024-04-30,9710000.0,11.7,20.2,13.079951184668118,7.784858462445348,0.03,0.3989775078664271,0.3738059179707522,0.3451541289700405
2024-05-01,19650000.0,7.4,20.1,9.972814057588762,7.201218554649561,0.0,0.5777722384764272,0.5291812179082432,0.4591948013684739
2024-05-02,25610000.0,8.5,23.5,10.05590867897711,4.094458430075062,0.0,0.6765845998110201,0.6101270484437714,0.5482638523904051
2024-05-03,26380000.0,9.0,25.6,11.067200348270447,3.1067601245744987,0.0,0.669257199000368,0.5990148193197067,0.552670971472506
2024-05-04,24290000.0,17.7,28.1,15.690225849567724,3.96575834784317,0.6200000000000001,0.6856570025831155,0.6145142732921128,0.6277649656551529
2024-05-05,3290000.0,14.2,20.0,18.652661127239334,12.154675207993295,5.120000000000001,0.11688431144567124,0.10815780272815056,0.10040081782472343
2024-05-06,9010000.0,12.6,17.3,13.979463464333167,12.723349989948165,0.45,0.38307697404761043,0.360202976026592,0.24659864522752
2024-05-07,5980000.0,10.3,15.9,12.874795665600823,7.87165619232267,2.04,0.22280628692302687,0.2082364299129011,0.17643354297624655
2024-05-08,22090000.0,7.5,19.0,9.845071291828404,5.339556900039408,0.0,0.5172742837233387,0.4632670662862548,0.4263822510995842
2024-05-09,26150000.0,9.0,20.8,10.258999219256552,7.569360650336133,0.0,0.6976526086933311,0.6313356232562751,0.5407475927739582
2024-05-10,26270000.0,13.4,23.4,13.251270041606482,7.314953511040534,0.0,0.749928598922418,0.6785184180297169,0.5869919379528319
2024-05-11,15440000.0,13.0,23.8,15.702987108194618,10.014662212742074,1.01,0.5661393078181646,0.5241684972744529,0.4430630238605343
2024-05-12,25430000.0,10.5,21.4,10.779551674054137,5.489208158448584,0.0,0.6395021847328277,0.5735790610410653,0.5298956536629642
2024-05-13,27150000.0,8.9,23.4,11.151966604290893,3.9956885995250055,0.0,0.6680549070288596,0.597385935963479,0.5349114964175643
2024-05-14,26980000.0,8.7,24.1,10.973681124995363,5.049233458725605,0.0,0.765113645585181,0.6945325377608957,0.5816199566217467
2024-05-15,22330000.0,7.3,22.6,10.992329129422147,11.35254446292011,1.4300000000000002,0.9367204971321771,0.8800305553109409,0.5639329238327289
2024-05-16,26600000.0,11.1,18.9,10.91790406290446,10.439671786624134,0.0,0.7832513746038359,0.7156489738521575,0.5130991640116439
2024-05-17,25850000.0,11.3,24.5,12.51124002609224,6.89592998749484,0.0,0.7832809904072627,0.7136607594320836,0.6087023880299894
2024-05-18,26850000.0,12.5,25.9,14.916584636378138,3.9956885995250055,0.0,0.6731890959443443,0.5991434670355028,0.5491586169729028
2024-05-19,26100000.0,11.9,27.8,14.634223623604058,3.9058978444794996,0.0,0.7443400341414307,0.6715429194323864,0.5923177035256473
2024-05-20,24450000.0,13.0,25.9,17.122203095413923,4.297984141511542,0.0,0.6026578006871108,0.5349337573384563,0.4823654054108804
2024-05-21,23930000.0,13.2,25.2,16.458902519949117,5.704705970557797,0.0,0.6179569288090313,0.5519639344034979,0.49478246426242894
2024-05-22,23220000.0,15.2,27.0,18.64771314395619,3.492860371270173,0.0,0.5763314243383714,0.5102017993729421,0.48378733368776616
2024-05-23,26430000.0,12.1,28.7,15.22027024186219,4.758910017411804,0.0,0.817323775058101,0.7429155577149334,0.6374658496742038
2024-05-24,23660000.0,17.0,28.5,16.632645530251395,6.102778317926207,0.0,0.7673798108254114,0.6982378498509035,0.6766436948543946
2024-05-25,11950000.0,14.5,23.6,14.762715225995613,6.396094784408192,0.0,0.47445116429459927,0.4415836149041115,0.4360563527885052
2024-05-26,14840000.0,13.7,26.9,18.8315563965589,8.853368447486867,2.84,0.5512897225134139,0.5095808191504666,0.43830013862469375
2024-05-27,22250000.0,12.3,22.4,12.76795940885548,7.0455812459040175,0.0,0.6547606273251481,0.5954582561523707,0.5220952664692277
2024-05-28,20500000.0,11.4,23.1,13.163543298957311,6.527787891808267,0.010000000000000002,0.5938435288199225,0.5393104852322523,0.49410627841872684
2024-05-29,25820000.0,14.3,27.0,14.510684841287668,3.8101210390976266,0.0,0.6896677662932346,0.6166736781627066,0.5993674394188744
2024-05-30,15670000.0,17.1,27.4,15.495689582416224,4.190235235456934,0.0,0.5442560413643108,0.49881029309626523,0.5346082482566816
2024-05-31,26200000.0,15.4,26.3,14.471029448015114,7.147344101622258,0.010000000000000002,0.8298811949138617,0.7555683048025654,0.6872577199120748
2024-06-01,22570000.0,12.1,25.2,13.539940505422695,6.824097383458436,0.010000000000000002,0.7313867799794936,0.669754166861052,0.5859428578396
2024-06-02,24250000.0,12.4,27.1,12.41398316951154,6.333241255876338,0.0,0.8980789435781074,0.8305580630933542,0.7016231154506216
2024-06-03,25470000.0,13.7,26.3,14.192202087726796,5.249766144993902,0.0,0.7319086924773779,0.660686190665394,0.6179947591726755
2024-06-04,27340000.0,13.6,27.5,12.910581945149543,4.22016548713877,0.0,0.7972551024556453,0.720092059774601,0.6721026489597131
2024-06-05,22060000.0,16.1,30.0,15.7285369509343,4.348865569370662,0.0,0.7519550029693858,0.6871993277151304,0.6605177725067527
2024-06-06,23360000.0,14.2,29.8,15.261722227030765,4.1124165810841635,0.0,0.7837319639045894,0.7162454436839595,0.6459668033826075
2024-06-07,17840000.0,18.1,28.7,16.098780792550002,4.633202960348096,0.13999999999999999,0.629781450988667,0.5771430156067356,0.6103040029603491
2024-06-08,11420000.0,18.8,22.9,21.80315622203419,4.782854218757273,0.9800000000000001,0.31811311003449105,0.2857217663294909,0.24399573919393186
2024-06-09,24560000.0,16.0,29.6,18.771758340965388,4.22914456264332,0.0,0.7200821382475147,0.6482561818815409,0.5986901237051425
2024-06-10,26430000.0,18.7,31.5,18.87151442274763,8.628891559873102,0.0,1.0499757752099064,0.9701094890449975,0.8523209507124548
2024-06-11,26690000.0,17.5,31.8,19.112826164538326,5.142017238939296,0.0,0.9023773538982098,0.8222183808934582,0.7361526696486833
2024-06-12,27170000.0,18.3,33.2,14.47499070041928,2.7745343309061274,0.0,0.8495855597467628,0.76677134258647,0.7476097479498333
2024-06-13,26500000.0,18.5,34.6,15.504103455874382,3.468916169924705,0.0,0.9594172888580765,0.8778113721135974,0.8148798046048398
2024-06-14,24110000.0,20.6,33.8,19.173574789467978,4.417705148238882,0.05,0.8627402213689528,0.7878929245347015,0.7840823667422578
2024-06-15,20290000.0,18.8,29.5,21.763475761416593,5.243780094657535,0.30000000000000004,0.6344117478438137,0.5738970465435133,0.5430717746641205
2024-06-16,25340000.0,15.8,29.7,16.36600961160946,5.971085210526131,0.0,0.8857057650574441,0.8116543157297171,0.7221855389112931
2024-06-17,20680000.0,16.1,30.8,14.482916061811775,3.8580094417885635,0.0,0.7580625950178993,0.6970000204350852,0.6722152138350121
2024-06-18,27230000.0,17.6,33.8,16.74036200156971,4.914547326157347,0.0,1.0662094739276713,0.9832667021932314,0.8600638818329456
2024-06-19,24330000.0,19.1,36.3,17.367036981925988,4.654154136525381,0.0,1.0612081527604584,0.9852203339390954,0.9003136403617213
2024-06-20,19620000.0,19.0,32.8,16.916706390073617,5.905238656826094,0.0,0.9011607525456963,0.8412419162992443,0.8112013211577521
2024-06-21,20330000.0,22.6,33.4,20.808117020135903,4.513481953620755,0.43,0.750399912145801,0.6866787473232061,0.7270149858094481
2024-06-22,4090000.0,22.7,25.3,28.25051966241638,8.212861061495591,4.0600000000000005,0.15477194830048102,0.14259941541765025,0.12970485071763668
2024-06-23,12210000.0,21.7,28.3,25.461705401737305,9.67345734356915,0.24,0.5299291229021009,0.493082721448875,0.4188045780064439
2024-06-24,23100000.0,16.1,29.5,20.521229974519652,8.461282150454824,0.020000000000000004,0.8071112381032067,0.7395550657883048,0.60635010667931
2024-06-25,24590000.0,17.0,28.1,18.168354375190706,6.4918715897900645,0.0,0.7649707134050416,0.6933277524511342,0.6339285312058669
2024-06-26,26470000.0,17.9,28.6,18.26043813751939,3.283348609497327,0.0,0.7003446085544575,0.6224139593972069,0.6028444525235097
2024-06-27,16370000.000000002,17.5,29.0,18.717089670619092,3.70237213304302,0.0,0.5196369163850484,0.4714418001514182,0.49513846356047947
2024-06-28,27060000.0,19.8,31.7,20.879019393858208,3.2264811313018393,0.0,0.758705994612211,0.6762270576833362,0.6638112566936407
2024-06-29,14370000.0,23.5,31.4,26.499804209693135,13.181282840680241,3.53,0.8223894703128451,0.7776434047227166,0.6500328617503947
2024-06-30,15080000.0,20.0,27.9,26.005992913123727,7.979405098377277,0.22000000000000003,0.4761494874380534,0.43130072161672317,0.3468875441349761
2024-07-01,22030000.0,22.3,30.6,25.299726199836265,4.3368934686979275,2.06,0.676312143133786,0.60855707374639,0.559626419782936
2024-07-02,6580000.0,23.1,29.5,29.254690561516206,11.02331169441992,3.6100000000000003,0.3787391940770684,0.35854039047732406,0.3205086082908414
2024-07-03,23010000.0,22.5,28.7,26.621151546490967,10.786862706133421,0.06,0.7941112448516849,0.7241146671316436,0.5232352990961477
2024-07-04,24220000.0,22.3,31.3,27.896738184982706,12.57669175670717,0.48,0.9148168835013097,0.8399982248103726,0.6197322437167486
2024-07-05,24090000.0,23.1,28.9,25.533262830329416,7.754928210763513,0.24,0.7994067441511257,0.7257412784208268,0.5852591146555877
2024-07-06,17440000.0,24.2,31.5,30.66232992080088,13.687104094103258,1.77,0.7641050876819181,0.7095389390873523,0.5267283378906014
2024-07-07,7900000.0,24.2,28.9,30.715863375634044,10.541434642342374,4.800000000000001,0.36406413409796773,0.3397363325024438,0.27917459044966614
2024-07-08,5420000.0,23.0,27.1,30.07881147703516,10.586330019865125,5.91,0.21170574090751879,0.19533861212802286,0.15407696579493324
2024-07-09,5990000.0,23.4,26.5,28.314614533910255,8.832417271309582,8.15,0.2720262064158046,0.2539622966321533,0.21728313005803296
2024-07-10,11610000.0,21.8,28.3,26.94029380672258,3.4629301195883384,0.25,0.35634208537662704,0.32128260841538203,0.30322578799994127
2024-07-11,18090000.0,21.5,28.4,26.519995151625295,3.552720874633844,0.34,0.5032618568757489,0.44870824619356986,0.39644334958426
2024-07-12,23660000.0,21.0,29.9,26.105435046103196,3.316271886347345,0.020000000000000004,0.6406383830567464,0.5688070632860732,0.5057278866478364
2024-07-13,22400000.0,22.7,30.5,27.41487419739643,5.058212534230157,0.36000000000000004,0.6813968483113204,0.6123733337508945,0.5316410295002599
2024-07-14,21690000.0,22.1,30.5,26.519995151625295,8.8653405481596,0.03,0.7675895898446894,0.7010072114133132,0.5748365755194352
2024-07-15,20980000.0,22.5,30.6,27.749307272043954,5.677768744044146,0.66,0.6566921879807828,0.5920849376676066,0.5110183502912988
2024-07-16,11460000.0,24.0,28.2,28.745166924432482,9.487889783141773,2.23,0.46791026790919793,0.43282119417896503,0.34974225411514287
2024-07-17,17470000.0,25.9,30.9,29.19606320313022,12.708384864107245,0.010000000000000002,0.8472416030322909,0.7922286563147891,0.6189294228698585
2024-07-18,6960000.0,23.6,28.0,29.342824222372897,13.78288089948513,1.35,0.38164057860085004,0.3604126216504808,0.2767440457017692
2024-07-19,16719999.999999998,22.4,29.6,27.64441639411454,6.336234281044521,0.1,0.5502294534770924,0.4991009110524101,0.4302989578630445
2024-07-20,12320000.0,24.7,31.0,30.953921269800674,13.226178218202994,1.35,0.6163117132696478,0.5777649844459639,0.45443701019696564
2024-07-21,21430000.0,25.8,30.6,30.892333438671688,9.80814347613741,0.2,0.789012616226805,0.7216861064753706,0.547650490939154
2024-07-22,15110000.0,26.2,31.1,29.757185250632403,13.292024771903032,0.0,0.8075112275507978,0.7597931116309755,0.6014190804024875
2024-07-23,6920000.0,23.6,28.2,31.317917077764292,7.751935185595328,0.63,0.2449937443560335,0.223860291408763,0.1847897475882945
2024-07-24,19730000.0,23.7,30.8,31.349067096810796,5.549068661812255,0.51,0.5953383095449587,0.5340509275426005,0.4351261057014292
2024-07-25,20910000.0,25.4,33.2,31.58355474360301,4.375802795884312,0.68,0.6802380512795747,0.6137188993784408,0.5518489768474585
2024-07-26,17330000.0,25.3,31.9,32.15257531427427,5.354522025880326,1.4300000000000002,0.5815058971106959,0.526808180756036,0.4596621877276116
2024-07-27,18660000.0,26.3,32.6,32.025359753542354,7.291009309695066,1.06,0.7068696216578927,0.647409878493786,0.559370428943995
2024-07-28,23810000.0,25.3,32.7,30.274750853867417,12.118758905975092,0.0,0.9881735906633905,0.9126818761650025,0.7030987397296098
2024-07-29,20630000.0,24.9,30.7,31.077418274582826,12.861029147684604,0.04000000000000001,0.7959016374826762,0.7313929302822434,0.51429815714769
2024-07-30,19330000.0,25.1,31.2,30.861579622375302,8.536107779659412,0.03,0.7031577403890756,0.6424642267731946,0.518627152739972
2024-07-31,20440000.0,25.0,32.6,31.59924148993181,6.716348477403829,0.03,0.7069694025705291,0.6423086444286528,0.5481566505543435
2024-08-01,19130000.0,25.9,33.1,32.96583987585683,6.234471425326282,0.0,0.674321080232742,0.613330213541699,0.5324143383030127
2024-08-02,22350000.0,26.3,33.1,34.28247044778183,6.336234281044521,0.22000000000000003,0.7464136163242865,0.6750009023095129,0.5531466120052068
2024-08-03,23170000.0,25.0,33.2,33.04732816903771,3.052885671547195,0.04000000000000001,0.680619510249501,0.6070746256623691,0.5308056437584707
2024-08-04,22280000.0,25.5,34.2,33.26822418601007,3.4599370944201544,0.22000000000000003,0.6903796488616477,0.6190748957469523,0.5537360932285493
2024-08-05,17750000.0,25.0,32.7,32.68200849019524,3.1546485272654348,0.9400000000000001,0.5432325667276188,0.48704967056473186,0.44050131396126024
2024-08-06,20030000.0,24.7,31.9,31.372447339361887,3.376132389711016,0.0,0.5963696319065389,0.5333682462197864,0.47370913807796944
2024-08-07,22350000.0,25.1,32.7,32.52077751598332,2.7266459282151905,0.37000000000000005,0.6480311322683241,0.577248195257473,0.5092428681007779
2024-08-08,16309999.999999998,23.8,31.1,31.25569800920914,3.8131140642658106,0.12,0.4888638132177916,0.43807687308035287,0.38889544491593747
2024-08-09,23550000.0,23.5,32.8,29.108314410002116,3.4509580189156037,0.0,0.6911721829883929,0.6172284558464375,0.5637996832690142
2024-08-10,21650000.0,24.8,33.3,30.99246802168383,4.034597926711392,0.13999999999999999,0.6783265056362658,0.6096447556167874,0.5533477207952492
2024-08-11,23880000.0,24.7,33.9,30.32012543468539,2.217831649623992,0.0,0.6861511304206505,0.6101837776038604,0.5632632135780434
2024-08-12,23250000.0,24.7,34.2,30.350408103036496,3.4778952454292558,0.06,0.7158299451982614,0.6417442523490929,0.596131269961899
2024-08-13,23970000.0,24.0,34.1,28.400271799253858,4.992365980530119,0.0,0.7866433758410928,0.7106017339026679,0.6673517988361325
2024-08-14,24500000.0,24.7,34.1,27.77733678818896,5.815447901780588,0.0,0.8511194836848801,0.773093641383125,0.7256100132603454
2024-08-15,22890000.0,24.6,33.1,28.85369365369683,5.357515051048509,0.04000000000000001,0.7604029617004703,0.687950764902246,0.6299447632715015
2024-08-16,22960000.0,24.7,33.8,28.478989571706343,3.684413982033919,0.020000000000000004,0.7189607628162179,0.6459605965246744,0.614579284394394
2024-08-17,22700000.0,23.4,34.0,28.824718284770537,3.86399549212493,0.06,0.6988446563203996,0.6271160672045335,0.594470049208895
2024-08-18,23050000.0,24.5,34.5,29.130230003400165,4.675105312702665,0.03,0.7600122749474588,0.6865235411665627,0.6518262551430871
2024-08-19,23050000.0,26.3,34.7,30.229435521071185,5.564033787653172,0.020000000000000004,0.8215893104465252,0.7473090558410951,0.6993587265082816
2024-08-20,16870000.0,26.8,34.3,32.37626295618144,8.251770388681976,2.29,0.7386225255241075,0.6842293455596438,0.627496683016288
2024-08-21,13080000.0,26.2,31.8,31.717108804449065,8.287686690700179,0.38,0.5706818129212965,0.5292105140704391,0.47422164766149255
2024-08-22,18610000.0,23.8,32.6,30.73117361425484,11.484237570320182,0.19,0.7534689218738918,0.6950019901672098,0.5611200595111459
2024-08-23,22490000.0,24.0,32.2,28.91172066205491,6.569690244162837,0.010000000000000002,0.7490282502067582,0.6784540799884377,0.594970828075183
2024-08-24,20650000.0,23.2,31.6,30.19925818255993,3.3132788611791617,0.24,0.580321394677337,0.5160592013500771,0.46035496094163425
2024-08-25,21540000.0,23.1,32.0,29.086413206567272,3.1157392000790494,0.03,0.6070987126713224,0.5399454471024958,0.4946467636739732
2024-08-26,19410000.0,23.5,32.6,28.52200675511096,3.9867095240204544,0.78,0.6030506519557548,0.5421773077229701,0.5157734956458601
2024-08-27,7130000.0,22.6,27.7,24.434234968105354,10.23315305001947,0.24,0.4727478859289046,0.45118790917201224,0.4190061617585924
2024-08-28,22630000.0,23.3,32.8,24.265523121060205,11.819456389156738,0.020000000000000004,1.0525378759233825,0.9815660170883534,0.8545906148871036
2024-08-29,21810000.0,22.9,33.6,25.82125268637102,9.814129526473778,0.08000000000000002,0.9171675677079154,0.8486073001372858,0.7778245090764231
2024-08-30,22820000.0,21.3,34.1,25.390323259202194,6.7762089807675,0.0,0.8297712715612084,0.7584995072577352,0.7123769194146623
2024-08-31,23670000.0,21.5,32.6,23.346650627625685,3.852023391452196,0.0,0.6930820368606427,0.6197357384363466,0.6231879357659754
2024-09-01,18090000.0,21.1,31.6,24.45304386831724,5.2138498429757,0.0,0.5975143364082262,0.5419476098025267,0.5424330598763486
2024-09-02,14520000.0,23.6,31.6,23.534015787053427,7.195232504313194,0.06,0.6729516464856587,0.6276567982071221,0.6423315157264015
2024-09-03,15660000.0,20.8,30.2,19.800852427972693,9.278378021368926,0.0,0.777288681018414,0.7297137068775196,0.7132765427045751
2024-09-04,22380000.0,22.3,33.3,22.68641615162184,4.815777495607291,0.0,0.7348438138543514,0.6648629671676964,0.6906489177070886
2024-09-05,18930000.0,23.4,32.8,27.063400411694282,6.967762591531245,0.24,0.7046727728408769,0.6452699697180309,0.6172767636364102
2024-09-06,12510000.0,22.7,31.8,26.742983925855093,2.316601480174048,0.13999999999999999,0.3865489751019322,0.3476891094734729,0.3617731162300254
2024-09-07,14350000.0,21.3,31.2,27.41487419739643,3.3581742387019147,0.16000000000000003,0.4223158699474888,0.3782933891916755,0.37647428572058167
2024-09-08,21620000.0,23.7,33.2,24.503262820284487,3.8789606179658476,0.0,0.6761056009520405,0.6079850374065651,0.6218216259346472
2024-09-09,19390000.0,23.9,33.0,27.77032709280512,4.522461029125306,0.11000000000000001,0.6283359917968969,0.5672417398474627,0.5553340394339991
2024-09-10,21210000.0,24.5,36.0,26.57390336915721,3.9897025491886384,0.0,0.7101035027377269,0.6419323744249323,0.6746000380558765
2024-09-11,14490000.0,25.1,35.2,30.892333438671688,3.576665075979312,1.8100000000000003,0.511347348885927,0.4648243875245216,0.48209350524914496
2024-09-12,13200000.0,24.6,32.5,31.015616162839866,3.2534183578154914,0.35000000000000003,0.4239888740804176,0.38235030592152225,0.3762429835338649
2024-09-13,17050000.0,25.4,32.5,30.433821525412387,5.692733869885064,0.05,0.5985828894628867,0.544554733646924,0.5098180245093256
2024-09-14,19540000.0,24.4,33.1,29.54197254043082,4.321928342857009,0.010000000000000002,0.6132724381902652,0.5514938447735077,0.5257372283809227
2024-09-15,19520000.0,24.4,34.1,26.906184437841006,13.63023661590777,0.0,1.047368481688399,0.9853056225415813,0.8563114863797558
2024-09-16,13400000.0,24.8,30.7,28.357414935185478,6.803146207281151,0.0,0.53006673975893,0.4881907010852416,0.4649105276881816
2024-09-17,16540000.0,25.8,34.9,32.28023124439301,2.846366934942532,0.45999999999999996,0.5254156491640424,0.47219820722881656,0.46276435105937513
2024-09-18,16790000.0,23.7,33.9,31.00789844090435,3.8191001146021772,1.09,0.5226151623748416,0.4695009681868717,0.45826690149671395
2024-09-19,15480000.0,25.3,33.7,31.59924148993181,3.292327685001877,0.47000000000000003,0.4940871825762965,0.44473336049697876,0.43566773861907643
2024-09-20,3060000.0,22.5,27.1,30.350408103036496,7.332911662049636,4.71,0.10186540655687384,0.09265627265912545,0.0970197516503746
2024-09-21,4080000.0,19.2,22.1,22.18040957688458,9.754269023110107,1.85,0.18949533433018834,0.17796102450940776,0.15397841767825743
2024-09-22,10870000.0,16.6,24.6,18.632876093687226,9.06886625959608,0.24,0.43627979705109315,0.4055753630230723,0.37470869383603106
2024-09-23,20210000.0,15.4,24.3,14.321205462731921,10.236146075187655,0.0,0.7314044832637239,0.6750355296901688,0.5926044322874483
2024-09-24,19330000.0,17.5,25.5,18.6180493880255,5.034268332884688,0.0,0.49586753064756,0.44046144115911295,0.42993648983762506
2024-09-25,15660000.0,17.9,26.9,20.90087801087969,3.142676426592701,0.0,0.38268685535758845,0.3371655376950308,0.34689512863458927
2024-09-26,16160000.0,19.3,27.4,22.94021874440499,3.2504253326473074,0.08000000000000002,0.3974408349405814,0.34979419382669497,0.3456397391459885
2024-09-27,18520000.0,19.0,26.3,20.200636463090824,5.546075636644072,0.0,0.5081608245711442,0.4541210573694183,0.43732861538694223
2024-09-28,17580000.0,18.9,27.0,20.195330606347547,11.319621186070089,0.03,0.6815695774191153,0.630041287301237,0.5340655877945067
2024-09-29,17770000.0,15.6,26.5,17.884998792376873,9.041929033082429,0.0,0.5808106015240526,0.530243426550999,0.4987957185762137
2024-09-30,18600000.0,15.4,26.0,15.487279716404053,4.124388681756897,0.0,0.46367296188632434,0.41104658499396496,0.45585759061871506
2024-10-01,8470000.0,10.3,24.2,13.803692872910197,7.270058133517781,0.19,0.4284778432634808,0.40594638574213604,0.3967846985373654
2024-10-02,17830000.0,10.1,18.1,9.475905709377775,5.890273530985177,0.0,0.4395798005048352,0.39514345972902853,0.402508158324569
2024-10-03,7320000.0,10.3,18.3,13.85316926637327,5.049233458725605,0.6200000000000001,0.18887081462111155,0.17054706945846818,0.18128233024377172
2024-10-04,18610000.0,9.3,21.7,13.678795438745851,4.573342456984426,0.0,0.35502556623964504,0.3072282417621699,0.3203241482795796
2024-10-05,16250000.0,11.5,22.1,14.199991320672021,4.812784470439108,0.0,0.3549582609863164,0.312108328093913,0.3327783234569427
2024-10-06,3560000.0,13.8,18.5,16.199086181488042,2.9660879416698727,0.76,0.1090703948462222,0.09980403989252959,0.12137594629650095
2024-10-07,8990000.0,13.1,19.6,14.93693505635156,2.3914271093786366,0.010000000000000002,0.19274016273396827,0.16924542356942796,0.19208945683317236
2024-10-08,16079999.999999998,12.0,21.1,14.658240728904296,5.189905641630232,0.0,0.33776103043355704,0.29556869382867845,0.3003129050914656
2024-10-09,15360000.0,12.5,22.6,14.21948083135651,6.61458562168559,0.0,0.4108901766266559,0.36979465844163084,0.3823621220061091
2024-10-10,14840000.0,11.0,21.6,14.646227853831034,3.145669451760884,0.06,0.27190753124268635,0.23316318964296903,0.26191937819221855
2024-10-11,16960000.0,10.5,22.5,13.765739803871314,3.7323023847248553,0.0,0.32311806057008663,0.278661007636676,0.3204375630154153
2024-10-12,17300000.0,9.4,21.8,13.431975516959366,4.2500957388206055,0.0,0.32466978037017824,0.28014449557703186,0.31059728644293605
2024-10-13,11590000.0,13.7,23.2,15.286640951346069,6.114750418598941,0.18000000000000002,0.35325537761928105,0.3217212319738757,0.3505613771788051
2024-10-14,3460000.0,15.8,20.2,18.34317530080849,3.9837164988522713,2.09,0.12119261563442954,0.11185656347400023,0.1300029958013082
2024-10-15,5180000.0,16.0,21.6,19.952576451643054,2.98105306751079,0.020000000000000004,0.12554429720460486,0.11136072826695793,0.12526114836386498
2024-10-16,13540000.0,13.2,22.8,17.28354387609431,4.342879519034295,0.0,0.2708366516816863,0.23430192733133573,0.25051862143729
2024-10-17,12570000.0,15.4,23.2,17.31597150354405,6.372150583062724,0.24,0.3431496938066189,0.30842355037539615,0.31586706296411565
2024-10-18,5970000.0,16.4,23.9,22.63946902456384,8.757591642104995,4.64,0.15086921664360634,0.13413252299576214,0.12648936756631896
2024-10-19,4200000.0,10.3,19.7,12.21463469094436,14.06422526529438,0.1,0.44861189176393407,0.4379378284873532,0.3604322605424142
2024-10-20,14410000.0,9.8,16.3,9.607706792518494,11.373495639097394,0.0,0.504758249790703,0.4696899039942265,0.38245348741143487
2024-10-21,6460000.0,14.7,18.6,15.03086124257255,5.456284881598566,0.7400000000000001,0.21621033542646698,0.19922623277040624,0.21293048371639686
2024-10-22,3360000.0,12.6,19.3,17.237311058669558,8.712696264582242,0.8900000000000001,0.10524776305680598,0.0965375115584056,0.09809493305482438
2024-10-23,11540000.0,7.4,16.6,10.317684540286132,7.928523670518157,0.0,0.2995549198772958,0.2721614497815166,0.2709848119438292
2024-10-24,15450000.0,7.7,16.5,10.206433956086146,6.138694619944409,0.0,0.29195697597531384,0.2551931987346097,0.2718618523870449
2024-10-25,13390000.0,11.5,20.3,13.891333965510233,7.359848888563287,0.0,0.3206037438872775,0.28592784894818785,0.29222100013997276
2024-10-26,14580000.0,11.5,22.5,14.839474846789178,7.126392925444971,0.0,0.33951555174615444,0.30091827733053533,0.3257530013430479
2024-10-27,6510000.0,11.3,19.3,15.319921462683737,4.1094235559159795,0.05,0.14050221273912977,0.12385201067601714,0.14815352497906362
2024-10-28,8279999.999999999,12.9,19.7,12.789264098207319,10.873660436010745,0.03,0.43354805413275155,0.41193059129948606,0.37057659991809666
2024-10-29,11970000.0,11.7,19.0,12.785711148125815,5.339556900039408,0.0,0.2686796471328359,0.23803258579515663,0.26877576027023353
2024-10-30,14120000.0,8.4,19.1,12.112632293066904,5.26473127083482,0.0,0.24797082850037627,0.2130545328045617,0.2534978969858834
2024-10-31,13850000.0,11.2,21.1,13.02207564531837,3.9388211213295183,0.25,0.2591441551258125,0.22309386970203632,0.28164352866543996
2024-11-01,2730000.0,12.9,15.3,14.54645624684067,7.805809638622632,1.4500000000000002,0.1165917423661837,0.10978797285872707,0.10875853529220594
2024-11-02,12290000.0,10.0,22.5,14.447281917406373,6.342220331380889,0.0,0.28147276811319805,0.24941828703902594,0.29129257212871945
2024-11-03,13050000.0,12.5,21.5,14.278090389666174,5.082156735575625,0.12,0.2760964535404101,0.2415495103906277,0.2882206087907099
2024-11-04,9870000.0,6.3,19.7,10.23268686356526,6.300317979026319,0.04000000000000001,0.3096660622616851,0.2856741662540079,0.31486951771345406
2024-11-05,12870000.0,3.0,14.3,6.189978114182518,6.8630067106448225,0.0,0.3148552110105491,0.2868539109182314,0.32786397625228414
2024-11-06,13780000.0,1.0,11.6,5.9795577983635955,5.381459252393977,0.0,0.2181448917971572,0.19015128226044592,0.23594570512418142
2024-11-07,13550000.0,5.0,14.1,7.4774167447753985,3.5317696984565594,0.0,0.19245988167339423,0.1622447852109288,0.2273718000076051
2024-11-08,12510000.0,5.1,17.6,10.122244289324472,3.7173372588839375,0.0,0.17978991466430777,0.1505644132066676,0.21122016824994586
2024-11-09,11140000.0,9.3,18.4,11.864222535048663,5.198884717134782,0.0,0.21850627060256547,0.1908970939222092,0.23774413702659764
2024-11-10,8890000.0,9.2,18.5,11.814419028180664,3.280355584329143,0.0,0.1647058554385053,0.14267303850059082,0.19805352695952444
2024-11-11,12210000.0,7.9,19.1,11.738410789699607,3.729309359556672,0.0,0.1824170055002551,0.15239403254272682,0.2171034828973358
2024-11-12,12380000.0,6.4,17.6,10.285371138252556,4.720000690225418,0.0,0.19779399004192702,0.16840654118700957,0.23246792509577946
2024-11-13,11880000.0,7.9,20.0,11.215124257513649,4.312949267352459,0.0,0.21301261381299522,0.18350355817967876,0.2616010506375307
2024-11-14,7900000.0,10.4,19.3,13.343197976425994,3.2953207101700603,0.27999999999999997,0.14859912063655747,0.1285859933815791,0.17890408523630486
2024-11-15,4910000.0,11.8,17.6,13.22197088189908,6.518808816303717,0.010000000000000002,0.19180852578962765,0.17941006955377556,0.20096287776045402
2024-11-16,11050000.0,8.8,21.7,14.110641418856122,6.7762089807675,0.13,0.2339364508029152,0.205704321672649,0.25153938305848433
2024-11-17,4740000.0,-0.3,10.3,3.982912672917405,10.068536665769376,0.0,0.40638683419918403,0.3971421972953274,0.3436778016425388
2024-11-18,12570000.0,0.6,6.1,3.821026872287955,6.090806217253472,0.0,0.232609698349692,0.2093992429001968,0.23618873614127298
2024-11-19,10970000.0,1.8,12.0,6.339610039413273,2.083145517055733,0.0,0.10877716253028569,0.086084371484492,0.15242506842387826
2024-11-20,9180000.0,5.3,11.0,7.873960594386676,3.1636276027699854,0.0,0.12017668216474846,0.10048260281005897,0.146761408306224
2024-11-21,9250000.0,4.1,13.6,8.730723932932467,6.47092041361278,0.020000000000000004,0.16968346818306101,0.14944630059299283,0.18624276132522757
2024-11-22,11730000.0,0.2,10.4,5.370846491224622,4.5194680039571224,0.0,0.16367991595375647,0.14058200222214676,0.20475218550525284
2024-11-23,10750000.0,0.4,11.2,6.343439326513337,3.917869945152234,0.0,0.1291189370569768,0.10761509041095414,0.17063582549698877
2024-11-24,11220000.0,2.1,12.9,7.47520240580001,2.5350923174514453,0.0,0.1021942611477743,0.07856980147180977,0.14592653821388066
2024-11-25,9910000.0,5.8,15.8,10.16861780862752,10.463615987969604,1.3800000000000001,0.23989287166424286,0.21706005771276868,0.22498472569354938
2024-11-26,9130000.0,2.4,10.6,6.047147890328515,13.498543508507696,0.30000000000000004,0.3894033791758237,0.3707428085971252,0.2815882375818476
2024-11-27,6470000.0,-0.3,5.5,5.217439949926947,9.945822633873853,0.51,0.20505477524423296,0.19341462898140546,0.16170665213331398
2024-11-28,9540000.0,-1.1,4.8,5.914436591060459,4.875637998970962,0.09000000000000001,0.07501409017736325,0.05830340400359117,0.08391279142545911
2024-11-29,8890000.0,-0.9,5.7,5.9378798626155085,6.153659745785326,0.010000000000000002,0.09785264052657945,0.08197115001782262,0.10235045811207714
2024-11-30,7460000.0,3.6,9.6,7.239434221657127,4.627216910011729,0.0,0.12310470371946951,0.10781118360643346,0.14411649387314718
2024-12-01,7500000.0,5.9,13.4,9.003553494097895,5.363501101384876,0.010000000000000002,0.15056953778885193,0.13380046138398186,0.17576798737496252
2024-12-02,9900000.0,-1.8,15.2,7.343396841793816,8.081167954095516,0.05,0.2694031104962422,0.24904613884758414,0.24264098444024612
2024-12-03,9950000.0,-0.8,4.9,3.862792250810074,4.9774008546892015,0.0,0.1578430213490307,0.14028823864573184,0.18070735574523691
2024-12-04,10710000.0,-0.2,6.2,4.86286020629666,4.675105312702665,0.0,0.12840271780439097,0.10886355151801055,0.15505866590236517
2024-12-05,9860000.0,0.3,7.9,6.078428662369511,8.257756439018344,0.06,0.16321759010071607,0.14454477711209107,0.1571857656999855
2024-12-06,8380000.000000001,-1.7,7.2,4.592724706503632,6.060875965571637,0.0,0.16644344140628162,0.15128753167952724,0.1847809222573415
2024-12-07,7320000.0,-3.3,5.0,4.525528815320599,5.653824542698678,0.0,0.1203802441100467,0.10802122775995324,0.13472910393602647
2024-12-08,10450000.0,-2.0,4.0,4.125922751466637,4.312949267352459,0.0,0.11097977041008285,0.09323699792802537,0.1375372954724859
2024-12-09,9050000.0,-1.2,5.6,4.916099246120569,2.1011036680648343,0.0,0.06490414520343142,0.04885133725841635,0.098517704391744
2024-12-10,10540000.0,-0.3,6.5,4.881055778502896,3.513811547447458,0.0,0.10068190992620822,0.08138628331516465,0.1388632754641222
2024-12-11,9070000.0,-3.2,5.9,4.435429369368579,3.1067601245744987,0.0,0.0836468504056325,0.06804637236133514,0.12175282324609134
2024-12-12,10300000.0,-1.3,4.7,3.805163953079283,3.262397433320042,0.0,0.10454180379342932,0.08659763100946165,0.14524874725071252
2024-12-13,3380000.0,-3.7,3.0,3.5660749938917187,4.070514228729594,0.010000000000000002,0.11661032851839585,0.11115949497373664,0.13420375386210337
2024-12-14,8680000.0,-1.7,3.0,4.355153789505876,7.2760441838541485,0.0,0.1474893976931921,0.1329438766031462,0.13924307478058767
2024-12-15,5110000.0,-2.5,5.6,4.614355513119326,5.956120084685214,0.06999999999999999,0.1375864562404588,0.12873255501127295,0.14819564501303964
2024-12-16,7570000.0,-3.2,5.2,4.756427136795952,4.821763545943658,0.05,0.09686527506169736,0.08401237671823564,0.11958003874708545
2024-12-17,10140000.0,-4.4,5.2,3.7869332141184704,4.615244809338995,0.0,0.11726098252321546,0.10042897116632665,0.15238287174855897
2024-12-18,8380000.000000001,-5.7,-0.4,2.8260988059101866,4.74693791673907,0.0,0.11024662243878842,0.09814451819164859,0.12371886553609343
2024-12-19,10650000.0,-3.9,3.2,2.920040919455259,2.104096693233018,0.0,0.07306562069666069,0.05589065701304512,0.1172684884941472
2024-12-20,5900000.0,0.2,5.6,5.617037409095596,5.9950294118716,0.15000000000000002,0.1182931485058821,0.10756656769168596,0.12444901886295208
2024-12-21,7990000.0,-6.3,3.8,3.4538434537205647,11.12507455013816,0.010000000000000002,0.22833609004943853,0.21590249439209566,0.18005731178226803
2024-12-22,10640000.0,-4.9,1.0,3.1552697535540357,4.89958220031643,0.0,0.111100246014013,0.0950083084959309,0.12970340074201706
2024-12-23,8160000.0,-3.9,5.5,4.623033078855382,5.109093962089276,0.0,0.10221491141028352,0.08846343511171233,0.1270442726974673
2024-12-24,10580000.0,-2.2,4.4,3.835721615188,2.574001644637831,0.0,0.0795273744277714,0.06149697809724771,0.12101441855893351
2024-12-25,6660000.0,0.8,6.1,5.46412314986205,6.384122683735459,0.0,0.14604366726802318,0.1337039556395069,0.1499214128203248
2024-12-26,7260000.0,-4.6,3.8,3.788146181085866,9.02696390724151,0.0,0.19058939004306022,0.1789042370509677,0.1653760238554809
2024-12-27,8970000.0,-5.5,1.2,3.5442879180413396,6.369157557894541,0.13,0.11609313635428989,0.1026386359559122,0.11846381942648551
2024-12-28,7220000.0,-4.4,-0.2,3.8100386162366378,5.656817567866861,0.0,0.09081087054232619,0.08004862286814393,0.09250170107730701
2024-12-29,5850000.0,-0.1,4.7,5.444015491749176,6.8121252827857015,0.0,0.12483858692665299,0.1144248971331225,0.12090081406916364
2024-12-30,7220000.0,-2.5,9.1,6.008703518533337,9.619582890541848,0.010000000000000002,0.15796180159931486,0.14465289677104726,0.15987508032126976
2024-12-31,10910000.0,-2.3,3.8,3.5879808738731755,6.195562098139896,0.0,0.16933353605856727,0.150982152201547,0.17865141279050906
2025-01-01,10410000.0,-2.6,7.8,4.89169768607181,4.504502878116204,0.0,0.11398583485916228,0.09525725331418014,0.15386738402106576
2025-01-02,10790000.0,-3.7,5.7,3.029656898286042,5.11208698725746,0.0,0.17148103460424702,0.1531609853141609,0.20745752222718722
2025-01-03,10170000.0,-3.5,3.1,3.710016487019414,5.827420002453322,0.020000000000000004,0.13877505474890023,0.1222781022024986,0.14905881865622334
2025-01-04,10510000.0,-2.2,5.7,3.8763910226659535,5.225821943648434,0.0,0.15518867794850116,0.13684540143061855,0.18178137650176696
2025-01-05,4680000.0,0.3,7.0,6.331957594643724,7.452632668776976,0.020000000000000004,0.12413048547202103,0.11540027032405378,0.12020121190425229
2025-01-06,10030000.0,-5.0,4.9,4.054502665177241,8.769563742777727,0.04000000000000001,0.17729984515869462,0.16093517942489838,0.16458534266815567
2025-01-07,7890000.0,-3.7,1.5,3.7088257460932694,6.665467049544709,0.08000000000000002,0.13997851018224222,0.1276263541611379,0.13225926422978154
2025-01-08,6810000.0,-9.1,2.3,3.135727400072079,8.856361472655049,0.020000000000000004,0.158462282254735,0.14877432888515355,0.1437562663174773
2025-01-09,8670000.0,-12.0,-5.7,1.2698231052761784,8.090147029600068,0.020000000000000004,0.179451357903528,0.16990734155286263,0.14061865422035408
2025-01-10,10120000.0,-8.8,-2.1,2.34038391859279,3.4270138175701352,0.0,0.08255279238412319,0.06941525671522016,0.10131083645952288
2025-01-11,5900000.0,-5.3,-0.8,3.077743976685527,3.190564829283637,0.0,0.08284990292203012,0.07432932833275505,0.09799824092144287
2025-01-12,10340000.0,-3.4,3.1,3.594923292272223,3.8939257438067654,0.0,0.11297727095805214,0.09617198480419052,0.13736167319527207
2025-01-13,9250000.0,-0.4,4.6,4.571183794996688,7.632214178867987,0.0,0.19118825952043833,0.1748392215725967,0.17225821029910102
2025-01-14,10580000.0,-4.8,8.3,4.23045992660037,8.84139634681413,0.0,0.26304461153901004,0.2445791628654422,0.2259485697222666
2025-01-15,10100000.0,-4.7,-0.9,2.813033288200132,7.246113932172313,0.0,0.17359360702758553,0.1588515279489522,0.14952766840050036
2025-01-16,7200000.0,-4.3,4.9,4.046778107506295,6.168624871626244,0.0,0.15075410938892594,0.13884783613148527,0.15646410798676022
2025-01-17,11860000.0,-3.9,5.1,3.4038741980467777,1.8437035036010514,0.0,0.08362749067581426,0.06379054365780185,0.12218075048155104
2025-01-18,11120000.0,-1.9,7.1,3.0888589897797165,1.8466965287692347,0.0,0.10346359216768793,0.08345765299571853,0.15213260149342805
2025-01-19,10180000.0,-0.4,8.1,5.369193724454273,3.4150417168974014,0.0,0.1165734521714243,0.09745497581504646,0.14779712884641352
2025-01-20,9470000.0,-2.2,7.2,5.220663093514123,3.1815857537790864,0.0,0.09743895891672924,0.08046142514974874,0.1256440606571958
2025-01-21,11820000.0,-1.4,7.2,5.2238879996041465,3.3372230625246297,0.0,0.10874619335013254,0.08725667043084465,0.13607858968320827
2025-01-22,8870000.0,-1.7,7.6,5.540113471554388,3.1845787789472695,0.0,0.09728084152520194,0.08112657510400058,0.12335730959173138
2025-01-23,12430000.0,-3.1,7.4,3.6333201575508194,2.86133206078345,0.0,0.1287618761048838,0.10675297890858508,0.1733106060975561
2025-01-24,12680000.0,-1.6,8.6,3.5158007770410795,4.294991116343358,0.0,0.19445254792643935,0.1709189043739388,0.23786755254938363
2025-01-25,11780000.0,-0.6,9.1,5.1885108333694445,8.332582068222932,0.0,0.2507223646599005,0.2283022295169618,0.23077229248095002
2025-01-26,7160000.0,0.9,7.2,5.474201602885302,4.7499309419072535,0.30000000000000004,0.1493080328451566,0.13577101167035827,0.16051825661102176
2025-01-27,6960000.0,-3.7,1.9,4.058369845553497,11.04725589576539,0.30000000000000004,0.20087856608626362,0.18989503191545284,0.13649448141992856
2025-01-28,10180000.0,-4.5,-0.2,4.316863060546356,11.172962952829097,0.09000000000000001,0.1255578805468551,0.1104150361856722,0.07825083938673387
2025-01-29,7930000.0,-8.3,-2.0,3.151146605238307,7.2820302341905165,0.0,0.10769001333379764,0.09725281249354126,0.08717552600531428
2025-01-30,13250000.0,-6.7,1.7,3.3371633199136275,2.6607993745151535,0.0,0.0942699418371656,0.07468382812592335,0.11041640050887214
2025-01-31,8400000.0,0.7,8.6,5.96503187667885,2.738618028887925,0.13,0.1134141003004809,0.09721566526130047,0.1363876079030804
2025-02-01,5420000.0,-1.8,6.3,6.469009455412401,3.0618647470517457,0.04000000000000001,0.06082319320907472,0.051192099927253154,0.07161823282173871
2025-02-02,11880000.0,-3.6,6.9,5.005461083876151,6.039924789394353,0.0,0.1555354081231113,0.13487621944583927,0.15559443460404906
2025-02-03,14100000.0,-8.2,-0.4,2.2832907726592717,12.594649907716272,0.0,0.30998580760848166,0.2907031337519827,0.1872273302171729
2025-02-04,8020000.0,-11.6,-4.7,2.256359834642392,9.760255073446475,0.0,0.14195222171686767,0.1328065253103726,0.09485186444507569
2025-02-05,11650000.0,-10.1,-3.3,1.6657606863546832,7.434674517767875,0.0,0.1996730753618612,0.1854118095642713,0.15620282327505214
2025-02-06,14440000.0,-7.2,0.5,2.8139647550989273,6.9917067928767125,0.45999999999999996,0.18839088020333147,0.1678040358241912,0.155376861393069
2025-02-07,13470000.0,-10.4,-6.1,2.2494806197944115,9.90990633185565,0.04000000000000001,0.15445369209917806,0.13916963765066245,0.09313926993224522
2025-02-08,9660000.0,-8.3,-4.3,2.70232888293374,6.018973613217068,0.0,0.11297908674614796,0.10092666472827017,0.0897038506001992
2025-02-09,9790000.0,-4.5,-0.4,3.1398326193927537,6.183589997467161,0.0,0.1677440522355933,0.15324212647583,0.14057374831073546
2025-02-10,9230000.0,-8.2,1.1,3.3220174565244935,4.630209935179912,0.0,0.11309392535668836,0.10004830960840075,0.11155793169056967
2025-02-11,15130000.0,-2.6,8.1,3.4639151017254557,3.1965508796200046,0.4,0.18900087750297173,0.16163704526361686,0.21892120431705075
2025-02-12,2800000.0,-5.3,3.4,4.411765559417658,8.206875011159223,0.27999999999999997,0.12640716815753916,0.12199729263549117,0.11277859110344983
2025-02-13,15650000.0,-1.1,5.4,3.7711959747761816,7.662144430549823,0.0,0.29897685842937416,0.2712665413640423,0.24298332480834722
2025-02-14,15020000.0,-2.9,8.6,4.971397308386138,3.8669885172931133,0.0,0.17451332039642914,0.14725346686736682,0.1848510853426953
2025-02-15,5630000.0,0.7,6.3,4.737164494477745,3.4509580189156037,0.0,0.14986978299395698,0.13942069677940036,0.1632772572330612
2025-02-16,14170000.0,-2.6,10.7,4.9698538445082,9.682436419073701,0.0,0.38484963092996244,0.35805918539268694,0.28281320797694365
2025-02-17,16350000.000000002,-4.5,3.8,2.6059388955828005,10.619253296715145,0.0,0.3964907045112894,0.37012350674348526,0.27041689587250606
2025-02-18,16430000.0,-4.9,2.5,2.5859949725928786,10.215194899010369,0.0,0.3608372239862051,0.33521829705605943,0.24343728274536058
2025-02-19,16360000.0,-4.9,1.5,2.6015916577736133,7.907572494340871,0.0,0.2881177416008309,0.2631197001753223,0.21509039846487318
2025-02-20,16710000.0,-4.9,2.8,2.391480098611292,7.5484094741588486,0.0,0.31181461139257516,0.2856019450180012,0.24540978272783823
2025-02-21,16790000.0,-4.5,3.0,2.597250872935485,7.742956110090778,0.010000000000000002,0.31381124845686925,0.2871568773842669,0.2422974727292389
2025-02-22,17170000.0,-5.4,2.9,2.451796054128978,6.749271754253848,0.0,0.2864754749630857,0.2597564715292212,0.23446684451944377
2025-02-23,14920000.0,-4.6,1.3,2.437001327561356,10.4456578369605,0.010000000000000002,0.36879936606645,0.3459550455931083,0.23812971992443507
2025-02-24,17420000.0,-2.9,4.5,3.081781680557309,6.713355452235645,0.0,0.30407518225351465,0.27471847672396676,0.24869414366120365
2025-02-25,14560000.0,-0.1,5.8,5.190114273235261,8.988054580055126,0.0,0.27721378323564816,0.2507887854072096,0.19227787832510476
2025-02-26,17690000.0,-3.5,9.0,3.7064452816622127,5.707698995725981,0.0,0.31062139272864275,0.2786275928400646,0.2805547044574476
2025-02-27,17510000.0,3.3,13.6,3.821026872287955,2.4662527385832242,0.0,0.26851567747420446,0.2306314973599705,0.309245253951156
2025-02-28,14720000.0,-0.3,14.6,7.265302278139475,2.9421437403244046,0.0,0.22798516404482952,0.19730804895888482,0.21957752497549654
2025-03-01,4090000.0,3.1,8.8,8.592055021683723,3.7412814602294056,0.25,0.0781524904939875,0.06993280350211377,0.07651825937524939
2025-03-02,7720000.0,1.3,16.4,8.629679840230281,15.120763149663167,2.94,0.5068734248273179,0.4899835941467421,0.3009319793419388
2025-03-03,14590000.0,1.2,6.0,5.183703144679202,18.35023730613319,0.24,0.5098649856668704,0.4826943771962965,0.23904312872946565
2025-03-04,5660000.0,1.6,3.9,6.098745322346872,10.822779008151626,0.51,0.18188879119539744,0.17165222209594277,0.11339148699801856
2025-03-05,4340000.0,-1.3,6.2,6.312862193984508,5.043247408389239,0.04000000000000001,0.09606416684806085,0.08829727084004098,0.09096701645931915
2025-03-06,15530000.0,-1.5,9.2,4.955981754298581,4.8427147221209434,0.0,0.2537072824492012,0.22454127676997254,0.2338056741831153
2025-03-07,17140000.0,2.1,10.5,5.288757528603216,2.8553460104470827,0.010000000000000002,0.25036078601409406,0.2155414487529017,0.24731360474641284
2025-03-08,10210000.0,-1.3,8.5,5.985013078445315,3.9597722975068033,0.03,0.16397805931334147,0.14496422021227495,0.15657406779635394
2025-03-09,19120000.0,-1.0,11.3,5.62908790086093,3.2594044081518585,0.0,0.25566545480723246,0.21819516995610275,0.24204217433224823
2025-03-10,16860000.0,-0.3,13.3,5.9054417679115705,2.020291988523879,0.0,0.23769024963696633,0.20323053222657675,0.23302879451900535
2025-03-11,19520000.0,3.0,14.5,6.539497037440632,2.7356250037197416,0.0,0.2905018822097459,0.24791399710777567,0.2888359143407028
2025-03-12,12960000.0,3.0,14.9,8.68512571982652,5.623894291016843,0.0,0.25818535346972066,0.22975319253180357,0.23860479782492225
2025-03-13,17050000.0,2.8,14.2,5.492721499315727,4.923526401661898,0.0,0.3683635726581181,0.3314228876459857,0.35862889348195004
2025-03-14,19810000.0,6.0,18.0,6.469009455412401,11.391453790106496,0.04000000000000001,0.7359363680797351,0.6889117023433929,0.5719646607163266
2025-03-15,13650000.0,4.2,12.3,6.8692696793121755,9.772227174119207,0.05,0.42615205348008134,0.3967852391458693,0.3145814523379157
2025-03-16,11230000.0,-2.2,6.9,3.9816445358501134,11.942170421052262,0.13999999999999999,0.42647985069699895,0.4064536026239042,0.27582904787901624
2025-03-17,20150000.0,-0.9,6.6,3.8418592079690943,9.119747687455199,0.13,0.44025783327948076,0.40368752378476663,0.2989738830210847
2025-03-18,17130000.0,-5.5,3.6,4.425671858054512,8.296665766204729,0.71,0.23041113985173567,0.20343215139006338,0.14619638244755473
2025-03-19,21390000.0,-0.5,6.6,4.297829847292951,7.183260403640459,0.0,0.37846111757935874,0.33936992736010524,0.27154711398320097
2025-03-20,20740000.0,5.9,13.3,7.6904381049107196,12.666482511752676,0.0,0.5862612070914222,0.5399511162597876,0.3614584496789227
2025-03-21,20950000.0,7.7,18.4,8.004715362662141,12.025975125761402,0.0,0.7482831261038434,0.6972989592449826,0.5449499945094531
2025-03-22,21010000.0,7.0,20.0,8.127842128500435,10.197236748001268,0.0,0.7614564434869218,0.709795291821265,0.5645575428061469
2025-03-23,20400000.0,11.5,23.2,8.75869330500883,8.039265601740949,0.0,0.7288308650487089,0.6744592528273761,0.6776015810480776
2025-03-24,20770000.0,8.0,20.7,11.18666446932511,10.816792957815256,0.0,0.6335332327701794,0.5814837850081566,0.45621780343189
2025-03-25,21100000.0,4.1,23.8,8.617122122743426,9.862017929164713,0.0,0.9412669198012871,0.8888560549980061,0.6479389840174397
2025-03-26,21330000.0,11.7,26.2,11.076590734328486,7.458618719113343,0.09000000000000001,0.8577033761579587,0.7991414382633526,0.6863668681759926
2025-03-27,8520000.0,3.4,19.6,9.429609699056746,8.173951734309206,0.12,0.4760357048499702,0.45605725109411815,0.35915151619146973
2025-03-28,20960000.0,-0.8,10.4,4.518431846368446,8.18592383498194,0.0,0.46402269739375707,0.4234063672200373,0.3458066613169253
2025-03-29,18910000.0,-2.7,7.3,3.5972400799858533,9.17960819081887,0.06,0.44833883082479487,0.41467680108194677,0.3090741167169037
2025-03-30,16329999.999999998,1.0,6.8,4.449401746083418,8.302651816541097,0.0,0.40602165256814926,0.3753017471765378,0.28343303523481705
2025-03-31,20560000.0,-0.1,12.8,6.169392916353908,4.561370356311692,0.0,0.3583336536240902,0.31650288481648053,0.2963003014984514
2025-04-01,22640000.0,0.9,15.8,6.265346222570128,2.7715413057379434,0.0,0.39551725484310435,0.3466714969506858,0.3391827735247776
2025-04-02,18330000.0,0.1,15.6,6.58686501947992,3.2713765088245923,0.27,0.36534307851922365,0.32635497144306835,0.3091545203865326
2025-04-03,18510000.0,4.1,15.9,7.5888747056689985,3.738288435061222,0.0,0.35622645110405526,0.31445418181319246,0.32891174535762324
2025-04-04,19700000.0,5.1,16.6,7.848499266664162,4.345872544202478,0.0,0.4030778914912796,0.3576309243527246,0.36364400553145465
2025-04-05,6460000.0,3.4,13.8,9.394341471719441,10.703058001424285,0.9900000000000001,0.23201187495227482,0.2179764027358992,0.18302700810083078
2025-04-06,23240000.0,4.2,16.2,6.490475740416605,8.251770388681976,0.0,0.6027391310537278,0.5500165304052651,0.47350199552875794
2025-04-07,23290000.0,10.2,19.9,7.672295190475373,11.55008412402022,0.0,0.9138557210113427,0.8546024736810699,0.6791491522165943
2025-04-08,23480000.0,4.1,18.7,7.5173739913276245,6.186583022635345,0.0,0.6296870199429256,0.5747654312944971,0.4720270275201065
2025-04-09,18500000.0,8.2,20.8,9.41060464448227,3.657476755520267,0.1,0.4433031891011613,0.39679016471878287,0.41861368818610734
2025-04-10,18440000.0,5.8,19.8,8.386467532396413,3.917869945152234,0.0,0.46540129142473097,0.42078617661026974,0.4105971027824709
2025-04-11,23560000.0,10.1,24.3,8.807190160373828,4.770882118084538,0.0,0.7116428020779313,0.649030210345316,0.6168289809695757
2025-04-12,12050000.0,1.3,24.6,7.6113414504774255,10.083501791610294,1.7100000000000002,0.8972681005952848,0.8680111198960466,0.6822614443486167
2025-04-13,20090000.0,2.9,9.5,5.432316289343085,13.058568808784718,0.15000000000000002,0.6161755374784474,0.5754881666256828,0.3486364240682288
2025-04-14,9790000.0,1.3,8.8,7.470775464503865,7.054560321408567,0.67,0.19688054248227913,0.1777559846728667,0.1396240808951735
2025-04-15,22320000.0,4.7,13.8,7.742810094788384,9.287357096873476,0.0,0.5307669837848593,0.48139726864490495,0.3544890038575586
2025-04-16,21420000.0,13.1,22.4,11.249994953126073,9.598631714364563,0.0,0.7837523688034774,0.7262257087636048,0.6226876549574397
2025-04-17,22030000.0,16.2,26.9,16.212209827680688,12.597642932884453,0.0,0.9276331460150331,0.8644377359983919,0.7007085737249599
2025-04-18,22750000.0,15.9,25.9,16.107481316633358,9.661485242896418,0.0,0.7905627941519578,0.7259824912342742,0.6193699280189467
2025-04-19,16190000.000000002,12.5,26.4,16.30433679798853,11.155004801819997,0.54,0.7318742888190104,0.687029615534155,0.531136434019364
2025-04-20,19150000.0,12.2,25.6,14.060358040746396,5.405403453739445,0.0,0.5938220874280615,0.5412924221772933,0.513455547388735
2025-04-21,18930000.0,15.7,28.3,15.299113699424968,5.082156735575625,0.22999999999999998,0.6364480818306454,0.5817597330388422,0.5996630232085597
2025-04-22,3650000.0,11.3,17.7,17.37633578586389,6.057882940403454,2.29,0.06706421786386776,0.05788732386410119,0.0522980424694839
2025-04-23,20510000.0,9.9,23.3,13.37273302891287,5.363501101384876,0.0,0.5403654218937272,0.486495673390142,0.44233112241272315
2025-04-24,23020000.0,7.0,20.6,8.335144290542226,7.87165619232267,0.0,0.7615413233556595,0.7045528910766198,0.5682333406409381
2025-04-25,25890000.0,5.4,17.4,5.169303732591735,8.221840137000141,0.0,0.7625223705703151,0.7019636001227931,0.6104962973422263
2025-04-26,25310000.0,11.3,21.2,5.324738835197049,10.095473892283028,0.0,1.0531781960201079,0.9871652655085296,0.8564738263965067
2025-04-27,21120000.0,9.7,23.9,5.596432516537418,7.970426022872726,0.0,1.067522192198797,1.0118304640334084,0.8328292768413789
2025-04-28,25550000.0,6.0,22.6,6.091350509523406,7.572353675504317,0.0,1.071649616466898,1.0076917354688735,0.7313359466773315
2025-04-29,25840000.0,10.9,21.4,6.104296639920869,6.78518805627205,0.0,0.8198545959868822,0.752595435311765,0.7355531215384561
2025-04-30,25460000.0,11.7,27.2,7.688168171694734,7.488548970795177,0.0,1.216295028080976,1.1457733862136243,0.9029616600895329
2025-05-01,10100000.0,7.0,22.9,12.609166141977097,9.972759860387503,0.79,0.5760639314965996,0.5504227128492872,0.4088885931858213
2025-05-02,23360000.0,10.3,19.6,7.738243546114674,6.692404276058361,0.27999999999999997,0.7018969536205144,0.6425921152441563,0.5957471199820062
2025-05-03,12330000.0,6.9,15.8,10.093355514537436,7.120406875108605,0.49000000000000005,0.34959251014960757,0.32078751950430756,0.2762750849584842
2025-05-04,26510000.0,5.5,20.4,7.022818725722589,8.16197963363647,0.0,0.9334913542736979,0.8691259967353737,0.6266866034627223
2025-05-05,8220000.000000001,10.4,17.0,8.664927343906461,4.911554300989163,0.09000000000000001,0.36519209750884113,0.3448883451803015,0.36149841485602974
2025-05-06,13780000.0,7.8,18.7,9.118992773493732,5.150996314443846,0.0,0.4200345720321829,0.38634423901801285,0.3912195432779029
2025-05-07,24280000.0,8.8,22.1,9.555343643743083,4.289005066006991,0.0,0.6187782394017363,0.5564833075751572,0.5274028506530289
2025-05-08,23080000.0,12.1,26.2,11.574657782618921,4.983386905025569,0.43,0.748560706135809,0.684968107736559,0.6341725677679004
2025-05-09,5110000.0,11.9,19.3,15.664730630176148,14.004364761930711,1.1800000000000002,0.26227640007677766,0.24912471190955351,0.18998209938482194
2025-05-10,7430000.0,10.8,13.5,12.789264098207319,12.507852177838949,0.2,0.23991471931453828,0.2222134669733229,0.13501574766687358
2025-05-11,21960000.0,10.4,20.0,12.262493754097038,7.8686631671544855,0.25,0.5860723802346218,0.5300249734923416,0.4291509263683914
2025-05-12,26730000.0,13.0,22.8,11.927572007450951,6.476906463949148,0.0,0.7403710043451378,0.6683807229537824,0.5995792448566512
2025-05-13,23310000.0,10.4,24.9,12.068664398768062,6.925860239176677,0.0,0.8029867381029746,0.7405024853729957,0.6067252679097365
2025-05-14,24980000.0,18.3,27.3,14.435420990078995,8.260749464186528,0.2,0.9424571217614399,0.8694028713533772,0.7994425105945956
2025-05-15,12020000.0,18.6,23.5,21.142648080679525,7.9135585446772385,0.34,0.3982173859003092,0.3640126901672701,0.295035861757293
2025-05-16,7870000.0,14.5,26.0,19.738366222380158,6.007001512544333,3.66,0.29337560931551687,0.2712750164531955,0.2919472765685421
2025-05-17,22670000.0,10.7,25.2,16.142324679094994,9.242461719350723,0.08000000000000002,0.7039848078218434,0.642871890501121,0.477057457903055
2025-05-18,24670000.0,10.4,21.6,9.732734509524738,4.728979765729969,0.0,0.6257768549264737,0.5617585889276443,0.5479308890954873
2025-05-19,17720000.0,19.1,22.3,18.02378745291342,13.947497283735226,0.010000000000000002,0.7580596529333976,0.7079231261305694,0.4788964276403952
2025-05-20,23430000.0,20.1,30.3,23.673876975032684,7.503514096636096,0.0,0.7728031255797879,0.7019069516611931,0.6115144401849641
2025-05-21,17090000.0,19.5,31.2,22.0311183960175,3.525783648120192,0.06999999999999999,0.5415166471632094,0.48970066245850663,0.50886380039884
2025-05-22,11940000.0,15.1,24.7,16.637121549826418,9.110768611950649,0.29,0.5318860725587735,0.4985549170728141,0.4530492519667925
2025-05-23,12020000.0,15.6,24.3,9.833786448492983,11.978086723070465,0.0,0.9850745492807288,0.9514913512690779,0.8249990697961472
2025-05-24,12320000.0,11.6,21.5,12.49034306378964,6.063868990739821,0.08000000000000002,0.442778866598401,0.41045239974690195,0.4043073117206271
2025-05-25,25190000.0,10.8,24.2,12.348366611742723,5.246773119825719,0.010000000000000002,0.6964315104882541,0.6291001329721299,0.5620968896002683
2025-05-26,26270000.0,13.0,27.1,10.77343866230185,5.258745220498453,0.0,0.8834303559889681,0.8099082041062255,0.7394284668544306
2025-05-27,26370000.0,13.7,27.7,13.291649538075806,5.911224707162461,0.0,0.8865564016702869,0.8119457802374097,0.7168533293094822
2025-05-28,24990000.0,13.7,27.7,13.822703854303802,4.324921368025193,0.0,0.7532580777931633,0.682551994000687,0.6366103898910657
2025-05-29,23810000.0,13.9,27.5,14.44332732445683,3.7053651582112033,0.09000000000000001,0.6757958788046515,0.6084284576322281,0.5848071879295726
2025-05-30,27470000.0,12.7,27.9,10.945761323914455,5.0731776600710745,0.0,0.9462045398158138,0.868998099426315,0.7590351742239918
2025-05-31,23060000.0,13.9,27.8,14.149428345360436,3.3462021380291804,0.0,0.6602207906314626,0.5948141018541155,0.5769600354143583
2025-06-01,25690000.0,17.7,29.7,14.710396546236282,3.5676860004747613,0.020000000000000004,0.7360650182416241,0.6599342841573783,0.6930330590698135
2025-06-02,6930000.0,16.5,21.6,15.7285369509343,2.2657200523149283,0.1,0.24064642481378992,0.22158599658985006,0.24348645468728866
2025-06-03,25730000.0,14.5,26.9,12.74668592239065,10.074522716105744,0.0,1.0400116641208135,0.9672118427530496,0.8184839881301655
2025-06-04,27950000.0,13.3,27.6,10.104902299032156,10.484567164146886,0.0,1.3891097878493601,1.3103564916456842,0.9669772614245513
2025-06-05,25240000.0,19.1,28.3,9.713192108887592,7.305974435535983,0.0,1.0460169551291665,0.971219768352741,0.9901731798274216
2025-06-06,19500000.0,17.7,29.7,11.13937270083113,8.434344923941172,0.0,1.0044812473200873,0.9466941973145289,0.973354494109363
2025-06-07,24800000.0,20.5,31.3,18.31880680794151,6.710362427067462,0.020000000000000004,0.9179948791224349,0.8422564928374193,0.827237668365202
2025-06-08,20920000.0,21.2,32.5,20.933703494029995,6.273380752512667,0.010000000000000002,0.810728629361647,0.7460638866327741,0.754699146564931
2025-06-09,24550000.0,18.7,33.0,18.539148080808197,4.459607500593451,0.0,0.8766256923877546,0.8016995299717005,0.7541667010975412
2025-06-10,23360000.0,15.6,29.5,16.529988165320542,7.443653593272425,0.0,0.9185456557887195,0.8504862996324251,0.7276026370411053
2025-06-11,26690000.0,17.3,30.5,12.224876354153924,5.590971014166825,0.0,0.9850554750737276,0.9057344133344826,0.8870910591410761
2025-06-12,24780000.0,19.2,33.4,13.19272866580908,4.294991116343358,0.0,0.9581446893219798,0.8820768544889,0.8747830446755916
2025-06-13,7220000.0,18.8,25.1,19.619083529826465,4.609258759002628,8.63,0.3190675025272766,0.29822532653336487,0.3176391061622346
2025-06-14,13080000.0,19.3,27.4,24.197081153262165,5.046240433557422,0.06999999999999999,0.40285437743126024,0.3642889030643274,0.3336402417155324
2025-06-15,22060000.0,22.0,31.3,26.378940283526447,8.380470470913869,0.6200000000000001,0.790786705939074,0.7227681830648829,0.6142466660258398
2025-06-16,15750000.0,20.2,27.5,24.409176106431545,11.331593286742825,0.78,0.5991555197676203,0.5523808666417732,0.420061775047308
2025-06-17,21480000.0,19.9,28.4,24.61027749757304,7.156323177126808,0.04000000000000001,0.6496549151009282,0.5855910519205215,0.47606659086016523
2025-06-18,26160000.0,18.8,29.3,21.956803035353662,3.896918768974949,0.0,0.7064219204760898,0.6285101332196847,0.5746426294133041
2025-06-19,19660000.0,24.3,32.4,25.190095336615876,6.7672299052629485,0.21000000000000002,0.794922451671112,0.7330489938986675,0.700184855382121
2025-06-20,4630000.0,21.2,25.5,27.93194140756737,15.411086590976968,8.41,0.1620374043313236,0.14838616990327322,0.1021485917988411
2025-06-21,3510000.0,16.8,22.4,22.91650490373455,3.630539529006615,5.210000000000001,0.07437869839972151,0.06463090888445203,0.07716697281869016
2025-06-22,26550000.0,16.4,27.7,20.12646542627338,4.184249185120567,0.0,0.6760077410045663,0.5992457409765463,0.538196545120381
2025-06-23,26780000.0,21.0,29.7,21.54355353666678,4.196221285793301,0.0,0.7764013180920603,0.6952057610182196,0.6456221813624833
2025-06-24,9790000.0,19.3,25.1,21.968221872264778,9.748282972773739,2.7100000000000004,0.42934553271804343,0.4009746738052472,0.3347136533786702
2025-06-25,12380000.0,19.5,23.6,22.353767738346086,9.362182726078064,0.21000000000000002,0.4164778021344276,0.3809644487070095,0.28369269619675774
2025-06-26,17670000.0,19.5,27.4,22.563361173432913,5.686747819548697,0.020000000000000004,0.5492640692327435,0.4970892291515868,0.4427963692382523
2025-06-27,21920000.0,22.3,29.7,26.486351042239217,2.6278760976651343,0.0,0.601118710278697,0.5340889465257643,0.4837557872961266
2025-06-28,18320000.0,24.2,30.8,30.509825372744036,4.28002599050244,1.01,0.5651139229442648,0.5080337160290334,0.44234611883413183
2025-06-29,24800000.0,24.1,32.4,29.660542018616084,5.614915215512292,0.0,0.7947566626366098,0.7167972570542344,0.6150965566090514
2025-06-30,24410000.0,24.7,32.3,29.38697787197788,5.950134034348847,0.0,0.8105850224840869,0.7336294147384158,0.6326070270246433
2025-07-01,20800000.0,24.9,30.6,31.56003735667901,7.198225529481377,0.21000000000000002,0.6764016761106756,0.6114000638410697,0.4766817853450762
2025-07-02,21690000.0,23.9,32.3,30.101363257338228,6.800153182112968,0.0,0.7373810737661597,0.6693173231198559,0.5692100747997547
2025-07-03,24600000.0,23.4,32.2,27.609529778904292,8.284693665531996,0.010000000000000002,0.8837203238025818,0.8067976773105483,0.680098833341369
2025-07-04,18750000.0,24.2,30.9,27.707309298937364,9.826101627146512,0.010000000000000002,0.7782148703271385,0.7197597296857505,0.5978706210061753
2025-07-05,24740000.0,24.7,32.6,28.464663100563968,9.167636090146136,0.020000000000000004,0.9483282239314379,0.8701980989905774,0.7236450976102592
2025-07-06,21950000.0,24.7,33.2,29.49761573282362,6.82709040862662,0.0,0.7989952511031911,0.7294399420028753,0.6482439322448905
2025-07-07,21970000.0,26.1,36.6,29.159473192767365,4.393760946893415,0.0,0.8065152249007868,0.7350955229847,0.7338882061993702
2025-07-08,23840000.0,25.0,36.1,28.34314186421814,6.2165132743171805,0.1,0.9138443903184227,0.836978153782986,0.8117919826310238
2025-07-09,27200000.0,24.3,36.2,17.884998792376873,9.257426845191642,0.0,1.3293631820222236,1.2419395756993565,1.2645615558101733
2025-07-10,26700000.0,23.7,35.9,18.34317530080849,12.459963775148013,0.0,1.5469849387100696,1.4615805839984268,1.3475534200424721
2025-07-11,26820000.0,21.8,35.5,18.672464565724134,12.735322090620897,0.0,1.6829579764718414,1.5982591102263328,1.2690979997018415
2025-07-12,25840000.0,23.0,35.4,21.712550884280326,5.848371178630607,0.0,0.9898270897772005,0.9077157379820318,0.9125985133857618
2025-07-13,11290000.0,19.9,32.4,25.47470279484755,2.807457607756146,1.99,0.3877048052477158,0.3531140279436588,0.37759902878837653
2025-07-14,18300000.0,20.2,29.1,24.296689007175903,5.462270931934933,2.58,0.5710796968409504,0.5161186924952421,0.4674788716060469
2025-07-15,14260000.0,21.9,26.1,24.446772829241723,6.2614086518399334,0.4,0.47150353985681603,0.42906336408440354,0.3669097403091002
2025-07-16,6860000.0,22.2,25.6,26.5132633451751,8.150007532963738,3.58,0.2790623533698897,0.258674849303527,0.2197072524443317
2025-07-17,8450000.0,22.2,26.4,28.030716834316834,6.943818390185776,2.8000000000000003,0.2776231948040987,0.25236802095644023,0.20641378312150432
2025-07-18,15720000.0,23.3,30.3,28.709070605674178,4.947470603007366,2.2600000000000002,0.5138778015494688,0.46531672332397217,0.419704688006302
2025-07-19,9100000.0,23.2,28.1,29.11561800852297,7.763907286268061,3.17,0.3461127754414726,0.3184122969502025,0.2712987524859424
2025-07-20,22780000.0,23.7,32.5,28.860941466636714,4.621230859675362,0.06999999999999999,0.7177821023873308,0.6462979050741541,0.5824575211876359
2025-07-21,23190000.0,23.8,31.5,29.623444532439034,5.540089586307704,0.22000000000000003,0.7234476258361703,0.6510635414741908,0.5515642267774701
2025-07-22,21990000.0,23.0,31.8,29.757185250632403,2.912213488642569,0.35000000000000003,0.6225414965786017,0.5541092626189672,0.4954133793617815
2025-07-23,23250000.0,23.4,32.5,29.59379569916341,2.9630949165016895,0.0,0.6700201906335574,0.597189674929881,0.5396155543475941
2025-07-24,24420000.0,22.8,34.4,29.431189486488943,3.0558786967153786,0.0,0.7196099584300462,0.6425344689100927,0.5988811609616349
2025-07-25,25700000.0,23.5,34.7,28.55789772080488,4.90856127582098,0.0,0.8354738505716666,0.7538983851470105,0.7030802834533006
2025-07-26,24370000.0,25.6,35.8,27.805391019702142,5.698719920221431,0.020000000000000004,0.909117634271268,0.8304198641269229,0.8094323314223496
2025-07-27,25510000.0,25.8,37.9,26.749766646155784,4.303970191847909,0.0,0.9156067922151271,0.8322664743837336,0.8513085013116408
2025-07-28,24160000.0,25.0,36.8,29.262026199800292,3.3192649115155284,0.03,0.7883534140124502,0.7101726765746234,0.6979069355992286
2025-07-29,25340000.0,25.2,38.4,27.938986704054404,4.199214310961485,0.020000000000000004,0.936290573857762,0.8535463052501114,0.8297095965995773
2025-07-30,25350000.0,24.8,37.6,23.017437009597767,5.285682447012104,0.0,1.0149218385740415,0.9326390666230095,0.950522880877364
2025-07-31,19520000.0,23.6,37.7,24.45931631341966,4.9744078295210175,0.0,0.890776123091887,0.8277730982341398,0.813265583043418
2025-08-01,25300000.0,25.2,36.8,26.419174647179496,3.519797597783825,0.0,0.8371958977195166,0.7552422752836032,0.7647892113011053
2025-08-02,22900000.0,26.5,36.3,27.505100464429006,2.915206513810753,0.010000000000000002,0.7560669236942659,0.6815866209106948,0.6839257914894379
2025-08-03,7960000.0,23.8,32.9,29.966273534703753,7.56636762516795,3.4600000000000004,0.4420959019087715,0.4170443900131125,0.4408755194554111
2025-08-04,22450000.0,24.2,31.7,31.077418274582808,7.76091426109988,0.08000000000000002,0.7412074242258664,0.6708829047614563,0.5346597980079315
2025-08-05,23410000.0,25.9,32.2,30.297430734194588,8.607940383695817,0.08000000000000002,0.8704083968331295,0.7961432805303124,0.6547946828625861
2025-08-06,15140000.0,24.4,30.5,31.69350472015361,8.416386772932071,0.76,0.5322198502185812,0.48507611792668526,0.38685763332265
2025-08-07,20770000.0,21.4,30.2,27.290372210020564,6.587648395171937,0.1,0.6366198086185786,0.573271437087089,0.4829810517633355
2025-08-08,19290000.0,22.5,30.0,26.392345787169262,2.9930251681835247,0.0,0.5476379423552863,0.4884606842521754,0.4550867643334163
2025-08-09,6370000.0,21.0,26.1,26.709092850146707,3.630539529006615,0.36000000000000004,0.19729184609966416,0.1784555838925391,0.17290741486927863
2025-08-10,21660000.0,21.4,30.5,25.513729763494084,3.645504654847533,0.0,0.6140899106062505,0.5478980583883164,0.50857445823317
2025-08-11,6800000.0,20.5,27.7,26.885736924958106,2.6967156765333553,0.7200000000000001,0.20933362424731575,0.18906700046048164,0.19438230525515565
2025-08-12,12770000.0,22.3,27.2,26.641423215403673,5.3485359755439585,0.7000000000000001,0.40105252019172966,0.36264723265045007,0.318188464885814
2025-08-13,16820000.0,24.1,30.4,30.547889346148576,9.984731961060238,0.1,0.6168232763932326,0.5645752396329861,0.43801500479670014
2025-08-14,18780000.0,24.9,30.1,31.263469492702793,6.740292678749297,0.37000000000000005,0.5998881121667285,0.5413746686149793,0.432452225436008
2025-08-15,20370000.0,24.0,31.3,31.442679329790337,3.238453231974574,0.1,0.5769072209109491,0.5133253408568946,0.44635793729763973
2025-08-16,22060000.0,24.1,32.4,29.59379569916341,5.0282822825483215,0.03,0.6974781172450675,0.6281319685697768,0.5611205231068307
2025-08-17,20810000.0,23.7,31.7,29.61602989537622,4.872644973802778,0.03,0.6414111684552223,0.5764170661258937,0.509778456722222
2025-08-18,22520000.0,25.4,33.0,29.898927244483914,7.503514096636096,0.010000000000000002,0.8233762781454427,0.7518148368750402,0.6564087739083121
2025-08-19,21070000.0,24.6,32.3,29.764630712286646,7.647179304708906,0.16000000000000003,0.7544893389739986,0.6881017222347219,0.5922119596352478
2025-08-20,22400000.0,24.1,33.5,28.45750222430451,5.845378153462424,0.13999999999999999,0.7661928951398109,0.6953317903267957,0.6460009689876463
2025-08-21,22550000.0,24.8,35.0,28.550716375694815,3.525783648120192,0.0,0.7193378373015709,0.6471300848829962,0.632828645243494
2025-08-22,23080000.0,23.9,34.6,28.52200675511096,4.9744078295210175,0.0,0.7659760132156717,0.6925943129539631,0.6638841486844022
2025-08-23,21270000.0,25.5,36.4,29.364893805570034,3.896918768974949,0.03,0.7309750428462395,0.6621109254295604,0.666260090414859
2025-08-24,22550000.0,25.1,36.4,28.428874441212706,5.638859416857761,0.010000000000000002,0.8399168686397129,0.7670587047267192,0.769637363810163
2025-08-25,21640000.0,24.1,36.0,28.37883630544453,9.27239197103256,0.9,0.9456090557119052,0.8762036666281723,0.8369531235625385
2025-08-26,8900000.0,22.1,28.5,29.240024099048117,6.123729494103491,0.9400000000000001,0.2918760819978996,0.2649097434842035,0.23707053614021145
2025-08-27,23010000.0,23.1,31.4,25.86732992342462,3.1516555020972516,0.0,0.6490540351225158,0.5775779753214889,0.5479170694756119
2025-08-28,20450000.0,24.7,31.8,29.02079585635578,7.482562920458811,0.04000000000000001,0.7329373877027151,0.6686523133414416,0.5834379493829563
2025-08-29,20600000.0,26.1,32.4,31.843256322224033,8.012328375227295,0.04000000000000001,0.7504827396960355,0.6849860748177342,0.5735991075014042
2025-08-30,20950000.0,24.3,32.5,30.131455242923007,4.312949267352459,0.06999999999999999,0.64190182266428,0.5759303725365371,0.5231999134101528
2025-08-31,19570000.0,24.3,32.8,28.65139878139347,6.877971836485741,0.21000000000000002,0.7143288753798078,0.6525965436472637,0.6025265923727685
2025-09-01,16290000.0,22.9,31.9,28.889948610042588,9.745289947605556,0.77,0.6509800175820053,0.6002860161630674,0.523315595613812
2025-09-02,14930000.0,20.1,29.5,23.017437009597767,2.663792399683337,0.0,0.42182694699803164,0.3768948002354881,0.38778218401227255
2025-09-03,18510000.0,23.9,33.2,26.15195493857601,4.893596149980063,0.06999999999999999,0.6518975892659258,0.5935089607340203,0.6014751297151755
2025-09-04,10420000.0,23.4,29.1,28.00952503960931,6.336234281044521,0.36000000000000004,0.39829343625087754,0.36632728646163876,0.34583382297544024
2025-09-05,20640000.0,24.8,34.3,26.49307688010238,5.513152359794052,0.06,0.7546250872212676,0.6887839366962809,0.6950247702623138
2025-09-06,18140000.0,23.9,31.6,29.144848397360473,11.187928078670016,0.73,0.7430333258411556,0.686344419756028,0.5618261935047537
2025-09-07,10490000.0,17.9,28.8,25.267438633076672,4.1094235559159795,0.17,0.2952741995735467,0.26434516088018845,0.27101399881854404
2025-09-08,8230000.0,20.7,25.5,22.698166229861844,1.7209894717055267,0.45,0.23469249696610622,0.21051597735030056,0.22134376135526218
2025-09-09,5880000.0,20.0,22.4,22.55167215941733,4.770882118084538,0.6000000000000001,0.19275609469500057,0.17598297221870668,0.16902621896280828
2025-09-10,18800000.0,19.3,28.8,21.945389391801605,4.9744078295210175,0.0,0.5463871156813588,0.49039546428914116,0.47880946828248183
2025-09-11,19800000.0,21.7,29.4,20.726568558553492,10.110439018123946,0.0,0.8533841404810332,0.7931921062950881,0.7132208040387132
2025-09-12,3840000.0,21.5,25.4,25.183659410286683,11.4992026961611,1.9800000000000002,0.26695800964970984,0.2556195045047386,0.23089722180323186
2025-09-13,13250000.0,21.2,28.8,26.138656157225054,6.357185457221806,0.18000000000000002,0.4339803653088373,0.3939955316269993,0.3645169726721015
2025-09-14,14850000.0,21.3,28.7,25.487705984720574,3.468916169924705,0.04000000000000001,0.41350981595448877,0.3686966249978627,0.35661122264189493
2025-09-15,13270000.0,22.6,29.4,26.30531627306802,2.984046092678974,0.020000000000000004,0.3891718317801774,0.3485931381213536,0.34749157571852196
2025-09-16,14860000.0,22.2,28.9,29.108314410002116,7.5484094741588486,2.29,0.44327184347088194,0.39809741781415753,0.3215249564494922
2025-09-17,6520000.0,19.5,27.2,26.112076316035463,5.860343279303341,3.5,0.21598466677434208,0.19676089820611564,0.19740785756027437
2025-09-18,12120000.0,19.1,25.1,19.474722280954957,8.775549793114093,0.17,0.5065341910956203,0.4714653704637734,0.4302711362049768
2025-09-19,9010000.0,18.3,24.3,20.084189129917736,8.23680526284106,4.720000000000001,0.37577300394699553,0.3500298991920999,0.32570707240258195
2025-09-20,13430000.0,16.0,23.5,19.90538111237382,4.681091363039032,0.11000000000000001,0.317911682509996,0.2805176443693679,0.2608192590156698
2025-09-21,16469999.999999998,17.7,25.6,17.851638763146827,8.09314005476825,0.020000000000000004,0.579271714162887,0.5319508077031136,0.4969707907197324
2025-09-22,8380000.000000001,18.3,23.3,16.994082852994723,9.170629115314318,0.0,0.47912987356980075,0.4553806043904173,0.42736439597946924
2025-09-23,18220000.0,18.9,25.7,17.94231455441175,8.877312648832335,0.0,0.6607669089412764,0.6078850959476854,0.5500030348933843
2025-09-24,9050000.0,21.8,28.2,26.519995151625295,6.369157557894541,1.46,0.3349259936387411,0.30761559780322145,0.3001138998010847
2025-09-25,5360000.0,17.5,24.2,24.17844447467893,2.2627270271467443,0.76,0.12243354157742195,0.10723059917297353,0.11271790657293854
2025-09-26,18400000.0,17.2,26.4,20.179420356759007,3.0648577722199293,0.020000000000000004,0.41628548944087707,0.36329425903945023,0.3658525147446441
2025-09-27,14830000.0,20.9,28.6,23.45528383651672,3.8610024669567466,0.45,0.4241758596997102,0.3795752007931184,0.38725785432988424
2025-09-28,6790000.0,18.1,23.6,21.82018150277292,5.109093962089276,1.7300000000000002,0.20788741441296105,0.18862846312075865,0.18822044689968492
2025-09-29,16579999.999999998,15.1,24.5,17.357742541059253,3.1127461749108654,0.0,0.3632761389968554,0.31707156649640356,0.33463012773602135
2025-09-30,12700000.0,14.1,23.7,17.205012638603993,1.7958151009101146,0.0,0.26010344810880687,0.22526654217226608,0.24782993020149952
2025-10-01,17750000.0,16.5,25.5,18.662560544957316,2.475231814087775,0.0,0.3757808652779152,0.32531168694467977,0.3406444103504004
2025-10-02,11190000.0,18.4,25.2,19.423390636126864,4.1124165810841635,0.9800000000000001,0.33340926096576917,0.30118252899881454,0.323639998538295
2025-10-03,5070000.0,18.3,21.4,20.195330606347547,11.029297744756288,0.9800000000000001,0.2587146158107439,0.24457356709140082,0.20248804031971418
2025-10-04,11300000.0,18.7,25.8,23.01148908325849,2.7356250037197416,0.13999999999999999,0.26803584122863716,0.23526385938888494,0.2392579629286998
2025-10-05,6870000.0,19.1,24.7,23.980432634612605,2.9960181933517083,0.38,0.17572359061161197,0.15590724880276005,0.16114389650501376
2025-10-06,3310000.0,18.5,22.4,21.98535986955693,11.307649085397356,2.0100000000000002,0.1782701274457839,0.1689437084678173,0.1498554377170693
2025-10-07,6560000.0,18.6,23.0,22.60431446739747,6.141687645112592,0.32000000000000006,0.18698245884818737,0.1683911455048991,0.15591469313029088
2025-10-08,8830000.0,19.2,25.2,21.888399004437172,6.94681141535396,0.04000000000000001,0.3187999618682952,0.29321112793571197,0.2885277698953056
2025-10-09,13340000.0,18.1,24.8,17.923191438406207,10.167306496319434,0.010000000000000002,0.5607932678281097,0.5225869407878909,0.47254952333865036
2025-10-10,12010000.0,17.8,26.7,20.275046718706957,3.9118838948158663,0.0,0.3302150875752183,0.2953839812127914,0.32641578400090987
2025-10-11,16200000.0,20.4,26.3,22.83367521022918,6.3122900796990535,0.05,0.4473830002212521,0.3996184218768857,0.36976218574358777
2025-10-12,6740000.0,18.9,24.2,20.764589625464993,5.546075636644072,0.06,0.257273585549983,0.23793917504103326,0.2540875149600951
2025-10-13,3280000.0,16.3,20.2,19.74876858198171,7.207204604985927,5.120000000000001,0.11096819584797694,0.10207667977286991,0.10229525594611288
2025-10-14,8070000.0,17.4,21.9,18.33829933096896,10.475588088642336,0.0,0.36219980229055,0.33976877372243797,0.2941863915951618
2025-10-15,12260000.0,17.6,24.9,19.69680475335256,7.695067707399842,3.8100000000000005,0.39489232405343927,0.35989158354559436,0.3487819387685578
2025-10-16,8060000.000000001,16.7,23.2,18.886517821705695,7.910565519509056,0.020000000000000004,0.3035927648440123,0.2810735821506757,0.27636614440856816
2025-10-17,13560000.0,16.8,25.2,19.310877970174225,5.740622272576,2.64,0.3619945202015046,0.3234389112889033,0.33580754764923393
2025-10-18,4830000.0,14.6,19.1,16.177234147238956,6.42003898575366,0.21000000000000002,0.18978724544731765,0.17703839836982843,0.18214252673106748
2025-10-19,12790000.0,6.0,22.6,11.474143222144496,6.617578646853773,0.0,0.44337976084231545,0.4113632716851831,0.3775431312518259
2025-10-20,13550000.0,8.3,15.7,10.270712711801316,6.255422601503567,0.0,0.28620996124395404,0.2540451848316656,0.25754970191590026
2025-10-21,8790000.0,7.3,14.9,10.543393698574706,4.962435728848284,0.0,0.18724858593643615,0.1668417901227879,0.1835968949793052
2025-10-22,10100000.0,11.5,19.2,13.491448484129858,8.308637866877465,0.0,0.30908343356827533,0.2832241754638008,0.27396381219801497
2025-10-23,13460000.0,10.1,20.8,13.42455761726848,3.0648577722199293,0.0,0.23197289648531996,0.19743872093401207,0.24258020512905104
2025-10-24,13820000.0,11.6,20.8,13.52127163600087,6.61458562168559,0.0,0.335527798662261,0.2995191827919482,0.3190535068924532
2025-10-25,12010000.0,10.9,19.2,11.937601703495107,4.54341220530259,0.09000000000000001,0.26939190315653405,0.23883666483808938,0.28094457707442977
2025-10-26,10590000.0,5.3,17.2,9.93007186848444,6.88695091199029,0.020000000000000004,0.2554604543424783,0.23078208004262168,0.26093155759471925
2025-10-27,14180000.0,4.0,12.1,6.052657661028766,6.749271754253848,0.0,0.32493243589293613,0.2945981974095204,0.3046495387697038
2025-10-28,15000000.0,2.6,13.4,6.600737671288653,3.483881295765623,0.0,0.21127742976632838,0.1792347967622281,0.23728302450182487
2025-10-29,14560000.0,3.0,16.2,7.878597749718114,4.483551701938921,0.0,0.25887794811384135,0.22636710324843143,0.26854670931676916
2025-10-30,10870000.0,5.7,16.9,9.305335966804783,2.1609641714285046,0.0,0.16209021008771765,0.1367276706105856,0.1930068759754878
2025-10-31,13920000.0,10.3,19.0,11.189823526418847,4.333900443529744,0.11000000000000001,0.2693850736634468,0.23427303289071827,0.289228766686758
2025-11-01,13560000.0,9.0,16.8,10.041538664708433,8.485226351800293,0.06,0.36084369239548997,0.32795882391579345,0.3226148452563986
2025-11-02,12740000.0,0.2,13.6,6.025153132190565,9.859024903996529,0.0,0.42021607170838066,0.3938618184792638,0.32457582778314426
2025-11-03,13770000.0,3.3,13.4,7.325978733581296,2.4842108895923256,0.0,0.16051855987547473,0.13080981048596046,0.18919277442349275
2025-11-04,12290000.0,3.8,16.6,9.470448744746651,2.60692492148785,0.0,0.15752608604902354,0.12964481401935024,0.18360515635315228
2025-11-05,13020000.0,4.0,17.8,9.473176880821907,2.936157689988037,0.0,0.1894087050604214,0.15933399765305498,0.21314207480939956
2025-11-06,12820000.0,5.4,17.8,10.335347683093891,2.9720739920062402,0.0,0.1713286407877898,0.14119281691199725,0.2009919280967159
2025-11-07,12790000.0,9.1,20.2,11.265876783176852,4.7948263194300065,0.0,0.2593620274794939,0.22710031760282737,0.29863814877734274
2025-11-08,4470000.0,9.2,17.8,12.878370365758368,2.7924924819152284,0.30000000000000004,0.10819356718442852,0.09720235595427688,0.1352165704398606
2025-11-09,11250000.0,6.0,17.5,8.584547441592676,8.500191477641211,0.0,0.3553208140625526,0.3287779195124112,0.35635386133807817
2025-11-10,13390000.0,3.0,12.6,5.25461267123427,5.438326730589464,0.0,0.2712824767824313,0.24284275444466105,0.3033318534950428
2025-11-11,12530000.0,1.6,13.6,6.7126515964312246,3.8400512907794626,0.0,0.1738712259184414,0.14741160010132165,0.21747634253968004
2025-11-12,12010000.0,4.1,15.4,7.302088401716876,1.574331238464534,0.0,0.12819627614186507,0.10127167253520782,0.1709367843169848
2025-11-13,11350000.0,2.7,17.0,8.494906666716975,3.501839446774724,0.0,0.1910391635678758,0.1655264968043165,0.21818356279680434
2025-11-14,12550000.0,3.4,14.4,7.431037028535613,2.939150715156221,0.0,0.15196960057385206,0.12447478795253444,0.19764395156173176
2025-11-15,12360000.0,3.3,15.8,7.24158678231589,2.687736601028805,0.0,0.16107599966507674,0.1335144799399053,0.21294387994815614
2025-11-16,10830000.0,3.6,17.2,8.146932261978902,7.4556256939451595,0.010000000000000002,0.33409021233431474,0.3093929133607835,0.31758322868994737
2025-11-17,7890000.0,-1.8,6.1,4.268070796133806,9.341231549900781,0.0,0.26106377326848496,0.24709352396206521,0.21389385600377234
2025-11-18,11200000.0,-0.4,5.9,4.731251447174238,4.408726072734332,0.0,0.14339144877993606,0.12313534031458415,0.16002055841313673
2025-11-19,11200000.0,1.5,8.7,5.405658766935346,3.618567428333882,0.0,0.14285440198258018,0.12094035461205936,0.1748753365663686
2025-11-20,9760000.0,2.1,13.1,7.213647529849264,7.596297876849786,0.0,0.22400259259717653,0.2033923812663634,0.23532579327873765
2025-11-21,11720000.0,3.6,11.5,5.712337821516262,5.156982364780213,0.0,0.2189495721020689,0.1942363673428948,0.25419060338290267
2025-11-22,11100000.0,5.8,13.7,7.804691707041793,6.369157557894541,0.0,0.2344445525543803,0.20956003131925166,0.25326745785904065
2025-11-23,9240000.0,7.5,14.7,9.113717368193653,7.204211579817744,0.0,0.2432529896584222,0.22180147733554278,0.2496005784696514
2025-11-24,10570000.0,7.1,17.1,10.782609324743786,7.431681492599692,0.34,0.2161555389095124,0.1910038803053543,0.23259082501377035
2025-11-25,8160000.0,3.6,10.6,7.557519612205313,6.904909062999391,0.26,0.16906773858720764,0.15208708801582993,0.1709836636945637
2025-11-26,8660000.0,2.0,10.7,6.799720050006077,4.303970191847909,0.0,0.13088227106406247,0.11326289081727747,0.1621183748610016
2025-11-27,6190000.0,0.3,10.4,6.730793270401487,11.397439840442862,0.6900000000000001,0.224381916263478,0.21217363234488817,0.1906047237901241
2025-11-28,11150000.0,-2.4,7.4,4.457803884165879,3.621560453502065,0.0,0.11723014944652148,0.09724076174833432,0.1579228389866805
2025-11-29,10890000.0,2.6,12.7,8.614612513879518,7.955460897031809,0.0,0.14868173590847256,0.12565192229603467,0.15904287542102363
2025-11-30,9870000.0,4.8,17.2,11.07032969820302,8.634877610209468,0.0,0.17345183537195594,0.1505954458719833,0.19294031187186456
2025-12-01,11120000.0,1.0,10.5,5.124731752364099,5.773545549426019,0.0,0.2049724688411791,0.1827631571353377,0.24098383733100057
2025-12-02,10700000.0,-6.6,5.0,2.8467393672061516,9.092810460941548,0.0,0.2553261688973955,0.2383733717799525,0.2299543391295308
2025-12-03,10690000.0,-5.9,-0.8,2.607679599403428,6.7193415025720125,0.0,0.15770590978803517,0.14246537194779907,0.14706800153704055
2025-12-04,10780000.0,-7.2,2.1,3.374201747577176,6.048903864898903,0.08000000000000002,0.11586671701603975,0.0999651814796263,0.12657544986018485
2025-12-05,11050000.0,-4.3,3.0,2.938384400843586,3.6484976800157165,0.0,0.11479405283895742,0.09718256972478753,0.15054238256548566
2025-12-06,9600000.0,0.5,9.1,7.085926862083298,8.95812432837329,0.0,0.13354698262749087,0.11494408331128336,0.13067556362193788
2025-12-07,9160000.0,2.0,13.8,8.016482528364422,9.38313390225535,0.010000000000000002,0.20629255711394592,0.18678113963485904,0.21774386767456141
2025-12-08,10860000.0,-1.9,7.4,3.5010679486268454,5.079163710407441,0.0,0.18118781187854277,0.1615466209916033,0.22319321467886932
2025-12-09,9200000.0,-1.1,7.1,4.81013245423368,3.2294741564700233,0.0,0.09850470895322543,0.08172036443084449,0.1384422493433614
2025-12-10,9300000.0,1.8,10.3,6.755049549400373,4.606265733834444,0.2,0.11967326211036382,0.10092513397064448,0.15455634240722524
2025-12-11,6710000.0,-3.1,11.0,5.194927225187806,7.53344434831793,0.020000000000000004,0.25547987679085005,0.24283591905090196,0.23075991988148797
2025-12-12,10280000.0,-1.0,7.8,5.7228202644381065,7.87165619232267,0.0,0.15180804550981514,0.13279361224360203,0.15671426070881422
2025-12-13,1690000.0,-2.1,5.7,6.3934064407472695,4.0585421280568585,0.9199999999999999,0.032878975094443284,0.029924043274321105,0.057038172171574274
2025-12-14,4980000.0,-2.9,3.8,4.946752754723943,6.497857640126432,0.010000000000000002,0.1004233003669619,0.09214096923196421,0.10196829333132436
2025-12-15,7900000.0,0.4,6.7,5.837475552291136,4.0615351532250425,0.0,0.09191006592389737,0.07722300920037586,0.11734743313705379
2025-12-16,4910000.0,4.0,9.9,8.527181256527244,5.665796643371412,0.03,0.09076364827910681,0.08059155321720987,0.10213517071338078
2025-12-17,9610000.0,-1.5,8.0,5.553720321706801,4.525454054293489,0.0,0.10084568870713428,0.0831615518022725,0.13634969882021208
2025-12-18,10420000.0,-1.2,7.4,4.307337134307638,2.909220463474386,0.0,0.09761466194608899,0.07853871988849183,0.14875492370495652
2025-12-19,8620000.0,1.9,14.4,7.742810094788384,5.049233458725605,0.020000000000000004,0.14848483679847918,0.12999213919091673,0.19731811035773206
2025-12-20,2920000.0,-2.1,12.5,7.724558158976435,8.464275175623008,0.17,0.12843588416568077,0.12270429354665402,0.14151547569338846
2025-12-21,9400000.0,-5.0,2.3,2.85805425369171,6.00400848737615,0.0,0.16123084873079818,0.14666195552388406,0.1709431109351869
2025-12-22,10550000.0,-3.7,6.5,3.4672781077413535,4.2471027136524215,0.0,0.1336438213500993,0.11546436036933638,0.18208787814065108
2025-12-23,3340000.0,-1.0,7.3,6.104296639920869,4.052556077720492,1.2400000000000002,0.07957635601048227,0.07345125118397094,0.10166540254141651
2025-12-24,6780000.0,-3.0,5.7,5.62392060652618,6.150666720617143,0.0,0.07987676035084924,0.06821510201123113,0.09389658666579008
2025-12-25,9900000.0,-9.7,2.8,2.4774633318099215,12.274396214720635,0.0,0.29373657057163416,0.2796831853312831,0.20534106863875556
2025-12-26,10780000.0,-9.4,-2.9,1.796248294706497,5.677768744044146,0.0,0.1313321023899123,0.11778676159087698,0.13571233337301697
2025-12-27,5260000.0,-4.2,2.4,4.838692905955602,5.288675472180288,0.010000000000000002,0.06312048334132744,0.054819708953617,0.07125569324071292
2025-12-28,6490000.0,2.6,7.4,6.484615064769875,7.126392925444971,0.0,0.14978679924203556,0.13712905799603775,0.1467655920137972
2025-12-29,7310000.0,-3.4,9.5,6.397264434919061,6.836069484131171,0.29,0.10068201515609106,0.08732266029387772,0.1243552401734536
2025-12-30,10750000.0,-5.4,4.1,3.074718784447794,6.132708569608042,0.0,0.16538541943632115,0.14825207613520563,0.18312129045126285
2025-12-31,10890000.0,-8.9,-2.0,1.8264546104009918,8.488219376968477,0.0,0.20162330893893024,0.18748617816478458,0.1664104189725195
